job_id,arrival_time,runtime,cpu_demand,mem_demand,priority,deadline_time,scenario_id
0,0.0,1115400.0,0.05,0.5,2,2007719.9999999998,azure_vm_real_slice
1,0.0,900.0,0.05,0.5,0,2070.0,azure_vm_real_slice
2,574800.0,600.0,0.05,0.5,0,576180.0,azure_vm_real_slice
3,0.0,2591400.0,0.30340053658063326,0.0625,0,5960220.0,azure_vm_real_slice
4,0.0,1500.0,0.13876299235807726,0.0625,0,3449.9999999999995,azure_vm_real_slice
5,837300.0,2100.0,0.05,0.5,0,842130.0,azure_vm_real_slice
6,864000.0,300.0,0.05,0.5,0,864690.0,azure_vm_real_slice
7,1856100.0,300.0,0.05,1.0,2,1856640.0,azure_vm_real_slice
8,0.0,2400.0,0.05,0.5,0,5520.0,azure_vm_real_slice
9,0.0,600.0,0.05,0.5,0,1380.0,azure_vm_real_slice
10,0.0,9600.0,0.13336170544247325,0.5,2,17280.0,azure_vm_real_slice
11,1140300.0,300.0,0.3169152250315868,0.125,0,1140990.0,azure_vm_real_slice
12,66300.0,15000.0,0.11269577499939927,0.125,0,100800.0,azure_vm_real_slice
13,0.0,300.0,0.05,0.05,0,690.0,azure_vm_real_slice
14,0.0,600.0,0.05,0.125,0,1380.0,azure_vm_real_slice
15,634500.0,265800.0,0.05,0.0625,0,1245840.0,azure_vm_real_slice
16,37500.0,300.0,0.05,0.5,0,38190.0,azure_vm_real_slice
17,0.0,600.0,0.05,0.5,0,1380.0,azure_vm_real_slice
18,0.0,2591400.0,0.05,0.125,0,5960220.0,azure_vm_real_slice
19,332400.0,900.0,0.05,0.5,0,334470.0,azure_vm_real_slice
20,0.0,2591400.0,0.05,0.5,0,5960220.0,azure_vm_real_slice
21,1053900.0,2100.0,0.30353540952923935,0.125,0,1058730.0,azure_vm_real_slice
22,0.0,901500.0,0.05,0.5,0,2073449.9999999998,azure_vm_real_slice
23,1293900.0,1200.0,0.2782667525676046,0.05,0,1296660.0,azure_vm_real_slice
24,1826100.0,600.0,0.0789318532758039,0.125,0,1827480.0,azure_vm_real_slice
25,354000.0,28500.0,0.07955675088472909,1.0,2,405300.0,azure_vm_real_slice
26,0.0,600.0,0.05,0.125,0,1380.0,azure_vm_real_slice
27,393600.0,3300.0,0.05,0.5,0,401190.0,azure_vm_real_slice
28,0.0,600.0,0.1588703809334572,0.125,0,1380.0,azure_vm_real_slice
29,1505400.0,300.0,0.05,0.5,0,1506090.0,azure_vm_real_slice
30,1593000.0,31500.0,0.45673030546812876,0.125,1,1657575.0,azure_vm_real_slice
31,0.0,2700.0,0.4917241389847261,0.05,1,5534.999999999999,azure_vm_real_slice
32,342900.0,600.0,0.05599669999577011,0.125,0,344280.0,azure_vm_real_slice
33,1875900.0,1500.0,0.3476910203264137,0.125,0,1879350.0,azure_vm_real_slice
34,325800.0,35700.0,0.38704557717570787,0.0625,1,398985.0,azure_vm_real_slice
35,0.0,600.0,0.05,0.5,0,1380.0,azure_vm_real_slice
36,0.0,8100.0,0.05,0.5,2,14579.999999999998,azure_vm_real_slice
37,1184700.0,52200.0,0.05,0.0625,0,1304760.0,azure_vm_real_slice
38,0.0,68100.0,0.14641874714816366,0.5,2,122579.99999999999,azure_vm_real_slice
39,0.0,44100.0,0.15442005262541442,0.125,0,101429.99999999999,azure_vm_real_slice
40,1206900.0,900.0,0.05,0.125,0,1208970.0,azure_vm_real_slice
41,1337400.0,300.0,0.05,0.05,0,1338090.0,azure_vm_real_slice
42,0.0,600.0,0.1090578536980913,0.125,0,1380.0,azure_vm_real_slice
43,1474500.0,1500.0,0.09136360458674565,0.125,0,1477950.0,azure_vm_real_slice
44,1916100.0,9000.0,0.05,0.5,0,1936800.0,azure_vm_real_slice
45,0.0,32100.0,0.7595179244649968,0.125,2,57779.99999999999,azure_vm_real_slice
46,0.0,600.0,0.13013629091864268,0.125,0,1380.0,azure_vm_real_slice
47,0.0,2591400.0,0.05,0.05,0,5960220.0,azure_vm_real_slice
48,1986000.0,3000.0,0.10797012505903769,0.05,0,1992900.0,azure_vm_real_slice
49,1848300.0,15900.0,0.08078733787110189,0.05,0,1884870.0,azure_vm_real_slice
50,289500.0,510000.0,0.5543211437850212,0.125,1,1335000.0,azure_vm_real_slice
51,988500.0,300.0,0.05,0.5,0,989190.0,azure_vm_real_slice
52,1654500.0,300.0,0.14917136908805034,0.125,0,1655190.0,azure_vm_real_slice
53,960900.0,1800.0,0.6242012130995247,0.5,2,964140.0,azure_vm_real_slice
54,1938300.0,300.0,0.05,0.5,0,1938990.0,azure_vm_real_slice
55,1714800.0,900.0,0.05,0.5,0,1716870.0,azure_vm_real_slice
56,566700.0,1500.0,0.05,0.5,0,570150.0,azure_vm_real_slice
57,1886400.0,300.0,0.05,0.5,0,1887090.0,azure_vm_real_slice
58,0.0,2591400.0,0.05,0.05,0,5960220.0,azure_vm_real_slice
59,1284900.0,300.0,0.05,0.0625,0,1285590.0,azure_vm_real_slice
60,0.0,300.0,0.09070295217456957,0.125,0,690.0,azure_vm_real_slice
61,0.0,2591400.0,0.05,0.0625,0,5960220.0,azure_vm_real_slice
62,0.0,300.0,0.1089489868984035,0.125,0,690.0,azure_vm_real_slice
63,1053000.0,19200.0,0.2223725568140442,0.5,0,1097160.0,azure_vm_real_slice
64,0.0,2591400.0,0.05,0.5,0,5960220.0,azure_vm_real_slice
65,0.0,2591400.0,0.05,0.05,0,5960220.0,azure_vm_real_slice
66,0.0,2100.0,0.05,0.5,0,4830.0,azure_vm_real_slice
67,558300.0,600.0,0.06848453604052096,0.125,0,559680.0,azure_vm_real_slice
68,211800.0,14100.0,0.7698097780942272,0.5,2,237180.0,azure_vm_real_slice
69,885300.0,300.0,0.05,0.5,0,885990.0,azure_vm_real_slice
70,1547700.0,14400.0,0.16604692026379858,0.5,2,1573620.0,azure_vm_real_slice
71,160200.0,300.0,0.09897843168203246,0.125,0,160890.0,azure_vm_real_slice
72,1927200.0,2400.0,0.14246944556231803,0.125,0,1932720.0,azure_vm_real_slice
73,1929300.0,2100.0,0.46227720234596953,0.5,1,1933605.0,azure_vm_real_slice
74,656100.0,1200.0,0.12109378149625655,0.125,0,658860.0,azure_vm_real_slice
75,0.0,443700.0,0.18592794723977743,0.5,0,1020509.9999999999,azure_vm_real_slice
76,0.0,1200.0,0.5164169748905492,0.0625,1,2460.0,azure_vm_real_slice
77,1596900.0,77700.0,0.23369300568240398,0.5,0,1775610.0,azure_vm_real_slice
78,682500.0,1800.0,0.05,0.5,0,686640.0,azure_vm_real_slice
79,947700.0,600.0,0.052049313721326124,0.125,0,949080.0,azure_vm_real_slice
80,660300.0,3600.0,0.6347754985487285,0.05,1,667680.0,azure_vm_real_slice
81,1615500.0,300.0,0.05,0.0625,0,1616190.0,azure_vm_real_slice
82,879300.0,600.0,0.05304848939820492,0.125,0,880680.0,azure_vm_real_slice
83,1530600.0,1500.0,0.4929732293426008,0.0625,1,1533675.0,azure_vm_real_slice
84,474000.0,123000.0,0.05,0.125,0,756900.0,azure_vm_real_slice
85,1777800.0,300.0,0.15657639360034,0.0625,0,1778490.0,azure_vm_real_slice
86,0.0,4500.0,0.30079327553142293,0.125,0,10350.0,azure_vm_real_slice
87,1261200.0,47400.0,0.10542283230092883,0.05,0,1370220.0,azure_vm_real_slice
88,1120200.0,1800.0,0.14711296591950998,0.125,0,1124340.0,azure_vm_real_slice
89,914700.0,600.0,0.05,0.5,0,916080.0,azure_vm_real_slice
90,0.0,2700.0,0.05,0.5,0,6209.999999999999,azure_vm_real_slice
91,2004900.0,600.0,0.21235371846918563,0.05,0,2006280.0,azure_vm_real_slice
92,538500.0,1494600.0,0.05,0.5,2,3228779.9999999995,azure_vm_real_slice
93,0.0,300.0,0.05,0.125,0,690.0,azure_vm_real_slice
94,444600.0,2400.0,0.05,0.5,0,450120.0,azure_vm_real_slice
95,724200.0,300.0,0.05,0.125,0,724890.0,azure_vm_real_slice
96,1854000.0,2400.0,0.24312954080402174,0.5,0,1859520.0,azure_vm_real_slice
97,1365600.0,1500.0,0.20218368103143608,0.5,2,1368300.0,azure_vm_real_slice
98,0.0,40200.0,0.05,1.0,2,72360.0,azure_vm_real_slice
99,123900.0,258000.0,0.054592863765766955,0.125,0,717300.0,azure_vm_real_slice
100,285000.0,1200.0,0.30379702658051666,0.0625,0,287760.0,azure_vm_real_slice
101,43800.0,7800.0,0.6252921484398983,0.125,1,59790.0,azure_vm_real_slice
102,1111800.0,251400.0,0.28777288617038294,0.125,0,1690020.0,azure_vm_real_slice
103,1949100.0,2700.0,0.2576617075912834,0.5,0,1955310.0,azure_vm_real_slice
104,0.0,1200.0,0.05,0.5,0,2760.0,azure_vm_real_slice
105,414600.0,900.0,0.08132982527680933,0.125,0,416670.0,azure_vm_real_slice
106,130200.0,215400.0,0.05,0.0625,0,625620.0,azure_vm_real_slice
107,0.0,397500.0,0.05,0.0625,0,914249.9999999999,azure_vm_real_slice
108,1103400.0,1800.0,0.11205548788004341,0.125,0,1107540.0,azure_vm_real_slice
109,1720200.0,300.0,0.05,0.5,0,1720890.0,azure_vm_real_slice
110,1938000.0,9900.0,0.07386718458443713,0.5,2,1955820.0,azure_vm_real_slice
111,0.0,38400.0,0.05416318866571296,0.125,0,88320.0,azure_vm_real_slice
112,481200.0,3600.0,0.05,0.5,2,487680.0,azure_vm_real_slice
113,1249200.0,300.0,0.05,0.5,0,1249890.0,azure_vm_real_slice
114,1581000.0,265800.0,0.10786330948238454,0.125,0,2192340.0,azure_vm_real_slice
115,939000.0,196800.0,0.05,0.5,2,1293240.0,azure_vm_real_slice
116,954300.0,3900.0,0.3645599910726983,0.05,1,962295.0,azure_vm_real_slice
117,0.0,300.0,0.09504049165950806,0.125,0,690.0,azure_vm_real_slice
118,748800.0,6000.0,0.05,0.5,0,762600.0,azure_vm_real_slice
119,457200.0,1800.0,0.05,0.0625,0,461340.0,azure_vm_real_slice
120,637800.0,14100.0,0.05,0.125,0,670230.0,azure_vm_real_slice
121,566400.0,600.0,0.05,0.0625,0,567780.0,azure_vm_real_slice
122,1184100.0,13200.0,0.7110461874610565,0.125,1,1211160.0,azure_vm_real_slice
123,0.0,406200.0,0.05,1.0,2,731159.9999999999,azure_vm_real_slice
124,1734300.0,2100.0,0.05,0.5,0,1739130.0,azure_vm_real_slice
125,41700.0,14100.0,0.4287214578278247,0.125,1,70605.0,azure_vm_real_slice
126,0.0,300.0,0.07640182500457836,0.125,0,690.0,azure_vm_real_slice
127,1369200.0,300.0,0.05,0.5,0,1369890.0,azure_vm_real_slice
128,0.0,8400.0,0.15258131234180167,0.05,0,19320.0,azure_vm_real_slice
129,0.0,2100.0,0.18249319746411227,0.0625,0,4830.0,azure_vm_real_slice
130,435600.0,300.0,0.44176314458787375,0.5,2,436140.0,azure_vm_real_slice
131,324600.0,1200.0,0.063215758131014,0.125,0,327360.0,azure_vm_real_slice
132,0.0,300.0,0.08069083014710636,0.125,0,690.0,azure_vm_real_slice
133,297600.0,300.0,0.05,0.0625,0,298290.0,azure_vm_real_slice
134,1979700.0,6900.0,0.05,0.5,0,1995570.0,azure_vm_real_slice
135,438600.0,300.0,0.05,0.125,0,439290.0,azure_vm_real_slice
136,804600.0,900.0,0.05,0.125,0,806670.0,azure_vm_real_slice
137,462300.0,35700.0,0.09860570386446316,0.5,2,526560.0,azure_vm_real_slice
138,0.0,300.0,0.05,0.5,0,690.0,azure_vm_real_slice
139,1244700.0,600.0,0.05,0.125,0,1246080.0,azure_vm_real_slice
140,1875900.0,600.0,0.34227447591429727,0.125,0,1877280.0,azure_vm_real_slice
141,1335000.0,4500.0,0.12328634519578323,0.5,0,1345350.0,azure_vm_real_slice
142,283800.0,600.0,0.2210358196079299,0.125,0,285180.0,azure_vm_real_slice
143,0.0,300.0,0.1610157369266279,0.05,0,690.0,azure_vm_real_slice
144,582300.0,54300.0,0.05,0.5,0,707190.0,azure_vm_real_slice
145,1029600.0,300.0,0.05,0.5,2,1030140.0,azure_vm_real_slice
146,893100.0,300.0,0.29376710743662754,0.0625,0,893790.0,azure_vm_real_slice
147,1902300.0,300.0,0.19187628625076567,0.125,0,1902990.0,azure_vm_real_slice
148,1847100.0,2700.0,0.6181989380410553,0.125,1,1852635.0,azure_vm_real_slice
149,102600.0,1200.0,0.05,0.5,0,105360.0,azure_vm_real_slice
150,0.0,15300.0,0.05,0.5,0,35190.0,azure_vm_real_slice
151,0.0,475800.0,0.05,0.125,0,1094340.0,azure_vm_real_slice
152,0.0,3000.0,0.1248438199817089,0.5,0,6899.999999999999,azure_vm_real_slice
153,576300.0,96900.0,0.05,0.5,0,799170.0,azure_vm_real_slice
154,216300.0,600.0,0.10585337968372162,0.05,0,217680.0,azure_vm_real_slice
155,92400.0,1800.0,0.05,0.125,0,96540.0,azure_vm_real_slice
156,0.0,2400.0,0.1958928088004804,0.0625,0,5520.0,azure_vm_real_slice
157,0.0,2591400.0,0.058787828314292565,0.0625,0,5960220.0,azure_vm_real_slice
158,1337100.0,300.0,0.05,0.5,2,1337640.0,azure_vm_real_slice
159,1950300.0,300.0,0.17836473577838138,0.125,0,1950990.0,azure_vm_real_slice
160,531600.0,2400.0,0.215292566398373,0.125,0,537120.0,azure_vm_real_slice
161,1005000.0,600.0,0.4258331586772702,0.125,1,1006230.0,azure_vm_real_slice
162,857700.0,300.0,0.06528705030109246,0.125,0,858390.0,azure_vm_real_slice
163,1884300.0,300.0,0.19249387377863805,0.125,0,1884990.0,azure_vm_real_slice
164,677400.0,21600.0,0.07448825494648581,0.125,0,727080.0,azure_vm_real_slice
165,1907700.0,2700.0,0.5643177495501799,0.5,2,1912560.0,azure_vm_real_slice
166,1348800.0,600.0,0.05,0.125,0,1350180.0,azure_vm_real_slice
167,925500.0,900.0,0.05,0.5,0,927570.0,azure_vm_real_slice
168,103200.0,6300.0,0.2304345490415254,0.5,0,117690.0,azure_vm_real_slice
169,1791900.0,74100.0,0.11187438532012203,0.05,0,1962330.0,azure_vm_real_slice
170,0.0,300.0,0.08931643409092274,0.5,0,690.0,azure_vm_real_slice
171,187500.0,3600.0,0.502663878480553,0.125,1,194880.0,azure_vm_real_slice
172,0.0,300.0,0.07496424680466732,0.5,0,690.0,azure_vm_real_slice
173,0.0,2700.0,0.05,0.5,0,6209.999999999999,azure_vm_real_slice
174,0.0,600.0,0.05,0.5,0,1380.0,azure_vm_real_slice
175,0.0,300.0,0.05,0.0625,0,690.0,azure_vm_real_slice
176,1985700.0,300.0,0.33560065936808897,0.125,0,1986390.0,azure_vm_real_slice
177,328500.0,600.0,0.05094553978217033,0.125,0,329880.0,azure_vm_real_slice
178,648900.0,900.0,0.057476813610114,0.0625,0,650970.0,azure_vm_real_slice
179,0.0,9000.0,0.22211781844467512,0.5,0,20700.0,azure_vm_real_slice
180,1305600.0,12000.0,0.05,0.0625,0,1333200.0,azure_vm_real_slice
181,847500.0,900.0,0.05888248448879553,0.5,0,849570.0,azure_vm_real_slice
182,1589100.0,1200.0,0.2629831516502001,0.0625,0,1591860.0,azure_vm_real_slice
183,220200.0,900.0,0.14400681857394956,0.125,0,222270.0,azure_vm_real_slice
184,0.0,253800.0,0.07242589826676844,0.0625,0,583740.0,azure_vm_real_slice
185,338100.0,600.0,0.05,0.125,0,339480.0,azure_vm_real_slice
186,44400.0,1200.0,0.05,0.5,2,46560.0,azure_vm_real_slice
187,1960500.0,3300.0,0.6174332429417456,0.125,1,1967265.0,azure_vm_real_slice
188,705000.0,600.0,0.17912134481890024,0.5,0,706380.0,azure_vm_real_slice
189,712200.0,5700.0,0.07919471065759506,0.125,0,725310.0,azure_vm_real_slice
190,587100.0,10200.0,0.05,0.125,0,610560.0,azure_vm_real_slice
191,536700.0,6000.0,0.4980235965892285,0.125,1,549000.0,azure_vm_real_slice
192,1561200.0,144900.0,0.08766878758266763,0.125,0,1894470.0,azure_vm_real_slice
193,0.0,300.0,0.05,0.5,2,540.0,azure_vm_real_slice
194,231600.0,900.0,0.29204498182170746,0.0625,0,233670.0,azure_vm_real_slice
195,1364400.0,600.0,0.05,0.0625,0,1365780.0,azure_vm_real_slice
196,0.0,2591400.0,0.05,0.05,0,5960220.0,azure_vm_real_slice
197,1810500.0,19800.0,0.05151512624902788,0.5,0,1856040.0,azure_vm_real_slice
198,385800.0,7200.0,0.12201287102280343,0.0625,0,402360.0,azure_vm_real_slice
199,0.0,300.0,0.08086712640359524,0.125,0,690.0,azure_vm_real_slice
200,0.0,300.0,0.9154295564140358,0.0625,2,540.0,azure_vm_real_slice
201,1462200.0,900.0,0.17149096680542264,0.125,0,1464270.0,azure_vm_real_slice
202,1735800.0,1200.0,0.05,0.0625,0,1738560.0,azure_vm_real_slice
203,228000.0,900.0,0.303031925910959,0.0625,0,230070.0,azure_vm_real_slice
204,789300.0,7200.0,0.05,0.5,2,802260.0,azure_vm_real_slice
205,435900.0,300.0,0.05,0.125,0,436590.0,azure_vm_real_slice
206,639000.0,119400.0,0.05,0.0625,0,913620.0,azure_vm_real_slice
207,1691400.0,300.0,0.05,0.5,0,1692090.0,azure_vm_real_slice
208,0.0,4500.0,0.08128710691451874,0.05,0,10350.0,azure_vm_real_slice
209,11700.0,600.0,0.05,0.125,0,13080.0,azure_vm_real_slice
210,0.0,4800.0,0.05,0.5,2,8640.0,azure_vm_real_slice
211,270600.0,900.0,0.11780443122609251,0.125,0,272670.0,azure_vm_real_slice
212,0.0,2591400.0,0.07075107749959307,0.125,0,5960220.0,azure_vm_real_slice
213,528000.0,300.0,0.6556152781862745,0.5,1,528615.0,azure_vm_real_slice
214,513600.0,300.0,0.24957551860466767,0.125,0,514290.0,azure_vm_real_slice
215,138000.0,300.0,0.05,0.125,0,138690.0,azure_vm_real_slice
216,1027500.0,2100.0,0.10482480463243245,0.125,0,1032330.0,azure_vm_real_slice
217,0.0,37500.0,0.43240643902216497,0.125,1,76875.0,azure_vm_real_slice
218,113100.0,1800.0,0.5442879741214397,0.125,1,116790.0,azure_vm_real_slice
219,155400.0,300.0,0.07720061802048393,0.125,0,156090.0,azure_vm_real_slice
220,0.0,70200.0,0.8157865045246947,0.125,2,126359.99999999999,azure_vm_real_slice
221,109500.0,3600.0,0.10080053318908655,0.5,0,117780.0,azure_vm_real_slice
222,1718700.0,54300.0,0.05,0.125,0,1843590.0,azure_vm_real_slice
223,810300.0,2400.0,0.19776455968616113,0.5,0,815820.0,azure_vm_real_slice
224,1144500.0,33000.0,0.21513947357270335,0.5,0,1220400.0,azure_vm_real_slice
225,1161000.0,1200.0,0.2796521367759298,0.0625,0,1163760.0,azure_vm_real_slice
226,365700.0,1800.0,0.05,0.5,0,369840.0,azure_vm_real_slice
227,934800.0,300.0,0.05,0.0625,0,935490.0,azure_vm_real_slice
228,7200.0,8100.0,0.3259043139791059,0.5,2,21780.0,azure_vm_real_slice
229,302400.0,300.0,0.05,0.5,0,303090.0,azure_vm_real_slice
230,1117800.0,4500.0,0.13970738694568482,0.05,0,1128150.0,azure_vm_real_slice
231,1945500.0,87600.0,0.05,0.5,2,2103180.0,azure_vm_real_slice
232,0.0,2100.0,0.05,0.5,0,4830.0,azure_vm_real_slice
233,0.0,2591400.0,0.05,0.05,0,5960220.0,azure_vm_real_slice
234,0.0,2700.0,0.05,0.5,0,6209.999999999999,azure_vm_real_slice
235,885000.0,300.0,0.3879388856460511,0.0625,1,885615.0,azure_vm_real_slice
236,339000.0,2100.0,0.46425542685091237,0.125,1,343305.0,azure_vm_real_slice
237,1569300.0,1500.0,0.22982630852840724,0.125,0,1572750.0,azure_vm_real_slice
238,78300.0,1800.0,0.18907006106589716,0.5,0,82440.0,azure_vm_real_slice
239,1054800.0,10200.0,0.05,0.0625,0,1078260.0,azure_vm_real_slice
240,124200.0,1200.0,0.05,0.125,0,126960.0,azure_vm_real_slice
241,1797900.0,1200.0,0.05,1.0,2,1800060.0,azure_vm_real_slice
242,1662000.0,300.0,0.17348839263515983,0.125,0,1662690.0,azure_vm_real_slice
243,969600.0,300.0,0.05,0.125,0,970290.0,azure_vm_real_slice
244,0.0,3900.0,0.07857752770433755,0.125,0,8970.0,azure_vm_real_slice
245,0.0,900.0,0.05,0.125,0,2070.0,azure_vm_real_slice
246,144300.0,600.0,0.08563921256714052,0.125,0,145680.0,azure_vm_real_slice
247,1723800.0,3900.0,0.05,0.5,0,1732770.0,azure_vm_real_slice
248,1732800.0,300.0,0.05,0.5,2,1733340.0,azure_vm_real_slice
249,1863000.0,600.0,0.05,0.5,0,1864380.0,azure_vm_real_slice
250,0.0,300.0,0.05,0.125,0,690.0,azure_vm_real_slice
251,1235700.0,600.0,0.05,0.125,0,1237080.0,azure_vm_real_slice
252,0.0,3300.0,0.466529626798174,0.05,1,6764.999999999999,azure_vm_real_slice
253,0.0,1200.0,0.1427269102319739,0.125,0,2760.0,azure_vm_real_slice
254,0.0,3600.0,0.05,0.125,0,8280.0,azure_vm_real_slice
255,659700.0,600.0,0.05,0.125,0,661080.0,azure_vm_real_slice
256,0.0,2591400.0,0.05,0.05,0,5960220.0,azure_vm_real_slice
257,0.0,2220600.0,0.05,0.125,0,5107380.0,azure_vm_real_slice
258,0.0,2591400.0,0.05,0.0625,0,5960220.0,azure_vm_real_slice
259,1491900.0,300.0,0.05,0.5,0,1492590.0,azure_vm_real_slice
260,0.0,1500.0,0.05,0.125,0,3449.9999999999995,azure_vm_real_slice
261,1555800.0,1800.0,0.380300865876025,0.05,1,1559490.0,azure_vm_real_slice
262,0.0,2591400.0,0.17485356064738236,0.0625,0,5960220.0,azure_vm_real_slice
263,1366800.0,21300.0,0.1971014098211354,0.0625,0,1415790.0,azure_vm_real_slice
264,1748700.0,17100.0,0.27612689710267835,0.5,0,1788030.0,azure_vm_real_slice
265,230700.0,900.0,0.26097638479834995,0.0625,0,232770.0,azure_vm_real_slice
266,51000.0,46200.0,0.05,0.125,0,157260.0,azure_vm_real_slice
267,0.0,8700.0,0.05,0.5,0,20010.0,azure_vm_real_slice
268,368400.0,600.0,0.0605972781207718,0.5,0,369780.0,azure_vm_real_slice
269,1636500.0,1500.0,0.23294925742878486,0.5,0,1639950.0,azure_vm_real_slice
270,339300.0,13800.0,0.09585910705124,0.5,2,364140.0,azure_vm_real_slice
271,1927200.0,600.0,0.28312287018913634,0.125,0,1928580.0,azure_vm_real_slice
272,1722000.0,2700.0,0.5323791296679883,0.0625,1,1727535.0,azure_vm_real_slice
273,0.0,300.0,0.05436905866769319,0.05,0,690.0,azure_vm_real_slice
274,1660800.0,300.0,0.09648959257531196,0.125,0,1661490.0,azure_vm_real_slice
275,1094700.0,1500.0,0.11801917855434545,0.125,0,1098150.0,azure_vm_real_slice
276,317400.0,300.0,0.11882897164843433,0.0625,0,318090.0,azure_vm_real_slice
277,0.0,893700.0,0.05,1.0,2,1608659.9999999998,azure_vm_real_slice
278,1168200.0,313200.0,0.3292256234526574,0.0625,0,1888560.0,azure_vm_real_slice
279,0.0,35700.0,0.38996443284178445,0.125,1,73185.0,azure_vm_real_slice
280,409200.0,51900.0,0.16743281661026466,0.0625,0,528570.0,azure_vm_real_slice
281,1737000.0,2700.0,0.2828095460438125,0.125,0,1743210.0,azure_vm_real_slice
282,1083000.0,14400.0,0.05,0.0625,0,1116120.0,azure_vm_real_slice
283,0.0,2591400.0,0.08981013631214667,0.05,0,5960220.0,azure_vm_real_slice
284,0.0,300.0,0.05,0.0625,0,690.0,azure_vm_real_slice
285,1086000.0,600.0,0.05,0.0625,0,1087380.0,azure_vm_real_slice
286,0.0,1200.0,0.05,0.5,0,2760.0,azure_vm_real_slice
287,0.0,364500.0,0.05,0.125,0,838349.9999999999,azure_vm_real_slice
288,0.0,1500.0,0.05,1.0,2,2699.9999999999995,azure_vm_real_slice
289,1594800.0,1800.0,0.05,0.5,0,1598940.0,azure_vm_real_slice
290,2028300.0,4800.0,0.1768226456420522,0.125,0,2039340.0,azure_vm_real_slice
291,1162500.0,36000.0,0.3967383478060398,0.125,1,1236300.0,azure_vm_real_slice
292,0.0,300.0,0.3555876997613613,0.0625,1,615.0,azure_vm_real_slice
293,0.0,300.0,0.05,0.125,0,690.0,azure_vm_real_slice
294,0.0,2590800.0,0.1651063836984891,0.05,0,5958840.0,azure_vm_real_slice
295,1129200.0,1800.0,0.4557711141179622,0.125,1,1132890.0,azure_vm_real_slice
296,708900.0,2400.0,0.05,0.125,0,714420.0,azure_vm_real_slice
297,627900.0,1500.0,0.23852658573359786,0.125,0,631350.0,azure_vm_real_slice
298,367800.0,5100.0,0.06672480661287106,1.0,2,376980.0,azure_vm_real_slice
299,869100.0,900.0,0.05,1.0,2,870720.0,azure_vm_real_slice
300,1067700.0,1800.0,0.07449004326542406,0.125,0,1071840.0,azure_vm_real_slice
301,546000.0,300.0,0.12286531018992068,0.05,0,546690.0,azure_vm_real_slice
302,1719000.0,300.0,0.05406350290221143,0.125,0,1719690.0,azure_vm_real_slice
303,801000.0,600.0,0.05,0.5,0,802380.0,azure_vm_real_slice
304,97200.0,513300.0,0.08492685102164119,0.0625,0,1277790.0,azure_vm_real_slice
305,149400.0,900.0,0.2137932688916333,0.05,0,151470.0,azure_vm_real_slice
306,320400.0,1500.0,0.6683141415809568,0.5,1,323475.0,azure_vm_real_slice
307,1541100.0,1800.0,0.4197529249307771,0.05,1,1544790.0,azure_vm_real_slice
308,379500.0,1800.0,0.05,0.5,0,383640.0,azure_vm_real_slice
309,0.0,2591400.0,0.09342209327282733,0.05,0,5960220.0,azure_vm_real_slice
310,0.0,900.0,0.1318789132477048,0.125,0,2070.0,azure_vm_real_slice
311,1762500.0,39300.0,0.4057517469262536,0.125,1,1843065.0,azure_vm_real_slice
312,1246800.0,7500.0,0.05,0.5,2,1260300.0,azure_vm_real_slice
313,0.0,47400.0,0.3023390965287758,0.125,0,109019.99999999999,azure_vm_real_slice
314,846300.0,36900.0,0.3070335505356413,0.0625,0,931170.0,azure_vm_real_slice
315,0.0,600.0,0.05,0.0625,0,1380.0,azure_vm_real_slice
316,0.0,300.0,0.07352888110617123,0.5,2,540.0,azure_vm_real_slice
317,0.0,300.0,0.05,0.5,0,690.0,azure_vm_real_slice
318,0.0,2591400.0,0.05,0.5,2,4664520.0,azure_vm_real_slice
319,797100.0,1200.0,0.2945089345221648,0.05,0,799860.0,azure_vm_real_slice
320,0.0,300.0,0.05,0.0625,0,690.0,azure_vm_real_slice
321,519900.0,300.0,0.05,0.5,0,520590.0,azure_vm_real_slice
322,537600.0,1200.0,0.05921436003773496,0.125,0,540360.0,azure_vm_real_slice
323,1346100.0,20400.0,0.09604733467718628,0.0625,0,1393020.0,azure_vm_real_slice
324,270900.0,14700.0,0.08729909419902687,0.125,0,304710.0,azure_vm_real_slice
325,640500.0,2700.0,0.05,0.5,0,646710.0,azure_vm_real_slice
326,0.0,2700.0,0.05,0.5,0,6209.999999999999,azure_vm_real_slice
327,894900.0,300.0,0.05,0.0625,0,895590.0,azure_vm_real_slice
328,807000.0,1200.0,0.3037138644083786,0.125,0,809760.0,azure_vm_real_slice
329,988200.0,3600.0,0.06724211348590287,0.0625,0,996480.0,azure_vm_real_slice
330,522600.0,1200.0,0.10476567713976608,0.125,0,525360.0,azure_vm_real_slice
331,0.0,2311500.0,0.05,0.5,2,4160699.9999999995,azure_vm_real_slice
332,0.0,3900.0,0.6340157028886283,0.05,1,7994.999999999999,azure_vm_real_slice
333,1388100.0,6000.0,0.0962219408359546,0.5,2,1398900.0,azure_vm_real_slice
334,70500.0,58800.0,0.3416908100020796,0.0625,0,205740.0,azure_vm_real_slice
335,0.0,485100.0,0.05,0.125,0,1115730.0,azure_vm_real_slice
336,912300.0,5400.0,0.05,0.5,0,924720.0,azure_vm_real_slice
337,127500.0,600.0,0.05,0.5,0,128880.0,azure_vm_real_slice
338,208800.0,1200.0,0.263310054325907,0.5,0,211560.0,azure_vm_real_slice
339,777900.0,1500.0,0.05,0.5,0,781350.0,azure_vm_real_slice
340,0.0,600.0,0.06768995864607041,0.125,0,1380.0,azure_vm_real_slice
341,123300.0,15300.0,0.4802584978981085,0.0625,1,154665.0,azure_vm_real_slice
342,0.0,2591400.0,0.05194038857976602,0.0625,0,5960220.0,azure_vm_real_slice
343,1349700.0,19200.0,0.29391868048841857,0.05,0,1393860.0,azure_vm_real_slice
344,627600.0,300.0,0.05,0.125,0,628290.0,azure_vm_real_slice
345,0.0,3900.0,0.056394988805351695,0.5,2,7019.999999999999,azure_vm_real_slice
346,688500.0,600.0,0.05,0.125,0,689880.0,azure_vm_real_slice
347,456600.0,300.0,0.05,0.0625,0,457290.0,azure_vm_real_slice
348,1288500.0,2100.0,0.05,0.125,0,1293330.0,azure_vm_real_slice
349,1070700.0,2700.0,0.05,0.125,0,1076910.0,azure_vm_real_slice
350,1527900.0,300.0,0.23642786117012504,0.125,0,1528590.0,azure_vm_real_slice
351,1825200.0,2700.0,0.05,0.5,0,1831410.0,azure_vm_real_slice
352,492300.0,600.0,0.05,1.0,2,493380.0,azure_vm_real_slice
353,127200.0,769500.0,0.3275619094379419,0.0625,0,1897049.9999999998,azure_vm_real_slice
354,1495800.0,1500.0,0.1531029525188797,0.5,0,1499250.0,azure_vm_real_slice
355,1106400.0,300.0,0.05,0.125,0,1107090.0,azure_vm_real_slice
356,1091100.0,600.0,0.05,0.5,0,1092480.0,azure_vm_real_slice
357,144000.0,300.0,0.05,0.125,0,144690.0,azure_vm_real_slice
358,933000.0,900.0,0.10167184263885115,0.125,0,935070.0,azure_vm_real_slice
359,65100.0,2400.0,0.05,0.5,0,70620.0,azure_vm_real_slice
360,0.0,2591400.0,0.05,0.125,0,5960220.0,azure_vm_real_slice
361,1434600.0,300.0,0.05,0.5,0,1435290.0,azure_vm_real_slice
362,1124700.0,75300.0,0.2480074692080377,0.125,0,1297890.0,azure_vm_real_slice
363,0.0,900.0,0.05,0.5,2,1619.9999999999998,azure_vm_real_slice
364,999300.0,600.0,0.08044334419907369,0.125,0,1000680.0,azure_vm_real_slice
365,285300.0,2400.0,0.09292367833793783,0.5,0,290820.0,azure_vm_real_slice
366,1396200.0,1500.0,0.7308168008455591,0.5,1,1399275.0,azure_vm_real_slice
367,469200.0,29400.0,0.05,0.125,0,536820.0,azure_vm_real_slice
368,544500.0,3300.0,0.0876357710140613,0.0625,0,552090.0,azure_vm_real_slice
369,1256400.0,20100.0,0.23053565092519343,0.0625,0,1302630.0,azure_vm_real_slice
370,458400.0,30000.0,0.4134429815672449,0.125,1,519900.0,azure_vm_real_slice
371,0.0,300.0,0.05,0.125,0,690.0,azure_vm_real_slice
372,681000.0,300.0,0.05,0.5,0,681690.0,azure_vm_real_slice
373,694800.0,66300.0,0.3878466198961465,0.5,1,830715.0,azure_vm_real_slice
374,0.0,600.0,0.1339546906887304,0.125,0,1380.0,azure_vm_real_slice
375,948900.0,1800.0,0.05,0.0625,0,953040.0,azure_vm_real_slice
376,1117800.0,75300.0,0.12455554505588465,0.5,2,1253340.0,azure_vm_real_slice
377,0.0,2591400.0,0.05,0.05,0,5960220.0,azure_vm_real_slice
378,585900.0,300.0,0.05,1.0,2,586440.0,azure_vm_real_slice
379,0.0,1300800.0,0.05,0.5,0,2991840.0,azure_vm_real_slice
380,1335300.0,29400.0,0.3765611345142277,0.05,1,1395570.0,azure_vm_real_slice
381,396600.0,300.0,0.3273631335597398,0.0625,0,397290.0,azure_vm_real_slice
382,1325700.0,9000.0,0.2550297485926764,0.125,0,1346400.0,azure_vm_real_slice
383,990000.0,64500.0,0.05,0.05,0,1138350.0,azure_vm_real_slice
384,1790700.0,85500.0,0.05,0.125,0,1987350.0,azure_vm_real_slice
385,1794600.0,8100.0,0.7551547345260319,0.125,2,1809180.0,azure_vm_real_slice
386,0.0,4500.0,0.27380234800746295,0.5,0,10350.0,azure_vm_real_slice
387,0.0,2591400.0,0.13813314579883224,0.125,0,5960220.0,azure_vm_real_slice
388,1705500.0,7200.0,0.25002645365719806,0.0625,0,1722060.0,azure_vm_real_slice
389,155700.0,60600.0,0.05,0.125,0,295080.0,azure_vm_real_slice
390,0.0,44100.0,0.38232556890751906,0.125,1,90404.99999999999,azure_vm_real_slice
391,0.0,2591400.0,0.07956601156405407,0.5,2,4664520.0,azure_vm_real_slice
392,1254300.0,600.0,0.05,0.5,0,1255680.0,azure_vm_real_slice
393,320100.0,1200.0,0.10376876116464145,0.5,2,322260.0,azure_vm_real_slice
394,0.0,2591400.0,0.23036025252362463,0.5,0,5960220.0,azure_vm_real_slice
395,1235400.0,1200.0,0.22342671423283447,0.125,0,1238160.0,azure_vm_real_slice
396,904500.0,1800.0,0.17447060458446198,0.5,2,907740.0,azure_vm_real_slice
397,0.0,2591400.0,0.11568154181612768,0.05,0,5960220.0,azure_vm_real_slice
398,642600.0,300.0,0.05,0.05,0,643290.0,azure_vm_real_slice
399,1061700.0,4800.0,0.05,0.125,0,1072740.0,azure_vm_real_slice
400,854400.0,300.0,0.05,0.5,0,855090.0,azure_vm_real_slice
401,1466400.0,300.0,0.13249189608558076,0.125,0,1467090.0,azure_vm_real_slice
402,0.0,2591400.0,0.6320493436877402,0.0625,1,5312370.0,azure_vm_real_slice
403,0.0,669000.0,0.07503308328726663,0.5,2,1204199.9999999998,azure_vm_real_slice
404,1805700.0,2700.0,0.14301125546433838,0.5,0,1811910.0,azure_vm_real_slice
405,782700.0,3300.0,0.05,0.0625,0,790290.0,azure_vm_real_slice
406,0.0,300.0,0.05,0.125,0,690.0,azure_vm_real_slice
407,0.0,2591400.0,0.19066862568036305,0.5,0,5960220.0,azure_vm_real_slice
408,1402500.0,53100.0,0.4030837211336911,0.125,1,1511355.0,azure_vm_real_slice
409,0.0,900.0,0.05,0.0625,0,2070.0,azure_vm_real_slice
410,0.0,900.0,0.13021158681308495,0.125,0,2070.0,azure_vm_real_slice
411,1601700.0,300.0,0.1048365654682837,0.5,0,1602390.0,azure_vm_real_slice
412,1542900.0,300.0,0.21474848428017412,0.125,0,1543590.0,azure_vm_real_slice
413,0.0,2591400.0,0.11706704085724975,0.05,0,5960220.0,azure_vm_real_slice
414,0.0,3900.0,0.7033170270324693,0.125,1,7994.999999999999,azure_vm_real_slice
415,379200.0,600.0,0.06600589311980165,0.5,0,380580.0,azure_vm_real_slice
416,0.0,5100.0,0.2033221813060171,0.05,0,11730.0,azure_vm_real_slice
417,0.0,900.0,0.07766570055312283,0.125,0,2070.0,azure_vm_real_slice
418,26100.0,2007000.0,0.05,0.05,0,4642200.0,azure_vm_real_slice
419,1567500.0,4800.0,0.05,0.125,0,1578540.0,azure_vm_real_slice
420,1380300.0,652800.0,0.28454623443687266,0.5,0,2881740.0,azure_vm_real_slice
421,497100.0,7200.0,0.05,0.5,0,513660.0,azure_vm_real_slice
422,0.0,3000.0,0.23422120983239383,0.5,0,6899.999999999999,azure_vm_real_slice
423,1133100.0,7500.0,0.06460713726919112,0.05,0,1150350.0,azure_vm_real_slice
424,0.0,2591400.0,0.09815230419003992,0.05,0,5960220.0,azure_vm_real_slice
425,1249200.0,4200.0,0.05,0.125,0,1258860.0,azure_vm_real_slice
426,534000.0,900.0,0.05,0.5,0,536070.0,azure_vm_real_slice
427,1321500.0,711600.0,0.05,0.125,0,2958180.0,azure_vm_real_slice
428,1164000.0,300.0,0.05,0.125,0,1164690.0,azure_vm_real_slice
429,1821900.0,300.0,0.276767106966617,0.0625,0,1822590.0,azure_vm_real_slice
430,1540800.0,1800.0,0.4526134010562054,0.0625,1,1544490.0,azure_vm_real_slice
431,459000.0,300.0,0.05,0.5,0,459690.0,azure_vm_real_slice
432,920400.0,4800.0,0.46506775737038725,0.5,2,929040.0,azure_vm_real_slice
433,1223700.0,1500.0,0.05,0.0625,0,1227150.0,azure_vm_real_slice
434,1106100.0,600.0,0.12869821233556758,0.125,0,1107480.0,azure_vm_real_slice
435,0.0,2100.0,0.05,0.5,0,4830.0,azure_vm_real_slice
436,892500.0,228600.0,0.05,0.5,0,1418280.0,azure_vm_real_slice
437,0.0,2100.0,0.47169776148723913,0.125,1,4305.0,azure_vm_real_slice
438,882900.0,300.0,0.05,0.5,0,883590.0,azure_vm_real_slice
439,1295400.0,10500.0,0.2583177294362869,0.125,0,1319550.0,azure_vm_real_slice
440,0.0,300.0,0.05,0.5,0,690.0,azure_vm_real_slice
441,873600.0,900.0,0.2217451382056617,0.0625,0,875670.0,azure_vm_real_slice
442,1784400.0,600.0,0.2718781056762408,0.125,0,1785780.0,azure_vm_real_slice
443,573900.0,7500.0,0.6726353596739604,0.5,1,589275.0,azure_vm_real_slice
444,1950900.0,5100.0,0.12429883629808686,0.0625,0,1962630.0,azure_vm_real_slice
445,1505700.0,300.0,0.4823200872436459,0.5,1,1506315.0,azure_vm_real_slice
446,0.0,2591400.0,0.16729477005145796,0.05,0,5960220.0,azure_vm_real_slice
447,390300.0,2400.0,0.23126180039036356,0.125,0,395820.0,azure_vm_real_slice
448,211200.0,300.0,0.08514543054389546,0.125,0,211890.0,azure_vm_real_slice
449,599400.0,300.0,0.4474741320548332,0.0625,1,600015.0,azure_vm_real_slice
450,0.0,2306400.0,0.08467436176626507,0.0625,0,5304720.0,azure_vm_real_slice
451,45000.0,300.0,0.11524438078233032,0.0625,0,45690.0,azure_vm_real_slice
452,689400.0,36000.0,0.17089383259184018,1.0,2,754200.0,azure_vm_real_slice
453,1138200.0,2100.0,0.48229605320468444,0.125,1,1142505.0,azure_vm_real_slice
454,0.0,600.0,0.05,0.125,0,1380.0,azure_vm_real_slice
455,0.0,300.0,0.06840722813930983,0.125,0,690.0,azure_vm_real_slice
456,0.0,30600.0,0.36568516468006057,0.125,1,62729.99999999999,azure_vm_real_slice
457,997800.0,1500.0,0.05,0.0625,0,1001250.0,azure_vm_real_slice
458,567600.0,600.0,0.3123741394063734,0.125,0,568980.0,azure_vm_real_slice
459,741000.0,300.0,0.05,0.125,0,741690.0,azure_vm_real_slice
460,107700.0,15000.0,0.8013491988525057,0.5,2,134700.0,azure_vm_real_slice
461,1964100.0,48600.0,0.3402945062657273,0.0625,0,2075880.0,azure_vm_real_slice
462,126600.0,14100.0,0.05,0.125,0,159030.0,azure_vm_real_slice
463,1595100.0,900.0,0.13566726100273457,0.125,0,1597170.0,azure_vm_real_slice
464,0.0,600.0,0.05,0.125,0,1380.0,azure_vm_real_slice
465,1823700.0,300.0,0.05,0.125,0,1824390.0,azure_vm_real_slice
466,1969500.0,1800.0,0.1873633559649873,0.0625,0,1973640.0,azure_vm_real_slice
467,0.0,97200.0,0.05,0.05,0,223559.99999999997,azure_vm_real_slice
468,0.0,2591400.0,0.05,0.0625,0,5960220.0,azure_vm_real_slice
469,1793100.0,48300.0,0.19506388152703727,0.0625,0,1904190.0,azure_vm_real_slice
470,1163700.0,900.0,0.09809117654143645,0.125,0,1165770.0,azure_vm_real_slice
471,322800.0,3900.0,0.16314928772791848,0.5,2,329820.0,azure_vm_real_slice
472,969600.0,900.0,0.05,0.5,0,971670.0,azure_vm_real_slice
473,0.0,2569500.0,0.05,0.5,0,5909850.0,azure_vm_real_slice
474,1874700.0,31500.0,0.05,0.125,0,1947150.0,azure_vm_real_slice
475,32700.0,2400.0,0.05,0.5,0,38220.0,azure_vm_real_slice
476,0.0,2591400.0,0.05,0.0625,0,5960220.0,azure_vm_real_slice
477,144300.0,600.0,0.10681810307850023,0.125,0,145680.0,azure_vm_real_slice
478,33000.0,900.0,0.10532746356345703,0.125,0,35070.0,azure_vm_real_slice
479,400200.0,1200.0,0.06024422927105242,0.125,0,402960.0,azure_vm_real_slice
480,1684200.0,2100.0,0.07119073952762472,0.125,0,1689030.0,azure_vm_real_slice
481,1644600.0,300.0,0.05,0.125,0,1645290.0,azure_vm_real_slice
482,0.0,600.0,0.11058885818598287,0.125,0,1380.0,azure_vm_real_slice
483,0.0,2591400.0,0.05,0.125,0,5960220.0,azure_vm_real_slice
484,461400.0,900.0,0.17540133972220753,0.0625,0,463470.0,azure_vm_real_slice
485,1348500.0,1200.0,0.16356188928221843,1.0,2,1350660.0,azure_vm_real_slice
486,936000.0,1200.0,0.19741461871280286,0.125,0,938760.0,azure_vm_real_slice
487,381600.0,2700.0,0.05,0.5,0,387810.0,azure_vm_real_slice
488,306600.0,1500.0,0.08174512258452481,0.5,2,309300.0,azure_vm_real_slice
489,524400.0,900.0,0.05,0.5,2,526020.0,azure_vm_real_slice
490,1836300.0,300.0,0.31048066593329154,0.5,2,1836840.0,azure_vm_real_slice
491,0.0,2591400.0,0.05,0.05,0,5960220.0,azure_vm_real_slice
492,769500.0,3000.0,0.11252428652348456,0.125,0,776400.0,azure_vm_real_slice
493,159300.0,5400.0,0.5263452709592874,0.05,1,170370.0,azure_vm_real_slice
494,0.0,2700.0,0.05,0.5,0,6209.999999999999,azure_vm_real_slice
495,1884600.0,600.0,0.05,0.125,0,1885980.0,azure_vm_real_slice
496,1572000.0,900.0,0.40583397369217683,0.05,1,1573845.0,azure_vm_real_slice
497,383100.0,3000.0,0.3062996442078131,0.125,0,390000.0,azure_vm_real_slice
498,278100.0,600.0,0.05,0.125,0,279480.0,azure_vm_real_slice
499,99600.0,1500.0,0.09812053783272454,0.125,0,103050.0,azure_vm_real_slice
500,275100.0,300.0,0.05,0.05,0,275790.0,azure_vm_real_slice
501,506100.0,2700.0,0.31202715668192904,1.0,2,510960.0,azure_vm_real_slice
502,339300.0,66900.0,0.08171197018729183,0.5,2,459720.0,azure_vm_real_slice
503,429000.0,900.0,0.12018824746634633,0.125,0,431070.0,azure_vm_real_slice
504,114600.0,900.0,0.24331204626006234,0.5,0,116670.0,azure_vm_real_slice
505,2023800.0,2700.0,0.13778728722832181,0.0625,0,2030010.0,azure_vm_real_slice
506,0.0,7500.0,0.0612335177752847,0.0625,0,17250.0,azure_vm_real_slice
507,1085400.0,300.0,0.21401885735356793,0.125,0,1086090.0,azure_vm_real_slice
508,1204800.0,14700.0,0.05,0.5,0,1238610.0,azure_vm_real_slice
509,1289400.0,1500.0,0.09307840714048696,0.125,0,1292850.0,azure_vm_real_slice
510,1284900.0,600.0,0.05,0.125,0,1286280.0,azure_vm_real_slice
511,0.0,600.0,0.1205914173955866,0.5,0,1380.0,azure_vm_real_slice
512,1286400.0,300.0,0.9382601430111878,0.0625,2,1286940.0,azure_vm_real_slice
513,798300.0,43200.0,0.3673325331830188,0.125,1,886860.0,azure_vm_real_slice
514,930300.0,300.0,0.06475240297094803,0.125,0,930990.0,azure_vm_real_slice
515,507900.0,84900.0,0.05,0.0625,0,703170.0,azure_vm_real_slice
516,639900.0,1200.0,0.05,1.0,2,642060.0,azure_vm_real_slice
517,764100.0,600.0,0.05,0.125,0,765480.0,azure_vm_real_slice
518,0.0,10500.0,0.2618191180139521,0.125,0,24149.999999999996,azure_vm_real_slice
519,583800.0,900.0,0.1569840828570378,0.125,0,585870.0,azure_vm_real_slice
520,0.0,300.0,0.05,0.125,0,690.0,azure_vm_real_slice
521,929100.0,1104000.0,0.13032517415796144,0.05,0,3468300.0,azure_vm_real_slice
522,1051500.0,3900.0,0.375472599526047,0.125,1,1059495.0,azure_vm_real_slice
523,102000.0,1500.0,0.434700501493267,0.125,1,105075.0,azure_vm_real_slice
524,1765200.0,300.0,0.05,0.5,0,1765890.0,azure_vm_real_slice
525,303900.0,2100.0,0.05,0.5,0,308730.0,azure_vm_real_slice
526,531300.0,3600.0,0.05,0.0625,0,539580.0,azure_vm_real_slice
527,728700.0,300.0,0.25755974586848435,0.0625,0,729390.0,azure_vm_real_slice
528,0.0,2100.0,0.05,0.5,0,4830.0,azure_vm_real_slice
529,1379100.0,1500.0,0.2567254532501393,0.5,2,1381800.0,azure_vm_real_slice
530,1696500.0,900.0,0.05,0.125,0,1698570.0,azure_vm_real_slice
531,219600.0,18600.0,0.3875680841910219,0.125,1,257730.0,azure_vm_real_slice
532,1206900.0,300.0,0.05,0.0625,0,1207590.0,azure_vm_real_slice
533,743400.0,26400.0,0.3979990053535883,0.05,1,797520.0,azure_vm_real_slice
534,125100.0,900.0,0.05609062126706767,0.125,0,127170.0,azure_vm_real_slice
535,1556400.0,3900.0,0.7244319584169046,0.5,1,1564395.0,azure_vm_real_slice
536,1817700.0,82200.0,0.4137694518126135,0.125,1,1986210.0,azure_vm_real_slice
537,430800.0,1500.0,0.523466542703319,0.125,1,433875.0,azure_vm_real_slice
538,1267500.0,1200.0,0.16200209172725547,0.125,0,1270260.0,azure_vm_real_slice
539,0.0,300.0,0.07105702529344061,0.125,0,690.0,azure_vm_real_slice
540,493500.0,6300.0,0.5729440803664599,0.125,1,506415.0,azure_vm_real_slice
541,0.0,2591400.0,0.05,0.5,0,5960220.0,azure_vm_real_slice
542,1258200.0,300.0,0.05,0.125,0,1258890.0,azure_vm_real_slice
543,0.0,48300.0,0.4034132718899464,0.05,1,99014.99999999999,azure_vm_real_slice
544,1613100.0,8400.0,0.1158264270097295,0.5,2,1628220.0,azure_vm_real_slice
545,8400.0,10800.0,0.763316527841344,0.5,2,27839.999999999996,azure_vm_real_slice
546,1013700.0,53400.0,0.5097554425693004,0.125,1,1123170.0,azure_vm_real_slice
547,0.0,1800.0,0.5601357254658227,0.125,1,3689.9999999999995,azure_vm_real_slice
548,684900.0,600.0,0.05,0.125,0,686280.0,azure_vm_real_slice
549,0.0,900.0,0.1102667323009807,0.05,0,2070.0,azure_vm_real_slice
550,0.0,261000.0,0.11942518288295625,0.05,0,600300.0,azure_vm_real_slice
551,0.0,600.0,0.055135105124501295,0.125,0,1380.0,azure_vm_real_slice
552,932100.0,300.0,0.05140545947020497,0.125,0,932790.0,azure_vm_real_slice
553,1652400.0,1800.0,0.18210217427054995,0.0625,0,1656540.0,azure_vm_real_slice
554,1886400.0,600.0,0.20575553656438597,0.0625,0,1887780.0,azure_vm_real_slice
555,0.0,2591400.0,0.05,0.05,0,5960220.0,azure_vm_real_slice
556,757200.0,9000.0,0.05,0.5,0,777900.0,azure_vm_real_slice
557,0.0,4200.0,0.3668083258467458,0.05,1,8610.0,azure_vm_real_slice
558,0.0,900.0,0.05,0.0625,0,2070.0,azure_vm_real_slice
559,0.0,2591400.0,0.05,0.125,0,5960220.0,azure_vm_real_slice
560,1839300.0,193800.0,0.06321057135762985,0.05,0,2285040.0,azure_vm_real_slice
561,1777200.0,600.0,0.07649944983935444,0.125,0,1778580.0,azure_vm_real_slice
562,1020300.0,13200.0,0.10633703112685128,0.125,0,1050660.0,azure_vm_real_slice
563,987900.0,900.0,0.05,0.5,0,989970.0,azure_vm_real_slice
564,1231200.0,3600.0,0.23338484870053888,0.125,0,1239480.0,azure_vm_real_slice
565,0.0,129000.0,0.05,0.05,0,296700.0,azure_vm_real_slice
566,238800.0,300.0,0.05,0.5,0,239490.0,azure_vm_real_slice
567,0.0,11100.0,0.1599021774835202,0.5,2,19979.999999999996,azure_vm_real_slice
568,935400.0,13500.0,0.05,0.125,0,966450.0,azure_vm_real_slice
569,1099500.0,600.0,0.38628692032751333,0.05,1,1100730.0,azure_vm_real_slice
570,65100.0,32400.0,0.10050379888328993,0.125,0,139620.0,azure_vm_real_slice
571,299100.0,300.0,0.05,0.5,2,299640.0,azure_vm_real_slice
572,1314600.0,102600.0,0.05,0.5,0,1550580.0,azure_vm_real_slice
573,0.0,1500.0,0.16576969964400287,0.125,0,3449.9999999999995,azure_vm_real_slice
574,1707600.0,300.0,0.05,0.125,0,1708290.0,azure_vm_real_slice
575,0.0,600.0,0.41888615708783256,0.125,1,1230.0,azure_vm_real_slice
576,1399800.0,54000.0,0.44525918922771335,0.125,1,1510500.0,azure_vm_real_slice
577,1097100.0,1800.0,0.2826747419189523,1.0,2,1100340.0,azure_vm_real_slice
578,132300.0,600.0,0.05518124555047499,0.125,0,133680.0,azure_vm_real_slice
579,209700.0,300.0,0.29849117587254803,0.05,0,210390.0,azure_vm_real_slice
580,0.0,14700.0,0.2277075851493117,0.0625,0,33810.0,azure_vm_real_slice
581,1712400.0,16500.0,0.05,0.125,0,1750350.0,azure_vm_real_slice
582,974400.0,4200.0,0.16819083031218207,0.125,0,984060.0,azure_vm_real_slice
583,433800.0,15300.0,0.05,0.5,0,468990.0,azure_vm_real_slice
584,0.0,300.0,0.31738046636833633,0.0625,0,690.0,azure_vm_real_slice
585,946500.0,600.0,0.05,0.5,0,947880.0,azure_vm_real_slice
586,1905600.0,300.0,0.3669898863899796,0.125,1,1906215.0,azure_vm_real_slice
587,0.0,900.0,0.10957090395764288,0.125,0,2070.0,azure_vm_real_slice
588,1751400.0,3600.0,0.30140148865238264,0.5,2,1757880.0,azure_vm_real_slice
589,709800.0,49500.0,0.4325828521694416,0.0625,1,811275.0,azure_vm_real_slice
590,475800.0,600.0,0.1635698374718196,0.125,0,477180.0,azure_vm_real_slice
591,0.0,2591400.0,0.2496047790359783,0.0625,0,5960220.0,azure_vm_real_slice
592,1917300.0,600.0,0.31551382732094563,0.125,0,1918680.0,azure_vm_real_slice
593,1212600.0,77100.0,0.05,1.0,2,1351380.0,azure_vm_real_slice
594,368400.0,2400.0,0.16008226991716343,1.0,2,372720.0,azure_vm_real_slice
595,166500.0,600.0,0.08962413993697411,0.125,0,167880.0,azure_vm_real_slice
596,23100.0,1200.0,0.2138702817346189,0.0625,0,25860.0,azure_vm_real_slice
597,102000.0,2400.0,0.05,0.5,2,106320.0,azure_vm_real_slice
598,0.0,102300.0,0.05,0.05,0,235289.99999999997,azure_vm_real_slice
599,0.0,300.0,0.05,0.0625,0,690.0,azure_vm_real_slice
600,0.0,600.0,0.058894671072955436,0.125,0,1380.0,azure_vm_real_slice
601,278100.0,600.0,0.062293481083390646,0.125,0,279480.0,azure_vm_real_slice
602,1712400.0,20100.0,0.260814514519139,0.0625,0,1758630.0,azure_vm_real_slice
603,0.0,300.0,0.29443971702045674,0.5,0,690.0,azure_vm_real_slice
604,594900.0,1200.0,0.11198167471693023,0.125,0,597660.0,azure_vm_real_slice
605,1866600.0,300.0,0.05,0.05,0,1867290.0,azure_vm_real_slice
606,1882800.0,900.0,0.05,0.5,2,1884420.0,azure_vm_real_slice
607,1920000.0,3900.0,0.05,0.5,2,1927020.0,azure_vm_real_slice
608,367800.0,300.0,0.05,0.5,0,368490.0,azure_vm_real_slice
609,0.0,300.0,0.05,0.125,0,690.0,azure_vm_real_slice
610,1664700.0,1500.0,0.2931087688348421,0.5,0,1668150.0,azure_vm_real_slice
611,0.0,2591400.0,0.05,0.0625,0,5960220.0,azure_vm_real_slice
612,1346100.0,40800.0,0.4861087445790207,0.125,1,1429740.0,azure_vm_real_slice
613,0.0,2591400.0,0.05,0.5,0,5960220.0,azure_vm_real_slice
614,2003400.0,29700.0,0.5038419912416248,0.05,1,2064285.0,azure_vm_real_slice
615,500700.0,1500.0,0.05,0.5,0,504150.0,azure_vm_real_slice
616,0.0,2591400.0,0.05,0.05,0,5960220.0,azure_vm_real_slice
617,1287900.0,600.0,0.05,0.5,0,1289280.0,azure_vm_real_slice
618,0.0,1043100.0,0.2084962530628645,0.0625,0,2399130.0,azure_vm_real_slice
619,1663500.0,600.0,0.3073363793677217,0.05,0,1664880.0,azure_vm_real_slice
620,1214400.0,3000.0,0.05,0.5,0,1221300.0,azure_vm_real_slice
621,445800.0,1200.0,0.44994544999201125,0.125,1,448260.0,azure_vm_real_slice
622,348900.0,1200.0,0.05,0.5,0,351660.0,azure_vm_real_slice
623,0.0,868500.0,0.5343480522683844,0.0625,1,1780424.9999999998,azure_vm_real_slice
624,1254300.0,300.0,0.05,0.5,0,1254990.0,azure_vm_real_slice
625,0.0,300.0,0.05,0.125,0,690.0,azure_vm_real_slice
626,1949100.0,30900.0,0.4556785625554804,0.125,1,2012445.0,azure_vm_real_slice
627,1222200.0,59400.0,0.05,0.125,0,1358820.0,azure_vm_real_slice
628,1315500.0,9000.0,0.3470365403245063,0.5,2,1331700.0,azure_vm_real_slice
629,1191900.0,600.0,0.05,0.5,0,1193280.0,azure_vm_real_slice
630,24600.0,5400.0,0.24440114244238056,0.125,0,37020.0,azure_vm_real_slice
631,949200.0,300.0,0.05,0.125,0,949890.0,azure_vm_real_slice
632,673200.0,1500.0,0.38969250019385504,0.125,1,676275.0,azure_vm_real_slice
633,539400.0,300.0,0.07102101155457921,0.0625,0,540090.0,azure_vm_real_slice
634,20400.0,600.0,0.05,0.5,0,21780.0,azure_vm_real_slice
635,1425600.0,34800.0,0.3730629178605514,0.125,1,1496940.0,azure_vm_real_slice
636,0.0,2591400.0,0.05,0.0625,0,5960220.0,azure_vm_real_slice
637,1556700.0,1200.0,0.3409586704251653,0.05,0,1559460.0,azure_vm_real_slice
638,1724700.0,15600.0,0.05,0.125,0,1760580.0,azure_vm_real_slice
639,1738200.0,173100.0,0.05,0.125,0,2136330.0,azure_vm_real_slice
640,662400.0,900.0,0.05,0.5,0,664470.0,azure_vm_real_slice
641,0.0,1481700.0,0.05,0.5,0,3407909.9999999995,azure_vm_real_slice
642,1006500.0,300.0,0.05,1.0,2,1007040.0,azure_vm_real_slice
643,1992000.0,41100.0,0.28031668431495005,0.5,0,2086530.0,azure_vm_real_slice
644,0.0,300.0,0.11541594003503168,0.0625,0,690.0,azure_vm_real_slice
645,0.0,300.0,0.05,0.125,0,690.0,azure_vm_real_slice
646,453000.0,300.0,0.05,0.5,0,453690.0,azure_vm_real_slice
647,973800.0,12000.0,0.09801969233765126,1.0,2,995400.0,azure_vm_real_slice
648,1557900.0,1200.0,0.05,0.125,0,1560660.0,azure_vm_real_slice
649,668400.0,300.0,0.1831553251870454,0.05,0,669090.0,azure_vm_real_slice
650,431400.0,900.0,0.2902908525958723,0.125,0,433470.0,azure_vm_real_slice
651,0.0,1200.0,0.1317105239553951,0.125,0,2760.0,azure_vm_real_slice
652,1160700.0,300.0,0.05,0.5,0,1161390.0,azure_vm_real_slice
653,1609500.0,1500.0,0.14476865168603814,0.125,0,1612950.0,azure_vm_real_slice
654,839700.0,600.0,0.05,0.125,0,841080.0,azure_vm_real_slice
655,0.0,2400.0,0.6844239191928349,0.125,1,4920.0,azure_vm_real_slice
656,1939500.0,4200.0,0.05237486599872672,0.05,0,1949160.0,azure_vm_real_slice
657,1607400.0,300.0,0.05,0.5,0,1608090.0,azure_vm_real_slice
658,0.0,2591400.0,0.08838076398687274,0.125,0,5960220.0,azure_vm_real_slice
659,286200.0,9000.0,0.05,0.0625,0,306900.0,azure_vm_real_slice
660,0.0,900.0,0.22445705432494265,0.5,0,2070.0,azure_vm_real_slice
661,426600.0,4200.0,0.13258135511343097,0.125,0,436260.0,azure_vm_real_slice
662,0.0,2591400.0,0.05,0.05,0,5960220.0,azure_vm_real_slice
663,1028700.0,2400.0,0.2687067172351911,0.125,0,1034220.0,azure_vm_real_slice
664,777000.0,2400.0,0.3647875902223543,0.125,1,781920.0,azure_vm_real_slice
665,554400.0,600.0,0.10023125262569715,0.125,0,555780.0,azure_vm_real_slice
666,1620900.0,900.0,0.05719984329446065,0.5,0,1622970.0,azure_vm_real_slice
667,577800.0,900.0,0.05,0.5,0,579870.0,azure_vm_real_slice
668,0.0,2591400.0,0.05,0.125,0,5960220.0,azure_vm_real_slice
669,369300.0,295200.0,0.05,0.125,0,1048260.0,azure_vm_real_slice
670,1322400.0,900.0,0.05,0.0625,0,1324470.0,azure_vm_real_slice
671,746100.0,600.0,0.05,0.125,0,747480.0,azure_vm_real_slice
672,578100.0,9300.0,0.14423477499562748,0.125,0,599490.0,azure_vm_real_slice
673,1068000.0,300.0,0.05,0.5,0,1068690.0,azure_vm_real_slice
674,0.0,2400.0,0.05,0.5,0,5520.0,azure_vm_real_slice
675,1836600.0,1800.0,0.3029219922515654,0.5,0,1840740.0,azure_vm_real_slice
676,1199400.0,900.0,0.12088250282798585,0.125,0,1201470.0,azure_vm_real_slice
677,360600.0,29700.0,0.33987723509893136,0.5,0,428910.0,azure_vm_real_slice
678,0.0,10800.0,0.7620393860217041,0.5,2,19439.999999999996,azure_vm_real_slice
679,0.0,1200.0,0.255698415800092,0.125,0,2760.0,azure_vm_real_slice
680,44400.0,3300.0,0.05,0.0625,0,51990.0,azure_vm_real_slice
681,1467900.0,600.0,0.10175133723353047,0.125,0,1469280.0,azure_vm_real_slice
682,448800.0,39300.0,0.7467543798692076,0.5,1,529365.0,azure_vm_real_slice
683,1938900.0,9000.0,0.05,0.5,2,1955100.0,azure_vm_real_slice
684,268800.0,5100.0,0.08166864560436729,0.5,2,277980.0,azure_vm_real_slice
685,907200.0,3600.0,0.09997228102751343,0.5,0,915480.0,azure_vm_real_slice
686,1401300.0,2100.0,0.05,0.125,0,1406130.0,azure_vm_real_slice
687,524400.0,3000.0,0.5691126274865113,0.05,1,530550.0,azure_vm_real_slice
688,0.0,2591400.0,0.054479177871708355,0.05,0,5960220.0,azure_vm_real_slice
689,1633200.0,300.0,0.05,0.5,0,1633890.0,azure_vm_real_slice
690,375300.0,300.0,0.06136186793911572,0.125,0,375990.0,azure_vm_real_slice
691,0.0,2591400.0,0.10680804327144917,0.125,0,5960220.0,azure_vm_real_slice
692,1875600.0,157500.0,0.6949336405675743,0.0625,1,2198475.0,azure_vm_real_slice
693,498600.0,2100.0,0.05,0.5,0,503430.0,azure_vm_real_slice
694,203100.0,300.0,0.05,0.125,0,203790.0,azure_vm_real_slice
695,788100.0,2700.0,0.05,1.0,2,792960.0,azure_vm_real_slice
696,556200.0,900.0,0.5631689188476711,0.125,1,558045.0,azure_vm_real_slice
697,0.0,2400.0,0.05,0.5,0,5520.0,azure_vm_real_slice
698,0.0,2591400.0,0.48917610357886304,0.125,1,5312370.0,azure_vm_real_slice
699,385200.0,300.0,0.05,1.0,2,385740.0,azure_vm_real_slice
700,333600.0,300.0,0.1597734857378369,0.125,0,334290.0,azure_vm_real_slice
701,0.0,1200.0,0.10538652617400379,0.5,0,2760.0,azure_vm_real_slice
702,0.0,300.0,0.05,0.125,0,690.0,azure_vm_real_slice
703,0.0,2591400.0,0.16432550423879838,0.5,0,5960220.0,azure_vm_real_slice
704,934500.0,2700.0,0.5868488971638722,0.125,1,940035.0,azure_vm_real_slice
705,0.0,2245200.0,0.12445605150592702,0.05,0,5163960.0,azure_vm_real_slice
706,0.0,300.0,0.09216345857905693,0.5,0,690.0,azure_vm_real_slice
707,0.0,8100.0,0.3556415809270154,0.125,1,16605.0,azure_vm_real_slice
708,1247400.0,177600.0,0.257821892504279,0.5,0,1655880.0,azure_vm_real_slice
709,0.0,37800.0,0.0717401600882515,0.5,2,68040.0,azure_vm_real_slice
710,739500.0,900.0,0.051497833103299744,0.5,0,741570.0,azure_vm_real_slice
711,555600.0,78600.0,0.1876156928243473,0.0625,0,736380.0,azure_vm_real_slice
712,0.0,43200.0,0.39418997002980755,0.05,1,88559.99999999999,azure_vm_real_slice
713,1950300.0,300.0,0.28591225952990057,0.125,0,1950990.0,azure_vm_real_slice
714,1046100.0,43800.0,0.05,0.5,0,1146840.0,azure_vm_real_slice
715,1175700.0,300.0,0.05,0.5,0,1176390.0,azure_vm_real_slice
716,1108500.0,2400.0,0.5452785497869794,0.05,1,1113420.0,azure_vm_real_slice
717,1137900.0,300.0,0.05,0.0625,0,1138590.0,azure_vm_real_slice
718,1579500.0,300.0,0.05,0.125,0,1580190.0,azure_vm_real_slice
719,0.0,2591400.0,0.056661158300556125,0.0625,0,5960220.0,azure_vm_real_slice
720,0.0,300.0,0.30493666417748705,0.0625,0,690.0,azure_vm_real_slice
721,662100.0,4200.0,0.15010112562757993,0.5,2,669660.0,azure_vm_real_slice
722,0.0,300.0,0.07925601724100222,0.0625,0,690.0,azure_vm_real_slice
723,0.0,3900.0,0.20310958017596115,0.125,0,8970.0,azure_vm_real_slice
724,0.0,2591400.0,0.05,0.125,0,5960220.0,azure_vm_real_slice
725,0.0,2591400.0,0.05,0.0625,0,5960220.0,azure_vm_real_slice
726,1228500.0,600.0,0.12481790669487827,0.125,0,1229880.0,azure_vm_real_slice
727,564300.0,22800.0,0.6751402894165843,0.125,1,611040.0,azure_vm_real_slice
728,1212600.0,1200.0,0.05,0.5,0,1215360.0,azure_vm_real_slice
729,1013700.0,3300.0,0.5626675822869237,0.05,1,1020465.0,azure_vm_real_slice
730,1401000.0,1500.0,0.060785122733417574,0.125,0,1404450.0,azure_vm_real_slice
731,2017500.0,300.0,0.05,0.5,0,2018190.0,azure_vm_real_slice
732,71100.0,1200.0,0.05,0.125,0,73860.0,azure_vm_real_slice
733,464700.0,33300.0,0.09319087010674783,0.5,2,524640.0,azure_vm_real_slice
734,0.0,2400.0,0.05,0.5,0,5520.0,azure_vm_real_slice
735,841200.0,600.0,0.21415635646319217,0.05,0,842580.0,azure_vm_real_slice
736,1750500.0,600.0,0.05271783421989484,0.125,0,1751880.0,azure_vm_real_slice
737,375600.0,900.0,0.05,0.5,0,377670.0,azure_vm_real_slice
738,1380600.0,1200.0,0.07030465557994452,0.5,0,1383360.0,azure_vm_real_slice
739,356700.0,3300.0,0.07954554418508093,0.5,0,364290.0,azure_vm_real_slice
740,0.0,10500.0,0.05066598850349258,0.0625,0,24149.999999999996,azure_vm_real_slice
741,0.0,600.0,0.05,0.125,0,1380.0,azure_vm_real_slice
742,0.0,4500.0,0.6899904962211248,0.125,1,9225.0,azure_vm_real_slice
743,0.0,2591400.0,0.05542150213303135,0.05,0,5960220.0,azure_vm_real_slice
744,1185900.0,300.0,0.05,0.5,0,1186590.0,azure_vm_real_slice
745,1699800.0,600.0,0.05,0.5,0,1701180.0,azure_vm_real_slice
746,509100.0,300.0,0.05,0.5,0,509790.0,azure_vm_real_slice
747,1532100.0,1200.0,0.09710969725550565,0.125,0,1534860.0,azure_vm_real_slice
748,458400.0,3000.0,0.09839998927099232,0.125,0,465300.0,azure_vm_real_slice
749,797100.0,29100.0,0.05,0.125,0,864030.0,azure_vm_real_slice
750,1607100.0,600.0,0.16309996726143997,0.125,0,1608480.0,azure_vm_real_slice
751,1846500.0,2400.0,0.23920385891057086,0.0625,0,1852020.0,azure_vm_real_slice
752,1387800.0,3600.0,0.18146492671121986,0.125,0,1396080.0,azure_vm_real_slice
753,2100.0,300.0,0.05,0.0625,0,2790.0,azure_vm_real_slice
754,1505400.0,1500.0,0.4347825263089802,0.125,1,1508475.0,azure_vm_real_slice
755,2009700.0,300.0,0.05,0.5,0,2010390.0,azure_vm_real_slice
756,779700.0,300.0,0.05,0.0625,0,780390.0,azure_vm_real_slice
757,1656000.0,300.0,0.05,0.05,0,1656690.0,azure_vm_real_slice
758,313200.0,900.0,0.19414147508896845,0.5,2,314820.0,azure_vm_real_slice
759,1690800.0,600.0,0.05,1.0,2,1691880.0,azure_vm_real_slice
760,1572000.0,600.0,0.05,0.0625,0,1573380.0,azure_vm_real_slice
761,0.0,300.0,0.05,0.5,0,690.0,azure_vm_real_slice
762,682500.0,300.0,0.05,0.125,0,683190.0,azure_vm_real_slice
763,0.0,600.0,0.07545601609340834,0.125,0,1380.0,azure_vm_real_slice
764,685500.0,9900.0,0.05,0.125,0,708270.0,azure_vm_real_slice
765,1809000.0,1800.0,0.1882100828532132,0.125,0,1813140.0,azure_vm_real_slice
766,0.0,1800.0,0.05,0.5,0,4140.0,azure_vm_real_slice
767,1421100.0,300.0,0.5036144928485495,0.0625,1,1421715.0,azure_vm_real_slice
768,0.0,1200.0,0.11141835111470332,0.125,0,2760.0,azure_vm_real_slice
769,1269300.0,121200.0,0.12485913399800286,0.125,0,1548060.0,azure_vm_real_slice
770,252300.0,1200.0,0.05,1.0,2,254460.0,azure_vm_real_slice
771,1653300.0,1800.0,0.07433074246191403,0.125,0,1657440.0,azure_vm_real_slice
772,681900.0,300.0,0.3145501890630284,0.05,0,682590.0,azure_vm_real_slice
773,1323000.0,48300.0,0.31424466553015085,0.125,0,1434090.0,azure_vm_real_slice
774,0.0,14400.0,0.3730681991301838,0.05,1,29519.999999999996,azure_vm_real_slice
775,481200.0,2400.0,0.05,0.5,0,486720.0,azure_vm_real_slice
776,188700.0,4200.0,0.06711783809819125,0.0625,0,198360.0,azure_vm_real_slice
777,0.0,1236600.0,0.05,0.5,0,2844180.0,azure_vm_real_slice
778,625500.0,2100.0,0.6855334749555324,1.0,2,629280.0,azure_vm_real_slice
779,1932600.0,5700.0,0.05,0.0625,0,1945710.0,azure_vm_real_slice
780,0.0,5700.0,0.22658320771471227,0.125,0,13109.999999999998,azure_vm_real_slice
781,1702500.0,1500.0,0.1793536553659068,0.0625,0,1705950.0,azure_vm_real_slice
782,304200.0,300.0,0.05729061829614267,0.125,0,304890.0,azure_vm_real_slice
783,0.0,13500.0,0.4733701872597587,0.125,1,27674.999999999996,azure_vm_real_slice
784,517500.0,600.0,0.05,0.5,0,518880.0,azure_vm_real_slice
785,0.0,2591400.0,0.05084137571138724,0.125,0,5960220.0,azure_vm_real_slice
786,1547100.0,2100.0,0.639192555295863,0.05,1,1551405.0,azure_vm_real_slice
787,1955700.0,300.0,0.05,0.05,0,1956390.0,azure_vm_real_slice
788,867000.0,300.0,0.05,0.125,0,867690.0,azure_vm_real_slice
789,221400.0,3000.0,0.5504442110931216,0.5,1,227550.0,azure_vm_real_slice
790,549600.0,600.0,0.05,0.125,0,550980.0,azure_vm_real_slice
791,297600.0,1800.0,0.05,0.5,0,301740.0,azure_vm_real_slice
792,919200.0,600.0,0.1588315850311256,0.5,0,920580.0,azure_vm_real_slice
793,0.0,37800.0,0.10714526358977366,0.125,0,86940.0,azure_vm_real_slice
794,0.0,1800.0,0.05,0.125,0,4140.0,azure_vm_real_slice
795,584100.0,39000.0,0.05812885551524835,0.0625,0,673800.0,azure_vm_real_slice
796,656400.0,27000.0,0.12258208524727571,0.0625,0,718500.0,azure_vm_real_slice
797,0.0,44400.0,0.6358053982188582,0.125,1,91019.99999999999,azure_vm_real_slice
798,931500.0,369600.0,0.05,0.125,0,1781580.0,azure_vm_real_slice
799,1218900.0,48000.0,0.344027304612191,0.5,0,1329300.0,azure_vm_real_slice
800,984600.0,300.0,0.05,0.5,0,985290.0,azure_vm_real_slice
801,1984200.0,1200.0,0.14248448865978006,0.125,0,1986960.0,azure_vm_real_slice
802,171900.0,29100.0,0.2376817778713134,0.5,2,224280.0,azure_vm_real_slice
803,693000.0,300.0,0.05205946805054636,0.5,0,693690.0,azure_vm_real_slice
804,654000.0,18000.0,0.2623266919435999,0.0625,0,695400.0,azure_vm_real_slice
805,760200.0,600.0,0.23113523429740312,0.0625,0,761580.0,azure_vm_real_slice
806,0.0,743100.0,0.05,0.0625,0,1709129.9999999998,azure_vm_real_slice
807,1731300.0,4200.0,0.5039383478991667,0.5,2,1738860.0,azure_vm_real_slice
808,330000.0,16500.0,0.20485445914418637,0.0625,0,367950.0,azure_vm_real_slice
809,87600.0,1500.0,0.05,0.5,2,90300.0,azure_vm_real_slice
810,0.0,1800.0,0.10533892352618153,0.125,0,4140.0,azure_vm_real_slice
811,0.0,2591400.0,0.05,0.125,0,5960220.0,azure_vm_real_slice
812,1193400.0,900.0,0.05,0.5,0,1195470.0,azure_vm_real_slice
813,1315500.0,300.0,0.15626744700268802,0.125,0,1316190.0,azure_vm_real_slice
814,131100.0,600.0,0.08165594595161486,0.125,0,132480.0,azure_vm_real_slice
815,1173300.0,900.0,0.05,0.5,0,1175370.0,azure_vm_real_slice
816,545700.0,1487400.0,0.05,0.0625,0,3966719.9999999995,azure_vm_real_slice
817,1787400.0,3300.0,0.07663762067726547,0.0625,0,1794990.0,azure_vm_real_slice
818,83700.0,900.0,0.20071230623884748,0.125,0,85770.0,azure_vm_real_slice
819,283500.0,2400.0,0.7705800643261541,0.5,2,287820.0,azure_vm_real_slice
820,0.0,6000.0,0.07510582374629161,0.5,0,13799.999999999998,azure_vm_real_slice
821,0.0,969600.0,0.14079251631984138,0.05,0,2230080.0,azure_vm_real_slice
822,319500.0,2400.0,0.05,0.5,0,325020.0,azure_vm_real_slice
823,0.0,300.0,0.06775501086429771,0.125,0,690.0,azure_vm_real_slice
824,61500.0,600.0,0.11774678647591179,0.125,0,62880.0,azure_vm_real_slice
825,1593900.0,600.0,0.05,0.5,0,1595280.0,azure_vm_real_slice
826,0.0,2591400.0,0.4825031138678489,0.5,2,4664520.0,azure_vm_real_slice
827,1408500.0,600.0,0.05,0.125,0,1409880.0,azure_vm_real_slice
828,1536000.0,3300.0,0.14226052560848837,0.0625,0,1543590.0,azure_vm_real_slice
829,1788900.0,65400.0,0.15155978293571856,0.0625,0,1939320.0,azure_vm_real_slice
830,1688400.0,2400.0,0.05,0.5,0,1693920.0,azure_vm_real_slice
831,1173900.0,4800.0,0.05,0.125,0,1184940.0,azure_vm_real_slice
832,0.0,1500.0,0.07818747677288287,0.5,0,3449.9999999999995,azure_vm_real_slice
833,361200.0,300.0,0.05,0.0625,0,361890.0,azure_vm_real_slice
834,1297200.0,1500.0,0.2561617061255068,0.5,0,1300650.0,azure_vm_real_slice
835,1815600.0,300.0,0.1897586408971624,0.125,0,1816290.0,azure_vm_real_slice
836,1144200.0,43800.0,0.31034940433828023,0.125,0,1244940.0,azure_vm_real_slice
837,814800.0,1500.0,0.1336013600086501,0.125,0,818250.0,azure_vm_real_slice
838,985500.0,300.0,0.05,0.5,0,986190.0,azure_vm_real_slice
839,0.0,2591400.0,0.05,0.0625,0,5960220.0,azure_vm_real_slice
840,1005300.0,900.0,0.07275912907288029,0.125,0,1007370.0,azure_vm_real_slice
841,0.0,300.0,0.05,0.5,0,690.0,azure_vm_real_slice
842,1168200.0,1200.0,0.08567057363547122,0.0625,0,1170960.0,azure_vm_real_slice
843,1228200.0,900.0,0.1414378219422765,0.125,0,1230270.0,azure_vm_real_slice
844,0.0,638100.0,0.3305260662131774,0.0625,0,1467630.0,azure_vm_real_slice
845,930900.0,3300.0,0.2881767589848292,0.125,0,938490.0,azure_vm_real_slice
846,0.0,9600.0,0.05,0.0625,0,22080.0,azure_vm_real_slice
847,1762800.0,1800.0,0.05,0.5,0,1766940.0,azure_vm_real_slice
848,0.0,900.0,0.13143338706007643,0.05,0,2070.0,azure_vm_real_slice
849,384600.0,72600.0,0.05,0.125,0,551580.0,azure_vm_real_slice
850,650100.0,9000.0,0.09156926958043936,0.125,0,670800.0,azure_vm_real_slice
851,1745100.0,600.0,0.05,0.5,2,1746180.0,azure_vm_real_slice
852,1277400.0,51300.0,0.125783590500067,0.0625,0,1395390.0,azure_vm_real_slice
853,0.0,2591400.0,0.26704531184160185,0.0625,0,5960220.0,azure_vm_real_slice
854,1377900.0,600.0,0.4136815436176669,0.125,1,1379130.0,azure_vm_real_slice
855,1874700.0,600.0,0.05,0.5,0,1876080.0,azure_vm_real_slice
856,1760700.0,1800.0,0.05,0.5,0,1764840.0,azure_vm_real_slice
857,73800.0,1500.0,0.05,0.5,0,77250.0,azure_vm_real_slice
858,0.0,1800.0,0.29366476438025774,0.5,2,3239.9999999999995,azure_vm_real_slice
859,0.0,300.0,0.05,0.5,0,690.0,azure_vm_real_slice
860,60300.0,33300.0,0.7047067990080029,0.125,1,128565.0,azure_vm_real_slice
861,0.0,33000.0,0.40305192240120846,0.125,1,67650.0,azure_vm_real_slice
862,346500.0,2100.0,0.1412308571620641,0.5,2,350280.0,azure_vm_real_slice
863,387900.0,600.0,0.3004526729165634,0.125,0,389280.0,azure_vm_real_slice
864,0.0,350400.0,0.05,0.0625,0,805919.9999999999,azure_vm_real_slice
865,0.0,600.0,0.1662610401468854,0.125,0,1380.0,azure_vm_real_slice
866,0.0,300.0,0.05,0.125,0,690.0,azure_vm_real_slice
867,1874700.0,2100.0,0.05,0.5,0,1879530.0,azure_vm_real_slice
868,0.0,2591400.0,0.05,0.125,0,5960220.0,azure_vm_real_slice
869,0.0,2591400.0,0.05035374587202294,0.0625,0,5960220.0,azure_vm_real_slice
870,1889100.0,300.0,0.05,0.125,0,1889790.0,azure_vm_real_slice
871,1178400.0,900.0,0.05,0.5,0,1180470.0,azure_vm_real_slice
872,0.0,300.0,0.05,0.125,0,690.0,azure_vm_real_slice
873,0.0,1200.0,0.07605889927163889,0.125,0,2760.0,azure_vm_real_slice
874,190200.0,900.0,0.08561074084995791,0.125,0,192270.0,azure_vm_real_slice
875,0.0,300.0,0.05,0.125,0,690.0,azure_vm_real_slice
876,387000.0,2700.0,0.5449715196443212,0.05,1,392535.0,azure_vm_real_slice
877,494700.0,1800.0,0.2078515687560451,0.5,0,498840.0,azure_vm_real_slice
878,1186200.0,300.0,0.05,0.5,0,1186890.0,azure_vm_real_slice
879,1579800.0,51900.0,0.1370935931208719,0.125,0,1699170.0,azure_vm_real_slice
880,1254900.0,300.0,0.05,0.0625,0,1255590.0,azure_vm_real_slice
881,0.0,300.0,0.05,0.125,0,690.0,azure_vm_real_slice
882,0.0,1500.0,0.08068643798287352,0.5,2,2699.9999999999995,azure_vm_real_slice
883,1911000.0,300.0,0.05,0.125,0,1911690.0,azure_vm_real_slice
884,0.0,10800.0,0.28599558631475946,0.125,0,24839.999999999996,azure_vm_real_slice
885,609300.0,300.0,0.05,0.125,0,609990.0,azure_vm_real_slice
886,1892700.0,1800.0,0.209866184472079,0.125,0,1896840.0,azure_vm_real_slice
887,663600.0,300.0,0.05,0.125,0,664290.0,azure_vm_real_slice
888,45600.0,1200.0,0.6514480902423199,0.05,1,48060.0,azure_vm_real_slice
889,1593000.0,35100.0,0.3829518592746266,0.05,1,1664955.0,azure_vm_real_slice
890,0.0,2100.0,0.05,0.5,0,4830.0,azure_vm_real_slice
891,766500.0,300.0,0.05880798742818642,0.5,0,767190.0,azure_vm_real_slice
892,1958700.0,6600.0,0.05,0.125,0,1973880.0,azure_vm_real_slice
893,129300.0,900.0,0.05434929832965756,1.0,2,130920.0,azure_vm_real_slice
894,1246800.0,900.0,0.05,0.5,0,1248870.0,azure_vm_real_slice
895,1305300.0,900.0,0.17790414489795606,0.125,0,1307370.0,azure_vm_real_slice
896,711900.0,2100.0,0.05,0.5,0,716730.0,azure_vm_real_slice
897,0.0,1800.0,0.13151642730263302,0.125,0,4140.0,azure_vm_real_slice
898,0.0,2591400.0,0.05,0.0625,0,5960220.0,azure_vm_real_slice
899,0.0,2591400.0,0.05,0.125,0,5960220.0,azure_vm_real_slice
900,0.0,14400.0,0.1776225002719001,0.5,0,33120.0,azure_vm_real_slice
901,1065600.0,900.0,0.05,0.5,0,1067670.0,azure_vm_real_slice
902,0.0,3300.0,0.18365679704527885,0.5,0,7589.999999999999,azure_vm_real_slice
903,0.0,2591400.0,0.1294583222204817,0.05,0,5960220.0,azure_vm_real_slice
904,0.0,1276500.0,0.05,1.0,2,2297700.0,azure_vm_real_slice
905,0.0,600.0,0.05,0.5,0,1380.0,azure_vm_real_slice
906,1562400.0,300.0,0.05,0.125,0,1563090.0,azure_vm_real_slice
907,1854900.0,21600.0,0.06321506208063978,0.05,0,1904580.0,azure_vm_real_slice
908,1168200.0,5700.0,0.33036513195844636,0.0625,0,1181310.0,azure_vm_real_slice
909,760200.0,900.0,0.13677151011190683,0.125,0,762270.0,azure_vm_real_slice
910,1758000.0,1800.0,0.05,0.5,0,1762140.0,azure_vm_real_slice
911,728400.0,29700.0,0.3963489512614899,0.125,1,789285.0,azure_vm_real_slice
912,246600.0,600.0,0.07486188433556594,0.5,0,247980.0,azure_vm_real_slice
913,1820400.0,1800.0,0.43518075028010594,0.125,1,1824090.0,azure_vm_real_slice
914,933000.0,1200.0,0.05220076555543681,0.5,0,935760.0,azure_vm_real_slice
915,0.0,300.0,0.05,0.125,0,690.0,azure_vm_real_slice
916,1556700.0,1200.0,0.2134024611961745,0.05,0,1559460.0,azure_vm_real_slice
917,855900.0,300.0,0.05,0.5,0,856590.0,azure_vm_real_slice
918,880200.0,69300.0,0.4255968237602606,0.05,1,1022265.0,azure_vm_real_slice
919,0.0,580500.0,0.05,0.125,0,1335150.0,azure_vm_real_slice
920,521100.0,300.0,0.402855388855485,0.125,1,521715.0,azure_vm_real_slice
921,716400.0,13500.0,0.2953585009174305,0.5,0,747450.0,azure_vm_real_slice
922,1749300.0,300.0,0.05,0.5,0,1749990.0,azure_vm_real_slice
923,0.0,1800.0,0.05,0.5,0,4140.0,azure_vm_real_slice
924,1771500.0,2700.0,0.10049958923942973,0.05,0,1777710.0,azure_vm_real_slice
925,714900.0,300.0,0.05,0.125,0,715590.0,azure_vm_real_slice
926,448200.0,300.0,0.06460837459243907,0.0625,0,448890.0,azure_vm_real_slice
927,507300.0,11700.0,0.13031471290359903,0.0625,0,534210.0,azure_vm_real_slice
928,326100.0,3600.0,0.08897202567205481,0.5,2,332580.0,azure_vm_real_slice
929,1843200.0,600.0,0.05297423769377382,0.125,0,1844580.0,azure_vm_real_slice
930,0.0,10800.0,0.22885896009405962,0.125,0,24839.999999999996,azure_vm_real_slice
931,0.0,2700.0,0.05,0.0625,0,6209.999999999999,azure_vm_real_slice
932,1754400.0,300.0,0.14614048735913288,0.125,0,1755090.0,azure_vm_real_slice
933,1470000.0,600.0,0.05,0.0625,0,1471380.0,azure_vm_real_slice
934,0.0,17700.0,0.7926161401957951,0.5,2,31859.999999999996,azure_vm_real_slice
935,186600.0,300.0,0.05,0.5,0,187290.0,azure_vm_real_slice
936,0.0,1200.0,0.05,0.0625,0,2760.0,azure_vm_real_slice
937,1067700.0,1500.0,0.05,1.0,2,1070400.0,azure_vm_real_slice
938,1141800.0,300.0,0.05,0.125,0,1142490.0,azure_vm_real_slice
939,110700.0,1200.0,0.19139853672184678,0.125,0,113460.0,azure_vm_real_slice
940,0.0,2400.0,0.05,0.0625,0,5520.0,azure_vm_real_slice
941,681300.0,600.0,0.21286148953882697,0.0625,0,682680.0,azure_vm_real_slice
942,1434600.0,300.0,0.05,0.5,0,1435290.0,azure_vm_real_slice
943,320400.0,900.0,0.08368922577732882,0.5,2,322020.0,azure_vm_real_slice
944,501300.0,600.0,0.05,0.125,0,502680.0,azure_vm_real_slice
945,269400.0,600.0,0.13770963106891038,0.5,2,270480.0,azure_vm_real_slice
946,0.0,1500.0,0.4273955919343138,0.5,1,3074.9999999999995,azure_vm_real_slice
947,0.0,300.0,0.26637534632821125,0.125,0,690.0,azure_vm_real_slice
948,368700.0,300.0,0.05,0.5,0,369390.0,azure_vm_real_slice
949,1753500.0,600.0,0.206051842850245,0.125,0,1754880.0,azure_vm_real_slice
950,1587300.0,900.0,0.05,0.5,2,1588920.0,azure_vm_real_slice
951,283500.0,8400.0,0.06753835320004292,0.05,0,302820.0,azure_vm_real_slice
952,0.0,300.0,0.05,0.125,0,690.0,azure_vm_real_slice
953,0.0,2591400.0,0.08889447671440694,0.05,0,5960220.0,azure_vm_real_slice
954,1301700.0,900.0,0.05,0.5,0,1303770.0,azure_vm_real_slice
955,1021200.0,600.0,0.25028165329079227,0.125,0,1022580.0,azure_vm_real_slice
956,1773900.0,19800.0,0.05,0.5,2,1809540.0,azure_vm_real_slice
957,538200.0,1800.0,0.5265986346901986,0.5,1,541890.0,azure_vm_real_slice
958,388200.0,2700.0,0.34055356020777183,0.5,0,394410.0,azure_vm_real_slice
959,987600.0,1045500.0,0.05,0.5,0,3392250.0,azure_vm_real_slice
960,40800.0,30300.0,0.1863478230933031,0.125,0,110490.0,azure_vm_real_slice
961,1663200.0,24300.0,0.05,0.125,0,1719090.0,azure_vm_real_slice
962,933000.0,33000.0,0.05,0.125,0,1008900.0,azure_vm_real_slice
963,1294200.0,300.0,0.05,0.5,0,1294890.0,azure_vm_real_slice
964,997500.0,900.0,0.1488654530813094,0.05,0,999570.0,azure_vm_real_slice
965,1995300.0,18300.0,0.09246167424273315,0.125,0,2037390.0,azure_vm_real_slice
966,1622100.0,600.0,0.05,0.125,0,1623480.0,azure_vm_real_slice
967,117900.0,4200.0,0.05,1.0,2,125460.0,azure_vm_real_slice
968,1643100.0,300.0,0.05,0.5,0,1643790.0,azure_vm_real_slice
969,983400.0,600.0,0.5032596677410328,0.125,1,984630.0,azure_vm_real_slice
970,1620600.0,49800.0,0.3021072208804762,0.0625,0,1735140.0,azure_vm_real_slice
971,384900.0,2100.0,0.12160158104477795,1.0,2,388680.0,azure_vm_real_slice
972,1919400.0,23700.0,0.13784565182575212,0.125,0,1973910.0,azure_vm_real_slice
973,1484400.0,600.0,0.08987034980135446,0.5,0,1485780.0,azure_vm_real_slice
974,378900.0,600.0,0.054653822092142666,0.125,0,380280.0,azure_vm_real_slice
975,0.0,2591400.0,0.05,0.5,2,4664520.0,azure_vm_real_slice
976,95400.0,2700.0,0.5173713005264025,0.5,1,100935.0,azure_vm_real_slice
977,1051500.0,3000.0,0.20997961741157803,0.5,0,1058400.0,azure_vm_real_slice
978,759900.0,10200.0,0.6676470391145739,0.5,1,780810.0,azure_vm_real_slice
979,0.0,2591400.0,0.24705110899155847,0.5,0,5960220.0,azure_vm_real_slice
980,167700.0,300.0,0.05549076253422754,0.125,0,168390.0,azure_vm_real_slice
981,0.0,600.0,0.11096041518048785,0.125,0,1380.0,azure_vm_real_slice
982,0.0,54300.0,0.05,0.125,0,124889.99999999999,azure_vm_real_slice
983,0.0,2591400.0,0.05,0.125,0,5960220.0,azure_vm_real_slice
984,1888500.0,300.0,0.05755209637221337,0.0625,0,1889190.0,azure_vm_real_slice
985,320700.0,18600.0,0.05,0.5,2,354180.0,azure_vm_real_slice
986,1621500.0,600.0,0.05,0.5,0,1622880.0,azure_vm_real_slice
987,1069200.0,29400.0,0.2810109854470657,0.5,0,1136820.0,azure_vm_real_slice
988,1827300.0,205800.0,0.05,0.0625,0,2300640.0,azure_vm_real_slice
989,910800.0,366600.0,0.05,0.5,0,1753980.0,azure_vm_real_slice
990,556200.0,600.0,0.05,0.5,0,557580.0,azure_vm_real_slice
991,892500.0,900.0,0.07781383011479785,0.125,0,894570.0,azure_vm_real_slice
992,1193700.0,2100.0,0.05,0.5,0,1198530.0,azure_vm_real_slice
993,2005800.0,900.0,0.10986954741787074,0.125,0,2007870.0,azure_vm_real_slice
994,674100.0,900.0,0.05,0.0625,0,676170.0,azure_vm_real_slice
995,278100.0,1200.0,0.06752892466432074,0.0625,0,280860.0,azure_vm_real_slice
996,1728900.0,900.0,0.09733271351114707,0.125,0,1730970.0,azure_vm_real_slice
997,0.0,300.0,0.3158727111747893,0.125,0,690.0,azure_vm_real_slice
998,897900.0,600.0,0.05,0.125,0,899280.0,azure_vm_real_slice
999,397200.0,1200.0,0.05,0.5,0,399960.0,azure_vm_real_slice
1000,0.0,2100.0,0.05,0.5,0,4830.0,azure_vm_real_slice
1001,450900.0,1200.0,0.23632576715509337,0.125,0,453660.0,azure_vm_real_slice
1002,260100.0,300.0,0.05,0.125,0,260790.0,azure_vm_real_slice
1003,1198200.0,2100.0,0.6923136054347807,0.5,1,1202505.0,azure_vm_real_slice
1004,0.0,1200.0,0.34561010420909716,0.5,0,2760.0,azure_vm_real_slice
1005,0.0,1481700.0,0.05,0.5,0,3407909.9999999995,azure_vm_real_slice
1006,759000.0,117600.0,0.05,0.05,0,1029480.0,azure_vm_real_slice
1007,0.0,600.0,0.1715352204002885,0.125,0,1380.0,azure_vm_real_slice
1008,0.0,2591400.0,0.05,0.125,0,5960220.0,azure_vm_real_slice
1009,693900.0,300.0,0.05,0.5,0,694590.0,azure_vm_real_slice
1010,1279800.0,2400.0,0.558882435514732,0.05,1,1284720.0,azure_vm_real_slice
1011,0.0,1200.0,0.05,0.5,0,2760.0,azure_vm_real_slice
1012,0.0,2591400.0,0.05,0.05,0,5960220.0,azure_vm_real_slice
1013,684600.0,900.0,0.05,0.5,0,686670.0,azure_vm_real_slice
1014,320100.0,2700.0,0.05,1.0,2,324960.0,azure_vm_real_slice
1015,1307400.0,600.0,0.05,0.5,0,1308780.0,azure_vm_real_slice
1016,584700.0,42900.0,0.39398166793617784,0.0625,1,672645.0,azure_vm_real_slice
1017,0.0,2591400.0,0.11518500526132282,0.05,0,5960220.0,azure_vm_real_slice
1018,2031600.0,1200.0,0.14396372539634503,0.0625,0,2034360.0,azure_vm_real_slice
1019,0.0,1500.0,0.05,0.5,2,2699.9999999999995,azure_vm_real_slice
1020,1431600.0,300.0,0.32289515835710686,0.0625,0,1432290.0,azure_vm_real_slice
1021,1472700.0,4500.0,0.5903612535329295,0.125,1,1481925.0,azure_vm_real_slice
1022,342900.0,600.0,0.05183956158473338,0.125,0,344280.0,azure_vm_real_slice
1023,0.0,1500.0,0.10267362346003268,0.125,0,3449.9999999999995,azure_vm_real_slice
1024,720000.0,5100.0,0.11246138982794227,0.5,0,731730.0,azure_vm_real_slice
1025,0.0,30000.0,0.09679721450676032,0.5,2,53999.99999999999,azure_vm_real_slice
1026,833400.0,600.0,0.23994743574142707,0.0625,0,834780.0,azure_vm_real_slice
1027,275700.0,2100.0,0.05,0.5,0,280530.0,azure_vm_real_slice
1028,0.0,600.0,0.0666655084470823,0.05,0,1380.0,azure_vm_real_slice
1029,898800.0,300.0,0.13025623220991497,0.125,0,899490.0,azure_vm_real_slice
1030,1808400.0,2100.0,0.1741400959690193,0.5,0,1813230.0,azure_vm_real_slice
1031,726900.0,1200.0,0.05,0.0625,0,729660.0,azure_vm_real_slice
1032,0.0,7200.0,0.062023530023738054,0.5,0,16560.0,azure_vm_real_slice
1033,1596000.0,300.0,0.05,0.125,0,1596690.0,azure_vm_real_slice
1034,837600.0,900.0,0.05244488065828925,0.05,0,839670.0,azure_vm_real_slice
1035,828600.0,1800.0,0.05,0.5,0,832740.0,azure_vm_real_slice
1036,1719900.0,42300.0,0.05,0.125,0,1817190.0,azure_vm_real_slice
1037,1533600.0,164100.0,0.28433237538190126,0.0625,0,1911030.0,azure_vm_real_slice
1038,0.0,2700.0,0.29192260207792525,0.5,0,6209.999999999999,azure_vm_real_slice
1039,131700.0,21300.0,0.41482554498921054,0.125,1,175365.0,azure_vm_real_slice
1040,1584600.0,300.0,0.19334650114867521,0.125,0,1585290.0,azure_vm_real_slice
1041,0.0,2400.0,0.23389872791777677,0.5,0,5520.0,azure_vm_real_slice
1042,0.0,2591400.0,0.05150873658108794,0.0625,0,5960220.0,azure_vm_real_slice
1043,0.0,32400.0,0.08613901586483769,0.125,0,74520.0,azure_vm_real_slice
1044,0.0,300.0,0.05,0.0625,0,690.0,azure_vm_real_slice
1045,1297800.0,1200.0,0.05,0.125,0,1300560.0,azure_vm_real_slice
1046,1418700.0,300.0,0.05,0.0625,0,1419390.0,azure_vm_real_slice
1047,429600.0,10500.0,0.6116991756985962,0.5,1,451125.0,azure_vm_real_slice
1048,458700.0,1800.0,0.05,0.125,0,462840.0,azure_vm_real_slice
1049,0.0,300.0,0.057411341974969214,0.125,0,690.0,azure_vm_real_slice
1050,0.0,300.0,0.5133668543545327,0.0625,1,615.0,azure_vm_real_slice
1051,1275300.0,900.0,0.06897874992201258,0.125,0,1277370.0,azure_vm_real_slice
1052,1547400.0,1800.0,0.6650943430595986,0.05,1,1551090.0,azure_vm_real_slice
1053,31200.0,2400.0,0.12899794673892948,0.05,0,36720.0,azure_vm_real_slice
1054,1654800.0,1500.0,0.18512592658722615,0.125,0,1658250.0,azure_vm_real_slice
1055,99600.0,300.0,0.05,0.125,0,100290.0,azure_vm_real_slice
1056,2027700.0,1200.0,0.08431078726797547,0.125,0,2030460.0,azure_vm_real_slice
1057,915900.0,1500.0,0.05,0.0625,0,919350.0,azure_vm_real_slice
1058,666300.0,300.0,0.46949422804352914,0.05,1,666915.0,azure_vm_real_slice
1059,657000.0,4500.0,0.18211705861073121,0.5,0,667350.0,azure_vm_real_slice
1060,1806300.0,600.0,0.05524651029855367,0.5,0,1807680.0,azure_vm_real_slice
1061,1905900.0,127200.0,0.08305551420422087,0.125,0,2198460.0,azure_vm_real_slice
1062,568200.0,600.0,0.05,0.0625,0,569580.0,azure_vm_real_slice
1063,1056000.0,2700.0,0.5920375287125204,0.05,1,1061535.0,azure_vm_real_slice
1064,20700.0,600.0,0.05,0.125,0,22080.0,azure_vm_real_slice
1065,1859100.0,5700.0,0.5441971150073767,0.5,1,1870785.0,azure_vm_real_slice
1066,618600.0,37500.0,0.17300616864866186,0.5,0,704850.0,azure_vm_real_slice
1067,0.0,2591400.0,0.05,0.125,0,5960220.0,azure_vm_real_slice
1068,987900.0,300.0,0.05,0.5,0,988590.0,azure_vm_real_slice
1069,221700.0,7500.0,0.05,0.0625,0,238950.0,azure_vm_real_slice
1070,936600.0,900.0,0.07927494497858899,0.125,0,938670.0,azure_vm_real_slice
1071,0.0,266400.0,0.05,0.125,0,612720.0,azure_vm_real_slice
1072,227100.0,1800.0,0.6763694188028139,0.5,1,230790.0,azure_vm_real_slice
1073,1924500.0,108600.0,0.34815331490318946,0.125,0,2174280.0,azure_vm_real_slice
1074,592800.0,300.0,0.05,0.125,0,593490.0,azure_vm_real_slice
1075,1132200.0,900900.0,0.11866728535729766,0.0625,0,3204270.0,azure_vm_real_slice
1076,716400.0,2700.0,0.6298118665768171,0.125,1,721935.0,azure_vm_real_slice
1077,1681500.0,300.0,0.05,0.5,0,1682190.0,azure_vm_real_slice
1078,926100.0,600.0,0.05,0.125,0,927480.0,azure_vm_real_slice
1079,822600.0,300.0,0.5368388670478511,0.0625,1,823215.0,azure_vm_real_slice
1080,0.0,4200.0,0.05,0.5,2,7559.999999999999,azure_vm_real_slice
1081,0.0,2591400.0,0.05,0.0625,0,5960220.0,azure_vm_real_slice
1082,0.0,1200.0,0.05,0.5,0,2760.0,azure_vm_real_slice
1083,1775400.0,900.0,0.05682400631381255,0.5,0,1777470.0,azure_vm_real_slice
1084,1422000.0,900.0,0.09030229189439495,0.125,0,1424070.0,azure_vm_real_slice
1085,797100.0,17100.0,0.12435238344265574,0.5,0,836430.0,azure_vm_real_slice
1086,871800.0,1200.0,0.12386654738302537,0.125,0,874560.0,azure_vm_real_slice
1087,1742400.0,600.0,0.8269288692983122,0.05,2,1743480.0,azure_vm_real_slice
1088,118800.0,16500.0,0.09817015833535621,0.05,0,156750.0,azure_vm_real_slice
1089,119100.0,600.0,0.05,0.5,0,120480.0,azure_vm_real_slice
1090,1162500.0,33300.0,0.4396227158341442,0.125,1,1230765.0,azure_vm_real_slice
1091,1796100.0,300.0,0.13253833064079587,0.0625,0,1796790.0,azure_vm_real_slice
1092,237300.0,5400.0,0.25470907274445315,0.0625,0,249720.0,azure_vm_real_slice
1093,0.0,1800.0,0.2013305742059212,0.0625,0,4140.0,azure_vm_real_slice
1094,257100.0,43800.0,0.22338739080378997,0.5,0,357840.0,azure_vm_real_slice
1095,0.0,600.0,0.05,0.0625,0,1380.0,azure_vm_real_slice
1096,0.0,2591400.0,0.07991330881981706,0.0625,0,5960220.0,azure_vm_real_slice
1097,0.0,198600.0,0.05,0.125,0,456779.99999999994,azure_vm_real_slice
1098,0.0,2591400.0,0.05,0.0625,0,5960220.0,azure_vm_real_slice
1099,428100.0,600.0,0.13360116257733845,0.0625,0,429480.0,azure_vm_real_slice
1100,1313100.0,10500.0,0.06045711013186028,0.125,0,1337250.0,azure_vm_real_slice
1101,468600.0,1200.0,0.4904501790966184,0.0625,1,471060.0,azure_vm_real_slice
1102,720300.0,1500.0,0.14141486340588952,0.05,0,723750.0,azure_vm_real_slice
1103,1977900.0,3900.0,0.05,0.125,0,1986870.0,azure_vm_real_slice
1104,163800.0,600.0,0.11974636082275891,0.5,0,165180.0,azure_vm_real_slice
1105,0.0,2700.0,0.05,0.0625,0,6209.999999999999,azure_vm_real_slice
1106,990600.0,3000.0,0.21337051756927494,0.0625,0,997500.0,azure_vm_real_slice
1107,378300.0,2700.0,0.05,0.5,0,384510.0,azure_vm_real_slice
1108,1898100.0,1200.0,0.05,0.125,0,1900860.0,azure_vm_real_slice
1109,1267500.0,2100.0,0.05,0.5,0,1272330.0,azure_vm_real_slice
1110,0.0,2591400.0,0.11976144325225313,0.0625,0,5960220.0,azure_vm_real_slice
1111,0.0,2591400.0,0.18650207196609092,0.0625,0,5960220.0,azure_vm_real_slice
1112,1754100.0,11400.0,0.21028079465949592,0.125,0,1780320.0,azure_vm_real_slice
1113,0.0,3600.0,0.5730813169046024,0.125,1,7379.999999999999,azure_vm_real_slice
1114,247800.0,900.0,0.07831984880979738,0.05,0,249870.0,azure_vm_real_slice
1115,1272300.0,17400.0,0.5367625144903498,0.125,1,1307970.0,azure_vm_real_slice
1116,403800.0,900.0,0.11489255901366159,0.125,0,405870.0,azure_vm_real_slice
1117,0.0,600.0,0.09850337568476904,0.125,0,1380.0,azure_vm_real_slice
1118,1226400.0,17100.0,0.16045408406676462,0.0625,0,1265730.0,azure_vm_real_slice
1119,1065600.0,1500.0,0.05,0.05,0,1069050.0,azure_vm_real_slice
1120,628200.0,3600.0,0.48507456212690764,0.125,1,635580.0,azure_vm_real_slice
1121,0.0,600.0,0.14707084715230515,0.125,0,1380.0,azure_vm_real_slice
1122,2021100.0,12000.0,0.1779421023648286,0.0625,0,2048700.0,azure_vm_real_slice
1123,126900.0,3600.0,0.05,0.5,2,133380.0,azure_vm_real_slice
1124,0.0,2591400.0,0.05,0.05,0,5960220.0,azure_vm_real_slice
1125,0.0,5400.0,0.4812605006095545,0.05,1,11069.999999999998,azure_vm_real_slice
1126,1764600.0,33600.0,0.3652568987161608,0.05,1,1833480.0,azure_vm_real_slice
1127,652200.0,900.0,0.12433382032486509,0.125,0,654270.0,azure_vm_real_slice
1128,0.0,2700.0,0.05,0.5,0,6209.999999999999,azure_vm_real_slice
1129,45300.0,30300.0,0.39801668321018147,0.125,1,107415.0,azure_vm_real_slice
1130,1077000.0,11700.0,0.08965099352704815,0.125,0,1103910.0,azure_vm_real_slice
1131,953700.0,900.0,0.6405096253934164,0.125,1,955545.0,azure_vm_real_slice
1132,1048200.0,300.0,0.1269574604371943,0.125,0,1048890.0,azure_vm_real_slice
1133,0.0,300.0,0.05,0.125,0,690.0,azure_vm_real_slice
1134,958500.0,124200.0,0.05,0.05,0,1244160.0,azure_vm_real_slice
1135,1393800.0,1500.0,0.08244640887533959,0.125,0,1397250.0,azure_vm_real_slice
1136,1554900.0,600.0,0.06665291229765248,0.125,0,1556280.0,azure_vm_real_slice
1137,1710300.0,300.0,0.05,0.5,0,1710990.0,azure_vm_real_slice
1138,1773000.0,300.0,0.20394625607405534,0.05,0,1773690.0,azure_vm_real_slice
1139,599100.0,300.0,0.11261480253971314,0.5,0,599790.0,azure_vm_real_slice
1140,1599900.0,600.0,0.09923352330089492,0.125,0,1601280.0,azure_vm_real_slice
1141,356400.0,3600.0,0.09804559706758621,0.5,0,364680.0,azure_vm_real_slice
1142,1253100.0,3300.0,0.4489737663277964,0.05,1,1259865.0,azure_vm_real_slice
1143,0.0,2591400.0,0.21557673256483031,0.0625,0,5960220.0,azure_vm_real_slice
1144,0.0,2591400.0,0.05,0.5,2,4664520.0,azure_vm_real_slice
1145,1435800.0,1200.0,0.05,0.0625,0,1438560.0,azure_vm_real_slice
1146,1567500.0,2100.0,0.33072947278891074,0.05,0,1572330.0,azure_vm_real_slice
1147,604800.0,600.0,0.18567098038478314,0.125,0,606180.0,azure_vm_real_slice
1148,0.0,2591400.0,0.21210520664386967,0.05,0,5960220.0,azure_vm_real_slice
1149,1756200.0,1500.0,0.05,0.5,0,1759650.0,azure_vm_real_slice
1150,0.0,68100.0,0.3144919441738784,0.0625,0,156630.0,azure_vm_real_slice
1151,0.0,1500.0,0.3144224711980101,0.125,0,3449.9999999999995,azure_vm_real_slice
1152,938400.0,1500.0,0.16709021814140354,0.5,0,941850.0,azure_vm_real_slice
1153,166500.0,1500.0,0.1853726196076533,0.5,2,169200.0,azure_vm_real_slice
1154,0.0,54000.0,0.5887594888383462,0.125,1,110699.99999999999,azure_vm_real_slice
1155,1850700.0,182400.0,0.28549371150564035,0.125,0,2270220.0,azure_vm_real_slice
1156,0.0,654900.0,0.1901434632714738,0.0625,0,1506270.0,azure_vm_real_slice
1157,399000.0,6000.0,0.7864637537029805,0.5,2,409800.0,azure_vm_real_slice
1158,408300.0,1624800.0,0.05,0.0625,0,4145339.9999999995,azure_vm_real_slice
1159,35700.0,300.0,0.06200890134168701,0.125,0,36390.0,azure_vm_real_slice
1160,811500.0,2400.0,0.1790387510879909,0.5,0,817020.0,azure_vm_real_slice
1161,314100.0,1200.0,0.21955015879571324,0.0625,0,316860.0,azure_vm_real_slice
1162,712200.0,1800.0,0.05,0.5,0,716340.0,azure_vm_real_slice
1163,0.0,1200.0,0.05,0.125,0,2760.0,azure_vm_real_slice
1164,0.0,300.0,0.05,0.5,0,690.0,azure_vm_real_slice
1165,1199400.0,202800.0,0.3532768234032863,0.0625,1,1615140.0,azure_vm_real_slice
1166,0.0,300.0,0.05,0.0625,0,690.0,azure_vm_real_slice
1167,69600.0,300.0,0.05,0.125,0,70290.0,azure_vm_real_slice
1168,0.0,2100.0,0.07518253719116112,0.05,0,4830.0,azure_vm_real_slice
1169,0.0,106800.0,0.05,0.0625,0,245639.99999999997,azure_vm_real_slice
1170,0.0,1200.0,0.05,0.125,0,2760.0,azure_vm_real_slice
1171,1761600.0,600.0,0.05,0.125,0,1762980.0,azure_vm_real_slice
1172,0.0,2591400.0,0.05,0.125,0,5960220.0,azure_vm_real_slice
1173,0.0,2591400.0,0.05,0.125,0,5960220.0,azure_vm_real_slice
1174,1424100.0,900.0,0.05,1.0,2,1425720.0,azure_vm_real_slice
1175,0.0,2400.0,0.18835064844140825,0.5,0,5520.0,azure_vm_real_slice
1176,1209000.0,900.0,0.05,0.5,0,1211070.0,azure_vm_real_slice
1177,1678500.0,25800.0,0.3834129007384211,0.125,1,1731390.0,azure_vm_real_slice
1178,0.0,600.0,0.054877083872061985,0.5,0,1380.0,azure_vm_real_slice
1179,686700.0,12300.0,0.21182434926290697,0.0625,0,714990.0,azure_vm_real_slice
1180,173700.0,900.0,0.34250086261611146,0.125,0,175770.0,azure_vm_real_slice
1181,706200.0,5400.0,0.4858906019068277,0.125,1,717270.0,azure_vm_real_slice
1182,1530900.0,900.0,0.05,0.125,0,1532970.0,azure_vm_real_slice
1183,1025700.0,1800.0,0.13610610239944707,0.5,2,1028940.0,azure_vm_real_slice
1184,1233000.0,2700.0,0.7037693270046776,0.5,1,1238535.0,azure_vm_real_slice
1185,0.0,33900.0,0.16770350210157464,0.05,0,77970.0,azure_vm_real_slice
1186,1792500.0,52200.0,0.19408454895985827,0.0625,0,1912560.0,azure_vm_real_slice
1187,1246500.0,25800.0,0.4054187627019987,0.125,1,1299390.0,azure_vm_real_slice
1188,0.0,1800.0,0.2070140729828717,0.125,0,4140.0,azure_vm_real_slice
1189,409500.0,300.0,0.05,0.5,0,410190.0,azure_vm_real_slice
1190,553200.0,2100.0,0.0544860508954899,0.125,0,558030.0,azure_vm_real_slice
1191,300.0,3600.0,0.2054722509215309,0.125,0,8580.0,azure_vm_real_slice
1192,532500.0,54600.0,0.45209862587203065,0.0625,1,644430.0,azure_vm_real_slice
1193,1334100.0,600.0,0.05,0.5,0,1335480.0,azure_vm_real_slice
1194,260400.0,300.0,0.08984668665466498,0.125,0,261090.0,azure_vm_real_slice
1195,344100.0,10500.0,0.2687369701303621,0.125,0,368250.0,azure_vm_real_slice
1196,877200.0,59700.0,0.2146685702173453,0.0625,0,1014510.0,azure_vm_real_slice
1197,1160700.0,3000.0,0.05,0.125,0,1167600.0,azure_vm_real_slice
1198,1290600.0,742500.0,0.06363354005939162,0.125,0,2998350.0,azure_vm_real_slice
1199,743700.0,2400.0,0.3007594793703961,0.05,0,749220.0,azure_vm_real_slice
1200,1342800.0,119700.0,0.4438367752223957,0.05,1,1588185.0,azure_vm_real_slice
1201,402900.0,2100.0,0.05,0.5,0,407730.0,azure_vm_real_slice
1202,1420500.0,3600.0,0.8065747830835751,0.5,2,1426980.0,azure_vm_real_slice
1203,1037100.0,1800.0,0.3417867361165967,0.125,0,1041240.0,azure_vm_real_slice
1204,0.0,1500.0,0.1277386074248781,0.125,0,3449.9999999999995,azure_vm_real_slice
1205,1311000.0,600.0,0.05,0.125,0,1312380.0,azure_vm_real_slice
1206,915300.0,600.0,0.05,0.5,0,916680.0,azure_vm_real_slice
1207,654600.0,1500.0,0.05,1.0,2,657300.0,azure_vm_real_slice
1208,1714500.0,300.0,0.05,0.125,0,1715190.0,azure_vm_real_slice
1209,413400.0,1200.0,0.05,1.0,2,415560.0,azure_vm_real_slice
1210,357600.0,300.0,0.05,0.125,0,358290.0,azure_vm_real_slice
1211,490800.0,600.0,0.05,0.125,0,492180.0,azure_vm_real_slice
1212,0.0,2400.0,0.05,0.5,0,5520.0,azure_vm_real_slice
1213,1087800.0,5400.0,0.6849392047675223,0.125,1,1098870.0,azure_vm_real_slice
1214,1149600.0,1800.0,0.05,0.5,0,1153740.0,azure_vm_real_slice
1215,1826700.0,300.0,0.05,0.5,0,1827390.0,azure_vm_real_slice
1216,1232100.0,600.0,0.13275423143512605,0.5,0,1233480.0,azure_vm_real_slice
1217,0.0,1217100.0,0.07934585529894135,0.0625,0,2799330.0,azure_vm_real_slice
1218,1912800.0,600.0,0.05,0.125,0,1914180.0,azure_vm_real_slice
1219,51000.0,63600.0,0.05,0.5,0,197280.0,azure_vm_real_slice
1220,940200.0,300.0,0.05,0.5,0,940890.0,azure_vm_real_slice
1221,1589400.0,6000.0,0.32036953009134306,1.0,2,1600200.0,azure_vm_real_slice
1222,620700.0,3600.0,0.3143897885316249,0.05,0,628980.0,azure_vm_real_slice
1223,1358700.0,1800.0,0.11961761669230396,0.125,0,1362840.0,azure_vm_real_slice
1224,1982700.0,3000.0,0.5860934199031342,0.05,1,1988850.0,azure_vm_real_slice
1225,1269900.0,600.0,0.05,0.125,0,1271280.0,azure_vm_real_slice
1226,0.0,1200.0,0.18303028639499835,0.125,0,2760.0,azure_vm_real_slice
1227,474300.0,300.0,0.05,0.5,0,474990.0,azure_vm_real_slice
1228,1400400.0,45600.0,0.05,0.125,0,1505280.0,azure_vm_real_slice
1229,1887600.0,2700.0,0.05,0.5,0,1893810.0,azure_vm_real_slice
1230,0.0,2591400.0,0.10867354829582547,0.05,0,5960220.0,azure_vm_real_slice
1231,0.0,600.0,0.06355622105242131,0.5,0,1380.0,azure_vm_real_slice
1232,948300.0,39900.0,0.1305902482874532,1.0,2,1020120.0,azure_vm_real_slice
1233,1571100.0,1800.0,0.410611173079843,0.05,1,1574790.0,azure_vm_real_slice
1234,207600.0,300.0,0.05,0.5,0,208290.0,azure_vm_real_slice
1235,186300.0,300.0,0.05,0.125,0,186990.0,azure_vm_real_slice
1236,0.0,300.0,0.08290204418281621,0.5,0,690.0,azure_vm_real_slice
1237,0.0,2591400.0,0.07595798941681672,0.125,0,5960220.0,azure_vm_real_slice
1238,1314000.0,2700.0,0.05,0.5,0,1320210.0,azure_vm_real_slice
1239,501000.0,12600.0,0.06769002142835086,0.5,0,529980.0,azure_vm_real_slice
1240,142200.0,13500.0,0.37527667704820433,0.125,1,169875.0,azure_vm_real_slice
1241,0.0,352200.0,0.5124981623950275,0.0625,1,722009.9999999999,azure_vm_real_slice
1242,1071000.0,33600.0,0.4254616354663518,0.125,1,1139880.0,azure_vm_real_slice
1243,0.0,600.0,0.05,0.0625,0,1380.0,azure_vm_real_slice
1244,1723500.0,1200.0,0.7539758710621336,0.0625,2,1725660.0,azure_vm_real_slice
1245,1283100.0,1200.0,0.0534984240039488,1.0,2,1285260.0,azure_vm_real_slice
1246,327600.0,2100.0,0.05,0.0625,0,332430.0,azure_vm_real_slice
1247,0.0,900.0,0.05,0.5,0,2070.0,azure_vm_real_slice
1248,343500.0,300.0,0.05,0.5,0,344190.0,azure_vm_real_slice
1249,0.0,300.0,0.05,0.125,0,690.0,azure_vm_real_slice
1250,855600.0,2400.0,0.4396437094609822,0.125,1,860520.0,azure_vm_real_slice
1251,1939200.0,300.0,0.4819930479890827,0.125,1,1939815.0,azure_vm_real_slice
1252,700200.0,900.0,0.05,0.125,0,702270.0,azure_vm_real_slice
1253,1346700.0,3600.0,0.08070720193858293,0.125,0,1354980.0,azure_vm_real_slice
1254,895200.0,3900.0,0.06773297788656968,1.0,2,902220.0,azure_vm_real_slice
1255,0.0,300.0,0.4423159514248004,0.0625,1,615.0,azure_vm_real_slice
1256,1167300.0,12900.0,0.05,0.5,0,1196970.0,azure_vm_real_slice
1257,0.0,600.0,0.05,0.5,0,1380.0,azure_vm_real_slice
1258,621900.0,600.0,0.05,0.5,0,623280.0,azure_vm_real_slice
1259,1080900.0,3600.0,0.3201213619963438,0.125,0,1089180.0,azure_vm_real_slice
1260,1471800.0,300.0,0.09617837955018102,0.0625,0,1472490.0,azure_vm_real_slice
1261,57900.0,600.0,0.05,0.125,0,59280.0,azure_vm_real_slice
1262,1795800.0,1500.0,0.28201555179645443,0.5,0,1799250.0,azure_vm_real_slice
1263,1796100.0,1200.0,0.05,0.125,0,1798860.0,azure_vm_real_slice
1264,381900.0,26100.0,0.3750767260273107,0.0625,1,435405.0,azure_vm_real_slice
1265,1760100.0,41700.0,0.3840220999065972,0.05,1,1845585.0,azure_vm_real_slice
1266,441600.0,1200.0,0.05,0.0625,0,444360.0,azure_vm_real_slice
1267,841800.0,2400.0,0.6907863708915483,0.125,1,846720.0,azure_vm_real_slice
1268,0.0,3900.0,0.107186217672406,0.5,0,8970.0,azure_vm_real_slice
1269,1901400.0,2700.0,0.5213929111832899,0.05,1,1906935.0,azure_vm_real_slice
1270,539100.0,7500.0,0.7909100748177899,0.5,2,552600.0,azure_vm_real_slice
1271,761700.0,3300.0,0.08571928563293582,0.125,0,769290.0,azure_vm_real_slice
1272,1265100.0,600.0,0.05,0.5,0,1266480.0,azure_vm_real_slice
1273,661800.0,300.0,0.36952545544258564,0.0625,1,662415.0,azure_vm_real_slice
1274,984000.0,300.0,0.4496582445967395,0.5,1,984615.0,azure_vm_real_slice
1275,1842300.0,7200.0,0.05,0.125,0,1858860.0,azure_vm_real_slice
1276,1829700.0,10500.0,0.47281123702898725,0.125,1,1851225.0,azure_vm_real_slice
1277,1153500.0,2100.0,0.19010925925957786,0.0625,0,1158330.0,azure_vm_real_slice
1278,789600.0,1200.0,0.268729952300175,0.125,0,792360.0,azure_vm_real_slice
1279,33900.0,2100.0,0.05122666203296371,0.125,0,38730.0,azure_vm_real_slice
1280,1388700.0,42300.0,0.42318320894986605,0.0625,1,1475415.0,azure_vm_real_slice
1281,1903800.0,600.0,0.05,0.5,0,1905180.0,azure_vm_real_slice
1282,292800.0,300.0,0.05,0.0625,0,293490.0,azure_vm_real_slice
1283,1005000.0,1200.0,0.09429755123347792,0.125,0,1007760.0,azure_vm_real_slice
1284,994800.0,900.0,0.19398422428059525,0.5,0,996870.0,azure_vm_real_slice
1285,1926300.0,2400.0,0.512339658673275,0.05,1,1931220.0,azure_vm_real_slice
1286,1435800.0,3000.0,0.6406635156166341,0.05,1,1441950.0,azure_vm_real_slice
1287,531900.0,600.0,0.05427867445772873,0.125,0,533280.0,azure_vm_real_slice
1288,1751400.0,1500.0,0.05,0.5,0,1754850.0,azure_vm_real_slice
1289,287100.0,1500.0,0.7704042092546097,0.5,2,289800.0,azure_vm_real_slice
1290,985800.0,3900.0,0.38717276692423624,0.125,1,993795.0,azure_vm_real_slice
1291,1587300.0,300.0,0.5322647214712819,0.5,1,1587915.0,azure_vm_real_slice
1292,959100.0,600.0,0.12349406635688681,0.125,0,960480.0,azure_vm_real_slice
1293,1762800.0,266400.0,0.05,0.125,0,2375520.0,azure_vm_real_slice
1294,1358400.0,36300.0,0.22750570769139736,0.125,0,1441890.0,azure_vm_real_slice
1295,146700.0,300.0,0.05,0.125,0,147390.0,azure_vm_real_slice
1296,1984500.0,900.0,0.07096267782003546,0.125,0,1986570.0,azure_vm_real_slice
1297,0.0,300.0,0.05,0.5,0,690.0,azure_vm_real_slice
1298,409500.0,4500.0,0.05,0.125,0,419850.0,azure_vm_real_slice
1299,752700.0,4200.0,0.05,0.125,0,762360.0,azure_vm_real_slice
1300,0.0,10200.0,0.06274926586003836,0.5,0,23460.0,azure_vm_real_slice
1301,1679700.0,600.0,0.35473559025730245,0.05,1,1680930.0,azure_vm_real_slice
1302,0.0,3000.0,0.33094584593560405,0.125,0,6899.999999999999,azure_vm_real_slice
1303,1224900.0,600.0,0.05,0.5,2,1225980.0,azure_vm_real_slice
1304,0.0,1800.0,0.0717269579345693,0.5,0,4140.0,azure_vm_real_slice
1305,0.0,2591400.0,0.05,0.05,0,5960220.0,azure_vm_real_slice
1306,1159800.0,12900.0,0.8049700189572142,0.5,2,1183020.0,azure_vm_real_slice
1307,471000.0,900.0,0.16534696096375862,0.5,0,473070.0,azure_vm_real_slice
1308,84000.0,2700.0,0.05596941948513101,0.5,0,90210.0,azure_vm_real_slice
1309,0.0,2576100.0,0.05,0.05,0,5925030.0,azure_vm_real_slice
1310,0.0,2591400.0,0.05,0.125,0,5960220.0,azure_vm_real_slice
1311,1155600.0,26700.0,0.34056482271809996,0.125,0,1217010.0,azure_vm_real_slice
1312,249000.0,900.0,0.08914542393553121,0.125,0,251070.0,azure_vm_real_slice
1313,1820100.0,62400.0,0.28973407861877853,0.125,0,1963620.0,azure_vm_real_slice
1314,1559100.0,1500.0,0.4913447979723359,0.05,1,1562175.0,azure_vm_real_slice
1315,0.0,10800.0,0.39167619764491995,0.125,1,22139.999999999996,azure_vm_real_slice
1316,0.0,600.0,0.05,0.5,0,1380.0,azure_vm_real_slice
1317,0.0,1500.0,0.07938020804286094,0.125,0,3449.9999999999995,azure_vm_real_slice
1318,1467300.0,22800.0,0.05,0.5,0,1519740.0,azure_vm_real_slice
1319,1265400.0,767700.0,0.355372846400157,0.5,1,2839185.0,azure_vm_real_slice
1320,1747500.0,600.0,0.05,0.5,0,1748880.0,azure_vm_real_slice
1321,0.0,900.0,0.18233117502590648,0.5,0,2070.0,azure_vm_real_slice
1322,1192500.0,600.0,0.05,0.125,0,1193880.0,azure_vm_real_slice
1323,626100.0,1500.0,0.08870273391398299,0.125,0,629550.0,azure_vm_real_slice
1324,1383600.0,2100.0,0.05,0.125,0,1388430.0,azure_vm_real_slice
1325,969300.0,600.0,0.05,0.5,0,970680.0,azure_vm_real_slice
1326,897000.0,28800.0,0.05,0.5,2,948840.0,azure_vm_real_slice
1327,498000.0,300.0,0.206773698593764,0.05,0,498690.0,azure_vm_real_slice
1328,1468800.0,11100.0,0.7806890679299687,0.5,2,1488780.0,azure_vm_real_slice
1329,0.0,600.0,0.05,0.5,0,1380.0,azure_vm_real_slice
1330,1379400.0,1200.0,0.2224466772593825,0.5,0,1382160.0,azure_vm_real_slice
1331,1925700.0,24300.0,0.05,0.0625,0,1981590.0,azure_vm_real_slice
1332,0.0,144600.0,0.05,0.5,0,332580.0,azure_vm_real_slice
1333,1429800.0,900.0,0.11515620194505248,0.125,0,1431870.0,azure_vm_real_slice
1334,0.0,1500.0,0.12138179174783498,0.5,0,3449.9999999999995,azure_vm_real_slice
1335,2006700.0,26400.0,0.5496815351859886,0.05,1,2060820.0,azure_vm_real_slice
1336,1339200.0,3000.0,0.10714821104218407,0.05,0,1346100.0,azure_vm_real_slice
1337,1543500.0,2100.0,0.05,1.0,2,1547280.0,azure_vm_real_slice
1338,341100.0,2100.0,0.05,0.5,0,345930.0,azure_vm_real_slice
1339,0.0,2591400.0,0.0862126182733194,0.0625,0,5960220.0,azure_vm_real_slice
1340,0.0,1800.0,0.5880358187493351,0.05,1,3689.9999999999995,azure_vm_real_slice
1341,1098300.0,57900.0,0.3019410723525673,0.0625,0,1231470.0,azure_vm_real_slice
1342,1906800.0,2100.0,0.05,0.5,0,1911630.0,azure_vm_real_slice
1343,790500.0,19500.0,0.7757422371065854,0.5,2,825600.0,azure_vm_real_slice
1344,1851300.0,15000.0,0.28647236791847264,0.125,0,1885800.0,azure_vm_real_slice
1345,57300.0,1500.0,0.3464870108731585,0.125,0,60750.0,azure_vm_real_slice
1346,0.0,1500.0,0.24619272804939332,0.125,0,3449.9999999999995,azure_vm_real_slice
1347,1800900.0,86400.0,0.05,0.125,0,1999620.0,azure_vm_real_slice
1348,1966800.0,300.0,0.05,0.125,0,1967490.0,azure_vm_real_slice
1349,238200.0,1800.0,0.05,0.5,0,242340.0,azure_vm_real_slice
1350,0.0,300.0,0.05,0.5,0,690.0,azure_vm_real_slice
1351,0.0,300.0,0.05,0.125,0,690.0,azure_vm_real_slice
1352,647400.0,147300.0,0.6122394767404916,0.125,1,949365.0,azure_vm_real_slice
1353,1848900.0,14400.0,0.13679988258809725,0.125,0,1882020.0,azure_vm_real_slice
1354,0.0,2591400.0,0.05,0.0625,0,5960220.0,azure_vm_real_slice
1355,753900.0,174300.0,0.05,0.5,0,1154790.0,azure_vm_real_slice
1356,1014000.0,1200.0,0.28370871769614864,0.5,0,1016760.0,azure_vm_real_slice
1357,1781700.0,48600.0,0.05,0.5,2,1869180.0,azure_vm_real_slice
1358,1850400.0,103200.0,0.2779910199098584,0.05,0,2087760.0,azure_vm_real_slice
1359,667500.0,7500.0,0.09107693028363023,0.125,0,684750.0,azure_vm_real_slice
1360,0.0,300.0,0.05,0.0625,0,690.0,azure_vm_real_slice
1361,0.0,1200.0,0.13925071964299565,0.5,2,2160.0,azure_vm_real_slice
1362,1935000.0,600.0,0.10336322928403766,0.125,0,1936380.0,azure_vm_real_slice
1363,62700.0,1200.0,0.06812192560756265,0.5,0,65460.0,azure_vm_real_slice
1364,0.0,2591400.0,0.08808075800655094,0.05,0,5960220.0,azure_vm_real_slice
1365,725700.0,125400.0,0.05419393814821179,0.5,0,1014120.0,azure_vm_real_slice
1366,1885800.0,16200.0,0.22261407307735115,0.0625,0,1923060.0,azure_vm_real_slice
1367,1900500.0,2700.0,0.1186783493244632,0.125,0,1906710.0,azure_vm_real_slice
1368,336600.0,300.0,0.0630851515540748,0.5,2,337140.0,azure_vm_real_slice
1369,283800.0,600.0,0.211247951413759,0.125,0,285180.0,azure_vm_real_slice
1370,1480500.0,3600.0,0.05,0.125,0,1488780.0,azure_vm_real_slice
1371,1203600.0,600.0,0.05,0.5,0,1204980.0,azure_vm_real_slice
1372,0.0,900.0,0.10922475921466607,0.125,0,2070.0,azure_vm_real_slice
1373,0.0,300.0,0.07158056506896471,0.0625,0,690.0,azure_vm_real_slice
1374,0.0,5100.0,0.07251094536401213,0.125,0,11730.0,azure_vm_real_slice
1375,1607400.0,10200.0,0.05,0.125,0,1630860.0,azure_vm_real_slice
1376,256200.0,256800.0,0.05,0.125,0,846840.0,azure_vm_real_slice
1377,511800.0,39600.0,0.11116618980848932,0.0625,0,602880.0,azure_vm_real_slice
1378,633000.0,1500.0,0.05,1.0,2,635700.0,azure_vm_real_slice
1379,0.0,3000.0,0.15733414627030648,0.05,0,6899.999999999999,azure_vm_real_slice
1380,750300.0,2100.0,0.12205179104255368,0.05,0,755130.0,azure_vm_real_slice
1381,0.0,1800.0,0.2288036022444632,0.0625,0,4140.0,azure_vm_real_slice
1382,1984200.0,900.0,0.08730693170132789,0.125,0,1986270.0,azure_vm_real_slice
1383,0.0,2591400.0,0.05179533960216459,0.125,0,5960220.0,azure_vm_real_slice
1384,0.0,9600.0,0.06873966176750759,0.5,0,22080.0,azure_vm_real_slice
1385,408900.0,90000.0,0.11251378457081335,0.0625,0,615900.0,azure_vm_real_slice
1386,0.0,300.0,0.05,0.5,0,690.0,azure_vm_real_slice
1387,0.0,2591400.0,0.12384118345214194,0.05,0,5960220.0,azure_vm_real_slice
1388,1775100.0,2400.0,0.05,0.0625,0,1780620.0,azure_vm_real_slice
1389,1104600.0,36300.0,0.7193434792067389,0.5,1,1179015.0,azure_vm_real_slice
1390,1056300.0,36000.0,0.05,0.5,2,1121100.0,azure_vm_real_slice
1391,0.0,2100.0,0.05,0.5,0,4830.0,azure_vm_real_slice
1392,1827600.0,205500.0,0.24130565004583715,0.125,0,2300250.0,azure_vm_real_slice
1393,1287000.0,2700.0,0.12629305115069778,0.5,2,1291860.0,azure_vm_real_slice
1394,1627500.0,300.0,0.05,0.5,0,1628190.0,azure_vm_real_slice
1395,672600.0,2700.0,0.5974403656093784,0.125,1,678135.0,azure_vm_real_slice
1396,875400.0,62100.0,0.21571216607891192,0.125,0,1018230.0,azure_vm_real_slice
1397,1580100.0,300.0,0.13983306237681925,0.125,0,1580790.0,azure_vm_real_slice
1398,0.0,300.0,0.2878912076319068,0.0625,0,690.0,azure_vm_real_slice
1399,0.0,9600.0,0.20427569916158356,1.0,2,17280.0,azure_vm_real_slice
1400,150000.0,2400.0,0.05,0.125,0,155520.0,azure_vm_real_slice
1401,128100.0,24600.0,0.4305082111652048,0.125,1,178530.0,azure_vm_real_slice
1402,0.0,2591400.0,0.08982222683441482,0.0625,0,5960220.0,azure_vm_real_slice
1403,1284300.0,600.0,0.05,0.5,0,1285680.0,azure_vm_real_slice
1404,210300.0,300.0,0.05,0.05,0,210990.0,azure_vm_real_slice
1405,1945500.0,3600.0,0.05,0.05,0,1953780.0,azure_vm_real_slice
1406,1560600.0,2700.0,0.6141858241310645,0.125,1,1566135.0,azure_vm_real_slice
1407,0.0,2591400.0,0.05234246586716406,0.0625,0,5960220.0,azure_vm_real_slice
1408,475200.0,900.0,0.05045256655192007,0.125,0,477270.0,azure_vm_real_slice
1409,1840800.0,900.0,0.16510694755253438,0.125,0,1842870.0,azure_vm_real_slice
1410,77700.0,2400.0,0.05,0.5,0,83220.0,azure_vm_real_slice
1411,453600.0,58500.0,0.21671130934362065,0.5,0,588150.0,azure_vm_real_slice
1412,676200.0,3600.0,0.5891719459783177,0.125,1,683580.0,azure_vm_real_slice
1413,0.0,300.0,0.05,0.5,2,540.0,azure_vm_real_slice
1414,0.0,3300.0,0.13589453182571817,0.5,2,5939.999999999999,azure_vm_real_slice
1415,610200.0,24900.0,0.05684874026631799,0.125,0,667470.0,azure_vm_real_slice
1416,0.0,2700.0,0.1762761742485651,0.5,0,6209.999999999999,azure_vm_real_slice
1417,0.0,2591400.0,0.07916523006587482,0.125,0,5960220.0,azure_vm_real_slice
1418,757500.0,600.0,0.1491069993656255,0.125,0,758880.0,azure_vm_real_slice
1419,434100.0,9900.0,0.7017704413141405,0.5,1,454395.0,azure_vm_real_slice
1420,0.0,1500.0,0.22613732234214534,0.5,0,3449.9999999999995,azure_vm_real_slice
1421,430500.0,2700.0,0.08389928788580978,0.125,0,436710.0,azure_vm_real_slice
1422,1144200.0,888900.0,0.07316928249132475,0.5,0,3188670.0,azure_vm_real_slice
1423,1047300.0,29100.0,0.217934087539171,0.5,2,1099680.0,azure_vm_real_slice
1424,1773600.0,300.0,0.11968836435188837,0.125,0,1774290.0,azure_vm_real_slice
1425,1984200.0,48900.0,0.6554807053628732,0.5,1,2084445.0,azure_vm_real_slice
1426,929400.0,900.0,0.05,0.5,0,931470.0,azure_vm_real_slice
1427,1120200.0,39000.0,0.19759223995652872,0.5,2,1190400.0,azure_vm_real_slice
1428,774000.0,600.0,0.06574408738852917,0.125,0,775380.0,azure_vm_real_slice
1429,1805700.0,10200.0,0.7947275795334615,0.5,2,1824060.0,azure_vm_real_slice
1430,686400.0,6900.0,0.7311201207299779,0.0625,1,700545.0,azure_vm_real_slice
1431,536100.0,900.0,0.05,0.125,0,538170.0,azure_vm_real_slice
1432,1413300.0,11400.0,0.05,0.125,0,1439520.0,azure_vm_real_slice
1433,1872000.0,2100.0,0.7181448374381826,0.5,1,1876305.0,azure_vm_real_slice
1434,0.0,300.0,0.35114933266487003,0.0625,1,615.0,azure_vm_real_slice
1435,573000.0,900.0,0.1359347531365263,0.125,0,575070.0,azure_vm_real_slice
1436,1543500.0,7500.0,0.4799929751723899,0.0625,1,1558875.0,azure_vm_real_slice
1437,62700.0,300.0,0.05,0.0625,0,63390.0,azure_vm_real_slice
1438,1795800.0,300.0,0.18993360913034718,0.125,0,1796490.0,azure_vm_real_slice
1439,795300.0,14400.0,0.20779558156217745,0.5,2,821220.0,azure_vm_real_slice
1440,1834200.0,14100.0,0.05,0.125,0,1866630.0,azure_vm_real_slice
1441,497700.0,4200.0,0.17488395306623722,0.125,0,507360.0,azure_vm_real_slice
1442,1163400.0,2100.0,0.05,0.5,2,1167180.0,azure_vm_real_slice
1443,724800.0,1200.0,0.06479415820079754,0.125,0,727560.0,azure_vm_real_slice
1444,596700.0,86700.0,0.05,0.5,2,752760.0,azure_vm_real_slice
1445,658200.0,1200.0,0.06130274106287237,0.125,0,660960.0,azure_vm_real_slice
1446,1617300.0,600.0,0.05,0.5,0,1618680.0,azure_vm_real_slice
1447,0.0,2591400.0,0.0946173224520612,0.5,2,4664520.0,azure_vm_real_slice
1448,0.0,2591400.0,0.05,0.05,0,5960220.0,azure_vm_real_slice
1449,0.0,103800.0,0.07044648790191288,0.125,0,238739.99999999997,azure_vm_real_slice
1450,1165500.0,300.0,0.1240604886857205,0.5,0,1166190.0,azure_vm_real_slice
1451,1575900.0,2400.0,0.5029990525349399,0.125,1,1580820.0,azure_vm_real_slice
1452,0.0,300.0,0.16432187655715183,0.05,0,690.0,azure_vm_real_slice
1453,1815600.0,600.0,0.1309541707815475,0.125,0,1816980.0,azure_vm_real_slice
1454,1643400.0,1800.0,0.09506583471184057,1.0,2,1646640.0,azure_vm_real_slice
1455,586200.0,2100.0,0.1533203975906363,0.125,0,591030.0,azure_vm_real_slice
1456,212700.0,300.0,0.05,0.125,0,213390.0,azure_vm_real_slice
1457,0.0,900.0,0.05,0.5,0,2070.0,azure_vm_real_slice
1458,1622100.0,2100.0,0.7735110049789458,0.5,2,1625880.0,azure_vm_real_slice
1459,703200.0,900.0,0.1621306471934761,0.0625,0,705270.0,azure_vm_real_slice
1460,1205700.0,19800.0,0.06591980408387793,0.5,0,1251240.0,azure_vm_real_slice
1461,1042200.0,6000.0,0.34453567604644925,0.125,0,1056000.0,azure_vm_real_slice
1462,197400.0,6900.0,0.7763914337024523,0.5,2,209820.0,azure_vm_real_slice
1463,1179000.0,300.0,0.05,0.5,0,1179690.0,azure_vm_real_slice
1464,0.0,600.0,0.13986230051502294,0.125,0,1380.0,azure_vm_real_slice
1465,268500.0,7200.0,0.789958821527818,0.5,2,281460.0,azure_vm_real_slice
1466,0.0,600.0,0.05,0.125,0,1380.0,azure_vm_real_slice
1467,1780800.0,300.0,0.05,0.125,0,1781490.0,azure_vm_real_slice
1468,0.0,2591400.0,0.15362382620383222,0.05,0,5960220.0,azure_vm_real_slice
1469,419700.0,2700.0,0.05,0.5,0,425910.0,azure_vm_real_slice
1470,0.0,2591400.0,0.05,0.0625,0,5960220.0,azure_vm_real_slice
1471,393300.0,3300.0,0.2225173773435381,0.0625,0,400890.0,azure_vm_real_slice
1472,341100.0,23100.0,0.05,0.5,2,382680.0,azure_vm_real_slice
1473,971700.0,146700.0,0.05,0.5,0,1309110.0,azure_vm_real_slice
1474,0.0,2591400.0,0.05,0.05,0,5960220.0,azure_vm_real_slice
1475,1719600.0,900.0,0.4666337530524233,0.125,1,1721445.0,azure_vm_real_slice
1476,1877400.0,300.0,0.17063233758276047,0.5,0,1878090.0,azure_vm_real_slice
1477,363000.0,49200.0,0.302054201000714,0.125,0,476160.0,azure_vm_real_slice
1478,616500.0,900.0,0.05,0.125,0,618570.0,azure_vm_real_slice
1479,399600.0,10800.0,0.05,0.0625,0,424440.0,azure_vm_real_slice
1480,588300.0,600.0,0.08948018359726129,0.125,0,589680.0,azure_vm_real_slice
1481,321000.0,900.0,0.0808824313372273,0.125,0,323070.0,azure_vm_real_slice
1482,430500.0,1800.0,0.4707244686266206,0.125,1,434190.0,azure_vm_real_slice
1483,1217100.0,600.0,0.05,0.5,0,1218480.0,azure_vm_real_slice
1484,389100.0,47400.0,0.05,1.0,2,474420.0,azure_vm_real_slice
1485,339900.0,300.0,0.07314403261737891,0.5,0,340590.0,azure_vm_real_slice
1486,87000.0,67800.0,0.29308787573000017,0.125,0,242940.0,azure_vm_real_slice
1487,162600.0,300.0,0.08773086852590943,0.125,0,163290.0,azure_vm_real_slice
1488,0.0,2591400.0,0.05,0.0625,0,5960220.0,azure_vm_real_slice
1489,1341600.0,300.0,0.05,0.5,0,1342290.0,azure_vm_real_slice
1490,0.0,2280600.0,0.3315945620493772,0.0625,0,5245380.0,azure_vm_real_slice
1491,479400.0,300.0,0.05,0.5,0,480090.0,azure_vm_real_slice
1492,746100.0,600.0,0.05487780851887698,0.125,0,747480.0,azure_vm_real_slice
1493,1958700.0,300.0,0.17296188396478201,0.125,0,1959390.0,azure_vm_real_slice
1494,1847400.0,2700.0,0.05,0.5,0,1853610.0,azure_vm_real_slice
1495,0.0,2588100.0,0.05,0.125,0,5952630.0,azure_vm_real_slice
1496,1826100.0,10200.0,0.05,0.125,0,1849560.0,azure_vm_real_slice
1497,177900.0,2100.0,0.05,0.5,0,182730.0,azure_vm_real_slice
1498,2032200.0,300.0,0.05,0.125,0,2032890.0,azure_vm_real_slice
1499,0.0,2591400.0,0.2404927607293862,0.5,2,4664520.0,azure_vm_real_slice
1500,1597200.0,20700.0,0.5058391795472839,0.125,1,1639635.0,azure_vm_real_slice
1501,1776600.0,1500.0,0.05,0.5,0,1780050.0,azure_vm_real_slice
1502,324600.0,1800.0,0.05,0.5,0,328740.0,azure_vm_real_slice
1503,875700.0,600.0,0.0917250467630569,0.0625,0,877080.0,azure_vm_real_slice
1504,65400.0,300.0,0.5769785235438709,0.5,1,66015.0,azure_vm_real_slice
1505,549600.0,1483500.0,0.07072540287419955,0.05,0,3961649.9999999995,azure_vm_real_slice
1506,1269300.0,46500.0,0.11619610425345085,0.0625,0,1376250.0,azure_vm_real_slice
1507,1030200.0,1200.0,0.08131642142131028,0.125,0,1032960.0,azure_vm_real_slice
1508,0.0,2700.0,0.2193787072010069,0.0625,0,6209.999999999999,azure_vm_real_slice
1509,300900.0,900.0,0.15140070944283265,0.5,2,302520.0,azure_vm_real_slice
1510,0.0,300.0,0.05,0.125,0,690.0,azure_vm_real_slice
1511,34200.0,1500.0,0.05,0.5,0,37650.0,azure_vm_real_slice
1512,1650300.0,600.0,0.19486298632394233,0.125,0,1651680.0,azure_vm_real_slice
1513,1863300.0,300.0,0.16228943733899281,0.125,0,1863990.0,azure_vm_real_slice
1514,1271700.0,600.0,0.05,0.125,0,1273080.0,azure_vm_real_slice
1515,1112100.0,300.0,0.05,0.125,0,1112790.0,azure_vm_real_slice
1516,1136700.0,1200.0,0.05,0.125,0,1139460.0,azure_vm_real_slice
1517,959100.0,1800.0,0.10193775266117601,1.0,2,962340.0,azure_vm_real_slice
1518,1406100.0,5700.0,0.13379551679488794,0.0625,0,1419210.0,azure_vm_real_slice
1519,860100.0,258000.0,0.05,0.5,0,1453500.0,azure_vm_real_slice
1520,1064100.0,300.0,0.12125540086269584,0.125,0,1064790.0,azure_vm_real_slice
1521,0.0,2591400.0,0.054603162373394305,0.0625,0,5960220.0,azure_vm_real_slice
1522,986100.0,300.0,0.05,0.5,0,986790.0,azure_vm_real_slice
1523,1597200.0,88500.0,0.07226635437271212,0.0625,0,1800750.0,azure_vm_real_slice
1524,0.0,600.0,0.07692976806496171,0.125,0,1380.0,azure_vm_real_slice
1525,1416900.0,1200.0,0.05,0.0625,0,1419660.0,azure_vm_real_slice
1526,1257600.0,266100.0,0.05,0.5,2,1736580.0,azure_vm_real_slice
1527,360900.0,900.0,0.08202848198415634,0.0625,0,362970.0,azure_vm_real_slice
1528,991800.0,3300.0,0.6150726248343955,0.125,1,998565.0,azure_vm_real_slice
1529,1734600.0,300.0,0.25642919461794966,0.125,0,1735290.0,azure_vm_real_slice
1530,1775400.0,900.0,0.12013186146985882,0.125,0,1777470.0,azure_vm_real_slice
1531,0.0,2102100.0,0.06106953602194997,0.05,0,4834830.0,azure_vm_real_slice
1532,252000.0,600.0,0.05,0.0625,0,253380.0,azure_vm_real_slice
1533,0.0,2100.0,0.2138178354748557,0.0625,0,4830.0,azure_vm_real_slice
1534,391500.0,600.0,0.05037485529431291,0.125,0,392880.0,azure_vm_real_slice
1535,1667400.0,1200.0,0.0709736667322615,0.125,0,1670160.0,azure_vm_real_slice
1536,0.0,300.0,0.07836470507131368,0.125,0,690.0,azure_vm_real_slice
1537,798000.0,600.0,0.05,0.5,0,799380.0,azure_vm_real_slice
1538,1588800.0,1500.0,0.31301269799277337,0.5,0,1592250.0,azure_vm_real_slice
1539,0.0,11700.0,0.05024641908390351,0.125,0,26909.999999999996,azure_vm_real_slice
1540,0.0,900.0,0.08302140414625349,0.125,0,2070.0,azure_vm_real_slice
1541,430200.0,66600.0,0.05,0.5,0,583380.0,azure_vm_real_slice
1542,0.0,300.0,0.13446159820897716,0.5,0,690.0,azure_vm_real_slice
1543,1969800.0,1200.0,0.09959671325833173,0.125,0,1972560.0,azure_vm_real_slice
1544,1846500.0,1800.0,0.12723717304324783,0.5,2,1849740.0,azure_vm_real_slice
1545,945000.0,600.0,0.06795852901412403,0.5,0,946380.0,azure_vm_real_slice
1546,1877700.0,1500.0,0.2835316129658638,0.125,0,1881150.0,azure_vm_real_slice
1547,1301400.0,59100.0,0.09490294345073856,0.125,0,1437330.0,azure_vm_real_slice
1548,0.0,2400.0,0.5974148665779647,0.5,1,4920.0,azure_vm_real_slice
1549,1722300.0,600.0,0.05,0.5,0,1723680.0,azure_vm_real_slice
1550,0.0,2591400.0,0.07040398026544781,0.5,2,4664520.0,azure_vm_real_slice
1551,1272000.0,300.0,0.05,0.5,0,1272690.0,azure_vm_real_slice
1552,589800.0,2100.0,0.05,0.5,0,594630.0,azure_vm_real_slice
1553,0.0,1500.0,0.3461811630423064,0.125,0,3449.9999999999995,azure_vm_real_slice
1554,1317900.0,266100.0,0.05,0.125,0,1929930.0,azure_vm_real_slice
1555,1583100.0,8400.0,0.0682468017347871,0.125,0,1602420.0,azure_vm_real_slice
1556,0.0,600.0,0.07416298170725423,0.125,0,1380.0,azure_vm_real_slice
1557,0.0,300.0,0.05,0.125,0,690.0,azure_vm_real_slice
1558,1809900.0,10800.0,0.543472981155007,0.5,2,1829340.0,azure_vm_real_slice
1559,0.0,13800.0,0.2174793388616118,0.5,0,31739.999999999996,azure_vm_real_slice
1560,1729500.0,600.0,0.05,0.5,0,1730880.0,azure_vm_real_slice
1561,389100.0,5400.0,0.05329898360911863,0.5,2,398820.0,azure_vm_real_slice
1562,0.0,2591400.0,0.05,0.125,0,5960220.0,azure_vm_real_slice
1563,0.0,2591400.0,0.09191019000662681,0.5,2,4664520.0,azure_vm_real_slice
1564,254700.0,600.0,0.24300631352936444,0.5,2,255780.0,azure_vm_real_slice
1565,0.0,2591400.0,0.05,0.0625,0,5960220.0,azure_vm_real_slice
1566,0.0,2591400.0,0.05903460027672467,0.05,0,5960220.0,azure_vm_real_slice
1567,126900.0,4200.0,0.12826371387431063,0.125,0,136560.0,azure_vm_real_slice
1568,446100.0,1200.0,0.10310082085845476,0.5,0,448860.0,azure_vm_real_slice
1569,0.0,24600.0,0.1398296646451653,0.0625,0,56579.99999999999,azure_vm_real_slice
1570,514200.0,600.0,0.06530079601027161,0.5,0,515580.0,azure_vm_real_slice
1571,0.0,300.0,0.11414699626088658,0.5,0,690.0,azure_vm_real_slice
1572,970200.0,2100.0,0.05,0.0625,0,975030.0,azure_vm_real_slice
1573,729900.0,900.0,0.05,0.5,0,731970.0,azure_vm_real_slice
1574,513900.0,86100.0,0.05,1.0,2,668880.0,azure_vm_real_slice
1575,0.0,737100.0,0.05,0.0625,0,1695329.9999999998,azure_vm_real_slice
1576,943500.0,1200.0,0.1345877839499399,0.125,0,946260.0,azure_vm_real_slice
1577,46500.0,2100.0,0.3944323682515163,0.0625,1,50805.0,azure_vm_real_slice
1578,1818300.0,2700.0,0.05,0.5,0,1824510.0,azure_vm_real_slice
1579,1916400.0,300.0,0.05,0.5,2,1916940.0,azure_vm_real_slice
1580,195600.0,300.0,0.05,0.5,0,196290.0,azure_vm_real_slice
1581,80100.0,600.0,0.1075744316303512,0.125,0,81480.0,azure_vm_real_slice
1582,540900.0,600.0,0.07848211440917821,0.5,0,542280.0,azure_vm_real_slice
1583,33300.0,33600.0,0.38452364913653303,0.125,1,102180.0,azure_vm_real_slice
1584,1771500.0,31200.0,0.3937932995242693,0.125,1,1835460.0,azure_vm_real_slice
1585,174300.0,5700.0,0.19762609919432378,0.5,2,184560.0,azure_vm_real_slice
1586,0.0,2591400.0,0.0855432926599334,0.05,0,5960220.0,azure_vm_real_slice
1587,1038000.0,1200.0,0.05,0.125,0,1040760.0,azure_vm_real_slice
1588,1188300.0,300.0,0.05,0.0625,0,1188990.0,azure_vm_real_slice
1589,0.0,300.0,0.2860313576882343,0.125,0,690.0,azure_vm_real_slice
1590,1779300.0,600.0,0.05,0.125,0,1780680.0,azure_vm_real_slice
1591,922800.0,900.0,0.05,0.5,0,924870.0,azure_vm_real_slice
1592,1195500.0,300.0,0.05,0.05,0,1196190.0,azure_vm_real_slice
1593,424800.0,300.0,0.05,0.05,0,425490.0,azure_vm_real_slice
1594,1827900.0,300.0,0.11466669318097455,0.125,0,1828590.0,azure_vm_real_slice
1595,1233000.0,1200.0,0.23843660975217876,0.125,0,1235760.0,azure_vm_real_slice
1596,1283700.0,2100.0,0.05,0.5,0,1288530.0,azure_vm_real_slice
1597,1218900.0,1200.0,0.05,0.125,0,1221660.0,azure_vm_real_slice
1598,0.0,2591400.0,0.05,0.05,0,5960220.0,azure_vm_real_slice
1599,1634100.0,3600.0,0.05,0.5,2,1640580.0,azure_vm_real_slice
1600,0.0,2591400.0,0.3040865121143183,0.0625,0,5960220.0,azure_vm_real_slice
1601,87600.0,2400.0,0.5524640616747157,0.05,1,92520.0,azure_vm_real_slice
1602,0.0,1500.0,0.37070548473129106,0.5,1,3074.9999999999995,azure_vm_real_slice
1603,1065000.0,6600.0,0.05,1.0,2,1076880.0,azure_vm_real_slice
1604,0.0,2591400.0,0.3471748205086538,0.05,0,5960220.0,azure_vm_real_slice
1605,590700.0,2700.0,0.05,0.5,0,596910.0,azure_vm_real_slice
1606,1448400.0,47100.0,0.5391290291073296,0.0625,1,1544955.0,azure_vm_real_slice
1607,1861500.0,8400.0,0.17456211515883627,0.5,2,1876620.0,azure_vm_real_slice
1608,1743300.0,600.0,0.11498851391430903,0.125,0,1744680.0,azure_vm_real_slice
1609,1823400.0,28200.0,0.20685925645303166,1.0,2,1874160.0,azure_vm_real_slice
1610,351000.0,300.0,0.05856723557698322,0.125,0,351690.0,azure_vm_real_slice
1611,0.0,600.0,0.42395048897735776,0.05,1,1230.0,azure_vm_real_slice
1612,0.0,2591400.0,0.47872810368073215,0.125,1,5312370.0,azure_vm_real_slice
1613,2003700.0,9000.0,0.0894359488339991,0.5,2,2019900.0,azure_vm_real_slice
1614,597600.0,300.0,0.05,0.125,0,598290.0,azure_vm_real_slice
1615,1984800.0,600.0,0.05,0.125,0,1986180.0,azure_vm_real_slice
1616,636600.0,300.0,0.05,1.0,2,637140.0,azure_vm_real_slice
1617,1870500.0,300.0,0.27069265474654786,0.125,0,1871190.0,azure_vm_real_slice
1618,386400.0,600.0,0.05240515512677803,0.5,0,387780.0,azure_vm_real_slice
1619,1755900.0,1800.0,0.05,0.5,0,1760040.0,azure_vm_real_slice
1620,1053000.0,1200.0,0.05,1.0,2,1055160.0,azure_vm_real_slice
1621,1686900.0,2100.0,0.2141870844194312,0.0625,0,1691730.0,azure_vm_real_slice
1622,1488900.0,37500.0,0.06600968158984713,0.05,0,1575150.0,azure_vm_real_slice
1623,0.0,1800.0,0.13993384263295747,0.125,0,4140.0,azure_vm_real_slice
1624,0.0,300.0,0.05004473484295958,0.125,0,690.0,azure_vm_real_slice
1625,0.0,2591400.0,0.09536121071424467,0.05,0,5960220.0,azure_vm_real_slice
1626,727500.0,3300.0,0.21546792205739446,0.0625,0,735090.0,azure_vm_real_slice
1627,159900.0,9600.0,0.1464621171182478,0.05,0,181980.0,azure_vm_real_slice
1628,826800.0,34200.0,0.3936553058193554,0.125,1,896910.0,azure_vm_real_slice
1629,828000.0,15000.0,0.5439672409820571,0.125,1,858750.0,azure_vm_real_slice
1630,987900.0,300.0,0.05,0.0625,0,988590.0,azure_vm_real_slice
1631,0.0,300.0,0.2885849850389361,0.125,0,690.0,azure_vm_real_slice
1632,1308600.0,1500.0,0.05,0.125,0,1312050.0,azure_vm_real_slice
1633,1775700.0,900.0,0.05,0.125,0,1777770.0,azure_vm_real_slice
1634,776400.0,300.0,0.05,0.0625,0,777090.0,azure_vm_real_slice
1635,32100.0,936900.0,0.06081121474065914,0.5,2,1718519.9999999998,azure_vm_real_slice
1636,0.0,6000.0,0.7260549057874767,0.125,1,12299.999999999998,azure_vm_real_slice
1637,1358400.0,1500.0,0.05,0.125,0,1361850.0,azure_vm_real_slice
1638,1805700.0,6000.0,0.23787861383068898,0.5,2,1816500.0,azure_vm_real_slice
1639,0.0,2591400.0,0.05,0.125,0,5960220.0,azure_vm_real_slice
1640,101700.0,600.0,0.08498843808658368,0.125,0,103080.0,azure_vm_real_slice
1641,657000.0,600.0,0.14770950517877027,0.0625,0,658380.0,azure_vm_real_slice
1642,1313700.0,48600.0,0.3243468567491433,0.125,0,1425480.0,azure_vm_real_slice
1643,0.0,600.0,0.05840085385733804,0.125,0,1380.0,azure_vm_real_slice
1644,1756800.0,41700.0,0.3425342081987609,0.125,0,1852710.0,azure_vm_real_slice
1645,1667700.0,900.0,0.05,0.125,0,1669770.0,azure_vm_real_slice
1646,1035000.0,300.0,0.05,0.5,0,1035690.0,azure_vm_real_slice
1647,0.0,43200.0,0.2605067411737583,0.5,2,77759.99999999999,azure_vm_real_slice
1648,1850700.0,3600.0,0.5301374257137449,0.05,1,1858080.0,azure_vm_real_slice
1649,0.0,900.0,0.05950083607252092,0.125,0,2070.0,azure_vm_real_slice
1650,538200.0,600.0,0.05,0.125,0,539580.0,azure_vm_real_slice
1651,1513200.0,101700.0,0.3597941520248083,0.125,1,1721685.0,azure_vm_real_slice
1652,1236300.0,2100.0,0.05,0.5,0,1241130.0,azure_vm_real_slice
1653,1544700.0,1500.0,0.3977301109539244,0.05,1,1547775.0,azure_vm_real_slice
1654,336600.0,1500.0,0.05,0.5,0,340050.0,azure_vm_real_slice
1655,138300.0,4800.0,0.6970013342067594,0.125,1,148140.0,azure_vm_real_slice
1656,383100.0,2400.0,0.213969614339508,0.0625,0,388620.0,azure_vm_real_slice
1657,540900.0,300.0,0.05,0.125,0,541590.0,azure_vm_real_slice
1658,819600.0,9600.0,0.2660064493403459,0.125,0,841680.0,azure_vm_real_slice
1659,0.0,1800.0,0.05,0.5,0,4140.0,azure_vm_real_slice
1660,727800.0,1200.0,0.051292490052958516,0.5,0,730560.0,azure_vm_real_slice
1661,0.0,300.0,0.15287922021668834,0.125,0,690.0,azure_vm_real_slice
1662,891300.0,3300.0,0.5016825249870451,0.05,1,898065.0,azure_vm_real_slice
1663,610200.0,2100.0,0.05,0.5,0,615030.0,azure_vm_real_slice
1664,0.0,9000.0,0.05386082554002788,0.125,0,20700.0,azure_vm_real_slice
1665,0.0,1200.0,0.05,0.5,2,2160.0,azure_vm_real_slice
1666,0.0,3900.0,0.05,0.125,0,8970.0,azure_vm_real_slice
1667,321000.0,300.0,0.05,0.5,2,321540.0,azure_vm_real_slice
1668,1737300.0,2100.0,0.05,0.5,0,1742130.0,azure_vm_real_slice
1669,1686000.0,300.0,0.05,0.5,0,1686690.0,azure_vm_real_slice
1670,82800.0,2100.0,0.05,0.5,0,87630.0,azure_vm_real_slice
1671,694800.0,10500.0,0.6307041165777342,0.5,1,716325.0,azure_vm_real_slice
1672,824700.0,18300.0,0.37929395130196286,0.125,1,862215.0,azure_vm_real_slice
1673,868500.0,1200.0,0.062099360648881205,0.125,0,871260.0,azure_vm_real_slice
1674,582000.0,600.0,0.05,0.125,0,583380.0,azure_vm_real_slice
1675,30000.0,5700.0,0.15898828298827491,0.0625,0,43110.0,azure_vm_real_slice
1676,736800.0,186600.0,0.05,0.125,0,1165980.0,azure_vm_real_slice
1677,0.0,2591400.0,0.5184138635916393,0.125,1,5312370.0,azure_vm_real_slice
1678,126600.0,13200.0,0.3867289517628258,0.125,1,153660.0,azure_vm_real_slice
1679,0.0,62400.0,0.25254915254005444,1.0,2,112319.99999999999,azure_vm_real_slice
1680,999600.0,300.0,0.05,0.5,0,1000290.0,azure_vm_real_slice
1681,1187700.0,22200.0,0.28375811868985634,0.125,0,1238760.0,azure_vm_real_slice
1682,1537200.0,14400.0,0.05167130027646456,0.0625,0,1570320.0,azure_vm_real_slice
1683,0.0,167400.0,0.05,0.5,0,385019.99999999994,azure_vm_real_slice
1684,631500.0,3000.0,0.1640107799739504,0.5,0,638400.0,azure_vm_real_slice
1685,1585200.0,3600.0,0.7382150227461157,0.5,1,1592580.0,azure_vm_real_slice
1686,0.0,300.0,0.3704456193036676,0.0625,1,615.0,azure_vm_real_slice
1687,1474200.0,300.0,0.05,0.5,0,1474890.0,azure_vm_real_slice
1688,409800.0,2100.0,0.05,0.5,0,414630.0,azure_vm_real_slice
1689,0.0,2591400.0,0.07470850329310927,0.05,0,5960220.0,azure_vm_real_slice
1690,510300.0,600.0,0.05,0.125,0,511680.0,azure_vm_real_slice
1691,35700.0,59400.0,0.05,0.5,2,142620.0,azure_vm_real_slice
1692,1171200.0,600.0,0.16389469081560676,0.125,0,1172580.0,azure_vm_real_slice
1693,1920300.0,112800.0,0.14128559815307637,0.125,0,2179740.0,azure_vm_real_slice
1694,0.0,300.0,0.3480588491435019,0.0625,0,690.0,azure_vm_real_slice
1695,1042200.0,600.0,0.5633829035202798,0.5,1,1043430.0,azure_vm_real_slice
1696,1307700.0,600.0,0.05,0.125,0,1309080.0,azure_vm_real_slice
1697,628500.0,300.0,0.3621728162978826,0.05,1,629115.0,azure_vm_real_slice
1698,1329900.0,6600.0,0.06358014545523633,0.125,0,1345080.0,azure_vm_real_slice
1699,364200.0,138000.0,0.14756886034468303,0.125,0,681600.0,azure_vm_real_slice
1700,0.0,600.0,0.05,0.5,0,1380.0,azure_vm_real_slice
1701,0.0,2400.0,0.08590373411618879,0.05,0,5520.0,azure_vm_real_slice
1702,1319100.0,600.0,0.06039321577644368,0.125,0,1320480.0,azure_vm_real_slice
1703,0.0,300.0,0.05,0.5,2,540.0,azure_vm_real_slice
1704,0.0,992400.0,0.18582388717197199,0.125,0,2282520.0,azure_vm_real_slice
1705,843000.0,83400.0,0.05,0.5,0,1034820.0,azure_vm_real_slice
1706,1392600.0,1800.0,0.3886948034408495,0.5,1,1396290.0,azure_vm_real_slice
1707,0.0,2591400.0,0.05,0.5,2,4664520.0,azure_vm_real_slice
1708,242400.0,9000.0,0.21089016015019635,0.05,0,263100.0,azure_vm_real_slice
1709,1243200.0,20400.0,0.4313902097640871,0.125,1,1285020.0,azure_vm_real_slice
1710,1203600.0,600.0,0.05,0.5,2,1204680.0,azure_vm_real_slice
1711,641400.0,337500.0,0.3874028463108673,0.0625,1,1333275.0,azure_vm_real_slice
1712,1128900.0,1800.0,0.05,0.0625,0,1133040.0,azure_vm_real_slice
1713,0.0,2591400.0,0.05950974166413896,0.05,0,5960220.0,azure_vm_real_slice
1714,1062600.0,12300.0,0.226605648476644,0.125,0,1090890.0,azure_vm_real_slice
1715,0.0,2591400.0,0.05,0.0625,0,5960220.0,azure_vm_real_slice
1716,1557300.0,600.0,0.05,0.5,0,1558680.0,azure_vm_real_slice
1717,519000.0,165900.0,0.13361700298608573,0.5,0,900570.0,azure_vm_real_slice
1718,0.0,2591400.0,0.05,0.125,0,5960220.0,azure_vm_real_slice
1719,0.0,300.0,0.06399940137042753,0.125,0,690.0,azure_vm_real_slice
1720,1290000.0,83400.0,0.05,1.0,2,1440120.0,azure_vm_real_slice
1721,1136400.0,1200.0,0.11796953661928077,0.05,0,1139160.0,azure_vm_real_slice
1722,0.0,694800.0,0.0926735714592692,0.05,0,1598039.9999999998,azure_vm_real_slice
1723,0.0,600.0,0.1633133543446834,0.125,0,1380.0,azure_vm_real_slice
1724,996000.0,600.0,0.05410885677787802,0.125,0,997380.0,azure_vm_real_slice
1725,0.0,65100.0,0.18215205337172433,0.125,0,149730.0,azure_vm_real_slice
1726,890100.0,8700.0,0.12036863931738169,0.5,2,905760.0,azure_vm_real_slice
1727,0.0,600.0,0.0610718867123353,0.125,0,1380.0,azure_vm_real_slice
1728,1038300.0,1200.0,0.05,1.0,2,1040460.0,azure_vm_real_slice
1729,83700.0,300.0,0.05,0.125,0,84390.0,azure_vm_real_slice
1730,1840500.0,18600.0,0.05,0.5,0,1883280.0,azure_vm_real_slice
1731,1544700.0,1800.0,0.05179219855217821,0.5,2,1547940.0,azure_vm_real_slice
1732,1944600.0,88500.0,0.05,0.05,0,2148150.0,azure_vm_real_slice
1733,852600.0,600.0,0.05,0.5,0,853980.0,azure_vm_real_slice
1734,0.0,900.0,0.0903131857441395,0.05,0,2070.0,azure_vm_real_slice
1735,1966800.0,300.0,0.05,0.05,0,1967490.0,azure_vm_real_slice
1736,562500.0,600.0,0.05,0.125,0,563880.0,azure_vm_real_slice
1737,623100.0,300.0,0.6871776916918525,0.5,1,623715.0,azure_vm_real_slice
1738,0.0,3300.0,0.27377087136791833,0.125,0,7589.999999999999,azure_vm_real_slice
1739,644100.0,600.0,0.05,0.5,0,645480.0,azure_vm_real_slice
1740,1038300.0,32100.0,0.12029716932998717,1.0,2,1096080.0,azure_vm_real_slice
1741,468600.0,1500.0,0.07685081223781438,0.125,0,472050.0,azure_vm_real_slice
1742,1923600.0,2400.0,0.1498826259592501,0.125,0,1929120.0,azure_vm_real_slice
1743,1742700.0,300.0,0.07535050809164495,0.125,0,1743390.0,azure_vm_real_slice
1744,1107000.0,3600.0,0.4434877825808575,0.5,1,1114380.0,azure_vm_real_slice
1745,1128600.0,24900.0,0.06245012637053184,0.125,0,1185870.0,azure_vm_real_slice
1746,1906200.0,3600.0,0.11478902863599078,0.05,0,1914480.0,azure_vm_real_slice
1747,696600.0,3600.0,0.10834258287346601,0.5,0,704880.0,azure_vm_real_slice
1748,390600.0,300.0,0.18657201061626277,0.5,0,391290.0,azure_vm_real_slice
1749,1188900.0,1500.0,0.05,0.5,0,1192350.0,azure_vm_real_slice
1750,0.0,300.0,0.21101161903147697,0.0625,0,690.0,azure_vm_real_slice
1751,174900.0,300.0,0.34540245126228514,0.05,0,175590.0,azure_vm_real_slice
1752,0.0,39900.0,0.05097006281741291,0.125,0,91770.0,azure_vm_real_slice
1753,1167300.0,300.0,0.43060477378353196,0.125,1,1167915.0,azure_vm_real_slice
1754,189000.0,1200.0,0.12809388004466427,0.125,0,191760.0,azure_vm_real_slice
1755,0.0,1144500.0,0.05,0.125,0,2632350.0,azure_vm_real_slice
1756,133500.0,21300.0,0.16626801288642146,0.125,0,182490.0,azure_vm_real_slice
1757,538200.0,431100.0,0.05,0.125,0,1529730.0,azure_vm_real_slice
1758,0.0,9000.0,0.17759836616621189,0.5,0,20700.0,azure_vm_real_slice
1759,1072200.0,600.0,0.05,0.125,0,1073580.0,azure_vm_real_slice
1760,188700.0,16800.0,0.8002175573210295,0.5,2,218940.0,azure_vm_real_slice
1761,0.0,300.0,0.05,0.125,0,690.0,azure_vm_real_slice
1762,1749900.0,2100.0,0.05,0.5,0,1754730.0,azure_vm_real_slice
1763,0.0,2591400.0,0.48625885640847044,0.125,1,5312370.0,azure_vm_real_slice
1764,397800.0,900.0,0.05,1.0,2,399420.0,azure_vm_real_slice
1765,2010900.0,300.0,0.05,0.0625,0,2011590.0,azure_vm_real_slice
1766,537600.0,300.0,0.05,0.125,0,538290.0,azure_vm_real_slice
1767,1833300.0,300.0,0.2896653397790829,0.125,0,1833990.0,azure_vm_real_slice
1768,259200.0,300.0,0.05,0.5,0,259890.0,azure_vm_real_slice
1769,1779300.0,300.0,0.20668086612088074,0.125,0,1779990.0,azure_vm_real_slice
1770,1275300.0,600.0,0.05,0.5,0,1276680.0,azure_vm_real_slice
1771,629100.0,2400.0,0.08237096794099871,0.125,0,634620.0,azure_vm_real_slice
1772,0.0,2591400.0,0.05900955413473533,0.05,0,5960220.0,azure_vm_real_slice
1773,51000.0,1200.0,0.0753341564481727,0.125,0,53760.0,azure_vm_real_slice
1774,848400.0,600.0,0.05,0.5,0,849780.0,azure_vm_real_slice
1775,1571700.0,10800.0,0.05,1.0,2,1591140.0,azure_vm_real_slice
1776,0.0,2591400.0,0.05,0.5,2,4664520.0,azure_vm_real_slice
1777,1791600.0,600.0,0.16028060863373134,0.125,0,1792980.0,azure_vm_real_slice
1778,1218900.0,2400.0,0.07992648448222955,1.0,2,1223220.0,azure_vm_real_slice
1779,437700.0,688200.0,0.19938335980418478,0.125,0,2020559.9999999998,azure_vm_real_slice
1780,848400.0,4800.0,0.26985535141037476,0.05,0,859440.0,azure_vm_real_slice
1781,429600.0,1800.0,0.17247789652682055,0.5,0,433740.0,azure_vm_real_slice
1782,907200.0,2400.0,0.05,1.0,2,911520.0,azure_vm_real_slice
1783,120300.0,3600.0,0.19364531074681562,0.0625,0,128580.0,azure_vm_real_slice
1784,965400.0,153000.0,0.05,0.5,0,1317300.0,azure_vm_real_slice
1785,1317600.0,2100.0,0.05759864222385072,0.125,0,1322430.0,azure_vm_real_slice
1786,0.0,300.0,0.05,0.125,0,690.0,azure_vm_real_slice
1787,217500.0,600.0,0.3181475021740467,0.125,0,218880.0,azure_vm_real_slice
1788,0.0,437400.0,0.051340677294557054,0.05,0,1006019.9999999999,azure_vm_real_slice
1789,1914300.0,300.0,0.2851672716671709,0.125,0,1914990.0,azure_vm_real_slice
1790,1688100.0,1200.0,0.24631357933280917,0.125,0,1690860.0,azure_vm_real_slice
1791,1513200.0,300.0,0.3837834583982655,0.0625,1,1513815.0,azure_vm_real_slice
1792,567000.0,1500.0,0.4649073693659679,0.125,1,570075.0,azure_vm_real_slice
1793,952500.0,300.0,0.08834069517231372,0.125,0,953190.0,azure_vm_real_slice
1794,659400.0,600.0,0.05,0.125,0,660780.0,azure_vm_real_slice
1795,636300.0,300.0,0.05,0.125,0,636990.0,azure_vm_real_slice
1796,0.0,2591400.0,0.05,0.125,0,5960220.0,azure_vm_real_slice
1797,438000.0,900.0,0.05,0.5,2,439620.0,azure_vm_real_slice
1798,420000.0,300.0,0.08347095753160087,0.0625,0,420690.0,azure_vm_real_slice
1799,1650000.0,300.0,0.05,1.0,2,1650540.0,azure_vm_real_slice
1800,1074600.0,76500.0,0.4799678986347827,0.0625,1,1231425.0,azure_vm_real_slice
1801,0.0,2591400.0,0.05,0.125,0,5960220.0,azure_vm_real_slice
1802,532500.0,2400.0,0.20426785278975232,0.125,0,538020.0,azure_vm_real_slice
1803,0.0,6000.0,0.545708541519293,0.125,1,12299.999999999998,azure_vm_real_slice
1804,0.0,2591400.0,0.05,0.05,0,5960220.0,azure_vm_real_slice
1805,1068300.0,46800.0,0.392737395238128,0.125,1,1164240.0,azure_vm_real_slice
1806,524400.0,2100.0,0.05,0.5,0,529230.0,azure_vm_real_slice
1807,542700.0,28500.0,0.4103923415295465,0.125,1,601125.0,azure_vm_real_slice
1808,1547700.0,1500.0,0.5939369294504824,0.05,1,1550775.0,azure_vm_real_slice
1809,1184400.0,300.0,0.05508308791498192,0.5,0,1185090.0,azure_vm_real_slice
1810,554100.0,10800.0,0.20370716154529642,0.125,0,578940.0,azure_vm_real_slice
1811,0.0,600.0,0.06090181066909177,0.125,0,1380.0,azure_vm_real_slice
1812,328800.0,600.0,0.07874150230284829,0.125,0,330180.0,azure_vm_real_slice
1813,998700.0,122400.0,0.05,0.5,0,1280220.0,azure_vm_real_slice
1814,0.0,1800.0,0.4932923827123522,0.5,1,3689.9999999999995,azure_vm_real_slice
1815,175800.0,900.0,0.05,0.5,0,177870.0,azure_vm_real_slice
1816,485400.0,300.0,0.05,0.125,0,486090.0,azure_vm_real_slice
1817,565500.0,4200.0,0.10409391126221103,0.0625,0,575160.0,azure_vm_real_slice
1818,345000.0,1800.0,0.05,0.5,0,349140.0,azure_vm_real_slice
1819,1835400.0,42600.0,0.7961967868186787,0.5,2,1912080.0,azure_vm_real_slice
1820,26700.0,2400.0,0.05,0.5,0,32220.0,azure_vm_real_slice
1821,970800.0,600.0,0.11439202017436316,0.125,0,972180.0,azure_vm_real_slice
1822,1985100.0,48000.0,0.05,0.05,0,2095500.0,azure_vm_real_slice
1823,690900.0,300.0,0.05,0.125,0,691590.0,azure_vm_real_slice
1824,588300.0,1200.0,0.14889937386248164,0.125,0,591060.0,azure_vm_real_slice
1825,1775700.0,4500.0,0.12588519086893243,0.125,0,1786050.0,azure_vm_real_slice
1826,1869600.0,8700.0,0.34667311765145004,0.0625,0,1889610.0,azure_vm_real_slice
1827,339000.0,1500.0,0.45785098752069026,0.125,1,342075.0,azure_vm_real_slice
1828,1190100.0,600.0,0.05,0.5,0,1191480.0,azure_vm_real_slice
1829,38100.0,36900.0,0.05,0.5,0,122970.0,azure_vm_real_slice
1830,0.0,32700.0,0.05,0.125,0,75210.0,azure_vm_real_slice
1831,0.0,2591400.0,0.3757157251544413,0.5,2,4664520.0,azure_vm_real_slice
1832,1563900.0,3900.0,0.13578453195729748,0.125,0,1572870.0,azure_vm_real_slice
1833,1661100.0,2400.0,0.05,0.5,0,1666620.0,azure_vm_real_slice
1834,456900.0,1500.0,0.2897375907096447,0.5,0,460350.0,azure_vm_real_slice
1835,544500.0,1500.0,0.27393008077667597,0.0625,0,547950.0,azure_vm_real_slice
1836,0.0,1200.0,0.4511394855081047,0.125,1,2460.0,azure_vm_real_slice
1837,0.0,300.0,0.055554865414162345,0.0625,0,690.0,azure_vm_real_slice
1838,1191900.0,600.0,0.05,0.5,0,1193280.0,azure_vm_real_slice
1839,82800.0,19500.0,0.05,0.5,2,117900.0,azure_vm_real_slice
1840,1642500.0,900.0,0.05,0.5,0,1644570.0,azure_vm_real_slice
1841,1931400.0,900.0,0.36220120705122605,0.125,1,1933245.0,azure_vm_real_slice
1842,1857300.0,14400.0,0.05,0.125,0,1890420.0,azure_vm_real_slice
1843,1236900.0,17400.0,0.05,0.5,0,1276920.0,azure_vm_real_slice
1844,0.0,27000.0,0.2712520704746282,0.0625,0,62099.99999999999,azure_vm_real_slice
1845,1920600.0,300.0,0.1325044894987041,0.0625,0,1921290.0,azure_vm_real_slice
1846,1933500.0,3600.0,0.6289287482707121,0.05,1,1940880.0,azure_vm_real_slice
1847,1029900.0,2700.0,0.05,0.0625,0,1036110.0,azure_vm_real_slice
1848,463800.0,600.0,0.05,0.5,0,465180.0,azure_vm_real_slice
1849,315300.0,18900.0,0.2632716430722939,0.0625,0,358770.0,azure_vm_real_slice
1850,356700.0,6600.0,0.06504452033708837,0.0625,0,371880.0,azure_vm_real_slice
1851,833700.0,300.0,0.05,1.0,2,834240.0,azure_vm_real_slice
1852,844500.0,600.0,0.05,0.5,0,845880.0,azure_vm_real_slice
1853,88500.0,300.0,0.41469248894898525,0.0625,1,89115.0,azure_vm_real_slice
1854,853800.0,900.0,0.2139268878727852,0.0625,0,855870.0,azure_vm_real_slice
1855,0.0,66000.0,0.05,0.0625,0,151800.0,azure_vm_real_slice
1856,1722600.0,600.0,0.05,0.125,0,1723980.0,azure_vm_real_slice
1857,1667400.0,600.0,0.05,0.125,0,1668780.0,azure_vm_real_slice
1858,1856400.0,300.0,0.39360947708926775,0.0625,1,1857015.0,azure_vm_real_slice
1859,0.0,2591400.0,0.10946513953009486,0.05,0,5960220.0,azure_vm_real_slice
1860,825900.0,24900.0,0.05,0.125,0,883170.0,azure_vm_real_slice
1861,548100.0,7800.0,0.17094194144348168,0.5,0,566040.0,azure_vm_real_slice
1862,163500.0,300.0,0.05,0.125,0,164190.0,azure_vm_real_slice
1863,0.0,1500.0,0.3748183779127767,0.5,1,3074.9999999999995,azure_vm_real_slice
1864,648000.0,4200.0,0.05,0.5,0,657660.0,azure_vm_real_slice
1865,902100.0,3600.0,0.7444374939582313,0.5,1,909480.0,azure_vm_real_slice
1866,1137600.0,1800.0,0.17784752580160204,0.05,0,1141740.0,azure_vm_real_slice
1867,171000.0,300.0,0.05,0.5,2,171540.0,azure_vm_real_slice
1868,520800.0,300.0,0.22654672519612118,0.0625,0,521490.0,azure_vm_real_slice
1869,155400.0,1200.0,0.06868013618184748,0.125,0,158160.0,azure_vm_real_slice
1870,90600.0,1200.0,0.053650467907057194,0.5,2,92760.0,azure_vm_real_slice
1871,1360800.0,46200.0,0.1474173276509555,0.0625,0,1467060.0,azure_vm_real_slice
1872,349800.0,1200.0,0.06790354991651565,0.125,0,352560.0,azure_vm_real_slice
1873,333000.0,2100.0,0.15400025383388477,0.05,0,337830.0,azure_vm_real_slice
1874,274500.0,4200.0,0.05112000018719092,0.125,0,284160.0,azure_vm_real_slice
1875,664200.0,5100.0,0.421612026762608,0.125,1,674655.0,azure_vm_real_slice
1876,0.0,300.0,0.05,0.5,0,690.0,azure_vm_real_slice
1877,609300.0,900.0,0.05528424294852065,0.5,0,611370.0,azure_vm_real_slice
1878,1365000.0,2400.0,0.21677735376480534,0.0625,0,1370520.0,azure_vm_real_slice
1879,1266300.0,11400.0,0.10222150683108426,0.125,0,1292520.0,azure_vm_real_slice
1880,785700.0,7800.0,0.7589439598686104,0.5,2,799740.0,azure_vm_real_slice
1881,985200.0,7800.0,0.678080388766875,0.5,1,1001190.0,azure_vm_real_slice
1882,497400.0,448500.0,0.05,0.125,0,1528950.0,azure_vm_real_slice
1883,1585200.0,300.0,0.18537314063436142,0.05,0,1585890.0,azure_vm_real_slice
1884,1086300.0,3900.0,0.4320718877441391,0.05,1,1094295.0,azure_vm_real_slice
1885,1140000.0,600.0,0.3828179398674662,0.0625,1,1141230.0,azure_vm_real_slice
1886,293700.0,2400.0,0.05,0.5,0,299220.0,azure_vm_real_slice
1887,1197300.0,600.0,0.22443097915764587,0.125,0,1198680.0,azure_vm_real_slice
1888,0.0,4500.0,0.30602163997198545,0.125,0,10350.0,azure_vm_real_slice
1889,1852500.0,3000.0,0.05,0.0625,0,1859400.0,azure_vm_real_slice
1890,173400.0,2400.0,0.25284713454047414,0.125,0,178920.0,azure_vm_real_slice
1891,387000.0,786900.0,0.075640719003296,0.05,0,2196870.0,azure_vm_real_slice
1892,1198200.0,1200.0,0.22653450481253048,0.05,0,1200960.0,azure_vm_real_slice
1893,74700.0,300.0,0.09153883186852996,0.125,0,75390.0,azure_vm_real_slice
1894,620700.0,4800.0,0.05,0.5,0,631740.0,azure_vm_real_slice
1895,1048200.0,2100.0,0.3924212958866625,0.125,1,1052505.0,azure_vm_real_slice
1896,589800.0,900.0,0.07366310253019238,0.125,0,591870.0,azure_vm_real_slice
1897,433800.0,300.0,0.05,0.5,0,434490.0,azure_vm_real_slice
1898,1963200.0,4200.0,0.28589555792196814,0.125,0,1972860.0,azure_vm_real_slice
1899,504900.0,300.0,0.05,0.5,2,505440.0,azure_vm_real_slice
1900,0.0,600.0,0.05,0.125,0,1380.0,azure_vm_real_slice
1901,0.0,2591400.0,0.07815000942127033,0.05,0,5960220.0,azure_vm_real_slice
1902,0.0,2591400.0,0.1695962477853952,0.05,0,5960220.0,azure_vm_real_slice
1903,2003100.0,300.0,0.09948863877311818,0.5,0,2003790.0,azure_vm_real_slice
1904,1750800.0,30000.0,0.2088615985815711,0.5,2,1804800.0,azure_vm_real_slice
1905,0.0,30300.0,0.35276689297774433,0.125,1,62114.99999999999,azure_vm_real_slice
1906,0.0,11100.0,0.08804487354878571,0.0625,0,25529.999999999996,azure_vm_real_slice
1907,675300.0,1500.0,0.15934869735143006,0.125,0,678750.0,azure_vm_real_slice
1908,726300.0,1800.0,0.05,0.5,2,729540.0,azure_vm_real_slice
1909,1624200.0,1200.0,0.1246685458512906,0.125,0,1626960.0,azure_vm_real_slice
1910,0.0,300.0,0.05,0.125,0,690.0,azure_vm_real_slice
1911,114600.0,28800.0,0.10966207800374404,0.5,2,166440.0,azure_vm_real_slice
1912,177000.0,49200.0,0.48798408373384505,0.0625,1,277860.0,azure_vm_real_slice
1913,548700.0,3900.0,0.2152945718956167,0.5,0,557670.0,azure_vm_real_slice
1914,1393800.0,300.0,0.2983168585004843,0.05,0,1394490.0,azure_vm_real_slice
1915,474300.0,2700.0,0.05,0.5,2,479160.0,azure_vm_real_slice
1916,1405200.0,10500.0,0.10970526871532099,0.5,2,1424100.0,azure_vm_real_slice
1917,1248900.0,21600.0,0.7828457276342278,0.5,2,1287780.0,azure_vm_real_slice
1918,1850700.0,2700.0,0.15364842029669076,0.0625,0,1856910.0,azure_vm_real_slice
1919,1200.0,2100.0,0.05,0.5,0,6030.0,azure_vm_real_slice
1920,499500.0,36000.0,0.42736537617927456,0.0625,1,573300.0,azure_vm_real_slice
1921,0.0,300.0,0.05,0.5,0,690.0,azure_vm_real_slice
1922,382800.0,590700.0,0.05,0.5,2,1446060.0,azure_vm_real_slice
1923,616200.0,300.0,0.05,1.0,2,616740.0,azure_vm_real_slice
1924,1040700.0,5400.0,0.4596506797562347,0.5,2,1050420.0,azure_vm_real_slice
1925,0.0,300.0,0.08326127266702402,0.125,0,690.0,azure_vm_real_slice
1926,682500.0,900.0,0.07213117445919344,0.125,0,684570.0,azure_vm_real_slice
1927,54300.0,3000.0,0.6492078693150036,0.5,1,60450.0,azure_vm_real_slice
1928,942900.0,2400.0,0.23339737443581843,1.0,2,947220.0,azure_vm_real_slice
1929,0.0,300.0,0.05,0.125,0,690.0,azure_vm_real_slice
1930,23100.0,1800.0,0.05,0.5,0,27240.0,azure_vm_real_slice
1931,1490400.0,1200.0,0.5819172531245305,0.125,1,1492860.0,azure_vm_real_slice
1932,975600.0,600.0,0.05,0.5,0,976980.0,azure_vm_real_slice
1933,1945500.0,31800.0,0.33346523720051136,0.125,0,2018640.0,azure_vm_real_slice
1934,280500.0,600.0,0.4216313892065926,0.05,1,281730.0,azure_vm_real_slice
1935,1772100.0,12000.0,0.46858472406732604,0.125,1,1796700.0,azure_vm_real_slice
1936,1115100.0,600.0,0.05,0.125,0,1116480.0,azure_vm_real_slice
1937,310500.0,1200.0,0.0645675825729141,0.125,0,313260.0,azure_vm_real_slice
1938,1395900.0,600.0,0.05,0.0625,0,1397280.0,azure_vm_real_slice
1939,924900.0,300.0,0.05,0.125,0,925590.0,azure_vm_real_slice
1940,1189800.0,2100.0,0.1560069043232996,0.5,0,1194630.0,azure_vm_real_slice
1941,186600.0,127800.0,0.19963432888086072,0.0625,0,480540.0,azure_vm_real_slice
1942,283200.0,39000.0,0.2999966197875265,0.0625,0,372900.0,azure_vm_real_slice
1943,382200.0,300.0,0.1464241054495996,0.125,0,382890.0,azure_vm_real_slice
1944,1637700.0,1800.0,0.36105976524659644,0.125,1,1641390.0,azure_vm_real_slice
1945,0.0,300.0,0.05,0.125,0,690.0,azure_vm_real_slice
1946,1148400.0,600.0,0.05,0.125,0,1149780.0,azure_vm_real_slice
1947,1848900.0,2100.0,0.2313329946934391,0.5,0,1853730.0,azure_vm_real_slice
1948,0.0,2591400.0,0.19093980616917158,0.0625,0,5960220.0,azure_vm_real_slice
1949,1155600.0,300.0,0.1079255227049965,0.0625,0,1156290.0,azure_vm_real_slice
1950,0.0,2591400.0,0.08989715190666858,0.05,0,5960220.0,azure_vm_real_slice
1951,0.0,300.0,0.05,0.5,0,690.0,azure_vm_real_slice
1952,878400.0,1200.0,0.12269412351580086,0.125,0,881160.0,azure_vm_real_slice
1953,1767600.0,1800.0,0.05,0.5,0,1771740.0,azure_vm_real_slice
1954,510600.0,5100.0,0.2693150964122471,0.125,0,522330.0,azure_vm_real_slice
1955,1531800.0,2100.0,0.1582188557722839,0.5,0,1536630.0,azure_vm_real_slice
1956,1321800.0,711300.0,0.05,0.5,0,2957790.0,azure_vm_real_slice
1957,1395000.0,600.0,0.14848146547577856,0.125,0,1396380.0,azure_vm_real_slice
1958,1405800.0,2700.0,0.23653190094136456,0.125,0,1412010.0,azure_vm_real_slice
1959,0.0,2591400.0,0.5460640717921771,0.0625,1,5312370.0,azure_vm_real_slice
1960,1746900.0,1500.0,0.05,0.5,0,1750350.0,azure_vm_real_slice
1961,0.0,900.0,0.1515774248553104,0.05,0,2070.0,azure_vm_real_slice
1962,0.0,30300.0,0.3907435593110111,0.0625,1,62114.99999999999,azure_vm_real_slice
1963,1876200.0,56700.0,0.13000445276407022,0.0625,0,2006610.0,azure_vm_real_slice
1964,0.0,1800.0,0.13194749891861116,0.125,0,4140.0,azure_vm_real_slice
1965,202500.0,2100.0,0.05,0.5,0,207330.0,azure_vm_real_slice
1966,556200.0,600.0,0.2933931979115005,0.125,0,557580.0,azure_vm_real_slice
1967,1069200.0,3000.0,0.3038160304101598,0.125,0,1076100.0,azure_vm_real_slice
1968,1124400.0,600.0,0.05,0.125,0,1125780.0,azure_vm_real_slice
1969,1688400.0,3900.0,0.3155406557708015,0.0625,0,1697370.0,azure_vm_real_slice
1970,410700.0,300.0,0.05,0.125,0,411390.0,azure_vm_real_slice
1971,0.0,2400.0,0.05,0.5,0,5520.0,azure_vm_real_slice
1972,1451100.0,34200.0,0.4120714015010482,0.0625,1,1521210.0,azure_vm_real_slice
1973,611700.0,101700.0,0.05,1.0,2,794760.0,azure_vm_real_slice
1974,1558800.0,1800.0,0.505656822078343,0.05,1,1562490.0,azure_vm_real_slice
1975,552000.0,300.0,0.05,0.05,0,552690.0,azure_vm_real_slice
1976,369000.0,1800.0,0.11994947519225253,0.05,0,373140.0,azure_vm_real_slice
1977,36300.0,1200.0,0.12669827289774557,0.125,0,39060.0,azure_vm_real_slice
1978,0.0,300.0,0.05,0.125,0,690.0,azure_vm_real_slice
1979,751800.0,300.0,0.05,0.0625,0,752490.0,azure_vm_real_slice
1980,418800.0,238800.0,0.05,0.125,0,968040.0,azure_vm_real_slice
1981,0.0,600.0,0.05,0.125,0,1380.0,azure_vm_real_slice
1982,387300.0,1200.0,0.11731374003387093,0.5,2,389460.0,azure_vm_real_slice
1983,234900.0,900.0,0.05,0.125,0,236970.0,azure_vm_real_slice
1984,75900.0,600.0,0.05,0.5,0,77280.0,azure_vm_real_slice
1985,388200.0,1800.0,0.36066783178499173,0.0625,1,391890.0,azure_vm_real_slice
1986,0.0,1200.0,0.05,0.5,0,2760.0,azure_vm_real_slice
1987,1550100.0,2100.0,0.5644736072890959,0.05,1,1554405.0,azure_vm_real_slice
1988,643800.0,121500.0,0.20592829669150944,0.0625,0,923250.0,azure_vm_real_slice
1989,0.0,2591400.0,0.05,0.0625,0,5960220.0,azure_vm_real_slice
1990,1569000.0,300.0,0.05,0.125,0,1569690.0,azure_vm_real_slice
1991,0.0,2591400.0,0.05,0.05,0,5960220.0,azure_vm_real_slice
1992,1569600.0,33900.0,0.1608976306101445,0.5,2,1630620.0,azure_vm_real_slice
1993,403200.0,12600.0,0.5612074875107687,0.125,1,429030.0,azure_vm_real_slice
1994,1824900.0,208200.0,0.05,0.125,0,2303760.0,azure_vm_real_slice
1995,712800.0,1320300.0,0.05,0.125,0,3749489.9999999995,azure_vm_real_slice
1996,609900.0,1200.0,0.05,0.5,0,612660.0,azure_vm_real_slice
1997,200100.0,300.0,0.05,0.5,0,200790.0,azure_vm_real_slice
1998,0.0,300.0,0.05,0.125,0,690.0,azure_vm_real_slice
1999,439200.0,1800.0,0.05,0.5,0,443340.0,azure_vm_real_slice
2000,1919100.0,300.0,0.05,0.5,0,1919790.0,azure_vm_real_slice
2001,0.0,600.0,0.05,0.5,0,1380.0,azure_vm_real_slice
2002,1260600.0,900.0,0.11402481828900289,0.125,0,1262670.0,azure_vm_real_slice
2003,1410600.0,300.0,0.2766591986068389,0.05,0,1411290.0,azure_vm_real_slice
2004,1195500.0,1500.0,0.05,1.0,2,1198200.0,azure_vm_real_slice
2005,129900.0,300.0,0.09571547257899417,1.0,2,130440.0,azure_vm_real_slice
2006,0.0,2400.0,0.6753863294347201,0.125,1,4920.0,azure_vm_real_slice
2007,1393500.0,1800.0,0.5373938153076995,0.125,1,1397190.0,azure_vm_real_slice
2008,0.0,2591400.0,0.06274583828061057,0.0625,0,5960220.0,azure_vm_real_slice
2009,41700.0,42600.0,0.3492003811848276,0.125,0,139680.0,azure_vm_real_slice
2010,1985100.0,300.0,0.05740526329925526,0.0625,0,1985790.0,azure_vm_real_slice
2011,0.0,300.0,0.05,0.0625,0,690.0,azure_vm_real_slice
2012,1548300.0,900.0,0.6686184607584218,0.05,1,1550145.0,azure_vm_real_slice
2013,0.0,2591400.0,0.05,0.125,0,5960220.0,azure_vm_real_slice
2014,1729500.0,3900.0,0.5087885059320785,0.125,1,1737495.0,azure_vm_real_slice
2015,2100.0,6600.0,0.39664373265931546,0.125,1,15629.999999999998,azure_vm_real_slice
2016,0.0,727800.0,0.060885765123972736,0.05,0,1673939.9999999998,azure_vm_real_slice
2017,1784400.0,5100.0,0.05,0.5,2,1793580.0,azure_vm_real_slice
2018,0.0,1200.0,0.20717708273896637,0.5,2,2160.0,azure_vm_real_slice
2019,1249800.0,300.0,0.05,0.5,2,1250340.0,azure_vm_real_slice
2020,715200.0,300.0,0.15746782357832678,0.125,0,715890.0,azure_vm_real_slice
2021,142200.0,1800.0,0.05,0.5,0,146340.0,azure_vm_real_slice
2022,0.0,300.0,0.05,0.125,0,690.0,azure_vm_real_slice
2023,0.0,300.0,0.27422012433301407,0.125,0,690.0,azure_vm_real_slice
2024,0.0,2591400.0,0.14644641010960532,0.0625,0,5960220.0,azure_vm_real_slice
2025,0.0,418200.0,0.05,0.05,0,961859.9999999999,azure_vm_real_slice
2026,837000.0,1200.0,0.10882141401576508,0.5,0,839760.0,azure_vm_real_slice
2027,0.0,2591400.0,0.05,0.5,0,5960220.0,azure_vm_real_slice
2028,0.0,4500.0,0.10607449598654613,0.5,0,10350.0,azure_vm_real_slice
2029,1227000.0,300.0,0.05,0.5,0,1227690.0,azure_vm_real_slice
2030,1027500.0,900.0,0.05,0.05,0,1029570.0,azure_vm_real_slice
2031,378300.0,4800.0,0.7905055876199164,0.5,2,386940.0,azure_vm_real_slice
2032,1853100.0,39900.0,0.37642724836826374,0.05,1,1934895.0,azure_vm_real_slice
2033,1631400.0,300.0,0.05,0.5,2,1631940.0,azure_vm_real_slice
2034,1372200.0,86100.0,0.15570081146731007,0.0625,0,1570230.0,azure_vm_real_slice
2035,0.0,2591400.0,0.08507211315746005,0.05,0,5960220.0,azure_vm_real_slice
2036,1104600.0,300.0,0.05,0.5,0,1105290.0,azure_vm_real_slice
2037,1697100.0,300.0,0.05,0.125,0,1697790.0,azure_vm_real_slice
2038,1307700.0,600.0,0.11782390684670035,0.125,0,1309080.0,azure_vm_real_slice
2039,0.0,2591400.0,0.05,0.5,0,5960220.0,azure_vm_real_slice
2040,425700.0,1200.0,0.05,0.125,0,428460.0,azure_vm_real_slice
2041,0.0,2591400.0,0.05,0.0625,0,5960220.0,azure_vm_real_slice
2042,741300.0,1200.0,0.21774553296815596,0.5,0,744060.0,azure_vm_real_slice
2043,120900.0,300.0,0.05,0.125,0,121590.0,azure_vm_real_slice
2044,496800.0,1343400.0,0.05,0.125,0,3586619.9999999995,azure_vm_real_slice
2045,709500.0,2400.0,0.05,0.5,0,715020.0,azure_vm_real_slice
2046,738900.0,600.0,0.05,0.125,0,740280.0,azure_vm_real_slice
2047,1854300.0,300.0,0.05,0.5,0,1854990.0,azure_vm_real_slice
2048,0.0,300.0,0.4349453564025331,0.0625,1,615.0,azure_vm_real_slice
2049,576900.0,300.0,0.6312420526828667,0.0625,1,577515.0,azure_vm_real_slice
2050,0.0,2520300.0,0.22910780424257868,0.0625,0,5796690.0,azure_vm_real_slice
2051,1303200.0,300.0,0.05,0.0625,0,1303890.0,azure_vm_real_slice
2052,1927200.0,1800.0,0.2511940147319274,0.5,0,1931340.0,azure_vm_real_slice
2053,0.0,2591400.0,0.05,0.0625,0,5960220.0,azure_vm_real_slice
2054,0.0,423300.0,0.11819025124445533,0.5,2,761939.9999999999,azure_vm_real_slice
2055,0.0,5100.0,0.7006632728025107,0.125,1,10455.0,azure_vm_real_slice
2056,1656300.0,300.0,0.7569858453392513,0.5,2,1656840.0,azure_vm_real_slice
2057,553200.0,300.0,0.05,0.5,2,553740.0,azure_vm_real_slice
2058,990000.0,300.0,0.40061489642519005,0.05,1,990615.0,azure_vm_real_slice
2059,1555500.0,2400.0,0.3400910885168419,0.05,0,1561020.0,azure_vm_real_slice
2060,0.0,3600.0,0.09082414881569781,0.05,0,8280.0,azure_vm_real_slice
2061,863400.0,600.0,0.05,0.5,0,864780.0,azure_vm_real_slice
2062,928200.0,900.0,0.05,0.0625,0,930270.0,azure_vm_real_slice
2063,599400.0,2100.0,0.05,0.5,0,604230.0,azure_vm_real_slice
2064,0.0,2591400.0,0.09083891372398041,0.05,0,5960220.0,azure_vm_real_slice
2065,0.0,2591400.0,0.17442796657829043,0.125,0,5960220.0,azure_vm_real_slice
2066,11100.0,161400.0,0.05,0.05,0,382320.0,azure_vm_real_slice
2067,384000.0,900.0,0.05,0.0625,0,386070.0,azure_vm_real_slice
2068,0.0,300.0,0.05,0.125,0,690.0,azure_vm_real_slice
2069,0.0,300.0,0.05,0.5,0,690.0,azure_vm_real_slice
2070,1945800.0,600.0,0.20047346213277842,0.125,0,1947180.0,azure_vm_real_slice
2071,1952700.0,28500.0,0.20005499495763845,0.05,0,2018250.0,azure_vm_real_slice
2072,1116000.0,300.0,0.05691614325119093,0.05,0,1116690.0,azure_vm_real_slice
2073,1332600.0,300.0,0.15574758507470857,0.5,0,1333290.0,azure_vm_real_slice
2074,1485300.0,55800.0,0.7618954339648764,0.125,2,1585740.0,azure_vm_real_slice
2075,1433100.0,2400.0,0.37209668422438646,0.125,1,1438020.0,azure_vm_real_slice
2076,1629600.0,2100.0,0.30690420445617445,0.5,0,1634430.0,azure_vm_real_slice
2077,300600.0,1500.0,0.10964640521388423,0.5,2,303300.0,azure_vm_real_slice
2078,1964100.0,300.0,0.05,0.125,0,1964790.0,azure_vm_real_slice
2079,0.0,2591400.0,0.05,0.0625,0,5960220.0,azure_vm_real_slice
2080,0.0,1217400.0,0.05,0.05,0,2800020.0,azure_vm_real_slice
2081,1215900.0,600.0,0.05,0.5,0,1217280.0,azure_vm_real_slice
2082,1364100.0,600.0,0.05316487182651982,0.125,0,1365480.0,azure_vm_real_slice
2083,502500.0,300.0,0.05,0.125,0,503190.0,azure_vm_real_slice
2084,0.0,600.0,0.4219537159997436,0.5,1,1230.0,azure_vm_real_slice
2085,1123500.0,6600.0,0.05759061681260827,0.125,0,1138680.0,azure_vm_real_slice
2086,36900.0,600.0,0.05,0.125,0,38280.0,azure_vm_real_slice
2087,1998000.0,600.0,0.17371276714377046,0.05,0,1999380.0,azure_vm_real_slice
2088,0.0,9900.0,0.6077883829522017,0.5,1,20295.0,azure_vm_real_slice
2089,740700.0,300.0,0.11956385911660426,0.5,0,741390.0,azure_vm_real_slice
2090,738600.0,20400.0,0.4480307092868234,0.05,1,780420.0,azure_vm_real_slice
2091,430500.0,1200.0,0.05,0.125,0,433260.0,azure_vm_real_slice
2092,1860600.0,900.0,0.05,0.5,0,1862670.0,azure_vm_real_slice
2093,295500.0,1800.0,0.08413436357294173,0.5,2,298740.0,azure_vm_real_slice
2094,0.0,5400.0,0.7235928931194026,0.125,1,11069.999999999998,azure_vm_real_slice
2095,242400.0,3300.0,0.4902744387521139,0.5,1,249165.0,azure_vm_real_slice
2096,1627200.0,300.0,0.05,0.5,0,1627890.0,azure_vm_real_slice
2097,1800000.0,900.0,0.05,0.5,2,1801620.0,azure_vm_real_slice
2098,0.0,94200.0,0.05,0.0625,0,216659.99999999997,azure_vm_real_slice
2099,0.0,417300.0,0.05622890410736907,0.0625,0,959789.9999999999,azure_vm_real_slice
2100,1635600.0,600.0,0.07024991335765496,0.5,0,1636980.0,azure_vm_real_slice
2101,1773900.0,600.0,0.1684446185727046,0.0625,0,1775280.0,azure_vm_real_slice
2102,326700.0,3000.0,0.07456987022757153,0.5,2,332100.0,azure_vm_real_slice
2103,381900.0,12000.0,0.9203011253521345,0.125,2,403500.0,azure_vm_real_slice
2104,1907700.0,600.0,0.05,0.125,0,1909080.0,azure_vm_real_slice
2105,639000.0,1500.0,0.05,0.5,2,641700.0,azure_vm_real_slice
2106,103800.0,600.0,0.6808023585934282,0.5,1,105030.0,azure_vm_real_slice
2107,0.0,527400.0,0.05,0.0625,0,1213020.0,azure_vm_real_slice
2108,633600.0,900.0,0.11889493751246395,0.125,0,635670.0,azure_vm_real_slice
2109,1208400.0,1200.0,0.05,0.125,0,1211160.0,azure_vm_real_slice
2110,1669200.0,10800.0,0.11680695621289568,0.5,2,1688640.0,azure_vm_real_slice
2111,0.0,50400.0,0.05,0.125,0,115919.99999999999,azure_vm_real_slice
2112,160200.0,3900.0,0.06132102042600125,0.125,0,169170.0,azure_vm_real_slice
2113,610500.0,600.0,0.17163684967923218,0.0625,0,611880.0,azure_vm_real_slice
2114,1314900.0,26100.0,0.28247561872719884,0.5,0,1374930.0,azure_vm_real_slice
2115,987900.0,1500.0,0.2845053006431927,0.5,0,991350.0,azure_vm_real_slice
2116,1383300.0,51600.0,0.1537542217553512,0.5,0,1501980.0,azure_vm_real_slice
2117,1912800.0,600.0,0.05,0.125,0,1914180.0,azure_vm_real_slice
2118,0.0,1795200.0,0.051895831388814935,0.125,0,4128959.9999999995,azure_vm_real_slice
2119,33000.0,300.0,0.06785463656356872,0.0625,0,33690.0,azure_vm_real_slice
2120,1240200.0,900.0,0.05,0.5,2,1241820.0,azure_vm_real_slice
2121,0.0,300.0,0.05,0.125,0,690.0,azure_vm_real_slice
2122,1300500.0,300.0,0.13832074144635292,0.0625,0,1301190.0,azure_vm_real_slice
2123,1364700.0,1500.0,0.14187238565798435,0.125,0,1368150.0,azure_vm_real_slice
2124,1322700.0,600.0,0.05,0.0625,0,1324080.0,azure_vm_real_slice
2125,1710900.0,26100.0,0.22630366233605526,0.0625,0,1770930.0,azure_vm_real_slice
2126,576300.0,1456800.0,0.12097762717143118,0.05,0,3926939.9999999995,azure_vm_real_slice
2127,1480500.0,600.0,0.05,0.125,0,1481880.0,azure_vm_real_slice
2128,947700.0,1500.0,0.256836422974535,0.125,0,951150.0,azure_vm_real_slice
2129,0.0,94500.0,0.05,0.05,0,217349.99999999997,azure_vm_real_slice
2130,1006500.0,30000.0,0.7755547656990157,0.125,2,1060500.0,azure_vm_real_slice
2131,0.0,2400.0,0.19303779653533057,0.5,0,5520.0,azure_vm_real_slice
2132,1547400.0,1800.0,0.6569632562588077,0.05,1,1551090.0,azure_vm_real_slice
2133,0.0,300.0,0.17968624821249068,0.0625,0,690.0,azure_vm_real_slice
2134,0.0,1800.0,0.05,0.5,0,4140.0,azure_vm_real_slice
2135,1813500.0,29100.0,0.05,0.0625,0,1880430.0,azure_vm_real_slice
2136,1320600.0,712500.0,0.05,0.0625,0,2959350.0,azure_vm_real_slice
2137,0.0,2591400.0,0.5279629336860949,0.05,1,5312370.0,azure_vm_real_slice
2138,941400.0,300.0,0.05,0.5,0,942090.0,azure_vm_real_slice
2139,1075200.0,31200.0,0.05,0.125,0,1146960.0,azure_vm_real_slice
2140,661200.0,300.0,0.05,1.0,2,661740.0,azure_vm_real_slice
2141,1617300.0,4200.0,0.11956148404185946,0.125,0,1626960.0,azure_vm_real_slice
2142,0.0,5100.0,0.6718893778960733,0.125,1,10455.0,azure_vm_real_slice
2143,1231800.0,900.0,0.05,1.0,2,1233420.0,azure_vm_real_slice
2144,218400.0,1814700.0,0.05,0.125,0,4392210.0,azure_vm_real_slice
2145,0.0,600.0,0.05,0.125,0,1380.0,azure_vm_real_slice
2146,723900.0,3600.0,0.5009970663412897,0.125,1,731280.0,azure_vm_real_slice
2147,0.0,1200.0,0.050642432966292734,0.125,0,2760.0,azure_vm_real_slice
2148,209100.0,17100.0,0.37938594557107763,0.05,1,244155.0,azure_vm_real_slice
2149,1201200.0,600.0,0.13214450237208503,0.125,0,1202580.0,azure_vm_real_slice
2150,1158900.0,900.0,0.22354770968148024,0.5,0,1160970.0,azure_vm_real_slice
2151,1533000.0,2100.0,0.5999015611319629,0.125,1,1537305.0,azure_vm_real_slice
2152,293700.0,300.0,0.44332298026984157,0.0625,1,294315.0,azure_vm_real_slice
2153,1823400.0,900.0,0.23496974771479434,0.125,0,1825470.0,azure_vm_real_slice
2154,1297800.0,735300.0,0.36301513797767915,0.5,1,2805165.0,azure_vm_real_slice
2155,1958700.0,300.0,0.33612325837493096,0.05,0,1959390.0,azure_vm_real_slice
2156,821400.0,87300.0,0.05,0.5,0,1022190.0,azure_vm_real_slice
2157,1162800.0,870300.0,0.05745397731946555,0.0625,0,3164490.0,azure_vm_real_slice
2158,0.0,2591400.0,0.05,0.5,0,5960220.0,azure_vm_real_slice
2159,0.0,300.0,0.5134111539711773,0.0625,1,615.0,azure_vm_real_slice
2160,542700.0,14400.0,0.07270739215653635,0.05,0,575820.0,azure_vm_real_slice
2161,1824900.0,300.0,0.05,0.125,0,1825590.0,azure_vm_real_slice
2162,784500.0,4800.0,0.05,0.125,0,795540.0,azure_vm_real_slice
2163,0.0,2591400.0,0.11770255072995918,0.05,0,5960220.0,azure_vm_real_slice
2164,0.0,22800.0,0.2993626408441564,0.0625,0,52439.99999999999,azure_vm_real_slice
2165,553800.0,11100.0,0.6258674112312044,0.5,1,576555.0,azure_vm_real_slice
2166,925800.0,1200.0,0.22817690017819278,0.125,0,928560.0,azure_vm_real_slice
2167,317400.0,600.0,0.22882352167244566,0.0625,0,318780.0,azure_vm_real_slice
2168,34500.0,1200.0,0.05,0.5,0,37260.0,azure_vm_real_slice
2169,0.0,1537500.0,0.2658091647524086,0.0625,0,3536249.9999999995,azure_vm_real_slice
2170,1271700.0,600.0,0.05,0.5,0,1273080.0,azure_vm_real_slice
2171,469800.0,2400.0,0.05,0.5,0,475320.0,azure_vm_real_slice
2172,0.0,2591400.0,0.15560268356923515,0.0625,0,5960220.0,azure_vm_real_slice
2173,489300.0,1543800.0,0.34786304034687143,0.05,0,4040039.9999999995,azure_vm_real_slice
2174,1511100.0,3900.0,0.05,0.5,2,1518120.0,azure_vm_real_slice
2175,0.0,6600.0,0.662397865012429,0.125,1,13529.999999999998,azure_vm_real_slice
2176,541200.0,900.0,0.05,0.5,0,543270.0,azure_vm_real_slice
2177,365400.0,6900.0,0.7055301611188787,0.05,1,379545.0,azure_vm_real_slice
2178,21600.0,9000.0,0.5282964341039766,0.5,1,40050.0,azure_vm_real_slice
2179,0.0,2591400.0,0.05290687029239258,0.05,0,5960220.0,azure_vm_real_slice
2180,1080000.0,2400.0,0.05,0.0625,0,1085520.0,azure_vm_real_slice
2181,44100.0,1500.0,0.12211859280667198,0.125,0,47550.0,azure_vm_real_slice
2182,0.0,2591400.0,0.06391419457047273,0.125,0,5960220.0,azure_vm_real_slice
2183,0.0,7200.0,0.17560979194826232,0.125,0,16560.0,azure_vm_real_slice
2184,1642200.0,600.0,0.05,0.5,2,1643280.0,azure_vm_real_slice
2185,504300.0,1200.0,0.4133264973196809,0.0625,1,506760.0,azure_vm_real_slice
2186,1232700.0,4200.0,0.05,0.5,2,1240260.0,azure_vm_real_slice
2187,0.0,2591400.0,0.05,0.5,0,5960220.0,azure_vm_real_slice
2188,1487700.0,300.0,0.05,0.125,0,1488390.0,azure_vm_real_slice
2189,560400.0,3000.0,0.13712213262149336,0.0625,0,567300.0,azure_vm_real_slice
2190,488100.0,300.0,0.08282484524368515,0.05,0,488790.0,azure_vm_real_slice
2191,1307400.0,63000.0,0.09492813193744308,0.5,0,1452300.0,azure_vm_real_slice
2192,135000.0,600.0,0.12114887625450699,0.125,0,136380.0,azure_vm_real_slice
2193,1051500.0,6900.0,0.05,0.125,0,1067370.0,azure_vm_real_slice
2194,1302900.0,600.0,0.05,0.5,0,1304280.0,azure_vm_real_slice
2195,1243200.0,20400.0,0.4830935607493197,0.125,1,1285020.0,azure_vm_real_slice
2196,0.0,300.0,0.05,0.0625,0,690.0,azure_vm_real_slice
2197,0.0,67500.0,0.19965788465032008,0.0625,0,155250.0,azure_vm_real_slice
2198,1602600.0,73200.0,0.05,0.125,0,1770960.0,azure_vm_real_slice
2199,0.0,17400.0,0.05,0.0625,0,40020.0,azure_vm_real_slice
2200,939600.0,600.0,0.07214334562760889,0.5,0,940980.0,azure_vm_real_slice
2201,1791300.0,241800.0,0.4595141245215585,0.05,1,2286990.0,azure_vm_real_slice
2202,0.0,900.0,0.23581472431764408,0.05,0,2070.0,azure_vm_real_slice
2203,1814400.0,300.0,0.2581124980625413,0.0625,0,1815090.0,azure_vm_real_slice
2204,322200.0,300.0,0.05,0.5,0,322890.0,azure_vm_real_slice
2205,0.0,2591400.0,0.05,0.125,0,5960220.0,azure_vm_real_slice
2206,1313400.0,2100.0,0.05,0.5,0,1318230.0,azure_vm_real_slice
2207,1242600.0,1800.0,0.13150569680901877,0.125,0,1246740.0,azure_vm_real_slice
2208,563700.0,300.0,0.05,0.125,0,564390.0,azure_vm_real_slice
2209,1289700.0,300.0,0.057814642312917525,0.125,0,1290390.0,azure_vm_real_slice
2210,1606500.0,73800.0,0.05,0.5,0,1776240.0,azure_vm_real_slice
2211,0.0,2100.0,0.05,0.125,0,4830.0,azure_vm_real_slice
2212,879900.0,300.0,0.05,0.5,0,880590.0,azure_vm_real_slice
2213,61800.0,300.0,0.37397610391096736,0.05,1,62415.0,azure_vm_real_slice
2214,433500.0,300.0,0.05,0.5,0,434190.0,azure_vm_real_slice
2215,1260000.0,300.0,0.2850198098372929,0.05,0,1260690.0,azure_vm_real_slice
2216,0.0,3600.0,0.05,0.125,0,8280.0,azure_vm_real_slice
2217,444000.0,1500.0,0.25842798051274163,0.125,0,447450.0,azure_vm_real_slice
2218,1099800.0,54000.0,0.4958781201814723,0.125,1,1210500.0,azure_vm_real_slice
2219,1656600.0,300.0,0.15195110519934338,0.05,0,1657290.0,azure_vm_real_slice
2220,1894500.0,600.0,0.05908616448820966,0.125,0,1895880.0,azure_vm_real_slice
2221,990900.0,900.0,0.051960935218673884,0.125,0,992970.0,azure_vm_real_slice
2222,1608000.0,1800.0,0.05,1.0,2,1611240.0,azure_vm_real_slice
2223,709800.0,3600.0,0.6447681354479141,0.05,1,717180.0,azure_vm_real_slice
2224,522000.0,22200.0,0.6262517965739395,0.5,1,567510.0,azure_vm_real_slice
2225,1195500.0,18300.0,0.22324055098243278,0.0625,0,1237590.0,azure_vm_real_slice
2226,772800.0,1200.0,0.21838205156264487,0.125,0,775560.0,azure_vm_real_slice
2227,1199400.0,1500.0,0.07118434510996019,0.5,0,1202850.0,azure_vm_real_slice
2228,875700.0,600.0,0.05,0.125,0,877080.0,azure_vm_real_slice
2229,1170900.0,600.0,0.05,0.125,0,1172280.0,azure_vm_real_slice
2230,624000.0,2100.0,0.2718095565499026,0.5,2,627780.0,azure_vm_real_slice
2231,1759500.0,300.0,0.18196807762173406,0.125,0,1760190.0,azure_vm_real_slice
2232,0.0,1800.0,0.24520278106255922,0.0625,0,4140.0,azure_vm_real_slice
2233,1404600.0,21600.0,0.08134334890441242,0.5,2,1443480.0,azure_vm_real_slice
2234,2008800.0,600.0,0.05,0.05,0,2010180.0,azure_vm_real_slice
2235,1161900.0,1800.0,0.16584621688226706,0.125,0,1166040.0,azure_vm_real_slice
2236,0.0,900.0,0.09842900824673391,0.5,0,2070.0,azure_vm_real_slice
2237,80700.0,600.0,0.14052258354757943,0.125,0,82080.0,azure_vm_real_slice
2238,0.0,1800.0,0.46020502506914585,0.5,1,3689.9999999999995,azure_vm_real_slice
2239,0.0,600.0,0.22637222363780207,0.125,0,1380.0,azure_vm_real_slice
2240,1043400.0,1800.0,0.2913586443231022,0.5,0,1047540.0,azure_vm_real_slice
2241,1031700.0,58800.0,0.11041580984841559,0.5,0,1166940.0,azure_vm_real_slice
2242,237900.0,17400.0,0.05,0.125,0,277920.0,azure_vm_real_slice
2243,1946700.0,600.0,0.21707683681597179,0.125,0,1948080.0,azure_vm_real_slice
2244,0.0,300.0,0.05,0.5,0,690.0,azure_vm_real_slice
2245,1158000.0,1800.0,0.3215091534533983,0.125,0,1162140.0,azure_vm_real_slice
2246,364800.0,1500.0,0.05,0.0625,0,368250.0,azure_vm_real_slice
2247,612900.0,3300.0,0.38621245203751264,0.05,1,619665.0,azure_vm_real_slice
2248,440400.0,3600.0,0.16420207442054247,0.125,0,448680.0,azure_vm_real_slice
2249,2028600.0,4500.0,0.06224709873723918,0.5,2,2036700.0,azure_vm_real_slice
2250,91800.0,2400.0,0.08827875245501778,0.125,0,97320.0,azure_vm_real_slice
2251,1039200.0,1500.0,0.20396122921883567,0.125,0,1042650.0,azure_vm_real_slice
2252,1602900.0,349200.0,0.05,0.5,2,2231460.0,azure_vm_real_slice
2253,0.0,2591400.0,0.05,0.0625,0,5960220.0,azure_vm_real_slice
2254,589500.0,1200.0,0.20785860094031283,0.125,0,592260.0,azure_vm_real_slice
2255,1735500.0,300.0,0.17375703761064912,0.5,0,1736190.0,azure_vm_real_slice
2256,561900.0,1200.0,0.05,0.5,0,564660.0,azure_vm_real_slice
2257,1005600.0,300.0,0.05,0.0625,0,1006290.0,azure_vm_real_slice
2258,1934700.0,300.0,0.15666382937378265,0.0625,0,1935390.0,azure_vm_real_slice
2259,1102200.0,300.0,0.10936962164110858,0.5,0,1102890.0,azure_vm_real_slice
2260,87000.0,2400.0,0.6952393002725097,0.0625,1,91920.0,azure_vm_real_slice
2261,1499100.0,1500.0,0.13160553972975314,0.125,0,1502550.0,azure_vm_real_slice
2262,476100.0,10800.0,0.3251754536406649,0.125,0,500940.0,azure_vm_real_slice
2263,460500.0,4500.0,0.05,0.05,0,470850.0,azure_vm_real_slice
2264,245100.0,9900.0,0.05,0.0625,0,267870.0,azure_vm_real_slice
2265,1039800.0,600.0,0.2588146340924067,0.125,0,1041180.0,azure_vm_real_slice
2266,1227600.0,600.0,0.05,0.125,0,1228980.0,azure_vm_real_slice
2267,1671600.0,1200.0,0.2867568383269785,0.5,0,1674360.0,azure_vm_real_slice
2268,237900.0,300.0,0.05,0.0625,0,238590.0,azure_vm_real_slice
2269,1804500.0,900.0,0.05,0.125,0,1806570.0,azure_vm_real_slice
2270,1488000.0,300.0,0.05,0.125,0,1488690.0,azure_vm_real_slice
2271,0.0,3600.0,0.6104519179291803,0.05,1,7379.999999999999,azure_vm_real_slice
2272,520200.0,300.0,0.05,0.125,0,520890.0,azure_vm_real_slice
2273,240900.0,4800.0,0.793795531348963,0.5,2,249540.0,azure_vm_real_slice
2274,747300.0,900.0,0.6252839403089875,0.5,1,749145.0,azure_vm_real_slice
2275,0.0,2400.0,0.05,0.5,0,5520.0,azure_vm_real_slice
2276,0.0,54300.0,0.49523935093759136,0.125,1,111314.99999999999,azure_vm_real_slice
2277,1883700.0,900.0,0.05,0.125,0,1885770.0,azure_vm_real_slice
2278,0.0,3000.0,0.05,0.0625,0,6899.999999999999,azure_vm_real_slice
2279,133200.0,300.0,0.08099766335531935,0.125,0,133890.0,azure_vm_real_slice
2280,1524000.0,300.0,0.05,0.125,0,1524690.0,azure_vm_real_slice
2281,0.0,2100.0,0.055374468920656714,0.5,2,3779.9999999999995,azure_vm_real_slice
2282,670800.0,42300.0,0.38263766797795895,0.0625,1,757515.0,azure_vm_real_slice
2283,0.0,300.0,0.05,0.125,0,690.0,azure_vm_real_slice
2284,0.0,2591400.0,0.05,0.0625,0,5960220.0,azure_vm_real_slice
2285,0.0,300.0,0.05,0.125,0,690.0,azure_vm_real_slice
2286,1266300.0,600.0,0.05,0.5,0,1267680.0,azure_vm_real_slice
2287,695700.0,600.0,0.05,0.125,0,697080.0,azure_vm_real_slice
2288,635400.0,2400.0,0.20098807910113312,0.0625,0,640920.0,azure_vm_real_slice
2289,0.0,300.0,0.05,0.5,0,690.0,azure_vm_real_slice
2290,0.0,2100.0,0.05,0.5,0,4830.0,azure_vm_real_slice
2291,221100.0,1500.0,0.05,0.5,0,224550.0,azure_vm_real_slice
2292,500100.0,300.0,0.16300730626708038,0.0625,0,500790.0,azure_vm_real_slice
2293,1714500.0,300.0,0.05,0.125,0,1715190.0,azure_vm_real_slice
2294,1288500.0,600.0,0.05,0.5,0,1289880.0,azure_vm_real_slice
2295,1878300.0,2100.0,0.05,0.5,0,1883130.0,azure_vm_real_slice
2296,1046400.0,300.0,0.05,0.125,0,1047090.0,azure_vm_real_slice
2297,0.0,600.0,0.05,0.125,0,1380.0,azure_vm_real_slice
2298,1772100.0,600.0,0.8371986899777403,0.5,2,1773180.0,azure_vm_real_slice
2299,744000.0,600.0,0.05,0.5,0,745380.0,azure_vm_real_slice
2300,0.0,6000.0,0.689050933159549,0.125,1,12299.999999999998,azure_vm_real_slice
2301,1578600.0,300.0,0.1760290366161836,0.125,0,1579290.0,azure_vm_real_slice
2302,310200.0,2400.0,0.05,0.5,0,315720.0,azure_vm_real_slice
2303,1946100.0,300.0,0.05,0.0625,0,1946790.0,azure_vm_real_slice
2304,0.0,2591400.0,0.10772058463345344,0.05,0,5960220.0,azure_vm_real_slice
2305,0.0,2400.0,0.05,0.0625,0,5520.0,azure_vm_real_slice
2306,1860900.0,300.0,0.05,0.5,0,1861590.0,azure_vm_real_slice
2307,1949100.0,7200.0,0.5265335202328056,0.05,1,1963860.0,azure_vm_real_slice
2308,0.0,300.0,0.23417209837147435,0.05,0,690.0,azure_vm_real_slice
2309,198300.0,1200.0,0.05,0.0625,0,201060.0,azure_vm_real_slice
2310,313200.0,900.0,0.14276794401184895,0.5,2,314820.0,azure_vm_real_slice
2311,737400.0,600.0,0.05,0.5,0,738780.0,azure_vm_real_slice
2312,521700.0,300.0,0.18368851545089052,0.5,0,522390.0,azure_vm_real_slice
2313,1600500.0,300.0,0.182323517471254,0.125,0,1601190.0,azure_vm_real_slice
2314,508800.0,2100.0,0.12767446387121567,0.125,0,513630.0,azure_vm_real_slice
2315,736200.0,1500.0,0.39807363260827194,0.125,1,739275.0,azure_vm_real_slice
2316,796800.0,600.0,0.08862294223220983,0.5,0,798180.0,azure_vm_real_slice
2317,676500.0,1800.0,0.05,0.125,0,680640.0,azure_vm_real_slice
2318,1032600.0,1000500.0,0.05,0.125,0,3333750.0,azure_vm_real_slice
2319,298500.0,2100.0,0.4862140321922444,0.125,1,302805.0,azure_vm_real_slice
2320,756300.0,300.0,0.05,0.0625,0,756990.0,azure_vm_real_slice
2321,202200.0,6300.0,0.40782332457605547,0.0625,1,215115.0,azure_vm_real_slice
2322,1547700.0,1500.0,0.6973816007460897,0.05,1,1550775.0,azure_vm_real_slice
2323,0.0,300.0,0.37819462370293166,0.5,1,615.0,azure_vm_real_slice
2324,1816200.0,1500.0,0.05,0.5,0,1819650.0,azure_vm_real_slice
2325,1718700.0,2100.0,0.5228047174316344,0.5,1,1723005.0,azure_vm_real_slice
2326,0.0,2591400.0,0.2209881199500245,0.0625,0,5960220.0,azure_vm_real_slice
2327,988500.0,600.0,0.05,0.05,0,989880.0,azure_vm_real_slice
2328,365700.0,300.0,0.05,0.125,0,366390.0,azure_vm_real_slice
2329,633000.0,18900.0,0.7646004488502105,0.5,2,667020.0,azure_vm_real_slice
2330,1480200.0,900.0,0.0985810900627036,0.125,0,1482270.0,azure_vm_real_slice
2331,1246800.0,1800.0,0.3164988070241658,0.5,0,1250940.0,azure_vm_real_slice
2332,1625700.0,900.0,0.05,0.05,0,1627770.0,azure_vm_real_slice
2333,1037400.0,600.0,0.05,0.0625,0,1038780.0,azure_vm_real_slice
2334,451800.0,790800.0,0.1220196630364694,0.0625,0,2270640.0,azure_vm_real_slice
2335,1817400.0,300.0,0.05,0.5,0,1818090.0,azure_vm_real_slice
2336,600.0,1200.0,0.22648061559671084,0.125,0,3360.0,azure_vm_real_slice
2337,1139100.0,3900.0,0.2937079877132434,0.125,0,1148070.0,azure_vm_real_slice
2338,1755900.0,300.0,0.2343652504733176,0.125,0,1756590.0,azure_vm_real_slice
2339,1972500.0,1500.0,0.05,1.0,2,1975200.0,azure_vm_real_slice
2340,0.0,97500.0,0.0527083087309508,0.5,0,224249.99999999997,azure_vm_real_slice
2341,660600.0,3300.0,0.5812282593778588,0.05,1,667365.0,azure_vm_real_slice
2342,1443600.0,300.0,0.43925236772180937,0.0625,1,1444215.0,azure_vm_real_slice
2343,1248900.0,507300.0,0.3435854201400016,0.5,0,2415690.0,azure_vm_real_slice
2344,962400.0,300.0,0.1999965950264959,0.125,0,963090.0,azure_vm_real_slice
2345,1875000.0,158100.0,0.7759686360295796,0.5,2,2159580.0,azure_vm_real_slice
2346,533700.0,8700.0,0.279297300015447,0.5,2,549360.0,azure_vm_real_slice
2347,1170900.0,4500.0,0.05,0.125,0,1181250.0,azure_vm_real_slice
2348,1791300.0,300.0,0.05,0.5,0,1791990.0,azure_vm_real_slice
2349,0.0,3300.0,0.05700244812898084,0.05,0,7589.999999999999,azure_vm_real_slice
2350,0.0,2591400.0,0.05,0.05,0,5960220.0,azure_vm_real_slice
2351,1743300.0,1500.0,0.05,0.5,0,1746750.0,azure_vm_real_slice
2352,0.0,2591400.0,0.07660626339888213,0.05,0,5960220.0,azure_vm_real_slice
2353,0.0,2591400.0,0.342775263289097,0.125,0,5960220.0,azure_vm_real_slice
2354,642600.0,33600.0,0.4235517788977771,0.05,1,711480.0,azure_vm_real_slice
2355,0.0,600.0,0.1521233948515715,0.5,0,1380.0,azure_vm_real_slice
2356,105300.0,54300.0,0.5029501377358548,0.05,1,216615.0,azure_vm_real_slice
2357,1502400.0,600.0,0.05,0.5,0,1503780.0,azure_vm_real_slice
2358,18000.0,300.0,0.07257570898145095,0.125,0,18690.0,azure_vm_real_slice
2359,1938000.0,300.0,0.05,1.0,2,1938540.0,azure_vm_real_slice
2360,225600.0,300.0,0.05,0.125,0,226290.0,azure_vm_real_slice
2361,0.0,10200.0,0.6584531739733975,0.5,1,20910.0,azure_vm_real_slice
2362,0.0,1800.0,0.05,1.0,2,3239.9999999999995,azure_vm_real_slice
2363,282300.0,1500.0,0.31469795506843756,0.05,0,285750.0,azure_vm_real_slice
2364,0.0,3000.0,0.5173337945722732,0.125,1,6149.999999999999,azure_vm_real_slice
2365,110100.0,2700.0,0.10728963426126116,0.125,0,116310.0,azure_vm_real_slice
2366,1169700.0,600.0,0.15799187650049157,0.125,0,1171080.0,azure_vm_real_slice
2367,0.0,1052400.0,0.3629590610197625,0.0625,1,2157420.0,azure_vm_real_slice
2368,1951500.0,300.0,0.10927091927661267,0.125,0,1952190.0,azure_vm_real_slice
2369,1944600.0,600.0,0.18300728775205755,0.125,0,1945980.0,azure_vm_real_slice
2370,903300.0,2400.0,0.7918417523654765,0.5,2,907620.0,azure_vm_real_slice
2371,972300.0,600.0,0.5016642247307033,0.125,1,973530.0,azure_vm_real_slice
2372,1678200.0,9900.0,0.6056307006630312,0.125,1,1698495.0,azure_vm_real_slice
2373,1393500.0,6000.0,0.6465266503262146,0.125,1,1405800.0,azure_vm_real_slice
2374,0.0,2591400.0,0.15637316328161885,0.05,0,5960220.0,azure_vm_real_slice
2375,726300.0,1500.0,0.38298046146069503,0.0625,1,729375.0,azure_vm_real_slice
2376,187800.0,13200.0,0.7906610281429852,0.5,2,211560.0,azure_vm_real_slice
2377,890700.0,14700.0,0.05,0.125,0,924510.0,azure_vm_real_slice
2378,1371300.0,600.0,0.05,0.0625,0,1372680.0,azure_vm_real_slice
2379,1475400.0,2400.0,0.460485157281545,0.125,1,1480320.0,azure_vm_real_slice
2380,24900.0,300.0,0.05,0.125,0,25590.0,azure_vm_real_slice
2381,0.0,300.0,0.05,0.0625,0,690.0,azure_vm_real_slice
2382,1216500.0,300.0,0.05,0.0625,0,1217190.0,azure_vm_real_slice
2383,2012100.0,600.0,0.1778760649010523,0.0625,0,2013480.0,azure_vm_real_slice
2384,1486800.0,55200.0,0.4617254111280972,0.05,1,1599960.0,azure_vm_real_slice
2385,742200.0,383100.0,0.4678107249250734,0.0625,1,1527555.0,azure_vm_real_slice
2386,0.0,2591400.0,0.11454511411286758,0.05,0,5960220.0,azure_vm_real_slice
2387,473400.0,12600.0,0.20611579236598485,0.5,0,502380.0,azure_vm_real_slice
2388,61500.0,7200.0,0.24820450803063973,0.5,0,78060.0,azure_vm_real_slice
2389,1192500.0,2100.0,0.05,0.5,0,1197330.0,azure_vm_real_slice
2390,1852800.0,12000.0,0.2325428932787115,0.5,0,1880400.0,azure_vm_real_slice
2391,1333500.0,900.0,0.15842803298646543,0.125,0,1335570.0,azure_vm_real_slice
2392,1973100.0,14400.0,0.05,0.0625,0,2006220.0,azure_vm_real_slice
2393,761400.0,900.0,0.05,0.5,0,763470.0,azure_vm_real_slice
2394,461100.0,1200.0,0.05,1.0,2,463260.0,azure_vm_real_slice
2395,781200.0,1500.0,0.17743399648375002,0.125,0,784650.0,azure_vm_real_slice
2396,1206600.0,900.0,0.1267326918616754,0.125,0,1208670.0,azure_vm_real_slice
2397,445800.0,300.0,0.12233889516859549,0.05,0,446490.0,azure_vm_real_slice
2398,1995900.0,3300.0,0.7566530351371371,0.5,2,2001840.0,azure_vm_real_slice
2399,0.0,2591400.0,0.05,0.0625,0,5960220.0,azure_vm_real_slice
2400,1714200.0,1500.0,0.08919184815492916,0.5,0,1717650.0,azure_vm_real_slice
2401,567900.0,5700.0,0.08721541190307387,0.0625,0,581010.0,azure_vm_real_slice
2402,1074900.0,300.0,0.05,0.125,0,1075590.0,azure_vm_real_slice
2403,840600.0,66900.0,0.05,0.0625,0,994470.0,azure_vm_real_slice
2404,222600.0,74100.0,0.21818303087966037,0.5,2,355980.0,azure_vm_real_slice
2405,0.0,4200.0,0.05,0.125,0,9660.0,azure_vm_real_slice
2406,1904700.0,21900.0,0.14472670456340025,0.0625,0,1955070.0,azure_vm_real_slice
2407,500400.0,2400.0,0.05,0.5,0,505920.0,azure_vm_real_slice
2408,683700.0,1200.0,0.29281980354728726,0.125,0,686460.0,azure_vm_real_slice
2409,0.0,2591400.0,0.2704470901141163,0.125,0,5960220.0,azure_vm_real_slice
2410,790200.0,1200.0,0.16614055026689725,0.5,2,792360.0,azure_vm_real_slice
2411,0.0,5100.0,0.21820736065310928,0.0625,0,11730.0,azure_vm_real_slice
2412,675000.0,600.0,0.160042286840333,0.125,0,676380.0,azure_vm_real_slice
2413,1502100.0,600.0,0.05715706111344236,0.125,0,1503480.0,azure_vm_real_slice
2414,0.0,600.0,0.05270068444155499,0.125,0,1380.0,azure_vm_real_slice
2415,0.0,5700.0,0.09811889433703963,0.5,0,13109.999999999998,azure_vm_real_slice
2416,697800.0,55200.0,0.05,0.05,0,824760.0,azure_vm_real_slice
2417,0.0,300.0,0.05,0.05,0,690.0,azure_vm_real_slice
2418,0.0,2591400.0,0.12350866593036335,0.05,0,5960220.0,azure_vm_real_slice
2419,1718700.0,2100.0,0.5006256391454975,0.5,1,1723005.0,azure_vm_real_slice
2420,1978200.0,1200.0,0.05,1.0,2,1980360.0,azure_vm_real_slice
2421,827400.0,600.0,0.10388798403453907,0.125,0,828780.0,azure_vm_real_slice
2422,555000.0,900.0,0.13392883461496627,0.125,0,557070.0,azure_vm_real_slice
2423,1070100.0,963000.0,0.2069958131198218,0.5,0,3285000.0,azure_vm_real_slice
2424,1680300.0,900.0,0.27885678517793766,0.125,0,1682370.0,azure_vm_real_slice
2425,0.0,4500.0,0.05,0.125,0,10350.0,azure_vm_real_slice
2426,0.0,4500.0,0.5688183585049571,0.05,1,9225.0,azure_vm_real_slice
2427,1634100.0,900.0,0.27908749698423263,0.125,0,1636170.0,azure_vm_real_slice
2428,1332900.0,600.0,0.05735448409100527,0.125,0,1334280.0,azure_vm_real_slice
2429,383700.0,300.0,0.05,0.5,0,384390.0,azure_vm_real_slice
2430,0.0,300.0,0.07168441595675279,0.125,0,690.0,azure_vm_real_slice
2431,1889400.0,300.0,0.05,0.125,0,1890090.0,azure_vm_real_slice
2432,0.0,2591400.0,0.05,0.125,0,5960220.0,azure_vm_real_slice
2433,570900.0,300.0,0.05,0.05,0,571590.0,azure_vm_real_slice
2434,689700.0,300.0,0.05,0.125,0,690390.0,azure_vm_real_slice
2435,0.0,629400.0,0.05,0.0625,0,1447620.0,azure_vm_real_slice
2436,0.0,3000.0,0.05,0.0625,0,6899.999999999999,azure_vm_real_slice
2437,0.0,3000.0,0.2776865765104873,0.125,0,6899.999999999999,azure_vm_real_slice
2438,1119600.0,600.0,0.122732361701729,0.125,0,1120980.0,azure_vm_real_slice
2439,1383600.0,300.0,0.05,0.5,2,1384140.0,azure_vm_real_slice
2440,0.0,59400.0,0.08594958253753904,0.125,0,136620.0,azure_vm_real_slice
2441,946800.0,1500.0,0.7874225269305335,0.0625,2,949500.0,azure_vm_real_slice
2442,228300.0,300.0,0.052426308552879164,0.125,0,228990.0,azure_vm_real_slice
2443,1137300.0,61500.0,0.31363506102608646,0.5,0,1278750.0,azure_vm_real_slice
2444,159300.0,186300.0,0.05,0.0625,0,587790.0,azure_vm_real_slice
2445,1030500.0,600.0,0.05,0.125,0,1031880.0,azure_vm_real_slice
2446,286200.0,9000.0,0.05,0.0625,0,306900.0,azure_vm_real_slice
2447,1599300.0,4500.0,0.13754935506445512,0.125,0,1609650.0,azure_vm_real_slice
2448,0.0,5100.0,0.05,0.0625,0,11730.0,azure_vm_real_slice
2449,0.0,1500.0,0.05,0.5,0,3449.9999999999995,azure_vm_real_slice
2450,434100.0,69300.0,0.33635374615409996,0.5,0,593490.0,azure_vm_real_slice
2451,203700.0,300.0,0.5711429511758862,0.0625,1,204315.0,azure_vm_real_slice
2452,1171800.0,300.0,0.05,0.05,0,1172490.0,azure_vm_real_slice
2453,0.0,12900.0,0.05,1.0,2,23219.999999999996,azure_vm_real_slice
2454,716100.0,4500.0,0.4768917816990536,0.5,1,725325.0,azure_vm_real_slice
2455,0.0,2400600.0,0.05,0.5,0,5521380.0,azure_vm_real_slice
2456,88800.0,1800.0,0.4282735735007581,0.0625,1,92490.0,azure_vm_real_slice
2457,1130100.0,79200.0,0.05,0.125,0,1312260.0,azure_vm_real_slice
2458,0.0,300.0,0.05,0.125,0,690.0,azure_vm_real_slice
2459,199200.0,1800.0,0.05,0.5,0,203340.0,azure_vm_real_slice
2460,0.0,2591400.0,0.13400325582969475,0.05,0,5960220.0,azure_vm_real_slice
2461,1383900.0,300.0,0.05355865008814142,0.5,0,1384590.0,azure_vm_real_slice
2462,1164300.0,10800.0,0.7196341993108419,0.05,1,1186440.0,azure_vm_real_slice
2463,898500.0,8700.0,0.6432731338243955,0.5,1,916335.0,azure_vm_real_slice
2464,165300.0,28800.0,0.17579243605719047,0.5,0,231540.0,azure_vm_real_slice
2465,1224600.0,600.0,0.05,1.0,2,1225680.0,azure_vm_real_slice
2466,499500.0,148200.0,0.05,1.0,2,766260.0,azure_vm_real_slice
2467,1638900.0,900.0,0.05,0.5,0,1640970.0,azure_vm_real_slice
2468,0.0,300.0,0.05,0.5,0,690.0,azure_vm_real_slice
2469,5700.0,2100.0,0.3351576952566519,0.125,0,10530.0,azure_vm_real_slice
2470,180900.0,1200.0,0.3021821400348341,0.125,0,183660.0,azure_vm_real_slice
2471,0.0,300.0,0.05,0.125,0,690.0,azure_vm_real_slice
2472,0.0,900.0,0.2820379369889212,0.0625,0,2070.0,azure_vm_real_slice
2473,1035000.0,4200.0,0.5505533160672025,0.05,1,1043610.0,azure_vm_real_slice
2474,0.0,1800.0,0.05,0.5,0,4140.0,azure_vm_real_slice
2475,0.0,1200.0,0.11119008122264452,0.5,0,2760.0,azure_vm_real_slice
2476,0.0,19800.0,0.4322029429157473,0.125,1,40590.0,azure_vm_real_slice
2477,966900.0,156300.0,0.05,0.5,0,1326390.0,azure_vm_real_slice
2478,0.0,900.0,0.09681082198415694,0.125,0,2070.0,azure_vm_real_slice
2479,1540800.0,1200.0,0.1684688311796128,0.5,2,1542960.0,azure_vm_real_slice
2480,637200.0,54300.0,0.05,0.5,0,762090.0,azure_vm_real_slice
2481,1739700.0,900.0,0.05,0.125,0,1741770.0,azure_vm_real_slice
2482,0.0,600.0,0.10273484632008803,0.125,0,1380.0,azure_vm_real_slice
2483,1361700.0,600.0,0.05,0.125,0,1363080.0,azure_vm_real_slice
2484,0.0,1200.0,0.08293916608855004,0.125,0,2760.0,azure_vm_real_slice
2485,1296300.0,1800.0,0.05,0.5,0,1300440.0,azure_vm_real_slice
2486,433500.0,600.0,0.1804249295922045,0.125,0,434880.0,azure_vm_real_slice
2487,574800.0,300.0,0.05,0.0625,0,575490.0,azure_vm_real_slice
2488,0.0,2700.0,0.05,0.5,0,6209.999999999999,azure_vm_real_slice
2489,1335300.0,40800.0,0.4878429417923054,0.05,1,1418940.0,azure_vm_real_slice
2490,1682400.0,600.0,0.12753812068175654,0.5,0,1683780.0,azure_vm_real_slice
2491,322200.0,300.0,0.052494258495929855,0.5,0,322890.0,azure_vm_real_slice
2492,0.0,2100.0,0.05,0.5,0,4830.0,azure_vm_real_slice
2493,923100.0,195300.0,0.05,0.5,0,1372290.0,azure_vm_real_slice
2494,652500.0,30300.0,0.46658030411513773,0.125,1,714615.0,azure_vm_real_slice
2495,0.0,2591400.0,0.05,0.125,0,5960220.0,azure_vm_real_slice
2496,1358700.0,1500.0,0.26852113558766605,0.5,0,1362150.0,azure_vm_real_slice
2497,1251600.0,781500.0,0.3499657548116739,0.5,0,3049050.0,azure_vm_real_slice
2498,40800.0,1200.0,0.06271780699991907,0.125,0,43560.0,azure_vm_real_slice
2499,390000.0,600.0,0.05,0.5,0,391380.0,azure_vm_real_slice
2500,0.0,9000.0,0.05,1.0,2,16199.999999999998,azure_vm_real_slice
2501,1388400.0,7200.0,0.06393562186042596,0.125,0,1404960.0,azure_vm_real_slice
2502,0.0,15000.0,0.28447100294164435,0.5,0,34500.0,azure_vm_real_slice
2503,1158000.0,875100.0,0.2260914770434116,0.5,0,3170730.0,azure_vm_real_slice
2504,0.0,300.0,0.05,0.125,0,690.0,azure_vm_real_slice
2505,1581600.0,1200.0,0.35638095496170946,0.5,1,1584060.0,azure_vm_real_slice
2506,735300.0,578400.0,0.11994972710022883,0.125,0,2065620.0,azure_vm_real_slice
2507,0.0,2588700.0,0.05,0.125,0,5954010.0,azure_vm_real_slice
2508,0.0,300.0,0.05,0.125,0,690.0,azure_vm_real_slice
2509,1010100.0,125400.0,0.05,0.0625,0,1298520.0,azure_vm_real_slice
2510,868200.0,600.0,0.08502467064691473,0.125,0,869580.0,azure_vm_real_slice
2511,1057500.0,300.0,0.05,0.5,0,1058190.0,azure_vm_real_slice
2512,1596600.0,300.0,0.05,0.5,0,1597290.0,azure_vm_real_slice
2513,1032900.0,4200.0,0.12457230433186925,0.125,0,1042560.0,azure_vm_real_slice
2514,0.0,600.0,0.10224042344446639,0.125,0,1380.0,azure_vm_real_slice
2515,1571100.0,1800.0,0.45282700317993124,0.05,1,1574790.0,azure_vm_real_slice
2516,1898100.0,7800.0,0.06808650473186578,0.05,0,1916040.0,azure_vm_real_slice
2517,0.0,15300.0,0.3231137460586146,0.125,0,35190.0,azure_vm_real_slice
2518,1637100.0,1200.0,0.1984080006966215,0.125,0,1639860.0,azure_vm_real_slice
2519,0.0,4200.0,0.34737456505902164,1.0,2,7559.999999999999,azure_vm_real_slice
2520,835800.0,1200.0,0.1657346460810204,0.0625,0,838560.0,azure_vm_real_slice
2521,0.0,10500.0,0.7438745780435667,0.5,1,21524.999999999996,azure_vm_real_slice
2522,788100.0,600.0,0.3013436366213783,0.0625,0,789480.0,azure_vm_real_slice
2523,1548600.0,8400.0,0.05,0.05,0,1567920.0,azure_vm_real_slice
2524,0.0,1200.0,0.05,0.0625,0,2760.0,azure_vm_real_slice
2525,1675500.0,1800.0,0.05,0.5,0,1679640.0,azure_vm_real_slice
2526,1667400.0,6900.0,0.2597182457616894,0.125,0,1683270.0,azure_vm_real_slice
2527,0.0,9900.0,0.05339633114180381,0.125,0,22770.0,azure_vm_real_slice
2528,1054500.0,600.0,0.05,0.5,0,1055880.0,azure_vm_real_slice
2529,491700.0,300.0,0.162763385625576,0.125,0,492390.0,azure_vm_real_slice
2530,1297500.0,10200.0,0.05,0.125,0,1320960.0,azure_vm_real_slice
2531,35100.0,30900.0,0.2679311859259481,0.0625,0,106170.0,azure_vm_real_slice
2532,912900.0,300.0,0.07308309790033164,0.05,0,913590.0,azure_vm_real_slice
2533,878100.0,600.0,0.2536177564909629,0.5,0,879480.0,azure_vm_real_slice
2534,342300.0,245100.0,0.1454929606075898,0.05,0,906030.0,azure_vm_real_slice
2535,1686000.0,13200.0,0.11621709087180855,0.5,2,1709760.0,azure_vm_real_slice
2536,601800.0,900.0,0.15606233543834094,0.125,0,603870.0,azure_vm_real_slice
2537,846900.0,3300.0,0.3139100864472633,0.125,0,854490.0,azure_vm_real_slice
2538,337200.0,600.0,0.2652822010778662,0.125,0,338580.0,azure_vm_real_slice
2539,0.0,7500.0,0.6092793980199549,0.125,1,15374.999999999998,azure_vm_real_slice
2540,1159500.0,300.0,0.05,0.125,0,1160190.0,azure_vm_real_slice
2541,1515900.0,300.0,0.05,0.0625,0,1516590.0,azure_vm_real_slice
2542,684000.0,1500.0,0.37492919983494,0.05,1,687075.0,azure_vm_real_slice
2543,0.0,300.0,0.06850830041591001,0.125,0,690.0,azure_vm_real_slice
2544,0.0,2591400.0,0.05,0.0625,0,5960220.0,azure_vm_real_slice
2545,668100.0,54300.0,0.14922472157658015,0.0625,0,792990.0,azure_vm_real_slice
2546,618000.0,38400.0,0.21002860835737047,0.0625,0,706320.0,azure_vm_real_slice
2547,1660500.0,600.0,0.05,0.125,0,1661880.0,azure_vm_real_slice
2548,0.0,2469300.0,0.05,0.5,2,4444740.0,azure_vm_real_slice
2549,1581600.0,21600.0,0.18243139694829225,0.5,2,1620480.0,azure_vm_real_slice
2550,1195800.0,12000.0,0.05,0.5,0,1223400.0,azure_vm_real_slice
2551,424200.0,600.0,0.07261001223947477,0.125,0,425580.0,azure_vm_real_slice
2552,92400.0,300.0,0.05,0.125,0,93090.0,azure_vm_real_slice
2553,1263600.0,481200.0,0.05,0.0625,0,2370360.0,azure_vm_real_slice
2554,77100.0,6900.0,0.17178936967776187,0.5,2,89520.0,azure_vm_real_slice
2555,0.0,6600.0,0.07949426142809317,0.5,0,15179.999999999998,azure_vm_real_slice
2556,665700.0,300.0,0.05,0.5,0,666390.0,azure_vm_real_slice
2557,0.0,16800.0,0.7621145389712888,0.5,2,30239.999999999996,azure_vm_real_slice
2558,651300.0,30000.0,0.15841458856123475,0.125,0,720300.0,azure_vm_real_slice
2559,124500.0,600.0,0.31394261512187777,0.125,0,125880.0,azure_vm_real_slice
2560,725100.0,7800.0,0.06614589695721286,0.125,0,743040.0,azure_vm_real_slice
2561,951600.0,300.0,0.05,0.125,0,952290.0,azure_vm_real_slice
2562,0.0,300.0,0.05,0.125,0,690.0,azure_vm_real_slice
2563,1544400.0,1800.0,0.37120840429002444,0.05,1,1548090.0,azure_vm_real_slice
2564,451500.0,54600.0,0.429920278496984,0.05,1,563430.0,azure_vm_real_slice
2565,274200.0,900.0,0.13979296570479113,0.125,0,276270.0,azure_vm_real_slice
2566,475800.0,600.0,0.10805260918284831,0.125,0,477180.0,azure_vm_real_slice
2567,280200.0,2700.0,0.05,0.5,0,286410.0,azure_vm_real_slice
2568,1727700.0,3300.0,0.11773107583900268,0.125,0,1735290.0,azure_vm_real_slice
2569,0.0,2591400.0,0.08359424259276807,0.05,0,5960220.0,azure_vm_real_slice
2570,1777800.0,1500.0,0.05,0.5,2,1780500.0,azure_vm_real_slice
2571,132300.0,600.0,0.1975581995317798,0.125,0,133680.0,azure_vm_real_slice
2572,322500.0,2400.0,0.34688954461440574,0.125,0,328020.0,azure_vm_real_slice
2573,1146600.0,600.0,0.05,0.5,0,1147980.0,azure_vm_real_slice
2574,602100.0,600.0,0.07388225938582005,0.125,0,603480.0,azure_vm_real_slice
2575,1855800.0,900.0,0.05,0.125,0,1857870.0,azure_vm_real_slice
2576,1136700.0,1800.0,0.05,0.5,0,1140840.0,azure_vm_real_slice
2577,1620900.0,1800.0,0.05,1.0,2,1624140.0,azure_vm_real_slice
2578,1546500.0,60300.0,0.05546133698189476,0.5,0,1685190.0,azure_vm_real_slice
2579,210600.0,900.0,0.28311489057265776,0.5,0,212670.0,azure_vm_real_slice
2580,1210200.0,1200.0,0.05279575921276712,0.125,0,1212960.0,azure_vm_real_slice
2581,909900.0,9300.0,0.05,0.125,0,931290.0,azure_vm_real_slice
2582,1485300.0,6600.0,0.06748356923605216,0.0625,0,1500480.0,azure_vm_real_slice
2583,234300.0,2400.0,0.05,0.5,0,239820.0,azure_vm_real_slice
2584,0.0,600.0,0.1554121668084885,0.125,0,1380.0,azure_vm_real_slice
2585,588300.0,6000.0,0.26630093856573883,0.05,0,602100.0,azure_vm_real_slice
2586,0.0,2591400.0,0.08262308562850451,0.05,0,5960220.0,azure_vm_real_slice
2587,292800.0,900.0,0.1275891487208322,0.125,0,294870.0,azure_vm_real_slice
2588,372900.0,300.0,0.5856637192540454,0.0625,1,373515.0,azure_vm_real_slice
2589,1665000.0,600.0,0.11999450761956626,0.125,0,1666380.0,azure_vm_real_slice
2590,1784700.0,600.0,0.05,0.5,0,1786080.0,azure_vm_real_slice
2591,0.0,2591400.0,0.38506010503460586,0.0625,1,5312370.0,azure_vm_real_slice
2592,665700.0,3000.0,0.05101304167861755,0.125,0,672600.0,azure_vm_real_slice
2593,0.0,2700.0,0.4748809599876859,0.125,1,5534.999999999999,azure_vm_real_slice
2594,1275600.0,5700.0,0.0673382729360734,0.125,0,1288710.0,azure_vm_real_slice
2595,0.0,6900.0,0.15152334396203934,0.125,0,15869.999999999998,azure_vm_real_slice
2596,0.0,2532000.0,0.15097895448594031,0.0625,0,5823600.0,azure_vm_real_slice
2597,972000.0,2700.0,0.6262758067738232,0.5,1,977535.0,azure_vm_real_slice
2598,0.0,600.0,0.058800018131565546,0.5,2,1080.0,azure_vm_real_slice
2599,848100.0,4800.0,0.05,0.5,2,856740.0,azure_vm_real_slice
2600,1908600.0,1500.0,0.06491821397825653,0.05,0,1912050.0,azure_vm_real_slice
2601,0.0,2591400.0,0.05379759923593866,0.0625,0,5960220.0,azure_vm_real_slice
2602,911700.0,600.0,0.05,0.5,0,913080.0,azure_vm_real_slice
2603,0.0,64800.0,0.05,0.5,0,149040.0,azure_vm_real_slice
2604,2020200.0,1200.0,0.11131504660903804,0.125,0,2022960.0,azure_vm_real_slice
2605,0.0,600.0,0.05,0.125,0,1380.0,azure_vm_real_slice
2606,607200.0,2100.0,0.2969001750956084,0.5,0,612030.0,azure_vm_real_slice
2607,1523400.0,900.0,0.11269577170324696,0.125,0,1525470.0,azure_vm_real_slice
2608,0.0,300.0,0.05,0.125,0,690.0,azure_vm_real_slice
2609,1754100.0,46200.0,0.05,0.125,0,1860360.0,azure_vm_real_slice
2610,1050600.0,4500.0,0.8726503265172123,0.5,2,1058700.0,azure_vm_real_slice
2611,0.0,300.0,0.05408863069282944,0.5,2,540.0,azure_vm_real_slice
2612,0.0,17100.0,0.7881214347539068,0.5,2,30779.999999999996,azure_vm_real_slice
2613,477900.0,32100.0,0.05,0.0625,0,551730.0,azure_vm_real_slice
2614,0.0,2591400.0,0.05,0.125,0,5960220.0,azure_vm_real_slice
2615,737400.0,182100.0,0.05,0.0625,0,1156230.0,azure_vm_real_slice
2616,1075500.0,1200.0,0.05,0.0625,0,1078260.0,azure_vm_real_slice
2617,1749000.0,300.0,0.05,0.5,0,1749690.0,azure_vm_real_slice
2618,552900.0,300.0,0.38557108344914226,0.125,1,553515.0,azure_vm_real_slice
2619,1923600.0,600.0,0.11523383888448308,0.125,0,1924980.0,azure_vm_real_slice
2620,789300.0,2100.0,0.05,0.5,0,794130.0,azure_vm_real_slice
2621,243900.0,300.0,0.05,0.0625,0,244590.0,azure_vm_real_slice
2622,918900.0,600.0,0.05,0.125,0,920280.0,azure_vm_real_slice
2623,1017900.0,300.0,0.05,0.05,0,1018590.0,azure_vm_real_slice
2624,861900.0,1200.0,0.05,0.5,0,864660.0,azure_vm_real_slice
2625,1724100.0,5100.0,0.5980274281878337,0.0625,1,1734555.0,azure_vm_real_slice
2626,1090500.0,600.0,0.33255433056535333,0.125,0,1091880.0,azure_vm_real_slice
2627,87600.0,2400.0,0.05,0.5,0,93120.0,azure_vm_real_slice
2628,1491600.0,600.0,0.18744262794129707,0.5,0,1492980.0,azure_vm_real_slice
2629,1745700.0,9300.0,0.20565779621066685,0.5,2,1762440.0,azure_vm_real_slice
2630,1399800.0,600.0,0.05100950553253626,0.125,0,1401180.0,azure_vm_real_slice
2631,0.0,600.0,0.05,0.125,0,1380.0,azure_vm_real_slice
2632,0.0,12300.0,0.19304444923090522,0.125,0,28289.999999999996,azure_vm_real_slice
2633,1313100.0,9000.0,0.0924115487234586,0.05,0,1333800.0,azure_vm_real_slice
2634,481500.0,900.0,0.3827086079536543,0.125,1,483345.0,azure_vm_real_slice
2635,922800.0,5100.0,0.09604170366704422,0.0625,0,934530.0,azure_vm_real_slice
2636,0.0,406500.0,0.05,0.125,0,934949.9999999999,azure_vm_real_slice
2637,594600.0,600.0,0.05,0.5,2,595680.0,azure_vm_real_slice
2638,695100.0,2700.0,0.4881536595990895,0.125,1,700635.0,azure_vm_real_slice
2639,573000.0,900.0,0.0911134912645694,0.125,0,575070.0,azure_vm_real_slice
2640,0.0,2400.0,0.05,0.5,0,5520.0,azure_vm_real_slice
2641,93900.0,15900.0,0.05,0.125,0,130470.0,azure_vm_real_slice
2642,566400.0,8400.0,0.10775446878515904,0.125,0,585720.0,azure_vm_real_slice
2643,147600.0,2400.0,0.05,0.5,0,153120.0,azure_vm_real_slice
2644,0.0,600.0,0.060088137535940875,0.125,0,1380.0,azure_vm_real_slice
2645,1737000.0,1800.0,0.05,0.5,0,1741140.0,azure_vm_real_slice
2646,689400.0,1200.0,0.05,0.0625,0,692160.0,azure_vm_real_slice
2647,1287000.0,285300.0,0.05,0.125,0,1943190.0,azure_vm_real_slice
2648,970500.0,900.0,0.05,0.5,0,972570.0,azure_vm_real_slice
2649,1945200.0,900.0,0.08430646808523541,0.5,0,1947270.0,azure_vm_real_slice
2650,40200.0,8100.0,0.28185057209332204,0.125,0,58830.0,azure_vm_real_slice
2651,0.0,300.0,0.10849306270382086,0.0625,0,690.0,azure_vm_real_slice
2652,1099500.0,13800.0,0.05,1.0,2,1124340.0,azure_vm_real_slice
2653,1961400.0,1200.0,0.1954744611599579,0.5,0,1964160.0,azure_vm_real_slice
2654,0.0,451500.0,0.05,0.5,0,1038449.9999999999,azure_vm_real_slice
2655,1413000.0,900.0,0.07472385575122907,1.0,2,1414620.0,azure_vm_real_slice
2656,485100.0,10800.0,0.05,0.125,0,509940.0,azure_vm_real_slice
2657,0.0,600.0,0.05,1.0,2,1080.0,azure_vm_real_slice
2658,545700.0,1200.0,0.05,0.0625,0,548460.0,azure_vm_real_slice
2659,446700.0,1200.0,0.36074823513614035,0.5,1,449160.0,azure_vm_real_slice
2660,1148100.0,600.0,0.05,0.125,0,1149480.0,azure_vm_real_slice
2661,0.0,2400.0,0.05,0.5,0,5520.0,azure_vm_real_slice
2662,2009400.0,300.0,0.05,0.05,0,2010090.0,azure_vm_real_slice
2663,1690200.0,50100.0,0.05,0.125,0,1805430.0,azure_vm_real_slice
2664,674400.0,1500.0,0.05219593609866743,0.5,0,677850.0,azure_vm_real_slice
2665,1415700.0,900.0,0.09367422446702012,0.125,0,1417770.0,azure_vm_real_slice
2666,872400.0,600.0,0.0655632251977146,0.5,0,873780.0,azure_vm_real_slice
2667,0.0,300.0,0.05,0.125,0,690.0,azure_vm_real_slice
2668,0.0,30600.0,0.36526179815835524,0.0625,1,62729.99999999999,azure_vm_real_slice
2669,1016100.0,600.0,0.05,0.125,0,1017480.0,azure_vm_real_slice
2670,1309200.0,40800.0,0.20738295676500018,0.05,0,1403040.0,azure_vm_real_slice
2671,246000.0,17700.0,0.05,0.0625,0,286710.0,azure_vm_real_slice
2672,0.0,1200.0,0.5297993340018631,0.5,1,2460.0,azure_vm_real_slice
2673,0.0,5700.0,0.4697111325043151,0.05,1,11684.999999999998,azure_vm_real_slice
2674,1647300.0,12000.0,0.21484433506803213,0.5,2,1668900.0,azure_vm_real_slice
2675,1033800.0,5700.0,0.26982242021292097,0.5,0,1046910.0,azure_vm_real_slice
2676,465300.0,399300.0,0.05,0.0625,0,1383690.0,azure_vm_real_slice
2677,1697100.0,300.0,0.05,0.5,0,1697790.0,azure_vm_real_slice
2678,17400.0,6000.0,0.5851377768376673,0.125,1,29700.0,azure_vm_real_slice
2679,1760100.0,900.0,0.05,0.5,2,1761720.0,azure_vm_real_slice
2680,492000.0,900.0,0.09083388431380124,0.125,0,494070.0,azure_vm_real_slice
2681,251700.0,1500.0,0.1510182778934232,0.125,0,255150.0,azure_vm_real_slice
2682,978300.0,600.0,0.05,0.5,2,979380.0,azure_vm_real_slice
2683,1349700.0,3900.0,0.05708099637438251,0.05,0,1358670.0,azure_vm_real_slice
2684,1083000.0,900.0,0.06230045947796832,0.125,0,1085070.0,azure_vm_real_slice
2685,0.0,900.0,0.05,0.125,0,2070.0,azure_vm_real_slice
2686,1550400.0,1800.0,0.5493631631431938,0.05,1,1554090.0,azure_vm_real_slice
2687,1026000.0,300.0,0.05,0.5,0,1026690.0,azure_vm_real_slice
2688,1792800.0,52800.0,0.2654799233410745,0.0625,0,1914240.0,azure_vm_real_slice
2689,0.0,12300.0,0.08859740631373464,0.125,0,28289.999999999996,azure_vm_real_slice
2690,1704900.0,300.0,0.05,1.0,2,1705440.0,azure_vm_real_slice
2691,1588800.0,300.0,0.05,0.05,0,1589490.0,azure_vm_real_slice
2692,920100.0,900.0,0.05,0.5,0,922170.0,azure_vm_real_slice
2693,0.0,2591400.0,0.11063015012449628,0.05,0,5960220.0,azure_vm_real_slice
2694,1587000.0,300.0,0.05,0.5,0,1587690.0,azure_vm_real_slice
2695,1410900.0,900.0,0.2583859450041285,0.125,0,1412970.0,azure_vm_real_slice
2696,988200.0,6900.0,0.057951180387142844,1.0,2,1000620.0,azure_vm_real_slice
2697,0.0,300.0,0.05,0.0625,0,690.0,azure_vm_real_slice
2698,305100.0,300.0,0.17899345525722107,0.05,0,305790.0,azure_vm_real_slice
2699,1927800.0,600.0,0.2231106160619309,0.0625,0,1929180.0,azure_vm_real_slice
2700,1668300.0,3000.0,0.26743725274991936,0.5,2,1673700.0,azure_vm_real_slice
2701,0.0,600.0,0.07629150811626607,0.0625,0,1380.0,azure_vm_real_slice
2702,981300.0,600.0,0.05,0.5,0,982680.0,azure_vm_real_slice
2703,1646700.0,60300.0,0.07646786968765198,0.125,0,1785390.0,azure_vm_real_slice
2704,425700.0,1200.0,0.05,0.125,0,428460.0,azure_vm_real_slice
2705,972600.0,63300.0,0.05,0.5,0,1118190.0,azure_vm_real_slice
2706,1143600.0,14100.0,0.1865414957066201,0.5,2,1168980.0,azure_vm_real_slice
2707,1773900.0,2400.0,0.05,0.5,0,1779420.0,azure_vm_real_slice
2708,1686300.0,300.0,0.05,0.0625,0,1686990.0,azure_vm_real_slice
2709,401100.0,31200.0,0.7451235133038052,0.125,1,465060.0,azure_vm_real_slice
2710,539700.0,900.0,0.05,0.125,0,541770.0,azure_vm_real_slice
2711,1123500.0,50100.0,0.2457701135151215,0.5,0,1238730.0,azure_vm_real_slice
2712,138000.0,61200.0,0.7761959197269148,0.5,2,248160.0,azure_vm_real_slice
2713,0.0,1200.0,0.05,0.5,0,2760.0,azure_vm_real_slice
2714,0.0,2591400.0,0.05,0.125,0,5960220.0,azure_vm_real_slice
2715,933300.0,2700.0,0.07673302984756544,0.125,0,939510.0,azure_vm_real_slice
2716,0.0,600.0,0.059177995026343105,0.125,0,1380.0,azure_vm_real_slice
2717,121200.0,39900.0,0.3948045561061816,0.05,1,202995.0,azure_vm_real_slice
2718,588300.0,600.0,0.07005039562995298,0.125,0,589680.0,azure_vm_real_slice
2719,885600.0,600.0,0.05,0.5,0,886980.0,azure_vm_real_slice
2720,0.0,2591400.0,0.08451991047761392,0.05,0,5960220.0,azure_vm_real_slice
2721,1545900.0,300.0,0.05,0.125,0,1546590.0,azure_vm_real_slice
2722,442500.0,600.0,0.7402088084448633,0.5,2,443580.0,azure_vm_real_slice
2723,825600.0,300.0,0.05,0.125,0,826290.0,azure_vm_real_slice
2724,1231800.0,1200.0,0.05,1.0,2,1233960.0,azure_vm_real_slice
2725,778800.0,18300.0,0.12895350333818073,0.125,0,820890.0,azure_vm_real_slice
2726,386700.0,3300.0,0.05,0.125,0,394290.0,azure_vm_real_slice
2727,316200.0,2100.0,0.4199477334460581,0.125,1,320505.0,azure_vm_real_slice
2728,648900.0,300.0,0.12681534526748572,0.0625,0,649590.0,azure_vm_real_slice
2729,0.0,2591400.0,0.10482696644420601,0.05,0,5960220.0,azure_vm_real_slice
2730,119700.0,300.0,0.05,0.5,0,120390.0,azure_vm_real_slice
2731,863700.0,4800.0,0.1552986070060709,0.125,0,874740.0,azure_vm_real_slice
2732,0.0,600.0,0.06417790929192287,0.0625,0,1380.0,azure_vm_real_slice
2733,1601100.0,25800.0,0.05,0.5,0,1660440.0,azure_vm_real_slice
2734,1531200.0,300.0,0.05,0.125,0,1531890.0,azure_vm_real_slice
2735,30300.0,300.0,0.23283823441041052,0.125,0,30990.0,azure_vm_real_slice
2736,404700.0,300.0,0.3398118457393068,0.05,0,405390.0,azure_vm_real_slice
2737,384300.0,600.0,0.7742064885915083,0.5,2,385380.0,azure_vm_real_slice
2738,0.0,2591400.0,0.05407893919527905,0.05,0,5960220.0,azure_vm_real_slice
2739,0.0,1500.0,0.41427231467517367,0.125,1,3074.9999999999995,azure_vm_real_slice
2740,245700.0,6300.0,0.06843637048441237,0.125,0,260190.0,azure_vm_real_slice
2741,0.0,2591400.0,0.05,0.0625,0,5960220.0,azure_vm_real_slice
2742,0.0,1800.0,0.3185398848203828,0.05,0,4140.0,azure_vm_real_slice
2743,518400.0,1500.0,0.11592593192010468,0.125,0,521850.0,azure_vm_real_slice
2744,1660500.0,900.0,0.05,0.125,0,1662570.0,azure_vm_real_slice
2745,905700.0,900.0,0.05,0.5,0,907770.0,azure_vm_real_slice
2746,0.0,2591400.0,0.05,0.0625,0,5960220.0,azure_vm_real_slice
2747,0.0,300.0,0.08008950011247656,0.125,0,690.0,azure_vm_real_slice
2748,596700.0,300.0,0.05,0.125,0,597390.0,azure_vm_real_slice
2749,284700.0,300.0,0.05,0.05,0,285390.0,azure_vm_real_slice
2750,1769100.0,1200.0,0.05,0.5,0,1771860.0,azure_vm_real_slice
2751,1932300.0,48600.0,0.45379569303880557,0.0625,1,2031930.0,azure_vm_real_slice
2752,0.0,14100.0,0.17490254081541803,0.0625,0,32429.999999999996,azure_vm_real_slice
2753,302700.0,1200.0,0.15260529939794887,0.5,2,304860.0,azure_vm_real_slice
2754,1572000.0,900.0,0.39860958441926075,0.05,1,1573845.0,azure_vm_real_slice
2755,0.0,900.0,0.05,0.5,0,2070.0,azure_vm_real_slice
2756,0.0,679500.0,0.05,0.0625,0,1562849.9999999998,azure_vm_real_slice
2757,0.0,345900.0,0.10183673580359376,0.05,0,795569.9999999999,azure_vm_real_slice
2758,927600.0,1105500.0,0.23288633171642467,0.0625,0,3470250.0,azure_vm_real_slice
2759,0.0,2591400.0,0.10296559716410232,0.05,0,5960220.0,azure_vm_real_slice
2760,1705800.0,2700.0,0.05,0.5,0,1712010.0,azure_vm_real_slice
2761,317400.0,900.0,0.05,1.0,2,319020.0,azure_vm_real_slice
2762,0.0,2591400.0,0.19829072000123804,0.125,0,5960220.0,azure_vm_real_slice
2763,1606800.0,10800.0,0.05,0.125,0,1631640.0,azure_vm_real_slice
2764,0.0,10200.0,0.3361089332233953,0.125,0,23460.0,azure_vm_real_slice
2765,1559700.0,900.0,0.4903888964560698,0.05,1,1561545.0,azure_vm_real_slice
2766,429300.0,600.0,0.05,0.125,0,430680.0,azure_vm_real_slice
2767,309600.0,300.0,0.056883746938182496,0.5,0,310290.0,azure_vm_real_slice
2768,576600.0,1456500.0,0.05360556378080143,0.0625,0,3926549.9999999995,azure_vm_real_slice
2769,1328100.0,7200.0,0.1757654332482398,0.5,2,1341060.0,azure_vm_real_slice
2770,0.0,300.0,0.05,0.125,0,690.0,azure_vm_real_slice
2771,0.0,2591400.0,0.05,0.0625,0,5960220.0,azure_vm_real_slice
2772,938400.0,900.0,0.05,1.0,2,940020.0,azure_vm_real_slice
2773,878100.0,300.0,0.05,0.125,0,878790.0,azure_vm_real_slice
2774,912300.0,2100.0,0.05,1.0,2,916080.0,azure_vm_real_slice
2775,0.0,300.0,0.060665498172149855,0.125,0,690.0,azure_vm_real_slice
2776,692100.0,3300.0,0.2780879636479588,0.125,0,699690.0,azure_vm_real_slice
2777,816900.0,900.0,0.07300860702268587,0.5,0,818970.0,azure_vm_real_slice
2778,642000.0,5700.0,0.05,0.5,0,655110.0,azure_vm_real_slice
2779,1868700.0,900.0,0.09944749088947535,0.5,0,1870770.0,azure_vm_real_slice
2780,1926000.0,300.0,0.05,0.0625,0,1926690.0,azure_vm_real_slice
2781,330900.0,236700.0,0.05,0.125,0,875310.0,azure_vm_real_slice
2782,779700.0,2400.0,0.05,0.5,0,785220.0,azure_vm_real_slice
2783,0.0,600.0,0.05,0.125,0,1380.0,azure_vm_real_slice
2784,53100.0,1500.0,0.05,0.0625,0,56550.0,azure_vm_real_slice
2785,2031000.0,2100.0,0.05597341948357871,0.125,0,2035830.0,azure_vm_real_slice
2786,450600.0,300.0,0.05,0.5,0,451290.0,azure_vm_real_slice
2787,387000.0,300.0,0.07381850696479138,0.125,0,387690.0,azure_vm_real_slice
2788,122700.0,1200.0,0.11682416360892804,0.5,0,125460.0,azure_vm_real_slice
2789,707700.0,1500.0,0.05,0.125,0,711150.0,azure_vm_real_slice
2790,1506900.0,300.0,0.31625921936169327,0.125,0,1507590.0,azure_vm_real_slice
2791,494400.0,1200.0,0.4147153475343424,0.125,1,496860.0,azure_vm_real_slice
2792,0.0,12000.0,0.2830677828506884,0.5,0,27599.999999999996,azure_vm_real_slice
2793,1168800.0,600.0,0.05,0.5,0,1170180.0,azure_vm_real_slice
2794,555600.0,3300.0,0.5980232553772015,0.05,1,562365.0,azure_vm_real_slice
2795,1603800.0,300.0,0.05,1.0,2,1604340.0,azure_vm_real_slice
2796,1765800.0,300.0,0.05,0.5,0,1766490.0,azure_vm_real_slice
2797,1321800.0,900.0,0.05,0.5,2,1323420.0,azure_vm_real_slice
2798,1749300.0,1500.0,0.05,0.5,0,1752750.0,azure_vm_real_slice
2799,0.0,27300.0,0.05,0.5,0,62789.99999999999,azure_vm_real_slice
2800,701400.0,13800.0,0.14817438210116513,0.5,2,726240.0,azure_vm_real_slice
2801,0.0,300.0,0.10403610638948742,0.125,0,690.0,azure_vm_real_slice
2802,1184400.0,300.0,0.06571853440585708,0.5,0,1185090.0,azure_vm_real_slice
2803,1757400.0,6900.0,0.056758048648658424,0.125,0,1773270.0,azure_vm_real_slice
2804,1143900.0,7200.0,0.5362598052007352,0.05,1,1158660.0,azure_vm_real_slice
2805,0.0,300.0,0.05,0.125,0,690.0,azure_vm_real_slice
2806,1503900.0,14100.0,0.05,0.125,0,1536330.0,azure_vm_real_slice
2807,0.0,1800.0,0.46377251819862514,0.5,1,3689.9999999999995,azure_vm_real_slice
2808,104700.0,300.0,0.05,0.5,0,105390.0,azure_vm_real_slice
2809,0.0,1200.0,0.050186246312052735,0.0625,0,2760.0,azure_vm_real_slice
2810,1760100.0,22500.0,0.05,0.125,0,1811850.0,azure_vm_real_slice
2811,850500.0,11100.0,0.10439662482807584,0.125,0,876030.0,azure_vm_real_slice
2812,963300.0,600.0,0.3183536614697837,0.125,0,964680.0,azure_vm_real_slice
2813,891600.0,900.0,0.05,0.0625,0,893670.0,azure_vm_real_slice
2814,0.0,900.0,0.27808838500158717,0.125,0,2070.0,azure_vm_real_slice
2815,1646700.0,2700.0,0.5247890354097621,0.125,1,1652235.0,azure_vm_real_slice
2816,0.0,300.0,0.7469566806904315,0.5,1,615.0,azure_vm_real_slice
2817,0.0,900.0,0.07136345373831583,0.125,0,2070.0,azure_vm_real_slice
2818,483600.0,39600.0,0.33481688427994966,0.0625,0,574680.0,azure_vm_real_slice
2819,1816200.0,5700.0,0.10473250685642865,0.125,0,1829310.0,azure_vm_real_slice
2820,868500.0,24600.0,0.05,0.125,0,925080.0,azure_vm_real_slice
2821,1338900.0,2100.0,0.11925115236539473,0.0625,0,1343730.0,azure_vm_real_slice
2822,630600.0,1200.0,0.1944924984933558,0.125,0,633360.0,azure_vm_real_slice
2823,0.0,600.0,0.05,0.125,0,1380.0,azure_vm_real_slice
2824,1621800.0,127200.0,0.05,0.0625,0,1914360.0,azure_vm_real_slice
2825,0.0,2590800.0,0.08811181858570961,0.05,0,5958840.0,azure_vm_real_slice
2826,906600.0,900.0,0.2509913993150397,0.125,0,908670.0,azure_vm_real_slice
2827,0.0,2591400.0,0.06748070873913715,0.125,0,5960220.0,azure_vm_real_slice
2828,261600.0,600.0,0.1621867093618238,0.125,0,262980.0,azure_vm_real_slice
2829,53100.0,6900.0,0.36770149283631076,0.125,1,67245.0,azure_vm_real_slice
2830,0.0,600.0,0.05,0.0625,0,1380.0,azure_vm_real_slice
2831,375900.0,25800.0,0.380195819523803,0.125,1,428790.0,azure_vm_real_slice
2832,1913100.0,3300.0,0.11515650936726488,1.0,2,1919040.0,azure_vm_real_slice
2833,0.0,2591400.0,0.19413225721154348,0.0625,0,5960220.0,azure_vm_real_slice
2834,0.0,900.0,0.05,0.5,2,1619.9999999999998,azure_vm_real_slice
2835,0.0,2591400.0,0.05123806729564415,0.05,0,5960220.0,azure_vm_real_slice
2836,0.0,300.0,0.06789849320878331,0.5,0,690.0,azure_vm_real_slice
2837,1237500.0,1800.0,0.3899030319547821,1.0,2,1240740.0,azure_vm_real_slice
2838,806400.0,600.0,0.05,0.5,0,807780.0,azure_vm_real_slice
2839,1062600.0,2400.0,0.49484678686502576,0.125,1,1067520.0,azure_vm_real_slice
2840,1189200.0,600.0,0.05,0.5,0,1190580.0,azure_vm_real_slice
2841,531000.0,1800.0,0.05,0.5,0,535140.0,azure_vm_real_slice
2842,1309500.0,3300.0,0.7528195740734043,0.5,2,1315440.0,azure_vm_real_slice
2843,1548300.0,900.0,0.6876331781843282,0.05,1,1550145.0,azure_vm_real_slice
2844,1845300.0,24000.0,0.786409286444053,0.5,2,1888500.0,azure_vm_real_slice
2845,0.0,1800.0,0.05,0.5,0,4140.0,azure_vm_real_slice
2846,1751700.0,1800.0,0.5587767444690583,0.5,1,1755390.0,azure_vm_real_slice
2847,42600.0,300.0,0.06895199680059143,0.125,0,43290.0,azure_vm_real_slice
2848,1668300.0,900.0,0.3344878675838936,0.125,0,1670370.0,azure_vm_real_slice
2849,1676100.0,2700.0,0.05,0.5,0,1682310.0,azure_vm_real_slice
2850,1295700.0,9900.0,0.05,0.125,0,1318470.0,azure_vm_real_slice
2851,1304100.0,600.0,0.07052957925555471,0.125,0,1305480.0,azure_vm_real_slice
2852,613200.0,900.0,0.30302674368686633,0.125,0,615270.0,azure_vm_real_slice
2853,1171200.0,300.0,0.05,0.125,0,1171890.0,azure_vm_real_slice
2854,0.0,258900.0,0.05,0.5,0,595470.0,azure_vm_real_slice
2855,1868700.0,5400.0,0.4590693413872649,0.125,1,1879770.0,azure_vm_real_slice
2856,1149000.0,34200.0,0.05,0.5,0,1227660.0,azure_vm_real_slice
2857,0.0,2591400.0,0.1076747018433878,0.05,0,5960220.0,azure_vm_real_slice
2858,1584000.0,1500.0,0.28749105168700795,0.5,0,1587450.0,azure_vm_real_slice
2859,0.0,600.0,0.05,0.125,0,1380.0,azure_vm_real_slice
2860,0.0,2700.0,0.2301983686651208,0.0625,0,6209.999999999999,azure_vm_real_slice
2861,61200.0,32400.0,0.7289352306564154,0.125,1,127620.0,azure_vm_real_slice
2862,782700.0,61500.0,0.40161552725982225,0.125,1,908775.0,azure_vm_real_slice
2863,1065300.0,967800.0,0.05,0.05,0,3291240.0,azure_vm_real_slice
2864,1556700.0,600.0,0.05,0.125,0,1558080.0,azure_vm_real_slice
2865,951900.0,28800.0,0.08792431638970175,1.0,2,1003740.0,azure_vm_real_slice
2866,407700.0,900.0,0.19354741440011586,0.5,2,409320.0,azure_vm_real_slice
2867,898500.0,5400.0,0.770006369838913,0.5,2,908220.0,azure_vm_real_slice
2868,1314900.0,600.0,0.05,0.125,0,1316280.0,azure_vm_real_slice
2869,1175100.0,13500.0,0.3953834265948292,0.125,1,1202775.0,azure_vm_real_slice
2870,948600.0,46500.0,0.1481777345644696,0.5,2,1032300.0,azure_vm_real_slice
2871,608100.0,10500.0,0.05,0.125,0,632250.0,azure_vm_real_slice
2872,1230600.0,300.0,0.05,0.0625,0,1231290.0,azure_vm_real_slice
2873,0.0,600.0,0.5837942766003139,0.5,1,1230.0,azure_vm_real_slice
2874,1884900.0,300.0,0.05,0.5,0,1885590.0,azure_vm_real_slice
2875,0.0,300.0,0.05,0.125,0,690.0,azure_vm_real_slice
2876,0.0,2591400.0,0.15200290962644541,0.0625,0,5960220.0,azure_vm_real_slice
2877,1485000.0,3000.0,0.23603392196453787,0.0625,0,1491900.0,azure_vm_real_slice
2878,0.0,7200.0,0.19638184063592048,0.0625,0,16560.0,azure_vm_real_slice
2879,0.0,2591400.0,0.05,0.0625,0,5960220.0,azure_vm_real_slice
2880,886200.0,300.0,0.05,1.0,2,886740.0,azure_vm_real_slice
2881,0.0,900.0,0.05,0.5,0,2070.0,azure_vm_real_slice
2882,1801500.0,5700.0,0.06595430924771921,0.5,0,1814610.0,azure_vm_real_slice
2883,0.0,85800.0,0.05,0.05,0,197339.99999999997,azure_vm_real_slice
2884,0.0,600.0,0.15017250605762583,0.125,0,1380.0,azure_vm_real_slice
2885,0.0,1500.0,0.23052323276729195,0.125,0,3449.9999999999995,azure_vm_real_slice
2886,900.0,8700.0,0.1402499184744876,0.05,0,20910.0,azure_vm_real_slice
2887,495600.0,8700.0,0.6665780642005846,0.125,1,513435.0,azure_vm_real_slice
2888,977400.0,3300.0,0.05707786420153831,0.05,0,984990.0,azure_vm_real_slice
2889,135900.0,7200.0,0.7272069164651128,0.125,1,150660.0,azure_vm_real_slice
2890,39900.0,28800.0,0.3695933820844431,0.05,1,98940.0,azure_vm_real_slice
2891,0.0,642000.0,0.126479086148322,0.0625,0,1476600.0,azure_vm_real_slice
2892,61200.0,2100.0,0.33245939878959846,0.125,0,66030.0,azure_vm_real_slice
2893,0.0,457500.0,0.08599116783083556,0.5,0,1052250.0,azure_vm_real_slice
2894,152700.0,7200.0,0.6350991827376583,0.125,1,167460.0,azure_vm_real_slice
2895,1056600.0,51900.0,0.24106705612801252,0.5,0,1175970.0,azure_vm_real_slice
2896,0.0,2591400.0,0.10909911767315979,0.05,0,5960220.0,azure_vm_real_slice
2897,1726200.0,1500.0,0.05,0.5,0,1729650.0,azure_vm_real_slice
2898,0.0,2591400.0,0.05,0.0625,0,5960220.0,azure_vm_real_slice
2899,308400.0,2100.0,0.05,0.5,0,313230.0,azure_vm_real_slice
2900,0.0,900.0,0.26576445545037913,0.5,0,2070.0,azure_vm_real_slice
2901,1016100.0,6900.0,0.5945632309767569,0.125,1,1030245.0,azure_vm_real_slice
2902,1346400.0,20100.0,0.08390376960756964,0.0625,0,1392630.0,azure_vm_real_slice
2903,970800.0,900.0,0.2721406690064031,0.5,0,972870.0,azure_vm_real_slice
2904,315300.0,1500.0,0.12053748546461465,0.5,2,318000.0,azure_vm_real_slice
2905,0.0,1200.0,0.05,0.5,0,2760.0,azure_vm_real_slice
2906,907200.0,300.0,0.05,0.05,0,907890.0,azure_vm_real_slice
2907,0.0,2591400.0,0.05,0.0625,0,5960220.0,azure_vm_real_slice
2908,974100.0,6600.0,0.05,0.125,0,989280.0,azure_vm_real_slice
2909,451800.0,791100.0,0.1049392792988357,0.0625,0,2271330.0,azure_vm_real_slice
2910,1070100.0,600.0,0.1356758784455916,0.125,0,1071480.0,azure_vm_real_slice
2911,0.0,95400.0,0.05,0.5,2,171719.99999999997,azure_vm_real_slice
2912,906600.0,900.0,0.05,0.5,0,908670.0,azure_vm_real_slice
2913,1452900.0,2100.0,0.0956157038447682,0.05,0,1457730.0,azure_vm_real_slice
2914,513600.0,300.0,0.05,0.0625,0,514290.0,azure_vm_real_slice
2915,202800.0,900.0,0.05,0.5,0,204870.0,azure_vm_real_slice
2916,454200.0,1800.0,0.4693815893234711,0.125,1,457890.0,azure_vm_real_slice
2917,1124400.0,13800.0,0.05766694995589081,0.125,0,1156140.0,azure_vm_real_slice
2918,403800.0,1800.0,0.16812941634784553,0.05,0,407940.0,azure_vm_real_slice
2919,1339200.0,3300.0,0.05,0.125,0,1346790.0,azure_vm_real_slice
2920,0.0,3300.0,0.644825366222406,0.125,1,6764.999999999999,azure_vm_real_slice
2921,813000.0,900.0,0.05,0.5,0,815070.0,azure_vm_real_slice
2922,1243500.0,300.0,0.05,0.5,2,1244040.0,azure_vm_real_slice
2923,0.0,4500.0,0.05,0.125,0,10350.0,azure_vm_real_slice
2924,133800.0,900.0,0.05,0.125,0,135870.0,azure_vm_real_slice
2925,775800.0,3000.0,0.05,0.5,0,782700.0,azure_vm_real_slice
2926,259200.0,2400.0,0.06536901440956606,0.05,0,264720.0,azure_vm_real_slice
2927,0.0,300.0,0.05925005022323335,0.5,2,540.0,azure_vm_real_slice
2928,1087500.0,300.0,0.24867976521431095,0.5,0,1088190.0,azure_vm_real_slice
2929,949200.0,12600.0,0.15193577061359997,0.5,2,971880.0,azure_vm_real_slice
2930,1113600.0,600.0,0.05,0.5,2,1114680.0,azure_vm_real_slice
2931,1690800.0,900.0,0.05,0.5,2,1692420.0,azure_vm_real_slice
2932,0.0,900.0,0.17133494590131246,0.125,0,2070.0,azure_vm_real_slice
2933,408900.0,300.0,0.05,0.5,2,409440.0,azure_vm_real_slice
2934,933000.0,900.0,0.0933161482763556,0.125,0,935070.0,azure_vm_real_slice
2935,198600.0,900.0,0.1749114492216649,0.0625,0,200670.0,azure_vm_real_slice
2936,1791600.0,10500.0,0.6837644509010132,0.125,1,1813125.0,azure_vm_real_slice
2937,0.0,2591400.0,0.06737014819420144,0.0625,0,5960220.0,azure_vm_real_slice
2938,1929300.0,3600.0,0.2924556539502651,0.125,0,1937580.0,azure_vm_real_slice
2939,576600.0,1456500.0,0.12058725528453429,0.05,0,3926549.9999999995,azure_vm_real_slice
2940,256800.0,300.0,0.05,0.125,0,257490.0,azure_vm_real_slice
2941,797100.0,7500.0,0.45702541518921924,0.125,1,812475.0,azure_vm_real_slice
2942,0.0,2591400.0,0.05,0.5,0,5960220.0,azure_vm_real_slice
2943,493800.0,600.0,0.24769493773199916,0.05,0,495180.0,azure_vm_real_slice
2944,1832700.0,1500.0,0.05,0.5,0,1836150.0,azure_vm_real_slice
2945,0.0,2100.0,0.1461678759240843,0.125,0,4830.0,azure_vm_real_slice
2946,11100.0,300.0,0.05,0.5,0,11790.0,azure_vm_real_slice
2947,1816800.0,600.0,0.16271381326475015,0.5,0,1818180.0,azure_vm_real_slice
2948,0.0,1200.0,0.5102084291852917,1.0,2,2160.0,azure_vm_real_slice
2949,1140900.0,300.0,0.05,0.5,0,1141590.0,azure_vm_real_slice
2950,1050600.0,300.0,0.12497416797628233,0.125,0,1051290.0,azure_vm_real_slice
2951,1128600.0,2700.0,0.272285214166699,0.0625,0,1134810.0,azure_vm_real_slice
2952,1615800.0,300.0,0.05,0.5,0,1616490.0,azure_vm_real_slice
2953,0.0,1800.0,0.32821936022539766,0.125,0,4140.0,azure_vm_real_slice
2954,337200.0,300.0,0.1604823286680669,0.125,0,337890.0,azure_vm_real_slice
2955,0.0,9600.0,0.05,0.5,0,22080.0,azure_vm_real_slice
2956,1929000.0,600.0,0.05,1.0,2,1930080.0,azure_vm_real_slice
2957,0.0,1200.0,0.05,0.0625,0,2760.0,azure_vm_real_slice
2958,602700.0,56400.0,0.5647141643756288,0.5,2,704220.0,azure_vm_real_slice
2959,1762500.0,1800.0,0.05,0.5,0,1766640.0,azure_vm_real_slice
2960,381000.0,2400.0,0.05,0.5,0,386520.0,azure_vm_real_slice
2961,0.0,600.0,0.05,0.0625,0,1380.0,azure_vm_real_slice
2962,616200.0,900.0,0.10932212737408632,0.125,0,618270.0,azure_vm_real_slice
2963,0.0,2591400.0,0.05,0.05,0,5960220.0,azure_vm_real_slice
2964,323400.0,900.0,0.05,0.5,2,325020.0,azure_vm_real_slice
2965,446100.0,2400.0,0.05,0.5,0,451620.0,azure_vm_real_slice
2966,298200.0,25800.0,0.3710706787689113,0.125,1,351090.0,azure_vm_real_slice
2967,622200.0,3900.0,0.12826500446834563,0.05,0,631170.0,azure_vm_real_slice
2968,628200.0,2400.0,0.05,0.5,0,633720.0,azure_vm_real_slice
2969,0.0,300.0,0.053825183022190644,0.125,0,690.0,azure_vm_real_slice
2970,1208100.0,48600.0,0.10512571061504186,0.5,2,1295580.0,azure_vm_real_slice
2971,12900.0,1200.0,0.12346408038202764,0.5,2,15060.0,azure_vm_real_slice
2972,0.0,10800.0,0.5982601104674123,0.5,1,22139.999999999996,azure_vm_real_slice
2973,1948500.0,2700.0,0.534166597325246,0.125,1,1954035.0,azure_vm_real_slice
2974,1511700.0,521400.0,0.19211185809801937,0.5,2,2450220.0,azure_vm_real_slice
2975,1341300.0,2700.0,0.05,0.125,0,1347510.0,azure_vm_real_slice
2976,5700.0,300.0,0.08323106674314568,0.5,2,6240.0,azure_vm_real_slice
2977,385500.0,18300.0,0.36773492506685984,0.125,1,423015.0,azure_vm_real_slice
2978,0.0,171900.0,0.10957797459421588,0.05,0,395369.99999999994,azure_vm_real_slice
2979,1810800.0,2700.0,0.05,0.5,0,1817010.0,azure_vm_real_slice
2980,688500.0,900.0,0.059226078188900015,0.125,0,690570.0,azure_vm_real_slice
2981,0.0,6900.0,0.056684980277228146,0.125,0,15869.999999999998,azure_vm_real_slice
2982,1194300.0,2100.0,0.05,0.5,0,1199130.0,azure_vm_real_slice
2983,13800.0,300.0,0.4110478340460839,0.0625,1,14415.0,azure_vm_real_slice
2984,0.0,600.0,0.05,0.5,0,1380.0,azure_vm_real_slice
2985,1393500.0,600.0,0.05,0.5,0,1394880.0,azure_vm_real_slice
2986,0.0,1500.0,0.2205247027910332,0.5,0,3449.9999999999995,azure_vm_real_slice
2987,1392600.0,600.0,0.05,0.125,0,1393980.0,azure_vm_real_slice
2988,243000.0,600.0,0.20438726347767544,0.0625,0,244380.0,azure_vm_real_slice
2989,79200.0,1953900.0,0.06185928683849864,0.125,0,4573170.0,azure_vm_real_slice
2990,1815600.0,600.0,0.10076853440853518,0.125,0,1816980.0,azure_vm_real_slice
2991,588900.0,346800.0,0.05,0.125,0,1386540.0,azure_vm_real_slice
2992,663900.0,1200.0,0.05,0.0625,0,666660.0,azure_vm_real_slice
2993,1366200.0,900.0,0.26728379419243004,0.5,2,1367820.0,azure_vm_real_slice
2994,1568700.0,108900.0,0.49189832830777097,0.125,1,1791945.0,azure_vm_real_slice
2995,0.0,300.0,0.09122924593611759,0.125,0,690.0,azure_vm_real_slice
2996,1684200.0,300.0,0.05,0.05,0,1684890.0,azure_vm_real_slice
2997,0.0,2591400.0,0.05971167706435551,0.125,0,5960220.0,azure_vm_real_slice
2998,23100.0,6300.0,0.2119636479669308,0.05,0,37590.0,azure_vm_real_slice
2999,576900.0,1456200.0,0.1175509902621637,0.05,0,3926159.9999999995,azure_vm_real_slice
3000,765000.0,600.0,0.05,0.5,0,766380.0,azure_vm_real_slice
3001,1114500.0,1800.0,0.4161829898120105,0.0625,1,1118190.0,azure_vm_real_slice
3002,1401000.0,900.0,0.11475243874671875,0.125,0,1403070.0,azure_vm_real_slice
3003,436500.0,1800.0,0.05,0.5,0,440640.0,azure_vm_real_slice
3004,1134600.0,1200.0,0.08717131035659959,0.125,0,1137360.0,azure_vm_real_slice
3005,0.0,2400.0,0.05,0.5,0,5520.0,azure_vm_real_slice
3006,0.0,1534800.0,0.05,0.05,0,3530039.9999999995,azure_vm_real_slice
3007,0.0,18900.0,0.05,0.125,0,43470.0,azure_vm_real_slice
3008,244500.0,1800.0,0.1803518386021704,1.0,2,247740.0,azure_vm_real_slice
3009,621600.0,11400.0,0.1674096665297924,0.5,0,647820.0,azure_vm_real_slice
3010,778800.0,2700.0,0.05,0.5,0,785010.0,azure_vm_real_slice
3011,1929900.0,300.0,0.05,1.0,2,1930440.0,azure_vm_real_slice
3012,0.0,600.0,0.06462745194583068,0.125,0,1380.0,azure_vm_real_slice
3013,942900.0,1800.0,0.22622024088506232,0.125,0,947040.0,azure_vm_real_slice
3014,1704600.0,300.0,0.05,0.5,0,1705290.0,azure_vm_real_slice
3015,333900.0,1500.0,0.12202629093425968,0.05,0,337350.0,azure_vm_real_slice
3016,1193700.0,5400.0,0.05,0.125,0,1206120.0,azure_vm_real_slice
3017,0.0,44100.0,0.11700656975541902,0.05,0,101429.99999999999,azure_vm_real_slice
3018,887700.0,300.0,0.08154140191394797,0.5,0,888390.0,azure_vm_real_slice
3019,0.0,2591400.0,0.08160837185586763,0.05,0,5960220.0,azure_vm_real_slice
3020,144900.0,1500.0,0.16788722055408095,0.125,0,148350.0,azure_vm_real_slice
3021,1336800.0,1200.0,0.05,0.0625,0,1339560.0,azure_vm_real_slice
3022,0.0,29700.0,0.7597752399043931,0.125,2,53459.99999999999,azure_vm_real_slice
3023,753000.0,900.0,0.11954166054372761,0.125,0,755070.0,azure_vm_real_slice
3024,0.0,900.0,0.05,0.5,2,1619.9999999999998,azure_vm_real_slice
3025,287400.0,34200.0,0.33725715576254894,0.125,0,366060.0,azure_vm_real_slice
3026,1688100.0,300.0,0.06494079130100106,0.5,0,1688790.0,azure_vm_real_slice
3027,1470000.0,6900.0,0.05,0.0625,0,1485870.0,azure_vm_real_slice
3028,0.0,2591400.0,0.05,0.0625,0,5960220.0,azure_vm_real_slice
3029,1684500.0,600.0,0.05,0.5,0,1685880.0,azure_vm_real_slice
3030,0.0,2591400.0,0.10138265795979053,0.5,2,4664520.0,azure_vm_real_slice
3031,1078800.0,5400.0,0.05,0.125,0,1091220.0,azure_vm_real_slice
3032,267900.0,600.0,0.05,0.125,0,269280.0,azure_vm_real_slice
3033,0.0,2591400.0,0.09448829214037432,0.05,0,5960220.0,azure_vm_real_slice
3034,990900.0,2400.0,0.14819141848897252,0.125,0,996420.0,azure_vm_real_slice
3035,937800.0,300.0,0.05,0.0625,0,938490.0,azure_vm_real_slice
3036,913500.0,2100.0,0.05,0.5,0,918330.0,azure_vm_real_slice
3037,1761000.0,300.0,0.05,0.5,2,1761540.0,azure_vm_real_slice
3038,1316700.0,3600.0,0.5779832837115714,0.125,1,1324080.0,azure_vm_real_slice
3039,1937700.0,600.0,0.05,1.0,2,1938780.0,azure_vm_real_slice
3040,547800.0,1800.0,0.47871552490258024,0.125,1,551490.0,azure_vm_real_slice
3041,1923300.0,10500.0,0.05,0.5,0,1947450.0,azure_vm_real_slice
3042,0.0,22500.0,0.42165766577117336,0.125,1,46124.99999999999,azure_vm_real_slice
3043,1301700.0,6000.0,0.13372428123750818,0.5,2,1312500.0,azure_vm_real_slice
3044,0.0,4500.0,0.6881664566190085,0.05,1,9225.0,azure_vm_real_slice
3045,399300.0,11100.0,0.05,0.0625,0,424830.0,azure_vm_real_slice
3046,554700.0,300.0,0.05,0.125,0,555390.0,azure_vm_real_slice
3047,0.0,300.0,0.05,0.5,2,540.0,azure_vm_real_slice
3048,0.0,27300.0,0.05,0.5,0,62789.99999999999,azure_vm_real_slice
3049,1847400.0,75600.0,0.05,0.0625,0,2021280.0,azure_vm_real_slice
3050,1041900.0,3300.0,0.06982313632296791,0.125,0,1049490.0,azure_vm_real_slice
3051,143700.0,201900.0,0.05,0.0625,0,608070.0,azure_vm_real_slice
3052,1939800.0,300.0,0.15068315466074927,0.125,0,1940490.0,azure_vm_real_slice
3053,979800.0,600.0,0.05,0.5,0,981180.0,azure_vm_real_slice
3054,0.0,600.0,0.06996066262299519,0.125,0,1380.0,azure_vm_real_slice
3055,0.0,2591400.0,0.0785218960680471,0.125,0,5960220.0,azure_vm_real_slice
3056,1388100.0,6900.0,0.05549896883919739,0.0625,0,1403970.0,azure_vm_real_slice
3057,0.0,600.0,0.07825290975336816,0.125,0,1380.0,azure_vm_real_slice
3058,20700.0,4800.0,0.3559065998137949,0.5,1,30540.0,azure_vm_real_slice
3059,1948200.0,1200.0,0.1669186230210419,0.0625,0,1950960.0,azure_vm_real_slice
3060,0.0,1082100.0,0.05,0.5,2,1947779.9999999998,azure_vm_real_slice
3061,0.0,6300.0,0.6631298322158533,0.5,1,12914.999999999998,azure_vm_real_slice
3062,538500.0,900.0,0.437189455994631,0.125,1,540345.0,azure_vm_real_slice
3063,1243200.0,600.0,0.06502613189884003,0.5,0,1244580.0,azure_vm_real_slice
3064,1607400.0,86400.0,0.05,0.0625,0,1806120.0,azure_vm_real_slice
3065,1175700.0,2400.0,0.05,0.5,0,1181220.0,azure_vm_real_slice
3066,219000.0,900.0,0.05,0.5,0,221070.0,azure_vm_real_slice
3067,555300.0,300.0,0.06891279745857581,0.125,0,555990.0,azure_vm_real_slice
3068,1334700.0,1500.0,0.15947762077940952,0.5,0,1338150.0,azure_vm_real_slice
3069,1555800.0,2100.0,0.40593302349331345,0.05,1,1560105.0,azure_vm_real_slice
3070,0.0,2591400.0,0.09264427458326079,0.05,0,5960220.0,azure_vm_real_slice
3071,399600.0,3300.0,0.5885896291618079,0.05,1,406365.0,azure_vm_real_slice
3072,0.0,2591400.0,0.05,0.125,0,5960220.0,azure_vm_real_slice
3073,1053900.0,600.0,0.05,0.5,0,1055280.0,azure_vm_real_slice
3074,2013300.0,900.0,0.0808492358863576,0.125,0,2015370.0,azure_vm_real_slice
3075,408900.0,54000.0,0.2100080828161737,0.0625,0,533100.0,azure_vm_real_slice
3076,308700.0,1200.0,0.05,0.0625,0,311460.0,azure_vm_real_slice
3077,1701300.0,900.0,0.48959334696599216,0.05,1,1703145.0,azure_vm_real_slice
3078,0.0,5100.0,0.05,1.0,2,9180.0,azure_vm_real_slice
3079,1865700.0,900.0,0.05,0.125,0,1867770.0,azure_vm_real_slice
3080,1154100.0,2400.0,0.05,0.0625,0,1159620.0,azure_vm_real_slice
3081,1991400.0,1200.0,0.07067566176934538,0.125,0,1994160.0,azure_vm_real_slice
3082,339300.0,900.0,0.08379827263221606,0.0625,0,341370.0,azure_vm_real_slice
3083,807600.0,2700.0,0.44101815256320237,0.5,1,813135.0,azure_vm_real_slice
3084,739800.0,600.0,0.1741198709272129,0.0625,0,741180.0,azure_vm_real_slice
3085,1060500.0,49500.0,0.48534317113778613,0.05,1,1161975.0,azure_vm_real_slice
3086,130500.0,600.0,0.10650764701603321,0.125,0,131880.0,azure_vm_real_slice
3087,1722000.0,1200.0,0.7754848942900567,0.5,2,1724160.0,azure_vm_real_slice
3088,1282200.0,600.0,0.05,0.0625,0,1283580.0,azure_vm_real_slice
3089,1045200.0,300.0,0.18210574451289802,0.05,0,1045890.0,azure_vm_real_slice
3090,1744200.0,2100.0,0.05,0.5,0,1749030.0,azure_vm_real_slice
3091,0.0,896400.0,0.05,0.125,0,2061719.9999999998,azure_vm_real_slice
3092,0.0,300.0,0.05,0.0625,0,690.0,azure_vm_real_slice
3093,1212900.0,44700.0,0.05,0.0625,0,1315710.0,azure_vm_real_slice
3094,3300.0,1800.0,0.2347372812929097,0.5,0,7440.0,azure_vm_real_slice
3095,1128000.0,300.0,0.05,0.125,0,1128690.0,azure_vm_real_slice
3096,0.0,3300.0,0.09108303859534343,0.5,2,5939.999999999999,azure_vm_real_slice
3097,0.0,1500.0,0.05,0.5,0,3449.9999999999995,azure_vm_real_slice
3098,716400.0,5400.0,0.0927175169100421,0.5,0,728820.0,azure_vm_real_slice
3099,518400.0,600.0,0.4775500343034886,0.05,1,519630.0,azure_vm_real_slice
3100,1517100.0,300.0,0.05,0.5,0,1517790.0,azure_vm_real_slice
3101,1768200.0,2100.0,0.05,0.5,0,1773030.0,azure_vm_real_slice
3102,0.0,300.0,0.37219695469127273,0.0625,1,615.0,azure_vm_real_slice
3103,0.0,300.0,0.25017727683935936,0.0625,0,690.0,azure_vm_real_slice
3104,1158600.0,496200.0,0.12386122608164525,0.5,0,2299860.0,azure_vm_real_slice
3105,2025600.0,2100.0,0.05,0.5,0,2030430.0,azure_vm_real_slice
3106,0.0,1800.0,0.23806922004377676,0.05,0,4140.0,azure_vm_real_slice
3107,1121400.0,3000.0,0.19709778728298427,0.5,0,1128300.0,azure_vm_real_slice
3108,300900.0,6600.0,0.07634969867743233,0.5,0,316080.0,azure_vm_real_slice
3109,0.0,900.0,0.05,0.05,0,2070.0,azure_vm_real_slice
3110,0.0,2591400.0,0.09640293167448838,0.05,0,5960220.0,azure_vm_real_slice
3111,1934700.0,3300.0,0.5374761215258332,0.125,1,1941465.0,azure_vm_real_slice
3112,65100.0,300.0,0.08465561354801979,0.125,0,65790.0,azure_vm_real_slice
3113,1171800.0,600.0,0.05,0.5,0,1173180.0,azure_vm_real_slice
3114,0.0,600.0,0.13565354608663044,0.05,0,1380.0,azure_vm_real_slice
3115,0.0,2591400.0,0.05,0.5,0,5960220.0,azure_vm_real_slice
3116,1556400.0,1500.0,0.37973556868493424,0.05,1,1559475.0,azure_vm_real_slice
3117,0.0,300.0,0.0588416890902473,0.125,0,690.0,azure_vm_real_slice
3118,1940700.0,6600.0,0.1497420437491906,0.125,0,1955880.0,azure_vm_real_slice
3119,1090200.0,2100.0,0.22650034710871012,0.0625,0,1095030.0,azure_vm_real_slice
3120,1315200.0,11700.0,0.3163558123816619,0.5,2,1336260.0,azure_vm_real_slice
3121,0.0,300.0,0.05,0.125,0,690.0,azure_vm_real_slice
3122,381900.0,600.0,0.12206541994285722,0.125,0,383280.0,azure_vm_real_slice
3123,1604100.0,31500.0,0.05,0.5,0,1676550.0,azure_vm_real_slice
3124,0.0,300.0,0.9356768283775324,0.05,2,540.0,azure_vm_real_slice
3125,0.0,2700.0,0.42095931430367073,0.0625,1,5534.999999999999,azure_vm_real_slice
3126,0.0,1654500.0,0.05091982851103708,0.125,0,3805349.9999999995,azure_vm_real_slice
3127,1507200.0,525900.0,0.05,0.05,0,2716770.0,azure_vm_real_slice
3128,1899000.0,600.0,0.05,0.5,0,1900380.0,azure_vm_real_slice
3129,1197600.0,93300.0,0.05,0.125,0,1412190.0,azure_vm_real_slice
3130,0.0,2591400.0,0.05,0.5,2,4664520.0,azure_vm_real_slice
3131,0.0,2591400.0,0.18786315006125556,0.125,0,5960220.0,azure_vm_real_slice
3132,1744200.0,600.0,0.11560837806295694,0.125,0,1745580.0,azure_vm_real_slice
3133,1576200.0,300.0,0.05,0.5,0,1576890.0,azure_vm_real_slice
3134,1945200.0,2100.0,0.33402801360538353,0.125,0,1950030.0,azure_vm_real_slice
3135,29700.0,1800.0,0.05,0.5,0,33840.0,azure_vm_real_slice
3136,1326000.0,1500.0,0.3533587813160124,0.125,1,1329075.0,azure_vm_real_slice
3137,515400.0,2700.0,0.2715300427148193,0.05,0,521610.0,azure_vm_real_slice
3138,198000.0,600.0,0.06934580596449451,0.125,0,199380.0,azure_vm_real_slice
3139,0.0,2591400.0,0.08892881769515214,0.05,0,5960220.0,azure_vm_real_slice
3140,382200.0,11700.0,0.07361075336017554,0.125,0,409110.0,azure_vm_real_slice
3141,0.0,2591400.0,0.1484292495206674,0.05,0,5960220.0,azure_vm_real_slice
3142,0.0,300.0,0.05783016802413518,0.125,0,690.0,azure_vm_real_slice
3143,891900.0,600.0,0.05,0.0625,0,893280.0,azure_vm_real_slice
3144,0.0,900.0,0.37194236124599966,0.125,1,1844.9999999999998,azure_vm_real_slice
3145,513000.0,57300.0,0.05685940006032003,0.5,2,616140.0,azure_vm_real_slice
3146,1455000.0,266100.0,0.05,0.125,0,2067030.0,azure_vm_real_slice
3147,0.0,10500.0,0.24645796011819235,0.125,0,24149.999999999996,azure_vm_real_slice
3148,0.0,8700.0,0.3611891555363557,0.5,2,15659.999999999998,azure_vm_real_slice
3149,0.0,300.0,0.14225152124585785,0.125,0,690.0,azure_vm_real_slice
3150,1367100.0,900.0,0.1620214938646285,0.0625,0,1369170.0,azure_vm_real_slice
3151,0.0,1200.0,0.16075448717599009,0.125,0,2760.0,azure_vm_real_slice
3152,0.0,2591400.0,0.055195084044146796,0.5,2,4664520.0,azure_vm_real_slice
3153,1303200.0,2700.0,0.5320193508845537,0.125,1,1308735.0,azure_vm_real_slice
3154,556200.0,2400.0,0.6668403421898098,0.125,1,561120.0,azure_vm_real_slice
3155,25500.0,900.0,0.05,0.5,2,27120.0,azure_vm_real_slice
3156,1760100.0,273000.0,0.0752341728643109,0.5,2,2251500.0,azure_vm_real_slice
3157,401700.0,1200.0,0.3401535206153157,0.05,0,404460.0,azure_vm_real_slice
3158,0.0,2100.0,0.05,0.5,0,4830.0,azure_vm_real_slice
3159,0.0,2591400.0,0.08725501049506736,0.05,0,5960220.0,azure_vm_real_slice
3160,1542000.0,14400.0,0.23069823630656291,0.0625,0,1575120.0,azure_vm_real_slice
3161,569400.0,900.0,0.115589915356417,0.125,0,571470.0,azure_vm_real_slice
3162,1293900.0,46200.0,0.057562410968965964,0.125,0,1400160.0,azure_vm_real_slice
3163,303600.0,600.0,0.05,0.5,0,304980.0,azure_vm_real_slice
3164,1767900.0,300.0,0.08857722651428855,0.125,0,1768590.0,azure_vm_real_slice
3165,428400.0,2100.0,0.5187943077967181,0.05,1,432705.0,azure_vm_real_slice
3166,1678200.0,900.0,0.22990067193993305,0.05,0,1680270.0,azure_vm_real_slice
3167,1674600.0,1500.0,0.21971733968261134,0.125,0,1678050.0,azure_vm_real_slice
3168,1023900.0,258600.0,0.7819563359967028,0.5,2,1489380.0,azure_vm_real_slice
3169,1939800.0,300.0,0.1635226745157791,0.0625,0,1940490.0,azure_vm_real_slice
3170,1274700.0,900.0,0.05,0.5,2,1276320.0,azure_vm_real_slice
3171,361500.0,300.0,0.05,0.5,0,362190.0,azure_vm_real_slice
3172,873000.0,43200.0,0.05,0.5,0,972360.0,azure_vm_real_slice
3173,0.0,24000.0,0.15762869106631894,0.0625,0,55199.99999999999,azure_vm_real_slice
3174,0.0,2400.0,0.45432243807821115,0.5,1,4920.0,azure_vm_real_slice
3175,1245900.0,8700.0,0.39926567925035816,0.125,1,1263735.0,azure_vm_real_slice
3176,1348800.0,1500.0,0.08577199718695182,1.0,2,1351500.0,azure_vm_real_slice
3177,616200.0,1200.0,0.05,0.5,0,618960.0,azure_vm_real_slice
3178,126600.0,44400.0,0.07851069934621052,0.125,0,228720.0,azure_vm_real_slice
3179,1752600.0,2100.0,0.05,0.5,0,1757430.0,azure_vm_real_slice
3180,1026600.0,300.0,0.05,0.5,2,1027140.0,azure_vm_real_slice
3181,498900.0,7200.0,0.36575377473719295,0.5,1,513660.0,azure_vm_real_slice
3182,0.0,2591400.0,0.2628371261995524,0.125,0,5960220.0,azure_vm_real_slice
3183,854100.0,2400.0,0.09598723098827561,0.05,0,859620.0,azure_vm_real_slice
3184,1256400.0,1800.0,0.05,0.05,0,1260540.0,azure_vm_real_slice
3185,332100.0,300.0,0.06990860990968621,0.125,0,332790.0,azure_vm_real_slice
3186,0.0,2591400.0,0.05,0.05,0,5960220.0,azure_vm_real_slice
3187,249600.0,2100.0,0.05,0.5,0,254430.0,azure_vm_real_slice
3188,1162500.0,2700.0,0.8079135321092711,0.5,2,1167360.0,azure_vm_real_slice
3189,387600.0,1500.0,0.26948528064033794,0.5,0,391050.0,azure_vm_real_slice
3190,407700.0,906600.0,0.05,0.125,0,2492880.0,azure_vm_real_slice
3191,1946400.0,75600.0,0.05,0.125,0,2120280.0,azure_vm_real_slice
3192,1143000.0,4500.0,0.3421561081619475,0.5,0,1153350.0,azure_vm_real_slice
3193,1337700.0,2700.0,0.054170188945333084,0.125,0,1343910.0,azure_vm_real_slice
3194,0.0,2591400.0,0.05,0.0625,0,5960220.0,azure_vm_real_slice
3195,0.0,2700.0,0.5475062099479261,0.05,1,5534.999999999999,azure_vm_real_slice
3196,530100.0,600.0,0.05,0.125,0,531480.0,azure_vm_real_slice
3197,378900.0,900.0,0.10038051530143295,0.125,0,380970.0,azure_vm_real_slice
3198,0.0,600.0,0.10243463136237169,0.125,0,1380.0,azure_vm_real_slice
3199,1767600.0,600.0,0.1682629844540466,0.125,0,1768980.0,azure_vm_real_slice
3200,444300.0,900.0,0.09019290152128086,0.125,0,446370.0,azure_vm_real_slice
3201,0.0,2591400.0,0.20435962848770767,0.5,0,5960220.0,azure_vm_real_slice
3202,629700.0,5100.0,0.05,0.125,0,641430.0,azure_vm_real_slice
3203,0.0,600.0,0.13470235848216475,0.125,0,1380.0,azure_vm_real_slice
3204,567300.0,600.0,0.09049379758798891,0.125,0,568680.0,azure_vm_real_slice
3205,868500.0,300.0,0.05,0.125,0,869190.0,azure_vm_real_slice
3206,1324200.0,300.0,0.1941270188936188,0.125,0,1324890.0,azure_vm_real_slice
3207,1401000.0,13500.0,0.7535740453989119,0.5,2,1425300.0,azure_vm_real_slice
3208,0.0,799800.0,0.10723391718967505,0.0625,0,1839539.9999999998,azure_vm_real_slice
3209,1967100.0,300.0,0.08894663467191213,0.5,0,1967790.0,azure_vm_real_slice
3210,1156200.0,6300.0,0.6633764411873898,0.125,1,1169115.0,azure_vm_real_slice
3211,1819500.0,300.0,0.05,0.5,0,1820190.0,azure_vm_real_slice
3212,1593900.0,2100.0,0.16769887348442747,0.125,0,1598730.0,azure_vm_real_slice
3213,1855800.0,1500.0,0.05,0.5,0,1859250.0,azure_vm_real_slice
3214,1810500.0,25500.0,0.2638397646583908,0.5,2,1856400.0,azure_vm_real_slice
3215,68100.0,300.0,0.05,0.125,0,68790.0,azure_vm_real_slice
3216,1981200.0,1800.0,0.203042483806313,0.5,0,1985340.0,azure_vm_real_slice
3217,0.0,39000.0,0.05,0.125,0,89700.0,azure_vm_real_slice
3218,869100.0,600.0,0.05,0.5,0,870480.0,azure_vm_real_slice
3219,1098900.0,60300.0,0.2171891526063899,0.0625,0,1237590.0,azure_vm_real_slice
3220,120900.0,119700.0,0.05,0.5,0,396210.0,azure_vm_real_slice
3221,0.0,2591400.0,0.05,0.5,0,5960220.0,azure_vm_real_slice
3222,1910100.0,1500.0,0.2474374136187663,0.5,0,1913550.0,azure_vm_real_slice
3223,0.0,600.0,0.23072741591507803,0.125,0,1380.0,azure_vm_real_slice
3224,1944000.0,300.0,0.23309103942362175,0.125,0,1944690.0,azure_vm_real_slice
3225,0.0,1200.0,0.05,0.5,2,2160.0,azure_vm_real_slice
3226,839700.0,300.0,0.05,0.5,0,840390.0,azure_vm_real_slice
3227,1907100.0,300.0,0.05,0.125,0,1907790.0,azure_vm_real_slice
3228,1783200.0,14400.0,0.05,0.0625,0,1816320.0,azure_vm_real_slice
3229,189300.0,1500.0,0.2361468651046806,0.125,0,192750.0,azure_vm_real_slice
3230,93000.0,8100.0,0.17851705931489875,1.0,2,107580.0,azure_vm_real_slice
3231,0.0,61200.0,0.104558756852691,0.05,0,140760.0,azure_vm_real_slice
3232,1274100.0,600.0,0.05,1.0,2,1275180.0,azure_vm_real_slice
3233,183300.0,1800.0,0.05,0.125,0,187440.0,azure_vm_real_slice
3234,740100.0,27900.0,0.06303909350422975,0.05,0,804270.0,azure_vm_real_slice
3235,713700.0,600.0,0.07792778637072219,0.125,0,715080.0,azure_vm_real_slice
3236,2013300.0,7500.0,0.05,0.125,0,2030550.0,azure_vm_real_slice
3237,0.0,937800.0,0.05,1.0,2,1688039.9999999998,azure_vm_real_slice
3238,147600.0,1885500.0,0.05,0.0625,0,4484250.0,azure_vm_real_slice
3239,728100.0,122700.0,0.3471367480638415,0.125,0,1010310.0,azure_vm_real_slice
3240,0.0,300.0,0.1202342845001933,0.125,0,690.0,azure_vm_real_slice
3241,0.0,1500.0,0.28764984321782255,0.125,0,3449.9999999999995,azure_vm_real_slice
3242,171000.0,300.0,0.1428554559181966,0.0625,0,171690.0,azure_vm_real_slice
3243,700800.0,42600.0,0.2904674211625942,0.5,0,798780.0,azure_vm_real_slice
3244,1881300.0,39300.0,0.3040556341865499,0.0625,0,1971690.0,azure_vm_real_slice
3245,0.0,44400.0,0.7715286632858267,0.5,2,79919.99999999999,azure_vm_real_slice
3246,0.0,2591400.0,0.09106350213186758,0.05,0,5960220.0,azure_vm_real_slice
3247,852600.0,1200.0,0.08785451238540157,0.05,0,855360.0,azure_vm_real_slice
3248,843300.0,300.0,0.05,0.5,2,843840.0,azure_vm_real_slice
3249,0.0,2591400.0,0.055408818591780803,0.05,0,5960220.0,azure_vm_real_slice
3250,328800.0,21600.0,0.3219015628282268,0.0625,0,378480.0,azure_vm_real_slice
3251,0.0,1800.0,0.05,0.5,0,4140.0,azure_vm_real_slice
3252,0.0,2591400.0,0.059021281977437605,0.125,0,5960220.0,azure_vm_real_slice
3253,1376700.0,3300.0,0.5508179732452665,0.125,1,1383465.0,azure_vm_real_slice
3254,1707300.0,600.0,0.12750116402895975,0.125,0,1708680.0,azure_vm_real_slice
3255,451500.0,791100.0,0.11531359656718757,0.0625,0,2271030.0,azure_vm_real_slice
3256,0.0,2591400.0,0.05,0.5,0,5960220.0,azure_vm_real_slice
3257,0.0,1800.0,0.3258434534262854,0.5,0,4140.0,azure_vm_real_slice
3258,425400.0,2400.0,0.05,0.5,0,430920.0,azure_vm_real_slice
3259,1308600.0,1800.0,0.2691570710319289,0.125,0,1312740.0,azure_vm_real_slice
3260,0.0,900.0,0.2751460024439376,0.125,0,2070.0,azure_vm_real_slice
3261,0.0,2591400.0,0.05,0.05,0,5960220.0,azure_vm_real_slice
3262,248400.0,2100.0,0.05,0.5,0,253230.0,azure_vm_real_slice
3263,1894200.0,2400.0,0.05,0.5,0,1899720.0,azure_vm_real_slice
3264,1866600.0,300.0,0.05,0.125,0,1867290.0,azure_vm_real_slice
3265,0.0,300.0,0.05,0.125,0,690.0,azure_vm_real_slice
3266,459600.0,20100.0,0.3482536684512504,0.125,0,505830.0,azure_vm_real_slice
3267,1510500.0,600.0,0.17325793152141444,0.125,0,1511880.0,azure_vm_real_slice
3268,1062600.0,36600.0,0.37186936252995656,0.125,1,1137630.0,azure_vm_real_slice
3269,1741500.0,3300.0,0.2904857400645412,0.125,0,1749090.0,azure_vm_real_slice
3270,0.0,300.0,0.07868984984444417,0.125,0,690.0,azure_vm_real_slice
3271,1776600.0,300.0,0.05,0.125,0,1777290.0,azure_vm_real_slice
3272,142500.0,600.0,0.07571935233915726,0.0625,0,143880.0,azure_vm_real_slice
3273,1200000.0,600.0,0.0583354874574795,0.5,0,1201380.0,azure_vm_real_slice
3274,653100.0,300.0,0.05,0.0625,0,653790.0,azure_vm_real_slice
3275,1131600.0,600.0,0.05,0.0625,0,1132980.0,azure_vm_real_slice
3276,962100.0,900.0,0.05,0.5,0,964170.0,azure_vm_real_slice
3277,0.0,1800.0,0.05,0.0625,0,4140.0,azure_vm_real_slice
3278,409800.0,300.0,0.05,0.05,0,410490.0,azure_vm_real_slice
3279,1262400.0,2100.0,0.4588813697343571,0.5,1,1266705.0,azure_vm_real_slice
3280,1606500.0,300.0,0.05,0.5,0,1607190.0,azure_vm_real_slice
3281,430500.0,55800.0,0.13900311196516946,0.5,0,558840.0,azure_vm_real_slice
3282,1689300.0,13500.0,0.13557070639096636,0.5,2,1713600.0,azure_vm_real_slice
3283,0.0,736500.0,0.05,0.0625,0,1693949.9999999998,azure_vm_real_slice
3284,1779600.0,1800.0,0.05,0.5,0,1783740.0,azure_vm_real_slice
3285,411900.0,1621200.0,0.05,0.0625,0,4140659.9999999995,azure_vm_real_slice
3286,0.0,1800.0,0.3873305602495858,0.125,1,3689.9999999999995,azure_vm_real_slice
3287,523500.0,2100.0,0.05,0.5,0,528330.0,azure_vm_real_slice
3288,252000.0,1200.0,0.05,1.0,2,254160.0,azure_vm_real_slice
3289,482700.0,5700.0,0.05,0.05,0,495810.0,azure_vm_real_slice
3290,449400.0,1500.0,0.09235990015164867,0.125,0,452850.0,azure_vm_real_slice
3291,0.0,2591400.0,0.5392979679465494,0.05,1,5312370.0,azure_vm_real_slice
3292,271500.0,2100.0,0.05,0.5,0,276330.0,azure_vm_real_slice
3293,192900.0,1200.0,0.05,0.0625,0,195660.0,azure_vm_real_slice
3294,1132800.0,900.0,0.14362245995367398,0.125,0,1134870.0,azure_vm_real_slice
3295,456600.0,300.0,0.19078840284509213,0.5,2,457140.0,azure_vm_real_slice
3296,1982700.0,3600.0,0.05,0.5,0,1990980.0,azure_vm_real_slice
3297,142200.0,300.0,0.08916414561359336,0.5,0,142890.0,azure_vm_real_slice
3298,774300.0,15300.0,0.05,0.125,0,809490.0,azure_vm_real_slice
3299,616800.0,1416300.0,0.05,0.5,2,3166139.9999999995,azure_vm_real_slice
3300,1635600.0,300.0,0.05,0.5,0,1636290.0,azure_vm_real_slice
3301,0.0,44400.0,0.05,0.125,0,102119.99999999999,azure_vm_real_slice
3302,604200.0,3000.0,0.4460099197642763,0.05,1,610350.0,azure_vm_real_slice
3303,1723800.0,600.0,0.05,0.125,0,1725180.0,azure_vm_real_slice
3304,0.0,438300.0,0.05,0.5,2,788939.9999999999,azure_vm_real_slice
3305,1675200.0,900.0,0.27477064838321485,0.125,0,1677270.0,azure_vm_real_slice
3306,899400.0,300.0,0.05,0.5,0,900090.0,azure_vm_real_slice
3307,1606500.0,300.0,0.053004509659919735,0.125,0,1607190.0,azure_vm_real_slice
3308,1872000.0,300.0,0.26173481863157005,0.125,0,1872690.0,azure_vm_real_slice
3309,1207500.0,39900.0,0.11029191944233523,1.0,2,1279320.0,azure_vm_real_slice
3310,1139100.0,2100.0,0.11582790832457958,0.125,0,1143930.0,azure_vm_real_slice
3311,535800.0,600.0,0.2389716031192811,0.125,0,537180.0,azure_vm_real_slice
3312,0.0,2591400.0,0.06359612929519903,0.0625,0,5960220.0,azure_vm_real_slice
3313,0.0,111300.0,0.28540921498799204,0.125,0,255989.99999999997,azure_vm_real_slice
3314,1098000.0,600.0,0.12444638425934514,0.125,0,1099380.0,azure_vm_real_slice
3315,495600.0,2100.0,0.05,0.5,0,500430.0,azure_vm_real_slice
3316,1355400.0,300.0,0.05,0.5,0,1356090.0,azure_vm_real_slice
3317,1344600.0,5400.0,0.6733032875888483,0.125,1,1355670.0,azure_vm_real_slice
3318,780600.0,2700.0,0.3564289677296851,0.5,2,785460.0,azure_vm_real_slice
3319,87000.0,50100.0,0.05,0.5,0,202230.0,azure_vm_real_slice
3320,0.0,300.0,0.05,0.125,0,690.0,azure_vm_real_slice
3321,1895700.0,600.0,0.30803900612614843,0.125,0,1897080.0,azure_vm_real_slice
3322,960300.0,1200.0,0.24169067786555648,0.125,0,963060.0,azure_vm_real_slice
3323,1857600.0,8400.0,0.05513353383031247,0.5,0,1876920.0,azure_vm_real_slice
3324,1623600.0,5700.0,0.5092555021185519,0.125,1,1635285.0,azure_vm_real_slice
3325,1513500.0,300.0,0.05,0.5,0,1514190.0,azure_vm_real_slice
3326,0.0,2591400.0,0.05,0.05,0,5960220.0,azure_vm_real_slice
3327,0.0,300.0,0.05889133635419185,0.125,0,690.0,azure_vm_real_slice
3328,1894200.0,4800.0,0.08434076450159393,0.125,0,1905240.0,azure_vm_real_slice
3329,1755000.0,5700.0,0.7325658194461484,0.5,1,1766685.0,azure_vm_real_slice
3330,0.0,20400.0,0.46655040128128517,0.0625,1,41820.0,azure_vm_real_slice
3331,0.0,2591400.0,0.05,0.125,0,5960220.0,azure_vm_real_slice
3332,288000.0,14100.0,0.7341684816463647,0.5,1,316905.0,azure_vm_real_slice
3333,839100.0,300.0,0.08795584249483039,0.5,0,839790.0,azure_vm_real_slice
3334,1653900.0,17700.0,0.05,0.5,2,1685760.0,azure_vm_real_slice
3335,652200.0,30300.0,0.12641286620316194,0.125,0,721890.0,azure_vm_real_slice
3336,610200.0,600.0,0.05,0.05,0,611580.0,azure_vm_real_slice
3337,1662300.0,1500.0,0.4314154500136959,0.125,1,1665375.0,azure_vm_real_slice
3338,245700.0,5700.0,0.08256361604420313,0.125,0,258810.0,azure_vm_real_slice
3339,111600.0,300.0,0.05,0.5,0,112290.0,azure_vm_real_slice
3340,990900.0,300.0,0.31025503103266105,0.0625,0,991590.0,azure_vm_real_slice
3341,0.0,9900.0,0.6707173308180053,0.5,1,20295.0,azure_vm_real_slice
3342,1009800.0,900.0,0.05,1.0,2,1011420.0,azure_vm_real_slice
3343,0.0,54000.0,0.16262602992131284,0.5,0,124199.99999999999,azure_vm_real_slice
3344,0.0,300.0,0.4364284517275715,0.05,1,615.0,azure_vm_real_slice
3345,443100.0,14400.0,0.07191911132765828,0.0625,0,476220.0,azure_vm_real_slice
3346,1984500.0,900.0,0.1527089679575858,0.125,0,1986570.0,azure_vm_real_slice
3347,992100.0,2400.0,0.5054233632074124,0.05,1,997020.0,azure_vm_real_slice
3348,1305900.0,40500.0,0.795606601050329,0.5,2,1378800.0,azure_vm_real_slice
3349,1362600.0,1500.0,0.05,0.5,2,1365300.0,azure_vm_real_slice
3350,537300.0,3000.0,0.5176618816817826,0.05,1,543450.0,azure_vm_real_slice
3351,0.0,15300.0,0.05,0.0625,0,35190.0,azure_vm_real_slice
3352,1806300.0,3300.0,0.0893885020059733,0.0625,0,1813890.0,azure_vm_real_slice
3353,1055400.0,3300.0,0.4302367407821051,0.05,1,1062165.0,azure_vm_real_slice
3354,307800.0,600.0,0.0962387014542343,0.125,0,309180.0,azure_vm_real_slice
3355,0.0,600.0,0.05,0.125,0,1380.0,azure_vm_real_slice
3356,1757700.0,1500.0,0.05,0.5,0,1761150.0,azure_vm_real_slice
3357,744900.0,2100.0,0.4764058734758008,0.125,1,749205.0,azure_vm_real_slice
3358,0.0,300.0,0.05,0.5,0,690.0,azure_vm_real_slice
3359,314100.0,925800.0,0.055491346929615375,0.5,0,2443440.0,azure_vm_real_slice
3360,408000.0,900.0,0.13173953401492414,0.5,2,409620.0,azure_vm_real_slice
3361,1864800.0,1500.0,0.382786128227424,0.125,1,1867875.0,azure_vm_real_slice
3362,0.0,1500.0,0.1970763196802217,0.125,0,3449.9999999999995,azure_vm_real_slice
3363,0.0,1800.0,0.05,0.5,0,4140.0,azure_vm_real_slice
3364,1372200.0,900.0,0.08150455453267816,0.125,0,1374270.0,azure_vm_real_slice
3365,0.0,300.0,0.052331593693817215,0.125,0,690.0,azure_vm_real_slice
3366,0.0,300.0,0.06491195445460997,0.05,0,690.0,azure_vm_real_slice
3367,1054200.0,2700.0,0.07385335837679437,0.5,2,1059060.0,azure_vm_real_slice
3368,0.0,2591400.0,0.19745154295200007,0.125,0,5960220.0,azure_vm_real_slice
3369,0.0,900.0,0.11241196910831702,0.125,0,2070.0,azure_vm_real_slice
3370,619200.0,18600.0,0.06991001029215066,0.05,0,661980.0,azure_vm_real_slice
3371,0.0,1500.0,0.7239316036370316,0.5,1,3074.9999999999995,azure_vm_real_slice
3372,1145100.0,101100.0,0.05,0.125,0,1377630.0,azure_vm_real_slice
3373,0.0,600.0,0.12837732510903463,0.125,0,1380.0,azure_vm_real_slice
3374,1564500.0,42900.0,0.22472369931093183,1.0,2,1641720.0,azure_vm_real_slice
3375,211200.0,600.0,0.08802368697221435,0.125,0,212580.0,azure_vm_real_slice
3376,571800.0,1500.0,0.16548943736109833,0.125,0,575250.0,azure_vm_real_slice
3377,1049100.0,600.0,0.05,0.5,0,1050480.0,azure_vm_real_slice
3378,1156500.0,900.0,0.05,0.125,0,1158570.0,azure_vm_real_slice
3379,1655100.0,300.0,0.05,0.125,0,1655790.0,azure_vm_real_slice
3380,975000.0,23700.0,0.05,0.125,0,1029510.0,azure_vm_real_slice
3381,947400.0,900.0,0.10997420446835537,0.125,0,949470.0,azure_vm_real_slice
3382,1776000.0,2100.0,0.05,0.5,0,1780830.0,azure_vm_real_slice
3383,0.0,10800.0,0.6455733755884231,0.5,1,22139.999999999996,azure_vm_real_slice
3384,1320600.0,712500.0,0.05500861615807572,0.125,0,2959350.0,azure_vm_real_slice
3385,395100.0,13200.0,0.05,0.0625,0,425460.0,azure_vm_real_slice
3386,453900.0,1200.0,0.38148944613337177,0.5,2,456060.0,azure_vm_real_slice
3387,542700.0,300.0,0.11685397233255576,0.05,0,543390.0,azure_vm_real_slice
3388,984900.0,600.0,0.05,0.5,0,986280.0,azure_vm_real_slice
3389,723900.0,2400.0,0.05,0.0625,0,729420.0,azure_vm_real_slice
3390,662400.0,1500.0,0.15598707035453863,0.5,2,665100.0,azure_vm_real_slice
3391,754500.0,900.0,0.05,0.5,0,756570.0,azure_vm_real_slice
3392,0.0,1200.0,0.20217780505705907,0.5,0,2760.0,azure_vm_real_slice
3393,87300.0,600.0,0.05,0.5,0,88680.0,azure_vm_real_slice
3394,1218300.0,300.0,0.05,0.5,0,1218990.0,azure_vm_real_slice
3395,1115100.0,900.0,0.16247220501908133,0.125,0,1117170.0,azure_vm_real_slice
3396,1188900.0,900.0,0.0937763546648073,0.125,0,1190970.0,azure_vm_real_slice
3397,0.0,15000.0,0.05,0.125,0,34500.0,azure_vm_real_slice
3398,1610100.0,600.0,0.05,0.5,0,1611480.0,azure_vm_real_slice
3399,0.0,600.0,0.06734857837000209,0.125,0,1380.0,azure_vm_real_slice
3400,588600.0,5700.0,0.22913582146295064,0.05,0,601710.0,azure_vm_real_slice
3401,1068600.0,900.0,0.05,1.0,2,1070220.0,azure_vm_real_slice
3402,688500.0,600.0,0.05,0.125,0,689880.0,azure_vm_real_slice
3403,0.0,2591400.0,0.05387820815581212,0.0625,0,5960220.0,azure_vm_real_slice
3404,0.0,300.0,0.3492458879314598,0.125,0,690.0,azure_vm_real_slice
3405,964200.0,18000.0,0.24870007316048054,0.5,0,1005600.0,azure_vm_real_slice
3406,548100.0,21600.0,0.052749067061564806,0.125,0,597780.0,azure_vm_real_slice
3407,645600.0,3300.0,0.7089411367555308,0.5,1,652365.0,azure_vm_real_slice
3408,1600800.0,300.0,0.05,0.125,0,1601490.0,azure_vm_real_slice
3409,600.0,2400.0,0.05,0.5,0,6120.0,azure_vm_real_slice
3410,577800.0,266100.0,0.05,0.5,2,1056780.0,azure_vm_real_slice
3411,0.0,900.0,0.0753449661259887,0.125,0,2070.0,azure_vm_real_slice
3412,695400.0,600.0,0.07599715215173392,0.125,0,696780.0,azure_vm_real_slice
3413,0.0,300.0,0.05,0.125,0,690.0,azure_vm_real_slice
3414,0.0,736500.0,0.05,0.0625,0,1693949.9999999998,azure_vm_real_slice
3415,644100.0,345300.0,0.0859057535951141,0.5,0,1438290.0,azure_vm_real_slice
3416,1857600.0,48000.0,0.5309739040118314,0.0625,1,1956000.0,azure_vm_real_slice
3417,0.0,1500.0,0.05,0.5,0,3449.9999999999995,azure_vm_real_slice
3418,0.0,7500.0,0.37677246464832703,0.125,1,15374.999999999998,azure_vm_real_slice
3419,953700.0,300.0,0.05,0.5,0,954390.0,azure_vm_real_slice
3420,466800.0,900.0,0.05,0.125,0,468870.0,azure_vm_real_slice
3421,534300.0,300.0,0.05,0.5,2,534840.0,azure_vm_real_slice
3422,742800.0,192600.0,0.4524302206911507,0.05,1,1137630.0,azure_vm_real_slice
3423,0.0,1200.0,0.05,0.0625,0,2760.0,azure_vm_real_slice
3424,1682700.0,1200.0,0.6097777427026699,0.5,1,1685160.0,azure_vm_real_slice
3425,1971300.0,23700.0,0.07055443712900927,0.125,0,2025810.0,azure_vm_real_slice
3426,166200.0,900.0,0.09019751669441073,0.125,0,168270.0,azure_vm_real_slice
3427,1281300.0,1800.0,0.056263778847271524,0.5,0,1285440.0,azure_vm_real_slice
3428,0.0,4200.0,0.15425398291586792,0.5,0,9660.0,azure_vm_real_slice
3429,0.0,600.0,0.05,0.125,0,1380.0,azure_vm_real_slice
3430,225900.0,70200.0,0.3466520770111886,0.125,0,387360.0,azure_vm_real_slice
3431,1887300.0,300.0,0.05,0.5,0,1887990.0,azure_vm_real_slice
3432,1383600.0,600.0,0.05213719793837303,0.5,2,1384680.0,azure_vm_real_slice
3433,1178700.0,600.0,0.36415018097710106,0.125,1,1179930.0,azure_vm_real_slice
3434,1774800.0,2100.0,0.05,0.5,0,1779630.0,azure_vm_real_slice
3435,0.0,2591400.0,0.09630070346615888,0.05,0,5960220.0,azure_vm_real_slice
3436,337800.0,300.0,0.05,0.5,2,338340.0,azure_vm_real_slice
3437,0.0,300.0,0.5903118836265568,0.0625,1,615.0,azure_vm_real_slice
3438,426300.0,9000.0,0.05,0.125,0,447000.0,azure_vm_real_slice
3439,1247100.0,300.0,0.05,0.5,0,1247790.0,azure_vm_real_slice
3440,1341300.0,300.0,0.05,0.0625,0,1341990.0,azure_vm_real_slice
3441,815400.0,44700.0,0.21624293437196124,0.125,0,918210.0,azure_vm_real_slice
3442,1285200.0,300.0,0.05,0.5,2,1285740.0,azure_vm_real_slice
3443,1639800.0,600.0,0.32315909006340443,0.125,0,1641180.0,azure_vm_real_slice
3444,0.0,2258700.0,0.05,0.5,2,4065659.9999999995,azure_vm_real_slice
3445,0.0,7200.0,0.05,0.0625,0,16560.0,azure_vm_real_slice
3446,279000.0,300.0,0.14183156607358235,0.0625,0,279690.0,azure_vm_real_slice
3447,519300.0,6900.0,0.15016647947870207,0.5,0,535170.0,azure_vm_real_slice
3448,236400.0,2100.0,0.05,0.5,0,241230.0,azure_vm_real_slice
3449,0.0,1788000.0,0.05,0.0625,0,4112399.9999999995,azure_vm_real_slice
3450,0.0,1194300.0,0.05,0.5,2,2149740.0,azure_vm_real_slice
3451,0.0,2591400.0,0.06267497877162598,0.5,0,5960220.0,azure_vm_real_slice
3452,1321800.0,33600.0,0.12871946079505367,0.5,2,1382280.0,azure_vm_real_slice
3453,387900.0,162900.0,0.05,1.0,2,681120.0,azure_vm_real_slice
3454,189600.0,1800.0,0.3046895945649546,0.125,0,193740.0,azure_vm_real_slice
3455,0.0,2591400.0,0.05,0.125,0,5960220.0,azure_vm_real_slice
3456,268800.0,6000.0,0.06099482544690589,0.5,2,279600.0,azure_vm_real_slice
3457,713100.0,300.0,0.05,0.5,0,713790.0,azure_vm_real_slice
3458,1107600.0,600.0,0.46548331375549773,1.0,2,1108680.0,azure_vm_real_slice
3459,1305600.0,125400.0,0.05,0.0625,0,1594020.0,azure_vm_real_slice
3460,379200.0,109800.0,0.05,0.5,0,631740.0,azure_vm_real_slice
3461,1062300.0,300.0,0.05,0.5,0,1062990.0,azure_vm_real_slice
3462,0.0,3900.0,0.2850501893709288,0.0625,0,8970.0,azure_vm_real_slice
3463,1501200.0,2700.0,0.5492056319217039,0.05,1,1506735.0,azure_vm_real_slice
3464,0.0,300.0,0.05,0.125,0,690.0,azure_vm_real_slice
3465,520200.0,6000.0,0.17824658244359398,0.5,0,534000.0,azure_vm_real_slice
3466,270300.0,300.0,0.05,0.5,0,270990.0,azure_vm_real_slice
3467,268800.0,300.0,0.12586370832137736,0.0625,0,269490.0,azure_vm_real_slice
3468,859200.0,900.0,0.24453194151482782,0.125,0,861270.0,azure_vm_real_slice
3469,85800.0,300.0,0.40531439306188916,0.0625,1,86415.0,azure_vm_real_slice
3470,1322400.0,2400.0,0.12322001649574588,0.0625,0,1327920.0,azure_vm_real_slice
3471,1676400.0,30600.0,0.3711389364651218,0.05,1,1739130.0,azure_vm_real_slice
3472,0.0,18300.0,0.05,0.125,0,42090.0,azure_vm_real_slice
3473,0.0,600.0,0.05,0.5,0,1380.0,azure_vm_real_slice
3474,1812000.0,600.0,0.09244943363952025,0.5,0,1813380.0,azure_vm_real_slice
3475,0.0,2591400.0,0.09892411686428729,0.05,0,5960220.0,azure_vm_real_slice
3476,0.0,2591400.0,0.19915548929316237,0.5,0,5960220.0,azure_vm_real_slice
3477,1502700.0,300.0,0.05,0.0625,0,1503390.0,azure_vm_real_slice
3478,0.0,2591400.0,0.09131326094061157,0.05,0,5960220.0,azure_vm_real_slice
3479,0.0,13500.0,0.10181382721191821,0.125,0,31049.999999999996,azure_vm_real_slice
3480,1634400.0,4800.0,0.07462999321767703,0.125,0,1645440.0,azure_vm_real_slice
3481,1725600.0,274500.0,0.16144777269775884,0.125,0,2356950.0,azure_vm_real_slice
3482,927900.0,600.0,0.05,0.5,0,929280.0,azure_vm_real_slice
3483,933900.0,2400.0,0.11393360576093776,0.5,0,939420.0,azure_vm_real_slice
3484,635100.0,2700.0,0.05,0.5,0,641310.0,azure_vm_real_slice
3485,114600.0,300.0,0.05,0.125,0,115290.0,azure_vm_real_slice
3486,103200.0,446400.0,0.09745983524407123,0.5,0,1129920.0,azure_vm_real_slice
3487,1630200.0,600.0,0.05,0.5,0,1631580.0,azure_vm_real_slice
3488,1753200.0,211800.0,0.14095559486340073,0.125,0,2240340.0,azure_vm_real_slice
3489,1765500.0,3900.0,0.10532663037261795,0.125,0,1774470.0,azure_vm_real_slice
3490,1949100.0,2700.0,0.13125250606512917,0.125,0,1955310.0,azure_vm_real_slice
3491,480000.0,300.0,0.05,0.125,0,480690.0,azure_vm_real_slice
3492,320700.0,300.0,0.05,0.5,2,321240.0,azure_vm_real_slice
3493,0.0,2591400.0,0.24589101325989543,0.05,0,5960220.0,azure_vm_real_slice
3494,1542600.0,1500.0,0.0980347403031227,0.0625,0,1546050.0,azure_vm_real_slice
3495,494400.0,300.0,0.13290015400311778,0.125,0,495090.0,azure_vm_real_slice
3496,0.0,145500.0,0.0619287670853837,0.125,0,334650.0,azure_vm_real_slice
3497,0.0,2591400.0,0.0939033577126952,0.05,0,5960220.0,azure_vm_real_slice
3498,0.0,45900.0,0.41149139735419377,0.125,1,94094.99999999999,azure_vm_real_slice
3499,1325400.0,9000.0,0.17426930357037868,0.0625,0,1346100.0,azure_vm_real_slice
3500,0.0,2591400.0,0.09102052529453203,0.05,0,5960220.0,azure_vm_real_slice
3501,735600.0,600.0,0.05,0.5,0,736980.0,azure_vm_real_slice
3502,1209900.0,2100.0,0.05,0.5,0,1214730.0,azure_vm_real_slice
3503,1212300.0,300.0,0.05,0.5,0,1212990.0,azure_vm_real_slice
3504,1585500.0,32700.0,0.3789897997153721,0.125,1,1652535.0,azure_vm_real_slice
3505,869100.0,300.0,0.05,0.5,0,869790.0,azure_vm_real_slice
3506,1583400.0,35400.0,0.2436598816268418,0.125,0,1664820.0,azure_vm_real_slice
3507,0.0,3600.0,0.6350630893102321,0.05,1,7379.999999999999,azure_vm_real_slice
3508,0.0,600.0,0.10178554984340073,0.125,0,1380.0,azure_vm_real_slice
3509,60900.0,4200.0,0.05,0.125,0,70560.0,azure_vm_real_slice
3510,663900.0,300.0,0.05,0.0625,0,664590.0,azure_vm_real_slice
3511,1033800.0,600.0,0.05,0.125,0,1035180.0,azure_vm_real_slice
3512,1905000.0,128100.0,0.05,0.5,0,2199630.0,azure_vm_real_slice
3513,698100.0,2400.0,0.05,0.5,0,703620.0,azure_vm_real_slice
3514,1140600.0,9600.0,0.21925688835352106,0.5,2,1157880.0,azure_vm_real_slice
3515,1872600.0,900.0,0.1502373203040099,0.125,0,1874670.0,azure_vm_real_slice
3516,525600.0,600.0,0.05,0.5,2,526680.0,azure_vm_real_slice
3517,0.0,33600.0,0.17139507063001802,0.5,2,60479.99999999999,azure_vm_real_slice
3518,1366800.0,600.0,0.05,0.125,0,1368180.0,azure_vm_real_slice
3519,1005900.0,900.0,0.23822554619771752,0.05,0,1007970.0,azure_vm_real_slice
3520,371700.0,1800.0,0.11259267543111638,0.125,0,375840.0,azure_vm_real_slice
3521,6000.0,91800.0,0.8074281386456874,0.5,2,171239.99999999997,azure_vm_real_slice
3522,89400.0,300.0,0.36830411619892833,0.125,1,90015.0,azure_vm_real_slice
3523,722700.0,300.0,0.17865043477266002,0.0625,0,723390.0,azure_vm_real_slice
3524,553800.0,10500.0,0.2698263531683666,0.125,0,577950.0,azure_vm_real_slice
3525,1776300.0,2100.0,0.05,0.5,0,1781130.0,azure_vm_real_slice
3526,0.0,11400.0,0.17110025617311117,0.5,0,26219.999999999996,azure_vm_real_slice
3527,447300.0,900.0,0.05,0.0625,0,449370.0,azure_vm_real_slice
3528,0.0,20100.0,0.2698493705964033,0.125,0,46230.0,azure_vm_real_slice
3529,844200.0,300.0,0.05,0.5,0,844890.0,azure_vm_real_slice
3530,629700.0,1200.0,0.45869187383513954,0.0625,1,632160.0,azure_vm_real_slice
3531,644100.0,600.0,0.06040061550516739,0.125,0,645480.0,azure_vm_real_slice
3532,979200.0,10200.0,0.05,0.0625,0,1002660.0,azure_vm_real_slice
3533,1133400.0,1500.0,0.050324079155499614,0.125,0,1136850.0,azure_vm_real_slice
3534,546900.0,7200.0,0.05,0.125,0,563460.0,azure_vm_real_slice
3535,488100.0,6000.0,0.06922592813294028,0.125,0,501900.0,azure_vm_real_slice
3536,1850400.0,5700.0,0.05,0.125,0,1863510.0,azure_vm_real_slice
3537,1829700.0,30900.0,0.7972876179420487,0.5,2,1885320.0,azure_vm_real_slice
3538,1319700.0,2100.0,0.05,0.0625,0,1324530.0,azure_vm_real_slice
3539,298800.0,300.0,0.19849256778254507,0.0625,0,299490.0,azure_vm_real_slice
3540,580800.0,8100.0,0.05428209200186485,0.0625,0,599430.0,azure_vm_real_slice
3541,1540500.0,2400.0,0.40858432660598526,0.05,1,1545420.0,azure_vm_real_slice
3542,624000.0,3000.0,0.0642254018136104,0.0625,0,630900.0,azure_vm_real_slice
3543,1713000.0,300.0,0.05,0.0625,0,1713690.0,azure_vm_real_slice
3544,0.0,2591400.0,0.0941128876952673,0.05,0,5960220.0,azure_vm_real_slice
3545,0.0,2100.0,0.37659755632828806,0.0625,1,4305.0,azure_vm_real_slice
3546,516900.0,300.0,0.05,0.125,0,517590.0,azure_vm_real_slice
3547,872700.0,3600.0,0.05,0.125,0,880980.0,azure_vm_real_slice
3548,1572000.0,900.0,0.39453767099074466,0.05,1,1573845.0,azure_vm_real_slice
3549,0.0,26700.0,0.45790960448841284,0.125,1,54734.99999999999,azure_vm_real_slice
3550,314100.0,900.0,0.0954048142859377,0.125,0,316170.0,azure_vm_real_slice
3551,0.0,900.0,0.05,0.5,0,2070.0,azure_vm_real_slice
3552,0.0,16200.0,0.23305555403178022,0.0625,0,37260.0,azure_vm_real_slice
3553,974700.0,694200.0,0.05,0.0625,0,2571360.0,azure_vm_real_slice
3554,1270800.0,65100.0,0.16058617310025003,0.0625,0,1420530.0,azure_vm_real_slice
3555,1111500.0,900.0,0.22653614121819093,0.05,0,1113570.0,azure_vm_real_slice
3556,445500.0,8400.0,0.05,0.0625,0,464820.0,azure_vm_real_slice
3557,1300800.0,300.0,0.05,0.125,0,1301490.0,azure_vm_real_slice
3558,1905600.0,900.0,0.5610031508787973,0.125,1,1907445.0,azure_vm_real_slice
3559,647400.0,14100.0,0.4984025638715236,0.125,1,676305.0,azure_vm_real_slice
3560,1464900.0,4800.0,0.32870904977766746,0.5,0,1475940.0,azure_vm_real_slice
3561,1281300.0,900.0,0.05,0.5,0,1283370.0,azure_vm_real_slice
3562,0.0,2591400.0,0.05,0.5,0,5960220.0,azure_vm_real_slice
3563,332100.0,8700.0,0.3487870031927977,0.0625,0,352110.0,azure_vm_real_slice
3564,0.0,3900.0,0.141922770340479,0.125,0,8970.0,azure_vm_real_slice
3565,9600.0,2100.0,0.35694909630593796,0.125,1,13905.0,azure_vm_real_slice
3566,1374600.0,1200.0,0.05,0.5,0,1377360.0,azure_vm_real_slice
3567,0.0,1800.0,0.06400646823677991,0.0625,0,4140.0,azure_vm_real_slice
3568,0.0,27300.0,0.05,0.5,0,62789.99999999999,azure_vm_real_slice
3569,1812600.0,220500.0,0.05,0.5,0,2319750.0,azure_vm_real_slice
3570,1410300.0,600.0,0.05,0.125,0,1411680.0,azure_vm_real_slice
3571,0.0,1500.0,0.10365079248861006,0.0625,0,3449.9999999999995,azure_vm_real_slice
3572,1328100.0,300.0,0.05,0.125,0,1328790.0,azure_vm_real_slice
3573,384600.0,31200.0,0.3362493442280474,0.05,0,456360.0,azure_vm_real_slice
3574,332100.0,900.0,0.05,0.0625,0,334170.0,azure_vm_real_slice
3575,906600.0,2100.0,0.2523463054406729,0.125,0,911430.0,azure_vm_real_slice
3576,1080000.0,1500.0,0.25596707967990445,0.5,0,1083450.0,azure_vm_real_slice
3577,292500.0,600.0,0.062096202448378754,0.125,0,293880.0,azure_vm_real_slice
3578,0.0,2100.0,0.05,0.5,0,4830.0,azure_vm_real_slice
3579,219900.0,300.0,0.08063194822958232,0.125,0,220590.0,azure_vm_real_slice
3580,0.0,19800.0,0.05,0.125,0,45540.0,azure_vm_real_slice
3581,0.0,300.0,0.05,0.5,0,690.0,azure_vm_real_slice
3582,0.0,300.0,0.38908907485779165,0.0625,1,615.0,azure_vm_real_slice
3583,0.0,102000.0,0.22780180564912214,0.0625,0,234599.99999999997,azure_vm_real_slice
3584,568800.0,1200.0,0.3124299318251081,0.125,0,571560.0,azure_vm_real_slice
3585,829800.0,900.0,0.05,0.05,0,831870.0,azure_vm_real_slice
3586,1264800.0,900.0,0.05,0.5,0,1266870.0,azure_vm_real_slice
3587,1050000.0,2700.0,0.24301207374160302,0.5,0,1056210.0,azure_vm_real_slice
3588,44700.0,11100.0,0.28204022313658816,0.125,0,70230.0,azure_vm_real_slice
3589,155400.0,900.0,0.0957582509015827,0.125,0,157470.0,azure_vm_real_slice
3590,452400.0,9600.0,0.6465215322634372,0.125,1,472080.0,azure_vm_real_slice
3591,1816200.0,1800.0,0.05,0.5,2,1819440.0,azure_vm_real_slice
3592,1905300.0,900.0,0.05,0.125,0,1907370.0,azure_vm_real_slice
3593,0.0,300.0,0.05,0.125,0,690.0,azure_vm_real_slice
3594,1662600.0,1200.0,0.44458485588979,0.0625,1,1665060.0,azure_vm_real_slice
3595,403500.0,2100.0,0.10702333899999292,0.0625,0,408330.0,azure_vm_real_slice
3596,0.0,300.0,0.05,0.0625,0,690.0,azure_vm_real_slice
3597,239100.0,900.0,0.838850612500949,0.5,2,240720.0,azure_vm_real_slice
3598,0.0,2591400.0,0.05,0.5,0,5960220.0,azure_vm_real_slice
3599,0.0,600.0,0.05032700332101024,0.5,0,1380.0,azure_vm_real_slice
3600,338100.0,2400.0,0.05,0.5,0,343620.0,azure_vm_real_slice
3601,147300.0,195600.0,0.05,0.0625,0,597180.0,azure_vm_real_slice
3602,1318200.0,600.0,0.22673970486518566,0.125,0,1319580.0,azure_vm_real_slice
3603,933000.0,900.0,0.09276877143778771,0.125,0,935070.0,azure_vm_real_slice
3604,414900.0,300.0,0.1021410059003638,0.125,0,415590.0,azure_vm_real_slice
3605,1167300.0,2400.0,0.47625512603888864,0.05,1,1172220.0,azure_vm_real_slice
3606,1188900.0,600.0,0.05,0.125,0,1190280.0,azure_vm_real_slice
3607,1765800.0,600.0,0.05,1.0,2,1766880.0,azure_vm_real_slice
3608,0.0,2591400.0,0.10413027109127293,0.05,0,5960220.0,azure_vm_real_slice
3609,489300.0,4800.0,0.5250431355128359,0.125,1,499140.0,azure_vm_real_slice
3610,1377600.0,2400.0,0.48214667987944376,0.125,1,1382520.0,azure_vm_real_slice
3611,1149600.0,300.0,0.05,0.125,0,1150290.0,azure_vm_real_slice
3612,233100.0,600.0,0.05,0.5,0,234480.0,azure_vm_real_slice
3613,5700.0,2400.0,0.2652651385497332,0.5,2,10020.0,azure_vm_real_slice
3614,569100.0,1800.0,0.2600375357285599,0.125,0,573240.0,azure_vm_real_slice
3615,0.0,5700.0,0.7585139171324888,0.5,2,10259.999999999998,azure_vm_real_slice
3616,1660500.0,3600.0,0.2280085799628428,0.125,0,1668780.0,azure_vm_real_slice
3617,1538700.0,10500.0,0.6684167090499267,0.5,1,1560225.0,azure_vm_real_slice
3618,0.0,10500.0,0.2096863089935592,0.5,2,18899.999999999996,azure_vm_real_slice
3619,1294200.0,1800.0,0.05,0.5,0,1298340.0,azure_vm_real_slice
3620,0.0,2591400.0,0.05089884185828039,0.0625,0,5960220.0,azure_vm_real_slice
3621,703500.0,600.0,0.23783911671863112,0.125,0,704880.0,azure_vm_real_slice
3622,696300.0,2400.0,0.05,0.5,0,701820.0,azure_vm_real_slice
3623,1690500.0,1200.0,0.05869597945420831,0.0625,0,1693260.0,azure_vm_real_slice
3624,1409700.0,900.0,0.05,1.0,2,1411320.0,azure_vm_real_slice
3625,0.0,2700.0,0.19349735272443092,0.125,0,6209.999999999999,azure_vm_real_slice
3626,1685700.0,4200.0,0.1331753086774292,0.125,0,1695360.0,azure_vm_real_slice
3627,0.0,300.0,0.06670727803822186,0.125,0,690.0,azure_vm_real_slice
3628,414600.0,900.0,0.10898094152488622,0.125,0,416670.0,azure_vm_real_slice
3629,1065000.0,10800.0,0.05,0.125,0,1089840.0,azure_vm_real_slice
3630,0.0,1800.0,0.05,0.5,0,4140.0,azure_vm_real_slice
3631,706800.0,8400.0,0.10953206518698272,0.5,2,721920.0,azure_vm_real_slice
3632,1682100.0,900.0,0.05,0.125,0,1684170.0,azure_vm_real_slice
3633,992400.0,300.0,0.05,0.125,0,993090.0,azure_vm_real_slice
3634,0.0,2591400.0,0.05,0.0625,0,5960220.0,azure_vm_real_slice
3635,0.0,2591400.0,0.05,0.125,0,5960220.0,azure_vm_real_slice
3636,327900.0,300.0,0.0764154710536892,0.0625,0,328590.0,azure_vm_real_slice
3637,0.0,600.0,0.08755708326795383,0.5,0,1380.0,azure_vm_real_slice
3638,0.0,1800.0,0.05,0.5,0,4140.0,azure_vm_real_slice
3639,0.0,2400.0,0.05,0.5,0,5520.0,azure_vm_real_slice
3640,288300.0,3000.0,0.27098614268426674,0.125,0,295200.0,azure_vm_real_slice
3641,1692000.0,300.0,0.05,0.0625,0,1692690.0,azure_vm_real_slice
3642,428400.0,2700.0,0.27488735228154043,1.0,2,433260.0,azure_vm_real_slice
3643,0.0,2591400.0,0.05,0.5,2,4664520.0,azure_vm_real_slice
3644,0.0,2591400.0,0.24793112131022446,0.0625,0,5960220.0,azure_vm_real_slice
3645,876000.0,300.0,0.05,0.5,0,876690.0,azure_vm_real_slice
3646,1920000.0,1200.0,0.23712930924734713,1.0,2,1922160.0,azure_vm_real_slice
3647,995400.0,2700.0,0.6244545752413998,0.05,1,1000935.0,azure_vm_real_slice
3648,1887000.0,300.0,0.05,0.5,0,1887690.0,azure_vm_real_slice
3649,0.0,2591400.0,0.11643464929185007,0.05,0,5960220.0,azure_vm_real_slice
3650,999000.0,118200.0,0.5554088843068918,0.05,1,1241310.0,azure_vm_real_slice
3651,825900.0,600.0,0.05,0.5,0,827280.0,azure_vm_real_slice
3652,438900.0,3600.0,0.13919312895956207,0.125,0,447180.0,azure_vm_real_slice
3653,1370400.0,300.0,0.07767637862802292,0.0625,0,1371090.0,azure_vm_real_slice
3654,1004700.0,26400.0,0.10833992463875255,0.125,0,1065420.0,azure_vm_real_slice
3655,1306500.0,300.0,0.05,0.125,0,1307190.0,azure_vm_real_slice
3656,819000.0,300.0,0.05983664977791592,0.05,0,819690.0,azure_vm_real_slice
3657,2020800.0,900.0,0.17912595644033563,0.125,0,2022870.0,azure_vm_real_slice
3658,0.0,300.0,0.05,0.5,0,690.0,azure_vm_real_slice
3659,1749000.0,50400.0,0.05,0.0625,0,1864920.0,azure_vm_real_slice
3660,295200.0,172500.0,0.05,0.5,0,691950.0,azure_vm_real_slice
3661,1607100.0,1200.0,0.05,0.5,0,1609860.0,azure_vm_real_slice
3662,0.0,2400.0,0.05,0.5,0,5520.0,azure_vm_real_slice
3663,0.0,11100.0,0.2556525501991258,0.05,0,25529.999999999996,azure_vm_real_slice
3664,469800.0,14100.0,0.07827993512683991,0.0625,0,502230.0,azure_vm_real_slice
3665,401100.0,6900.0,0.07662014765815432,0.5,0,416970.0,azure_vm_real_slice
3666,0.0,498900.0,0.05,0.05,0,1147470.0,azure_vm_real_slice
3667,0.0,1200.0,0.06227440070741428,1.0,2,2160.0,azure_vm_real_slice
3668,170100.0,1200.0,0.4312318300918687,0.0625,1,172560.0,azure_vm_real_slice
3669,440700.0,1800.0,0.27963990241071207,0.125,0,444840.0,azure_vm_real_slice
3670,0.0,2591400.0,0.06483313035272192,0.5,2,4664520.0,azure_vm_real_slice
3671,0.0,2591400.0,0.05,0.05,0,5960220.0,azure_vm_real_slice
3672,477900.0,600.0,0.23526910078846697,0.125,0,479280.0,azure_vm_real_slice
3673,637200.0,2100.0,0.6055572481903755,0.125,1,641505.0,azure_vm_real_slice
3674,246900.0,300.0,0.09314864865805567,0.125,0,247590.0,azure_vm_real_slice
3675,0.0,2591400.0,0.1031202945370458,0.05,0,5960220.0,azure_vm_real_slice
3676,268800.0,9900.0,0.05109322254247906,0.5,2,286620.0,azure_vm_real_slice
3677,201000.0,1832100.0,0.05,0.0625,0,4414830.0,azure_vm_real_slice
3678,677100.0,3300.0,0.11948658867759761,0.05,0,684690.0,azure_vm_real_slice
3679,0.0,300.0,0.05,0.5,2,540.0,azure_vm_real_slice
3680,351300.0,15900.0,0.25522426429159906,1.0,2,379920.0,azure_vm_real_slice
3681,0.0,3000.0,0.05038409278873115,0.05,0,6899.999999999999,azure_vm_real_slice
3682,437700.0,58800.0,0.11568683379438656,0.125,0,572940.0,azure_vm_real_slice
3683,671700.0,38400.0,0.5265106134761425,0.0625,1,750420.0,azure_vm_real_slice
3684,441900.0,38700.0,0.7111849726795829,0.125,1,521235.0,azure_vm_real_slice
3685,0.0,600.0,0.22981064287964595,0.125,0,1380.0,azure_vm_real_slice
3686,78600.0,10500.0,0.1600420327449934,0.125,0,102750.0,azure_vm_real_slice
3687,1665300.0,2400.0,0.05,1.0,2,1669620.0,azure_vm_real_slice
3688,1186200.0,70200.0,0.17201152253581126,0.05,0,1347660.0,azure_vm_real_slice
3689,893700.0,900.0,0.05,0.125,0,895770.0,azure_vm_real_slice
3690,1567500.0,2100.0,0.38414501285714103,0.05,1,1571805.0,azure_vm_real_slice
3691,1977900.0,3600.0,0.35631287690377855,0.125,1,1985280.0,azure_vm_real_slice
3692,1914300.0,53700.0,0.2917242218253034,0.125,0,2037810.0,azure_vm_real_slice
3693,874200.0,2400.0,0.23327270304137598,0.0625,0,879720.0,azure_vm_real_slice
3694,1328100.0,335700.0,0.05,0.5,0,2100210.0,azure_vm_real_slice
3695,0.0,300.0,0.10561813692519471,0.5,0,690.0,azure_vm_real_slice
3696,0.0,600.0,0.05,0.5,0,1380.0,azure_vm_real_slice
3697,1690200.0,300.0,0.05,0.5,0,1690890.0,azure_vm_real_slice
3698,234900.0,2100.0,0.2055331918904361,0.0625,0,239730.0,azure_vm_real_slice
3699,0.0,51000.0,0.05,0.05,0,117299.99999999999,azure_vm_real_slice
3700,1749000.0,49200.0,0.29429156402579415,0.125,0,1862160.0,azure_vm_real_slice
3701,0.0,7500.0,0.05,0.125,0,17250.0,azure_vm_real_slice
3702,1474800.0,1200.0,0.08702510300173322,0.05,0,1477560.0,azure_vm_real_slice
3703,1936200.0,96900.0,0.3530400392569456,0.125,1,2134845.0,azure_vm_real_slice
3704,2007900.0,300.0,0.313395301861732,0.0625,0,2008590.0,azure_vm_real_slice
3705,0.0,2591400.0,0.09836177084298596,0.0625,0,5960220.0,azure_vm_real_slice
3706,1193400.0,300.0,0.05,0.5,0,1194090.0,azure_vm_real_slice
3707,1214700.0,600.0,0.05,0.0625,0,1216080.0,azure_vm_real_slice
3708,1385100.0,6000.0,0.2800779128485289,0.125,0,1398900.0,azure_vm_real_slice
3709,951600.0,600.0,0.05,0.5,0,952980.0,azure_vm_real_slice
3710,0.0,900.0,0.16877902903577888,0.125,0,2070.0,azure_vm_real_slice
3711,1709700.0,600.0,0.05,0.125,0,1711080.0,azure_vm_real_slice
3712,1881300.0,300.0,0.12747004860153072,0.125,0,1881990.0,azure_vm_real_slice
3713,105000.0,900.0,0.10827958027721124,0.125,0,107070.0,azure_vm_real_slice
3714,0.0,600.0,0.05,0.125,0,1380.0,azure_vm_real_slice
3715,871200.0,2700.0,0.4900029039222261,0.05,1,876735.0,azure_vm_real_slice
3716,1638000.0,4500.0,0.05,0.125,0,1648350.0,azure_vm_real_slice
3717,0.0,300.0,0.05,0.125,0,690.0,azure_vm_real_slice
3718,1399500.0,1200.0,0.3589520576662511,0.05,1,1401960.0,azure_vm_real_slice
3719,1232700.0,2100.0,0.05,0.05,0,1237530.0,azure_vm_real_slice
3720,169500.0,300.0,0.05,1.0,2,170040.0,azure_vm_real_slice
3721,0.0,2591400.0,0.05127313393886612,0.125,0,5960220.0,azure_vm_real_slice
3722,73200.0,300.0,0.3400618538102519,0.0625,0,73890.0,azure_vm_real_slice
3723,898500.0,600.0,0.0779996060113497,0.5,0,899880.0,azure_vm_real_slice
3724,547800.0,600.0,0.6121483841490865,0.125,1,549030.0,azure_vm_real_slice
3725,1160400.0,300.0,0.05,0.125,0,1161090.0,azure_vm_real_slice
3726,590400.0,2400.0,0.16196277814748924,0.125,0,595920.0,azure_vm_real_slice
3727,1544700.0,1500.0,0.46484714904312796,0.05,1,1547775.0,azure_vm_real_slice
3728,0.0,53700.0,0.4923188861271845,0.125,1,110084.99999999999,azure_vm_real_slice
3729,1756200.0,1200.0,0.07551347471079585,0.125,0,1758960.0,azure_vm_real_slice
3730,0.0,300.0,0.05,0.125,0,690.0,azure_vm_real_slice
3731,0.0,2591400.0,0.05,0.0625,0,5960220.0,azure_vm_real_slice
3732,1457700.0,600.0,0.12158224473318362,0.05,0,1459080.0,azure_vm_real_slice
3733,224100.0,300.0,0.3610206934735611,0.0625,1,224715.0,azure_vm_real_slice
3734,1078200.0,7200.0,0.13735237713119117,0.125,0,1094760.0,azure_vm_real_slice
3735,0.0,1500.0,0.3167541499737667,0.125,0,3449.9999999999995,azure_vm_real_slice
3736,0.0,9900.0,0.05,0.5,0,22770.0,azure_vm_real_slice
3737,0.0,600.0,0.20392080347657338,0.0625,0,1380.0,azure_vm_real_slice
3738,537900.0,2400.0,0.5202202001709739,0.05,1,542820.0,azure_vm_real_slice
3739,0.0,2591400.0,0.08303571191368288,0.0625,0,5960220.0,azure_vm_real_slice
3740,1693500.0,1500.0,0.06696288131547036,0.125,0,1696950.0,azure_vm_real_slice
3741,1315200.0,6600.0,0.055626168207363005,0.0625,0,1330380.0,azure_vm_real_slice
3742,1378500.0,6600.0,0.05,0.5,0,1393680.0,azure_vm_real_slice
3743,583800.0,3300.0,0.0760134285689761,0.0625,0,591390.0,azure_vm_real_slice
3744,1582500.0,900.0,0.05,0.5,0,1584570.0,azure_vm_real_slice
3745,651300.0,600.0,0.05,0.125,0,652680.0,azure_vm_real_slice
3746,985200.0,27000.0,0.5016321089445431,0.125,1,1040550.0,azure_vm_real_slice
3747,554100.0,1200.0,0.08482312437789245,1.0,2,556260.0,azure_vm_real_slice
3748,2012400.0,300.0,0.3042478496409987,0.0625,0,2013090.0,azure_vm_real_slice
3749,0.0,300.0,0.05,0.05,0,690.0,azure_vm_real_slice
3750,471000.0,26700.0,0.13259694249318363,0.5,0,532410.0,azure_vm_real_slice
3751,0.0,1500.0,0.5154063393619063,0.125,1,3074.9999999999995,azure_vm_real_slice
3752,492000.0,7800.0,0.6098223884187537,0.125,1,507990.0,azure_vm_real_slice
3753,319500.0,1800.0,0.05,0.5,0,323640.0,azure_vm_real_slice
3754,1365600.0,1500.0,0.29421019767431755,0.5,2,1368300.0,azure_vm_real_slice
3755,350400.0,3000.0,0.46040384493656394,0.5,1,356550.0,azure_vm_real_slice
3756,771300.0,1800.0,0.33624547417191253,0.0625,0,775440.0,azure_vm_real_slice
3757,0.0,1300800.0,0.05,0.5,0,2991840.0,azure_vm_real_slice
3758,19800.0,18600.0,0.05,0.5,0,62580.0,azure_vm_real_slice
3759,1831200.0,300.0,0.22943039735673212,0.125,0,1831890.0,azure_vm_real_slice
3760,1251000.0,71100.0,0.1448222382193557,0.125,0,1414530.0,azure_vm_real_slice
3761,738000.0,900.0,0.13842045461166133,0.05,0,740070.0,azure_vm_real_slice
3762,1251000.0,300.0,0.05,0.5,0,1251690.0,azure_vm_real_slice
3763,1159800.0,2700.0,0.42218322703708294,0.125,1,1165335.0,azure_vm_real_slice
3764,0.0,6300.0,0.30418785529411957,0.125,0,14489.999999999998,azure_vm_real_slice
3765,372300.0,2100.0,0.05,0.5,0,377130.0,azure_vm_real_slice
3766,0.0,300.0,0.05,0.125,0,690.0,azure_vm_real_slice
3767,1749600.0,1200.0,0.18540073693443573,0.125,0,1752360.0,azure_vm_real_slice
3768,930900.0,7500.0,0.1759754236148019,0.5,2,944400.0,azure_vm_real_slice
3769,1506300.0,300.0,0.05,0.5,0,1506990.0,azure_vm_real_slice
3770,0.0,900.0,0.05,0.5,0,2070.0,azure_vm_real_slice
3771,35400.0,620400.0,0.05075245451348004,0.0625,0,1462320.0,azure_vm_real_slice
3772,745800.0,900.0,0.07301070774686275,0.125,0,747870.0,azure_vm_real_slice
3773,0.0,2400.0,0.05,0.5,0,5520.0,azure_vm_real_slice
3774,53700.0,24300.0,0.3711294555818222,0.125,1,103515.0,azure_vm_real_slice
3775,398100.0,1200.0,0.054322140902164646,1.0,2,400260.0,azure_vm_real_slice
3776,63000.0,1008600.0,0.06123768088976012,0.0625,0,2382780.0,azure_vm_real_slice
3777,1983600.0,300.0,0.05566837444804533,0.5,2,1984140.0,azure_vm_real_slice
3778,926400.0,600.0,0.05,0.5,0,927780.0,azure_vm_real_slice
3779,613200.0,17700.0,0.7860866019621973,0.5,2,645060.0,azure_vm_real_slice
3780,0.0,300.0,0.05,0.125,0,690.0,azure_vm_real_slice
3781,442200.0,5400.0,0.05,0.5,2,451920.0,azure_vm_real_slice
3782,48300.0,4200.0,0.06671206978576123,0.0625,0,57960.0,azure_vm_real_slice
3783,297000.0,600.0,0.05,0.5,0,298380.0,azure_vm_real_slice
3784,0.0,900.0,0.13366651910090585,0.125,0,2070.0,azure_vm_real_slice
3785,1871100.0,600.0,0.05,0.5,2,1872180.0,azure_vm_real_slice
3786,687900.0,1800.0,0.05,0.5,0,692040.0,azure_vm_real_slice
3787,1247100.0,300.0,0.11541251450236467,0.5,0,1247790.0,azure_vm_real_slice
3788,458100.0,600.0,0.3074991917910079,0.125,0,459480.0,azure_vm_real_slice
3789,26400.0,2006700.0,0.05,0.125,0,4641810.0,azure_vm_real_slice
3790,0.0,600.0,0.26109699326037705,0.05,0,1380.0,azure_vm_real_slice
3791,0.0,600.0,0.1411115793151505,0.125,0,1380.0,azure_vm_real_slice
3792,0.0,900.0,0.05,0.5,0,2070.0,azure_vm_real_slice
3793,5100.0,300.0,0.05,0.125,0,5790.0,azure_vm_real_slice
3794,0.0,2591400.0,0.12376883826395799,0.05,0,5960220.0,azure_vm_real_slice
3795,1229100.0,24300.0,0.05,0.5,0,1284990.0,azure_vm_real_slice
3796,472500.0,1200.0,0.2824668206386088,0.125,0,475260.0,azure_vm_real_slice
3797,1428600.0,300.0,0.2907701508557807,0.5,2,1429140.0,azure_vm_real_slice
3798,527400.0,13200.0,0.22274910402596898,1.0,2,551160.0,azure_vm_real_slice
3799,342300.0,900.0,0.05,0.5,0,344370.0,azure_vm_real_slice
3800,325800.0,900.0,0.19738678223304318,0.5,2,327420.0,azure_vm_real_slice
3801,640500.0,2100.0,0.05,0.5,0,645330.0,azure_vm_real_slice
3802,141000.0,900.0,0.10846678258302823,0.125,0,143070.0,azure_vm_real_slice
3803,1847700.0,900.0,0.05,0.125,0,1849770.0,azure_vm_real_slice
3804,1939800.0,9600.0,0.05,0.5,0,1961880.0,azure_vm_real_slice
3805,735000.0,123300.0,0.4008021837169622,0.05,1,987765.0,azure_vm_real_slice
3806,1231800.0,900.0,0.10205952817841771,0.125,0,1233870.0,azure_vm_real_slice
3807,1962900.0,900.0,0.06431897438695486,0.125,0,1964970.0,azure_vm_real_slice
3808,1016100.0,6900.0,0.45434266902822223,0.125,1,1030245.0,azure_vm_real_slice
3809,989100.0,1800.0,0.05,0.0625,0,993240.0,azure_vm_real_slice
3810,0.0,58200.0,0.7974971725513282,0.5,2,104759.99999999999,azure_vm_real_slice
3811,1748700.0,1800.0,0.05,0.5,0,1752840.0,azure_vm_real_slice
3812,1844100.0,7200.0,0.43125855631361604,0.125,1,1858860.0,azure_vm_real_slice
3813,1319100.0,300.0,0.05,0.125,0,1319790.0,azure_vm_real_slice
3814,177300.0,600.0,0.05,0.5,0,178680.0,azure_vm_real_slice
3815,0.0,278400.0,0.05,0.5,0,640320.0,azure_vm_real_slice
3816,33000.0,2700.0,0.13718176022291273,0.125,0,39210.0,azure_vm_real_slice
3817,1626900.0,300.0,0.05,0.5,2,1627440.0,azure_vm_real_slice
3818,976500.0,600.0,0.05,0.125,0,977880.0,azure_vm_real_slice
3819,322800.0,300.0,0.05,0.0625,0,323490.0,azure_vm_real_slice
3820,1410000.0,4500.0,0.6029124938765783,0.05,1,1419225.0,azure_vm_real_slice
3821,958800.0,21900.0,0.20146773103589122,0.5,2,998220.0,azure_vm_real_slice
3822,0.0,3900.0,0.09035284520502687,0.5,0,8970.0,azure_vm_real_slice
3823,0.0,9900.0,0.17475423686907132,0.05,0,22770.0,azure_vm_real_slice
3824,1307400.0,900.0,0.13488020674765547,0.125,0,1309470.0,azure_vm_real_slice
3825,1763400.0,2100.0,0.05,0.5,0,1768230.0,azure_vm_real_slice
3826,670500.0,300.0,0.05,0.5,0,671190.0,azure_vm_real_slice
3827,892500.0,300.0,0.05,0.05,0,893190.0,azure_vm_real_slice
3828,745800.0,300.0,0.05,0.125,0,746490.0,azure_vm_real_slice
3829,1457100.0,300.0,0.10837291460006362,0.05,0,1457790.0,azure_vm_real_slice
3830,0.0,600.0,0.29134698832582506,0.0625,0,1380.0,azure_vm_real_slice
3831,656100.0,1800.0,0.05,0.5,0,660240.0,azure_vm_real_slice
3832,1754100.0,8100.0,0.7829469655553218,0.125,2,1768680.0,azure_vm_real_slice
3833,543600.0,4800.0,0.05,0.5,2,552240.0,azure_vm_real_slice
3834,1272600.0,300.0,0.05,0.0625,0,1273290.0,azure_vm_real_slice
3835,680400.0,4800.0,0.196594447850948,0.0625,0,691440.0,azure_vm_real_slice
3836,765000.0,3600.0,0.05,0.125,0,773280.0,azure_vm_real_slice
3837,1188600.0,900.0,0.051373439935190515,0.125,0,1190670.0,azure_vm_real_slice
3838,1511700.0,521400.0,0.2063872658643538,0.5,2,2450220.0,azure_vm_real_slice
3839,1135500.0,300.0,0.14490818920249166,0.0625,0,1136190.0,azure_vm_real_slice
3840,476400.0,300.0,0.05,0.0625,0,477090.0,azure_vm_real_slice
3841,812700.0,300.0,0.06091688850659208,0.125,0,813390.0,azure_vm_real_slice
3842,0.0,1500.0,0.24039896858565882,0.05,0,3449.9999999999995,azure_vm_real_slice
3843,508200.0,900.0,0.1146952259682516,0.125,0,510270.0,azure_vm_real_slice
3844,1747800.0,26400.0,0.09120999463629742,0.05,0,1808520.0,azure_vm_real_slice
3845,0.0,300.0,0.05,0.5,0,690.0,azure_vm_real_slice
3846,726000.0,2700.0,0.05,0.5,0,732210.0,azure_vm_real_slice
3847,1642500.0,51600.0,0.18353325885120633,0.5,0,1761180.0,azure_vm_real_slice
3848,0.0,300.0,0.2249508315592093,0.0625,0,690.0,azure_vm_real_slice
3849,0.0,2591400.0,0.05,0.0625,0,5960220.0,azure_vm_real_slice
3850,0.0,2591400.0,0.5580782242965774,0.0625,1,5312370.0,azure_vm_real_slice
3851,1837500.0,3600.0,0.08240165323165394,0.125,0,1845780.0,azure_vm_real_slice
3852,494700.0,7500.0,0.077209491001851,0.125,0,511950.0,azure_vm_real_slice
3853,705300.0,48600.0,0.42282618267930766,0.125,1,804930.0,azure_vm_real_slice
3854,1920300.0,1200.0,0.2529987756209548,1.0,2,1922460.0,azure_vm_real_slice
3855,1740900.0,3600.0,0.30319267399351857,0.125,0,1749180.0,azure_vm_real_slice
3856,0.0,12000.0,0.05,0.125,0,27599.999999999996,azure_vm_real_slice
3857,652200.0,81600.0,0.11697094128488113,0.125,0,839880.0,azure_vm_real_slice
3858,1116600.0,39900.0,0.061402958560685075,0.5,0,1208370.0,azure_vm_real_slice
3859,0.0,300.0,0.13590437788656998,0.125,0,690.0,azure_vm_real_slice
3860,314100.0,32700.0,0.7059777598023012,0.125,1,381135.0,azure_vm_real_slice
3861,61800.0,900.0,0.11286659011162146,0.125,0,63870.0,azure_vm_real_slice
3862,1013400.0,1019700.0,0.05,0.125,0,3358710.0,azure_vm_real_slice
3863,516300.0,1500.0,0.05,0.5,0,519750.0,azure_vm_real_slice
3864,0.0,600.0,0.05,0.5,0,1380.0,azure_vm_real_slice
3865,1582800.0,450300.0,0.10864427307473427,0.05,0,2618490.0,azure_vm_real_slice
3866,998700.0,19500.0,0.623312821795112,0.125,1,1038675.0,azure_vm_real_slice
3867,0.0,25500.0,0.2707431703249992,0.125,0,58649.99999999999,azure_vm_real_slice
3868,0.0,2591400.0,0.05972324084985459,0.0625,0,5960220.0,azure_vm_real_slice
3869,0.0,2100.0,0.1930646469695546,0.125,0,4830.0,azure_vm_real_slice
3870,0.0,3000.0,0.1274292734931284,0.0625,0,6899.999999999999,azure_vm_real_slice
3871,1448100.0,600.0,0.10145667611795303,0.125,0,1449480.0,azure_vm_real_slice
3872,779400.0,5700.0,0.13970597266907533,0.5,0,792510.0,azure_vm_real_slice
3873,0.0,4800.0,0.5816722298229154,0.125,1,9840.0,azure_vm_real_slice
3874,1334400.0,900.0,0.05,0.5,0,1336470.0,azure_vm_real_slice
3875,252900.0,76500.0,0.7693467099507296,0.5,2,390600.0,azure_vm_real_slice
3876,0.0,7800.0,0.09243580158374531,0.05,0,17940.0,azure_vm_real_slice
3877,0.0,3000.0,0.4644052140919593,0.05,1,6149.999999999999,azure_vm_real_slice
3878,1490700.0,7200.0,0.8078307256373352,0.5,2,1503660.0,azure_vm_real_slice
3879,1634100.0,600.0,0.05,0.5,0,1635480.0,azure_vm_real_slice
3880,684000.0,15000.0,0.05,0.05,0,718500.0,azure_vm_real_slice
3881,0.0,25800.0,0.05,0.125,0,59339.99999999999,azure_vm_real_slice
3882,609900.0,34200.0,0.16017581566724184,0.125,0,688560.0,azure_vm_real_slice
3883,0.0,300.0,0.15231987732455454,0.0625,0,690.0,azure_vm_real_slice
3884,1061700.0,900.0,0.31042958994893666,0.05,0,1063770.0,azure_vm_real_slice
3885,549000.0,9900.0,0.26024609813175237,0.125,0,571770.0,azure_vm_real_slice
3886,37200.0,10500.0,0.05,0.5,2,56100.0,azure_vm_real_slice
3887,0.0,10800.0,0.05,0.5,0,24839.999999999996,azure_vm_real_slice
3888,1675200.0,300.0,0.05,0.0625,0,1675890.0,azure_vm_real_slice
3889,34800.0,300.0,0.11199462157280869,0.5,0,35490.0,azure_vm_real_slice
3890,1537500.0,600.0,0.06591759722639456,0.125,0,1538880.0,azure_vm_real_slice
3891,0.0,2591400.0,0.05,0.125,0,5960220.0,azure_vm_real_slice
3892,318600.0,300.0,0.22642891561106093,0.125,0,319290.0,azure_vm_real_slice
3893,473700.0,71400.0,0.17907008846182218,0.125,0,637920.0,azure_vm_real_slice
3894,0.0,10800.0,0.34018006186623423,0.0625,0,24839.999999999996,azure_vm_real_slice
3895,805800.0,45900.0,0.44290496529702894,0.125,1,899895.0,azure_vm_real_slice
3896,0.0,300.0,0.05693105482452578,0.125,0,690.0,azure_vm_real_slice
3897,0.0,2591400.0,0.20778563675615647,0.5,0,5960220.0,azure_vm_real_slice
3898,714300.0,8700.0,0.05,0.125,0,734310.0,azure_vm_real_slice
3899,703200.0,1500.0,0.29267103005059214,0.5,0,706650.0,azure_vm_real_slice
3900,1479900.0,1800.0,0.0668705081996744,0.125,0,1484040.0,azure_vm_real_slice
3901,0.0,4200.0,0.7986602914992794,0.5,2,7559.999999999999,azure_vm_real_slice
3902,1178100.0,4200.0,0.05,0.125,0,1187760.0,azure_vm_real_slice
3903,0.0,637800.0,0.05,0.0625,0,1466940.0,azure_vm_real_slice
3904,402600.0,300.0,0.05,0.5,0,403290.0,azure_vm_real_slice
3905,192900.0,1800.0,0.05,0.125,0,197040.0,azure_vm_real_slice
3906,0.0,4800.0,0.09656747813734294,0.5,0,11040.0,azure_vm_real_slice
3907,12900.0,2100.0,0.5848676559972941,0.05,1,17205.0,azure_vm_real_slice
3908,821700.0,1200.0,0.05,0.5,0,824460.0,azure_vm_real_slice
3909,501600.0,600.0,0.2134729758879614,0.5,0,502980.0,azure_vm_real_slice
3910,1536000.0,32400.0,0.19172675558660918,0.0625,0,1610520.0,azure_vm_real_slice
3911,1706100.0,45600.0,0.2972629978486507,0.0625,0,1810980.0,azure_vm_real_slice
3912,0.0,3000.0,0.05,0.5,0,6899.999999999999,azure_vm_real_slice
3913,30900.0,900.0,0.05,0.5,0,32970.0,azure_vm_real_slice
3914,397500.0,2400.0,0.05,0.5,0,403020.0,azure_vm_real_slice
3915,1764000.0,2100.0,0.05,0.5,0,1768830.0,azure_vm_real_slice
3916,0.0,5700.0,0.23674971557726882,0.5,2,10259.999999999998,azure_vm_real_slice
3917,1878000.0,3600.0,0.3757711418252548,0.125,1,1885380.0,azure_vm_real_slice
3918,1836300.0,300.0,0.05,0.05,0,1836990.0,azure_vm_real_slice
3919,615600.0,6000.0,0.13554744904409696,0.0625,0,629400.0,azure_vm_real_slice
3920,778500.0,600.0,0.05,0.125,0,779880.0,azure_vm_real_slice
3921,699900.0,93300.0,0.4549056097133984,0.5,2,867840.0,azure_vm_real_slice
3922,0.0,1041900.0,0.09267113528781035,0.05,0,2396370.0,azure_vm_real_slice
3923,0.0,111300.0,0.18806305265752082,0.5,0,255989.99999999997,azure_vm_real_slice
3924,454500.0,4200.0,0.0838087771782997,0.125,0,464160.0,azure_vm_real_slice
3925,0.0,2589300.0,0.07226426989785929,0.125,0,5955390.0,azure_vm_real_slice
3926,1925100.0,44400.0,0.35057546011990254,0.125,1,2016120.0,azure_vm_real_slice
3927,0.0,600.0,0.05,0.5,0,1380.0,azure_vm_real_slice
3928,0.0,900.0,0.2205026589328563,0.0625,0,2070.0,azure_vm_real_slice
3929,0.0,1200.0,0.05,1.0,2,2160.0,azure_vm_real_slice
3930,1902600.0,49800.0,0.05,0.5,0,2017140.0,azure_vm_real_slice
3931,298200.0,1200.0,0.1244245804926958,0.5,2,300360.0,azure_vm_real_slice
3932,0.0,600.0,0.10699143815482116,0.125,0,1380.0,azure_vm_real_slice
3933,285000.0,32700.0,0.13644009733232831,0.05,0,360210.0,azure_vm_real_slice
3934,1050900.0,9300.0,0.39485871613899914,0.5,2,1067640.0,azure_vm_real_slice
3935,665100.0,20100.0,0.05,0.0625,0,711330.0,azure_vm_real_slice
3936,772800.0,1200.0,0.16569268868137346,0.125,0,775560.0,azure_vm_real_slice
3937,1368900.0,600.0,0.05,0.125,0,1370280.0,azure_vm_real_slice
3938,984000.0,7500.0,0.7873694413769948,0.5,2,997500.0,azure_vm_real_slice
3939,310200.0,900.0,0.1823575995553324,0.0625,0,312270.0,azure_vm_real_slice
3940,1552800.0,9900.0,0.28756031540034654,0.125,0,1575570.0,azure_vm_real_slice
3941,0.0,382500.0,0.05,1.0,2,688499.9999999999,azure_vm_real_slice
3942,714600.0,1318500.0,0.08121000080856183,0.05,0,3747149.9999999995,azure_vm_real_slice
3943,97200.0,17700.0,0.48225478376009645,0.125,1,133485.0,azure_vm_real_slice
3944,425700.0,1200.0,0.05,0.5,0,428460.0,azure_vm_real_slice
3945,929400.0,900.0,0.09081854099003221,0.125,0,931470.0,azure_vm_real_slice
3946,0.0,38400.0,0.46985888053577296,0.05,1,78720.0,azure_vm_real_slice
3947,0.0,300.0,0.05,0.125,0,690.0,azure_vm_real_slice
3948,868800.0,251100.0,0.05,0.5,0,1446330.0,azure_vm_real_slice
3949,0.0,580500.0,0.05,0.125,0,1335150.0,azure_vm_real_slice
3950,0.0,2591400.0,0.05,0.05,0,5960220.0,azure_vm_real_slice
3951,1244700.0,39900.0,0.26764142637743604,0.5,0,1336470.0,azure_vm_real_slice
3952,1797900.0,300.0,0.09448481243848515,0.0625,0,1798590.0,azure_vm_real_slice
3953,0.0,2100.0,0.49379297103296255,0.125,1,4305.0,azure_vm_real_slice
3954,0.0,2400.0,0.05,0.5,0,5520.0,azure_vm_real_slice
3955,0.0,2375100.0,0.05,0.5,0,5462730.0,azure_vm_real_slice
3956,656400.0,300.0,0.26716175167846057,0.0625,0,657090.0,azure_vm_real_slice
3957,285300.0,600.0,0.05,0.125,0,286680.0,azure_vm_real_slice
3958,1861500.0,4200.0,0.4371705999965579,0.125,1,1870110.0,azure_vm_real_slice
3959,1967100.0,300.0,0.05,0.125,0,1967790.0,azure_vm_real_slice
3960,0.0,2591400.0,0.05,0.05,0,5960220.0,azure_vm_real_slice
3961,0.0,92100.0,0.07640463275722649,0.5,0,211829.99999999997,azure_vm_real_slice
3962,545700.0,31500.0,0.7855848510235762,0.5,2,602400.0,azure_vm_real_slice
3963,482400.0,300.0,0.05,0.5,0,483090.0,azure_vm_real_slice
3964,1125900.0,300.0,0.15678129363231896,0.125,0,1126590.0,azure_vm_real_slice
3965,207300.0,1500.0,0.10069977991646384,0.0625,0,210750.0,azure_vm_real_slice
3966,1317900.0,300.0,0.05,0.0625,0,1318590.0,azure_vm_real_slice
3967,0.0,2591400.0,0.05,0.05,0,5960220.0,azure_vm_real_slice
3968,587700.0,3300.0,0.40573007908054115,0.05,1,594465.0,azure_vm_real_slice
3969,790200.0,300.0,0.12681066527569118,0.125,0,790890.0,azure_vm_real_slice
3970,0.0,2591400.0,0.05,0.0625,0,5960220.0,azure_vm_real_slice
3971,1192200.0,2700.0,0.12255355543877872,0.125,0,1198410.0,azure_vm_real_slice
3972,1842600.0,300.0,0.14177423030522635,0.0625,0,1843290.0,azure_vm_real_slice
3973,1558200.0,4200.0,0.3109148391011235,0.05,0,1567860.0,azure_vm_real_slice
3974,1188300.0,600.0,0.05959744082989395,0.5,0,1189680.0,azure_vm_real_slice
3975,0.0,2061300.0,0.09978762686752657,0.0625,0,4740990.0,azure_vm_real_slice
3976,1322100.0,600.0,0.07521650736565723,0.125,0,1323480.0,azure_vm_real_slice
3977,0.0,2400.0,0.08742534178422037,0.0625,0,5520.0,azure_vm_real_slice
3978,0.0,2591400.0,0.06494606278903464,0.0625,0,5960220.0,azure_vm_real_slice
3979,1285200.0,300.0,0.05,0.5,2,1285740.0,azure_vm_real_slice
3980,540900.0,900.0,0.17545616510285666,0.05,0,542970.0,azure_vm_real_slice
3981,1223400.0,600.0,0.05,0.5,0,1224780.0,azure_vm_real_slice
3982,0.0,600.0,0.453342014696694,0.5,1,1230.0,azure_vm_real_slice
3983,30300.0,600.0,0.05,0.125,0,31680.0,azure_vm_real_slice
3984,450300.0,300.0,0.05,0.5,0,450990.0,azure_vm_real_slice
3985,1715400.0,300.0,0.21054362737129573,0.125,0,1716090.0,azure_vm_real_slice
3986,755700.0,207600.0,0.05,0.125,0,1233180.0,azure_vm_real_slice
3987,1275600.0,300.0,0.05,0.0625,0,1276290.0,azure_vm_real_slice
3988,0.0,300.0,0.5493917598912638,0.0625,1,615.0,azure_vm_real_slice
3989,1931400.0,30000.0,0.05,0.5,0,2000400.0,azure_vm_real_slice
3990,1154100.0,1200.0,0.0540251359848525,0.125,0,1156860.0,azure_vm_real_slice
3991,1245900.0,2400.0,0.06278119911699098,0.0625,0,1251420.0,azure_vm_real_slice
3992,497100.0,1800.0,0.05,0.5,0,501240.0,azure_vm_real_slice
3993,2003100.0,1500.0,0.1952032229969769,0.5,2,2005800.0,azure_vm_real_slice
3994,859500.0,1200.0,0.17226761466438206,0.125,0,862260.0,azure_vm_real_slice
3995,2020800.0,300.0,0.3866623264916638,0.0625,1,2021415.0,azure_vm_real_slice
3996,466200.0,112500.0,0.31746906095948413,0.0625,0,724950.0,azure_vm_real_slice
3997,1192500.0,2700.0,0.4648636646238549,0.125,1,1198035.0,azure_vm_real_slice
3998,0.0,228900.0,0.05,0.0625,0,526470.0,azure_vm_real_slice
3999,476100.0,3600.0,0.0836889772024943,0.0625,0,484380.0,azure_vm_real_slice
4000,1485600.0,600.0,0.05,0.125,0,1486980.0,azure_vm_real_slice
4001,0.0,206400.0,0.4430299828150789,0.0625,1,423119.99999999994,azure_vm_real_slice
4002,1586700.0,300.0,0.05,0.0625,0,1587390.0,azure_vm_real_slice
4003,704400.0,1500.0,0.05054863848725229,0.125,0,707850.0,azure_vm_real_slice
4004,1660500.0,900.0,0.05,0.125,0,1662570.0,azure_vm_real_slice
4005,1847400.0,900.0,0.16441226379636337,1.0,2,1849020.0,azure_vm_real_slice
4006,1206600.0,900.0,0.6259457678110515,0.5,1,1208445.0,azure_vm_real_slice
4007,1459200.0,573900.0,0.05,0.0625,0,2779170.0,azure_vm_real_slice
4008,642000.0,2700.0,0.06369009857418732,0.0625,0,648210.0,azure_vm_real_slice
4009,1173600.0,18000.0,0.4876654665426273,0.0625,1,1210500.0,azure_vm_real_slice
4010,1604100.0,600.0,0.05,1.0,2,1605180.0,azure_vm_real_slice
4011,2006100.0,27000.0,0.19493514521546282,0.125,0,2068200.0,azure_vm_real_slice
4012,1725300.0,1500.0,0.19315763566515368,0.5,2,1728000.0,azure_vm_real_slice
4013,1055700.0,600.0,0.05,0.125,0,1057080.0,azure_vm_real_slice
4014,0.0,900.0,0.06980079439198109,0.125,0,2070.0,azure_vm_real_slice
4015,0.0,2100.0,0.05,0.5,0,4830.0,azure_vm_real_slice
4016,534600.0,300.0,0.05,0.5,0,535290.0,azure_vm_real_slice
4017,0.0,57000.0,0.1297852838443098,0.5,0,131100.0,azure_vm_real_slice
4018,405300.0,300.0,0.08557433897858595,0.0625,0,405990.0,azure_vm_real_slice
4019,0.0,67800.0,0.32201838166189894,0.0625,0,155940.0,azure_vm_real_slice
4020,955500.0,314400.0,0.05,0.0625,0,1678620.0,azure_vm_real_slice
4021,0.0,1800.0,0.5274835276784472,0.0625,1,3689.9999999999995,azure_vm_real_slice
4022,1753200.0,1200.0,0.14337939432795227,0.125,0,1755960.0,azure_vm_real_slice
4023,5700.0,2400.0,0.5438798190962759,0.125,1,10620.0,azure_vm_real_slice
4024,0.0,2591400.0,0.2077803573167821,0.5,0,5960220.0,azure_vm_real_slice
4025,1237500.0,36900.0,0.44152363470138367,0.05,1,1313145.0,azure_vm_real_slice
4026,1065900.0,1800.0,0.23762226394433789,0.125,0,1070040.0,azure_vm_real_slice
4027,331500.0,2100.0,0.05,0.5,0,336330.0,azure_vm_real_slice
4028,1450200.0,1800.0,0.05,0.125,0,1454340.0,azure_vm_real_slice
4029,128400.0,2400.0,0.12467809436999772,0.125,0,133920.0,azure_vm_real_slice
4030,0.0,51300.0,0.05,0.125,0,117989.99999999999,azure_vm_real_slice
4031,1939200.0,93900.0,0.05,0.125,0,2155170.0,azure_vm_real_slice
4032,1394700.0,33900.0,0.05,0.5,2,1455720.0,azure_vm_real_slice
4033,134400.0,900.0,0.10506776164652946,0.125,0,136470.0,azure_vm_real_slice
4034,1195500.0,1500.0,0.05,1.0,2,1198200.0,azure_vm_real_slice
4035,1393200.0,300.0,0.28579499792320984,0.0625,0,1393890.0,azure_vm_real_slice
4036,588300.0,300.0,0.05,0.5,0,588990.0,azure_vm_real_slice
4037,996000.0,85500.0,0.05,0.5,0,1192650.0,azure_vm_real_slice
4038,0.0,300.0,0.05,0.5,0,690.0,azure_vm_real_slice
4039,0.0,6300.0,0.6689309027310983,0.125,1,12914.999999999998,azure_vm_real_slice
4040,1800900.0,6000.0,0.584655077581872,0.0625,1,1813200.0,azure_vm_real_slice
4041,0.0,2591400.0,0.05,0.05,0,5960220.0,azure_vm_real_slice
4042,915300.0,600.0,0.05,0.5,0,916680.0,azure_vm_real_slice
4043,0.0,1200.0,0.05,1.0,2,2160.0,azure_vm_real_slice
4044,0.0,300.0,0.05,0.0625,0,690.0,azure_vm_real_slice
4045,0.0,144900.0,0.08668561391565767,0.125,0,333270.0,azure_vm_real_slice
4046,0.0,5700.0,0.07638015560244688,0.125,0,13109.999999999998,azure_vm_real_slice
4047,864900.0,65700.0,0.21865782718782095,0.0625,0,1016010.0,azure_vm_real_slice
4048,1054200.0,300.0,0.11594551024195666,0.125,0,1054890.0,azure_vm_real_slice
4049,630300.0,900.0,0.05,0.0625,0,632370.0,azure_vm_real_slice
4050,0.0,10800.0,0.09878821112169105,0.05,0,24839.999999999996,azure_vm_real_slice
4051,0.0,2700.0,0.15826143327504374,0.0625,0,6209.999999999999,azure_vm_real_slice
4052,0.0,9000.0,0.05,0.5,0,20700.0,azure_vm_real_slice
4053,0.0,2700.0,0.509829813131129,0.125,1,5534.999999999999,azure_vm_real_slice
4054,1911000.0,122100.0,0.05,0.125,0,2191830.0,azure_vm_real_slice
4055,1484400.0,300.0,0.05,0.125,0,1485090.0,azure_vm_real_slice
4056,898800.0,5100.0,0.6519123287031561,0.125,1,909255.0,azure_vm_real_slice
4057,1239900.0,300.0,0.32106208482430354,0.05,0,1240590.0,azure_vm_real_slice
4058,0.0,2591400.0,0.08883900087218782,0.05,0,5960220.0,azure_vm_real_slice
4059,557100.0,300.0,0.07497945582729987,0.125,0,557790.0,azure_vm_real_slice
4060,0.0,2591400.0,0.05,0.125,0,5960220.0,azure_vm_real_slice
4061,1282200.0,598800.0,0.05,1.0,2,2360040.0,azure_vm_real_slice
4062,616200.0,300.0,0.05,0.125,0,616890.0,azure_vm_real_slice
4063,1250700.0,37200.0,0.41593966134352334,0.125,1,1326960.0,azure_vm_real_slice
4064,30000.0,600.0,0.13019920993693454,0.125,0,31380.0,azure_vm_real_slice
4065,1113300.0,300.0,0.05,0.05,0,1113990.0,azure_vm_real_slice
4066,540300.0,300.0,0.05,0.5,0,540990.0,azure_vm_real_slice
4067,579900.0,300.0,0.05,0.125,0,580590.0,azure_vm_real_slice
4068,1106100.0,600.0,0.05,0.125,0,1107480.0,azure_vm_real_slice
4069,1599600.0,600.0,0.12008494432457924,0.5,0,1600980.0,azure_vm_real_slice
4070,0.0,300.0,0.05,0.5,0,690.0,azure_vm_real_slice
4071,0.0,300.0,0.05,0.125,0,690.0,azure_vm_real_slice
4072,0.0,300.0,0.05,0.125,0,690.0,azure_vm_real_slice
4073,0.0,2591400.0,0.07501837572277342,0.0625,0,5960220.0,azure_vm_real_slice
4074,797100.0,300.0,0.05,0.5,0,797790.0,azure_vm_real_slice
4075,0.0,2591400.0,0.09385439303326042,0.05,0,5960220.0,azure_vm_real_slice
4076,409200.0,2100.0,0.05,0.5,0,414030.0,azure_vm_real_slice
4077,0.0,45600.0,0.050198556967859395,0.5,0,104879.99999999999,azure_vm_real_slice
4078,1577400.0,900.0,0.21741035363569958,0.125,0,1579470.0,azure_vm_real_slice
4079,359700.0,300.0,0.1017981137920828,0.125,0,360390.0,azure_vm_real_slice
4080,0.0,159900.0,0.05,0.05,0,367770.0,azure_vm_real_slice
4081,1984800.0,600.0,0.05,0.125,0,1986180.0,azure_vm_real_slice
4082,0.0,2400.0,0.08200254579329887,0.125,0,5520.0,azure_vm_real_slice
4083,345600.0,1687500.0,0.05,0.5,0,4226850.0,azure_vm_real_slice
4084,1911300.0,121800.0,0.05,0.5,2,2130540.0,azure_vm_real_slice
4085,1604700.0,11400.0,0.05,0.0625,0,1630920.0,azure_vm_real_slice
4086,521700.0,300.0,0.26466702811110543,0.125,0,522390.0,azure_vm_real_slice
4087,295200.0,24600.0,0.38033033762089474,0.125,1,345630.0,azure_vm_real_slice
4088,442200.0,2400.0,0.05,0.5,0,447720.0,azure_vm_real_slice
4089,0.0,600.0,0.06175901514998887,0.125,0,1380.0,azure_vm_real_slice
4090,115500.0,600.0,0.057031208410069735,0.125,0,116880.0,azure_vm_real_slice
4091,0.0,46200.0,0.4218881516570709,0.05,1,94709.99999999999,azure_vm_real_slice
4092,163800.0,2400.0,0.05,0.5,0,169320.0,azure_vm_real_slice
4093,0.0,2591400.0,0.05354834579280758,0.05,0,5960220.0,azure_vm_real_slice
4094,711600.0,4500.0,0.18228284980640136,0.125,0,721950.0,azure_vm_real_slice
4095,72300.0,3000.0,0.07811177347374818,0.125,0,79200.0,azure_vm_real_slice
4096,2013900.0,300.0,0.05,0.5,0,2014590.0,azure_vm_real_slice
4097,365700.0,17100.0,0.0906613526668748,0.125,0,405030.0,azure_vm_real_slice
4098,0.0,2591400.0,0.05,0.125,0,5960220.0,azure_vm_real_slice
4099,621000.0,1412100.0,0.05,0.5,0,3868829.9999999995,azure_vm_real_slice
4100,1248000.0,900.0,0.05,0.5,0,1250070.0,azure_vm_real_slice
4101,252300.0,1200.0,0.05,1.0,2,254460.0,azure_vm_real_slice
4102,0.0,1800.0,0.05,0.5,0,4140.0,azure_vm_real_slice
4103,0.0,300.0,0.05,0.125,0,690.0,azure_vm_real_slice
4104,1218600.0,10500.0,0.08861046953272556,0.0625,0,1242750.0,azure_vm_real_slice
4105,486600.0,1500.0,0.23300236093745585,0.0625,0,490050.0,azure_vm_real_slice
4106,96000.0,18900.0,0.05,0.05,0,139470.0,azure_vm_real_slice
4107,0.0,447600.0,0.05,0.5,2,805679.9999999999,azure_vm_real_slice
4108,777600.0,1800.0,0.14509067656762814,0.0625,0,781740.0,azure_vm_real_slice
4109,38400.0,51900.0,0.05,0.5,0,157770.0,azure_vm_real_slice
4110,930300.0,7800.0,0.5673762955601336,0.5,1,946290.0,azure_vm_real_slice
4111,5400.0,900.0,0.44534950491650555,0.5,2,7020.0,azure_vm_real_slice
4112,454200.0,600.0,0.11079423985682894,0.5,2,455280.0,azure_vm_real_slice
4113,1305900.0,2400.0,0.5323590057090485,0.05,1,1310820.0,azure_vm_real_slice
4114,37500.0,300.0,0.05,0.5,0,38190.0,azure_vm_real_slice
4115,0.0,680700.0,0.12748166642460573,0.0625,0,1565609.9999999998,azure_vm_real_slice
4116,99600.0,300.0,0.9394378283342191,0.0625,2,100140.0,azure_vm_real_slice
4117,1626600.0,600.0,0.05,0.5,0,1627980.0,azure_vm_real_slice
4118,645600.0,300.0,0.1030098972688163,0.0625,0,646290.0,azure_vm_real_slice
4119,1894500.0,600.0,0.05,0.5,0,1895880.0,azure_vm_real_slice
4120,1808100.0,900.0,0.05,0.125,0,1810170.0,azure_vm_real_slice
4121,1206300.0,600.0,0.05,0.5,0,1207680.0,azure_vm_real_slice
4122,1726200.0,300.0,0.0703485329844454,0.5,0,1726890.0,azure_vm_real_slice
4123,1914000.0,119100.0,0.5172648777300876,0.05,1,2158155.0,azure_vm_real_slice
4124,945900.0,1500.0,0.12469486510969252,1.0,2,948600.0,azure_vm_real_slice
4125,607800.0,15000.0,0.08606290711969276,0.0625,0,642300.0,azure_vm_real_slice
4126,1742700.0,1500.0,0.05,0.5,0,1746150.0,azure_vm_real_slice
4127,1404600.0,42300.0,0.05,0.125,0,1501890.0,azure_vm_real_slice
4128,1977600.0,12000.0,0.10876332044672178,0.5,2,1999200.0,azure_vm_real_slice
4129,1830300.0,600.0,0.05,0.5,0,1831680.0,azure_vm_real_slice
4130,195900.0,2400.0,0.5950614050638582,0.125,1,200820.0,azure_vm_real_slice
4131,0.0,300.0,0.05,0.5,0,690.0,azure_vm_real_slice
4132,0.0,600.0,0.09753688027188476,0.125,0,1380.0,azure_vm_real_slice
4133,0.0,600.0,0.05,0.125,0,1380.0,azure_vm_real_slice
4134,1775400.0,25200.0,0.2800105825341443,0.125,0,1833360.0,azure_vm_real_slice
4135,576900.0,3300.0,0.05,0.125,0,584490.0,azure_vm_real_slice
4136,708900.0,2400.0,0.2538753690669589,0.125,0,714420.0,azure_vm_real_slice
4137,607500.0,300.0,0.1449933326568957,0.125,0,608190.0,azure_vm_real_slice
4138,935700.0,600.0,0.05,0.5,0,937080.0,azure_vm_real_slice
4139,403800.0,1500.0,0.24904969051886997,0.125,0,407250.0,azure_vm_real_slice
4140,1342500.0,369000.0,0.05,0.0625,0,2191200.0,azure_vm_real_slice
4141,58500.0,100800.0,0.808189170206909,0.5,2,239939.99999999997,azure_vm_real_slice
4142,296700.0,300.0,0.2287343248090609,0.05,0,297390.0,azure_vm_real_slice
4143,1422900.0,22500.0,0.07450391098577659,0.0625,0,1474650.0,azure_vm_real_slice
4144,0.0,300.0,0.05,0.05,0,690.0,azure_vm_real_slice
4145,1415400.0,300.0,0.2991636633079498,0.5,0,1416090.0,azure_vm_real_slice
4146,755400.0,300.0,0.05,1.0,2,755940.0,azure_vm_real_slice
4147,543300.0,600.0,0.530374156763581,0.125,1,544530.0,azure_vm_real_slice
4148,0.0,300.0,0.05,0.0625,0,690.0,azure_vm_real_slice
4149,0.0,300.0,0.05,0.125,0,690.0,azure_vm_real_slice
4150,0.0,30300.0,0.2273382389029524,0.5,0,69690.0,azure_vm_real_slice
4151,0.0,2591400.0,0.10166420024444302,0.05,0,5960220.0,azure_vm_real_slice
4152,0.0,2591400.0,0.05,0.125,0,5960220.0,azure_vm_real_slice
4153,0.0,2591400.0,0.05,0.5,0,5960220.0,azure_vm_real_slice
4154,0.0,2591400.0,0.1185002733511794,0.05,0,5960220.0,azure_vm_real_slice
4155,447900.0,600.0,0.05,0.5,0,449280.0,azure_vm_real_slice
4156,0.0,2591400.0,0.06566638840799105,0.125,0,5960220.0,azure_vm_real_slice
4157,995700.0,122700.0,0.05,0.5,0,1277910.0,azure_vm_real_slice
4158,0.0,2400.0,0.2304116898564396,0.125,0,5520.0,azure_vm_real_slice
4159,1343700.0,4500.0,0.05,0.125,0,1354050.0,azure_vm_real_slice
4160,1751700.0,3300.0,0.32799409201059093,0.5,2,1757640.0,azure_vm_real_slice
4161,559800.0,3000.0,0.05,1.0,2,565200.0,azure_vm_real_slice
4162,0.0,1800.0,0.21416047196481747,0.125,0,4140.0,azure_vm_real_slice
4163,978300.0,600.0,0.05,0.125,0,979680.0,azure_vm_real_slice
4164,556500.0,300.0,0.05,0.125,0,557190.0,azure_vm_real_slice
4165,1717200.0,3600.0,0.23270546331852782,0.05,0,1725480.0,azure_vm_real_slice
4166,0.0,3900.0,0.3556567369228918,0.05,1,7994.999999999999,azure_vm_real_slice
4167,2017500.0,300.0,0.05,0.05,0,2018190.0,azure_vm_real_slice
4168,532500.0,41400.0,0.3408803831966638,0.0625,0,627720.0,azure_vm_real_slice
4169,954000.0,300.0,0.07145380993242628,0.125,0,954690.0,azure_vm_real_slice
4170,1708800.0,10200.0,0.7045368328240041,0.125,1,1729710.0,azure_vm_real_slice
4171,1408500.0,600.0,0.5046697156340645,0.125,1,1409730.0,azure_vm_real_slice
4172,304800.0,840600.0,0.05,0.125,0,2238180.0,azure_vm_real_slice
4173,766200.0,900.0,0.05,0.0625,0,768270.0,azure_vm_real_slice
4174,459900.0,300.0,0.05,1.0,2,460440.0,azure_vm_real_slice
4175,1755600.0,600.0,0.3474562911358698,0.125,0,1756980.0,azure_vm_real_slice
4176,378300.0,300.0,0.1963013659825785,0.125,0,378990.0,azure_vm_real_slice
4177,579600.0,3600.0,0.23861912812597963,0.0625,0,587880.0,azure_vm_real_slice
4178,921600.0,196800.0,0.05,0.5,0,1374240.0,azure_vm_real_slice
4179,1781100.0,300.0,0.07422409304694046,0.5,0,1781790.0,azure_vm_real_slice
4180,159600.0,300.0,0.19234784560386042,0.0625,0,160290.0,azure_vm_real_slice
4181,1823700.0,17700.0,0.05803266240741739,0.125,0,1864410.0,azure_vm_real_slice
4182,1516500.0,600.0,0.05,0.125,0,1517880.0,azure_vm_real_slice
4183,0.0,2591400.0,0.12000217491596445,0.05,0,5960220.0,azure_vm_real_slice
4184,114000.0,2700.0,0.17894736659460375,0.125,0,120210.0,azure_vm_real_slice
4185,0.0,2079900.0,0.060011055680612664,0.05,0,4783770.0,azure_vm_real_slice
4186,1639200.0,4200.0,0.05,0.125,0,1648860.0,azure_vm_real_slice
4187,334500.0,600.0,0.05,0.5,0,335880.0,azure_vm_real_slice
4188,0.0,2591400.0,0.06168623495706531,0.05,0,5960220.0,azure_vm_real_slice
4189,0.0,92100.0,0.05,0.5,0,211829.99999999997,azure_vm_real_slice
4190,1290300.0,1800.0,0.16112701234603707,0.05,0,1294440.0,azure_vm_real_slice
4191,1590300.0,1500.0,0.05,0.5,2,1593000.0,azure_vm_real_slice
4192,1084800.0,300.0,0.05,0.125,0,1085490.0,azure_vm_real_slice
4193,207000.0,300.0,0.36411789209781903,0.0625,1,207615.0,azure_vm_real_slice
4194,0.0,2591400.0,0.05311176117662776,0.05,0,5960220.0,azure_vm_real_slice
4195,0.0,8400.0,0.473852186249226,0.125,1,17220.0,azure_vm_real_slice
4196,747900.0,18900.0,0.17241551268029817,0.0625,0,791370.0,azure_vm_real_slice
4197,141300.0,600.0,0.07971917208027528,0.125,0,142680.0,azure_vm_real_slice
4198,1958400.0,74700.0,0.4965944754590372,0.0625,1,2111535.0,azure_vm_real_slice
4199,593100.0,95400.0,0.05,0.125,0,812520.0,azure_vm_real_slice
4200,271500.0,4500.0,0.11292749839126628,0.0625,0,281850.0,azure_vm_real_slice
4201,428100.0,169200.0,0.1429124900714706,0.5,0,817260.0,azure_vm_real_slice
4202,0.0,300.0,0.05,0.5,2,540.0,azure_vm_real_slice
4203,62700.0,3600.0,0.41582794343611157,0.05,1,70080.0,azure_vm_real_slice
4204,1068300.0,1800.0,0.05,0.0625,0,1072440.0,azure_vm_real_slice
4205,497700.0,900.0,0.05325687777087551,0.5,0,499770.0,azure_vm_real_slice
4206,1767900.0,1200.0,0.29547815126148086,0.0625,0,1770660.0,azure_vm_real_slice
4207,224100.0,1800.0,0.7545134515613313,0.5,2,227340.0,azure_vm_real_slice
4208,1339800.0,23400.0,0.8111687933583613,0.5,2,1381920.0,azure_vm_real_slice
4209,0.0,600.0,0.05,0.0625,0,1380.0,azure_vm_real_slice
4210,0.0,3900.0,0.10794217893884561,0.0625,0,8970.0,azure_vm_real_slice
4211,0.0,1200.0,0.20389361375242301,0.5,0,2760.0,azure_vm_real_slice
4212,1527900.0,300.0,0.05,0.0625,0,1528590.0,azure_vm_real_slice
4213,495300.0,4500.0,0.08871781064890462,1.0,2,503400.0,azure_vm_real_slice
4214,0.0,900.0,0.05,0.5,0,2070.0,azure_vm_real_slice
4215,1120800.0,600.0,0.05,0.125,0,1122180.0,azure_vm_real_slice
4216,0.0,49200.0,0.6298717634079211,0.125,1,100859.99999999999,azure_vm_real_slice
4217,508200.0,600.0,0.05,0.5,0,509580.0,azure_vm_real_slice
4218,1144500.0,300.0,0.05,0.125,0,1145190.0,azure_vm_real_slice
4219,0.0,300.0,0.05,0.125,0,690.0,azure_vm_real_slice
4220,0.0,109800.0,0.05,0.5,0,252539.99999999997,azure_vm_real_slice
4221,0.0,1500.0,0.23407753000238973,0.125,0,3449.9999999999995,azure_vm_real_slice
4222,0.0,4200.0,0.05,0.5,2,7559.999999999999,azure_vm_real_slice
4223,478500.0,2400.0,0.07671947492280362,0.125,0,484020.0,azure_vm_real_slice
4224,0.0,2591400.0,0.10727841647544922,0.05,0,5960220.0,azure_vm_real_slice
4225,573300.0,600.0,0.05,0.5,0,574680.0,azure_vm_real_slice
4226,318600.0,300.0,0.05,0.5,2,319140.0,azure_vm_real_slice
4227,1806600.0,900.0,0.22468667861073427,0.125,0,1808670.0,azure_vm_real_slice
4228,0.0,9300.0,0.4713736089992374,0.125,1,19065.0,azure_vm_real_slice
4229,1481400.0,3000.0,0.5288412580482873,0.05,1,1487550.0,azure_vm_real_slice
4230,585000.0,65100.0,0.13555674493464878,0.05,0,734730.0,azure_vm_real_slice
4231,1968900.0,900.0,0.23498166215050595,0.5,0,1970970.0,azure_vm_real_slice
4232,470700.0,600.0,0.18202099893657775,0.05,0,472080.0,azure_vm_real_slice
4233,1746900.0,6000.0,0.31215520607438735,0.5,0,1760700.0,azure_vm_real_slice
4234,471900.0,1561200.0,0.05,0.5,0,4062659.9999999995,azure_vm_real_slice
4235,1059600.0,93300.0,0.05,0.5,2,1227540.0,azure_vm_real_slice
4236,65400.0,8100.0,0.05,0.5,0,84030.0,azure_vm_real_slice
4237,1019700.0,600.0,0.10994728889811492,0.125,0,1021080.0,azure_vm_real_slice
4238,351300.0,300.0,0.05,0.125,0,351990.0,azure_vm_real_slice
4239,0.0,300.0,0.2755320450079484,0.125,0,690.0,azure_vm_real_slice
4240,81000.0,47700.0,0.05,0.05,0,190710.0,azure_vm_real_slice
4241,592200.0,3900.0,0.4215453747127727,1.0,2,599220.0,azure_vm_real_slice
4242,0.0,300.0,0.09659901715528924,0.5,0,690.0,azure_vm_real_slice
4243,428700.0,2400.0,0.19485001631410406,1.0,2,433020.0,azure_vm_real_slice
4244,577500.0,600.0,0.05,0.5,0,578880.0,azure_vm_real_slice
4245,1149600.0,300.0,0.15928532767961456,0.125,0,1150290.0,azure_vm_real_slice
4246,1264800.0,600.0,0.05,0.5,0,1266180.0,azure_vm_real_slice
4247,1310700.0,300.0,0.05,0.5,0,1311390.0,azure_vm_real_slice
4248,896100.0,162600.0,0.19184179952480918,0.0625,0,1270080.0,azure_vm_real_slice
4249,358200.0,600.0,0.05,0.5,0,359580.0,azure_vm_real_slice
4250,1760100.0,300.0,0.4285120968437324,0.0625,1,1760715.0,azure_vm_real_slice
4251,1107300.0,1200.0,0.4413244726786853,0.05,1,1109760.0,azure_vm_real_slice
4252,1856700.0,25500.0,0.3643962095853965,0.05,1,1908975.0,azure_vm_real_slice
4253,0.0,2591400.0,0.3269730529647121,0.5,2,4664520.0,azure_vm_real_slice
4254,736500.0,15600.0,0.25189393247432146,0.5,2,764580.0,azure_vm_real_slice
4255,0.0,2591400.0,0.05,0.05,0,5960220.0,azure_vm_real_slice
4256,465900.0,10800.0,0.056581048379754376,0.125,0,490740.0,azure_vm_real_slice
4257,663600.0,2700.0,0.208840981246193,0.125,0,669810.0,azure_vm_real_slice
4258,0.0,6600.0,0.05451170957179734,0.125,0,15179.999999999998,azure_vm_real_slice
4259,0.0,2400.0,0.3671011547303983,0.125,1,4920.0,azure_vm_real_slice
4260,0.0,2591400.0,0.06087746827815391,0.05,0,5960220.0,azure_vm_real_slice
4261,0.0,300.0,0.15789805679156177,0.125,0,690.0,azure_vm_real_slice
4262,0.0,1500.0,0.26149542497621836,0.0625,0,3449.9999999999995,azure_vm_real_slice
4263,261300.0,1800.0,0.4269121519332674,0.125,1,264990.0,azure_vm_real_slice
4264,0.0,600.0,0.05,0.125,0,1380.0,azure_vm_real_slice
4265,0.0,300.0,0.05,0.5,0,690.0,azure_vm_real_slice
4266,690300.0,300.0,0.05,0.5,0,690990.0,azure_vm_real_slice
4267,474900.0,300.0,0.05,0.5,2,475440.0,azure_vm_real_slice
4268,0.0,1537500.0,0.25494749649615234,0.0625,0,3536249.9999999995,azure_vm_real_slice
4269,1847700.0,600.0,0.05,0.125,0,1849080.0,azure_vm_real_slice
4270,1815600.0,900.0,0.12560920577901388,0.125,0,1817670.0,azure_vm_real_slice
4271,568200.0,10500.0,0.2716205939886499,0.125,0,592350.0,azure_vm_real_slice
4272,0.0,2591400.0,0.05,0.125,0,5960220.0,azure_vm_real_slice
4273,0.0,600.0,0.13581705735565075,0.125,0,1380.0,azure_vm_real_slice
4274,260400.0,62400.0,0.4308742889367209,0.0625,1,388320.0,azure_vm_real_slice
4275,1521000.0,300.0,0.05,0.5,0,1521690.0,azure_vm_real_slice
4276,940800.0,3900.0,0.1255765535718033,0.125,0,949770.0,azure_vm_real_slice
4277,387000.0,1500.0,0.20896824912874987,0.5,0,390450.0,azure_vm_real_slice
4278,271800.0,300.0,0.05,0.5,0,272490.0,azure_vm_real_slice
4279,0.0,2591400.0,0.060457248024474684,0.05,0,5960220.0,azure_vm_real_slice
4280,1065900.0,600.0,0.05,0.5,0,1067280.0,azure_vm_real_slice
4281,111000.0,36900.0,0.12235501910952852,0.5,2,177420.0,azure_vm_real_slice
4282,3600.0,2100.0,0.05,0.5,0,8430.0,azure_vm_real_slice
4283,0.0,300.0,0.05,0.5,0,690.0,azure_vm_real_slice
4284,1366200.0,900.0,0.24521226338269492,0.5,2,1367820.0,azure_vm_real_slice
4285,1937100.0,1500.0,0.05,1.0,2,1939800.0,azure_vm_real_slice
4286,1650300.0,6000.0,0.49101228678930203,0.125,1,1662600.0,azure_vm_real_slice
4287,1502100.0,600.0,0.05553890517414234,0.125,0,1503480.0,azure_vm_real_slice
4288,0.0,2202900.0,0.13143173650810522,0.05,0,5066670.0,azure_vm_real_slice
4289,434700.0,3000.0,0.05,0.5,0,441600.0,azure_vm_real_slice
4290,0.0,2700.0,0.05,0.5,0,6209.999999999999,azure_vm_real_slice
4291,1258800.0,20400.0,0.05,0.125,0,1305720.0,azure_vm_real_slice
4292,0.0,2591400.0,0.0864575655716317,0.05,0,5960220.0,azure_vm_real_slice
4293,0.0,2700.0,0.05992654483602469,0.125,0,6209.999999999999,azure_vm_real_slice
4294,875100.0,8700.0,0.05426450890576642,0.0625,0,895110.0,azure_vm_real_slice
4295,0.0,600.0,0.24494455261812603,0.125,0,1380.0,azure_vm_real_slice
4296,0.0,3300.0,0.5627697529940595,0.05,1,6764.999999999999,azure_vm_real_slice
4297,82200.0,600.0,0.05,0.125,0,83580.0,azure_vm_real_slice
4298,1580100.0,51600.0,0.12147285400156449,0.125,0,1698780.0,azure_vm_real_slice
4299,466200.0,600.0,0.32218921088997016,0.05,0,467580.0,azure_vm_real_slice
4300,1595100.0,2700.0,0.05,0.125,0,1601310.0,azure_vm_real_slice
4301,0.0,2559600.0,0.2691126082288369,0.0625,0,5887080.0,azure_vm_real_slice
4302,1956300.0,300.0,0.05,0.0625,0,1956990.0,azure_vm_real_slice
4303,0.0,300.0,0.05,0.0625,0,690.0,azure_vm_real_slice
4304,0.0,2591400.0,0.3608966086816347,0.125,1,5312370.0,azure_vm_real_slice
4305,1680300.0,600.0,0.34695549238171325,0.5,0,1681680.0,azure_vm_real_slice
4306,1455000.0,19800.0,0.2850719382492388,0.0625,0,1500540.0,azure_vm_real_slice
4307,1167900.0,3300.0,0.1546726976742482,0.125,0,1175490.0,azure_vm_real_slice
4308,1440900.0,1500.0,0.05,0.0625,0,1444350.0,azure_vm_real_slice
4309,1357800.0,1200.0,0.08886887348811082,0.125,0,1360560.0,azure_vm_real_slice
4310,0.0,300.0,0.05,0.5,2,540.0,azure_vm_real_slice
4311,1769100.0,1800.0,0.05,0.5,0,1773240.0,azure_vm_real_slice
4312,1417500.0,300.0,0.05,0.0625,0,1418190.0,azure_vm_real_slice
4313,0.0,2591400.0,0.3264080342233936,0.0625,0,5960220.0,azure_vm_real_slice
4314,0.0,300.0,0.05609684812200145,0.125,0,690.0,azure_vm_real_slice
4315,1356600.0,600.0,0.1032705494768217,0.05,0,1357980.0,azure_vm_real_slice
4316,251400.0,1500.0,0.21337882967149657,0.125,0,254850.0,azure_vm_real_slice
4317,0.0,900.0,0.4019284409149813,0.125,1,1844.9999999999998,azure_vm_real_slice
4318,1556400.0,2400.0,0.37688521874056,0.125,1,1561320.0,azure_vm_real_slice
4319,0.0,300.0,0.2484555464313838,0.125,0,690.0,azure_vm_real_slice
4320,0.0,2400.0,0.05,0.0625,0,5520.0,azure_vm_real_slice
4321,178800.0,3900.0,0.06445923204394559,0.5,2,185820.0,azure_vm_real_slice
4322,0.0,2591400.0,0.07420099326797426,0.0625,0,5960220.0,azure_vm_real_slice
4323,406800.0,1500.0,0.05,0.5,0,410250.0,azure_vm_real_slice
4324,1709700.0,3000.0,0.05,0.0625,0,1716600.0,azure_vm_real_slice
4325,1376100.0,4200.0,0.341228059655113,0.125,0,1385760.0,azure_vm_real_slice
4326,883200.0,4800.0,0.6439638581606494,0.125,1,893040.0,azure_vm_real_slice
4327,1627800.0,1500.0,0.13881383579380827,0.05,0,1631250.0,azure_vm_real_slice
4328,956400.0,69300.0,0.07174948792655045,0.5,0,1115790.0,azure_vm_real_slice
4329,947400.0,900.0,0.13238010508037903,0.125,0,949470.0,azure_vm_real_slice
4330,1500.0,33000.0,0.5165164328228901,0.5,2,60899.99999999999,azure_vm_real_slice
4331,121200.0,600.0,0.08227178684987047,0.125,0,122580.0,azure_vm_real_slice
4332,915600.0,3300.0,0.41735676530096455,0.05,1,922365.0,azure_vm_real_slice
4333,1660500.0,600.0,0.1162633435529437,0.125,0,1661880.0,azure_vm_real_slice
4334,0.0,900.0,0.05,0.125,0,2070.0,azure_vm_real_slice
4335,0.0,2591400.0,0.06058508073783171,0.05,0,5960220.0,azure_vm_real_slice
4336,1685400.0,300.0,0.16505528405862768,0.125,0,1686090.0,azure_vm_real_slice
4337,0.0,7200.0,0.16681998332231424,0.125,0,16560.0,azure_vm_real_slice
4338,0.0,600.0,0.0901865614062765,0.125,0,1380.0,azure_vm_real_slice
4339,1077300.0,900.0,0.05,0.125,0,1079370.0,azure_vm_real_slice
4340,1834200.0,198900.0,0.05,0.125,0,2291670.0,azure_vm_real_slice
4341,64200.0,2100.0,0.7722576207200303,0.125,2,67980.0,azure_vm_real_slice
4342,289500.0,600.0,0.29701736570976717,0.125,0,290880.0,azure_vm_real_slice
4343,1285500.0,300.0,0.05,0.0625,0,1286190.0,azure_vm_real_slice
4344,703200.0,4800.0,0.053819718284787176,0.125,0,714240.0,azure_vm_real_slice
4345,1002300.0,900.0,0.08042723872740584,0.125,0,1004370.0,azure_vm_real_slice
4346,1925700.0,300.0,0.05,0.5,0,1926390.0,azure_vm_real_slice
4347,500100.0,300.0,0.06971796122298363,0.0625,0,500790.0,azure_vm_real_slice
4348,1744200.0,6600.0,0.05,0.5,2,1756080.0,azure_vm_real_slice
4349,922200.0,300.0,0.05,0.5,2,922740.0,azure_vm_real_slice
4350,0.0,79800.0,0.7970674943674885,0.5,2,143640.0,azure_vm_real_slice
4351,1149600.0,300.0,0.1909741263712204,0.125,0,1150290.0,azure_vm_real_slice
4352,954300.0,900.0,0.05,0.0625,0,956370.0,azure_vm_real_slice
4353,1769400.0,1500.0,0.05,0.5,0,1772850.0,azure_vm_real_slice
4354,1057800.0,1800.0,0.29984111532395097,0.5,0,1061940.0,azure_vm_real_slice
4355,157800.0,10200.0,0.6606079014754412,0.5,1,178710.0,azure_vm_real_slice
4356,559800.0,900.0,0.11181810148141537,0.0625,0,561870.0,azure_vm_real_slice
4357,0.0,32400.0,0.3538348809352918,0.125,1,66420.0,azure_vm_real_slice
4358,620400.0,2400.0,0.14891016669782062,0.0625,0,625920.0,azure_vm_real_slice
4359,889800.0,1200.0,0.11908171101852696,0.125,0,892560.0,azure_vm_real_slice
4360,0.0,6600.0,0.6332576893848089,0.125,1,13529.999999999998,azure_vm_real_slice
4361,1148400.0,9000.0,0.7784189177106774,0.5,2,1164600.0,azure_vm_real_slice
4362,0.0,300.0,0.31912896256506296,0.05,0,690.0,azure_vm_real_slice
4363,1065000.0,300.0,0.05,0.5,0,1065690.0,azure_vm_real_slice
4364,1198200.0,600.0,0.1259712494881484,0.125,0,1199580.0,azure_vm_real_slice
4365,54600.0,1200.0,0.16477134901404025,0.0625,0,57360.0,azure_vm_real_slice
4366,1087200.0,6000.0,0.6632715908104535,0.125,1,1099500.0,azure_vm_real_slice
4367,517200.0,600.0,0.4865875533528211,0.125,1,518430.0,azure_vm_real_slice
4368,54900.0,4500.0,0.05,0.125,0,65250.0,azure_vm_real_slice
4369,0.0,4200.0,0.6598061917022364,0.125,1,8610.0,azure_vm_real_slice
4370,1700400.0,300.0,0.05,0.5,2,1700940.0,azure_vm_real_slice
4371,1971000.0,62100.0,0.05,0.05,0,2113830.0,azure_vm_real_slice
4372,630900.0,4500.0,0.5067984394924209,0.125,1,640125.0,azure_vm_real_slice
4373,0.0,146100.0,0.05,0.125,0,336030.0,azure_vm_real_slice
4374,651300.0,300.0,0.06264590533921795,0.0625,0,651990.0,azure_vm_real_slice
4375,1711500.0,29100.0,0.07460948653834554,0.5,0,1778430.0,azure_vm_real_slice
4376,0.0,300.0,0.05,0.125,0,690.0,azure_vm_real_slice
4377,0.0,300.0,0.19081115131437726,0.5,0,690.0,azure_vm_real_slice
4378,1062900.0,600.0,0.12613659066491592,0.125,0,1064280.0,azure_vm_real_slice
4379,2013900.0,300.0,0.0777978392802756,0.125,0,2014590.0,azure_vm_real_slice
4380,1807800.0,1200.0,0.05,0.125,0,1810560.0,azure_vm_real_slice
4381,1296600.0,300.0,0.05,0.125,0,1297290.0,azure_vm_real_slice
4382,724800.0,300.0,0.2110874405728563,0.125,0,725490.0,azure_vm_real_slice
4383,570000.0,2700.0,0.05,0.5,0,576210.0,azure_vm_real_slice
4384,0.0,900.0,0.7160047106991325,0.5,1,1844.9999999999998,azure_vm_real_slice
4385,1710900.0,300.0,0.055194197028451956,0.125,0,1711590.0,azure_vm_real_slice
4386,1147800.0,300.0,0.05,0.125,0,1148490.0,azure_vm_real_slice
4387,413400.0,300.0,0.05,0.5,0,414090.0,azure_vm_real_slice
4388,480300.0,300.0,0.06215448196541724,0.125,0,480990.0,azure_vm_real_slice
4389,62400.0,300.0,0.05,0.125,0,63090.0,azure_vm_real_slice
4390,271500.0,65100.0,0.3769607838187437,0.05,1,404955.0,azure_vm_real_slice
4391,30300.0,1200.0,0.544524512754886,0.125,1,32760.0,azure_vm_real_slice
4392,1572000.0,1500.0,0.29348484463643243,0.125,0,1575450.0,azure_vm_real_slice
4393,1668000.0,3600.0,0.19220760020833794,0.125,0,1676280.0,azure_vm_real_slice
4394,899700.0,1200.0,0.05,0.0625,0,902460.0,azure_vm_real_slice
4395,630000.0,88200.0,0.25403433901136363,0.0625,0,832860.0,azure_vm_real_slice
4396,0.0,2591400.0,0.05,1.0,2,4664520.0,azure_vm_real_slice
4397,695100.0,2700.0,0.40334783008664404,0.125,1,700635.0,azure_vm_real_slice
4398,432900.0,600.0,0.05,0.125,0,434280.0,azure_vm_real_slice
4399,0.0,3600.0,0.05,0.125,0,8280.0,azure_vm_real_slice
4400,1356600.0,600.0,0.14141481925414207,0.125,0,1357980.0,azure_vm_real_slice
4401,1909800.0,300.0,0.05,0.5,0,1910490.0,azure_vm_real_slice
4402,20100.0,300.0,0.05,0.5,0,20790.0,azure_vm_real_slice
4403,743100.0,6000.0,0.10198462922716381,0.05,0,756900.0,azure_vm_real_slice
4404,0.0,300.0,0.0855642654696901,0.125,0,690.0,azure_vm_real_slice
4405,1844100.0,7200.0,0.39845465135974806,0.125,1,1858860.0,azure_vm_real_slice
4406,0.0,1500.0,0.1502314964053605,0.125,0,3449.9999999999995,azure_vm_real_slice
4407,878100.0,300.0,0.15626689429170662,0.05,0,878790.0,azure_vm_real_slice
4408,0.0,2591400.0,0.06405635079993653,0.0625,0,5960220.0,azure_vm_real_slice
4409,1822800.0,2700.0,0.532047137829693,0.05,1,1828335.0,azure_vm_real_slice
4410,1544100.0,489000.0,0.05,0.0625,0,2668800.0,azure_vm_real_slice
4411,217800.0,271500.0,0.06087431063422688,0.125,0,842250.0,azure_vm_real_slice
4412,0.0,300.0,0.05,0.125,0,690.0,azure_vm_real_slice
4413,0.0,600.0,0.38631658124082,0.125,1,1230.0,azure_vm_real_slice
4414,262500.0,600.0,0.05879935091571311,0.125,0,263880.0,azure_vm_real_slice
4415,728100.0,37500.0,0.36954250054269233,0.125,1,804975.0,azure_vm_real_slice
4416,1544100.0,300.0,0.05,0.125,0,1544790.0,azure_vm_real_slice
4417,0.0,2591400.0,0.24510715637755345,0.0625,0,5960220.0,azure_vm_real_slice
4418,88200.0,74700.0,0.7959482050260724,0.5,2,222660.0,azure_vm_real_slice
4419,1191900.0,600.0,0.05,0.5,0,1193280.0,azure_vm_real_slice
4420,1156800.0,60000.0,0.05,0.0625,0,1294800.0,azure_vm_real_slice
4421,1125300.0,300.0,0.09081055745421354,0.5,0,1125990.0,azure_vm_real_slice
4422,0.0,2591400.0,0.05,0.05,0,5960220.0,azure_vm_real_slice
4423,1856400.0,900.0,0.05,0.125,0,1858470.0,azure_vm_real_slice
4424,0.0,1800.0,0.05,0.5,2,3239.9999999999995,azure_vm_real_slice
4425,1629300.0,900.0,0.09881790218649154,0.125,0,1631370.0,azure_vm_real_slice
4426,1021500.0,300.0,0.2472638895186687,0.125,0,1022190.0,azure_vm_real_slice
4427,0.0,300.0,0.38038271424966374,0.0625,1,615.0,azure_vm_real_slice
4428,207300.0,5100.0,0.29620033486525726,0.05,0,219030.0,azure_vm_real_slice
4429,171300.0,53400.0,0.07797267838664929,0.5,2,267420.0,azure_vm_real_slice
4430,0.0,1040400.0,0.05,0.125,0,2392920.0,azure_vm_real_slice
4431,0.0,900.0,0.05,0.5,0,2070.0,azure_vm_real_slice
4432,1320600.0,300.0,0.33597749198243887,0.125,0,1321290.0,azure_vm_real_slice
4433,27600.0,300.0,0.05,0.5,0,28290.0,azure_vm_real_slice
4434,833100.0,300.0,0.05,0.5,0,833790.0,azure_vm_real_slice
4435,1042200.0,24900.0,0.05865627671294805,0.125,0,1099470.0,azure_vm_real_slice
4436,729900.0,300.0,0.05,0.125,0,730590.0,azure_vm_real_slice
4437,0.0,651900.0,0.16381164425647296,0.0625,0,1499370.0,azure_vm_real_slice
4438,0.0,600.0,0.06624847415881348,0.125,0,1380.0,azure_vm_real_slice
4439,0.0,2591400.0,0.05716961272139529,0.05,0,5960220.0,azure_vm_real_slice
4440,0.0,2591400.0,0.09997157758541383,0.5,0,5960220.0,azure_vm_real_slice
4441,0.0,3900.0,0.24580988738758464,0.0625,0,8970.0,azure_vm_real_slice
4442,1829100.0,900.0,0.1877182532247698,0.125,0,1831170.0,azure_vm_real_slice
4443,0.0,900.0,0.25627918924855,0.05,0,2070.0,azure_vm_real_slice
4444,0.0,4800.0,0.6828098271607241,0.5,1,9840.0,azure_vm_real_slice
4445,0.0,4500.0,0.482575325345806,0.0625,1,9225.0,azure_vm_real_slice
4446,1070100.0,35100.0,0.34118669428446374,0.125,0,1150830.0,azure_vm_real_slice
4447,0.0,300.0,0.05,0.125,0,690.0,azure_vm_real_slice
4448,0.0,2591400.0,0.0874321979120052,0.05,0,5960220.0,azure_vm_real_slice
4449,0.0,6300.0,0.06602002867018485,0.0625,0,14489.999999999998,azure_vm_real_slice
4450,961500.0,1800.0,0.05,0.5,0,965640.0,azure_vm_real_slice
4451,684300.0,1200.0,0.3793038747658569,0.05,1,686760.0,azure_vm_real_slice
4452,346500.0,600.0,0.07792815680761604,0.0625,0,347880.0,azure_vm_real_slice
4453,157500.0,17100.0,0.49181366330299603,0.0625,1,192555.0,azure_vm_real_slice
4454,0.0,2591400.0,0.05,0.125,0,5960220.0,azure_vm_real_slice
4455,1576200.0,600.0,0.3524921046163183,0.05,1,1577430.0,azure_vm_real_slice
4456,128400.0,2100.0,0.41047421551131025,0.125,1,132705.0,azure_vm_real_slice
4457,1250700.0,5100.0,0.05,0.5,2,1259880.0,azure_vm_real_slice
4458,704400.0,300.0,0.05,0.5,0,705090.0,azure_vm_real_slice
4459,0.0,2591400.0,0.1083549526860528,0.05,0,5960220.0,azure_vm_real_slice
4460,1270500.0,7800.0,0.7742751044718277,0.5,2,1284540.0,azure_vm_real_slice
4461,543900.0,3900.0,0.327007020368354,0.125,0,552870.0,azure_vm_real_slice
4462,0.0,300.0,0.05,0.5,0,690.0,azure_vm_real_slice
4463,463500.0,900.0,0.1616958412886516,0.0625,0,465570.0,azure_vm_real_slice
4464,1105800.0,600.0,0.06585530970720538,0.125,0,1107180.0,azure_vm_real_slice
4465,0.0,900.0,0.05,0.5,0,2070.0,azure_vm_real_slice
4466,0.0,2591400.0,0.05,0.0625,0,5960220.0,azure_vm_real_slice
4467,731400.0,2400.0,0.06580145288295706,0.0625,0,736920.0,azure_vm_real_slice
4468,0.0,900.0,0.14596504667629218,0.125,0,2070.0,azure_vm_real_slice
4469,1246500.0,7500.0,0.05,0.5,2,1260000.0,azure_vm_real_slice
4470,803100.0,3000.0,0.05,0.0625,0,810000.0,azure_vm_real_slice
4471,636000.0,5100.0,0.19042242308008825,0.125,0,647730.0,azure_vm_real_slice
4472,1653600.0,600.0,0.05,0.125,0,1654980.0,azure_vm_real_slice
4473,856500.0,600.0,0.05,0.5,0,857880.0,azure_vm_real_slice
4474,0.0,300.0,0.33263658761986614,0.05,0,690.0,azure_vm_real_slice
4475,0.0,900.0,0.19817699350615936,0.0625,0,2070.0,azure_vm_real_slice
4476,913200.0,26100.0,0.058580404699762195,0.125,0,973230.0,azure_vm_real_slice
4477,1769100.0,2100.0,0.05,0.5,0,1773930.0,azure_vm_real_slice
4478,81000.0,1200.0,0.05,0.5,0,83760.0,azure_vm_real_slice
4479,1882200.0,900.0,0.05,0.5,0,1884270.0,azure_vm_real_slice
4480,1662000.0,41700.0,0.06749565553809328,0.125,0,1757910.0,azure_vm_real_slice
4481,0.0,5700.0,0.07911405991332744,0.0625,0,13109.999999999998,azure_vm_real_slice
4482,960900.0,3900.0,0.15395603603314517,0.5,2,967920.0,azure_vm_real_slice
4483,1083300.0,5400.0,0.05,0.5,2,1093020.0,azure_vm_real_slice
4484,781800.0,1200.0,0.29264107792798694,0.125,0,784560.0,azure_vm_real_slice
4485,227100.0,1800.0,0.05,0.5,0,231240.0,azure_vm_real_slice
4486,44700.0,2400.0,0.09613666929737441,0.0625,0,50220.0,azure_vm_real_slice
4487,1811700.0,900.0,0.05,0.125,0,1813770.0,azure_vm_real_slice
4488,0.0,2100.0,0.18543753920093972,0.5,0,4830.0,azure_vm_real_slice
4489,1841400.0,600.0,0.05,0.5,0,1842780.0,azure_vm_real_slice
4490,621600.0,300.0,0.05,0.5,2,622140.0,azure_vm_real_slice
4491,1757400.0,300.0,0.19790979284970472,0.125,0,1758090.0,azure_vm_real_slice
4492,51300.0,900.0,0.05,0.125,0,53370.0,azure_vm_real_slice
4493,1569900.0,52800.0,0.41224458329287444,0.0625,1,1678140.0,azure_vm_real_slice
4494,0.0,2591400.0,0.08871423807995386,0.05,0,5960220.0,azure_vm_real_slice
4495,0.0,2591400.0,0.09068596326091344,0.05,0,5960220.0,azure_vm_real_slice
4496,1983900.0,49200.0,0.1553196573747062,0.5,0,2097060.0,azure_vm_real_slice
4497,522000.0,12300.0,0.13335678954527178,0.0625,0,550290.0,azure_vm_real_slice
4498,0.0,1800.0,0.05,0.0625,0,4140.0,azure_vm_real_slice
4499,1209600.0,300.0,0.05,0.5,0,1210290.0,azure_vm_real_slice
4500,1766100.0,1200.0,0.35624032033803293,0.125,1,1768560.0,azure_vm_real_slice
4501,44400.0,30600.0,0.44451509253230803,0.05,1,107130.0,azure_vm_real_slice
4502,209100.0,600.0,0.05,0.125,0,210480.0,azure_vm_real_slice
4503,1959000.0,1200.0,0.34747334643697925,0.05,0,1961760.0,azure_vm_real_slice
4504,2004600.0,900.0,0.20278619952446633,0.0625,0,2006670.0,azure_vm_real_slice
4505,1080900.0,5100.0,0.5290163222635291,0.125,1,1091355.0,azure_vm_real_slice
4506,0.0,2591400.0,0.05,0.125,0,5960220.0,azure_vm_real_slice
4507,1246800.0,900.0,0.05,0.125,0,1248870.0,azure_vm_real_slice
4508,0.0,6600.0,0.6895511875165699,0.125,1,13529.999999999998,azure_vm_real_slice
4509,0.0,2591400.0,0.07234035492337687,0.0625,0,5960220.0,azure_vm_real_slice
4510,1007400.0,300.0,0.05,0.5,2,1007940.0,azure_vm_real_slice
4511,50100.0,300.0,0.1926516316013445,0.5,0,50790.0,azure_vm_real_slice
4512,0.0,300.0,0.05,0.125,0,690.0,azure_vm_real_slice
4513,1880400.0,2100.0,0.17845733425670784,0.5,0,1885230.0,azure_vm_real_slice
4514,583800.0,600.0,0.05,0.5,0,585180.0,azure_vm_real_slice
4515,1235400.0,600.0,0.4770312121609323,0.0625,1,1236630.0,azure_vm_real_slice
4516,1782000.0,300.0,0.162326154106724,0.125,0,1782690.0,azure_vm_real_slice
4517,1866300.0,300.0,0.05,0.125,0,1866990.0,azure_vm_real_slice
4518,1755000.0,1800.0,0.05,0.5,0,1759140.0,azure_vm_real_slice
4519,1455300.0,600.0,0.11283217693383295,0.125,0,1456680.0,azure_vm_real_slice
4520,1430400.0,219600.0,0.05,0.125,0,1935480.0,azure_vm_real_slice
4521,0.0,54000.0,0.4853682734651909,0.125,1,110699.99999999999,azure_vm_real_slice
4522,556200.0,2400.0,0.7218985258082131,0.125,1,561120.0,azure_vm_real_slice
4523,1086000.0,9600.0,0.3212991826852999,0.05,0,1108080.0,azure_vm_real_slice
4524,260700.0,1500.0,0.05,0.5,0,264150.0,azure_vm_real_slice
4525,728700.0,20700.0,0.237427442746156,0.5,0,776310.0,azure_vm_real_slice
4526,771600.0,600.0,0.051992430281759615,0.5,0,772980.0,azure_vm_real_slice
4527,226500.0,300.0,0.05,0.5,0,227190.0,azure_vm_real_slice
4528,0.0,300.0,0.3363000993340461,0.05,0,690.0,azure_vm_real_slice
4529,980400.0,300.0,0.05,0.5,0,981090.0,azure_vm_real_slice
4530,1069200.0,1800.0,0.0548900117467501,0.125,0,1073340.0,azure_vm_real_slice
4531,1191600.0,300.0,0.05,0.0625,0,1192290.0,azure_vm_real_slice
4532,1202700.0,3000.0,0.4996352183335357,0.125,1,1208850.0,azure_vm_real_slice
4533,102000.0,600.0,0.10537740934893373,0.125,0,103380.0,azure_vm_real_slice
4534,1541100.0,1800.0,0.3737320314382022,0.05,1,1544790.0,azure_vm_real_slice
4535,883800.0,6300.0,0.08827619170553444,0.05,0,898290.0,azure_vm_real_slice
4536,0.0,48600.0,0.05,0.125,0,111779.99999999999,azure_vm_real_slice
4537,0.0,300.0,0.059373308783863224,0.5,0,690.0,azure_vm_real_slice
4538,0.0,600.0,0.05542262402472667,0.125,0,1380.0,azure_vm_real_slice
4539,1146900.0,1200.0,0.16733917978890425,0.05,0,1149660.0,azure_vm_real_slice
4540,2004000.0,600.0,0.05,0.5,0,2005380.0,azure_vm_real_slice
4541,398700.0,600.0,0.05,0.5,0,400080.0,azure_vm_real_slice
4542,1362300.0,300.0,0.07780210800010576,0.5,2,1362840.0,azure_vm_real_slice
4543,680400.0,1500.0,0.4194332968040839,0.0625,1,683475.0,azure_vm_real_slice
4544,0.0,6600.0,0.2421407227302087,0.125,0,15179.999999999998,azure_vm_real_slice
4545,2015700.0,17400.0,0.08191940060538273,0.5,2,2047020.0,azure_vm_real_slice
4546,1015500.0,300.0,0.05,0.0625,0,1016190.0,azure_vm_real_slice
4547,1100100.0,300.0,0.25369622441672957,0.05,0,1100790.0,azure_vm_real_slice
4548,1886400.0,300.0,0.35592705850483497,0.0625,1,1887015.0,azure_vm_real_slice
4549,951600.0,300.0,0.06678574186907604,0.5,0,952290.0,azure_vm_real_slice
4550,0.0,2700.0,0.05,0.5,0,6209.999999999999,azure_vm_real_slice
4551,163500.0,300.0,0.05,0.5,0,164190.0,azure_vm_real_slice
4552,996900.0,21300.0,0.6100099941454076,0.125,1,1040565.0,azure_vm_real_slice
4553,744300.0,300.0,0.08936504716654659,0.125,0,744990.0,azure_vm_real_slice
4554,1322400.0,600.0,0.22410454788068146,0.5,0,1323780.0,azure_vm_real_slice
4555,1575300.0,1800.0,0.05,0.0625,0,1579440.0,azure_vm_real_slice
4556,270900.0,600.0,0.1294556074146599,0.125,0,272280.0,azure_vm_real_slice
4557,1937400.0,6000.0,0.24929776056523764,0.125,0,1951200.0,azure_vm_real_slice
4558,1880100.0,900.0,0.05,0.125,0,1882170.0,azure_vm_real_slice
4559,1742400.0,1200.0,0.12128031208154823,0.125,0,1745160.0,azure_vm_real_slice
4560,1726200.0,1800.0,0.05,0.5,0,1730340.0,azure_vm_real_slice
4561,1462800.0,2700.0,0.06446696572113818,1.0,2,1467660.0,azure_vm_real_slice
4562,0.0,600.0,0.05,0.5,0,1380.0,azure_vm_real_slice
4563,1280100.0,4200.0,0.05,1.0,2,1287660.0,azure_vm_real_slice
4564,1536900.0,600.0,0.13000360711792142,0.0625,0,1538280.0,azure_vm_real_slice
4565,0.0,300.0,0.05,0.0625,0,690.0,azure_vm_real_slice
4566,1154400.0,4200.0,0.5052395081668292,0.125,1,1163010.0,azure_vm_real_slice
4567,0.0,3600.0,0.6275336411816408,0.05,1,7379.999999999999,azure_vm_real_slice
4568,0.0,2100.0,0.19464777371601266,0.5,0,4830.0,azure_vm_real_slice
4569,1995600.0,37500.0,0.05,0.5,0,2081850.0,azure_vm_real_slice
4570,85500.0,18300.0,0.10220431006299012,0.5,2,118440.0,azure_vm_real_slice
4571,878400.0,7200.0,0.0631292642215597,0.5,2,891360.0,azure_vm_real_slice
4572,544200.0,12000.0,0.3435793958125187,0.125,0,571800.0,azure_vm_real_slice
4573,320700.0,1200.0,0.1040974049028293,0.125,0,323460.0,azure_vm_real_slice
4574,0.0,300.0,0.10653949643960338,0.125,0,690.0,azure_vm_real_slice
4575,160500.0,300.0,0.26737464123894894,0.0625,0,161190.0,azure_vm_real_slice
4576,0.0,2591400.0,0.05,0.5,0,5960220.0,azure_vm_real_slice
4577,0.0,2591400.0,0.05,0.5,0,5960220.0,azure_vm_real_slice
4578,873300.0,12600.0,0.05,0.5,0,902280.0,azure_vm_real_slice
4579,2006100.0,900.0,0.062456350707061646,0.125,0,2008170.0,azure_vm_real_slice
4580,0.0,2591400.0,0.39026086798258064,0.5,1,5312370.0,azure_vm_real_slice
4581,256800.0,300.0,0.05,0.125,0,257490.0,azure_vm_real_slice
4582,0.0,2100.0,0.05,0.5,0,4830.0,azure_vm_real_slice
4583,0.0,2591400.0,0.0673650282717126,0.0625,0,5960220.0,azure_vm_real_slice
4584,1990800.0,600.0,0.05,0.5,0,1992180.0,azure_vm_real_slice
4585,0.0,12600.0,0.12254227924828202,0.125,0,28979.999999999996,azure_vm_real_slice
4586,457800.0,1200.0,0.20156347777590544,0.05,0,460560.0,azure_vm_real_slice
4587,405300.0,2400.0,0.07302213787268935,0.125,0,410820.0,azure_vm_real_slice
4588,978300.0,900.0,0.05,0.5,0,980370.0,azure_vm_real_slice
4589,994200.0,7800.0,0.09786334579346102,0.5,2,1008240.0,azure_vm_real_slice
4590,1648500.0,21900.0,0.05,1.0,2,1687920.0,azure_vm_real_slice
4591,626100.0,1500.0,0.05,0.5,0,629550.0,azure_vm_real_slice
4592,0.0,2591400.0,0.17596283150501216,0.0625,0,5960220.0,azure_vm_real_slice
4593,843900.0,300.0,0.05,0.125,0,844590.0,azure_vm_real_slice
4594,2026500.0,6600.0,0.15935531844284728,0.5,0,2041680.0,azure_vm_real_slice
4595,108600.0,2400.0,0.05,0.5,0,114120.0,azure_vm_real_slice
4596,0.0,600.0,0.10290696499956857,0.125,0,1380.0,azure_vm_real_slice
4597,162000.0,1800.0,0.08488193630538493,1.0,2,165240.0,azure_vm_real_slice
4598,1499700.0,533400.0,0.08646419744528014,0.05,0,2726520.0,azure_vm_real_slice
4599,1705500.0,56100.0,0.17275604824646532,0.0625,0,1834530.0,azure_vm_real_slice
4600,40800.0,79200.0,0.20530467657866133,0.0625,0,222960.0,azure_vm_real_slice
4601,517200.0,46800.0,0.2717700189516723,0.0625,0,624840.0,azure_vm_real_slice
4602,362700.0,300.0,0.066167107532649,0.125,0,363390.0,azure_vm_real_slice
4603,1702500.0,3600.0,0.41894939599367653,0.125,1,1709880.0,azure_vm_real_slice
4604,1868400.0,600.0,0.09973310991408425,0.125,0,1869780.0,azure_vm_real_slice
4605,0.0,2591400.0,0.26272737357208564,0.125,0,5960220.0,azure_vm_real_slice
4606,0.0,2591400.0,0.07318376807187756,0.5,2,4664520.0,azure_vm_real_slice
4607,443100.0,300.0,0.05,0.5,2,443640.0,azure_vm_real_slice
4608,477000.0,81600.0,0.08739056243495974,0.5,2,623880.0,azure_vm_real_slice
4609,0.0,300.0,0.05,0.125,0,690.0,azure_vm_real_slice
4610,1937100.0,300.0,0.1525603074283713,0.125,0,1937790.0,azure_vm_real_slice
4611,973800.0,106500.0,0.11065452777127176,1.0,2,1165500.0,azure_vm_real_slice
4612,1974900.0,1800.0,0.05,0.125,0,1979040.0,azure_vm_real_slice
4613,1298400.0,600.0,0.05,1.0,2,1299480.0,azure_vm_real_slice
4614,0.0,2400.0,0.05,0.5,0,5520.0,azure_vm_real_slice
4615,1345800.0,600.0,0.05,0.5,0,1347180.0,azure_vm_real_slice
4616,1393500.0,1800.0,0.721258237646222,0.125,1,1397190.0,azure_vm_real_slice
4617,727200.0,4800.0,0.05,0.125,0,738240.0,azure_vm_real_slice
4618,1299300.0,300.0,0.09464462953451816,0.125,0,1299990.0,azure_vm_real_slice
4619,0.0,3300.0,0.22432801014141926,0.5,0,7589.999999999999,azure_vm_real_slice
4620,1399500.0,61800.0,0.4474813535843439,0.05,1,1526190.0,azure_vm_real_slice
4621,509700.0,42900.0,0.05302667713873453,0.125,0,608370.0,azure_vm_real_slice
4622,1707000.0,1200.0,0.05,0.125,0,1709760.0,azure_vm_real_slice
4623,0.0,2591400.0,0.05,0.125,0,5960220.0,azure_vm_real_slice
4624,1788900.0,2100.0,0.05,0.0625,0,1793730.0,azure_vm_real_slice
4625,1257600.0,78600.0,0.05,0.5,0,1438380.0,azure_vm_real_slice
4626,92400.0,318600.0,0.06085724127381227,0.125,0,825180.0,azure_vm_real_slice
4627,1018500.0,1200.0,0.13659040078757012,0.125,0,1021260.0,azure_vm_real_slice
4628,0.0,600.0,0.39095048125026044,0.0625,1,1230.0,azure_vm_real_slice
4629,761700.0,8700.0,0.07173605500165285,0.05,0,781710.0,azure_vm_real_slice
4630,234900.0,7500.0,0.0694293128843256,0.5,0,252150.0,azure_vm_real_slice
4631,1103700.0,3600.0,0.5789064707548299,0.05,1,1111080.0,azure_vm_real_slice
4632,633300.0,125100.0,0.05,0.05,0,921030.0,azure_vm_real_slice
4633,1927200.0,1200.0,0.6597588969125522,0.125,1,1929660.0,azure_vm_real_slice
4634,497700.0,600.0,0.06076145857332928,0.125,0,499080.0,azure_vm_real_slice
4635,0.0,2400.0,0.4506625354776,0.05,1,4920.0,azure_vm_real_slice
4636,0.0,244800.0,0.3033172161319072,0.0625,0,563040.0,azure_vm_real_slice
4637,1587900.0,900.0,0.37948737896081775,0.125,1,1589745.0,azure_vm_real_slice
4638,0.0,10500.0,0.7551739271507139,0.5,2,18899.999999999996,azure_vm_real_slice
4639,0.0,300.0,0.05,0.125,0,690.0,azure_vm_real_slice
4640,1749900.0,2100.0,0.05,0.5,0,1754730.0,azure_vm_real_slice
4641,0.0,300.0,0.05,0.05,0,690.0,azure_vm_real_slice
4642,1633800.0,4800.0,0.05,0.5,2,1642440.0,azure_vm_real_slice
4643,0.0,10500.0,0.05,0.5,0,24149.999999999996,azure_vm_real_slice
4644,468300.0,15900.0,0.05,0.5,0,504870.0,azure_vm_real_slice
4645,0.0,600.0,0.05,0.0625,0,1380.0,azure_vm_real_slice
4646,423600.0,50400.0,0.05,0.5,0,539520.0,azure_vm_real_slice
4647,1775400.0,30600.0,0.05967977597160202,1.0,2,1830480.0,azure_vm_real_slice
4648,2022000.0,11100.0,0.05,0.125,0,2047530.0,azure_vm_real_slice
4649,1613400.0,3000.0,0.05,0.5,2,1618800.0,azure_vm_real_slice
4650,0.0,2591400.0,0.1365291803372041,0.05,0,5960220.0,azure_vm_real_slice
4651,580500.0,900.0,0.05229241708190571,0.125,0,582570.0,azure_vm_real_slice
4652,0.0,600.0,0.30940894121545637,0.05,0,1380.0,azure_vm_real_slice
4653,778800.0,18300.0,0.11733704731522604,0.125,0,820890.0,azure_vm_real_slice
4654,2003400.0,5100.0,0.08446590690227755,0.5,2,2012580.0,azure_vm_real_slice
4655,0.0,7800.0,0.079628999210354,0.0625,0,17940.0,azure_vm_real_slice
4656,1000500.0,12300.0,0.05,0.125,0,1028790.0,azure_vm_real_slice
4657,0.0,2591400.0,0.05278140697587941,0.05,0,5960220.0,azure_vm_real_slice
4658,1193400.0,600.0,0.08864220907481206,0.125,0,1194780.0,azure_vm_real_slice
4659,129900.0,300.0,0.08239710744524448,0.125,0,130590.0,azure_vm_real_slice
4660,80700.0,900.0,0.05,0.5,0,82770.0,azure_vm_real_slice
4661,1229700.0,10200.0,0.07440692735233409,0.0625,0,1253160.0,azure_vm_real_slice
4662,1208400.0,900.0,0.05,0.5,0,1210470.0,azure_vm_real_slice
4663,111000.0,600.0,0.1599343384232129,0.125,0,112380.0,azure_vm_real_slice
4664,0.0,23100.0,0.1170192475995549,0.0625,0,53129.99999999999,azure_vm_real_slice
4665,0.0,600.0,0.06902237443620517,0.05,0,1380.0,azure_vm_real_slice
4666,797400.0,300.0,0.3111513502753411,0.5,0,798090.0,azure_vm_real_slice
4667,160200.0,300.0,0.05,0.5,0,160890.0,azure_vm_real_slice
4668,836100.0,300.0,0.32473751130228473,0.05,0,836790.0,azure_vm_real_slice
4669,954600.0,600.0,0.05,0.5,2,955680.0,azure_vm_real_slice
4670,0.0,1500.0,0.05,0.5,0,3449.9999999999995,azure_vm_real_slice
4671,0.0,32400.0,0.3196893904580917,0.05,0,74520.0,azure_vm_real_slice
4672,423000.0,2100.0,0.40570005553949967,0.125,1,427305.0,azure_vm_real_slice
4673,0.0,300.0,0.30910170286281663,0.0625,0,690.0,azure_vm_real_slice
4674,361200.0,600.0,0.09663236583343415,0.125,0,362580.0,azure_vm_real_slice
4675,0.0,2591400.0,0.5336074709398952,0.0625,1,5312370.0,azure_vm_real_slice
4676,0.0,300.0,0.05,0.125,0,690.0,azure_vm_real_slice
4677,1236900.0,300.0,0.05,0.5,0,1237590.0,azure_vm_real_slice
4678,366300.0,300.0,0.05,0.0625,0,366990.0,azure_vm_real_slice
4679,1445700.0,1200.0,0.05,0.125,0,1448460.0,azure_vm_real_slice
4680,0.0,900.0,0.17821034678983858,0.125,0,2070.0,azure_vm_real_slice
4681,795600.0,8700.0,0.35648399293914923,0.5,2,811260.0,azure_vm_real_slice
4682,584400.0,1200.0,0.05,0.5,0,587160.0,azure_vm_real_slice
4683,1826700.0,300.0,0.06525620855547859,0.125,0,1827390.0,azure_vm_real_slice
4684,0.0,2591400.0,0.05,0.05,0,5960220.0,azure_vm_real_slice
4685,0.0,4500.0,0.10664706788148003,0.125,0,10350.0,azure_vm_real_slice
4686,351900.0,38100.0,0.05,0.125,0,439530.0,azure_vm_real_slice
4687,1199700.0,4200.0,0.13402289345278204,0.125,0,1209360.0,azure_vm_real_slice
4688,1704300.0,300.0,0.07238022838277254,0.0625,0,1704990.0,azure_vm_real_slice
4689,0.0,300.0,0.06477582294980375,0.125,0,690.0,azure_vm_real_slice
4690,1207500.0,300.0,0.05,0.5,0,1208190.0,azure_vm_real_slice
4691,1250100.0,2400.0,0.23228794895213625,0.125,0,1255620.0,azure_vm_real_slice
4692,0.0,2591400.0,0.05,0.0625,0,5960220.0,azure_vm_real_slice
4693,1663200.0,6000.0,0.05,0.125,0,1677000.0,azure_vm_real_slice
4694,1266000.0,1800.0,0.05,0.5,0,1270140.0,azure_vm_real_slice
4695,1276800.0,114600.0,0.10884436301620307,0.5,0,1540380.0,azure_vm_real_slice
4696,0.0,600.0,0.13464472631813082,0.5,0,1380.0,azure_vm_real_slice
4697,1786200.0,1800.0,0.5495616047120369,0.125,1,1789890.0,azure_vm_real_slice
4698,0.0,3000.0,0.23469073799774035,0.0625,0,6899.999999999999,azure_vm_real_slice
4699,1671600.0,600.0,0.055967466749238776,0.5,0,1672980.0,azure_vm_real_slice
4700,0.0,1800.0,0.1255349787436745,0.125,0,4140.0,azure_vm_real_slice
4701,0.0,10800.0,0.0708248380728041,0.5,0,24839.999999999996,azure_vm_real_slice
4702,1368600.0,8100.0,0.14980392081498334,0.125,0,1387230.0,azure_vm_real_slice
4703,0.0,2591400.0,0.05,0.05,0,5960220.0,azure_vm_real_slice
4704,0.0,1200.0,0.06412590362555522,0.5,0,2760.0,azure_vm_real_slice
4705,1194300.0,600.0,0.05997678458614355,0.125,0,1195680.0,azure_vm_real_slice
4706,1945500.0,3000.0,0.4651762150426719,0.05,1,1951650.0,azure_vm_real_slice
4707,1286100.0,300.0,0.05,0.5,0,1286790.0,azure_vm_real_slice
4708,0.0,2591400.0,0.05,0.05,0,5960220.0,azure_vm_real_slice
4709,365100.0,29700.0,0.11291199778045552,0.5,2,418560.0,azure_vm_real_slice
4710,8400.0,300.0,0.05,0.5,2,8940.0,azure_vm_real_slice
4711,1524000.0,300.0,0.05,0.125,0,1524690.0,azure_vm_real_slice
4712,0.0,182400.0,0.27115727318955324,0.05,0,419519.99999999994,azure_vm_real_slice
4713,1532100.0,53400.0,0.48179481657783624,0.125,1,1641570.0,azure_vm_real_slice
4714,389400.0,300.0,0.05,0.0625,0,390090.0,azure_vm_real_slice
4715,78900.0,27000.0,0.05,0.0625,0,141000.0,azure_vm_real_slice
4716,1260900.0,600.0,0.05,0.5,0,1262280.0,azure_vm_real_slice
4717,1699200.0,600.0,0.058621919054646414,0.125,0,1700580.0,azure_vm_real_slice
4718,751500.0,30300.0,0.15654895378856348,0.125,0,821190.0,azure_vm_real_slice
4719,616200.0,900.0,0.12726200283370917,0.125,0,618270.0,azure_vm_real_slice
4720,667200.0,53400.0,0.1552452001369674,0.0625,0,790020.0,azure_vm_real_slice
4721,217800.0,300.0,0.05,0.125,0,218490.0,azure_vm_real_slice
4722,663900.0,600.0,0.30882597904154635,0.0625,0,665280.0,azure_vm_real_slice
4723,0.0,2591400.0,0.09185108151970957,0.05,0,5960220.0,azure_vm_real_slice
4724,544200.0,300.0,0.05,0.125,0,544890.0,azure_vm_real_slice
4725,0.0,600.0,0.0971282169637609,0.125,0,1380.0,azure_vm_real_slice
4726,0.0,600.0,0.06281168570880787,0.125,0,1380.0,azure_vm_real_slice
4727,0.0,7500.0,0.7001622778745815,0.125,1,15374.999999999998,azure_vm_real_slice
4728,1538100.0,600.0,0.05100718145089506,0.125,0,1539480.0,azure_vm_real_slice
4729,1401000.0,2400.0,0.38828869395903526,0.05,1,1405920.0,azure_vm_real_slice
4730,943200.0,11400.0,0.05,0.5,0,969420.0,azure_vm_real_slice
4731,2400.0,600.0,0.1186904634407857,0.125,0,3780.0,azure_vm_real_slice
4732,0.0,600.0,0.06720594636404459,0.125,0,1380.0,azure_vm_real_slice
4733,0.0,2591400.0,0.08866142322072715,0.05,0,5960220.0,azure_vm_real_slice
4734,0.0,3600.0,0.47299704807649734,0.05,1,7379.999999999999,azure_vm_real_slice
4735,826200.0,600.0,0.05,0.5,0,827580.0,azure_vm_real_slice
4736,1778400.0,1500.0,0.20001567154261798,0.125,0,1781850.0,azure_vm_real_slice
4737,50100.0,300.0,0.05,0.5,0,50790.0,azure_vm_real_slice
4738,1617600.0,266100.0,0.05,0.125,0,2229630.0,azure_vm_real_slice
4739,498900.0,900.0,0.13715225117635765,0.05,0,500970.0,azure_vm_real_slice
4740,1193100.0,300.0,0.05,0.5,0,1193790.0,azure_vm_real_slice
4741,414600.0,900.0,0.07551406974243688,0.125,0,416670.0,azure_vm_real_slice
4742,607800.0,3900.0,0.4209040576066703,0.05,1,615795.0,azure_vm_real_slice
4743,1405200.0,147900.0,0.09611841365456192,0.5,2,1671420.0,azure_vm_real_slice
4744,209400.0,600.0,0.05,0.125,0,210780.0,azure_vm_real_slice
4745,0.0,1537200.0,0.2623020980362059,0.0625,0,3535559.9999999995,azure_vm_real_slice
4746,393300.0,2100.0,0.5430347603602754,0.125,1,397605.0,azure_vm_real_slice
4747,1965300.0,4800.0,0.4589013656020897,0.125,1,1975140.0,azure_vm_real_slice
4748,681300.0,300.0,0.05,0.5,0,681990.0,azure_vm_real_slice
4749,0.0,600.0,0.05,0.0625,0,1380.0,azure_vm_real_slice
4750,980700.0,3900.0,0.19533784244097985,0.5,0,989670.0,azure_vm_real_slice
4751,0.0,1189500.0,0.05,0.125,0,2735850.0,azure_vm_real_slice
4752,51000.0,300.0,0.05,0.125,0,51690.0,azure_vm_real_slice
4753,523500.0,75900.0,0.3080438459906975,0.125,0,698070.0,azure_vm_real_slice
4754,1754100.0,300.0,0.16739523836975434,0.125,0,1754790.0,azure_vm_real_slice
4755,1607400.0,600.0,0.06416104856999184,0.125,0,1608780.0,azure_vm_real_slice
4756,0.0,300.0,0.05,0.125,0,690.0,azure_vm_real_slice
4757,1512900.0,600.0,0.27547116309099207,0.05,0,1514280.0,azure_vm_real_slice
4758,0.0,300.0,0.25883523666386654,0.05,0,690.0,azure_vm_real_slice
4759,0.0,2591400.0,0.07304174384040252,0.125,0,5960220.0,azure_vm_real_slice
4760,1776900.0,21300.0,0.06049635612204795,0.125,0,1825890.0,azure_vm_real_slice
4761,594600.0,27900.0,0.1231149736701121,0.5,2,644820.0,azure_vm_real_slice
4762,1197000.0,300.0,0.07716560340161249,0.125,0,1197690.0,azure_vm_real_slice
4763,1872300.0,52200.0,0.195746250941344,0.5,0,1992360.0,azure_vm_real_slice
4764,0.0,28800.0,0.33532460430299105,0.125,0,66240.0,azure_vm_real_slice
4765,0.0,2591400.0,0.06323872206184876,0.0625,0,5960220.0,azure_vm_real_slice
4766,129900.0,3900.0,0.5785633022912482,0.05,1,137895.0,azure_vm_real_slice
4767,1700700.0,300.0,0.05,0.5,0,1701390.0,azure_vm_real_slice
4768,0.0,900.0,0.05,0.5,0,2070.0,azure_vm_real_slice
4769,1398600.0,900.0,0.05,0.125,0,1400670.0,azure_vm_real_slice
4770,0.0,2700.0,0.05,0.5,0,6209.999999999999,azure_vm_real_slice
4771,1534800.0,1200.0,0.06492598502153978,0.5,2,1536960.0,azure_vm_real_slice
4772,918900.0,300.0,0.05,0.5,0,919590.0,azure_vm_real_slice
4773,2001300.0,8400.0,0.34655295852320067,0.0625,0,2020620.0,azure_vm_real_slice
4774,1179000.0,854100.0,0.14021999665846555,0.5,0,3143430.0,azure_vm_real_slice
4775,253500.0,571500.0,0.05,0.125,0,1567950.0,azure_vm_real_slice
4776,244200.0,1500.0,0.05,0.0625,0,247650.0,azure_vm_real_slice
4777,1742100.0,2100.0,0.05,0.125,0,1746930.0,azure_vm_real_slice
4778,1770000.0,600.0,0.09696437495708315,0.125,0,1771380.0,azure_vm_real_slice
4779,1628100.0,10500.0,0.6632518231818958,0.5,1,1649625.0,azure_vm_real_slice
4780,501000.0,25200.0,0.4819960345618597,0.0625,1,552660.0,azure_vm_real_slice
4781,1914000.0,1500.0,0.05,0.5,0,1917450.0,azure_vm_real_slice
4782,0.0,97800.0,0.10106448403650865,0.05,0,224939.99999999997,azure_vm_real_slice
4783,671100.0,2100.0,0.05,0.0625,0,675930.0,azure_vm_real_slice
4784,0.0,1800.0,0.45481934086083164,0.0625,1,3689.9999999999995,azure_vm_real_slice
4785,1816500.0,94200.0,0.3151497413633719,0.0625,0,2033160.0,azure_vm_real_slice
4786,1606500.0,600.0,0.05,0.5,0,1607880.0,azure_vm_real_slice
4787,699900.0,1200.0,0.08521791599132263,0.125,0,702660.0,azure_vm_real_slice
4788,0.0,1200.0,0.05,0.5,0,2760.0,azure_vm_real_slice
4789,588600.0,7500.0,0.2574170901530902,0.05,0,605850.0,azure_vm_real_slice
4790,0.0,300.0,0.2284984523868525,0.05,0,690.0,azure_vm_real_slice
4791,610800.0,1200.0,0.05,0.5,0,613560.0,azure_vm_real_slice
4792,1237500.0,600.0,0.09566866902784465,0.125,0,1238880.0,azure_vm_real_slice
4793,1858200.0,600.0,0.05,0.5,0,1859580.0,azure_vm_real_slice
4794,0.0,1800.0,0.6216259540502648,0.0625,1,3689.9999999999995,azure_vm_real_slice
4795,210000.0,900.0,0.2531523727219174,0.0625,0,212070.0,azure_vm_real_slice
4796,1459800.0,7500.0,0.05,0.5,0,1477050.0,azure_vm_real_slice
4797,0.0,300.0,0.05,0.5,2,540.0,azure_vm_real_slice
4798,0.0,600.0,0.4747489509925108,0.125,1,1230.0,azure_vm_real_slice
4799,0.0,2591400.0,0.07247362443148879,0.5,0,5960220.0,azure_vm_real_slice
4800,1759200.0,300.0,0.05,0.0625,0,1759890.0,azure_vm_real_slice
4801,0.0,993600.0,0.18763178905964042,0.125,0,2285280.0,azure_vm_real_slice
4802,1348200.0,900.0,0.2109180149198345,0.05,0,1350270.0,azure_vm_real_slice
4803,0.0,2591400.0,0.10294724315112477,0.05,0,5960220.0,azure_vm_real_slice
4804,0.0,113700.0,0.05,0.125,0,261509.99999999997,azure_vm_real_slice
4805,453600.0,1500.0,0.05,0.5,0,457050.0,azure_vm_real_slice
4806,377400.0,2100.0,0.1327249650017189,0.5,0,382230.0,azure_vm_real_slice
4807,545700.0,300.0,0.05,0.5,0,546390.0,azure_vm_real_slice
4808,0.0,600.0,0.05,0.125,0,1380.0,azure_vm_real_slice
4809,709800.0,266100.0,0.5399496720885312,0.5,2,1188780.0,azure_vm_real_slice
4810,556500.0,6600.0,0.503894930454997,0.125,1,570030.0,azure_vm_real_slice
4811,623100.0,300.0,0.07044369562428289,0.125,0,623790.0,azure_vm_real_slice
4812,410100.0,1623000.0,0.05,0.0625,0,4142999.9999999995,azure_vm_real_slice
4813,553500.0,600.0,0.05,0.5,0,554880.0,azure_vm_real_slice
4814,1578300.0,4800.0,0.2367765425722797,1.0,2,1586940.0,azure_vm_real_slice
4815,1493100.0,1800.0,0.3439246268698215,0.0625,0,1497240.0,azure_vm_real_slice
4816,1419600.0,600.0,0.07912446067969324,0.5,0,1420980.0,azure_vm_real_slice
4817,470100.0,1500.0,0.18919928297807398,1.0,2,472800.0,azure_vm_real_slice
4818,0.0,300.0,0.05,0.125,0,690.0,azure_vm_real_slice
4819,399900.0,2100.0,0.07077940494759355,0.125,0,404730.0,azure_vm_real_slice
4820,1303800.0,729300.0,0.05672119987778288,0.05,0,2981190.0,azure_vm_real_slice
4821,0.0,2100.0,0.05,0.5,0,4830.0,azure_vm_real_slice
4822,707100.0,1800.0,0.05,0.5,0,711240.0,azure_vm_real_slice
4823,327300.0,30300.0,0.17498589862461145,0.0625,0,396990.0,azure_vm_real_slice
4824,0.0,2591400.0,0.05,0.0625,0,5960220.0,azure_vm_real_slice
4825,1368300.0,1800.0,0.05,0.5,0,1372440.0,azure_vm_real_slice
4826,905100.0,900.0,0.5783666293871338,0.5,1,906945.0,azure_vm_real_slice
4827,1300500.0,900.0,0.05,0.125,0,1302570.0,azure_vm_real_slice
4828,1570800.0,2100.0,0.4271177142954537,0.05,1,1575105.0,azure_vm_real_slice
4829,1740300.0,2100.0,0.5341859477318842,0.0625,1,1744605.0,azure_vm_real_slice
4830,792900.0,4500.0,0.6408535269239505,0.05,1,802125.0,azure_vm_real_slice
4831,998700.0,3300.0,0.4046497598361058,0.05,1,1005465.0,azure_vm_real_slice
4832,45900.0,900.0,0.23977159968664125,0.0625,0,47970.0,azure_vm_real_slice
4833,1940400.0,92700.0,0.47837675725246115,0.05,1,2130435.0,azure_vm_real_slice
4834,1947600.0,85500.0,0.36842887841752164,0.125,1,2122875.0,azure_vm_real_slice
4835,396300.0,3600.0,0.5354248936044526,0.125,1,403680.0,azure_vm_real_slice
4836,634800.0,27900.0,0.40750848940657947,0.125,1,691995.0,azure_vm_real_slice
4837,958500.0,900.0,0.14967871979646563,0.5,2,960120.0,azure_vm_real_slice
4838,0.0,237900.0,0.3918182815337268,0.0625,1,487694.99999999994,azure_vm_real_slice
4839,897300.0,300.0,0.05,0.5,0,897990.0,azure_vm_real_slice
4840,315000.0,931800.0,0.06040237903736258,0.5,0,2458140.0,azure_vm_real_slice
4841,895200.0,3300.0,0.4814314847042818,0.05,1,901965.0,azure_vm_real_slice
4842,32700.0,600.0,0.43108553776204894,0.0625,1,33930.0,azure_vm_real_slice
4843,0.0,2591400.0,0.05,0.05,0,5960220.0,azure_vm_real_slice
4844,1821900.0,600.0,0.21683603500860615,0.05,0,1823280.0,azure_vm_real_slice
4845,1503900.0,600.0,0.11636372622477437,0.05,0,1505280.0,azure_vm_real_slice
4846,467400.0,9600.0,0.05,0.5,2,484680.0,azure_vm_real_slice
4847,0.0,1785900.0,0.05,0.0625,0,4107569.9999999995,azure_vm_real_slice
4848,607200.0,1800.0,0.19140097132711323,0.125,0,611340.0,azure_vm_real_slice
4849,1797600.0,600.0,0.08570095571733555,0.5,0,1798980.0,azure_vm_real_slice
4850,0.0,300.0,0.15253426507805357,0.125,0,690.0,azure_vm_real_slice
4851,40800.0,228300.0,0.3430136728986565,0.0625,0,565890.0,azure_vm_real_slice
4852,2015100.0,8700.0,0.22322526598710898,0.0625,0,2035110.0,azure_vm_real_slice
4853,905700.0,7200.0,0.21494167012899698,0.5,2,918660.0,azure_vm_real_slice
4854,0.0,27300.0,0.05,0.5,0,62789.99999999999,azure_vm_real_slice
4855,405900.0,600.0,0.09792041942813517,0.125,0,407280.0,azure_vm_real_slice
4856,1643400.0,600.0,0.05,0.5,0,1644780.0,azure_vm_real_slice
4857,260400.0,1800.0,0.2436976615561688,0.5,0,264540.0,azure_vm_real_slice
4858,0.0,600.0,0.1394630846238028,0.125,0,1380.0,azure_vm_real_slice
4859,0.0,4200.0,0.20454371357196963,0.5,2,7559.999999999999,azure_vm_real_slice
4860,0.0,900.0,0.17412787592160853,0.5,0,2070.0,azure_vm_real_slice
4861,1530300.0,4500.0,0.2111934016303481,0.125,0,1540650.0,azure_vm_real_slice
4862,337500.0,1800.0,0.20263136643688337,0.125,0,341640.0,azure_vm_real_slice
4863,142200.0,300.0,0.37674747784349305,0.0625,1,142815.0,azure_vm_real_slice
4864,921900.0,64800.0,0.2238475946574324,0.125,0,1070940.0,azure_vm_real_slice
4865,671100.0,3900.0,0.05,0.5,0,680070.0,azure_vm_real_slice
4866,778200.0,600.0,0.05,0.5,0,779580.0,azure_vm_real_slice
4867,34500.0,300.0,0.08001827110838923,0.0625,0,35190.0,azure_vm_real_slice
4868,0.0,228000.0,0.05,0.5,2,410399.99999999994,azure_vm_real_slice
4869,1019700.0,300.0,0.05,0.125,0,1020390.0,azure_vm_real_slice
4870,952800.0,300.0,0.05,0.0625,0,953490.0,azure_vm_real_slice
4871,0.0,900.0,0.2208509787633307,0.5,2,1619.9999999999998,azure_vm_real_slice
4872,842700.0,1800.0,0.05,0.5,0,846840.0,azure_vm_real_slice
4873,1895700.0,600.0,0.05,0.5,2,1896780.0,azure_vm_real_slice
4874,0.0,300.0,0.05,0.05,0,690.0,azure_vm_real_slice
4875,0.0,57600.0,0.09029014296193892,1.0,2,103679.99999999999,azure_vm_real_slice
4876,1022700.0,42900.0,0.05,0.125,0,1121370.0,azure_vm_real_slice
4877,0.0,2591400.0,0.05,0.125,0,5960220.0,azure_vm_real_slice
4878,328200.0,1500.0,0.05675415626052883,0.125,0,331650.0,azure_vm_real_slice
4879,1896600.0,1500.0,0.23325382312192067,0.5,2,1899300.0,azure_vm_real_slice
4880,0.0,600.0,0.08900330146968431,0.125,0,1380.0,azure_vm_real_slice
4881,1076400.0,900.0,0.05569487212064967,0.05,0,1078470.0,azure_vm_real_slice
4882,621900.0,7200.0,0.7959949716475312,0.5,2,634860.0,azure_vm_real_slice
4883,1772400.0,600.0,0.08877898919817304,0.5,0,1773780.0,azure_vm_real_slice
4884,0.0,2100.0,0.05,0.5,0,4830.0,azure_vm_real_slice
4885,1763100.0,2100.0,0.05,0.5,0,1767930.0,azure_vm_real_slice
4886,0.0,4500.0,0.05,0.125,0,10350.0,azure_vm_real_slice
4887,1460100.0,600.0,0.057426771410746945,0.5,2,1461180.0,azure_vm_real_slice
4888,1345200.0,900.0,0.11095277842932914,0.5,2,1346820.0,azure_vm_real_slice
4889,1301700.0,21000.0,0.09814520158593988,1.0,2,1339500.0,azure_vm_real_slice
4890,1581900.0,13500.0,0.14729508664914068,1.0,2,1606200.0,azure_vm_real_slice
4891,0.0,900.0,0.17460287490093365,0.5,2,1619.9999999999998,azure_vm_real_slice
4892,1414800.0,1800.0,0.21550702151408335,0.0625,0,1418940.0,azure_vm_real_slice
4893,1564200.0,13500.0,0.1865234105639481,0.5,2,1588500.0,azure_vm_real_slice
4894,0.0,13800.0,0.6233325246231577,0.125,1,28289.999999999996,azure_vm_real_slice
4895,1402200.0,300.0,0.05,0.0625,0,1402890.0,azure_vm_real_slice
4896,1232700.0,1200.0,0.05,0.0625,0,1235460.0,azure_vm_real_slice
4897,169200.0,45600.0,0.06926788021318518,0.125,0,274080.0,azure_vm_real_slice
4898,710400.0,900.0,0.23337185726460347,0.125,0,712470.0,azure_vm_real_slice
4899,0.0,4800.0,0.06191021046263815,0.125,0,11040.0,azure_vm_real_slice
4900,480900.0,300.0,0.05,0.5,0,481590.0,azure_vm_real_slice
4901,718200.0,75000.0,0.48562418055511186,0.5,2,853200.0,azure_vm_real_slice
4902,0.0,2591400.0,0.1096385193830016,0.05,0,5960220.0,azure_vm_real_slice
4903,1351200.0,300.0,0.22884012707338705,0.0625,0,1351890.0,azure_vm_real_slice
4904,0.0,1500.0,0.5633676728219732,0.5,1,3074.9999999999995,azure_vm_real_slice
4905,1742700.0,14100.0,0.05,0.5,0,1775130.0,azure_vm_real_slice
4906,564600.0,300.0,0.05,0.0625,0,565290.0,azure_vm_real_slice
4907,1532100.0,600.0,0.25702448498504693,0.125,0,1533480.0,azure_vm_real_slice
4908,538500.0,2100.0,0.05,1.0,2,542280.0,azure_vm_real_slice
4909,155100.0,3000.0,0.13109846239672637,0.5,0,162000.0,azure_vm_real_slice
4910,1741800.0,2400.0,0.11219766211815893,0.125,0,1747320.0,azure_vm_real_slice
4911,1325700.0,600.0,0.07543926611607908,0.0625,0,1327080.0,azure_vm_real_slice
4912,0.0,2591400.0,0.15900205730213954,0.5,0,5960220.0,azure_vm_real_slice
4913,1715100.0,600.0,0.05,0.5,0,1716480.0,azure_vm_real_slice
4914,0.0,300.0,0.05,0.0625,0,690.0,azure_vm_real_slice
4915,0.0,4800.0,0.2610365581625542,0.5,0,11040.0,azure_vm_real_slice
4916,1302600.0,3600.0,0.06411078003845767,0.125,0,1310880.0,azure_vm_real_slice
4917,0.0,300.0,0.15494597409906732,0.5,0,690.0,azure_vm_real_slice
4918,1614600.0,900.0,0.05,0.0625,0,1616670.0,azure_vm_real_slice
4919,91200.0,2100.0,0.05,0.5,0,96030.0,azure_vm_real_slice
4920,0.0,900.0,0.07197453491385404,0.125,0,2070.0,azure_vm_real_slice
4921,738900.0,600.0,0.05,0.5,0,740280.0,azure_vm_real_slice
4922,0.0,43500.0,0.6995076441809092,0.5,1,89174.99999999999,azure_vm_real_slice
4923,1428900.0,300.0,0.23594125289016027,0.125,0,1429590.0,azure_vm_real_slice
4924,1669800.0,300.0,0.16568254691711778,0.125,0,1670490.0,azure_vm_real_slice
4925,471900.0,2700.0,0.05,0.5,0,478110.0,azure_vm_real_slice
4926,0.0,2400.0,0.05,0.5,0,5520.0,azure_vm_real_slice
4927,1536900.0,36900.0,0.14399941233450578,0.0625,0,1621770.0,azure_vm_real_slice
4928,0.0,2591400.0,0.1352528152985654,0.05,0,5960220.0,azure_vm_real_slice
4929,1914000.0,5700.0,0.06368060491538334,0.125,0,1927110.0,azure_vm_real_slice
4930,1235700.0,1200.0,0.05218503513866418,0.125,0,1238460.0,azure_vm_real_slice
4931,1802400.0,600.0,0.05,0.5,2,1803480.0,azure_vm_real_slice
4932,0.0,2591400.0,0.05,0.05,0,5960220.0,azure_vm_real_slice
4933,1662600.0,600.0,0.05,0.125,0,1663980.0,azure_vm_real_slice
4934,734400.0,1500.0,0.26103701063172413,0.5,0,737850.0,azure_vm_real_slice
4935,1117200.0,600.0,0.29893909981233263,0.125,0,1118580.0,azure_vm_real_slice
4936,0.0,300.0,0.2029227448505454,0.125,0,690.0,azure_vm_real_slice
4937,1449600.0,9900.0,0.2015128015958867,0.5,0,1472370.0,azure_vm_real_slice
4938,1459500.0,2100.0,0.30257004672487026,0.0625,0,1464330.0,azure_vm_real_slice
4939,1500.0,12300.0,0.05325386606511057,0.125,0,29789.999999999996,azure_vm_real_slice
4940,0.0,2591400.0,0.06472511609163457,0.0625,0,5960220.0,azure_vm_real_slice
4941,1922100.0,5100.0,0.4697042592839059,0.125,1,1932555.0,azure_vm_real_slice
4942,1257600.0,16500.0,0.05631330106704404,0.05,0,1295550.0,azure_vm_real_slice
4943,974100.0,3300.0,0.1852235511604302,1.0,2,980040.0,azure_vm_real_slice
4944,1227900.0,2400.0,0.2343357744023049,0.125,0,1233420.0,azure_vm_real_slice
4945,135900.0,300.0,0.06319271637262532,0.125,0,136590.0,azure_vm_real_slice
4946,0.0,300.0,0.05,0.05,0,690.0,azure_vm_real_slice
4947,1383300.0,600.0,0.05,0.5,2,1384380.0,azure_vm_real_slice
4948,1048800.0,300.0,0.05,0.125,0,1049490.0,azure_vm_real_slice
4949,0.0,2591400.0,0.10233812190539229,0.05,0,5960220.0,azure_vm_real_slice
4950,0.0,2700.0,0.09735960912844799,0.5,0,6209.999999999999,azure_vm_real_slice
4951,1919700.0,7800.0,0.10494750331077217,0.125,0,1937640.0,azure_vm_real_slice
4952,0.0,2100.0,0.1964692077668523,0.0625,0,4830.0,azure_vm_real_slice
4953,1065600.0,600.0,0.1543956609100288,0.125,0,1066980.0,azure_vm_real_slice
4954,0.0,7200.0,0.13090195283866193,0.05,0,16560.0,azure_vm_real_slice
4955,0.0,300.0,0.05,0.125,0,690.0,azure_vm_real_slice
4956,470400.0,300.0,0.3951004596912642,0.05,1,471015.0,azure_vm_real_slice
4957,282600.0,300.0,0.05,0.5,0,283290.0,azure_vm_real_slice
4958,0.0,22800.0,0.05,0.5,0,52439.99999999999,azure_vm_real_slice
4959,0.0,300.0,0.058583023388114094,0.125,0,690.0,azure_vm_real_slice
4960,0.0,600.0,0.06373266387946681,0.125,0,1380.0,azure_vm_real_slice
4961,350100.0,600.0,0.05,0.5,0,351480.0,azure_vm_real_slice
4962,0.0,900.0,0.05,0.5,0,2070.0,azure_vm_real_slice
4963,1543800.0,2700.0,0.2048849621782746,0.5,2,1548660.0,azure_vm_real_slice
4964,0.0,77400.0,0.326798449675657,0.125,0,178020.0,azure_vm_real_slice
4965,2002500.0,900.0,0.12088262134211744,0.125,0,2004570.0,azure_vm_real_slice
4966,0.0,900.0,0.09975657655803709,0.0625,0,2070.0,azure_vm_real_slice
4967,0.0,2100.0,0.445952813688317,0.125,1,4305.0,azure_vm_real_slice
4968,214200.0,900.0,0.11164941523131165,0.0625,0,216270.0,azure_vm_real_slice
4969,847800.0,900.0,0.07136052684249795,1.0,2,849420.0,azure_vm_real_slice
4970,1037100.0,3300.0,0.2947119751999303,0.125,0,1044690.0,azure_vm_real_slice
4971,0.0,600.0,0.11511544836113181,0.125,0,1380.0,azure_vm_real_slice
4972,999000.0,112200.0,0.3312503146028382,0.125,0,1257060.0,azure_vm_real_slice
4973,1483800.0,8100.0,0.7648201992331551,0.125,2,1498380.0,azure_vm_real_slice
4974,0.0,300.0,0.05,0.0625,0,690.0,azure_vm_real_slice
4975,1725900.0,300.0,0.06283219123030753,0.5,0,1726590.0,azure_vm_real_slice
4976,0.0,300.0,0.05,0.125,0,690.0,azure_vm_real_slice
4977,341100.0,3600.0,0.5606528430805894,0.05,1,348480.0,azure_vm_real_slice
4978,932100.0,300.0,0.05,0.0625,0,932790.0,azure_vm_real_slice
4979,754200.0,1278900.0,0.06827909638689189,0.0625,0,3695670.0,azure_vm_real_slice
4980,48000.0,1985100.0,0.06071152604856542,0.125,0,4613730.0,azure_vm_real_slice
4981,1098300.0,61800.0,0.16730991870522677,0.0625,0,1240440.0,azure_vm_real_slice
4982,0.0,2400.0,0.05,0.5,0,5520.0,azure_vm_real_slice
4983,539100.0,300.0,0.09709526413542617,0.5,0,539790.0,azure_vm_real_slice
4984,0.0,900.0,0.05902725352871945,0.125,0,2070.0,azure_vm_real_slice
4985,973800.0,2700.0,0.21934796493864003,0.5,0,980010.0,azure_vm_real_slice
4986,654900.0,1200.0,0.1985585766967019,0.125,0,657660.0,azure_vm_real_slice
4987,1606800.0,300.0,0.05,0.5,0,1607490.0,azure_vm_real_slice
4988,378300.0,4800.0,0.8066156711689907,0.5,2,386940.0,azure_vm_real_slice
4989,1146300.0,300.0,0.05,0.5,0,1146990.0,azure_vm_real_slice
4990,555000.0,3300.0,0.1743432134362671,0.0625,0,562590.0,azure_vm_real_slice
4991,980100.0,600.0,0.20156036537328156,0.0625,0,981480.0,azure_vm_real_slice
4992,0.0,600.0,0.07757487433659865,0.5,0,1380.0,azure_vm_real_slice
4993,522300.0,300.0,0.05,0.5,2,522840.0,azure_vm_real_slice
4994,1670700.0,1200.0,0.39837685215758645,0.125,1,1673160.0,azure_vm_real_slice
4995,0.0,300.0,0.05,0.5,0,690.0,azure_vm_real_slice
4996,1140900.0,1500.0,0.06968138470856451,0.125,0,1144350.0,azure_vm_real_slice
4997,0.0,19800.0,0.05,0.5,0,45540.0,azure_vm_real_slice
4998,0.0,1200.0,0.24194909724770824,0.125,0,2760.0,azure_vm_real_slice
4999,0.0,300.0,0.100323186088846,0.5,0,690.0,azure_vm_real_slice
5000,1814400.0,2700.0,0.5692149510241671,0.05,1,1819935.0,azure_vm_real_slice
5001,0.0,2591400.0,0.11815869686190622,1.0,2,4664520.0,azure_vm_real_slice
5002,685200.0,900.0,0.05,0.5,0,687270.0,azure_vm_real_slice
5003,1570200.0,462900.0,0.09069171971655052,0.125,0,2634870.0,azure_vm_real_slice
5004,0.0,9600.0,0.05,0.5,0,22080.0,azure_vm_real_slice
5005,0.0,300.0,0.08683161486628846,0.125,0,690.0,azure_vm_real_slice
5006,667800.0,54000.0,0.4902735870892995,0.125,1,778500.0,azure_vm_real_slice
5007,1671300.0,1200.0,0.07183321557164041,0.125,0,1674060.0,azure_vm_real_slice
5008,1230600.0,600.0,0.415752056543701,0.0625,1,1231830.0,azure_vm_real_slice
5009,1564800.0,600.0,0.34101112646337706,0.0625,0,1566180.0,azure_vm_real_slice
5010,0.0,2100.0,0.3881034494361637,0.125,1,4305.0,azure_vm_real_slice
5011,2032500.0,600.0,0.2544600247249857,0.125,0,2033880.0,azure_vm_real_slice
5012,1751700.0,600.0,0.05,1.0,2,1752780.0,azure_vm_real_slice
5013,0.0,1500.0,0.140375573174791,0.5,2,2699.9999999999995,azure_vm_real_slice
5014,1725600.0,300.0,0.05,0.5,0,1726290.0,azure_vm_real_slice
5015,0.0,300.0,0.05,0.5,2,540.0,azure_vm_real_slice
5016,447300.0,4800.0,0.34346002639694945,0.125,0,458340.0,azure_vm_real_slice
5017,464100.0,300.0,0.05,0.0625,0,464790.0,azure_vm_real_slice
5018,637200.0,300.0,0.05,0.125,0,637890.0,azure_vm_real_slice
5019,1251600.0,5400.0,0.07118656341099656,0.125,0,1264020.0,azure_vm_real_slice
5020,0.0,2700.0,0.35269318343289335,0.125,1,5534.999999999999,azure_vm_real_slice
5021,0.0,2100.0,0.210067849317756,0.125,0,4830.0,azure_vm_real_slice
5022,1576800.0,600.0,0.06318563195435423,0.5,0,1578180.0,azure_vm_real_slice
5023,1881900.0,600.0,0.05,0.5,2,1882980.0,azure_vm_real_slice
5024,545100.0,300.0,0.05,0.5,2,545640.0,azure_vm_real_slice
5025,1154100.0,3900.0,0.6210185246760774,0.05,1,1162095.0,azure_vm_real_slice
5026,539700.0,41100.0,0.41430530542145105,0.0625,1,623955.0,azure_vm_real_slice
5027,1699200.0,600.0,0.3480741680955891,0.05,0,1700580.0,azure_vm_real_slice
5028,866400.0,10200.0,0.05,0.125,0,889860.0,azure_vm_real_slice
5029,0.0,1127100.0,0.05,0.05,0,2592330.0,azure_vm_real_slice
5030,95400.0,4800.0,0.7147522529516762,0.5,2,104040.0,azure_vm_real_slice
5031,0.0,10500.0,0.05,0.5,0,24149.999999999996,azure_vm_real_slice
5032,1003200.0,300.0,0.13546101784170456,0.125,0,1003890.0,azure_vm_real_slice
5033,1909800.0,300.0,0.18810052950855724,0.0625,0,1910490.0,azure_vm_real_slice
5034,294000.0,2400.0,0.05,0.5,0,299520.0,azure_vm_real_slice
5035,0.0,300.0,0.05522034564629353,0.5,2,540.0,azure_vm_real_slice
5036,408000.0,600.0,0.1170713159855636,0.5,0,409380.0,azure_vm_real_slice
5037,1320000.0,900.0,0.05,1.0,2,1321620.0,azure_vm_real_slice
5038,0.0,300.0,0.05,0.5,0,690.0,azure_vm_real_slice
5039,394500.0,2400.0,0.05,0.5,0,400020.0,azure_vm_real_slice
5040,0.0,2225400.0,0.3106737011675699,0.125,0,5118420.0,azure_vm_real_slice
5041,668100.0,694200.0,0.06333490729016401,0.125,0,2264760.0,azure_vm_real_slice
5042,652800.0,600.0,0.07930685668286792,0.05,0,654180.0,azure_vm_real_slice
5043,1341300.0,300.0,0.05,0.05,0,1341990.0,azure_vm_real_slice
5044,0.0,2591400.0,0.05,0.0625,0,5960220.0,azure_vm_real_slice
5045,1837200.0,1500.0,0.10796539402726374,0.5,0,1840650.0,azure_vm_real_slice
5046,0.0,600.0,0.1852581114289495,0.05,0,1380.0,azure_vm_real_slice
5047,1668300.0,36000.0,0.05,0.0625,0,1751100.0,azure_vm_real_slice
5048,899100.0,300.0,0.5588789675666244,0.05,1,899715.0,azure_vm_real_slice
5049,0.0,45300.0,0.4397308325148726,0.05,1,92864.99999999999,azure_vm_real_slice
5050,1068300.0,44700.0,0.4629750492149388,0.05,1,1159935.0,azure_vm_real_slice
5051,918900.0,900.0,0.05,0.5,0,920970.0,azure_vm_real_slice
5052,317700.0,1200.0,0.15075808708763982,0.5,2,319860.0,azure_vm_real_slice
5053,0.0,2591400.0,0.05,0.05,0,5960220.0,azure_vm_real_slice
5054,1217700.0,9300.0,0.21606203328970675,0.125,0,1239090.0,azure_vm_real_slice
5055,1012200.0,600.0,0.05,0.0625,0,1013580.0,azure_vm_real_slice
5056,1999200.0,300.0,0.498959786966695,0.125,1,1999815.0,azure_vm_real_slice
5057,1798500.0,21300.0,0.05887167861344366,0.125,0,1847490.0,azure_vm_real_slice
5058,869400.0,300.0,0.05,0.5,0,870090.0,azure_vm_real_slice
5059,1062600.0,2100.0,0.19481454523058786,0.0625,0,1067430.0,azure_vm_real_slice
5060,101700.0,300.0,0.05,0.0625,0,102390.0,azure_vm_real_slice
5061,1132200.0,600.0,0.05,0.125,0,1133580.0,azure_vm_real_slice
5062,558600.0,300.0,0.5394395012548189,0.125,1,559215.0,azure_vm_real_slice
5063,627000.0,4500.0,0.052384827086662256,0.125,0,637350.0,azure_vm_real_slice
5064,562200.0,2400.0,0.05,0.5,0,567720.0,azure_vm_real_slice
5065,263700.0,1200.0,0.21898668754558492,0.5,0,266460.0,azure_vm_real_slice
5066,1929900.0,38400.0,0.35777647114076044,0.125,1,2008620.0,azure_vm_real_slice
5067,0.0,11400.0,0.2733979775397427,0.0625,0,26219.999999999996,azure_vm_real_slice
5068,0.0,600.0,0.12164852220658715,0.0625,0,1380.0,azure_vm_real_slice
5069,751200.0,2400.0,0.05,0.5,0,756720.0,azure_vm_real_slice
5070,0.0,2591400.0,0.2988461563194918,0.0625,0,5960220.0,azure_vm_real_slice
5071,610800.0,600.0,0.1368740085355368,0.0625,0,612180.0,azure_vm_real_slice
5072,545400.0,900.0,0.05,0.5,0,547470.0,azure_vm_real_slice
5073,1855200.0,1800.0,0.05,0.125,0,1859340.0,azure_vm_real_slice
5074,630300.0,2400.0,0.387810984436566,0.5,1,635220.0,azure_vm_real_slice
5075,499800.0,300.0,0.05,0.125,0,500490.0,azure_vm_real_slice
5076,1213500.0,600.0,0.10977046471943303,0.125,0,1214880.0,azure_vm_real_slice
5077,1958400.0,13500.0,0.7673065049450895,0.5,2,1982700.0,azure_vm_real_slice
5078,0.0,2591400.0,0.08642787706306101,0.05,0,5960220.0,azure_vm_real_slice
5079,545700.0,2400.0,0.05,0.125,0,551220.0,azure_vm_real_slice
5080,575100.0,9300.0,0.05,0.5,0,596490.0,azure_vm_real_slice
5081,1483200.0,45600.0,0.5092438642711233,0.05,1,1576680.0,azure_vm_real_slice
5082,1347600.0,265200.0,0.05,0.5,0,1957560.0,azure_vm_real_slice
5083,420000.0,1500.0,0.12936345358728296,0.125,0,423450.0,azure_vm_real_slice
5084,1747200.0,2700.0,0.4657540558107961,0.125,1,1752735.0,azure_vm_real_slice
5085,306900.0,2100.0,0.05,0.5,0,311730.0,azure_vm_real_slice
5086,488700.0,5100.0,0.05,0.5,2,497880.0,azure_vm_real_slice
5087,1826400.0,2700.0,0.28754157273837594,0.125,0,1832610.0,azure_vm_real_slice
5088,456300.0,900.0,0.18593995561396617,0.125,0,458370.0,azure_vm_real_slice
5089,1884300.0,300.0,0.05,0.125,0,1884990.0,azure_vm_real_slice
5090,1926000.0,300.0,0.05,0.0625,0,1926690.0,azure_vm_real_slice
5091,0.0,2591400.0,0.10116678861595287,0.125,0,5960220.0,azure_vm_real_slice
5092,681900.0,300.0,0.05,0.5,0,682590.0,azure_vm_real_slice
5093,1061400.0,300.0,0.08005315855273762,0.5,0,1062090.0,azure_vm_real_slice
5094,1542000.0,900.0,0.372598931472846,0.05,1,1543845.0,azure_vm_real_slice
5095,1247700.0,600.0,0.05,0.5,0,1249080.0,azure_vm_real_slice
5096,0.0,2591400.0,0.49454988458403826,0.125,1,5312370.0,azure_vm_real_slice
5097,0.0,2591400.0,0.09367736486995673,0.05,0,5960220.0,azure_vm_real_slice
5098,1098300.0,5400.0,0.6298546863558543,0.125,1,1109370.0,azure_vm_real_slice
5099,0.0,2591400.0,0.10956404294155331,0.05,0,5960220.0,azure_vm_real_slice
5100,0.0,2591400.0,0.05,0.0625,0,5960220.0,azure_vm_real_slice
5101,1845600.0,80400.0,0.30152374499841206,0.125,0,2030520.0,azure_vm_real_slice
5102,1893000.0,4200.0,0.13187091673745877,0.125,0,1902660.0,azure_vm_real_slice
5103,0.0,2100.0,0.0699210493054052,0.0625,0,4830.0,azure_vm_real_slice
5104,925800.0,900.0,0.05,0.125,0,927870.0,azure_vm_real_slice
5105,0.0,1200.0,0.12486797489037181,0.125,0,2760.0,azure_vm_real_slice
5106,582900.0,1800.0,0.05,0.5,0,587040.0,azure_vm_real_slice
5107,0.0,3600.0,0.05,0.125,0,8280.0,azure_vm_real_slice
5108,0.0,600.0,0.14015215833089703,0.125,0,1380.0,azure_vm_real_slice
5109,0.0,4800.0,0.31678339008704226,0.5,0,11040.0,azure_vm_real_slice
5110,0.0,300.0,0.10904514998137954,0.125,0,690.0,azure_vm_real_slice
5111,633300.0,1200.0,0.23238679991976888,0.0625,0,636060.0,azure_vm_real_slice
5112,1711800.0,5700.0,0.29136098609065453,0.05,0,1724910.0,azure_vm_real_slice
5113,0.0,300.0,0.10081657344354289,0.125,0,690.0,azure_vm_real_slice
5114,1475700.0,128400.0,0.964556804562681,0.125,2,1706820.0,azure_vm_real_slice
5115,0.0,2591400.0,0.08707360581597459,0.0625,0,5960220.0,azure_vm_real_slice
5116,990300.0,132900.0,0.05,1.0,2,1229520.0,azure_vm_real_slice
5117,0.0,222000.0,0.05,0.5,0,510599.99999999994,azure_vm_real_slice
5118,713100.0,35400.0,0.2883446980961042,0.0625,0,794520.0,azure_vm_real_slice
5119,48000.0,1985100.0,0.05,0.0625,0,4613730.0,azure_vm_real_slice
5120,228300.0,14700.0,0.4211910680895022,0.0625,1,258435.0,azure_vm_real_slice
5121,905400.0,1500.0,0.10906760703364916,0.5,2,908100.0,azure_vm_real_slice
5122,1736400.0,600.0,0.05,0.5,0,1737780.0,azure_vm_real_slice
5123,1771500.0,261600.0,0.23190670150809367,0.125,0,2373180.0,azure_vm_real_slice
5124,1741200.0,3300.0,0.2542666013428501,0.125,0,1748790.0,azure_vm_real_slice
5125,536400.0,2400.0,0.05,0.5,0,541920.0,azure_vm_real_slice
5126,1699800.0,78600.0,0.16767804852539148,0.0625,0,1880580.0,azure_vm_real_slice
5127,0.0,2591400.0,0.05,0.125,0,5960220.0,azure_vm_real_slice
5128,1592700.0,300.0,0.24002072474227326,0.125,0,1593390.0,azure_vm_real_slice
5129,0.0,2100.0,0.05,0.5,0,4830.0,azure_vm_real_slice
5130,0.0,300.0,0.05,0.5,0,690.0,azure_vm_real_slice
5131,579900.0,3000.0,0.07205549684424387,0.5,2,585300.0,azure_vm_real_slice
5132,1011900.0,300.0,0.1621148747168517,0.125,0,1012590.0,azure_vm_real_slice
5133,1209600.0,25800.0,0.4598527160386889,0.5,2,1256040.0,azure_vm_real_slice
5134,0.0,2100.0,0.16150641135753765,0.5,2,3779.9999999999995,azure_vm_real_slice
5135,0.0,300.0,0.05,0.0625,0,690.0,azure_vm_real_slice
5136,914400.0,1118700.0,0.05,0.125,0,3487410.0,azure_vm_real_slice
5137,0.0,3300.0,0.7704331378532089,0.125,2,5939.999999999999,azure_vm_real_slice
5138,0.0,4800.0,0.05,0.0625,0,11040.0,azure_vm_real_slice
5139,948600.0,300.0,0.05,0.5,0,949290.0,azure_vm_real_slice
5140,1843500.0,1500.0,0.19888858599298886,0.125,0,1846950.0,azure_vm_real_slice
5141,1282800.0,12000.0,0.05,0.5,0,1310400.0,azure_vm_real_slice
5142,1790400.0,600.0,0.14038294182932287,0.5,0,1791780.0,azure_vm_real_slice
5143,306300.0,1800.0,0.08773961112016519,0.5,2,309540.0,azure_vm_real_slice
5144,959700.0,22500.0,0.2016981236158891,0.5,2,1000200.0,azure_vm_real_slice
5145,0.0,2400.0,0.2304389821899181,0.125,0,5520.0,azure_vm_real_slice
5146,1711200.0,600.0,0.07411897213151711,0.5,0,1712580.0,azure_vm_real_slice
5147,0.0,15000.0,0.2628772568361309,0.5,0,34500.0,azure_vm_real_slice
5148,0.0,300.0,0.05,0.125,0,690.0,azure_vm_real_slice
5149,1149900.0,1500.0,0.05,0.5,0,1153350.0,azure_vm_real_slice
5150,1908300.0,1500.0,0.05,0.5,2,1911000.0,azure_vm_real_slice
5151,341700.0,3000.0,0.5639393449605555,0.05,1,347850.0,azure_vm_real_slice
5152,724500.0,600.0,0.05,0.125,0,725880.0,azure_vm_real_slice
5153,186300.0,6900.0,0.1108866107778025,0.05,0,202170.0,azure_vm_real_slice
5154,632400.0,300.0,0.47233559910467515,0.125,1,633015.0,azure_vm_real_slice
5155,0.0,1629300.0,0.19012051666288993,0.5,0,3747389.9999999995,azure_vm_real_slice
5156,0.0,300.0,0.058724907287316004,0.05,0,690.0,azure_vm_real_slice
5157,290700.0,2700.0,0.4294022517008185,0.125,1,296235.0,azure_vm_real_slice
5158,0.0,600.0,0.05,0.125,0,1380.0,azure_vm_real_slice
5159,1744200.0,1500.0,0.05,0.5,0,1747650.0,azure_vm_real_slice
5160,1293900.0,13500.0,0.21794952150423522,0.125,0,1324950.0,azure_vm_real_slice
5161,1115100.0,600.0,0.17582865589064003,0.125,0,1116480.0,azure_vm_real_slice
5162,1308000.0,64800.0,0.4306981971280641,0.05,1,1440840.0,azure_vm_real_slice
5163,270000.0,600.0,0.05,0.0625,0,271380.0,azure_vm_real_slice
5164,1853400.0,15000.0,0.4476652658221995,0.0625,1,1884150.0,azure_vm_real_slice
5165,212700.0,1800.0,0.05,0.5,0,216840.0,azure_vm_real_slice
5166,1508700.0,524400.0,0.05536898652389275,0.05,0,2714820.0,azure_vm_real_slice
5167,1912500.0,59100.0,0.2760481443927238,0.125,0,2048430.0,azure_vm_real_slice
5168,0.0,2100.0,0.05,0.5,0,4830.0,azure_vm_real_slice
5169,1152000.0,900.0,0.3612118586595961,0.125,1,1153845.0,azure_vm_real_slice
5170,338100.0,2400.0,0.05,0.0625,0,343620.0,azure_vm_real_slice
5171,609600.0,421200.0,0.4633445827820838,0.05,1,1473060.0,azure_vm_real_slice
5172,0.0,1200.0,0.09204499375136094,0.125,0,2760.0,azure_vm_real_slice
5173,46800.0,9900.0,0.05438253249625144,0.5,0,69570.0,azure_vm_real_slice
5174,712800.0,48300.0,0.3030592808830424,0.5,0,823890.0,azure_vm_real_slice
5175,677400.0,900.0,0.10401676896560211,0.125,0,679470.0,azure_vm_real_slice
5176,450300.0,900.0,0.05,0.5,0,452370.0,azure_vm_real_slice
5177,0.0,2591400.0,0.05,0.0625,0,5960220.0,azure_vm_real_slice
5178,1129200.0,300.0,0.05,0.5,2,1129740.0,azure_vm_real_slice
5179,530400.0,6900.0,0.05,0.5,0,546270.0,azure_vm_real_slice
5180,1465200.0,900.0,0.2775371762427115,0.05,0,1467270.0,azure_vm_real_slice
5181,0.0,900.0,0.10425835469713123,0.125,0,2070.0,azure_vm_real_slice
5182,109200.0,600.0,0.099789508852447,0.5,2,110280.0,azure_vm_real_slice
5183,1463700.0,3300.0,0.32060541780552276,0.5,2,1469640.0,azure_vm_real_slice
5184,1139100.0,2100.0,0.4370044094859469,0.5,1,1143405.0,azure_vm_real_slice
5185,0.0,1660200.0,0.08773953201699401,0.05,0,3818459.9999999995,azure_vm_real_slice
5186,1086000.0,76800.0,0.2605785607950258,0.0625,0,1262640.0,azure_vm_real_slice
5187,1876800.0,300.0,0.6870743768835106,0.125,1,1877415.0,azure_vm_real_slice
5188,12000.0,6000.0,0.2380587355338727,1.0,2,22800.0,azure_vm_real_slice
5189,457200.0,1500.0,0.3218170404402281,0.125,0,460650.0,azure_vm_real_slice
5190,1568400.0,2100.0,0.05,0.0625,0,1573230.0,azure_vm_real_slice
5191,435300.0,2400.0,0.05,0.5,0,440820.0,azure_vm_real_slice
5192,0.0,900.0,0.07129356723299721,0.05,0,2070.0,azure_vm_real_slice
5193,0.0,300.0,0.4631616443305493,0.05,1,615.0,azure_vm_real_slice
5194,1297500.0,18900.0,0.05,0.125,0,1340970.0,azure_vm_real_slice
5195,0.0,29100.0,0.05,1.0,2,52379.99999999999,azure_vm_real_slice
5196,1480200.0,95400.0,0.05,0.0625,0,1699620.0,azure_vm_real_slice
5197,578700.0,300.0,0.11291581184501226,0.125,0,579390.0,azure_vm_real_slice
5198,491100.0,1800.0,0.29379699742066184,0.5,0,495240.0,azure_vm_real_slice
5199,1054500.0,300.0,0.21174242833139093,0.125,0,1055190.0,azure_vm_real_slice
5200,1027800.0,1800.0,0.1874853990711059,0.05,0,1031940.0,azure_vm_real_slice
5201,0.0,2591400.0,0.06102249325198991,0.05,0,5960220.0,azure_vm_real_slice
5202,367500.0,2100.0,0.24998345151139095,0.5,0,372330.0,azure_vm_real_slice
5203,26100.0,600.0,0.10893855132188629,0.0625,0,27480.0,azure_vm_real_slice
5204,992700.0,12900.0,0.1950137823942529,0.0625,0,1022370.0,azure_vm_real_slice
5205,1076100.0,600.0,0.05,0.5,2,1077180.0,azure_vm_real_slice
5206,0.0,3900.0,0.16721188123252945,0.5,0,8970.0,azure_vm_real_slice
5207,556500.0,300.0,0.05,0.5,0,557190.0,azure_vm_real_slice
5208,0.0,2400.0,0.05,0.5,0,5520.0,azure_vm_real_slice
5209,931500.0,2700.0,0.5004792839982248,0.05,1,937035.0,azure_vm_real_slice
5210,1938900.0,300.0,0.05071529812194805,0.5,2,1939440.0,azure_vm_real_slice
5211,1840800.0,300.0,0.05,0.125,0,1841490.0,azure_vm_real_slice
5212,0.0,2591400.0,0.09411637006138568,0.05,0,5960220.0,azure_vm_real_slice
5213,1584900.0,300.0,0.05,0.125,0,1585590.0,azure_vm_real_slice
5214,481200.0,266400.0,0.05,0.125,0,1093920.0,azure_vm_real_slice
5215,171000.0,212400.0,0.05,0.125,0,659520.0,azure_vm_real_slice
5216,896100.0,300.0,0.05,0.5,0,896790.0,azure_vm_real_slice
5217,0.0,600.0,0.14231467552845062,0.125,0,1380.0,azure_vm_real_slice
5218,1949400.0,600.0,0.05,0.125,0,1950780.0,azure_vm_real_slice
5219,153900.0,300.0,0.05,0.5,2,154440.0,azure_vm_real_slice
5220,877200.0,43200.0,0.3759471985866139,0.125,1,965760.0,azure_vm_real_slice
5221,0.0,600.0,0.16049995233330214,0.125,0,1380.0,azure_vm_real_slice
5222,1240200.0,300.0,0.18753524438150024,0.125,0,1240890.0,azure_vm_real_slice
5223,1067700.0,1500.0,0.2044074040729577,0.125,0,1071150.0,azure_vm_real_slice
5224,1288500.0,6600.0,0.1230471349836388,0.05,0,1303680.0,azure_vm_real_slice
5225,1796100.0,7200.0,0.6708704774986411,0.125,1,1810860.0,azure_vm_real_slice
5226,109800.0,1800.0,0.4962122163042343,0.5,1,113490.0,azure_vm_real_slice
5227,1650000.0,300.0,0.07201707787028795,0.125,0,1650690.0,azure_vm_real_slice
5228,1723800.0,900.0,0.05,0.5,0,1725870.0,azure_vm_real_slice
5229,1638600.0,4500.0,0.08442713810570987,0.125,0,1648950.0,azure_vm_real_slice
5230,1307100.0,1500.0,0.37452488371829296,0.125,1,1310175.0,azure_vm_real_slice
5231,941400.0,50400.0,0.05213554433732339,0.125,0,1057320.0,azure_vm_real_slice
5232,1753200.0,279900.0,0.05,0.0625,0,2396970.0,azure_vm_real_slice
5233,1129500.0,1200.0,0.3694124690171744,0.05,1,1131960.0,azure_vm_real_slice
5234,938400.0,300.0,0.05,0.5,0,939090.0,azure_vm_real_slice
5235,1263000.0,3000.0,0.05,0.5,2,1268400.0,azure_vm_real_slice
5236,23100.0,1800.0,0.05,0.5,0,27240.0,azure_vm_real_slice
5237,1833000.0,1200.0,0.14891073042415404,0.125,0,1835760.0,azure_vm_real_slice
5238,504900.0,300.0,0.05,0.5,2,505440.0,azure_vm_real_slice
5239,1471200.0,58800.0,0.3489112402960399,0.125,0,1606440.0,azure_vm_real_slice
5240,0.0,2591400.0,0.16835332642153236,0.05,0,5960220.0,azure_vm_real_slice
5241,0.0,2591400.0,0.10924770422519936,0.5,0,5960220.0,azure_vm_real_slice
5242,0.0,2591400.0,0.11598002659672066,0.05,0,5960220.0,azure_vm_real_slice
5243,0.0,600.0,0.08029906178855702,0.125,0,1380.0,azure_vm_real_slice
5244,878700.0,300.0,0.05,0.0625,0,879390.0,azure_vm_real_slice
5245,2003700.0,1200.0,0.22786460198101724,0.0625,0,2006460.0,azure_vm_real_slice
5246,954900.0,900.0,0.05534428993459069,0.125,0,956970.0,azure_vm_real_slice
5247,229500.0,300.0,0.05,0.5,0,230190.0,azure_vm_real_slice
5248,0.0,2400.0,0.05,0.5,0,5520.0,azure_vm_real_slice
5249,207900.0,4200.0,0.05520886050343573,0.05,0,217560.0,azure_vm_real_slice
5250,726600.0,1500.0,0.3750400525805844,0.125,1,729675.0,azure_vm_real_slice
5251,1522500.0,900.0,0.05,0.0625,0,1524570.0,azure_vm_real_slice
5252,1080300.0,2100.0,0.3545822079471017,0.125,1,1084605.0,azure_vm_real_slice
5253,0.0,2591400.0,0.17699331936769697,0.125,0,5960220.0,azure_vm_real_slice
5254,832200.0,1200.0,0.16329329084604116,0.0625,0,834960.0,azure_vm_real_slice
5255,2006700.0,600.0,0.12262641811261765,0.125,0,2008080.0,azure_vm_real_slice
5256,0.0,300.0,0.05,0.125,0,690.0,azure_vm_real_slice
5257,984600.0,600.0,0.13976965383705425,0.125,0,985980.0,azure_vm_real_slice
5258,1245300.0,3900.0,0.20641338761836125,0.125,0,1254270.0,azure_vm_real_slice
5259,0.0,2591400.0,0.05,1.0,2,4664520.0,azure_vm_real_slice
5260,285600.0,600.0,0.0564946407361498,0.5,0,286980.0,azure_vm_real_slice
5261,0.0,300.0,0.31453713172427356,0.05,0,690.0,azure_vm_real_slice
5262,1587900.0,900.0,0.05,1.0,2,1589520.0,azure_vm_real_slice
5263,0.0,2591400.0,0.05,0.05,0,5960220.0,azure_vm_real_slice
5264,446400.0,300.0,0.37083318379243047,0.125,1,447015.0,azure_vm_real_slice
5265,0.0,1800.0,0.05,0.5,0,4140.0,azure_vm_real_slice
5266,0.0,1800.0,0.05,0.5,0,4140.0,azure_vm_real_slice
5267,897000.0,900.0,0.10217085337348245,0.125,0,899070.0,azure_vm_real_slice
5268,620400.0,600.0,0.05,0.125,0,621780.0,azure_vm_real_slice
5269,609600.0,2700.0,0.1932112081948241,0.5,0,615810.0,azure_vm_real_slice
5270,1617000.0,4200.0,0.11482138020331303,0.0625,0,1626660.0,azure_vm_real_slice
5271,0.0,600.0,0.05,0.125,0,1380.0,azure_vm_real_slice
5272,1686900.0,1200.0,0.05,1.0,2,1689060.0,azure_vm_real_slice
5273,0.0,2591400.0,0.05,0.5,0,5960220.0,azure_vm_real_slice
5274,1079400.0,600.0,0.13393573127592007,0.125,0,1080780.0,azure_vm_real_slice
5275,593700.0,2400.0,0.4308031764091348,0.125,1,598620.0,azure_vm_real_slice
5276,0.0,6000.0,0.0977457186210901,0.5,2,10799.999999999998,azure_vm_real_slice
5277,462600.0,300.0,0.05,0.125,0,463290.0,azure_vm_real_slice
5278,1336200.0,1500.0,0.41059748589605,0.125,1,1339275.0,azure_vm_real_slice
5279,0.0,1500.0,0.05,0.5,0,3449.9999999999995,azure_vm_real_slice
5280,0.0,2400.0,0.05,0.125,0,5520.0,azure_vm_real_slice
5281,1719000.0,300.0,0.05,0.125,0,1719690.0,azure_vm_real_slice
5282,3300.0,1500.0,0.42211834020950273,0.125,1,6375.0,azure_vm_real_slice
5283,509100.0,900.0,0.14918013475645303,0.5,2,510720.0,azure_vm_real_slice
5284,883500.0,300.0,0.05,0.125,0,884190.0,azure_vm_real_slice
5285,1348200.0,300.0,0.05,0.0625,0,1348890.0,azure_vm_real_slice
5286,1120500.0,600.0,0.05,0.125,0,1121880.0,azure_vm_real_slice
5287,1263600.0,769500.0,0.345503489217279,0.5,0,3033450.0,azure_vm_real_slice
5288,895800.0,1500.0,0.7532868412508117,0.5,2,898500.0,azure_vm_real_slice
5289,1955400.0,1800.0,0.19755346839644175,0.125,0,1959540.0,azure_vm_real_slice
5290,1943100.0,1500.0,0.1796502869047082,0.0625,0,1946550.0,azure_vm_real_slice
5291,1620600.0,12300.0,0.07410019723846499,0.125,0,1648890.0,azure_vm_real_slice
5292,1151400.0,9600.0,0.05,0.125,0,1173480.0,azure_vm_real_slice
5293,2029800.0,3300.0,0.05,0.05,0,2037390.0,azure_vm_real_slice
5294,0.0,2591400.0,0.05,0.05,0,5960220.0,azure_vm_real_slice
5295,0.0,2591400.0,0.05,0.125,0,5960220.0,azure_vm_real_slice
5296,1057800.0,900.0,0.05,0.5,0,1059870.0,azure_vm_real_slice
5297,1010400.0,600.0,0.05,1.0,2,1011480.0,azure_vm_real_slice
5298,1623600.0,7800.0,0.05,0.5,0,1641540.0,azure_vm_real_slice
5299,1438200.0,600.0,0.22275913657406166,0.125,0,1439580.0,azure_vm_real_slice
5300,1740000.0,2700.0,0.05,1.0,2,1744860.0,azure_vm_real_slice
5301,120000.0,300.0,0.05,0.125,0,120690.0,azure_vm_real_slice
5302,537300.0,600.0,0.08601239510624943,0.0625,0,538680.0,azure_vm_real_slice
5303,1863000.0,1200.0,0.05,0.5,0,1865760.0,azure_vm_real_slice
5304,1257300.0,2400.0,0.46870975653924474,0.125,1,1262220.0,azure_vm_real_slice
5305,950700.0,167700.0,0.05,0.5,0,1336410.0,azure_vm_real_slice
5306,0.0,2400.0,0.28379155330996747,0.125,0,5520.0,azure_vm_real_slice
5307,1874100.0,5400.0,0.05,0.125,0,1886520.0,azure_vm_real_slice
5308,472500.0,300.0,0.05,0.5,0,473190.0,azure_vm_real_slice
5309,1608300.0,600.0,0.05,0.5,0,1609680.0,azure_vm_real_slice
5310,690300.0,1500.0,0.17188311917258323,0.5,0,693750.0,azure_vm_real_slice
5311,65100.0,300.0,0.06890795215532033,0.125,0,65790.0,azure_vm_real_slice
5312,487200.0,300.0,0.10044940443229006,0.5,0,487890.0,azure_vm_real_slice
5313,0.0,2591400.0,0.05010944411253267,0.125,0,5960220.0,azure_vm_real_slice
5314,0.0,4800.0,0.06276864295873284,0.125,0,11040.0,azure_vm_real_slice
5315,0.0,2591400.0,0.05,0.05,0,5960220.0,azure_vm_real_slice
5316,1266300.0,600.0,0.23302602371636685,0.125,0,1267680.0,azure_vm_real_slice
5317,545400.0,2700.0,0.05,0.5,0,551610.0,azure_vm_real_slice
5318,1068600.0,600.0,0.05,0.125,0,1069980.0,azure_vm_real_slice
5319,1601400.0,300.0,0.05,0.5,0,1602090.0,azure_vm_real_slice
5320,509400.0,1500.0,0.12193435061431077,0.5,0,512850.0,azure_vm_real_slice
5321,1768500.0,47100.0,0.06346265117830333,0.125,0,1876830.0,azure_vm_real_slice
5322,1195500.0,1500.0,0.05,1.0,2,1198200.0,azure_vm_real_slice
5323,645300.0,300.0,0.05,0.5,0,645990.0,azure_vm_real_slice
5324,1013100.0,87600.0,0.05,0.5,0,1214580.0,azure_vm_real_slice
5325,1357800.0,1200.0,0.14718750479833692,0.125,0,1360560.0,azure_vm_real_slice
5326,883500.0,16800.0,0.8031555865189389,0.5,2,913740.0,azure_vm_real_slice
5327,1665600.0,6000.0,0.42205952144305187,0.05,1,1677900.0,azure_vm_real_slice
5328,1774800.0,2400.0,0.07870455633584697,0.05,0,1780320.0,azure_vm_real_slice
5329,0.0,600.0,0.05,0.5,0,1380.0,azure_vm_real_slice
5330,799800.0,3000.0,0.1814079948295151,0.125,0,806700.0,azure_vm_real_slice
5331,1379700.0,600.0,0.05,0.125,0,1381080.0,azure_vm_real_slice
5332,1751400.0,54300.0,0.05,1.0,2,1849140.0,azure_vm_real_slice
5333,0.0,900.0,0.09767297282198366,0.125,0,2070.0,azure_vm_real_slice
5334,1557600.0,300.0,0.06915685792722832,0.5,2,1558140.0,azure_vm_real_slice
5335,643800.0,600.0,0.05,0.5,0,645180.0,azure_vm_real_slice
5336,1182600.0,600.0,0.056704098945765426,0.5,0,1183980.0,azure_vm_real_slice
5337,350700.0,1800.0,0.05,0.5,0,354840.0,azure_vm_real_slice
5338,0.0,600.0,0.05,0.5,0,1380.0,azure_vm_real_slice
5339,562200.0,1500.0,0.05,0.125,0,565650.0,azure_vm_real_slice
5340,1933500.0,39000.0,0.4123806661369113,0.125,1,2013450.0,azure_vm_real_slice
5341,816300.0,300.0,0.05,0.5,0,816990.0,azure_vm_real_slice
5342,1010700.0,900.0,0.18378986722465673,0.0625,0,1012770.0,azure_vm_real_slice
5343,641700.0,20400.0,0.7976642913619453,0.5,2,678420.0,azure_vm_real_slice
5344,0.0,2591400.0,0.05,0.0625,0,5960220.0,azure_vm_real_slice
5345,1718400.0,300.0,0.05,0.0625,0,1719090.0,azure_vm_real_slice
5346,0.0,900.0,0.18679418232199077,0.5,2,1619.9999999999998,azure_vm_real_slice
5347,0.0,300.0,0.05602441680767426,0.0625,0,690.0,azure_vm_real_slice
5348,0.0,2591400.0,0.10415414193110789,0.0625,0,5960220.0,azure_vm_real_slice
5349,639000.0,2100.0,0.05,1.0,2,642780.0,azure_vm_real_slice
5350,1240200.0,1200.0,0.08029880382902743,0.125,0,1242960.0,azure_vm_real_slice
5351,591000.0,300.0,0.05,0.5,0,591690.0,azure_vm_real_slice
5352,0.0,300.0,0.07818493603259885,0.0625,0,690.0,azure_vm_real_slice
5353,0.0,3900.0,0.08498114027198281,1.0,2,7019.999999999999,azure_vm_real_slice
5354,1955100.0,2700.0,0.09822563559164987,0.0625,0,1961310.0,azure_vm_real_slice
5355,0.0,2700.0,0.09026760999889333,1.0,2,4859.999999999999,azure_vm_real_slice
5356,970500.0,6900.0,0.5952385263985253,0.125,1,984645.0,azure_vm_real_slice
5357,0.0,2591400.0,0.09321318075707279,0.5,0,5960220.0,azure_vm_real_slice
5358,0.0,2591400.0,0.05,0.05,0,5960220.0,azure_vm_real_slice
5359,367800.0,4500.0,0.20796335409941194,0.0625,0,378150.0,azure_vm_real_slice
5360,471000.0,300.0,0.05,0.125,0,471690.0,azure_vm_real_slice
5361,1056900.0,300.0,0.05,0.125,0,1057590.0,azure_vm_real_slice
5362,606600.0,35700.0,0.05,0.5,2,670860.0,azure_vm_real_slice
5363,1192500.0,28500.0,0.5324300219109901,0.5,1,1250925.0,azure_vm_real_slice
5364,2005500.0,900.0,0.12309786093069512,0.125,0,2007570.0,azure_vm_real_slice
5365,0.0,2100.0,0.05,0.5,2,3779.9999999999995,azure_vm_real_slice
5366,309300.0,1200.0,0.14152960345842572,0.5,2,311460.0,azure_vm_real_slice
5367,145800.0,1500.0,0.05,0.125,0,149250.0,azure_vm_real_slice
5368,0.0,1200.0,0.06125676956230808,0.125,0,2760.0,azure_vm_real_slice
5369,0.0,1200.0,0.6230798147814014,0.5,1,2460.0,azure_vm_real_slice
5370,0.0,2100.0,0.05,0.5,0,4830.0,azure_vm_real_slice
5371,321300.0,600.0,0.05,0.125,0,322680.0,azure_vm_real_slice
5372,1262100.0,900.0,0.09771797385042319,0.125,0,1264170.0,azure_vm_real_slice
5373,1180500.0,300.0,0.10945442489707474,0.125,0,1181190.0,azure_vm_real_slice
5374,1467600.0,1200.0,0.2763570631084524,0.5,0,1470360.0,azure_vm_real_slice
5375,0.0,321900.0,0.144523799929585,0.5,0,740370.0,azure_vm_real_slice
5376,107100.0,20400.0,0.1865647961127466,0.5,2,143820.0,azure_vm_real_slice
5377,194100.0,4200.0,0.4290841516583744,0.125,1,202710.0,azure_vm_real_slice
5378,2004900.0,600.0,0.05,0.5,2,2005980.0,azure_vm_real_slice
5379,300300.0,300.0,0.3186311885425775,0.0625,0,300990.0,azure_vm_real_slice
5380,2024700.0,600.0,0.05,0.5,0,2026080.0,azure_vm_real_slice
5381,720000.0,6300.0,0.7719416619228855,0.5,2,731340.0,azure_vm_real_slice
5382,1835700.0,11700.0,0.7569634300122564,0.5,2,1856760.0,azure_vm_real_slice
5383,0.0,300.0,0.05,0.5,0,690.0,azure_vm_real_slice
5384,1859100.0,600.0,0.05,0.5,0,1860480.0,azure_vm_real_slice
5385,1965000.0,68100.0,0.05,0.5,2,2087580.0,azure_vm_real_slice
5386,1445100.0,55200.0,0.1230486346675548,0.0625,0,1572060.0,azure_vm_real_slice
5387,929400.0,1500.0,0.05,1.0,2,932100.0,azure_vm_real_slice
5388,455100.0,1200.0,0.4426377145105993,0.125,1,457560.0,azure_vm_real_slice
5389,1018800.0,900.0,0.08649053700616356,0.125,0,1020870.0,azure_vm_real_slice
5390,1181100.0,1800.0,0.08285359602236941,0.5,2,1184340.0,azure_vm_real_slice
5391,1286100.0,2100.0,0.14963589534215527,0.125,0,1290930.0,azure_vm_real_slice
5392,598500.0,600.0,0.12868211756215112,0.125,0,599880.0,azure_vm_real_slice
5393,1338600.0,230700.0,0.05,0.5,2,1753860.0,azure_vm_real_slice
5394,1329300.0,600.0,0.0725965286192568,0.0625,0,1330680.0,azure_vm_real_slice
5395,56400.0,300.0,0.05,0.5,0,57090.0,azure_vm_real_slice
5396,407400.0,3900.0,0.09475777541159357,0.5,0,416370.0,azure_vm_real_slice
5397,442800.0,900.0,0.06666659564499604,0.5,2,444420.0,azure_vm_real_slice
5398,0.0,2591400.0,0.1417720969141849,0.05,0,5960220.0,azure_vm_real_slice
5399,0.0,300.0,0.07718776063454687,0.125,0,690.0,azure_vm_real_slice
5400,810600.0,300.0,0.05,0.5,0,811290.0,azure_vm_real_slice
5401,0.0,2591400.0,0.07103108367446834,0.125,0,5960220.0,azure_vm_real_slice
5402,0.0,600.0,0.14619578050842877,0.125,0,1380.0,azure_vm_real_slice
5403,1336800.0,696300.0,0.07935542513851711,0.05,0,2938290.0,azure_vm_real_slice
5404,160500.0,2700.0,0.05914756521030234,0.125,0,166710.0,azure_vm_real_slice
5405,617400.0,600.0,0.1163613325231609,0.125,0,618780.0,azure_vm_real_slice
5406,1160400.0,2400.0,0.1234263052933433,0.125,0,1165920.0,azure_vm_real_slice
5407,0.0,39300.0,0.25621216689937193,0.5,2,70740.0,azure_vm_real_slice
5408,0.0,743100.0,0.05,0.0625,0,1709129.9999999998,azure_vm_real_slice
5409,0.0,300.0,0.26857218609190747,0.0625,0,690.0,azure_vm_real_slice
5410,1809600.0,76800.0,0.05,0.125,0,1986240.0,azure_vm_real_slice
5411,1921800.0,3000.0,0.10055533509370697,0.5,0,1928700.0,azure_vm_real_slice
5412,459000.0,4200.0,0.055444279896802326,0.05,0,468660.0,azure_vm_real_slice
5413,1172400.0,600.0,0.05,0.0625,0,1173780.0,azure_vm_real_slice
5414,371100.0,1500.0,0.2917551064080979,0.5,0,374550.0,azure_vm_real_slice
5415,925800.0,900.0,0.05,0.125,0,927870.0,azure_vm_real_slice
5416,704700.0,2700.0,0.1615706751553671,0.5,0,710910.0,azure_vm_real_slice
5417,1113000.0,900.0,0.10632591531725176,0.125,0,1115070.0,azure_vm_real_slice
5418,0.0,298500.0,0.46893206459382936,0.0625,1,611925.0,azure_vm_real_slice
5419,30000.0,1800.0,0.06188802642714518,0.125,0,34140.0,azure_vm_real_slice
5420,1517400.0,1500.0,0.05,0.0625,0,1520850.0,azure_vm_real_slice
5421,559500.0,900.0,0.05,0.5,2,561120.0,azure_vm_real_slice
5422,0.0,600.0,0.05,0.125,0,1380.0,azure_vm_real_slice
5423,1539000.0,3600.0,0.45470746238533066,0.5,1,1546380.0,azure_vm_real_slice
5424,1249800.0,47700.0,0.05,0.125,0,1359510.0,azure_vm_real_slice
5425,871800.0,900.0,0.12104077175621863,0.125,0,873870.0,azure_vm_real_slice
5426,0.0,300.0,0.29886894069682673,0.5,2,540.0,azure_vm_real_slice
5427,1251600.0,6000.0,0.09759111956368643,0.125,0,1265400.0,azure_vm_real_slice
5428,246600.0,2400.0,0.05,0.5,0,252120.0,azure_vm_real_slice
5429,1830000.0,3600.0,0.06684229071963826,0.5,2,1836480.0,azure_vm_real_slice
5430,1243200.0,1500.0,0.24508332504976665,0.5,0,1246650.0,azure_vm_real_slice
5431,363000.0,3000.0,0.05,0.5,0,369900.0,azure_vm_real_slice
5432,246000.0,300.0,0.07388608938402229,0.5,0,246690.0,azure_vm_real_slice
5433,1778400.0,600.0,0.31700220498645154,0.125,0,1779780.0,azure_vm_real_slice
5434,1332900.0,300.0,0.05,0.5,0,1333590.0,azure_vm_real_slice
5435,1784400.0,7200.0,0.05,0.5,2,1797360.0,azure_vm_real_slice
5436,513300.0,300.0,0.05,0.0625,0,513990.0,azure_vm_real_slice
5437,419100.0,300.0,0.2487110817586629,0.05,0,419790.0,azure_vm_real_slice
5438,0.0,2591400.0,0.1146627907936616,0.05,0,5960220.0,azure_vm_real_slice
5439,739200.0,300.0,0.38045450718511103,0.0625,1,739815.0,azure_vm_real_slice
5440,0.0,10500.0,0.18247792906106228,0.05,0,24149.999999999996,azure_vm_real_slice
5441,1937700.0,900.0,0.05,1.0,2,1939320.0,azure_vm_real_slice
5442,342600.0,60300.0,0.31511613766626256,0.125,0,481290.0,azure_vm_real_slice
5443,0.0,59100.0,0.10016107031772342,0.125,0,135930.0,azure_vm_real_slice
5444,1312200.0,7200.0,0.05,0.5,0,1328760.0,azure_vm_real_slice
5445,1157700.0,875400.0,0.1971507555231806,0.5,0,3171120.0,azure_vm_real_slice
5446,0.0,1800.0,0.05,0.5,0,4140.0,azure_vm_real_slice
5447,949500.0,3600.0,0.18301558255508246,0.5,2,955980.0,azure_vm_real_slice
5448,131100.0,900.0,0.26413112679751855,0.0625,0,133170.0,azure_vm_real_slice
5449,1765200.0,600.0,0.0722320753778988,0.5,0,1766580.0,azure_vm_real_slice
5450,1682100.0,10500.0,0.05,0.125,0,1706250.0,azure_vm_real_slice
5451,1924500.0,1500.0,0.05,0.125,0,1927950.0,azure_vm_real_slice
5452,988200.0,6600.0,0.06834517378891453,1.0,2,1000080.0,azure_vm_real_slice
5453,1799400.0,1500.0,0.05,0.5,2,1802100.0,azure_vm_real_slice
5454,0.0,2591400.0,0.11120157225876584,0.05,0,5960220.0,azure_vm_real_slice
5455,869700.0,300.0,0.05,0.5,0,870390.0,azure_vm_real_slice
5456,0.0,2700.0,0.3603847926032118,0.125,1,5534.999999999999,azure_vm_real_slice
5457,678300.0,5700.0,0.08093448681148953,0.5,0,691410.0,azure_vm_real_slice
5458,1593000.0,600.0,0.11589983121256568,0.0625,0,1594380.0,azure_vm_real_slice
5459,397800.0,600.0,0.5064639909726718,0.0625,1,399030.0,azure_vm_real_slice
5460,1098000.0,300.0,0.05,0.125,0,1098690.0,azure_vm_real_slice
5461,1916700.0,600.0,0.05,0.125,0,1918080.0,azure_vm_real_slice
5462,0.0,33300.0,0.38656416183148495,0.125,1,68265.0,azure_vm_real_slice
5463,469500.0,3000.0,0.20290360033909852,0.0625,0,476400.0,azure_vm_real_slice
5464,1899900.0,10200.0,0.6665896869062116,0.5,1,1920810.0,azure_vm_real_slice
5465,0.0,72000.0,0.22336576880499287,0.5,0,165600.0,azure_vm_real_slice
5466,1960200.0,1200.0,0.2981909471980318,0.0625,0,1962960.0,azure_vm_real_slice
5467,7800.0,300.0,0.07055615312825045,0.125,0,8490.0,azure_vm_real_slice
5468,0.0,1200.0,0.05,0.05,0,2760.0,azure_vm_real_slice
5469,0.0,600.0,0.05105729082695707,0.125,0,1380.0,azure_vm_real_slice
5470,0.0,2591400.0,0.05,0.05,0,5960220.0,azure_vm_real_slice
5471,1693500.0,3900.0,0.053562426512405684,0.5,2,1700520.0,azure_vm_real_slice
5472,996900.0,300.0,0.0659873229188431,0.5,0,997590.0,azure_vm_real_slice
5473,1087500.0,600.0,0.3478135346162313,0.05,0,1088880.0,azure_vm_real_slice
5474,471000.0,900.0,0.09061221521742699,0.5,0,473070.0,azure_vm_real_slice
5475,391800.0,900.0,0.05,0.5,0,393870.0,azure_vm_real_slice
5476,1657800.0,600.0,0.28182023702390935,0.125,0,1659180.0,azure_vm_real_slice
5477,1590000.0,300.0,0.05,0.125,0,1590690.0,azure_vm_real_slice
5478,1600200.0,26100.0,0.2828471809557611,0.125,0,1660230.0,azure_vm_real_slice
5479,1110900.0,7800.0,0.08913956418057602,0.5,0,1128840.0,azure_vm_real_slice
5480,0.0,2700.0,0.05,0.5,2,4859.999999999999,azure_vm_real_slice
5481,0.0,300.0,0.05,0.5,2,540.0,azure_vm_real_slice
5482,0.0,300.0,0.07046889911096257,0.5,2,540.0,azure_vm_real_slice
5483,356700.0,1800.0,0.05,0.5,0,360840.0,azure_vm_real_slice
5484,1554300.0,6900.0,0.2066669521824284,0.125,0,1570170.0,azure_vm_real_slice
5485,0.0,1037100.0,0.09778096297341897,0.05,0,2385330.0,azure_vm_real_slice
5486,385800.0,3300.0,0.746970628227333,0.5,1,392565.0,azure_vm_real_slice
5487,1735800.0,7500.0,0.7014007359171641,0.125,1,1751175.0,azure_vm_real_slice
5488,369000.0,300.0,0.05,0.5,0,369690.0,azure_vm_real_slice
5489,96300.0,1200.0,0.07446957439848556,0.125,0,99060.0,azure_vm_real_slice
5490,0.0,73800.0,0.14473567125754025,0.5,2,132840.0,azure_vm_real_slice
5491,0.0,900.0,0.10234226934750389,0.125,0,2070.0,azure_vm_real_slice
5492,1287600.0,300.0,0.10032106042606075,0.125,0,1288290.0,azure_vm_real_slice
5493,1551000.0,1200.0,0.5242613149995178,0.05,1,1553460.0,azure_vm_real_slice
5494,1123800.0,32400.0,0.27280138735170545,1.0,2,1182120.0,azure_vm_real_slice
5495,0.0,900.0,0.28850784660796447,0.125,0,2070.0,azure_vm_real_slice
5496,1695900.0,300.0,0.11917632355517604,0.125,0,1696590.0,azure_vm_real_slice
5497,1827900.0,300.0,0.05,0.125,0,1828590.0,azure_vm_real_slice
5498,0.0,2591400.0,0.052916528500460185,0.05,0,5960220.0,azure_vm_real_slice
5499,0.0,10200.0,0.05,0.125,0,23460.0,azure_vm_real_slice
5500,449400.0,1500.0,0.07457790307890788,0.125,0,452850.0,azure_vm_real_slice
5501,684000.0,1500.0,0.1409451613042505,0.125,0,687450.0,azure_vm_real_slice
5502,1761000.0,1800.0,0.05,0.5,0,1765140.0,azure_vm_real_slice
5503,455100.0,3300.0,0.18518990267430538,0.125,0,462690.0,azure_vm_real_slice
5504,0.0,600.0,0.2659955604422128,0.0625,0,1380.0,azure_vm_real_slice
5505,0.0,2591400.0,0.05,0.5,0,5960220.0,azure_vm_real_slice
5506,1350900.0,300.0,0.05,0.0625,0,1351590.0,azure_vm_real_slice
5507,1877700.0,155400.0,0.12591852358508182,0.125,0,2235120.0,azure_vm_real_slice
5508,1251600.0,5400.0,0.0691806083691079,0.125,0,1264020.0,azure_vm_real_slice
5509,0.0,300.0,0.05,0.125,0,690.0,azure_vm_real_slice
5510,1136700.0,900.0,0.05,1.0,2,1138320.0,azure_vm_real_slice
5511,221400.0,300.0,0.393634292429628,0.0625,1,222015.0,azure_vm_real_slice
5512,1632900.0,600.0,0.16876981523416035,0.125,0,1634280.0,azure_vm_real_slice
5513,717000.0,900.0,0.14101654532824281,0.125,0,719070.0,azure_vm_real_slice
5514,832500.0,600.0,0.05,0.125,0,833880.0,azure_vm_real_slice
5515,0.0,1500.0,0.505590856877912,0.125,1,3074.9999999999995,azure_vm_real_slice
5516,1396500.0,9000.0,0.7952991040610375,0.5,2,1412700.0,azure_vm_real_slice
5517,952800.0,265800.0,0.05,0.125,0,1564140.0,azure_vm_real_slice
5518,1827000.0,300.0,0.05,0.05,0,1827690.0,azure_vm_real_slice
5519,0.0,6300.0,0.17280861095028052,0.5,0,14489.999999999998,azure_vm_real_slice
5520,285000.0,2100.0,0.05,0.5,0,289830.0,azure_vm_real_slice
5521,1626900.0,300.0,0.06839483711621458,0.5,2,1627440.0,azure_vm_real_slice
5522,723600.0,3000.0,0.05,0.0625,0,730500.0,azure_vm_real_slice
5523,254100.0,300.0,0.4393034280368422,0.0625,1,254715.0,azure_vm_real_slice
5524,1310700.0,6000.0,0.06640594426436061,0.125,0,1324500.0,azure_vm_real_slice
5525,742800.0,1800.0,0.10628904000137146,1.0,2,746040.0,azure_vm_real_slice
5526,0.0,2591400.0,0.05,0.125,0,5960220.0,azure_vm_real_slice
5527,1071900.0,28500.0,0.43001375522752505,0.125,1,1130325.0,azure_vm_real_slice
5528,941400.0,12300.0,0.05,0.5,0,969690.0,azure_vm_real_slice
5529,394200.0,600.0,0.153996306022902,1.0,2,395280.0,azure_vm_real_slice
5530,1076700.0,900.0,0.3133749166927501,0.05,0,1078770.0,azure_vm_real_slice
5531,742500.0,300.0,0.05,0.125,0,743190.0,azure_vm_real_slice
5532,1174200.0,4800.0,0.7622872287134738,0.5,2,1182840.0,azure_vm_real_slice
5533,724800.0,5100.0,0.05,0.125,0,736530.0,azure_vm_real_slice
5534,0.0,2591400.0,0.2992300787080829,0.0625,0,5960220.0,azure_vm_real_slice
5535,693000.0,302100.0,0.05,1.0,2,1236780.0,azure_vm_real_slice
5536,0.0,2400.0,0.05,0.0625,0,5520.0,azure_vm_real_slice
5537,2013600.0,600.0,0.05,0.125,0,2014980.0,azure_vm_real_slice
5538,0.0,300.0,0.05,0.125,0,690.0,azure_vm_real_slice
5539,0.0,600.0,0.06502183260798146,0.125,0,1380.0,azure_vm_real_slice
5540,374100.0,11400.0,0.05,0.125,0,400320.0,azure_vm_real_slice
5541,10800.0,300.0,0.05,0.05,0,11490.0,azure_vm_real_slice
5542,440100.0,1200.0,0.24248573955512648,0.5,2,442260.0,azure_vm_real_slice
5543,1250700.0,37800.0,0.4029755773374683,0.125,1,1328190.0,azure_vm_real_slice
5544,0.0,1800.0,0.12263349643558726,0.125,0,4140.0,azure_vm_real_slice
5545,1461300.0,14100.0,0.05,0.5,0,1493730.0,azure_vm_real_slice
5546,519900.0,1500.0,0.05,0.5,0,523350.0,azure_vm_real_slice
5547,1663800.0,266400.0,0.05,0.125,0,2276520.0,azure_vm_real_slice
5548,1449900.0,36600.0,0.21689441959617783,0.0625,0,1534080.0,azure_vm_real_slice
5549,1907700.0,600.0,0.05,0.5,0,1909080.0,azure_vm_real_slice
5550,560400.0,300.0,0.11348398454764058,0.125,0,561090.0,azure_vm_real_slice
5551,1295700.0,300.0,0.3533157258144557,0.0625,1,1296315.0,azure_vm_real_slice
5552,40200.0,300.0,0.05,0.125,0,40890.0,azure_vm_real_slice
5553,203100.0,600.0,0.05,0.5,0,204480.0,azure_vm_real_slice
5554,2007000.0,25200.0,0.325105437583857,0.05,0,2064960.0,azure_vm_real_slice
5555,340200.0,1200.0,0.05,0.5,0,342960.0,azure_vm_real_slice
5556,0.0,900.0,0.18267188701359874,0.0625,0,2070.0,azure_vm_real_slice
5557,0.0,2135100.0,0.08175880962468124,0.5,0,4910730.0,azure_vm_real_slice
5558,1368000.0,18600.0,0.5444550507272703,0.0625,1,1406130.0,azure_vm_real_slice
5559,997800.0,16500.0,0.05396884890289221,0.05,0,1035750.0,azure_vm_real_slice
5560,1462500.0,66600.0,0.38732974157627176,0.0625,1,1599030.0,azure_vm_real_slice
5561,0.0,164400.0,0.05,0.5,0,378119.99999999994,azure_vm_real_slice
5562,556500.0,2400.0,0.07508141723300275,1.0,2,560820.0,azure_vm_real_slice
5563,1151100.0,33000.0,0.3449204112072691,0.125,0,1227000.0,azure_vm_real_slice
5564,1026000.0,1500.0,0.15581636276981226,0.5,2,1028700.0,azure_vm_real_slice
5565,1993800.0,300.0,0.05,0.0625,0,1994490.0,azure_vm_real_slice
5566,0.0,2591400.0,0.1355311526573328,0.05,0,5960220.0,azure_vm_real_slice
5567,1677300.0,900.0,0.2969595466962625,0.125,0,1679370.0,azure_vm_real_slice
5568,1399500.0,1500.0,0.30395964101949985,0.05,0,1402950.0,azure_vm_real_slice
5569,408600.0,262800.0,0.05,0.125,0,1013040.0,azure_vm_real_slice
5570,313800.0,1200.0,0.08277734274839627,0.125,0,316560.0,azure_vm_real_slice
5571,0.0,4200.0,0.3735384164886559,0.125,1,8610.0,azure_vm_real_slice
5572,447000.0,600.0,0.05,0.5,2,448080.0,azure_vm_real_slice
5573,0.0,762300.0,0.11101041615923045,0.0625,0,1753289.9999999998,azure_vm_real_slice
5574,1043400.0,600.0,0.05,0.125,0,1044780.0,azure_vm_real_slice
5575,0.0,1200.0,0.20195497992871292,0.0625,0,2760.0,azure_vm_real_slice
5576,648900.0,31800.0,0.3503584026266471,0.125,1,714090.0,azure_vm_real_slice
5577,137700.0,2100.0,0.19510598682959643,0.0625,0,142530.0,azure_vm_real_slice
5578,0.0,2591400.0,0.056951088972832874,0.05,0,5960220.0,azure_vm_real_slice
5579,1438500.0,12300.0,0.7710087022067235,0.5,2,1460640.0,azure_vm_real_slice
5580,0.0,600.0,0.059485863963803134,0.125,0,1380.0,azure_vm_real_slice
5581,306000.0,1200.0,0.2031164565134207,0.125,0,308760.0,azure_vm_real_slice
5582,924900.0,300.0,0.05,0.5,0,925590.0,azure_vm_real_slice
5583,928500.0,45300.0,0.10884780501586024,0.0625,0,1032690.0,azure_vm_real_slice
5584,1879800.0,600.0,0.05,0.5,0,1881180.0,azure_vm_real_slice
5585,430800.0,43500.0,0.09319536162989875,0.05,0,530850.0,azure_vm_real_slice
5586,1365000.0,300.0,0.05,0.125,0,1365690.0,azure_vm_real_slice
5587,271500.0,5100.0,0.06550632236033423,0.0625,0,283230.0,azure_vm_real_slice
5588,1806000.0,21300.0,0.3513820334764423,0.5,2,1844340.0,azure_vm_real_slice
5589,0.0,300.0,0.7556497200329134,0.0625,2,540.0,azure_vm_real_slice
5590,1864200.0,300.0,0.05,0.05,0,1864890.0,azure_vm_real_slice
5591,0.0,2591400.0,0.05,0.5,2,4664520.0,azure_vm_real_slice
5592,0.0,600.0,0.07905472755535804,0.5,2,1080.0,azure_vm_real_slice
5593,0.0,3600.0,0.05,0.5,2,6479.999999999999,azure_vm_real_slice
5594,1280700.0,5400.0,0.5269657148603946,0.125,1,1291770.0,azure_vm_real_slice
5595,462000.0,600.0,0.1032189360549747,0.5,0,463380.0,azure_vm_real_slice
5596,1534800.0,900.0,0.10390429327539158,0.5,2,1536420.0,azure_vm_real_slice
5597,0.0,300.0,0.05,0.125,0,690.0,azure_vm_real_slice
5598,839400.0,1200.0,0.06922801063725832,0.125,0,842160.0,azure_vm_real_slice
5599,985200.0,34800.0,0.33379362915434435,0.125,0,1065240.0,azure_vm_real_slice
5600,0.0,300.0,0.16104670261286247,0.05,0,690.0,azure_vm_real_slice
5601,111000.0,1800.0,0.05,0.5,0,115140.0,azure_vm_real_slice
5602,1259100.0,20700.0,0.05,0.125,0,1306710.0,azure_vm_real_slice
5603,628500.0,1500.0,0.36135045349888584,0.5,1,631575.0,azure_vm_real_slice
5604,552000.0,900.0,0.09519831835604213,0.125,0,554070.0,azure_vm_real_slice
5605,1231800.0,1500.0,0.05,1.0,2,1234500.0,azure_vm_real_slice
5606,0.0,1800.0,0.07925864245191447,0.0625,0,4140.0,azure_vm_real_slice
5607,1218000.0,6600.0,0.7433176969766718,0.5,1,1231530.0,azure_vm_real_slice
5608,0.0,300.0,0.3791512586236695,0.0625,1,615.0,azure_vm_real_slice
5609,286200.0,9000.0,0.05,0.0625,0,306900.0,azure_vm_real_slice
5610,916500.0,300.0,0.09437054806129243,0.125,0,917190.0,azure_vm_real_slice
5611,0.0,3900.0,0.05614523775652629,0.5,2,7019.999999999999,azure_vm_real_slice
5612,616500.0,600.0,0.05,0.125,0,617880.0,azure_vm_real_slice
5613,630900.0,5400.0,0.09392184513463865,0.5,2,640620.0,azure_vm_real_slice
5614,0.0,14400.0,0.08195744887512892,0.05,0,33120.0,azure_vm_real_slice
5615,0.0,14100.0,0.13305338605838046,0.05,0,32429.999999999996,azure_vm_real_slice
5616,0.0,600.0,0.05,0.5,0,1380.0,azure_vm_real_slice
5617,569400.0,600.0,0.05,0.5,0,570780.0,azure_vm_real_slice
5618,0.0,3600.0,0.09732546332588975,0.5,0,8280.0,azure_vm_real_slice
5619,0.0,600.0,0.2620489092821825,0.125,0,1380.0,azure_vm_real_slice
5620,340200.0,900.0,0.06740989576579996,0.5,0,342270.0,azure_vm_real_slice
5621,174000.0,600.0,0.27373396644073383,0.125,0,175380.0,azure_vm_real_slice
5622,1547700.0,1500.0,0.5863912029749393,0.05,1,1550775.0,azure_vm_real_slice
5623,954000.0,600.0,0.05,0.5,0,955380.0,azure_vm_real_slice
5624,1480200.0,900.0,0.13539612097925693,0.125,0,1482270.0,azure_vm_real_slice
5625,0.0,54000.0,0.46309645434943036,0.125,1,110699.99999999999,azure_vm_real_slice
5626,1856100.0,600.0,0.05,0.125,0,1857480.0,azure_vm_real_slice
5627,0.0,2591400.0,0.06254726607804362,0.5,2,4664520.0,azure_vm_real_slice
5628,0.0,300.0,0.05,0.125,0,690.0,azure_vm_real_slice
5629,854100.0,300.0,0.05,0.0625,0,854790.0,azure_vm_real_slice
5630,1895400.0,600.0,0.05,0.5,0,1896780.0,azure_vm_real_slice
5631,0.0,600.0,0.05,0.05,0,1380.0,azure_vm_real_slice
5632,0.0,900.0,0.14600583027374664,0.125,0,2070.0,azure_vm_real_slice
5633,1681800.0,1200.0,0.05,0.125,0,1684560.0,azure_vm_real_slice
5634,0.0,2400.0,0.48970381505334326,0.05,1,4920.0,azure_vm_real_slice
5635,0.0,2100.0,0.05,0.5,0,4830.0,azure_vm_real_slice
5636,984600.0,3000.0,0.05,0.0625,0,991500.0,azure_vm_real_slice
5637,12900.0,300.0,0.3399974145190741,0.0625,0,13590.0,azure_vm_real_slice
5638,371400.0,600.0,0.05,0.5,0,372780.0,azure_vm_real_slice
5639,836400.0,5700.0,0.08102310775313909,0.125,0,849510.0,azure_vm_real_slice
5640,0.0,300.0,0.05,0.05,0,690.0,azure_vm_real_slice
5641,1948500.0,900.0,0.05,0.125,0,1950570.0,azure_vm_real_slice
5642,1189800.0,22500.0,0.15038138194331807,0.125,0,1241550.0,azure_vm_real_slice
5643,0.0,17100.0,0.3311146164820679,0.125,0,39330.0,azure_vm_real_slice
5644,0.0,59100.0,0.0791162593481832,0.125,0,135930.0,azure_vm_real_slice
5645,0.0,2591400.0,0.06439894237662218,0.125,0,5960220.0,azure_vm_real_slice
5646,1806000.0,34500.0,0.24695993839916125,0.5,2,1868100.0,azure_vm_real_slice
5647,410700.0,9300.0,0.6909166029353675,0.125,1,429765.0,azure_vm_real_slice
5648,0.0,1500.0,0.45984248549244405,0.125,1,3074.9999999999995,azure_vm_real_slice
5649,121200.0,600.0,0.08028826076457127,0.125,0,122580.0,azure_vm_real_slice
5650,0.0,900.0,0.14586265711427662,0.125,0,2070.0,azure_vm_real_slice
5651,785700.0,600.0,0.058400952849793034,0.125,0,787080.0,azure_vm_real_slice
5652,213300.0,12900.0,0.05,0.0625,0,242970.0,azure_vm_real_slice
5653,0.0,22800.0,0.3172788736468495,0.125,0,52439.99999999999,azure_vm_real_slice
5654,1849800.0,1500.0,0.316306356924896,0.5,0,1853250.0,azure_vm_real_slice
5655,1921800.0,3600.0,0.5879902852194827,0.05,1,1929180.0,azure_vm_real_slice
5656,1502100.0,4500.0,0.05,0.125,0,1512450.0,azure_vm_real_slice
5657,1931700.0,1500.0,0.2612605528395136,0.5,0,1935150.0,azure_vm_real_slice
5658,1864800.0,2400.0,0.16773950024875542,0.125,0,1870320.0,azure_vm_real_slice
5659,486900.0,600.0,0.05,0.125,0,488280.0,azure_vm_real_slice
5660,1646700.0,300.0,0.11782917073955003,0.125,0,1647390.0,azure_vm_real_slice
5661,0.0,2591400.0,0.09149011715593147,0.05,0,5960220.0,azure_vm_real_slice
5662,0.0,2591400.0,0.08225966798232973,0.5,0,5960220.0,azure_vm_real_slice
5663,1950900.0,300.0,0.05,0.05,0,1951590.0,azure_vm_real_slice
5664,538200.0,1494900.0,0.05,0.5,2,3229019.9999999995,azure_vm_real_slice
5665,0.0,300.0,0.05,0.5,0,690.0,azure_vm_real_slice
5666,0.0,300.0,0.11191050155995841,0.125,0,690.0,azure_vm_real_slice
5667,1545000.0,1200.0,0.3642979971798344,0.05,1,1547460.0,azure_vm_real_slice
5668,603300.0,600.0,0.05,0.0625,0,604680.0,azure_vm_real_slice
5669,0.0,2591400.0,0.05338221045985168,0.0625,0,5960220.0,azure_vm_real_slice
5670,174600.0,300.0,0.05,0.5,0,175290.0,azure_vm_real_slice
5671,0.0,600.0,0.11369339319651511,0.125,0,1380.0,azure_vm_real_slice
5672,1245600.0,300.0,0.0863421754182652,0.125,0,1246290.0,azure_vm_real_slice
5673,534600.0,8700.0,0.058505638377094486,0.0625,0,554610.0,azure_vm_real_slice
5674,948600.0,42900.0,0.18659845709160663,0.5,2,1025820.0,azure_vm_real_slice
5675,0.0,13800.0,0.3172444732509681,0.125,0,31739.999999999996,azure_vm_real_slice
5676,1237500.0,1800.0,0.39187316073379486,0.5,1,1241190.0,azure_vm_real_slice
5677,0.0,2591400.0,0.09403757760329005,0.05,0,5960220.0,azure_vm_real_slice
5678,1851900.0,2100.0,0.08729886103966358,1.0,2,1855680.0,azure_vm_real_slice
5679,371700.0,600.0,0.05749144825425847,0.125,0,373080.0,azure_vm_real_slice
5680,1444200.0,900.0,0.10586310700480245,0.125,0,1446270.0,azure_vm_real_slice
5681,0.0,1487100.0,0.05,0.0625,0,3420329.9999999995,azure_vm_real_slice
5682,1480200.0,3000.0,0.7781668849738854,0.5,2,1485600.0,azure_vm_real_slice
5683,723900.0,36600.0,0.05,0.0625,0,808080.0,azure_vm_real_slice
5684,964500.0,300.0,0.05,0.125,0,965190.0,azure_vm_real_slice
5685,0.0,2591400.0,0.10433764548814621,0.125,0,5960220.0,azure_vm_real_slice
5686,0.0,669000.0,0.14115004017470725,0.125,0,1538699.9999999998,azure_vm_real_slice
5687,1877700.0,2400.0,0.05,0.5,0,1883220.0,azure_vm_real_slice
5688,0.0,505500.0,0.05,0.5,0,1162650.0,azure_vm_real_slice
5689,0.0,2700.0,0.05,0.5,0,6209.999999999999,azure_vm_real_slice
5690,214500.0,2100.0,0.4275246819405153,0.125,1,218805.0,azure_vm_real_slice
5691,1967700.0,5700.0,0.05,0.5,0,1980810.0,azure_vm_real_slice
5692,0.0,2591400.0,0.5435171732766504,0.0625,1,5312370.0,azure_vm_real_slice
5693,0.0,300.0,0.08191168575667941,0.125,0,690.0,azure_vm_real_slice
5694,645300.0,13500.0,0.7775809507130654,0.5,2,669600.0,azure_vm_real_slice
5695,655800.0,900.0,0.05,0.5,0,657870.0,azure_vm_real_slice
5696,284100.0,4800.0,0.05,0.125,0,295140.0,azure_vm_real_slice
5697,299700.0,300.0,0.14691554861432363,0.125,0,300390.0,azure_vm_real_slice
5698,990600.0,14100.0,0.3118652531565462,0.5,0,1023030.0,azure_vm_real_slice
5699,1845300.0,1200.0,0.20921077307581634,0.125,0,1848060.0,azure_vm_real_slice
5700,0.0,2591400.0,0.05,0.0625,0,5960220.0,azure_vm_real_slice
5701,1755600.0,10800.0,0.10940618487128835,0.5,0,1780440.0,azure_vm_real_slice
5702,514500.0,87300.0,0.05,0.125,0,715290.0,azure_vm_real_slice
5703,1857000.0,36000.0,0.4567036192689479,0.125,1,1930800.0,azure_vm_real_slice
5704,0.0,1800.0,0.265467858464506,0.125,0,4140.0,azure_vm_real_slice
5705,1084500.0,2700.0,0.27632447810736444,0.125,0,1090710.0,azure_vm_real_slice
5706,1029000.0,1500.0,0.11053292282786678,0.5,2,1031700.0,azure_vm_real_slice
5707,742800.0,4200.0,0.5146311923693705,0.05,1,751410.0,azure_vm_real_slice
5708,1189800.0,300.0,0.05,0.5,0,1190490.0,azure_vm_real_slice
5709,0.0,600.0,0.05,0.5,0,1380.0,azure_vm_real_slice
5710,969900.0,12300.0,0.05,1.0,2,992040.0,azure_vm_real_slice
5711,0.0,2591400.0,0.07457201899043041,0.05,0,5960220.0,azure_vm_real_slice
5712,456600.0,4200.0,0.12686116399029065,0.125,0,466260.0,azure_vm_real_slice
5713,0.0,1500.0,0.30789539774840974,0.125,0,3449.9999999999995,azure_vm_real_slice
5714,1078500.0,1200.0,0.05859017882452613,0.5,0,1081260.0,azure_vm_real_slice
5715,0.0,2591400.0,0.05,0.0625,0,5960220.0,azure_vm_real_slice
5716,0.0,2043600.0,0.05,0.5,0,4700280.0,azure_vm_real_slice
5717,1626900.0,600.0,0.05,0.5,0,1628280.0,azure_vm_real_slice
5718,1955700.0,600.0,0.05,0.125,0,1957080.0,azure_vm_real_slice
5719,1052100.0,1800.0,0.6927033585690023,0.5,1,1055790.0,azure_vm_real_slice
5720,196500.0,34500.0,0.3897005794748104,0.125,1,267225.0,azure_vm_real_slice
5721,1918800.0,1200.0,0.25945027096099144,0.5,0,1921560.0,azure_vm_real_slice
5722,1668900.0,1200.0,0.32598607974688093,0.125,0,1671660.0,azure_vm_real_slice
5723,0.0,2591400.0,0.10352116667497296,0.05,0,5960220.0,azure_vm_real_slice
5724,0.0,2591400.0,0.060702484216981316,0.0625,0,5960220.0,azure_vm_real_slice
5725,0.0,5100.0,0.05,0.125,0,11730.0,azure_vm_real_slice
5726,1038000.0,300.0,0.05,0.0625,0,1038690.0,azure_vm_real_slice
5727,82800.0,10500.0,0.5788838498463686,0.5,1,104325.0,azure_vm_real_slice
5728,1932000.0,51900.0,0.05,0.125,0,2051370.0,azure_vm_real_slice
5729,0.0,1800.0,0.05,0.5,0,4140.0,azure_vm_real_slice
5730,1257900.0,600.0,0.05,0.125,0,1259280.0,azure_vm_real_slice
5731,1148400.0,600.0,0.05,0.125,0,1149780.0,azure_vm_real_slice
5732,126300.0,2100.0,0.18715193214614828,1.0,2,130080.0,azure_vm_real_slice
5733,632100.0,1200.0,0.05,0.5,0,634860.0,azure_vm_real_slice
5734,528300.0,3600.0,0.6153396591296157,0.05,1,535680.0,azure_vm_real_slice
5735,0.0,300.0,0.05,0.125,0,690.0,azure_vm_real_slice
5736,1568400.0,1200.0,0.3133175650720623,0.05,0,1571160.0,azure_vm_real_slice
5737,0.0,2591400.0,0.13101411880636507,0.05,0,5960220.0,azure_vm_real_slice
5738,524100.0,1200.0,0.36430314040943956,0.5,2,526260.0,azure_vm_real_slice
5739,1106100.0,600.0,0.07554480007028516,0.125,0,1107480.0,azure_vm_real_slice
5740,196500.0,300.0,0.6206722771015887,0.0625,1,197115.0,azure_vm_real_slice
5741,808500.0,1200.0,0.05,0.0625,0,811260.0,azure_vm_real_slice
5742,0.0,432300.0,0.17828780595145688,0.125,0,994289.9999999999,azure_vm_real_slice
5743,0.0,3300.0,0.30941607045743186,0.05,0,7589.999999999999,azure_vm_real_slice
5744,1268100.0,900.0,0.09636160945943655,0.125,0,1270170.0,azure_vm_real_slice
5745,1045500.0,57600.0,0.05,0.5,0,1177980.0,azure_vm_real_slice
5746,1778400.0,9000.0,0.05,1.0,2,1794600.0,azure_vm_real_slice
5747,1536600.0,21900.0,0.05,0.125,0,1586970.0,azure_vm_real_slice
5748,0.0,3000.0,0.2526100555376818,0.05,0,6899.999999999999,azure_vm_real_slice
5749,1791300.0,5400.0,0.18430854069459,0.0625,0,1803720.0,azure_vm_real_slice
5750,0.0,2591400.0,0.06925873671624222,0.5,0,5960220.0,azure_vm_real_slice
5751,1680600.0,1500.0,0.6125728975106676,0.125,1,1683675.0,azure_vm_real_slice
5752,1864200.0,300.0,0.05,0.5,0,1864890.0,azure_vm_real_slice
5753,1023000.0,16800.0,0.08567729721522807,0.0625,0,1061640.0,azure_vm_real_slice
5754,609300.0,600.0,0.2257643879210579,0.125,0,610680.0,azure_vm_real_slice
5755,456000.0,5100.0,0.05409886232514518,0.125,0,467730.0,azure_vm_real_slice
5756,0.0,7200.0,0.3512517760268014,0.5,1,14759.999999999998,azure_vm_real_slice
5757,511500.0,3900.0,0.05,1.0,2,518520.0,azure_vm_real_slice
5758,120600.0,1200.0,0.29723586248058365,0.05,0,123360.0,azure_vm_real_slice
5759,957000.0,7200.0,0.09439338820340877,0.05,0,973560.0,azure_vm_real_slice
5760,486900.0,58200.0,0.06745581933730016,0.125,0,620760.0,azure_vm_real_slice
5761,501000.0,1800.0,0.2107946756036856,0.125,0,505140.0,azure_vm_real_slice
5762,151800.0,900.0,0.09092314837125803,0.125,0,153870.0,azure_vm_real_slice
5763,1565100.0,45900.0,0.2221414288563582,0.5,2,1647720.0,azure_vm_real_slice
5764,901500.0,300.0,0.12759010480241323,0.5,0,902190.0,azure_vm_real_slice
5765,39300.0,1800.0,0.5058753824375485,0.125,1,42990.0,azure_vm_real_slice
5766,710700.0,600.0,0.34771266267191103,0.125,0,712080.0,azure_vm_real_slice
5767,1832100.0,300.0,0.07928293961560147,0.125,0,1832790.0,azure_vm_real_slice
5768,0.0,600.0,0.05,0.5,0,1380.0,azure_vm_real_slice
5769,0.0,3000.0,0.6345104613499789,0.125,1,6149.999999999999,azure_vm_real_slice
5770,0.0,4800.0,0.05,0.0625,0,11040.0,azure_vm_real_slice
5771,1251900.0,5400.0,0.09951190765757105,0.125,0,1264320.0,azure_vm_real_slice
5772,1145700.0,300.0,0.05,0.125,0,1146390.0,azure_vm_real_slice
5773,1178400.0,1500.0,0.05,1.0,2,1181100.0,azure_vm_real_slice
5774,0.0,300.0,0.057985699071533,0.125,0,690.0,azure_vm_real_slice
5775,501300.0,147600.0,0.05,1.0,2,766980.0,azure_vm_real_slice
5776,1751700.0,1500.0,0.15085073466604462,1.0,2,1754400.0,azure_vm_real_slice
5777,0.0,2100.0,0.05,0.5,0,4830.0,azure_vm_real_slice
5778,1860900.0,1200.0,0.05,0.5,0,1863660.0,azure_vm_real_slice
5779,525600.0,300.0,0.05,1.0,2,526140.0,azure_vm_real_slice
5780,375300.0,600.0,0.10790419173680192,0.125,0,376680.0,azure_vm_real_slice
5781,0.0,2100.0,0.05,0.05,0,4830.0,azure_vm_real_slice
5782,1652100.0,300.0,0.05,0.125,0,1652790.0,azure_vm_real_slice
5783,0.0,300.0,0.05,0.125,0,690.0,azure_vm_real_slice
5784,1930500.0,1500.0,0.2804158585527606,0.5,0,1933950.0,azure_vm_real_slice
5785,739200.0,900.0,0.10645202600816274,0.05,0,741270.0,azure_vm_real_slice
5786,1876800.0,1800.0,0.05,0.125,0,1880940.0,azure_vm_real_slice
5787,1134300.0,898800.0,0.05,0.0625,0,3201540.0,azure_vm_real_slice
5788,1059000.0,1500.0,0.05,0.5,0,1062450.0,azure_vm_real_slice
5789,0.0,9600.0,0.05,0.0625,0,22080.0,azure_vm_real_slice
5790,0.0,5400.0,0.10169911709824243,0.5,0,12419.999999999998,azure_vm_real_slice
5791,1780500.0,300.0,0.05,0.0625,0,1781190.0,azure_vm_real_slice
5792,1159200.0,85800.0,0.05,0.5,0,1356540.0,azure_vm_real_slice
5793,0.0,7500.0,0.14988171968903896,0.5,0,17250.0,azure_vm_real_slice
5794,31500.0,54000.0,0.05,0.0625,0,155700.0,azure_vm_real_slice
5795,938400.0,600.0,0.05,0.5,0,939780.0,azure_vm_real_slice
5796,976500.0,600.0,0.05,0.125,0,977880.0,azure_vm_real_slice
5797,432600.0,41700.0,0.05224614548971019,0.0625,0,528510.0,azure_vm_real_slice
5798,460500.0,2100.0,0.230567857518649,0.125,0,465330.0,azure_vm_real_slice
5799,1761000.0,6900.0,0.7297994653302485,0.5,1,1775145.0,azure_vm_real_slice
5800,957600.0,300.0,0.14239889082512092,0.5,0,958290.0,azure_vm_real_slice
5801,1249800.0,2400.0,0.08741005148429248,0.5,2,1254120.0,azure_vm_real_slice
5802,0.0,5100.0,0.05,0.125,0,11730.0,azure_vm_real_slice
5803,1008000.0,1200.0,0.05,0.0625,0,1010760.0,azure_vm_real_slice
5804,1597500.0,600.0,0.44504133322975514,0.0625,1,1598730.0,azure_vm_real_slice
5805,175500.0,300.0,0.08704796303824498,0.125,0,176190.0,azure_vm_real_slice
5806,1784100.0,300.0,0.08920548714528719,0.125,0,1784790.0,azure_vm_real_slice
5807,758700.0,600.0,0.062378625319624445,0.5,0,760080.0,azure_vm_real_slice
5808,399300.0,5700.0,0.739277800090509,0.5,1,410985.0,azure_vm_real_slice
5809,199200.0,1200.0,0.05,0.0625,0,201960.0,azure_vm_real_slice
5810,0.0,300.0,0.05,0.125,0,690.0,azure_vm_real_slice
5811,108000.0,300.0,0.05,0.5,0,108690.0,azure_vm_real_slice
5812,0.0,2591400.0,0.05546925078195741,0.125,0,5960220.0,azure_vm_real_slice
5813,43200.0,300.0,0.05,0.5,0,43890.0,azure_vm_real_slice
5814,672600.0,1200.0,0.05,0.0625,0,675360.0,azure_vm_real_slice
5815,1432200.0,300.0,0.05,0.125,0,1432890.0,azure_vm_real_slice
5816,1818900.0,65700.0,0.05,0.0625,0,1970010.0,azure_vm_real_slice
5817,1765800.0,300.0,0.23656920315346017,0.125,0,1766490.0,azure_vm_real_slice
5818,1380900.0,1800.0,0.7763841974477792,0.5,2,1384140.0,azure_vm_real_slice
5819,1286400.0,600.0,0.08145099696842065,0.5,0,1287780.0,azure_vm_real_slice
5820,83700.0,16500.0,0.22160230732840028,0.5,0,121650.0,azure_vm_real_slice
5821,1002000.0,300.0,0.05,0.05,0,1002690.0,azure_vm_real_slice
5822,0.0,3000.0,0.0930853657856958,0.125,0,6899.999999999999,azure_vm_real_slice
5823,0.0,2591400.0,0.05956856961559038,0.0625,0,5960220.0,azure_vm_real_slice
5824,0.0,6600.0,0.05,0.125,0,15179.999999999998,azure_vm_real_slice
5825,0.0,900.0,0.1798565584787134,0.05,0,2070.0,azure_vm_real_slice
5826,1534500.0,2100.0,0.1569800353291577,0.125,0,1539330.0,azure_vm_real_slice
5827,0.0,14700.0,0.08148244828117529,0.5,2,26459.999999999996,azure_vm_real_slice
5828,0.0,300.0,0.05040743100755018,0.125,0,690.0,azure_vm_real_slice
5829,1752600.0,600.0,0.11802870327038656,0.125,0,1753980.0,azure_vm_real_slice
5830,0.0,6000.0,0.5798972243381761,0.125,1,12299.999999999998,azure_vm_real_slice
5831,0.0,600.0,0.21141134328331052,0.125,0,1380.0,azure_vm_real_slice
5832,2010300.0,300.0,0.05,0.5,0,2010990.0,azure_vm_real_slice
5833,1545000.0,1500.0,0.07082152222627464,0.5,2,1547700.0,azure_vm_real_slice
5834,101700.0,300.0,0.05,0.5,2,102240.0,azure_vm_real_slice
5835,0.0,300.0,0.05,0.5,0,690.0,azure_vm_real_slice
5836,0.0,2700.0,0.05,0.5,0,6209.999999999999,azure_vm_real_slice
5837,841200.0,57000.0,0.15206729761604493,0.0625,0,972300.0,azure_vm_real_slice
5838,0.0,14700.0,0.19692704018627566,0.0625,0,33810.0,azure_vm_real_slice
5839,1809600.0,300.0,0.05,0.125,0,1810290.0,azure_vm_real_slice
5840,1648200.0,300.0,0.05,0.5,0,1648890.0,azure_vm_real_slice
5841,752700.0,2700.0,0.15660056668383268,0.5,0,758910.0,azure_vm_real_slice
5842,1638000.0,300.0,0.0791855188481654,0.05,0,1638690.0,azure_vm_real_slice
5843,0.0,3300.0,0.05,0.5,2,5939.999999999999,azure_vm_real_slice
5844,0.0,2591400.0,0.05,0.05,0,5960220.0,azure_vm_real_slice
5845,1063200.0,300.0,0.23767598699065937,0.5,2,1063740.0,azure_vm_real_slice
5846,385500.0,600.0,0.06990337853136686,0.125,0,386880.0,azure_vm_real_slice
5847,1577400.0,45000.0,0.8031342171828452,0.5,2,1658400.0,azure_vm_real_slice
5848,0.0,11400.0,0.16101687572837664,0.5,2,20519.999999999996,azure_vm_real_slice
5849,14100.0,600.0,0.05,0.5,0,15480.0,azure_vm_real_slice
5850,304500.0,300.0,0.05402338048506686,0.5,0,305190.0,azure_vm_real_slice
5851,0.0,600.0,0.05,0.125,0,1380.0,azure_vm_real_slice
5852,1111200.0,2400.0,0.1070653330325953,0.125,0,1116720.0,azure_vm_real_slice
5853,1225200.0,300.0,0.23058993828254443,0.125,0,1225890.0,azure_vm_real_slice
5854,609300.0,900.0,0.37453131642405924,0.0625,1,611145.0,azure_vm_real_slice
5855,1272000.0,761100.0,0.14503858639994388,0.05,0,3022530.0,azure_vm_real_slice
5856,250200.0,8400.0,0.22881845485551291,0.5,0,269520.0,azure_vm_real_slice
5857,0.0,1831200.0,0.13203727242891689,0.5,0,4211760.0,azure_vm_real_slice
5858,1936800.0,37500.0,0.4400455302672171,0.125,1,2013675.0,azure_vm_real_slice
5859,1746900.0,4200.0,0.4458915868701812,0.5,1,1755510.0,azure_vm_real_slice
5860,685200.0,2400.0,0.05,0.5,0,690720.0,azure_vm_real_slice
5861,448500.0,900.0,0.1408533114304122,0.5,2,450120.0,azure_vm_real_slice
5862,845100.0,300.0,0.0921815861998687,0.0625,0,845790.0,azure_vm_real_slice
5863,1575900.0,600.0,0.05,0.0625,0,1577280.0,azure_vm_real_slice
5864,1254000.0,1500.0,0.553940761202245,0.5,1,1257075.0,azure_vm_real_slice
5865,1833600.0,900.0,0.16362699438659623,0.125,0,1835670.0,azure_vm_real_slice
5866,1004700.0,2100.0,0.22192307605730163,0.0625,0,1009530.0,azure_vm_real_slice
5867,0.0,11700.0,0.21213352559318152,0.5,0,26909.999999999996,azure_vm_real_slice
5868,0.0,900.0,0.05,0.125,0,2070.0,azure_vm_real_slice
5869,1511700.0,521400.0,0.19826398758491373,0.5,2,2450220.0,azure_vm_real_slice
5870,939600.0,300.0,0.05,0.125,0,940290.0,azure_vm_real_slice
5871,1337100.0,7500.0,0.2574116238207462,0.0625,0,1354350.0,azure_vm_real_slice
5872,0.0,6900.0,0.18416794606617473,1.0,2,12419.999999999998,azure_vm_real_slice
5873,1313400.0,14100.0,0.05,0.125,0,1345830.0,azure_vm_real_slice
5874,229800.0,300.0,0.14430365311665724,0.0625,0,230490.0,azure_vm_real_slice
5875,1470600.0,1500.0,0.21284440334613777,0.125,0,1474050.0,azure_vm_real_slice
5876,0.0,900.0,0.05,0.5,0,2070.0,azure_vm_real_slice
5877,1182900.0,900.0,0.3169585044209046,1.0,2,1184520.0,azure_vm_real_slice
5878,1662300.0,600.0,0.10560781700229191,0.125,0,1663680.0,azure_vm_real_slice
5879,966000.0,1800.0,0.3310391256706647,0.5,0,970140.0,azure_vm_real_slice
5880,339300.0,3600.0,0.08888463620109559,0.5,2,345780.0,azure_vm_real_slice
5881,401400.0,3000.0,0.34128834295847726,0.0625,0,408300.0,azure_vm_real_slice
5882,1832700.0,900.0,0.05312540591755892,0.125,0,1834770.0,azure_vm_real_slice
5883,130200.0,77700.0,0.05,0.0625,0,308910.0,azure_vm_real_slice
5884,0.0,900.0,0.05,0.5,0,2070.0,azure_vm_real_slice
5885,0.0,2591400.0,0.2603726177298284,0.125,0,5960220.0,azure_vm_real_slice
5886,1169400.0,300.0,0.05,0.0625,0,1170090.0,azure_vm_real_slice
5887,504900.0,4200.0,0.06388021891551776,0.125,0,514560.0,azure_vm_real_slice
5888,217200.0,300.0,0.13589598778478032,0.125,0,217890.0,azure_vm_real_slice
5889,0.0,300.0,0.05,0.125,0,690.0,azure_vm_real_slice
5890,1179000.0,900.0,0.11225976408131694,0.125,0,1181070.0,azure_vm_real_slice
5891,1941900.0,300.0,0.18027158933800044,0.125,0,1942590.0,azure_vm_real_slice
5892,1410000.0,50400.0,0.4454661381262512,0.125,1,1513320.0,azure_vm_real_slice
5893,0.0,900.0,0.05,0.05,0,2070.0,azure_vm_real_slice
5894,0.0,2591400.0,0.12685841018667224,0.05,0,5960220.0,azure_vm_real_slice
5895,1622100.0,300.0,0.10228301660274043,0.125,0,1622790.0,azure_vm_real_slice
5896,0.0,1200.0,0.05,0.5,0,2760.0,azure_vm_real_slice
5897,0.0,2591400.0,0.08086404394591212,0.05,0,5960220.0,azure_vm_real_slice
5898,1293000.0,900.0,0.1303021168736368,0.125,0,1295070.0,azure_vm_real_slice
5899,0.0,3000.0,0.6202662710638588,0.05,1,6149.999999999999,azure_vm_real_slice
5900,1157100.0,16800.0,0.05,0.125,0,1195740.0,azure_vm_real_slice
5901,1761600.0,4500.0,0.4014498284957455,0.05,1,1770825.0,azure_vm_real_slice
5902,1883700.0,600.0,0.05,0.5,0,1885080.0,azure_vm_real_slice
5903,0.0,2591400.0,0.06438966965080631,0.0625,0,5960220.0,azure_vm_real_slice
5904,565200.0,23700.0,0.07847689631197526,0.5,2,607860.0,azure_vm_real_slice
5905,0.0,42000.0,0.59479717876402,0.125,1,86099.99999999999,azure_vm_real_slice
5906,999900.0,900.0,0.05,0.0625,0,1001970.0,azure_vm_real_slice
5907,0.0,300.0,0.05,0.125,0,690.0,azure_vm_real_slice
5908,214200.0,300.0,0.38674767377370217,0.0625,1,214815.0,azure_vm_real_slice
5909,3300.0,2100.0,0.05521567395929275,0.125,0,8130.0,azure_vm_real_slice
5910,441600.0,900.0,0.05,0.5,0,443670.0,azure_vm_real_slice
5911,1824900.0,34200.0,0.16638197390516155,0.5,2,1886460.0,azure_vm_real_slice
5912,1216200.0,600.0,0.05,0.5,0,1217580.0,azure_vm_real_slice
5913,0.0,2591400.0,0.09416644762039476,0.05,0,5960220.0,azure_vm_real_slice
5914,19200.0,300.0,0.11666178860529015,0.125,0,19890.0,azure_vm_real_slice
5915,1968600.0,300.0,0.3606293428073546,0.125,1,1969215.0,azure_vm_real_slice
5916,1320900.0,2700.0,0.33724547140297517,0.125,0,1327110.0,azure_vm_real_slice
5917,1548000.0,1200.0,0.6735817356705054,0.05,1,1550460.0,azure_vm_real_slice
5918,674400.0,2100.0,0.10271811966592007,0.0625,0,679230.0,azure_vm_real_slice
5919,98400.0,300.0,0.05603170423843953,0.125,0,99090.0,azure_vm_real_slice
5920,576600.0,1456500.0,0.11793714361861701,0.05,0,3926549.9999999995,azure_vm_real_slice
5921,1622400.0,33900.0,0.22565313347339575,0.0625,0,1700370.0,azure_vm_real_slice
5922,1676700.0,3000.0,0.05,0.5,0,1683600.0,azure_vm_real_slice
5923,986700.0,300.0,0.05,0.5,0,987390.0,azure_vm_real_slice
5924,437400.0,145800.0,0.10714597562311134,0.125,0,772740.0,azure_vm_real_slice
5925,1607100.0,600.0,0.05,0.5,2,1608180.0,azure_vm_real_slice
5926,1104000.0,900.0,0.5955749316114276,0.125,1,1105845.0,azure_vm_real_slice
5927,938400.0,2100.0,0.05,1.0,2,942180.0,azure_vm_real_slice
5928,0.0,2591400.0,0.10671370717247862,0.05,0,5960220.0,azure_vm_real_slice
5929,571200.0,600.0,0.10188064797091094,0.125,0,572580.0,azure_vm_real_slice
5930,1681200.0,300.0,0.06380837199968925,0.125,0,1681890.0,azure_vm_real_slice
5931,837900.0,300.0,0.12742638183578378,0.125,0,838590.0,azure_vm_real_slice
5932,0.0,900.0,0.09275870736503394,0.125,0,2070.0,azure_vm_real_slice
5933,0.0,2591400.0,0.05,0.5,0,5960220.0,azure_vm_real_slice
5934,688500.0,600.0,0.07388176779796242,0.125,0,689880.0,azure_vm_real_slice
5935,1019700.0,1200.0,0.06602762535226087,0.125,0,1022460.0,azure_vm_real_slice
5936,1258800.0,300.0,0.05,0.5,0,1259490.0,azure_vm_real_slice
5937,1547700.0,15300.0,0.1559809014932894,0.5,2,1575240.0,azure_vm_real_slice
5938,1634700.0,300.0,0.05,0.5,0,1635390.0,azure_vm_real_slice
5939,0.0,600.0,0.06451915822733263,0.125,0,1380.0,azure_vm_real_slice
5940,465300.0,600.0,0.0918847769561654,0.125,0,466680.0,azure_vm_real_slice
5941,0.0,1500.0,0.11197136749520138,0.5,0,3449.9999999999995,azure_vm_real_slice
5942,0.0,300.0,0.6081912306395324,0.05,1,615.0,azure_vm_real_slice
5943,1624800.0,2700.0,0.5227069436128962,0.05,1,1630335.0,azure_vm_real_slice
5944,4800.0,300.0,0.05,0.5,0,5490.0,azure_vm_real_slice
5945,1023000.0,300.0,0.11631768077499098,0.125,0,1023690.0,azure_vm_real_slice
5946,1116900.0,5400.0,0.07233933673589023,0.05,0,1129320.0,azure_vm_real_slice
5947,52500.0,300.0,0.2952829763305131,0.05,0,53190.0,azure_vm_real_slice
5948,262200.0,1500.0,0.23208431427247536,0.125,0,265650.0,azure_vm_real_slice
5949,1555200.0,1800.0,0.05,0.5,0,1559340.0,azure_vm_real_slice
5950,1546800.0,600.0,0.05,1.0,2,1547880.0,azure_vm_real_slice
5951,1890900.0,54300.0,0.05,0.5,0,2015790.0,azure_vm_real_slice
5952,1626900.0,19200.0,0.2496166843140572,0.0625,0,1671060.0,azure_vm_real_slice
5953,723900.0,5100.0,0.7188923461297253,0.5,1,734355.0,azure_vm_real_slice
5954,0.0,1800.0,0.6382980104073667,0.125,1,3689.9999999999995,azure_vm_real_slice
5955,0.0,2591400.0,0.05,0.05,0,5960220.0,azure_vm_real_slice
5956,0.0,2591400.0,0.06623408868378006,0.125,0,5960220.0,azure_vm_real_slice
5957,0.0,600.0,0.39563420325246407,0.5,1,1230.0,azure_vm_real_slice
5958,0.0,600.0,0.05,0.0625,0,1380.0,azure_vm_real_slice
5959,1120800.0,3300.0,0.15446499696428875,0.5,0,1128390.0,azure_vm_real_slice
5960,401100.0,300.0,0.05,0.5,2,401640.0,azure_vm_real_slice
5961,1988700.0,1800.0,0.08351989837547723,0.125,0,1992840.0,azure_vm_real_slice
5962,1624500.0,900.0,0.05,0.125,0,1626570.0,azure_vm_real_slice
5963,1617900.0,600.0,0.09117433718326212,0.125,0,1619280.0,azure_vm_real_slice
5964,0.0,1800.0,0.06520685077563654,0.0625,0,4140.0,azure_vm_real_slice
5965,882600.0,900.0,0.1128151629171398,0.125,0,884670.0,azure_vm_real_slice
5966,595200.0,67800.0,0.2781320848811937,0.0625,0,751140.0,azure_vm_real_slice
5967,927000.0,6000.0,0.07607610753296964,0.5,0,940800.0,azure_vm_real_slice
5968,0.0,1500.0,0.05,0.0625,0,3449.9999999999995,azure_vm_real_slice
5969,0.0,15600.0,0.08074960847027354,0.0625,0,35880.0,azure_vm_real_slice
5970,0.0,2591400.0,0.08945997845050675,0.05,0,5960220.0,azure_vm_real_slice
5971,0.0,2591400.0,0.05,0.0625,0,5960220.0,azure_vm_real_slice
5972,1595400.0,3000.0,0.6598338270386869,0.125,1,1601550.0,azure_vm_real_slice
5973,100800.0,600.0,0.0766694631731039,0.125,0,102180.0,azure_vm_real_slice
5974,1633500.0,4200.0,0.12833892300881888,0.125,0,1643160.0,azure_vm_real_slice
5975,396000.0,300.0,0.06863561244454279,0.5,0,396690.0,azure_vm_real_slice
5976,0.0,2591400.0,0.05,0.0625,0,5960220.0,azure_vm_real_slice
5977,495300.0,300.0,0.2100940033015912,0.05,0,495990.0,azure_vm_real_slice
5978,408300.0,600.0,0.05,0.5,2,409380.0,azure_vm_real_slice
5979,1109400.0,300.0,0.05,0.0625,0,1110090.0,azure_vm_real_slice
5980,0.0,2591400.0,0.0927024875232216,0.05,0,5960220.0,azure_vm_real_slice
5981,896400.0,300.0,0.05,0.5,0,897090.0,azure_vm_real_slice
5982,1232700.0,300.0,0.05,0.5,0,1233390.0,azure_vm_real_slice
5983,1774800.0,900.0,0.383231623956588,0.0625,1,1776645.0,azure_vm_real_slice
5984,1427400.0,600.0,0.16991860238442943,0.05,0,1428780.0,azure_vm_real_slice
5985,404100.0,3000.0,0.4685613236304136,0.05,1,410250.0,azure_vm_real_slice
5986,1870200.0,600.0,0.05,0.5,0,1871580.0,azure_vm_real_slice
5987,0.0,300.0,0.2507324045247521,0.125,0,690.0,azure_vm_real_slice
5988,0.0,2143500.0,0.05,0.0625,0,4930050.0,azure_vm_real_slice
5989,149700.0,300.0,0.08451166329386521,0.0625,0,150390.0,azure_vm_real_slice
5990,0.0,1500.0,0.05,0.5,0,3449.9999999999995,azure_vm_real_slice
5991,1943700.0,35700.0,0.4947100839736933,0.05,1,2016885.0,azure_vm_real_slice
5992,580500.0,600.0,0.07611696603081014,0.5,0,581880.0,azure_vm_real_slice
5993,0.0,2591400.0,0.05,0.05,0,5960220.0,azure_vm_real_slice
5994,1515300.0,15000.0,0.05,0.125,0,1549800.0,azure_vm_real_slice
5995,0.0,600.0,0.12126821589775728,0.125,0,1380.0,azure_vm_real_slice
5996,1206000.0,300.0,0.05,0.5,0,1206690.0,azure_vm_real_slice
5997,723600.0,36900.0,0.44943505797685485,0.125,1,799245.0,azure_vm_real_slice
5998,0.0,1500.0,0.08389062767984606,0.125,0,3449.9999999999995,azure_vm_real_slice
5999,476400.0,2400.0,0.05,0.0625,0,481920.0,azure_vm_real_slice
6000,534600.0,54300.0,0.15491790561295773,0.5,2,632340.0,azure_vm_real_slice
6001,513000.0,900.0,0.051244045626023936,0.5,0,515070.0,azure_vm_real_slice
6002,970500.0,900.0,0.23656994369009215,0.125,0,972570.0,azure_vm_real_slice
6003,207300.0,300.0,0.1742520864566366,0.0625,0,207990.0,azure_vm_real_slice
6004,1502700.0,900.0,0.29285861642264577,0.125,0,1504770.0,azure_vm_real_slice
6005,1305900.0,19800.0,0.11156646682192572,0.05,0,1351440.0,azure_vm_real_slice
6006,0.0,2700.0,0.32547920847250417,0.125,0,6209.999999999999,azure_vm_real_slice
6007,547800.0,4500.0,0.197983036429974,0.125,0,558150.0,azure_vm_real_slice
6008,1185900.0,600.0,0.0805822343752048,0.5,0,1187280.0,azure_vm_real_slice
6009,1429500.0,1800.0,0.23520551393726954,0.125,0,1433640.0,azure_vm_real_slice
6010,0.0,900.0,0.18542070450658796,0.05,0,2070.0,azure_vm_real_slice
6011,0.0,300.0,0.05,0.125,0,690.0,azure_vm_real_slice
6012,5700.0,2700.0,0.2795955631510115,0.5,0,11910.0,azure_vm_real_slice
6013,994800.0,11400.0,0.05,0.125,0,1021020.0,azure_vm_real_slice
6014,649800.0,2400.0,0.05,0.5,0,655320.0,azure_vm_real_slice
6015,1406100.0,600.0,0.05,0.5,0,1407480.0,azure_vm_real_slice
6016,1816800.0,7500.0,0.09243629720101505,0.05,0,1834050.0,azure_vm_real_slice
6017,1652400.0,1500.0,0.1142120435472952,0.125,0,1655850.0,azure_vm_real_slice
6018,264600.0,1200.0,0.4232453256251425,0.5,1,267060.0,azure_vm_real_slice
6019,576600.0,4800.0,0.05,0.5,0,587640.0,azure_vm_real_slice
6020,1407000.0,600.0,0.30441133445344976,0.125,0,1408380.0,azure_vm_real_slice
6021,420000.0,2400.0,0.05,0.5,0,425520.0,azure_vm_real_slice
6022,1678200.0,1200.0,0.05,0.0625,0,1680960.0,azure_vm_real_slice
6023,128400.0,1200.0,0.15423019484283235,0.5,2,130560.0,azure_vm_real_slice
6024,1781400.0,600.0,0.43467178609469437,0.0625,1,1782630.0,azure_vm_real_slice
6025,0.0,527700.0,0.19810799437149282,0.05,0,1213710.0,azure_vm_real_slice
6026,1278000.0,5400.0,0.05,0.5,2,1287720.0,azure_vm_real_slice
6027,1394400.0,600.0,0.05,0.125,0,1395780.0,azure_vm_real_slice
6028,840000.0,5700.0,0.49076374712442883,0.05,1,851685.0,azure_vm_real_slice
6029,0.0,600.0,0.05,0.0625,0,1380.0,azure_vm_real_slice
6030,0.0,300.0,0.07951963326094597,0.0625,0,690.0,azure_vm_real_slice
6031,1383600.0,300.0,0.05,0.5,2,1384140.0,azure_vm_real_slice
6032,1545000.0,1200.0,0.40018978589379045,0.05,1,1547460.0,azure_vm_real_slice
6033,0.0,2591400.0,0.1631451641960223,0.05,0,5960220.0,azure_vm_real_slice
6034,99300.0,600.0,0.12343279101144489,0.125,0,100680.0,azure_vm_real_slice
6035,0.0,86100.0,0.05,0.5,0,198029.99999999997,azure_vm_real_slice
6036,0.0,900.0,0.05,0.125,0,2070.0,azure_vm_real_slice
6037,0.0,600.0,0.05,0.125,0,1380.0,azure_vm_real_slice
6038,647700.0,2100.0,0.07456590820282898,0.5,0,652530.0,azure_vm_real_slice
6039,917400.0,1200.0,0.07764690519528437,0.5,0,920160.0,azure_vm_real_slice
6040,0.0,19200.0,0.10001947540714308,0.0625,0,44160.0,azure_vm_real_slice
6041,581400.0,34200.0,0.21300588021828673,0.05,0,660060.0,azure_vm_real_slice
6042,0.0,17400.0,0.20312263505831166,0.05,0,40020.0,azure_vm_real_slice
6043,1401000.0,900.0,0.11989774179596527,0.125,0,1403070.0,azure_vm_real_slice
6044,354600.0,134100.0,0.09984918334632889,0.5,0,663030.0,azure_vm_real_slice
6045,421800.0,900.0,0.06108208200857221,0.125,0,423870.0,azure_vm_real_slice
6046,0.0,3600.0,0.5755447441610027,0.05,1,7379.999999999999,azure_vm_real_slice
6047,670800.0,300.0,0.05,0.5,0,671490.0,azure_vm_real_slice
6048,247200.0,11700.0,0.20173667731890155,0.0625,0,274110.0,azure_vm_real_slice
6049,0.0,18000.0,0.05,0.125,0,41400.0,azure_vm_real_slice
6050,1773300.0,27000.0,0.07240941751719657,0.125,0,1835400.0,azure_vm_real_slice
6051,1448400.0,300.0,0.05,0.125,0,1449090.0,azure_vm_real_slice
6052,0.0,3600.0,0.5470236813817458,0.125,1,7379.999999999999,azure_vm_real_slice
6053,637800.0,2700.0,0.42717202120123027,0.125,1,643335.0,azure_vm_real_slice
6054,1711200.0,600.0,0.05,0.0625,0,1712580.0,azure_vm_real_slice
6055,1585500.0,300.0,0.05,0.0625,0,1586190.0,azure_vm_real_slice
6056,0.0,2591400.0,0.125239926537021,0.05,0,5960220.0,azure_vm_real_slice
6057,527400.0,550800.0,0.05,0.125,0,1794240.0,azure_vm_real_slice
6058,2700.0,900.0,0.12817714601351765,0.5,2,4320.0,azure_vm_real_slice
6059,298500.0,900.0,0.1671939245051744,0.5,2,300120.0,azure_vm_real_slice
6060,0.0,777300.0,0.19760841271102042,0.125,0,1787789.9999999998,azure_vm_real_slice
6061,0.0,300.0,0.05,0.5,0,690.0,azure_vm_real_slice
6062,641400.0,600.0,0.05,0.125,0,642780.0,azure_vm_real_slice
6063,9300.0,300.0,0.2770635499408518,0.5,0,9990.0,azure_vm_real_slice
6064,1665900.0,367200.0,0.05,0.5,0,2510460.0,azure_vm_real_slice
6065,0.0,600.0,0.2178972980886954,0.125,0,1380.0,azure_vm_real_slice
6066,1080300.0,600.0,0.05428408046685064,0.125,0,1081680.0,azure_vm_real_slice
6067,0.0,31200.0,0.3330694092308871,0.125,0,71760.0,azure_vm_real_slice
6068,185100.0,130500.0,0.3237246798260667,0.125,0,485250.0,azure_vm_real_slice
6069,0.0,300.0,0.05,0.0625,0,690.0,azure_vm_real_slice
6070,1755000.0,300.0,0.05,0.5,0,1755690.0,azure_vm_real_slice
6071,0.0,6000.0,0.05,0.125,0,13799.999999999998,azure_vm_real_slice
6072,501000.0,134100.0,0.05,0.125,0,809430.0,azure_vm_real_slice
6073,693000.0,300.0,0.18221066942719522,0.125,0,693690.0,azure_vm_real_slice
6074,657600.0,300.0,0.05,0.5,0,658290.0,azure_vm_real_slice
6075,0.0,300.0,0.05,0.125,0,690.0,azure_vm_real_slice
6076,0.0,17700.0,0.05,0.05,0,40710.0,azure_vm_real_slice
6077,1544700.0,1500.0,0.3982247538700235,0.05,1,1547775.0,azure_vm_real_slice
6078,803400.0,900.0,0.05,0.5,0,805470.0,azure_vm_real_slice
6079,447000.0,1800.0,0.25773179851516237,0.5,0,451140.0,azure_vm_real_slice
6080,1253700.0,300.0,0.05,0.0625,0,1254390.0,azure_vm_real_slice
6081,787200.0,900.0,0.05,0.5,0,789270.0,azure_vm_real_slice
6082,1673400.0,2100.0,0.05,0.125,0,1678230.0,azure_vm_real_slice
6083,1827000.0,10500.0,0.05,0.125,0,1851150.0,azure_vm_real_slice
6084,1052100.0,600.0,0.3151718878783423,0.5,0,1053480.0,azure_vm_real_slice
6085,561900.0,8400.0,0.2772686150824781,0.05,0,581220.0,azure_vm_real_slice
6086,0.0,2400.0,0.05,0.5,0,5520.0,azure_vm_real_slice
6087,78000.0,258600.0,0.05,0.125,0,672780.0,azure_vm_real_slice
6088,39600.0,300.0,0.05,0.5,0,40290.0,azure_vm_real_slice
6089,673800.0,900.0,0.11113815850970182,0.125,0,675870.0,azure_vm_real_slice
6090,0.0,300.0,0.05,0.125,0,690.0,azure_vm_real_slice
6091,180900.0,300.0,0.05,0.125,0,181590.0,azure_vm_real_slice
6092,1332000.0,600.0,0.07382680294450984,0.125,0,1333380.0,azure_vm_real_slice
6093,0.0,2591400.0,0.05,0.125,0,5960220.0,azure_vm_real_slice
6094,1446000.0,2700.0,0.37745389775705623,0.125,1,1451535.0,azure_vm_real_slice
6095,0.0,13200.0,0.11662075272632624,0.5,2,23759.999999999996,azure_vm_real_slice
6096,1362900.0,600.0,0.05,0.0625,0,1364280.0,azure_vm_real_slice
6097,0.0,2591400.0,0.5461771524710919,0.125,1,5312370.0,azure_vm_real_slice
6098,890400.0,15000.0,0.05,0.125,0,924900.0,azure_vm_real_slice
6099,0.0,600.0,0.14469172856546889,0.125,0,1380.0,azure_vm_real_slice
6100,1329900.0,600.0,0.05,0.5,0,1331280.0,azure_vm_real_slice
6101,299400.0,22500.0,0.27932936407698317,0.125,0,351150.0,azure_vm_real_slice
6102,312600.0,1500.0,0.05,0.5,2,315300.0,azure_vm_real_slice
6103,0.0,300.0,0.05,0.125,0,690.0,azure_vm_real_slice
6104,0.0,300.0,0.05,0.0625,0,690.0,azure_vm_real_slice
6105,0.0,600.0,0.15666291325396925,0.125,0,1380.0,azure_vm_real_slice
6106,1336800.0,696300.0,0.05,0.125,0,2938290.0,azure_vm_real_slice
6107,649200.0,3300.0,0.4168651604548054,0.125,1,655965.0,azure_vm_real_slice
6108,276300.0,2400.0,0.05,0.5,0,281820.0,azure_vm_real_slice
6109,0.0,300.0,0.05,0.0625,0,690.0,azure_vm_real_slice
6110,1115400.0,300.0,0.05,0.125,0,1116090.0,azure_vm_real_slice
6111,1106700.0,3900.0,0.4370779336174312,0.5,1,1114695.0,azure_vm_real_slice
6112,1703700.0,2400.0,0.45372631062780205,0.125,1,1708620.0,azure_vm_real_slice
6113,616800.0,1200.0,0.05,0.0625,0,619560.0,azure_vm_real_slice
6114,1828800.0,51000.0,0.21596639649494448,0.125,0,1946100.0,azure_vm_real_slice
6115,63600.0,34500.0,0.09032507772449469,0.125,0,142950.0,azure_vm_real_slice
6116,260400.0,300.0,0.315366964901231,0.0625,0,261090.0,azure_vm_real_slice
6117,360900.0,5400.0,0.09410414190227367,0.5,2,370620.0,azure_vm_real_slice
6118,1048200.0,600.0,0.05,0.5,0,1049580.0,azure_vm_real_slice
6119,435000.0,1200.0,0.10196575636852971,0.125,0,437760.0,azure_vm_real_slice
6120,0.0,2591400.0,0.05,0.5,0,5960220.0,azure_vm_real_slice
6121,689400.0,2100.0,0.1810797932808573,0.5,0,694230.0,azure_vm_real_slice
6122,1185000.0,848100.0,0.20234595838935687,0.0625,0,3135630.0,azure_vm_real_slice
6123,940800.0,300.0,0.05,0.5,0,941490.0,azure_vm_real_slice
6124,0.0,1800.0,0.05,0.5,0,4140.0,azure_vm_real_slice
6125,0.0,21600.0,0.44209407757915203,0.0625,1,44279.99999999999,azure_vm_real_slice
6126,0.0,1200.0,0.5991763046914518,0.5,1,2460.0,azure_vm_real_slice
6127,0.0,2591400.0,0.2895873592916519,0.125,0,5960220.0,azure_vm_real_slice
6128,0.0,300.0,0.05,0.0625,0,690.0,azure_vm_real_slice
6129,0.0,1703100.0,0.08539433345272078,0.05,0,3917129.9999999995,azure_vm_real_slice
6130,0.0,8700.0,0.6353795145451112,0.5,1,17835.0,azure_vm_real_slice
6131,0.0,300.0,0.05,0.0625,0,690.0,azure_vm_real_slice
6132,249300.0,4800.0,0.05,0.5,0,260340.0,azure_vm_real_slice
6133,0.0,900.0,0.05,0.125,0,2070.0,azure_vm_real_slice
6134,0.0,2591400.0,0.11605546839172004,0.05,0,5960220.0,azure_vm_real_slice
6135,792000.0,300.0,0.05,0.125,0,792690.0,azure_vm_real_slice
6136,0.0,189300.0,0.05,0.5,0,435389.99999999994,azure_vm_real_slice
6137,556500.0,300.0,0.05,0.125,0,557190.0,azure_vm_real_slice
6138,0.0,300.0,0.05,0.125,0,690.0,azure_vm_real_slice
6139,165000.0,1500.0,0.05,0.0625,0,168450.0,azure_vm_real_slice
6140,1215600.0,32700.0,0.3553672543229344,0.5,1,1282635.0,azure_vm_real_slice
6141,0.0,300.0,0.05,0.125,0,690.0,azure_vm_real_slice
6142,1974600.0,14700.0,0.1745715500638124,0.0625,0,2008410.0,azure_vm_real_slice
6143,1703400.0,1500.0,0.05333343712622541,0.5,0,1706850.0,azure_vm_real_slice
6144,1215900.0,2100.0,0.5239648890374924,0.125,1,1220205.0,azure_vm_real_slice
6145,897900.0,300.0,0.05,0.125,0,898590.0,azure_vm_real_slice
6146,0.0,600.0,0.10805742187800751,0.125,0,1380.0,azure_vm_real_slice
6147,1196100.0,900.0,0.05,0.125,0,1198170.0,azure_vm_real_slice
6148,84600.0,3000.0,0.2752678589460137,0.5,0,91500.0,azure_vm_real_slice
6149,1251300.0,1200.0,0.14559734726532877,0.125,0,1254060.0,azure_vm_real_slice
6150,0.0,900.0,0.13743319364927936,0.125,0,2070.0,azure_vm_real_slice
6151,1450500.0,2700.0,0.22863243578986037,0.0625,0,1456710.0,azure_vm_real_slice
6152,682200.0,1500.0,0.13541686880898568,0.05,0,685650.0,azure_vm_real_slice
6153,0.0,300.0,0.05,0.125,0,690.0,azure_vm_real_slice
6154,561600.0,28800.0,0.41622817364238884,0.05,1,620640.0,azure_vm_real_slice
6155,1185000.0,51900.0,0.05,0.0625,0,1304370.0,azure_vm_real_slice
6156,0.0,2400.0,0.05,0.5,0,5520.0,azure_vm_real_slice
6157,1242300.0,31500.0,0.41454584221095575,0.125,1,1306875.0,azure_vm_real_slice
6158,0.0,8100.0,0.14045489621588075,0.125,0,18630.0,azure_vm_real_slice
6159,0.0,1114200.0,0.3476662653445722,0.5,2,2005559.9999999998,azure_vm_real_slice
6160,0.0,2591400.0,0.05,0.125,0,5960220.0,azure_vm_real_slice
6161,0.0,2591400.0,0.10294187902405115,0.05,0,5960220.0,azure_vm_real_slice
6162,824400.0,900.0,0.05,0.125,0,826470.0,azure_vm_real_slice
6163,1262700.0,2700.0,0.05,0.5,0,1268910.0,azure_vm_real_slice
6164,1935900.0,1500.0,0.2116531452434788,0.125,0,1939350.0,azure_vm_real_slice
6165,105300.0,900.0,0.0638635206931649,0.125,0,107370.0,azure_vm_real_slice
6166,554400.0,600.0,0.3772135760155434,0.125,1,555630.0,azure_vm_real_slice
6167,90600.0,522900.0,0.05,0.125,0,1293270.0,azure_vm_real_slice
6168,1578600.0,15600.0,0.1308918681089204,0.0625,0,1614480.0,azure_vm_real_slice
6169,1542000.0,900.0,0.3682688108137892,0.05,1,1543845.0,azure_vm_real_slice
6170,76200.0,1200.0,0.05,0.5,0,78960.0,azure_vm_real_slice
6171,1157100.0,876000.0,0.07122007291078597,0.05,0,3171900.0,azure_vm_real_slice
6172,0.0,600.0,0.09054712699986064,0.125,0,1380.0,azure_vm_real_slice
6173,528600.0,600.0,0.25889668029199403,0.125,0,529980.0,azure_vm_real_slice
6174,1372500.0,600.0,0.05,0.0625,0,1373880.0,azure_vm_real_slice
6175,570000.0,7800.0,0.08936888882710164,0.5,2,584040.0,azure_vm_real_slice
6176,1194600.0,1500.0,0.4283860247549165,0.0625,1,1197675.0,azure_vm_real_slice
6177,709500.0,1500.0,0.6799125890020191,0.5,1,712575.0,azure_vm_real_slice
6178,303300.0,300.0,0.37867133736934167,0.05,1,303915.0,azure_vm_real_slice
6179,1474500.0,600.0,0.05,1.0,2,1475580.0,azure_vm_real_slice
6180,0.0,623700.0,0.087590415121872,0.05,0,1434510.0,azure_vm_real_slice
6181,1653000.0,3600.0,0.325209098692301,0.125,0,1661280.0,azure_vm_real_slice
6182,210300.0,300.0,0.05,0.5,0,210990.0,azure_vm_real_slice
6183,1566900.0,1800.0,0.6368793709994102,0.125,1,1570590.0,azure_vm_real_slice
6184,0.0,1200.0,0.06668472718804141,0.125,0,2760.0,azure_vm_real_slice
6185,151200.0,300.0,0.055717842589258805,0.125,0,151890.0,azure_vm_real_slice
6186,1561800.0,9300.0,0.06925951585351717,0.05,0,1583190.0,azure_vm_real_slice
6187,0.0,2591400.0,0.05,0.5,0,5960220.0,azure_vm_real_slice
6188,0.0,300.0,0.05,0.05,0,690.0,azure_vm_real_slice
6189,1744200.0,600.0,0.08107339593975,0.125,0,1745580.0,azure_vm_real_slice
6190,121200.0,2700.0,0.16008626465760434,0.5,0,127410.0,azure_vm_real_slice
6191,0.0,300.0,0.05,0.5,0,690.0,azure_vm_real_slice
6192,323100.0,1800.0,0.05,0.5,0,327240.0,azure_vm_real_slice
6193,1246800.0,94800.0,0.340542953981767,0.0625,0,1464840.0,azure_vm_real_slice
6194,0.0,1800.0,0.11920565074815452,0.0625,0,4140.0,azure_vm_real_slice
6195,587400.0,900.0,0.09125551221024626,0.125,0,589470.0,azure_vm_real_slice
6196,475200.0,2400.0,0.05,0.5,0,480720.0,azure_vm_real_slice
6197,0.0,300.0,0.36326753070423057,0.05,1,615.0,azure_vm_real_slice
6198,1659600.0,3600.0,0.6023980401388271,0.125,1,1666980.0,azure_vm_real_slice
6199,1179000.0,300.0,0.05,0.125,0,1179690.0,azure_vm_real_slice
6200,0.0,2100.0,0.05,0.5,0,4830.0,azure_vm_real_slice
6201,1279800.0,300.0,0.05,0.5,0,1280490.0,azure_vm_real_slice
6202,0.0,300.0,0.05,0.125,0,690.0,azure_vm_real_slice
6203,991500.0,300.0,0.05,0.5,0,992190.0,azure_vm_real_slice
6204,1248000.0,18900.0,0.40301192203404923,0.0625,1,1286745.0,azure_vm_real_slice
6205,1579200.0,300.0,0.05,0.0625,0,1579890.0,azure_vm_real_slice
6206,1519800.0,2100.0,0.2287004392214365,0.5,0,1524630.0,azure_vm_real_slice
6207,313800.0,900.0,0.09072733103329038,0.125,0,315870.0,azure_vm_real_slice
6208,1338300.0,900.0,0.059200942702084224,1.0,2,1339920.0,azure_vm_real_slice
6209,0.0,24900.0,0.3714743003971921,0.125,1,51044.99999999999,azure_vm_real_slice
6210,551100.0,900.0,0.05,1.0,2,552720.0,azure_vm_real_slice
6211,326400.0,600.0,0.05,0.125,0,327780.0,azure_vm_real_slice
6212,1762500.0,300.0,0.05,0.125,0,1763190.0,azure_vm_real_slice
6213,1972500.0,300.0,0.4116125922002358,0.125,1,1973115.0,azure_vm_real_slice
6214,1910400.0,12300.0,0.28314423740086697,0.5,2,1932540.0,azure_vm_real_slice
6215,0.0,404100.0,0.05,0.5,0,929429.9999999999,azure_vm_real_slice
6216,1534800.0,5100.0,0.5970445067926684,0.125,1,1545255.0,azure_vm_real_slice
6217,1805100.0,2100.0,0.32477437116626307,0.5,2,1808880.0,azure_vm_real_slice
6218,0.0,1800.0,0.7479531969131337,0.5,1,3689.9999999999995,azure_vm_real_slice
6219,1844400.0,3900.0,0.05,0.125,0,1853370.0,azure_vm_real_slice
6220,1958400.0,74700.0,0.23838071440903277,0.0625,0,2130210.0,azure_vm_real_slice
6221,1206900.0,600.0,0.05,0.125,0,1208280.0,azure_vm_real_slice
6222,0.0,300.0,0.08098151958810312,0.125,0,690.0,azure_vm_real_slice
6223,1160400.0,600.0,0.10832274668030097,0.0625,0,1161780.0,azure_vm_real_slice
6224,652200.0,98100.0,0.0665336163830934,0.125,0,877830.0,azure_vm_real_slice
6225,397500.0,600.0,0.05,0.5,0,398880.0,azure_vm_real_slice
6226,1202400.0,600.0,0.05,0.5,2,1203480.0,azure_vm_real_slice
6227,142200.0,300.0,0.2845021833488432,0.0625,0,142890.0,azure_vm_real_slice
6228,1232400.0,2100.0,0.05,0.5,0,1237230.0,azure_vm_real_slice
6229,608400.0,300.0,0.13107102849513091,0.0625,0,609090.0,azure_vm_real_slice
6230,0.0,1800.0,0.06271713435850618,0.5,0,4140.0,azure_vm_real_slice
6231,0.0,300.0,0.05,0.125,0,690.0,azure_vm_real_slice
6232,1376700.0,525900.0,0.05,0.125,0,2586270.0,azure_vm_real_slice
6233,202200.0,2400.0,0.05,0.5,0,207720.0,azure_vm_real_slice
6234,317400.0,600.0,0.05,0.5,0,318780.0,azure_vm_real_slice
6235,0.0,2591400.0,0.10955712403481285,0.05,0,5960220.0,azure_vm_real_slice
6236,66000.0,31200.0,0.09351246679589742,0.125,0,137760.0,azure_vm_real_slice
6237,504600.0,31800.0,0.05,0.125,0,577740.0,azure_vm_real_slice
6238,622200.0,600.0,0.05,0.5,0,623580.0,azure_vm_real_slice
6239,1119600.0,600.0,0.05,0.5,0,1120980.0,azure_vm_real_slice
6240,0.0,2591400.0,0.05,0.125,0,5960220.0,azure_vm_real_slice
6241,94800.0,300.0,0.05,0.0625,0,95490.0,azure_vm_real_slice
6242,1870200.0,2700.0,0.3699465086983487,0.125,1,1875735.0,azure_vm_real_slice
6243,1221900.0,600.0,0.05,0.5,0,1223280.0,azure_vm_real_slice
6244,789900.0,1500.0,0.05,0.125,0,793350.0,azure_vm_real_slice
6245,0.0,300.0,0.05,0.125,0,690.0,azure_vm_real_slice
6246,1725300.0,900.0,0.05,0.125,0,1727370.0,azure_vm_real_slice
6247,0.0,3000.0,0.776121389068767,0.5,2,5399.999999999999,azure_vm_real_slice
6248,0.0,600.0,0.20530976643550733,0.125,0,1380.0,azure_vm_real_slice
6249,1151700.0,3600.0,0.12916763662690575,0.0625,0,1159980.0,azure_vm_real_slice
6250,0.0,600.0,0.05,0.125,0,1380.0,azure_vm_real_slice
6251,1560900.0,600.0,0.05,0.0625,0,1562280.0,azure_vm_real_slice
6252,474600.0,1800.0,0.11712126128796366,0.125,0,478740.0,azure_vm_real_slice
6253,0.0,300.0,0.05,0.125,0,690.0,azure_vm_real_slice
6254,210600.0,15600.0,0.28800078928764683,0.5,0,246480.0,azure_vm_real_slice
6255,857400.0,3600.0,0.15896022070034443,0.5,2,863880.0,azure_vm_real_slice
6256,63000.0,53700.0,0.5044367151223869,0.125,1,173085.0,azure_vm_real_slice
6257,0.0,2591400.0,0.1486277929063213,0.05,0,5960220.0,azure_vm_real_slice
6258,885300.0,300.0,0.05,0.125,0,885990.0,azure_vm_real_slice
6259,0.0,600.0,0.05,0.125,0,1380.0,azure_vm_real_slice
6260,706200.0,900.0,0.14633702746399066,0.05,0,708270.0,azure_vm_real_slice
6261,0.0,2591400.0,0.05,0.0625,0,5960220.0,azure_vm_real_slice
6262,1503600.0,31200.0,0.33445856831327453,0.125,0,1575360.0,azure_vm_real_slice
6263,643500.0,300.0,0.05,0.0625,0,644190.0,azure_vm_real_slice
6264,1761000.0,2100.0,0.05,0.5,0,1765830.0,azure_vm_real_slice
6265,63600.0,4200.0,0.5727628591847933,0.05,1,72210.0,azure_vm_real_slice
6266,1530600.0,4800.0,0.05,0.125,0,1541640.0,azure_vm_real_slice
6267,921000.0,600.0,0.05,0.5,0,922380.0,azure_vm_real_slice
6268,0.0,21900.0,0.05,0.5,0,50369.99999999999,azure_vm_real_slice
6269,1084800.0,32100.0,0.40514518145667777,0.125,1,1150605.0,azure_vm_real_slice
6270,0.0,1042200.0,0.05,0.125,0,2397060.0,azure_vm_real_slice
6271,443100.0,600.0,0.05,0.5,2,444180.0,azure_vm_real_slice
6272,0.0,300.0,0.05,0.125,0,690.0,azure_vm_real_slice
6273,0.0,4800.0,0.48321676010919584,0.125,1,9840.0,azure_vm_real_slice
6274,987900.0,8100.0,0.06915258591708023,1.0,2,1002480.0,azure_vm_real_slice
6275,1129500.0,11700.0,0.26241957759259027,0.0625,0,1156410.0,azure_vm_real_slice
6276,0.0,600.0,0.11261162181255656,0.05,0,1380.0,azure_vm_real_slice
6277,1936500.0,300.0,0.05,0.125,0,1937190.0,azure_vm_real_slice
6278,623400.0,600.0,0.05,0.125,0,624780.0,azure_vm_real_slice
6279,0.0,300.0,0.05,0.5,0,690.0,azure_vm_real_slice
6280,0.0,300.0,0.15605050192241338,0.05,0,690.0,azure_vm_real_slice
6281,973800.0,300.0,0.05,0.125,0,974490.0,azure_vm_real_slice
6282,1560300.0,1200.0,0.19215971609554736,0.0625,0,1563060.0,azure_vm_real_slice
6283,1239000.0,1800.0,0.09077200429059809,0.0625,0,1243140.0,azure_vm_real_slice
6284,974400.0,600.0,0.05,0.5,2,975480.0,azure_vm_real_slice
6285,0.0,2591400.0,0.20899570340904217,0.05,0,5960220.0,azure_vm_real_slice
6286,645000.0,15300.0,0.08945125961448347,0.125,0,680190.0,azure_vm_real_slice
6287,1824600.0,157200.0,0.05,0.125,0,2186160.0,azure_vm_real_slice
6288,0.0,4800.0,0.261761722534066,0.5,2,8640.0,azure_vm_real_slice
6289,442800.0,600.0,0.21654091268223483,0.125,0,444180.0,azure_vm_real_slice
6290,1593000.0,5100.0,0.7067159072668759,0.125,1,1603455.0,azure_vm_real_slice
6291,1211400.0,1500.0,0.05392132814849652,0.0625,0,1214850.0,azure_vm_real_slice
6292,0.0,1800.0,0.05,0.5,0,4140.0,azure_vm_real_slice
6293,401400.0,300.0,0.05,0.5,0,402090.0,azure_vm_real_slice
6294,1938600.0,300.0,0.05,0.5,0,1939290.0,azure_vm_real_slice
6295,885600.0,101100.0,0.05,0.125,0,1118130.0,azure_vm_real_slice
6296,1920300.0,2700.0,0.1870025427204444,0.0625,0,1926510.0,azure_vm_real_slice
6297,0.0,900.0,0.11699422226939887,0.125,0,2070.0,azure_vm_real_slice
6298,701400.0,99300.0,0.05,0.5,0,929790.0,azure_vm_real_slice
6299,151200.0,69000.0,0.11355630288578117,0.0625,0,309900.0,azure_vm_real_slice
6300,917100.0,1800.0,0.05,0.0625,0,921240.0,azure_vm_real_slice
6301,299400.0,58800.0,0.2216217910777475,0.125,0,434640.0,azure_vm_real_slice
6302,55800.0,600.0,0.05,0.125,0,57180.0,azure_vm_real_slice
6303,0.0,300.0,0.05,0.05,0,690.0,azure_vm_real_slice
6304,695100.0,300.0,0.05,0.125,0,695790.0,azure_vm_real_slice
6305,0.0,2591400.0,0.1268310904471179,0.5,0,5960220.0,azure_vm_real_slice
6306,0.0,900.0,0.05,1.0,2,1619.9999999999998,azure_vm_real_slice
6307,1254600.0,38700.0,0.05,1.0,2,1324260.0,azure_vm_real_slice
6308,72300.0,300.0,0.09263048827394953,0.125,0,72990.0,azure_vm_real_slice
6309,1068300.0,1500.0,0.1659212384877625,0.5,0,1071750.0,azure_vm_real_slice
6310,79200.0,1953900.0,0.061048339758023575,0.0625,0,4573170.0,azure_vm_real_slice
6311,1547100.0,2100.0,0.6842300977458613,0.05,1,1551405.0,azure_vm_real_slice
6312,75900.0,300.0,0.05,0.5,0,76590.0,azure_vm_real_slice
6313,665400.0,900.0,0.05,0.5,2,667020.0,azure_vm_real_slice
6314,0.0,7800.0,0.15151490019395378,0.125,0,17940.0,azure_vm_real_slice
6315,76800.0,14100.0,0.14172512561696027,0.5,2,102180.0,azure_vm_real_slice
6316,23400.0,600.0,0.3092737208373933,0.0625,0,24780.0,azure_vm_real_slice
6317,0.0,3000.0,0.09489616001368871,0.0625,0,6899.999999999999,azure_vm_real_slice
6318,1834500.0,5700.0,0.4501883690433378,0.125,1,1846185.0,azure_vm_real_slice
6319,476700.0,600.0,0.22569425862652,0.0625,0,478080.0,azure_vm_real_slice
6320,0.0,300.0,0.05,0.05,0,690.0,azure_vm_real_slice
6321,506700.0,600.0,0.11342426490254583,0.125,0,508080.0,azure_vm_real_slice
6322,1819200.0,600.0,0.22036963765448195,0.125,0,1820580.0,azure_vm_real_slice
6323,0.0,300.0,0.19180272910780138,0.05,0,690.0,azure_vm_real_slice
6324,1329600.0,600.0,0.05,0.5,2,1330680.0,azure_vm_real_slice
6325,0.0,300.0,0.1405889685239217,0.125,0,690.0,azure_vm_real_slice
6326,724200.0,900.0,0.13431413006811627,0.125,0,726270.0,azure_vm_real_slice
6327,370200.0,300.0,0.05,0.0625,0,370890.0,azure_vm_real_slice
6328,1981500.0,900.0,0.062106554339420784,0.5,0,1983570.0,azure_vm_real_slice
6329,1160100.0,300.0,0.05,0.125,0,1160790.0,azure_vm_real_slice
6330,7800.0,10800.0,0.05,0.5,0,32639.999999999996,azure_vm_real_slice
6331,1062900.0,600.0,0.11152938186381497,0.125,0,1064280.0,azure_vm_real_slice
6332,0.0,300.0,0.05,0.125,0,690.0,azure_vm_real_slice
6333,1230300.0,39300.0,0.45549577942242936,0.125,1,1310865.0,azure_vm_real_slice
6334,905700.0,600.0,0.05,0.5,2,906780.0,azure_vm_real_slice
6335,806100.0,6000.0,0.7877540868340103,0.5,2,816900.0,azure_vm_real_slice
6336,561300.0,300.0,0.05,0.0625,0,561990.0,azure_vm_real_slice
6337,1479900.0,600.0,0.07951746012950739,0.125,0,1481280.0,azure_vm_real_slice
6338,546600.0,27000.0,0.5085998422679598,0.0625,1,601950.0,azure_vm_real_slice
6339,1456800.0,1500.0,0.2835942206430022,0.5,0,1460250.0,azure_vm_real_slice
6340,1831500.0,63300.0,0.13496948304034445,0.5,2,1945440.0,azure_vm_real_slice
6341,1812900.0,7200.0,0.37651575505474305,0.5,1,1827660.0,azure_vm_real_slice
6342,1461600.0,10500.0,0.24068636882950614,0.125,0,1485750.0,azure_vm_real_slice
6343,0.0,300.0,0.05,0.125,0,690.0,azure_vm_real_slice
6344,1037700.0,600.0,0.1349513043778012,0.125,0,1039080.0,azure_vm_real_slice
6345,36600.0,4200.0,0.17815886286110455,1.0,2,44160.0,azure_vm_real_slice
6346,1389000.0,1800.0,0.08315681371836833,0.125,0,1393140.0,azure_vm_real_slice
6347,0.0,300.0,0.28855294797727266,0.05,0,690.0,azure_vm_real_slice
6348,0.0,300.0,0.05,0.0625,0,690.0,azure_vm_real_slice
6349,1767900.0,600.0,0.36979592459903143,0.125,1,1769130.0,azure_vm_real_slice
6350,69900.0,600.0,0.11559070361261568,0.125,0,71280.0,azure_vm_real_slice
6351,25500.0,600.0,0.06988800840574794,0.125,0,26880.0,azure_vm_real_slice
6352,951000.0,56700.0,0.24281152775978365,0.125,0,1081410.0,azure_vm_real_slice
6353,1752600.0,900.0,0.05,0.5,0,1754670.0,azure_vm_real_slice
6354,995100.0,65100.0,0.05,0.125,0,1144830.0,azure_vm_real_slice
6355,152700.0,600.0,0.05,0.125,0,154080.0,azure_vm_real_slice
6356,332700.0,6900.0,0.2571364491748429,0.0625,0,348570.0,azure_vm_real_slice
6357,1485000.0,9000.0,0.08349427904497853,0.05,0,1505700.0,azure_vm_real_slice
6358,784800.0,900.0,0.08497939261613299,0.125,0,786870.0,azure_vm_real_slice
6359,1839300.0,600.0,0.05,0.5,0,1840680.0,azure_vm_real_slice
6360,1770600.0,38400.0,0.3465558950788777,0.0625,0,1858920.0,azure_vm_real_slice
6361,2003700.0,6900.0,0.055710412760159894,0.5,2,2016120.0,azure_vm_real_slice
6362,1344900.0,300.0,0.05,0.0625,0,1345590.0,azure_vm_real_slice
6363,1152000.0,36900.0,0.41376233940650087,0.0625,1,1227645.0,azure_vm_real_slice
6364,567900.0,600.0,0.07625640249753488,0.125,0,569280.0,azure_vm_real_slice
6365,1379700.0,900.0,0.054089439688038116,0.5,2,1381320.0,azure_vm_real_slice
6366,0.0,300.0,0.11741367058929772,0.125,0,690.0,azure_vm_real_slice
6367,528300.0,3300.0,0.2747294317464861,0.5,2,534240.0,azure_vm_real_slice
6368,0.0,2100.0,0.1133030386366164,1.0,2,3779.9999999999995,azure_vm_real_slice
6369,0.0,300.0,0.06785392064872144,0.5,2,540.0,azure_vm_real_slice
6370,1831200.0,83700.0,0.05,0.5,0,2023710.0,azure_vm_real_slice
6371,0.0,300.0,0.05,0.125,0,690.0,azure_vm_real_slice
6372,1854300.0,900.0,0.05,0.5,0,1856370.0,azure_vm_real_slice
6373,1737900.0,300.0,0.05,0.5,0,1738590.0,azure_vm_real_slice
6374,461700.0,300.0,0.05,0.125,0,462390.0,azure_vm_real_slice
6375,1943400.0,600.0,0.2770880199130808,0.125,0,1944780.0,azure_vm_real_slice
6376,620400.0,2700.0,0.05,0.5,0,626610.0,azure_vm_real_slice
6377,1672800.0,3000.0,0.08602924625156813,0.5,2,1678200.0,azure_vm_real_slice
6378,624300.0,30300.0,0.10450459144739614,0.5,2,678840.0,azure_vm_real_slice
6379,736200.0,7500.0,0.5244486118812711,0.125,1,751575.0,azure_vm_real_slice
6380,0.0,388800.0,0.05,0.125,0,894239.9999999999,azure_vm_real_slice
6381,39900.0,59700.0,0.05,0.0625,0,177210.0,azure_vm_real_slice
6382,741600.0,1200.0,0.2261726399681681,0.125,0,744360.0,azure_vm_real_slice
6383,1178100.0,4500.0,0.7495661359745966,0.125,1,1187325.0,azure_vm_real_slice
6384,822300.0,300.0,0.1014531647602186,0.5,0,822990.0,azure_vm_real_slice
6385,20400.0,3600.0,0.600130218284407,0.05,1,27780.0,azure_vm_real_slice
6386,1878900.0,3900.0,0.4303950725049298,0.05,1,1886895.0,azure_vm_real_slice
6387,112200.0,452100.0,0.05,0.5,2,925979.9999999999,azure_vm_real_slice
6388,1160400.0,3300.0,0.5737102183888055,0.0625,1,1167165.0,azure_vm_real_slice
6389,1779300.0,600.0,0.05,0.125,0,1780680.0,azure_vm_real_slice
6390,0.0,900.0,0.07594136330813217,0.5,0,2070.0,azure_vm_real_slice
6391,1375500.0,900.0,0.05,0.0625,0,1377570.0,azure_vm_real_slice
6392,682800.0,10500.0,0.297744105365922,0.125,0,706950.0,azure_vm_real_slice
6393,356700.0,2100.0,0.05,0.5,0,361530.0,azure_vm_real_slice
6394,1051800.0,3000.0,0.4913978391119606,0.5,1,1057950.0,azure_vm_real_slice
6395,0.0,300.0,0.05,0.125,0,690.0,azure_vm_real_slice
6396,0.0,89100.0,0.11269972031617409,0.05,0,204929.99999999997,azure_vm_real_slice
6397,1569600.0,900.0,0.20285280819733217,0.5,0,1571670.0,azure_vm_real_slice
6398,563700.0,1800.0,0.1854835331657286,0.0625,0,567840.0,azure_vm_real_slice
6399,1558800.0,43200.0,0.25950305896386006,0.125,0,1658160.0,azure_vm_real_slice
6400,0.0,900.0,0.11852610578920625,0.0625,0,2070.0,azure_vm_real_slice
6401,1958100.0,300.0,0.05,0.125,0,1958790.0,azure_vm_real_slice
6402,540000.0,2400.0,0.20250934172068152,0.0625,0,545520.0,azure_vm_real_slice
6403,1283700.0,4200.0,0.21383529215907435,0.05,0,1293360.0,azure_vm_real_slice
6404,1473000.0,6600.0,0.48250744730545214,0.125,1,1486530.0,azure_vm_real_slice
6405,472200.0,300.0,0.175872350132412,0.125,0,472890.0,azure_vm_real_slice
6406,36600.0,6300.0,0.2916791592144917,0.125,0,51090.0,azure_vm_real_slice
6407,259500.0,300.0,0.13581100908921992,0.125,0,260190.0,azure_vm_real_slice
6408,1033200.0,4800.0,0.1563483931709183,0.125,0,1044240.0,azure_vm_real_slice
6409,204000.0,8400.0,0.2196307535090514,0.125,0,223320.0,azure_vm_real_slice
6410,0.0,2591400.0,0.1784487752472877,0.05,0,5960220.0,azure_vm_real_slice
6411,0.0,300.0,0.0730827601310387,0.5,0,690.0,azure_vm_real_slice
6412,1012500.0,54900.0,0.18387227639720025,0.0625,0,1138770.0,azure_vm_real_slice
6413,68400.0,1500.0,0.46700255813840014,0.125,1,71475.0,azure_vm_real_slice
6414,1316400.0,300.0,0.15260054502178882,0.125,0,1317090.0,azure_vm_real_slice
6415,365700.0,300.0,0.05,0.125,0,366390.0,azure_vm_real_slice
6416,1747500.0,300.0,0.1328399422169954,0.5,0,1748190.0,azure_vm_real_slice
6417,0.0,3000.0,0.05,0.5,0,6899.999999999999,azure_vm_real_slice
6418,0.0,600.0,0.25577570722392867,0.125,0,1380.0,azure_vm_real_slice
6419,1862100.0,81000.0,0.06018927462241435,0.125,0,2048400.0,azure_vm_real_slice
6420,638700.0,20100.0,0.7941760573105334,0.5,2,674880.0,azure_vm_real_slice
6421,1887600.0,15900.0,0.34035059504551785,0.0625,0,1924170.0,azure_vm_real_slice
6422,1467300.0,14100.0,0.05,0.125,0,1499730.0,azure_vm_real_slice
6423,1030200.0,48900.0,0.12136044807240955,0.0625,0,1142670.0,azure_vm_real_slice
6424,703500.0,300.0,0.05,0.5,0,704190.0,azure_vm_real_slice
6425,1207500.0,54000.0,0.12930697444534597,0.5,2,1304700.0,azure_vm_real_slice
6426,0.0,900.0,0.2811334191654591,0.125,0,2070.0,azure_vm_real_slice
6427,252900.0,1200.0,0.7298691465798831,0.125,1,255360.0,azure_vm_real_slice
6428,1421400.0,300.0,0.4535742826615632,0.0625,1,1422015.0,azure_vm_real_slice
6429,0.0,300.0,0.5934742161734995,0.0625,1,615.0,azure_vm_real_slice
6430,1647600.0,600.0,0.05,0.125,0,1648980.0,azure_vm_real_slice
6431,0.0,300.0,0.30274158503678583,0.5,0,690.0,azure_vm_real_slice
6432,352800.0,3000.0,0.05,0.125,0,359700.0,azure_vm_real_slice
6433,366600.0,39900.0,0.07026982891652062,0.5,2,438420.0,azure_vm_real_slice
6434,1544700.0,1500.0,0.4025688431325797,0.05,1,1547775.0,azure_vm_real_slice
6435,1455300.0,1200.0,0.09007154743967641,0.125,0,1458060.0,azure_vm_real_slice
6436,745200.0,1800.0,0.05,0.5,0,749340.0,azure_vm_real_slice
6437,658500.0,6300.0,0.1293216123025914,0.0625,0,672990.0,azure_vm_real_slice
6438,0.0,300.0,0.05,0.0625,0,690.0,azure_vm_real_slice
6439,1438200.0,600.0,0.30354283203202603,0.125,0,1439580.0,azure_vm_real_slice
6440,384600.0,1500.0,0.2450840263208023,0.0625,0,388050.0,azure_vm_real_slice
6441,0.0,1200.0,0.05,1.0,2,2160.0,azure_vm_real_slice
6442,1231800.0,1500.0,0.05,1.0,2,1234500.0,azure_vm_real_slice
6443,1916100.0,3300.0,0.05,0.0625,0,1923690.0,azure_vm_real_slice
6444,837600.0,600.0,0.3501061820003018,0.125,1,838830.0,azure_vm_real_slice
6445,1920900.0,1200.0,0.05,0.5,2,1923060.0,azure_vm_real_slice
6446,0.0,1500.0,0.3198400493331797,0.125,0,3449.9999999999995,azure_vm_real_slice
6447,323400.0,300.0,0.21173026744106532,0.0625,0,324090.0,azure_vm_real_slice
6448,0.0,2400.0,0.18814692420352444,0.5,0,5520.0,azure_vm_real_slice
6449,408600.0,300.0,0.05,0.5,2,409140.0,azure_vm_real_slice
6450,690000.0,300.0,0.05,0.5,0,690690.0,azure_vm_real_slice
6451,1266900.0,600.0,0.05,0.5,0,1268280.0,azure_vm_real_slice
6452,0.0,300.0,0.27060412447966087,0.0625,0,690.0,azure_vm_real_slice
6453,1855500.0,600.0,0.05,0.5,0,1856880.0,azure_vm_real_slice
6454,1818300.0,1500.0,0.09863980699321895,0.125,0,1821750.0,azure_vm_real_slice
6455,346800.0,2700.0,0.38586757438934943,0.125,1,352335.0,azure_vm_real_slice
6456,1221900.0,3000.0,0.06613785113985614,0.05,0,1228800.0,azure_vm_real_slice
6457,502800.0,20400.0,0.40402231743178185,0.0625,1,544620.0,azure_vm_real_slice
6458,1553100.0,300.0,0.05,0.125,0,1553790.0,azure_vm_real_slice
6459,1725900.0,1500.0,0.05,0.5,0,1729350.0,azure_vm_real_slice
6460,1194300.0,300.0,0.05,0.05,0,1194990.0,azure_vm_real_slice
6461,0.0,2700.0,0.15718355451498078,0.5,2,4859.999999999999,azure_vm_real_slice
6462,1230600.0,300.0,0.05,0.5,0,1231290.0,azure_vm_real_slice
6463,75900.0,64800.0,0.2183548642013773,0.5,0,224940.0,azure_vm_real_slice
6464,0.0,2100.0,0.05,0.0625,0,4830.0,azure_vm_real_slice
6465,0.0,751500.0,0.10680252972925292,0.0625,0,1728449.9999999998,azure_vm_real_slice
6466,0.0,2591400.0,0.10239835471691004,0.05,0,5960220.0,azure_vm_real_slice
6467,1128300.0,33300.0,0.13365218955996463,0.0625,0,1204890.0,azure_vm_real_slice
6468,1172700.0,600.0,0.15277411601202595,0.5,0,1174080.0,azure_vm_real_slice
6469,1905300.0,1500.0,0.4173003550979454,0.125,1,1908375.0,azure_vm_real_slice
6470,0.0,2100.0,0.05,0.5,0,4830.0,azure_vm_real_slice
6471,0.0,900.0,0.12958418807793864,0.0625,0,2070.0,azure_vm_real_slice
6472,588600.0,300.0,0.06235736619420176,0.125,0,589290.0,azure_vm_real_slice
6473,1071300.0,300.0,0.4374349590191995,0.0625,1,1071915.0,azure_vm_real_slice
6474,155100.0,191100.0,0.05,0.0625,0,594630.0,azure_vm_real_slice
6475,1838100.0,13800.0,0.07200011758981774,0.0625,0,1869840.0,azure_vm_real_slice
6476,0.0,2591400.0,0.05,0.0625,0,5960220.0,azure_vm_real_slice
6477,1290900.0,300.0,0.05,0.5,0,1291590.0,azure_vm_real_slice
6478,925200.0,30300.0,0.05,0.5,0,994890.0,azure_vm_real_slice
6479,0.0,2591400.0,0.05,0.125,0,5960220.0,azure_vm_real_slice
6480,1487700.0,53700.0,0.42201185989192497,0.0625,1,1597785.0,azure_vm_real_slice
6481,553800.0,300.0,0.08949812878115324,0.125,0,554490.0,azure_vm_real_slice
6482,1938000.0,600.0,0.05,0.0625,0,1939380.0,azure_vm_real_slice
6483,538200.0,1494900.0,0.05,0.5,2,3229019.9999999995,azure_vm_real_slice
6484,0.0,2591400.0,0.11200176418548775,0.0625,0,5960220.0,azure_vm_real_slice
6485,496800.0,300.0,0.1386256358458924,0.5,0,497490.0,azure_vm_real_slice
6486,1797900.0,3000.0,0.25265384276246666,0.5,0,1804800.0,azure_vm_real_slice
6487,995100.0,300.0,0.05,0.125,0,995790.0,azure_vm_real_slice
6488,20700.0,2400.0,0.05,0.5,0,26220.0,azure_vm_real_slice
6489,0.0,1800.0,0.09645984115138159,0.125,0,4140.0,azure_vm_real_slice
6490,55800.0,2700.0,0.05,0.5,0,62010.0,azure_vm_real_slice
6491,0.0,1500.0,0.05,0.5,0,3449.9999999999995,azure_vm_real_slice
6492,0.0,300.0,0.05,0.0625,0,690.0,azure_vm_real_slice
6493,0.0,2591400.0,0.05,0.05,0,5960220.0,azure_vm_real_slice
6494,0.0,1500.0,0.140104623481341,0.125,0,3449.9999999999995,azure_vm_real_slice
6495,1002900.0,600.0,0.06376109553823198,0.125,0,1004280.0,azure_vm_real_slice
6496,847200.0,30900.0,0.30897578264912734,0.0625,0,918270.0,azure_vm_real_slice
6497,1758600.0,1500.0,0.05,0.5,0,1762050.0,azure_vm_real_slice
6498,0.0,900.0,0.05,0.5,0,2070.0,azure_vm_real_slice
6499,1105800.0,12000.0,0.4984538910620861,0.0625,1,1130400.0,azure_vm_real_slice
6500,0.0,300.0,0.05,0.125,0,690.0,azure_vm_real_slice
6501,0.0,1200.0,0.24396672098851824,0.125,0,2760.0,azure_vm_real_slice
6502,490800.0,300.0,0.05,0.125,0,491490.0,azure_vm_real_slice
6503,1819800.0,59100.0,0.0859106047953401,0.125,0,1955730.0,azure_vm_real_slice
6504,1601100.0,39000.0,0.4344785629683426,0.125,1,1681050.0,azure_vm_real_slice
6505,0.0,1800.0,0.2552460511532798,0.125,0,4140.0,azure_vm_real_slice
6506,1829400.0,12900.0,0.05,0.5,2,1852620.0,azure_vm_real_slice
6507,1307100.0,1500.0,0.05,0.5,0,1310550.0,azure_vm_real_slice
6508,927000.0,1200.0,0.05062621442537627,1.0,2,929160.0,azure_vm_real_slice
6509,227100.0,1200.0,0.6648401131194674,0.5,1,229560.0,azure_vm_real_slice
6510,177000.0,900.0,0.1500275794171779,0.0625,0,179070.0,azure_vm_real_slice
6511,1143900.0,54600.0,0.05,0.125,0,1269480.0,azure_vm_real_slice
6512,120900.0,300.0,0.05,0.125,0,121590.0,azure_vm_real_slice
6513,0.0,3600.0,0.44582520608750253,0.5,2,6479.999999999999,azure_vm_real_slice
6514,1182300.0,300.0,0.06651204509979634,0.5,0,1182990.0,azure_vm_real_slice
6515,1260000.0,3600.0,0.05,0.125,0,1268280.0,azure_vm_real_slice
6516,1933800.0,900.0,0.15136377360273018,0.125,0,1935870.0,azure_vm_real_slice
6517,156600.0,900.0,0.1820500381682391,0.05,0,158670.0,azure_vm_real_slice
6518,91800.0,2400.0,0.05,0.5,0,97320.0,azure_vm_real_slice
6519,0.0,600.0,0.3038314179140267,0.125,0,1380.0,azure_vm_real_slice
6520,0.0,668400.0,0.10990869834252909,0.0625,0,1537319.9999999998,azure_vm_real_slice
6521,688800.0,300.0,0.7838366325749491,0.05,2,689340.0,azure_vm_real_slice
6522,360600.0,1672500.0,0.07055460415254072,0.05,0,4207350.0,azure_vm_real_slice
6523,0.0,1800.0,0.33351957160601614,0.5,0,4140.0,azure_vm_real_slice
6524,1715400.0,2400.0,0.05898986916150164,0.5,2,1719720.0,azure_vm_real_slice
6525,0.0,4200.0,0.05,0.0625,0,9660.0,azure_vm_real_slice
6526,638400.0,300.0,0.05,0.125,0,639090.0,azure_vm_real_slice
6527,1397400.0,1200.0,0.42325086538850365,0.05,1,1399860.0,azure_vm_real_slice
6528,0.0,2591400.0,0.10329646308942049,0.05,0,5960220.0,azure_vm_real_slice
6529,2028300.0,2400.0,0.05,0.5,0,2033820.0,azure_vm_real_slice
6530,856200.0,300.0,0.05,0.125,0,856890.0,azure_vm_real_slice
6531,0.0,300.0,0.28909471156614264,0.5,0,690.0,azure_vm_real_slice
6532,0.0,2400.0,0.05,0.5,0,5520.0,azure_vm_real_slice
6533,195600.0,1800.0,0.05,0.5,0,199740.0,azure_vm_real_slice
6534,0.0,1500.0,0.2945126976271115,0.5,0,3449.9999999999995,azure_vm_real_slice
6535,841200.0,3300.0,0.08441047095446576,0.05,0,848790.0,azure_vm_real_slice
6536,924600.0,1500.0,0.05,0.0625,0,928050.0,azure_vm_real_slice
6537,456300.0,4500.0,0.16868365913795305,0.125,0,466650.0,azure_vm_real_slice
6538,1082700.0,147600.0,0.06835927452552273,0.125,0,1422180.0,azure_vm_real_slice
6539,829800.0,300.0,0.07081967844527029,0.125,0,830490.0,azure_vm_real_slice
6540,596400.0,8400.0,0.05,0.5,0,615720.0,azure_vm_real_slice
6541,1913400.0,300.0,0.05,0.5,0,1914090.0,azure_vm_real_slice
6542,0.0,1800.0,0.0705396946618471,0.125,0,4140.0,azure_vm_real_slice
6543,448800.0,600.0,0.05,0.5,2,449880.0,azure_vm_real_slice
6544,1659900.0,300.0,0.15894150413593183,0.5,0,1660590.0,azure_vm_real_slice
6545,1151400.0,1500.0,0.3016957558183316,0.125,0,1154850.0,azure_vm_real_slice
6546,0.0,2700.0,0.05,0.125,0,6209.999999999999,azure_vm_real_slice
6547,0.0,600.0,0.4479562201369289,0.125,1,1230.0,azure_vm_real_slice
6548,557400.0,81600.0,0.05,0.5,0,745080.0,azure_vm_real_slice
6549,0.0,600.0,0.05,0.0625,0,1380.0,azure_vm_real_slice
6550,1032900.0,10500.0,0.6530718834404836,0.5,1,1054425.0,azure_vm_real_slice
6551,491700.0,5400.0,0.07629059130480548,0.0625,0,504120.0,azure_vm_real_slice
6552,1690800.0,22200.0,0.074953088922294,0.125,0,1741860.0,azure_vm_real_slice
6553,255600.0,1800.0,0.14950703250017558,0.125,0,259740.0,azure_vm_real_slice
6554,705900.0,300.0,0.05,0.5,0,706590.0,azure_vm_real_slice
6555,0.0,1500.0,0.127038818651059,0.125,0,3449.9999999999995,azure_vm_real_slice
6556,1075200.0,300.0,0.05,0.125,0,1075890.0,azure_vm_real_slice
6557,922500.0,900.0,0.0791551834033861,0.5,0,924570.0,azure_vm_real_slice
6558,0.0,1200.0,0.05,0.5,0,2760.0,azure_vm_real_slice
6559,1660800.0,14100.0,0.13817757627151084,0.05,0,1693230.0,azure_vm_real_slice
6560,1200900.0,2400.0,0.05,0.5,0,1206420.0,azure_vm_real_slice
6561,177900.0,900.0,0.058249754126198094,0.05,0,179970.0,azure_vm_real_slice
6562,1030800.0,300.0,0.05,0.125,0,1031490.0,azure_vm_real_slice
6563,0.0,4500.0,0.5097737606123818,0.5,1,9225.0,azure_vm_real_slice
6564,1464300.0,30900.0,0.11463864452071845,0.5,2,1519920.0,azure_vm_real_slice
6565,30300.0,1800.0,0.05,0.5,0,34440.0,azure_vm_real_slice
6566,948600.0,70200.0,0.5507676249919263,0.125,1,1092510.0,azure_vm_real_slice
6567,1748400.0,900.0,0.23664380157808465,0.125,0,1750470.0,azure_vm_real_slice
6568,0.0,3000.0,0.0533564792986951,0.0625,0,6899.999999999999,azure_vm_real_slice
6569,1055400.0,8400.0,0.09058029015795331,0.125,0,1074720.0,azure_vm_real_slice
6570,1599900.0,2400.0,0.14032966305503106,0.0625,0,1605420.0,azure_vm_real_slice
6571,547500.0,300.0,0.10603042148568703,0.5,0,548190.0,azure_vm_real_slice
6572,1506600.0,300.0,0.05,0.5,0,1507290.0,azure_vm_real_slice
6573,0.0,300.0,0.15933169061277785,0.125,0,690.0,azure_vm_real_slice
6574,974400.0,300.0,0.1748308744389849,0.0625,0,975090.0,azure_vm_real_slice
6575,0.0,2100.0,0.05,0.5,0,4830.0,azure_vm_real_slice
6576,129600.0,7800.0,0.3406303541438199,0.5,0,147540.0,azure_vm_real_slice
6577,1744500.0,1200.0,0.05,1.0,2,1746660.0,azure_vm_real_slice
6578,1589400.0,5700.0,0.07250163631458482,0.125,0,1602510.0,azure_vm_real_slice
6579,35100.0,1800.0,0.09333783174141079,0.125,0,39240.0,azure_vm_real_slice
6580,306000.0,300.0,0.05,0.0625,0,306690.0,azure_vm_real_slice
6581,1963500.0,600.0,0.12017172788780556,0.5,0,1964880.0,azure_vm_real_slice
6582,75300.0,1800.0,0.05,0.5,0,79440.0,azure_vm_real_slice
6583,0.0,2591400.0,0.05,0.0625,0,5960220.0,azure_vm_real_slice
6584,1257900.0,2700.0,0.5920337202377131,0.05,1,1263435.0,azure_vm_real_slice
6585,1166100.0,600.0,0.05,0.5,2,1167180.0,azure_vm_real_slice
6586,1099500.0,9600.0,0.05,0.5,2,1116780.0,azure_vm_real_slice
6587,66000.0,3000.0,0.05,0.5,2,71400.0,azure_vm_real_slice
6588,1681800.0,8700.0,0.29926427449528925,0.125,0,1701810.0,azure_vm_real_slice
6589,1278600.0,1500.0,0.05,0.5,0,1282050.0,azure_vm_real_slice
6590,2024700.0,1800.0,0.12038160206925641,1.0,2,2027940.0,azure_vm_real_slice
6591,1756200.0,300.0,0.05,0.125,0,1756890.0,azure_vm_real_slice
6592,1966800.0,600.0,0.05,0.125,0,1968180.0,azure_vm_real_slice
6593,244200.0,600.0,0.11270208816095559,0.125,0,245580.0,azure_vm_real_slice
6594,0.0,300.0,0.05055775586341547,0.125,0,690.0,azure_vm_real_slice
6595,1752900.0,1800.0,0.21231873449166902,0.125,0,1757040.0,azure_vm_real_slice
6596,556500.0,4200.0,0.05119824812713453,0.05,0,566160.0,azure_vm_real_slice
6597,970500.0,148200.0,0.05,0.5,0,1311360.0,azure_vm_real_slice
6598,199500.0,600.0,0.05,0.5,0,200880.0,azure_vm_real_slice
6599,0.0,2100.0,0.05,0.5,0,4830.0,azure_vm_real_slice
6600,0.0,2591400.0,0.09750230590806164,0.05,0,5960220.0,azure_vm_real_slice
6601,703800.0,1800.0,0.3142287529682295,0.5,2,707040.0,azure_vm_real_slice
6602,1676400.0,300.0,0.05,0.125,0,1677090.0,azure_vm_real_slice
6603,447600.0,900.0,0.2854946356397685,0.5,0,449670.0,azure_vm_real_slice
6604,607200.0,600.0,0.26263863884972066,0.125,0,608580.0,azure_vm_real_slice
6605,1911000.0,300.0,0.05,0.125,0,1911690.0,azure_vm_real_slice
6606,878700.0,600.0,0.05,0.0625,0,880080.0,azure_vm_real_slice
6607,1252200.0,2400.0,0.13974071111041106,0.5,0,1257720.0,azure_vm_real_slice
6608,0.0,600.0,0.05,0.5,0,1380.0,azure_vm_real_slice
6609,1810500.0,1200.0,0.11214947862624428,0.5,2,1812660.0,azure_vm_real_slice
6610,371400.0,900.0,0.15760569664462598,0.125,0,373470.0,azure_vm_real_slice
6611,1554300.0,1200.0,0.13220029512702358,0.05,0,1557060.0,azure_vm_real_slice
6612,511800.0,1800.0,0.24079233669889075,0.125,0,515940.0,azure_vm_real_slice
6613,491700.0,1200.0,0.2526627047854156,0.125,0,494460.0,azure_vm_real_slice
6614,1651800.0,300.0,0.19343716086266816,0.125,0,1652490.0,azure_vm_real_slice
6615,896400.0,300.0,0.05,0.0625,0,897090.0,azure_vm_real_slice
6616,1982100.0,2400.0,0.13490488223477656,0.0625,0,1987620.0,azure_vm_real_slice
6617,0.0,2591400.0,0.09864241012242012,0.05,0,5960220.0,azure_vm_real_slice
6618,1159500.0,20100.0,0.1641571443378712,0.125,0,1205730.0,azure_vm_real_slice
6619,0.0,300.0,0.7269967807564945,0.125,1,615.0,azure_vm_real_slice
6620,682500.0,600.0,0.35863330545184025,0.05,1,683730.0,azure_vm_real_slice
6621,7800.0,2100.0,0.291090116390906,0.125,0,12630.0,azure_vm_real_slice
6622,0.0,1300200.0,0.05,0.5,0,2990460.0,azure_vm_real_slice
6623,1500.0,53700.0,0.06363507428737496,0.0625,0,125009.99999999999,azure_vm_real_slice
6624,0.0,2591400.0,0.4826259843285127,0.125,1,5312370.0,azure_vm_real_slice
6625,1953300.0,79500.0,0.05066656762780744,0.0625,0,2136150.0,azure_vm_real_slice
6626,95100.0,300.0,0.05,0.5,0,95790.0,azure_vm_real_slice
6627,36600.0,14100.0,0.23577326732889456,0.125,0,69030.0,azure_vm_real_slice
6628,579300.0,14100.0,0.05,0.125,0,611730.0,azure_vm_real_slice
6629,0.0,2700.0,0.05,0.5,0,6209.999999999999,azure_vm_real_slice
6630,0.0,2591400.0,0.27468467970915644,0.05,0,5960220.0,azure_vm_real_slice
6631,294900.0,3600.0,0.08528343021278079,0.5,2,301380.0,azure_vm_real_slice
6632,406200.0,9600.0,0.5196562896232458,0.125,1,425880.0,azure_vm_real_slice
6633,1984200.0,48900.0,0.05,0.125,0,2096670.0,azure_vm_real_slice
6634,0.0,2400.0,0.05,0.125,0,5520.0,azure_vm_real_slice
6635,471000.0,1500.0,0.10119058021299729,0.125,0,474450.0,azure_vm_real_slice
6636,0.0,38700.0,0.797039705465305,0.5,2,69660.0,azure_vm_real_slice
6637,1572000.0,900.0,0.40634869171940546,0.05,1,1573845.0,azure_vm_real_slice
6638,927000.0,600.0,0.05,0.125,0,928380.0,azure_vm_real_slice
6639,0.0,600.0,0.09451550865836156,0.5,2,1080.0,azure_vm_real_slice
6640,626100.0,900.0,0.1715010995831215,0.125,0,628170.0,azure_vm_real_slice
6641,169200.0,600.0,0.05,1.0,2,170280.0,azure_vm_real_slice
6642,0.0,689100.0,0.1443226088513348,0.05,0,1584929.9999999998,azure_vm_real_slice
6643,687600.0,18600.0,0.21828622646248225,0.05,0,730380.0,azure_vm_real_slice
6644,1734300.0,300.0,0.07002593606657714,0.125,0,1734990.0,azure_vm_real_slice
6645,58200.0,1200.0,0.13731644370424856,0.0625,0,60960.0,azure_vm_real_slice
6646,1109400.0,30000.0,0.05,0.125,0,1178400.0,azure_vm_real_slice
6647,789600.0,600.0,0.10268612513772865,0.125,0,790980.0,azure_vm_real_slice
6648,1254000.0,600.0,0.07074872865485958,0.5,0,1255380.0,azure_vm_real_slice
6649,0.0,1500.0,0.05,0.5,0,3449.9999999999995,azure_vm_real_slice
6650,0.0,2591400.0,0.06381155898544506,0.5,2,4664520.0,azure_vm_real_slice
6651,0.0,600.0,0.24224419064437552,0.0625,0,1380.0,azure_vm_real_slice
6652,0.0,2100.0,0.05,0.5,0,4830.0,azure_vm_real_slice
6653,0.0,300.0,0.05237980561953968,0.125,0,690.0,azure_vm_real_slice
6654,1644600.0,600.0,0.1051565386848429,0.05,0,1645980.0,azure_vm_real_slice
6655,1688100.0,2700.0,0.05,0.5,0,1694310.0,azure_vm_real_slice
6656,581100.0,300.0,0.3543392934045147,0.5,1,581715.0,azure_vm_real_slice
6657,691800.0,3600.0,0.23433213327978458,0.125,0,700080.0,azure_vm_real_slice
6658,0.0,300.0,0.0513671328483502,0.5,0,690.0,azure_vm_real_slice
6659,0.0,300.0,0.09227027332714423,0.05,0,690.0,azure_vm_real_slice
6660,541500.0,5100.0,0.5194625276711138,0.05,1,551955.0,azure_vm_real_slice
6661,0.0,2591400.0,0.05,0.5,0,5960220.0,azure_vm_real_slice
6662,1024200.0,5100.0,0.3475856699707514,0.125,0,1035930.0,azure_vm_real_slice
6663,0.0,600.0,0.10510780744920328,0.125,0,1380.0,azure_vm_real_slice
6664,912300.0,900.0,0.05,0.0625,0,914370.0,azure_vm_real_slice
6665,0.0,65400.0,0.08238709234716791,0.125,0,150420.0,azure_vm_real_slice
6666,1110900.0,900.0,0.07887816147630305,0.125,0,1112970.0,azure_vm_real_slice
6667,0.0,2400.0,0.5403555595627423,0.05,1,4920.0,azure_vm_real_slice
6668,40800.0,4800.0,0.09912493010964367,0.0625,0,51840.0,azure_vm_real_slice
6669,1801200.0,15300.0,0.09530609534384282,0.05,0,1836390.0,azure_vm_real_slice
6670,656100.0,2100.0,0.07885884049845668,0.05,0,660930.0,azure_vm_real_slice
6671,912600.0,3300.0,0.10775010489167969,0.05,0,920190.0,azure_vm_real_slice
6672,1407300.0,1500.0,0.4855510047165612,0.125,1,1410375.0,azure_vm_real_slice
6673,0.0,2322000.0,0.05,0.125,0,5340600.0,azure_vm_real_slice
6674,955200.0,300.0,0.05,0.5,2,955740.0,azure_vm_real_slice
6675,157800.0,86400.0,0.05,0.125,0,356520.0,azure_vm_real_slice
6676,1471500.0,300.0,0.14404410098376796,0.125,0,1472190.0,azure_vm_real_slice
6677,1875300.0,300.0,0.40301160952144377,0.0625,1,1875915.0,azure_vm_real_slice
6678,1978200.0,21900.0,0.0747403377305539,0.5,2,2017620.0,azure_vm_real_slice
6679,1088100.0,300.0,0.07817332871436966,0.0625,0,1088790.0,azure_vm_real_slice
6680,513000.0,300.0,0.3430052653663827,0.0625,0,513690.0,azure_vm_real_slice
6681,1935600.0,97500.0,0.4423753352751973,0.0625,1,2135475.0,azure_vm_real_slice
6682,0.0,2591400.0,0.4808504181179375,0.0625,1,5312370.0,azure_vm_real_slice
6683,1686600.0,1200.0,0.05,0.5,0,1689360.0,azure_vm_real_slice
6684,0.0,3900.0,0.05,0.125,0,8970.0,azure_vm_real_slice
6685,0.0,60000.0,0.05,0.125,0,138000.0,azure_vm_real_slice
6686,1651500.0,900.0,0.15870728424621258,0.125,0,1653570.0,azure_vm_real_slice
6687,0.0,104400.0,0.0599579314602632,0.0625,0,240119.99999999997,azure_vm_real_slice
6688,0.0,2587500.0,0.10038532964404707,0.0625,0,5951250.0,azure_vm_real_slice
6689,1226400.0,600.0,0.13436592415057533,0.5,2,1227480.0,azure_vm_real_slice
6690,1769100.0,44700.0,0.05,0.0625,0,1871910.0,azure_vm_real_slice
6691,0.0,2591400.0,0.05,0.0625,0,5960220.0,azure_vm_real_slice
6692,0.0,300.0,0.20086649368938342,0.5,0,690.0,azure_vm_real_slice
6693,1751100.0,14400.0,0.08237485375804653,0.0625,0,1784220.0,azure_vm_real_slice
6694,855600.0,600.0,0.05,0.5,0,856980.0,azure_vm_real_slice
6695,531300.0,1200.0,0.08898975457615409,0.125,0,534060.0,azure_vm_real_slice
6696,94800.0,300.0,0.05,0.5,0,95490.0,azure_vm_real_slice
6697,0.0,2591400.0,0.05698102833276246,0.125,0,5960220.0,azure_vm_real_slice
6698,1752600.0,55500.0,0.05618686778619013,1.0,2,1852500.0,azure_vm_real_slice
6699,2028600.0,2700.0,0.05,0.5,2,2033460.0,azure_vm_real_slice
6700,547500.0,5700.0,0.5022186949409095,0.05,1,559185.0,azure_vm_real_slice
6701,712500.0,600.0,0.05,0.5,0,713880.0,azure_vm_real_slice
6702,0.0,2591400.0,0.09633889388426413,0.05,0,5960220.0,azure_vm_real_slice
6703,389100.0,16200.0,0.05,0.5,0,426360.0,azure_vm_real_slice
6704,368100.0,5400.0,0.05,0.125,0,380520.0,azure_vm_real_slice
6705,1271400.0,4800.0,0.06027315946575406,0.125,0,1282440.0,azure_vm_real_slice
6706,604500.0,1500.0,0.1034371660053064,0.5,0,607950.0,azure_vm_real_slice
6707,984600.0,150000.0,0.4254896740417453,0.0625,1,1292100.0,azure_vm_real_slice
6708,0.0,2700.0,0.05899804973364765,0.5,2,4859.999999999999,azure_vm_real_slice
6709,967200.0,1200.0,0.2558038906024311,0.125,0,969960.0,azure_vm_real_slice
6710,667800.0,1500.0,0.05,0.125,0,671250.0,azure_vm_real_slice
6711,0.0,300.0,0.06033393704265366,0.125,0,690.0,azure_vm_real_slice
6712,0.0,300.0,0.05,0.5,0,690.0,azure_vm_real_slice
6713,0.0,1200.0,0.20285098719054687,0.0625,0,2760.0,azure_vm_real_slice
6714,1625700.0,600.0,0.18129061598717372,0.125,0,1627080.0,azure_vm_real_slice
6715,552300.0,7500.0,0.338905404128631,0.125,0,569550.0,azure_vm_real_slice
6716,90900.0,600.0,0.05,0.125,0,92280.0,azure_vm_real_slice
6717,1678500.0,354600.0,0.05,0.0625,0,2494080.0,azure_vm_real_slice
6718,0.0,352200.0,0.46395591613843334,0.0625,1,722009.9999999999,azure_vm_real_slice
6719,0.0,2372700.0,0.05,0.0625,0,5457210.0,azure_vm_real_slice
6720,1087200.0,2400.0,0.05,1.0,2,1091520.0,azure_vm_real_slice
6721,1227900.0,18000.0,0.05,0.5,2,1260300.0,azure_vm_real_slice
6722,613500.0,600.0,0.05,0.5,0,614880.0,azure_vm_real_slice
6723,1500900.0,1800.0,0.05,0.0625,0,1505040.0,azure_vm_real_slice
6724,800700.0,2100.0,0.7252613190043311,0.5,1,805005.0,azure_vm_real_slice
6725,657000.0,6000.0,0.5235316279396031,0.5,1,669300.0,azure_vm_real_slice
6726,1892400.0,600.0,0.05,0.5,0,1893780.0,azure_vm_real_slice
6727,678900.0,1500.0,0.21559695820430125,0.5,0,682350.0,azure_vm_real_slice
6728,271200.0,900.0,0.05,0.5,0,273270.0,azure_vm_real_slice
6729,0.0,1189500.0,0.05,0.125,0,2735850.0,azure_vm_real_slice
6730,1458600.0,7200.0,0.13636697391108588,0.0625,0,1475160.0,azure_vm_real_slice
6731,1073700.0,176400.0,0.05,0.125,0,1479420.0,azure_vm_real_slice
6732,1746300.0,900.0,0.16748048612028088,0.125,0,1748370.0,azure_vm_real_slice
6733,1646400.0,600.0,0.05,0.125,0,1647780.0,azure_vm_real_slice
6734,1001700.0,2100.0,0.31074961175785676,0.05,0,1006530.0,azure_vm_real_slice
6735,1560600.0,27900.0,0.3811981106432781,0.0625,1,1617795.0,azure_vm_real_slice
6736,1704600.0,260700.0,0.05,0.0625,0,2304210.0,azure_vm_real_slice
6737,295500.0,2100.0,0.5108027051495215,0.05,1,299805.0,azure_vm_real_slice
6738,698100.0,300.0,0.05,0.5,0,698790.0,azure_vm_real_slice
6739,484500.0,600.0,0.10040790072309236,0.125,0,485880.0,azure_vm_real_slice
6740,1354800.0,4800.0,0.21359955721753685,0.5,0,1365840.0,azure_vm_real_slice
6741,0.0,3900.0,0.4805820403465153,0.125,1,7994.999999999999,azure_vm_real_slice
6742,1254300.0,6900.0,0.06449226781361479,0.125,0,1270170.0,azure_vm_real_slice
6743,62400.0,900.0,0.14314742215379478,0.5,0,64470.0,azure_vm_real_slice
6744,0.0,2400.0,0.05,0.0625,0,5520.0,azure_vm_real_slice
6745,1772100.0,900.0,0.05,0.125,0,1774170.0,azure_vm_real_slice
6746,1626600.0,2700.0,0.06789352432162842,0.5,2,1631460.0,azure_vm_real_slice
6747,1235700.0,300.0,0.9304989863056667,0.0625,2,1236240.0,azure_vm_real_slice
6748,0.0,2100.0,0.05,0.5,0,4830.0,azure_vm_real_slice
6749,1507800.0,300.0,0.05,0.125,0,1508490.0,azure_vm_real_slice
6750,0.0,37200.0,0.6753797035791496,0.5,1,76260.0,azure_vm_real_slice
6751,1919400.0,10200.0,0.05,1.0,2,1937760.0,azure_vm_real_slice
6752,2014200.0,600.0,0.1484091011473829,0.0625,0,2015580.0,azure_vm_real_slice
6753,1387800.0,15000.0,0.07014632698551061,0.5,2,1414800.0,azure_vm_real_slice
6754,1824600.0,1500.0,0.09739086382626728,0.125,0,1828050.0,azure_vm_real_slice
6755,0.0,300.0,0.09968112270843062,0.125,0,690.0,azure_vm_real_slice
6756,165600.0,1500.0,0.6114918315658011,0.125,1,168675.0,azure_vm_real_slice
6757,0.0,2073600.0,0.08371398542265712,1.0,2,3732479.9999999995,azure_vm_real_slice
6758,1239000.0,3900.0,0.05,0.5,2,1246020.0,azure_vm_real_slice
6759,1917000.0,600.0,0.07143961453469641,1.0,2,1918080.0,azure_vm_real_slice
6760,46500.0,900.0,0.15520074902635506,0.125,0,48570.0,azure_vm_real_slice
6761,0.0,9900.0,0.05,1.0,2,17820.0,azure_vm_real_slice
6762,81900.0,15600.0,0.05,0.125,0,117780.0,azure_vm_real_slice
6763,1845300.0,187800.0,0.05,0.5,2,2183340.0,azure_vm_real_slice
6764,0.0,536100.0,0.05,0.0625,0,1233030.0,azure_vm_real_slice
6765,0.0,600.0,0.07664199274902157,0.5,0,1380.0,azure_vm_real_slice
6766,1113300.0,900.0,0.05,0.125,0,1115370.0,azure_vm_real_slice
6767,894000.0,300.0,0.5085758742898174,0.0625,1,894615.0,azure_vm_real_slice
6768,573300.0,300.0,0.05,0.5,0,573990.0,azure_vm_real_slice
6769,0.0,1500.0,0.05,0.5,0,3449.9999999999995,azure_vm_real_slice
6770,454800.0,3300.0,0.15873132203913215,0.125,0,462390.0,azure_vm_real_slice
6771,0.0,2591400.0,0.11678087587291022,0.05,0,5960220.0,azure_vm_real_slice
6772,29700.0,1800.0,0.05,0.5,0,33840.0,azure_vm_real_slice
6773,0.0,1800.0,0.05,0.5,0,4140.0,azure_vm_real_slice
6774,0.0,2700.0,0.05,0.5,0,6209.999999999999,azure_vm_real_slice
6775,0.0,587100.0,0.05,0.125,0,1350330.0,azure_vm_real_slice
6776,1929300.0,1800.0,0.05883396691084526,0.125,0,1933440.0,azure_vm_real_slice
6777,0.0,300.0,0.14799145556226148,0.5,0,690.0,azure_vm_real_slice
6778,1014900.0,69000.0,0.05,0.125,0,1173600.0,azure_vm_real_slice
6779,0.0,1200.0,0.23793768350735983,0.5,0,2760.0,azure_vm_real_slice
6780,195000.0,4500.0,0.05,0.125,0,205350.0,azure_vm_real_slice
6781,1119600.0,900.0,0.3680427852378241,0.125,1,1121445.0,azure_vm_real_slice
6782,817800.0,34500.0,0.08051925146100844,0.0625,0,897150.0,azure_vm_real_slice
6783,33900.0,1800.0,0.05,0.5,0,38040.0,azure_vm_real_slice
6784,0.0,3300.0,0.5761563619275688,0.05,1,6764.999999999999,azure_vm_real_slice
6785,0.0,900.0,0.17460000770346554,0.125,0,2070.0,azure_vm_real_slice
6786,1786200.0,2700.0,0.05,0.0625,0,1792410.0,azure_vm_real_slice
6787,579300.0,300.0,0.05,0.05,0,579990.0,azure_vm_real_slice
6788,191400.0,900.0,0.09502552619190388,0.125,0,193470.0,azure_vm_real_slice
6789,0.0,2170200.0,0.05,0.5,0,4991460.0,azure_vm_real_slice
6790,1031700.0,3600.0,0.05,0.5,0,1039980.0,azure_vm_real_slice
6791,1743300.0,900.0,0.05,0.125,0,1745370.0,azure_vm_real_slice
6792,624000.0,13500.0,0.14166443575932558,1.0,2,648300.0,azure_vm_real_slice
6793,0.0,600.0,0.14236900675900815,0.125,0,1380.0,azure_vm_real_slice
6794,0.0,300.0,0.05,0.5,2,540.0,azure_vm_real_slice
6795,369600.0,1200.0,0.05,0.5,0,372360.0,azure_vm_real_slice
6796,1594500.0,7800.0,0.05,0.125,0,1612440.0,azure_vm_real_slice
6797,0.0,900.0,0.0666795150409284,0.5,0,2070.0,azure_vm_real_slice
6798,0.0,504900.0,0.05,0.5,2,908819.9999999999,azure_vm_real_slice
6799,677700.0,1800.0,0.2297063247618115,0.05,0,681840.0,azure_vm_real_slice
6800,1735800.0,900.0,0.10408676641712492,0.125,0,1737870.0,azure_vm_real_slice
6801,630900.0,7200.0,0.7151488694542458,0.5,1,645660.0,azure_vm_real_slice
6802,0.0,600.0,0.06454242339930055,0.5,0,1380.0,azure_vm_real_slice
6803,0.0,2700.0,0.05,0.5,2,4859.999999999999,azure_vm_real_slice
6804,1924200.0,1800.0,0.05,0.125,0,1928340.0,azure_vm_real_slice
6805,498300.0,600.0,0.05,0.5,0,499680.0,azure_vm_real_slice
6806,1723200.0,1500.0,0.05,0.5,0,1726650.0,azure_vm_real_slice
6807,715200.0,6900.0,0.054882360421647715,0.125,0,731070.0,azure_vm_real_slice
6808,143100.0,100500.0,0.2139810222186247,0.0625,0,374250.0,azure_vm_real_slice
6809,237600.0,2400.0,0.05,0.5,0,243120.0,azure_vm_real_slice
6810,620700.0,3300.0,0.4946351822064676,0.125,1,627465.0,azure_vm_real_slice
6811,1182600.0,900.0,0.0772054641359689,1.0,2,1184220.0,azure_vm_real_slice
6812,748800.0,300.0,0.05,0.5,0,749490.0,azure_vm_real_slice
6813,482700.0,27300.0,0.0758792158910833,0.0625,0,545490.0,azure_vm_real_slice
6814,1778700.0,2100.0,0.05,0.5,0,1783530.0,azure_vm_real_slice
6815,1318200.0,900.0,0.18447151593721667,0.05,0,1320270.0,azure_vm_real_slice
6816,2031900.0,1200.0,0.1455964769774813,0.0625,0,2034660.0,azure_vm_real_slice
6817,1967700.0,300.0,0.23257561334276075,0.0625,0,1968390.0,azure_vm_real_slice
6818,2012700.0,20400.0,0.4590282247944654,0.125,1,2054520.0,azure_vm_real_slice
6819,0.0,2100.0,0.22531364017700237,0.125,0,4830.0,azure_vm_real_slice
6820,1830600.0,3300.0,0.05,0.125,0,1838190.0,azure_vm_real_slice
6821,557400.0,1500.0,0.05,0.125,0,560850.0,azure_vm_real_slice
6822,1689300.0,600.0,0.05,0.5,0,1690680.0,azure_vm_real_slice
6823,0.0,600.0,0.16814221169500992,0.125,0,1380.0,azure_vm_real_slice
6824,2100.0,300.0,0.05,0.5,0,2790.0,azure_vm_real_slice
6825,621000.0,2400.0,0.4503788370860693,0.125,1,625920.0,azure_vm_real_slice
6826,2019000.0,14100.0,0.05,0.125,0,2051430.0,azure_vm_real_slice
6827,1647300.0,16800.0,0.48527124396013754,0.125,1,1681740.0,azure_vm_real_slice
6828,957600.0,19800.0,0.26156834025899955,1.0,2,993240.0,azure_vm_real_slice
6829,1665600.0,300.0,0.05,0.5,0,1666290.0,azure_vm_real_slice
6830,2028300.0,4800.0,0.07762131815169203,0.5,2,2036940.0,azure_vm_real_slice
6831,399600.0,300.0,0.05,0.5,0,400290.0,azure_vm_real_slice
6832,439800.0,2400.0,0.10679562913101309,0.05,0,445320.0,azure_vm_real_slice
6833,0.0,683400.0,0.1595573487595053,0.0625,0,1571819.9999999998,azure_vm_real_slice
6834,127500.0,1905600.0,0.05,0.125,0,4510380.0,azure_vm_real_slice
6835,1388400.0,3600.0,0.10387742332916007,0.5,2,1394880.0,azure_vm_real_slice
6836,0.0,2100.0,0.06714816233051248,0.0625,0,4830.0,azure_vm_real_slice
6837,701400.0,300.0,0.06272306962840028,0.05,0,702090.0,azure_vm_real_slice
6838,1651200.0,118200.0,0.05,0.5,0,1923060.0,azure_vm_real_slice
6839,0.0,1200.0,0.05,0.5,2,2160.0,azure_vm_real_slice
6840,743400.0,34500.0,0.10837637787945936,0.05,0,822750.0,azure_vm_real_slice
6841,1695300.0,600.0,0.3410903183765154,0.125,0,1696680.0,azure_vm_real_slice
6842,666600.0,1200.0,0.29693863133431353,0.0625,0,669360.0,azure_vm_real_slice
6843,0.0,2591400.0,0.05,0.0625,0,5960220.0,azure_vm_real_slice
6844,1245900.0,1500.0,0.3698379804826263,0.5,1,1248975.0,azure_vm_real_slice
6845,1538400.0,10500.0,0.5988314656090675,0.5,1,1559925.0,azure_vm_real_slice
6846,839100.0,900.0,0.05,0.125,0,841170.0,azure_vm_real_slice
6847,1926600.0,600.0,0.17294547965680895,0.125,0,1927980.0,azure_vm_real_slice
6848,122400.0,11100.0,0.05,1.0,2,142380.0,azure_vm_real_slice
6849,333600.0,1500.0,0.05,0.5,0,337050.0,azure_vm_real_slice
6850,573300.0,900.0,0.06660622054332586,0.125,0,575370.0,azure_vm_real_slice
6851,1815000.0,2100.0,0.15191898751053093,0.5,0,1819830.0,azure_vm_real_slice
6852,627300.0,4200.0,0.05,0.125,0,636960.0,azure_vm_real_slice
6853,1338300.0,2100.0,0.05,1.0,2,1342080.0,azure_vm_real_slice
6854,41700.0,300.0,0.5386675389479697,0.0625,1,42315.0,azure_vm_real_slice
6855,0.0,1200.0,0.16463339581435893,0.05,0,2760.0,azure_vm_real_slice
6856,0.0,9300.0,0.2802574355228512,0.0625,0,21390.0,azure_vm_real_slice
6857,0.0,300.0,0.05,0.0625,0,690.0,azure_vm_real_slice
6858,333000.0,900.0,0.05,0.5,0,335070.0,azure_vm_real_slice
6859,0.0,900.0,0.3886091452480077,0.125,1,1844.9999999999998,azure_vm_real_slice
6860,0.0,8400.0,0.7737115819513578,0.5,2,15119.999999999998,azure_vm_real_slice
6861,0.0,300.0,0.05,0.125,0,690.0,azure_vm_real_slice
6862,414600.0,1200.0,0.12216748624256535,0.125,0,417360.0,azure_vm_real_slice
6863,0.0,2591400.0,0.07906744994556507,0.05,0,5960220.0,azure_vm_real_slice
6864,1175400.0,66900.0,0.48419690068588056,0.125,1,1312545.0,azure_vm_real_slice
6865,0.0,2400.0,0.5801032378880312,0.05,1,4920.0,azure_vm_real_slice
6866,577500.0,4200.0,0.634092072674623,0.05,1,586110.0,azure_vm_real_slice
6867,335400.0,2400.0,0.13331928925218922,0.125,0,340920.0,azure_vm_real_slice
6868,0.0,300.0,0.20161234410097406,0.125,0,690.0,azure_vm_real_slice
6869,315600.0,930900.0,0.05,0.5,0,2456670.0,azure_vm_real_slice
6870,0.0,2100.0,0.49699570822382333,0.125,1,4305.0,azure_vm_real_slice
6871,0.0,300.0,0.05,0.125,0,690.0,azure_vm_real_slice
6872,1275000.0,900.0,0.10109932711042659,0.125,0,1277070.0,azure_vm_real_slice
6873,0.0,300.0,0.05,0.5,0,690.0,azure_vm_real_slice
6874,1822200.0,9000.0,0.31942908736991615,0.5,2,1838400.0,azure_vm_real_slice
6875,0.0,383100.0,0.05,0.5,0,881129.9999999999,azure_vm_real_slice
6876,0.0,572700.0,0.25387782126128533,0.5,0,1317210.0,azure_vm_real_slice
6877,1320900.0,3900.0,0.10638461721842761,0.05,0,1329870.0,azure_vm_real_slice
6878,856200.0,300.0,0.05,0.0625,0,856890.0,azure_vm_real_slice
6879,117300.0,2400.0,0.4451429822437726,0.125,1,122220.0,azure_vm_real_slice
6880,201600.0,39900.0,0.47548390745387714,0.0625,1,283395.0,azure_vm_real_slice
6881,1375500.0,300.0,0.05,0.5,0,1376190.0,azure_vm_real_slice
6882,0.0,2591400.0,0.05,0.0625,0,5960220.0,azure_vm_real_slice
6883,0.0,2591400.0,0.10367770213238277,0.5,2,4664520.0,azure_vm_real_slice
6884,0.0,4800.0,0.5042540014990151,0.125,1,9840.0,azure_vm_real_slice
6885,1123500.0,32700.0,0.05,1.0,2,1182360.0,azure_vm_real_slice
6886,0.0,588600.0,0.05,0.05,0,1353780.0,azure_vm_real_slice
6887,0.0,1200.0,0.1781985066323336,0.125,0,2760.0,azure_vm_real_slice
6888,738300.0,900.0,0.054026319023608396,0.05,0,740370.0,azure_vm_real_slice
6889,328500.0,1200.0,0.05,0.125,0,331260.0,azure_vm_real_slice
6890,0.0,1800.0,0.13583588644279995,0.125,0,4140.0,azure_vm_real_slice
6891,0.0,300.0,0.17070760136254154,0.125,0,690.0,azure_vm_real_slice
6892,0.0,2591400.0,0.45151733976891273,0.5,2,4664520.0,azure_vm_real_slice
6893,0.0,600.0,0.29507729206062316,0.125,0,1380.0,azure_vm_real_slice
6894,352500.0,1800.0,0.05,0.5,0,356640.0,azure_vm_real_slice
6895,832800.0,14100.0,0.37137421664441517,0.05,1,861705.0,azure_vm_real_slice
6896,0.0,2170800.0,0.05,0.125,0,4992840.0,azure_vm_real_slice
6897,1765800.0,14700.0,0.05,0.125,0,1799610.0,azure_vm_real_slice
6898,1252800.0,3900.0,0.6286784483345257,0.05,1,1260795.0,azure_vm_real_slice
6899,1995900.0,37200.0,0.07224517626193863,0.5,0,2081460.0,azure_vm_real_slice
6900,569700.0,600.0,0.2799040049710233,0.125,0,571080.0,azure_vm_real_slice
6901,0.0,721500.0,0.09901526860309635,0.0625,0,1659449.9999999998,azure_vm_real_slice
6902,0.0,900.0,0.2032154499405141,0.05,0,2070.0,azure_vm_real_slice
6903,121800.0,300.0,0.07164225304817327,0.125,0,122490.0,azure_vm_real_slice
6904,0.0,2591400.0,0.11310374432218033,0.05,0,5960220.0,azure_vm_real_slice
6905,0.0,900.0,0.05467520649429185,0.5,0,2070.0,azure_vm_real_slice
6906,799500.0,300.0,0.05,0.5,0,800190.0,azure_vm_real_slice
6907,681600.0,6900.0,0.1164826991838266,0.05,0,697470.0,azure_vm_real_slice
6908,0.0,300.0,0.05,0.125,0,690.0,azure_vm_real_slice
6909,154800.0,10500.0,0.31775993481872633,0.125,0,178950.0,azure_vm_real_slice
6910,1915200.0,64500.0,0.4856580473747232,0.05,1,2047425.0,azure_vm_real_slice
6911,1726200.0,300.0,0.05,0.05,0,1726890.0,azure_vm_real_slice
6912,768900.0,3600.0,0.05,0.5,0,777180.0,azure_vm_real_slice
6913,284700.0,37200.0,0.4195493077962513,0.05,1,360960.0,azure_vm_real_slice
6914,0.0,5100.0,0.05,0.125,0,11730.0,azure_vm_real_slice
6915,0.0,2591400.0,0.05,0.05,0,5960220.0,azure_vm_real_slice
6916,997800.0,1200.0,0.09828704095851243,0.125,0,1000560.0,azure_vm_real_slice
6917,839100.0,900.0,0.05,0.0625,0,841170.0,azure_vm_real_slice
6918,0.0,2591400.0,0.08688451628942072,0.05,0,5960220.0,azure_vm_real_slice
6919,0.0,300.0,0.07965240228044877,0.125,0,690.0,azure_vm_real_slice
6920,1157400.0,59400.0,0.05,0.0625,0,1294020.0,azure_vm_real_slice
6921,1773000.0,600.0,0.05,0.125,0,1774380.0,azure_vm_real_slice
6922,1571700.0,1200.0,0.4311093833255846,0.05,1,1574160.0,azure_vm_real_slice
6923,0.0,600.0,0.15096576703045053,0.125,0,1380.0,azure_vm_real_slice
6924,1830900.0,600.0,0.05,0.125,0,1832280.0,azure_vm_real_slice
6925,1830900.0,2400.0,0.05,0.5,0,1836420.0,azure_vm_real_slice
6926,1929600.0,2400.0,0.5213324382072791,0.05,1,1934520.0,azure_vm_real_slice
6927,0.0,3300.0,0.05,0.125,0,7589.999999999999,azure_vm_real_slice
6928,1990800.0,300.0,0.05,0.5,2,1991340.0,azure_vm_real_slice
6929,1547700.0,1500.0,0.10660246549132653,0.125,0,1551150.0,azure_vm_real_slice
6930,458100.0,600.0,0.09670817445907609,0.125,0,459480.0,azure_vm_real_slice
6931,2006400.0,300.0,0.06442756583608,0.125,0,2007090.0,azure_vm_real_slice
6932,0.0,23100.0,0.05,0.125,0,53129.99999999999,azure_vm_real_slice
6933,337200.0,3300.0,0.08683532719804052,0.125,0,344790.0,azure_vm_real_slice
6934,0.0,2400.0,0.4433303664469392,0.125,1,4920.0,azure_vm_real_slice
6935,0.0,2591400.0,0.16023408352692697,0.05,0,5960220.0,azure_vm_real_slice
6936,0.0,102600.0,0.05,0.0625,0,235979.99999999997,azure_vm_real_slice
6937,0.0,49800.0,0.18919354782306802,0.125,0,114539.99999999999,azure_vm_real_slice
6938,0.0,2591400.0,0.05414420908230829,0.0625,0,5960220.0,azure_vm_real_slice
6939,0.0,300.0,0.23762339456664827,0.125,0,690.0,azure_vm_real_slice
6940,533400.0,900.0,0.1383490520067884,0.0625,0,535470.0,azure_vm_real_slice
6941,360600.0,300.0,0.05,0.0625,0,361290.0,azure_vm_real_slice
6942,1252800.0,9600.0,0.6736115561334272,0.5,1,1272480.0,azure_vm_real_slice
6943,0.0,2591400.0,0.08676640482765036,0.05,0,5960220.0,azure_vm_real_slice
6944,771300.0,1500.0,0.15638633817302464,0.05,0,774750.0,azure_vm_real_slice
6945,1756800.0,300.0,0.13309550139520132,0.125,0,1757490.0,azure_vm_real_slice
6946,0.0,600.0,0.05,0.05,0,1380.0,azure_vm_real_slice
6947,288900.0,600.0,0.05,0.125,0,290280.0,azure_vm_real_slice
6948,474000.0,300.0,0.05,0.5,0,474690.0,azure_vm_real_slice
6949,1204200.0,300.0,0.1083831797296953,0.05,0,1204890.0,azure_vm_real_slice
6950,419100.0,1614000.0,0.05,0.125,0,4131299.9999999995,azure_vm_real_slice
6951,1669500.0,12600.0,0.10904964845342706,0.5,2,1692180.0,azure_vm_real_slice
6952,595200.0,5100.0,0.680903251359058,0.125,1,605655.0,azure_vm_real_slice
6953,0.0,300.0,0.057809911356026776,0.125,0,690.0,azure_vm_real_slice
6954,1358700.0,600.0,0.16467810119729928,0.125,0,1360080.0,azure_vm_real_slice
6955,966600.0,3600.0,0.7225642915302583,0.5,1,973980.0,azure_vm_real_slice
6956,1927500.0,300.0,0.05,0.05,0,1928190.0,azure_vm_real_slice
6957,0.0,2100.0,0.5466754271560036,0.05,1,4305.0,azure_vm_real_slice
6958,832500.0,600.0,0.05,0.125,0,833880.0,azure_vm_real_slice
6959,1460100.0,300.0,0.05,0.0625,0,1460790.0,azure_vm_real_slice
6960,1088400.0,300.0,0.05,0.125,0,1089090.0,azure_vm_real_slice
6961,0.0,300.0,0.06340797189069607,0.125,0,690.0,azure_vm_real_slice
6962,454500.0,2100.0,0.20657118866233565,0.125,0,459330.0,azure_vm_real_slice
6963,1803600.0,19200.0,0.05432823457572788,0.0625,0,1847760.0,azure_vm_real_slice
6964,1559400.0,2100.0,0.05,1.0,2,1563180.0,azure_vm_real_slice
6965,0.0,2591400.0,0.08859207224223022,0.05,0,5960220.0,azure_vm_real_slice
6966,1227900.0,3300.0,0.05,0.5,0,1235490.0,azure_vm_real_slice
6967,0.0,2100.0,0.05,0.5,0,4830.0,azure_vm_real_slice
6968,1480500.0,900.0,0.0992352990240507,0.0625,0,1482570.0,azure_vm_real_slice
6969,949200.0,10500.0,0.2057138230991576,0.5,2,968100.0,azure_vm_real_slice
6970,1662300.0,300.0,0.15778613566009564,0.125,0,1662990.0,azure_vm_real_slice
6971,1579800.0,51900.0,0.250080390664731,0.125,0,1699170.0,azure_vm_real_slice
6972,1152600.0,2400.0,0.05,0.5,0,1158120.0,azure_vm_real_slice
6973,0.0,2100.0,0.05,0.5,0,4830.0,azure_vm_real_slice
6974,0.0,300.0,0.05,0.5,0,690.0,azure_vm_real_slice
6975,125400.0,2100.0,0.05,0.5,0,130230.0,azure_vm_real_slice
6976,180600.0,1200.0,0.2701823008676212,0.05,0,183360.0,azure_vm_real_slice
6977,1621800.0,39000.0,0.21395818139051861,0.0625,0,1711500.0,azure_vm_real_slice
6978,1613700.0,57000.0,0.05,0.5,0,1744800.0,azure_vm_real_slice
6979,107400.0,600.0,0.05,0.5,0,108780.0,azure_vm_real_slice
6980,474000.0,1500.0,0.0926692629322594,0.125,0,477450.0,azure_vm_real_slice
6981,1286700.0,3300.0,0.05,0.0625,0,1294290.0,azure_vm_real_slice
6982,113100.0,118800.0,0.05,0.125,0,386340.0,azure_vm_real_slice
6983,1664700.0,44700.0,0.05,0.5,2,1745160.0,azure_vm_real_slice
6984,0.0,600.0,0.37952617171823555,0.5,1,1230.0,azure_vm_real_slice
6985,0.0,4500.0,0.08535221637416227,0.5,0,10350.0,azure_vm_real_slice
6986,1145700.0,887400.0,0.05,0.125,0,3186720.0,azure_vm_real_slice
6987,504900.0,300.0,0.07025770359166442,0.5,2,505440.0,azure_vm_real_slice
6988,1243800.0,600.0,0.45743021031245656,0.05,1,1245030.0,azure_vm_real_slice
6989,745500.0,1800.0,0.41885538574375025,0.125,1,749190.0,azure_vm_real_slice
6990,1663200.0,217500.0,0.05,0.0625,0,2163450.0,azure_vm_real_slice
6991,1066500.0,9900.0,0.058042185123650086,0.5,2,1084320.0,azure_vm_real_slice
6992,1834200.0,11700.0,0.2401454405482537,0.5,0,1861110.0,azure_vm_real_slice
6993,0.0,2591400.0,0.05,0.5,0,5960220.0,azure_vm_real_slice
6994,57600.0,3600.0,0.4162791265386215,0.05,1,64980.0,azure_vm_real_slice
6995,1109100.0,20100.0,0.15385963092950522,0.5,0,1155330.0,azure_vm_real_slice
6996,1895100.0,900.0,0.05,0.5,0,1897170.0,azure_vm_real_slice
6997,1200300.0,482700.0,0.05,0.0625,0,2310510.0,azure_vm_real_slice
6998,1848000.0,7500.0,0.05,0.5,0,1865250.0,azure_vm_real_slice
6999,1966200.0,2100.0,0.1429940753582811,0.5,0,1971030.0,azure_vm_real_slice
7000,1014600.0,21000.0,0.05,0.125,0,1062900.0,azure_vm_real_slice
7001,684300.0,1200.0,0.37659391301980705,0.05,1,686760.0,azure_vm_real_slice
7002,1682700.0,3900.0,0.05,0.5,0,1691670.0,azure_vm_real_slice
7003,647400.0,1800.0,0.1267039449098478,0.125,0,651540.0,azure_vm_real_slice
7004,1619400.0,300.0,0.05,0.5,0,1620090.0,azure_vm_real_slice
7005,1646100.0,900.0,0.05,0.125,0,1648170.0,azure_vm_real_slice
7006,1671600.0,2700.0,0.6774038399600596,0.0625,1,1677135.0,azure_vm_real_slice
7007,1659900.0,1800.0,0.1003907018279585,1.0,2,1663140.0,azure_vm_real_slice
7008,40500.0,25800.0,0.3213192438297607,0.125,0,99840.0,azure_vm_real_slice
7009,0.0,2591400.0,0.1677244798948119,0.05,0,5960220.0,azure_vm_real_slice
7010,1913700.0,300.0,0.20451361876144497,0.125,0,1914390.0,azure_vm_real_slice
7011,1756500.0,1800.0,0.05,0.5,0,1760640.0,azure_vm_real_slice
7012,1028100.0,1200.0,0.3321085768933253,0.125,0,1030860.0,azure_vm_real_slice
7013,948300.0,300.0,0.05,0.125,0,948990.0,azure_vm_real_slice
7014,0.0,7200.0,0.7481354118944864,0.125,1,14759.999999999998,azure_vm_real_slice
7015,0.0,300.0,0.09075456356425617,0.125,0,690.0,azure_vm_real_slice
7016,1476300.0,1500.0,0.22799826453770247,0.5,0,1479750.0,azure_vm_real_slice
7017,686100.0,7200.0,0.6829640454760388,0.0625,1,700860.0,azure_vm_real_slice
7018,0.0,25500.0,0.22611235527008833,0.0625,0,58649.99999999999,azure_vm_real_slice
7019,0.0,4200.0,0.20246744747027257,0.0625,0,9660.0,azure_vm_real_slice
7020,0.0,600.0,0.05,0.125,0,1380.0,azure_vm_real_slice
7021,969600.0,172200.0,0.05,0.125,0,1365660.0,azure_vm_real_slice
7022,126900.0,2100.0,0.6145182210152148,0.125,1,131205.0,azure_vm_real_slice
7023,1137900.0,5400.0,0.21813000799244744,0.125,0,1150320.0,azure_vm_real_slice
7024,1747200.0,600.0,0.05,0.125,0,1748580.0,azure_vm_real_slice
7025,625500.0,10500.0,0.05,0.5,0,649650.0,azure_vm_real_slice
7026,0.0,54000.0,0.05,0.05,0,124199.99999999999,azure_vm_real_slice
7027,1056600.0,4800.0,0.437076690804044,0.125,1,1066440.0,azure_vm_real_slice
7028,416400.0,1167900.0,0.05,0.125,0,3102570.0,azure_vm_real_slice
7029,1496400.0,600.0,0.14723651813981975,0.125,0,1497780.0,azure_vm_real_slice
7030,315300.0,300.0,0.05,0.5,0,315990.0,azure_vm_real_slice
7031,1159800.0,9000.0,0.05,0.125,0,1180500.0,azure_vm_real_slice
7032,0.0,1784100.0,0.47522849183833926,1.0,2,3211379.9999999995,azure_vm_real_slice
7033,816600.0,300.0,0.09092923667593056,0.5,0,817290.0,azure_vm_real_slice
7034,1753200.0,900.0,0.05,0.5,0,1755270.0,azure_vm_real_slice
7035,1934400.0,2700.0,0.23602366841989422,0.5,0,1940610.0,azure_vm_real_slice
7036,494100.0,300.0,0.05,0.0625,0,494790.0,azure_vm_real_slice
7037,0.0,600.0,0.05378347939075381,0.125,0,1380.0,azure_vm_real_slice
7038,1793100.0,1500.0,0.11788601177402662,0.05,0,1796550.0,azure_vm_real_slice
7039,0.0,2591400.0,0.05,0.125,0,5960220.0,azure_vm_real_slice
7040,1275000.0,300.0,0.07973075210090999,0.05,0,1275690.0,azure_vm_real_slice
7041,0.0,1500.0,0.3185887064783174,0.125,0,3449.9999999999995,azure_vm_real_slice
7042,822000.0,300.0,0.30790328954569657,0.125,0,822690.0,azure_vm_real_slice
7043,120600.0,300.0,0.28232140068595885,0.0625,0,121290.0,azure_vm_real_slice
7044,87000.0,600.0,0.30121301922065924,0.125,0,88380.0,azure_vm_real_slice
7045,698400.0,3600.0,0.10779358864326717,0.5,0,706680.0,azure_vm_real_slice
7046,857700.0,600.0,0.05,0.125,0,859080.0,azure_vm_real_slice
7047,0.0,2591400.0,0.08171284646561404,0.05,0,5960220.0,azure_vm_real_slice
7048,164400.0,300.0,0.05,0.5,0,165090.0,azure_vm_real_slice
7049,2025600.0,900.0,0.3090399581236327,0.125,0,2027670.0,azure_vm_real_slice
7050,1812900.0,600.0,0.05,0.125,0,1814280.0,azure_vm_real_slice
7051,0.0,2100.0,0.08770782552388218,0.05,0,4830.0,azure_vm_real_slice
7052,183900.0,300.0,0.05,0.125,0,184590.0,azure_vm_real_slice
7053,158700.0,2100.0,0.05,0.5,0,163530.0,azure_vm_real_slice
7054,278100.0,600.0,0.05,0.125,0,279480.0,azure_vm_real_slice
7055,794400.0,2100.0,0.2596603938823532,0.5,0,799230.0,azure_vm_real_slice
7056,0.0,300.0,0.1942671543638432,0.125,0,690.0,azure_vm_real_slice
7057,0.0,2591400.0,0.05,0.05,0,5960220.0,azure_vm_real_slice
7058,1706100.0,3300.0,0.4443915928040581,0.125,1,1712865.0,azure_vm_real_slice
7059,0.0,300.0,0.05,0.125,0,690.0,azure_vm_real_slice
7060,991800.0,10500.0,0.12683654843700715,0.0625,0,1015950.0,azure_vm_real_slice
7061,1919400.0,2400.0,0.2974044979137348,0.5,0,1924920.0,azure_vm_real_slice
7062,0.0,2591400.0,0.542321031469243,0.0625,1,5312370.0,azure_vm_real_slice
7063,0.0,900.0,0.1584284534940591,0.125,0,2070.0,azure_vm_real_slice
7064,792000.0,300.0,0.05,0.125,0,792690.0,azure_vm_real_slice
7065,0.0,600.0,0.05,0.125,0,1380.0,azure_vm_real_slice
7066,0.0,35400.0,0.05,0.0625,0,81420.0,azure_vm_real_slice
7067,1370400.0,300.0,0.0732149483100969,0.0625,0,1371090.0,azure_vm_real_slice
7068,213300.0,10800.0,0.05,0.0625,0,238140.0,azure_vm_real_slice
7069,257400.0,600.0,0.18368874541040722,0.125,0,258780.0,azure_vm_real_slice
7070,1734900.0,2400.0,0.05,0.5,0,1740420.0,azure_vm_real_slice
7071,172200.0,8400.0,0.12807616730971028,0.05,0,191520.0,azure_vm_real_slice
7072,167400.0,300.0,0.05,0.5,0,168090.0,azure_vm_real_slice
7073,1794900.0,300.0,0.05,0.05,0,1795590.0,azure_vm_real_slice
7074,1557000.0,2700.0,0.39721051317159195,0.125,1,1562535.0,azure_vm_real_slice
7075,0.0,2591400.0,0.16345781082694277,0.05,0,5960220.0,azure_vm_real_slice
7076,0.0,2591400.0,0.05,0.05,0,5960220.0,azure_vm_real_slice
7077,1555800.0,1200.0,0.0694851950917176,0.125,0,1558560.0,azure_vm_real_slice
7078,1597200.0,600.0,0.05,0.5,0,1598580.0,azure_vm_real_slice
7079,1483200.0,7500.0,0.05,0.5,2,1496700.0,azure_vm_real_slice
7080,1335600.0,28200.0,0.05,0.5,0,1400460.0,azure_vm_real_slice
7081,0.0,300.0,0.20099504220076525,0.0625,0,690.0,azure_vm_real_slice
7082,1578300.0,3000.0,0.05,0.125,0,1585200.0,azure_vm_real_slice
7083,0.0,1500.0,0.1306278417432052,0.125,0,3449.9999999999995,azure_vm_real_slice
7084,32400.0,900.0,0.588473715780499,0.05,1,34245.0,azure_vm_real_slice
7085,0.0,2591400.0,0.08772598235662953,0.05,0,5960220.0,azure_vm_real_slice
7086,0.0,2591400.0,0.08301773777478397,0.5,0,5960220.0,azure_vm_real_slice
7087,0.0,600.0,0.05,0.125,0,1380.0,azure_vm_real_slice
7088,1234800.0,300.0,0.14934695487371732,0.125,0,1235490.0,azure_vm_real_slice
7089,1662600.0,1800.0,0.05,1.0,2,1665840.0,azure_vm_real_slice
7090,0.0,1800.0,0.05,0.5,0,4140.0,azure_vm_real_slice
7091,158400.0,184500.0,0.05,0.0625,0,582750.0,azure_vm_real_slice
7092,921600.0,600.0,0.05,0.5,0,922980.0,azure_vm_real_slice
7093,0.0,2100.0,0.2122902983646978,0.0625,0,4830.0,azure_vm_real_slice
7094,0.0,300.0,0.4092329273550979,0.0625,1,615.0,azure_vm_real_slice
7095,1998600.0,34500.0,0.05,1.0,2,2060700.0,azure_vm_real_slice
7096,1242000.0,1500.0,0.15265627167184875,0.125,0,1245450.0,azure_vm_real_slice
7097,495000.0,600.0,0.05,0.5,0,496380.0,azure_vm_real_slice
7098,0.0,6900.0,0.11421126376314059,0.5,2,12419.999999999998,azure_vm_real_slice
7099,1826400.0,3000.0,0.4672713507428514,0.125,1,1832550.0,azure_vm_real_slice
7100,39300.0,600.0,0.05,0.5,0,40680.0,azure_vm_real_slice
7101,1300800.0,900.0,0.05,0.5,0,1302870.0,azure_vm_real_slice
7102,0.0,300.0,0.10390893913786842,0.125,0,690.0,azure_vm_real_slice
7103,0.0,600.0,0.16902274392662212,0.125,0,1380.0,azure_vm_real_slice
7104,279000.0,300.0,0.3124097819560198,0.0625,0,279690.0,azure_vm_real_slice
7105,1244100.0,10800.0,0.05,0.5,2,1263540.0,azure_vm_real_slice
7106,563100.0,2400.0,0.05,0.5,0,568620.0,azure_vm_real_slice
7107,609300.0,600.0,0.142885943934656,0.125,0,610680.0,azure_vm_real_slice
7108,1595700.0,23700.0,0.09565477521564648,0.0625,0,1650210.0,azure_vm_real_slice
7109,0.0,4500.0,0.8565122454985955,0.5,2,8099.999999999999,azure_vm_real_slice
7110,0.0,97800.0,0.05416317438094054,0.5,2,176039.99999999997,azure_vm_real_slice
7111,1680900.0,163500.0,0.05,0.5,0,2056950.0,azure_vm_real_slice
7112,0.0,338700.0,0.05,0.125,0,779009.9999999999,azure_vm_real_slice
7113,0.0,2700.0,0.05,0.5,2,4859.999999999999,azure_vm_real_slice
7114,2005800.0,8400.0,0.05,0.125,0,2025120.0,azure_vm_real_slice
7115,1547400.0,1800.0,0.6499879268608838,0.05,1,1551090.0,azure_vm_real_slice
7116,33300.0,300.0,0.1714589190561625,0.125,0,33990.0,azure_vm_real_slice
7117,411900.0,2400.0,0.18727058664543605,0.5,0,417420.0,azure_vm_real_slice
7118,1583100.0,6600.0,0.05,0.5,0,1598280.0,azure_vm_real_slice
7119,1000200.0,300.0,0.2822574303621729,0.5,0,1000890.0,azure_vm_real_slice
7120,797400.0,600.0,0.05,0.5,0,798780.0,azure_vm_real_slice
7121,0.0,3600.0,0.12672850798005617,0.5,0,8280.0,azure_vm_real_slice
7122,951600.0,300.0,0.05,1.0,2,952140.0,azure_vm_real_slice
7123,1199100.0,2700.0,0.05,0.5,0,1205310.0,azure_vm_real_slice
7124,1209300.0,40500.0,0.24377755516644625,0.5,2,1282200.0,azure_vm_real_slice
7125,1677000.0,356100.0,0.07726764325935769,0.05,0,2496030.0,azure_vm_real_slice
7126,68400.0,6300.0,0.09626323390686768,0.125,0,82890.0,azure_vm_real_slice
7127,0.0,2591400.0,0.10230514890878441,0.05,0,5960220.0,azure_vm_real_slice
7128,450600.0,1800.0,0.244651698843579,0.125,0,454740.0,azure_vm_real_slice
7129,1671300.0,1500.0,0.18883004430119077,0.05,0,1674750.0,azure_vm_real_slice
7130,761100.0,600.0,0.05,0.5,0,762480.0,azure_vm_real_slice
7131,0.0,2591400.0,0.05,0.125,0,5960220.0,azure_vm_real_slice
7132,904200.0,78000.0,0.08814629739121604,0.0625,0,1083600.0,azure_vm_real_slice
7133,1567500.0,2100.0,0.34746563069049885,0.05,0,1572330.0,azure_vm_real_slice
7134,381000.0,300.0,0.05,0.0625,0,381690.0,azure_vm_real_slice
7135,1971900.0,23100.0,0.14047522604887,0.0625,0,2025030.0,azure_vm_real_slice
7136,1966500.0,3000.0,0.0957218339686199,0.5,0,1973400.0,azure_vm_real_slice
7137,461100.0,2700.0,0.08339235418946625,1.0,2,465960.0,azure_vm_real_slice
7138,0.0,1800.0,0.5634976298583647,0.05,1,3689.9999999999995,azure_vm_real_slice
7139,784500.0,5100.0,0.7158375475511843,0.125,1,794955.0,azure_vm_real_slice
7140,1649100.0,1500.0,0.46411488847738697,0.125,1,1652175.0,azure_vm_real_slice
7141,1464600.0,6900.0,0.15718375462792772,0.5,2,1477020.0,azure_vm_real_slice
7142,1088400.0,1500.0,0.31006017269843744,0.125,0,1091850.0,azure_vm_real_slice
7143,667200.0,1500.0,0.30389066271543164,0.5,0,670650.0,azure_vm_real_slice
7144,0.0,2591400.0,0.10530235778477656,0.05,0,5960220.0,azure_vm_real_slice
7145,1290300.0,900.0,0.05,0.0625,0,1292370.0,azure_vm_real_slice
7146,1231200.0,3600.0,0.21591001490568446,0.125,0,1239480.0,azure_vm_real_slice
7147,0.0,2400.0,0.10008562057309078,0.0625,0,5520.0,azure_vm_real_slice
7148,606300.0,54300.0,0.1263603896456215,0.5,2,704040.0,azure_vm_real_slice
7149,0.0,600.0,0.18514398177360686,0.125,0,1380.0,azure_vm_real_slice
7150,1119900.0,9300.0,0.42646097548237294,0.125,1,1138965.0,azure_vm_real_slice
7151,1124700.0,300.0,0.05,0.0625,0,1125390.0,azure_vm_real_slice
7152,0.0,300.0,0.05834189968240215,0.5,0,690.0,azure_vm_real_slice
7153,1053300.0,7800.0,0.10956070383184878,0.5,2,1067340.0,azure_vm_real_slice
7154,984300.0,300.0,0.05,0.0625,0,984990.0,azure_vm_real_slice
7155,1109700.0,600.0,0.11810917973618251,0.125,0,1111080.0,azure_vm_real_slice
7156,0.0,2591400.0,0.05,0.05,0,5960220.0,azure_vm_real_slice
7157,0.0,2591400.0,0.10239775521105964,0.125,0,5960220.0,azure_vm_real_slice
7158,1068300.0,1200.0,0.05,0.125,0,1071060.0,azure_vm_real_slice
7159,192300.0,1200.0,0.05,0.5,0,195060.0,azure_vm_real_slice
7160,0.0,2591400.0,0.1705960059737792,0.05,0,5960220.0,azure_vm_real_slice
7161,0.0,600.0,0.09574062453088018,0.125,0,1380.0,azure_vm_real_slice
7162,0.0,300.0,0.05608452137209034,0.125,0,690.0,azure_vm_real_slice
7163,374100.0,2100.0,0.3409893780021658,0.125,0,378930.0,azure_vm_real_slice
7164,462900.0,54000.0,0.3486247933215618,0.125,0,587100.0,azure_vm_real_slice
7165,1229100.0,900.0,0.05,0.5,0,1231170.0,azure_vm_real_slice
7166,2012700.0,300.0,0.07174114646124213,0.5,0,2013390.0,azure_vm_real_slice
7167,1653600.0,2700.0,0.5871444390049337,0.05,1,1659135.0,azure_vm_real_slice
7168,942300.0,600.0,0.05,0.125,0,943680.0,azure_vm_real_slice
7169,476400.0,2400.0,0.05,0.5,0,481920.0,azure_vm_real_slice
7170,1746600.0,8400.0,0.07511838405946238,0.125,0,1765920.0,azure_vm_real_slice
7171,621300.0,1200.0,0.3567906266940615,0.5,1,623760.0,azure_vm_real_slice
7172,957900.0,109500.0,0.05,0.0625,0,1209750.0,azure_vm_real_slice
7173,1099500.0,900.0,0.2987308424385546,0.125,0,1101570.0,azure_vm_real_slice
7174,973500.0,6900.0,0.7972494520436136,0.5,2,985920.0,azure_vm_real_slice
7175,1544700.0,1500.0,0.37146931193832267,0.05,1,1547775.0,azure_vm_real_slice
7176,16500.0,600.0,0.37592193951938024,0.05,1,17730.0,azure_vm_real_slice
7177,0.0,2100.0,0.05,0.5,0,4830.0,azure_vm_real_slice
7178,809400.0,15900.0,0.28479603518091956,0.0625,0,845970.0,azure_vm_real_slice
7179,947400.0,900.0,0.2837686227440292,0.5,2,949020.0,azure_vm_real_slice
7180,0.0,1500.0,0.05,0.0625,0,3449.9999999999995,azure_vm_real_slice
7181,930900.0,600.0,0.05175162048694219,0.5,0,932280.0,azure_vm_real_slice
7182,0.0,900.0,0.09840245372443342,0.125,0,2070.0,azure_vm_real_slice
7183,0.0,2100.0,0.13963908023261892,0.125,0,4830.0,azure_vm_real_slice
7184,286200.0,300.0,0.05,0.5,0,286890.0,azure_vm_real_slice
7185,0.0,2591400.0,0.1595497592859644,0.5,0,5960220.0,azure_vm_real_slice
7186,1574100.0,4200.0,0.05,0.125,0,1583760.0,azure_vm_real_slice
7187,911400.0,600.0,0.05,1.0,2,912480.0,azure_vm_real_slice
7188,591600.0,3000.0,0.5339278842800889,0.125,1,597750.0,azure_vm_real_slice
7189,0.0,900.0,0.35321898104887045,0.5,1,1844.9999999999998,azure_vm_real_slice
7190,0.0,900.0,0.21006127868042573,0.5,0,2070.0,azure_vm_real_slice
7191,1646100.0,120600.0,0.35989548373556607,0.5,1,1893330.0,azure_vm_real_slice
7192,0.0,2591400.0,0.05,0.0625,0,5960220.0,azure_vm_real_slice
7193,1730700.0,300.0,0.14536093669212347,0.125,0,1731390.0,azure_vm_real_slice
7194,1435500.0,15000.0,0.42294916345114425,0.125,1,1466250.0,azure_vm_real_slice
7195,81300.0,60300.0,0.12748904775473904,0.5,2,189840.0,azure_vm_real_slice
7196,595800.0,3900.0,0.05,0.5,0,604770.0,azure_vm_real_slice
7197,1745400.0,1500.0,0.10366850025014845,0.125,0,1748850.0,azure_vm_real_slice
7198,408300.0,54000.0,0.5572507428327224,0.125,1,519000.0,azure_vm_real_slice
7199,551400.0,195300.0,0.1411897110727863,0.125,0,1000590.0,azure_vm_real_slice
7200,1681800.0,300.0,0.05,0.125,0,1682490.0,azure_vm_real_slice
7201,1026600.0,29400.0,0.3568671972071992,0.125,1,1086870.0,azure_vm_real_slice
7202,469200.0,300.0,0.06562725131756236,0.125,0,469890.0,azure_vm_real_slice
7203,0.0,1616100.0,0.246145867203217,0.0625,0,3717029.9999999995,azure_vm_real_slice
7204,1447800.0,300.0,0.05,0.0625,0,1448490.0,azure_vm_real_slice
7205,0.0,7200.0,0.5182317039285532,0.125,1,14759.999999999998,azure_vm_real_slice
7206,1644300.0,300.0,0.05,0.0625,0,1644990.0,azure_vm_real_slice
7207,376200.0,300.0,0.05,0.5,0,376890.0,azure_vm_real_slice
7208,1909800.0,300.0,0.05,0.5,0,1910490.0,azure_vm_real_slice
7209,0.0,3300.0,0.5277566214609041,0.125,1,6764.999999999999,azure_vm_real_slice
7210,0.0,2591400.0,0.057213842991789034,0.05,0,5960220.0,azure_vm_real_slice
7211,580200.0,1800.0,0.07473808311921813,0.5,0,584340.0,azure_vm_real_slice
7212,916500.0,600.0,0.05,0.5,0,917880.0,azure_vm_real_slice
7213,0.0,2591400.0,0.05,0.0625,0,5960220.0,azure_vm_real_slice
7214,0.0,50400.0,0.1586148557803046,0.5,2,90719.99999999999,azure_vm_real_slice
7215,0.0,2591400.0,0.05,0.125,0,5960220.0,azure_vm_real_slice
7216,0.0,23400.0,0.05910743572001714,0.5,2,42119.99999999999,azure_vm_real_slice
7217,425400.0,600.0,0.44226042188949255,0.0625,1,426630.0,azure_vm_real_slice
7218,839400.0,1800.0,0.5293327923381653,0.125,1,843090.0,azure_vm_real_slice
7219,716100.0,13800.0,0.2555961449260935,0.5,0,747840.0,azure_vm_real_slice
7220,0.0,2115300.0,0.05,0.125,0,4865190.0,azure_vm_real_slice
7221,105600.0,300.0,0.05,0.125,0,106290.0,azure_vm_real_slice
7222,1291800.0,1500.0,0.30117234641211654,0.125,0,1295250.0,azure_vm_real_slice
7223,261600.0,300.0,0.1964673073751495,0.125,0,262290.0,azure_vm_real_slice
7224,669000.0,3900.0,0.6558164723120994,0.05,1,676995.0,azure_vm_real_slice
7225,0.0,6600.0,0.2433229501191513,0.5,2,11879.999999999998,azure_vm_real_slice
7226,367800.0,1500.0,0.061700325076763665,0.125,0,371250.0,azure_vm_real_slice
7227,253800.0,24000.0,0.10001112256846141,0.5,2,297000.0,azure_vm_real_slice
7228,764700.0,600.0,0.05,0.5,0,766080.0,azure_vm_real_slice
7229,996600.0,6300.0,0.4573320016118707,0.125,1,1009515.0,azure_vm_real_slice
7230,0.0,2591400.0,0.05,0.05,0,5960220.0,azure_vm_real_slice
7231,494700.0,1500.0,0.05,1.0,2,497400.0,azure_vm_real_slice
7232,956100.0,900.0,0.05123968642409319,0.125,0,958170.0,azure_vm_real_slice
7233,0.0,300.0,0.05,0.05,0,690.0,azure_vm_real_slice
7234,0.0,300.0,0.13700712310218635,0.125,0,690.0,azure_vm_real_slice
7235,602400.0,51600.0,0.05,0.125,0,721080.0,azure_vm_real_slice
7236,1340700.0,1200.0,0.05,0.5,0,1343460.0,azure_vm_real_slice
7237,0.0,1200.0,0.19063189153261426,0.5,0,2760.0,azure_vm_real_slice
7238,0.0,2400.0,0.2393467930366156,0.125,0,5520.0,azure_vm_real_slice
7239,0.0,2591400.0,0.09127809220441625,0.5,0,5960220.0,azure_vm_real_slice
7240,1229400.0,300.0,0.05,0.0625,0,1230090.0,azure_vm_real_slice
7241,0.0,300.0,0.0684031928104409,0.125,0,690.0,azure_vm_real_slice
7242,678900.0,1200.0,0.06909066048245717,0.5,2,681060.0,azure_vm_real_slice
7243,0.0,2591400.0,0.10505987955785981,0.05,0,5960220.0,azure_vm_real_slice
7244,1045200.0,300.0,0.05,0.125,0,1045890.0,azure_vm_real_slice
7245,117000.0,3900.0,0.3507521234906914,0.125,1,124995.0,azure_vm_real_slice
7246,114600.0,300.0,0.05,0.5,0,115290.0,azure_vm_real_slice
7247,1083900.0,2400.0,0.22156457025573395,0.05,0,1089420.0,azure_vm_real_slice
7248,1748700.0,600.0,0.19667257759527643,0.5,0,1750080.0,azure_vm_real_slice
7249,1729800.0,1800.0,0.05,0.5,0,1733940.0,azure_vm_real_slice
7250,1670400.0,3000.0,0.16663650665920648,0.05,0,1677300.0,azure_vm_real_slice
7251,360900.0,600.0,0.05,0.5,0,362280.0,azure_vm_real_slice
7252,1287000.0,1800.0,0.05,0.5,0,1291140.0,azure_vm_real_slice
7253,997800.0,900.0,0.15279918469081435,0.125,0,999870.0,azure_vm_real_slice
7254,312300.0,600.0,0.07829207171827553,0.125,0,313680.0,azure_vm_real_slice
7255,0.0,6600.0,0.5408649352104963,0.125,1,13529.999999999998,azure_vm_real_slice
7256,1542300.0,300.0,0.05,0.5,0,1542990.0,azure_vm_real_slice
7257,1229700.0,11100.0,0.7359904345656912,0.125,1,1252455.0,azure_vm_real_slice
7258,0.0,600.0,0.05,0.125,0,1380.0,azure_vm_real_slice
7259,763800.0,1500.0,0.2732333612188963,0.5,0,767250.0,azure_vm_real_slice
7260,0.0,3000.0,0.05,1.0,2,5399.999999999999,azure_vm_real_slice
7261,628800.0,7800.0,0.7615381482491648,0.5,2,642840.0,azure_vm_real_slice
7262,0.0,11400.0,0.21393083647843728,1.0,2,20519.999999999996,azure_vm_real_slice
7263,760500.0,28800.0,0.14012621884604404,0.0625,0,826740.0,azure_vm_real_slice
7264,0.0,8400.0,0.11879294284991168,0.5,2,15119.999999999998,azure_vm_real_slice
7265,0.0,300.0,0.05,0.125,0,690.0,azure_vm_real_slice
7266,482400.0,600.0,0.08701351269951471,0.125,0,483780.0,azure_vm_real_slice
7267,340500.0,600.0,0.0691064226708549,0.125,0,341880.0,azure_vm_real_slice
7268,609300.0,300.0,0.8482803332967219,0.5,2,609840.0,azure_vm_real_slice
7269,469500.0,2700.0,0.11607271171872346,0.5,2,474360.0,azure_vm_real_slice
7270,1677000.0,900.0,0.05,0.5,0,1679070.0,azure_vm_real_slice
7271,357000.0,20700.0,0.05,0.125,0,404610.0,azure_vm_real_slice
7272,2030100.0,3000.0,0.08410984085263452,0.125,0,2037000.0,azure_vm_real_slice
7273,1213200.0,2100.0,0.05,0.5,0,1218030.0,azure_vm_real_slice
7274,971700.0,900.0,0.05,0.5,0,973770.0,azure_vm_real_slice
7275,0.0,45000.0,0.28149434873469564,0.5,0,103499.99999999999,azure_vm_real_slice
7276,1232100.0,900.0,0.05,1.0,2,1233720.0,azure_vm_real_slice
7277,1805400.0,600.0,0.17779876378381348,0.5,0,1806780.0,azure_vm_real_slice
7278,579600.0,1800.0,0.15936837465256812,0.125,0,583740.0,azure_vm_real_slice
7279,1547400.0,300.0,0.05,0.125,0,1548090.0,azure_vm_real_slice
7280,0.0,300.0,0.05,0.125,0,690.0,azure_vm_real_slice
7281,1540500.0,1800.0,0.12353285064273148,0.5,2,1543740.0,azure_vm_real_slice
7282,0.0,2591400.0,0.15980752660580017,0.5,2,4664520.0,azure_vm_real_slice
7283,0.0,900.0,0.28290376116446175,0.05,0,2070.0,azure_vm_real_slice
7284,0.0,2591400.0,0.06459137452269141,0.5,0,5960220.0,azure_vm_real_slice
7285,419100.0,1800.0,0.05,0.5,0,423240.0,azure_vm_real_slice
7286,1585500.0,1500.0,0.09878056672444697,0.125,0,1588950.0,azure_vm_real_slice
7287,1174800.0,4500.0,0.14444976171377377,0.125,0,1185150.0,azure_vm_real_slice
7288,522900.0,600.0,0.05,0.125,0,524280.0,azure_vm_real_slice
7289,1962900.0,900.0,0.09956740915030395,0.0625,0,1964970.0,azure_vm_real_slice
7290,1833600.0,900.0,0.11944857822232148,0.125,0,1835670.0,azure_vm_real_slice
7291,1906500.0,63300.0,0.2161714569812559,0.5,0,2052090.0,azure_vm_real_slice
7292,0.0,2591400.0,0.0677109790130821,0.0625,0,5960220.0,azure_vm_real_slice
7293,30900.0,6900.0,0.09993698184723962,0.125,0,46770.0,azure_vm_real_slice
7294,0.0,600.0,0.3243336055128564,0.5,0,1380.0,azure_vm_real_slice
7295,0.0,2591400.0,0.05,0.5,0,5960220.0,azure_vm_real_slice
7296,1849500.0,600.0,0.10460934530724594,1.0,2,1850580.0,azure_vm_real_slice
7297,720600.0,977400.0,0.05,0.125,0,2968620.0,azure_vm_real_slice
7298,1408800.0,120300.0,0.05,0.125,0,1685490.0,azure_vm_real_slice
7299,329400.0,600.0,0.20700844683171266,0.0625,0,330780.0,azure_vm_real_slice
7300,555900.0,19200.0,0.3714186746414657,0.125,1,595260.0,azure_vm_real_slice
7301,657600.0,7200.0,0.1791636922562796,0.5,0,674160.0,azure_vm_real_slice
7302,0.0,1500.0,0.05,1.0,2,2699.9999999999995,azure_vm_real_slice
7303,1548300.0,900.0,0.16012679729728738,0.125,0,1550370.0,azure_vm_real_slice
7304,1575600.0,2100.0,0.2671720408782199,0.125,0,1580430.0,azure_vm_real_slice
7305,1747200.0,900.0,0.05,0.0625,0,1749270.0,azure_vm_real_slice
7306,796200.0,52800.0,0.4835312123398583,0.125,1,904440.0,azure_vm_real_slice
7307,18000.0,300.0,0.053974067216010904,0.125,0,18690.0,azure_vm_real_slice
7308,413700.0,300.0,0.05,0.5,2,414240.0,azure_vm_real_slice
7309,1613100.0,8400.0,0.07743976448862747,0.5,2,1628220.0,azure_vm_real_slice
7310,1359000.0,89700.0,0.0725678554137636,0.0625,0,1565310.0,azure_vm_real_slice
7311,132300.0,1200.0,0.05,0.0625,0,135060.0,azure_vm_real_slice
7312,0.0,600.0,0.05,0.5,0,1380.0,azure_vm_real_slice
7313,1227000.0,6900.0,0.05,0.5,2,1239420.0,azure_vm_real_slice
7314,762600.0,86100.0,0.05,0.125,0,960630.0,azure_vm_real_slice
7315,381900.0,300.0,0.05,0.5,0,382590.0,azure_vm_real_slice
7316,1173000.0,5400.0,0.25294456695464335,0.125,0,1185420.0,azure_vm_real_slice
7317,668100.0,300.0,0.226236441245615,0.0625,0,668790.0,azure_vm_real_slice
7318,977400.0,2700.0,0.12250346199985328,0.125,0,983610.0,azure_vm_real_slice
7319,0.0,2395800.0,0.05,0.125,0,5510340.0,azure_vm_real_slice
7320,1426500.0,600.0,0.05,0.5,0,1427880.0,azure_vm_real_slice
7321,1479300.0,5400.0,0.48900872838423565,0.05,1,1490370.0,azure_vm_real_slice
7322,1967400.0,300.0,0.340103371928658,0.125,0,1968090.0,azure_vm_real_slice
7323,906900.0,300.0,0.05,0.5,0,907590.0,azure_vm_real_slice
7324,0.0,3000.0,0.1532068239031582,0.5,0,6899.999999999999,azure_vm_real_slice
7325,834000.0,600.0,0.05,0.5,0,835380.0,azure_vm_real_slice
7326,600.0,900.0,0.05,0.0625,0,2670.0,azure_vm_real_slice
7327,1094700.0,3300.0,0.4048733827969896,0.125,1,1101465.0,azure_vm_real_slice
7328,624600.0,35400.0,0.09232919399695756,0.5,2,688320.0,azure_vm_real_slice
7329,0.0,600.0,0.05,0.5,0,1380.0,azure_vm_real_slice
7330,0.0,2591400.0,0.48917480216088094,0.125,1,5312370.0,azure_vm_real_slice
7331,1707900.0,1200.0,0.09942213451085141,0.125,0,1710660.0,azure_vm_real_slice
7332,59400.0,6000.0,0.05,0.5,0,73200.0,azure_vm_real_slice
7333,534000.0,900.0,0.05,0.5,0,536070.0,azure_vm_real_slice
7334,1704900.0,300.0,0.05,1.0,2,1705440.0,azure_vm_real_slice
7335,138000.0,300.0,0.05,0.125,0,138690.0,azure_vm_real_slice
7336,0.0,144300.0,0.05,0.5,0,331890.0,azure_vm_real_slice
7337,1930200.0,300.0,0.05,0.0625,0,1930890.0,azure_vm_real_slice
7338,0.0,6000.0,0.08781516318010832,0.5,0,13799.999999999998,azure_vm_real_slice
7339,405600.0,300.0,0.05,0.125,0,406290.0,azure_vm_real_slice
7340,355500.0,3000.0,0.06411516579088561,0.5,2,360900.0,azure_vm_real_slice
7341,0.0,300.0,0.05,0.0625,0,690.0,azure_vm_real_slice
7342,1684800.0,300.0,0.05,0.5,0,1685490.0,azure_vm_real_slice
7343,0.0,20400.0,0.10074201137900916,1.0,2,36720.0,azure_vm_real_slice
7344,1080000.0,1500.0,0.25726094987213843,0.5,0,1083450.0,azure_vm_real_slice
7345,890400.0,300.0,0.10319292854326284,0.5,0,891090.0,azure_vm_real_slice
7346,0.0,3600.0,0.05,0.5,0,8280.0,azure_vm_real_slice
7347,1299300.0,300.0,0.05,0.05,0,1299990.0,azure_vm_real_slice
7348,1555200.0,4200.0,0.05,0.5,0,1564860.0,azure_vm_real_slice
7349,0.0,600.0,0.27658399186265636,0.125,0,1380.0,azure_vm_real_slice
7350,1659900.0,27900.0,0.05,0.5,0,1724070.0,azure_vm_real_slice
7351,90600.0,68700.0,0.3477467177032809,0.125,0,248610.0,azure_vm_real_slice
7352,1218900.0,900.0,0.05,0.0625,0,1220970.0,azure_vm_real_slice
7353,374700.0,300.0,0.05,0.125,0,375390.0,azure_vm_real_slice
7354,193200.0,1500.0,0.06835745432432383,0.125,0,196650.0,azure_vm_real_slice
7355,209100.0,1200.0,0.27784481172749975,0.125,0,211860.0,azure_vm_real_slice
7356,1600800.0,600.0,0.17839552027748554,0.5,2,1601880.0,azure_vm_real_slice
7357,0.0,2100.0,0.05,0.0625,0,4830.0,azure_vm_real_slice
7358,0.0,2591400.0,0.05,0.0625,0,5960220.0,azure_vm_real_slice
7359,1051800.0,600.0,0.10161990012107051,0.125,0,1053180.0,azure_vm_real_slice
7360,600900.0,2400.0,0.05,0.5,0,606420.0,azure_vm_real_slice
7361,1665600.0,15900.0,0.05,0.5,2,1694220.0,azure_vm_real_slice
7362,1590000.0,300.0,0.05,0.5,0,1590690.0,azure_vm_real_slice
7363,352500.0,300.0,0.09517163397977811,0.125,0,353190.0,azure_vm_real_slice
7364,612600.0,900.0,0.05,0.5,0,614670.0,azure_vm_real_slice
7365,1815300.0,900.0,0.05,0.125,0,1817370.0,azure_vm_real_slice
7366,94200.0,900.0,0.05,0.5,0,96270.0,azure_vm_real_slice
7367,491400.0,300.0,0.06403037288518161,0.5,0,492090.0,azure_vm_real_slice
7368,984300.0,300.0,0.05,1.0,2,984840.0,azure_vm_real_slice
7369,1212000.0,600.0,0.05,0.5,0,1213380.0,azure_vm_real_slice
7370,0.0,2100.0,0.05,0.5,0,4830.0,azure_vm_real_slice
7371,1551300.0,900.0,0.571253005555446,0.05,1,1553145.0,azure_vm_real_slice
7372,926100.0,900.0,0.05,0.125,0,928170.0,azure_vm_real_slice
7373,744900.0,300.0,0.09424076202680652,0.05,0,745590.0,azure_vm_real_slice
7374,0.0,738900.0,0.12034976060240567,0.0625,0,1699469.9999999998,azure_vm_real_slice
7375,539400.0,600.0,0.05,0.05,0,540780.0,azure_vm_real_slice
7376,1948500.0,35400.0,0.17856041889027405,0.0625,0,2029920.0,azure_vm_real_slice
7377,147300.0,6600.0,0.07895955925815207,0.5,2,159180.0,azure_vm_real_slice
7378,736200.0,4200.0,0.056437240261609824,1.0,2,743760.0,azure_vm_real_slice
7379,364500.0,2100.0,0.11328310476130474,0.05,0,369330.0,azure_vm_real_slice
7380,0.0,2591400.0,0.23541109760841716,0.125,0,5960220.0,azure_vm_real_slice
7381,30300.0,4200.0,0.15707411145363595,0.0625,0,39960.0,azure_vm_real_slice
7382,1182300.0,16500.0,0.7142750116768067,0.5,1,1216125.0,azure_vm_real_slice
7383,1271700.0,1800.0,0.4567660915669133,0.125,1,1275390.0,azure_vm_real_slice
7384,0.0,227700.0,0.05,0.5,2,409859.99999999994,azure_vm_real_slice
7385,343200.0,1200.0,0.05,0.5,0,345960.0,azure_vm_real_slice
7386,0.0,300.0,0.05428542927615938,0.5,0,690.0,azure_vm_real_slice
7387,1368000.0,10200.0,0.05,0.125,0,1391460.0,azure_vm_real_slice
7388,0.0,2700.0,0.05,0.5,0,6209.999999999999,azure_vm_real_slice
7389,1917300.0,1800.0,0.4508272919982378,0.125,1,1920990.0,azure_vm_real_slice
7390,511500.0,4200.0,0.05,1.0,2,519060.0,azure_vm_real_slice
7391,0.0,600.0,0.16221092846741406,0.125,0,1380.0,azure_vm_real_slice
7392,0.0,600.0,0.19674885841131273,0.0625,0,1380.0,azure_vm_real_slice
7393,490800.0,900.0,0.0928852269002294,0.5,0,492870.0,azure_vm_real_slice
7394,563400.0,600.0,0.05,1.0,2,564480.0,azure_vm_real_slice
7395,0.0,1800.0,0.2963648590735284,0.125,0,4140.0,azure_vm_real_slice
7396,2005800.0,600.0,0.10553317913585956,0.125,0,2007180.0,azure_vm_real_slice
7397,1608000.0,600.0,0.05,0.5,0,1609380.0,azure_vm_real_slice
7398,383700.0,18000.0,0.3788052038087289,0.125,1,420600.0,azure_vm_real_slice
7399,1852800.0,300.0,0.12180321878233606,0.125,0,1853490.0,azure_vm_real_slice
7400,0.0,88500.0,0.13371365479365793,0.05,0,203549.99999999997,azure_vm_real_slice
7401,0.0,1800.0,0.13537012918025002,0.125,0,4140.0,azure_vm_real_slice
7402,1140300.0,1500.0,0.05,0.0625,0,1143750.0,azure_vm_real_slice
7403,1368900.0,4200.0,0.5521514435187488,0.05,1,1377510.0,azure_vm_real_slice
7404,311100.0,300.0,0.05,0.125,0,311790.0,azure_vm_real_slice
7405,134700.0,1500.0,0.05,0.5,0,138150.0,azure_vm_real_slice
7406,1136700.0,1800.0,0.3635756408539511,0.125,1,1140390.0,azure_vm_real_slice
7407,162000.0,600.0,0.07639474264788772,0.125,0,163380.0,azure_vm_real_slice
7408,1907100.0,300.0,0.05,0.125,0,1907790.0,azure_vm_real_slice
7409,237900.0,900.0,0.06048360597375454,0.5,0,239970.0,azure_vm_real_slice
7410,1964700.0,68400.0,0.05,0.5,0,2122020.0,azure_vm_real_slice
7411,1362000.0,300.0,0.05,0.5,0,1362690.0,azure_vm_real_slice
7412,1817100.0,300.0,0.08758466662792452,0.0625,0,1817790.0,azure_vm_real_slice
7413,1474800.0,1200.0,0.07362456586197012,0.125,0,1477560.0,azure_vm_real_slice
7414,1722000.0,3000.0,0.4181778702928053,0.5,1,1728150.0,azure_vm_real_slice
7415,1956900.0,4500.0,0.05,0.05,0,1967250.0,azure_vm_real_slice
7416,0.0,30600.0,0.7686822637643571,0.125,2,55079.99999999999,azure_vm_real_slice
7417,1927800.0,105300.0,0.05,0.125,0,2169990.0,azure_vm_real_slice
7418,74700.0,2700.0,0.05,0.5,0,80910.0,azure_vm_real_slice
7419,0.0,300.0,0.05,0.125,0,690.0,azure_vm_real_slice
7420,0.0,300.0,0.4976735620232391,0.125,1,615.0,azure_vm_real_slice
7421,0.0,1200.0,0.05,0.125,0,2760.0,azure_vm_real_slice
7422,1150500.0,3300.0,0.7391275971095586,0.125,1,1157265.0,azure_vm_real_slice
7423,0.0,2591400.0,0.11905743745561814,0.05,0,5960220.0,azure_vm_real_slice
7424,41400.0,146100.0,0.35658653338476426,0.0625,1,340905.0,azure_vm_real_slice
7425,84600.0,2700.0,0.05,0.5,0,90810.0,azure_vm_real_slice
7426,1897800.0,1800.0,0.38807796168981135,0.05,1,1901490.0,azure_vm_real_slice
7427,956100.0,1500.0,0.05,0.125,0,959550.0,azure_vm_real_slice
7428,88200.0,13500.0,0.05,1.0,2,112500.0,azure_vm_real_slice
7429,304800.0,1200.0,0.35654306592205726,0.125,1,307260.0,azure_vm_real_slice
7430,298800.0,1200.0,0.0843173699839645,0.125,0,301560.0,azure_vm_real_slice
7431,1212000.0,692100.0,0.05,0.0625,0,2803830.0,azure_vm_real_slice
7432,683400.0,62400.0,0.2152438977615765,0.5,2,795720.0,azure_vm_real_slice
7433,0.0,2591400.0,0.08419687563628991,0.05,0,5960220.0,azure_vm_real_slice
7434,0.0,300.0,0.05,0.0625,0,690.0,azure_vm_real_slice
7435,0.0,600.0,0.054028639070237396,0.05,0,1380.0,azure_vm_real_slice
7436,967200.0,2400.0,0.05,0.125,0,972720.0,azure_vm_real_slice
7437,1000800.0,10200.0,0.10553228286633796,0.0625,0,1024260.0,azure_vm_real_slice
7438,288600.0,300.0,0.05,0.5,0,289290.0,azure_vm_real_slice
7439,252300.0,65100.0,0.7770411805464762,0.5,2,369480.0,azure_vm_real_slice
7440,0.0,3600.0,0.21617887843519687,0.125,0,8280.0,azure_vm_real_slice
7441,270000.0,600.0,0.05,0.5,0,271380.0,azure_vm_real_slice
7442,1688400.0,900.0,0.11725069650929891,1.0,2,1690020.0,azure_vm_real_slice
7443,174600.0,15300.0,0.05,0.5,0,209790.0,azure_vm_real_slice
7444,1285500.0,747600.0,0.05,0.0625,0,3004980.0,azure_vm_real_slice
7445,346500.0,1800.0,0.05,0.5,0,350640.0,azure_vm_real_slice
7446,587100.0,300.0,0.05,0.125,0,587790.0,azure_vm_real_slice
7447,2018400.0,6300.0,0.05,0.0625,0,2032890.0,azure_vm_real_slice
7448,584700.0,39000.0,0.2145670454163635,0.0625,0,674400.0,azure_vm_real_slice
7449,33000.0,33000.0,0.4683812803222372,0.125,1,100650.0,azure_vm_real_slice
7450,0.0,3600.0,0.38006738966632897,0.05,1,7379.999999999999,azure_vm_real_slice
7451,1394700.0,75600.0,0.2224617636358154,0.0625,0,1568580.0,azure_vm_real_slice
7452,1335300.0,300.0,0.05,0.5,0,1335990.0,azure_vm_real_slice
7453,1726500.0,3600.0,0.5628493289709918,0.125,1,1733880.0,azure_vm_real_slice
7454,1727100.0,900.0,0.08079402938399871,0.05,0,1729170.0,azure_vm_real_slice
7455,663900.0,2100.0,0.08561515233935608,0.05,0,668730.0,azure_vm_real_slice
7456,141000.0,27300.0,0.05,0.5,0,203790.0,azure_vm_real_slice
7457,1663500.0,900.0,0.12894688057741782,0.125,0,1665570.0,azure_vm_real_slice
7458,0.0,2591400.0,0.4673395539027936,0.125,1,5312370.0,azure_vm_real_slice
7459,1746900.0,40500.0,0.05,0.125,0,1840050.0,azure_vm_real_slice
7460,0.0,2591400.0,0.47768596394759877,0.125,1,5312370.0,azure_vm_real_slice
7461,0.0,1204500.0,0.05,0.05,0,2770350.0,azure_vm_real_slice
7462,0.0,2400.0,0.3547990101794592,0.125,1,4920.0,azure_vm_real_slice
7463,7200.0,600.0,0.061244839084622624,0.125,0,8580.0,azure_vm_real_slice
7464,282300.0,600.0,0.07201457321523554,0.125,0,283680.0,azure_vm_real_slice
7465,192600.0,300.0,0.05,0.0625,0,193290.0,azure_vm_real_slice
7466,1021200.0,22500.0,0.3761005038074371,0.0625,1,1067325.0,azure_vm_real_slice
7467,1298400.0,4500.0,0.4422306707821057,0.0625,1,1307625.0,azure_vm_real_slice
7468,149700.0,174600.0,0.13072418035739475,0.05,0,551280.0,azure_vm_real_slice
7469,868500.0,600.0,0.31256074648766585,0.05,0,869880.0,azure_vm_real_slice
7470,1018800.0,300.0,0.05,0.0625,0,1019490.0,azure_vm_real_slice
7471,707700.0,1800.0,0.07312651055471846,0.5,0,711840.0,azure_vm_real_slice
7472,659700.0,600.0,0.05,0.5,0,661080.0,azure_vm_real_slice
7473,76200.0,900.0,0.09550215517112026,0.125,0,78270.0,azure_vm_real_slice
7474,1084200.0,300.0,0.25609279386401096,0.125,0,1084890.0,azure_vm_real_slice
7475,0.0,900.0,0.05,1.0,2,1619.9999999999998,azure_vm_real_slice
7476,0.0,2591400.0,0.11967805216928,0.05,0,5960220.0,azure_vm_real_slice
7477,737700.0,7800.0,0.7221295201879032,0.125,1,753690.0,azure_vm_real_slice
7478,745500.0,300.0,0.06548486991434883,0.5,0,746190.0,azure_vm_real_slice
7479,1390500.0,600.0,0.05,0.0625,0,1391880.0,azure_vm_real_slice
7480,98400.0,300.0,0.05,0.125,0,99090.0,azure_vm_real_slice
7481,0.0,16800.0,0.05,0.5,0,38640.0,azure_vm_real_slice
7482,1177500.0,900.0,0.05,0.5,0,1179570.0,azure_vm_real_slice
7483,826800.0,300.0,0.05,0.5,0,827490.0,azure_vm_real_slice
7484,1912800.0,28200.0,0.05,0.0625,0,1977660.0,azure_vm_real_slice
7485,0.0,2400.0,0.1669563941679677,0.0625,0,5520.0,azure_vm_real_slice
7486,0.0,1200.0,0.40477347589828766,0.0625,1,2460.0,azure_vm_real_slice
7487,1573800.0,4200.0,0.05,0.5,0,1583460.0,azure_vm_real_slice
7488,0.0,9600.0,0.05,0.5,0,22080.0,azure_vm_real_slice
7489,1215300.0,300.0,0.05556366709847713,0.125,0,1215990.0,azure_vm_real_slice
7490,841200.0,2400.0,0.48719808342319754,0.125,1,846120.0,azure_vm_real_slice
7491,444300.0,1800.0,0.05,0.5,0,448440.0,azure_vm_real_slice
7492,1541400.0,1500.0,0.41003464089323294,0.05,1,1544475.0,azure_vm_real_slice
7493,1660800.0,2700.0,0.05,0.5,0,1667010.0,azure_vm_real_slice
7494,0.0,24900.0,0.05,0.125,0,57269.99999999999,azure_vm_real_slice
7495,2019900.0,2700.0,0.1996308951808465,0.5,0,2026110.0,azure_vm_real_slice
7496,939600.0,204000.0,0.06497535349767034,0.125,0,1408800.0,azure_vm_real_slice
7497,0.0,300.0,0.07706129157409809,0.125,0,690.0,azure_vm_real_slice
7498,0.0,3000.0,0.05,0.5,0,6899.999999999999,azure_vm_real_slice
7499,0.0,2591400.0,0.05,0.0625,0,5960220.0,azure_vm_real_slice
7500,0.0,900.0,0.14399466073419193,0.0625,0,2070.0,azure_vm_real_slice
7501,0.0,1800.0,0.05,0.5,0,4140.0,azure_vm_real_slice
7502,0.0,2591400.0,0.05,0.125,0,5960220.0,azure_vm_real_slice
7503,848400.0,300.0,0.05,0.5,0,849090.0,azure_vm_real_slice
7504,0.0,25500.0,0.3019612336689713,0.125,0,58649.99999999999,azure_vm_real_slice
7505,1307700.0,600.0,0.05,0.125,0,1309080.0,azure_vm_real_slice
7506,1254300.0,4500.0,0.37885388992583413,0.125,1,1263525.0,azure_vm_real_slice
7507,330900.0,600.0,0.05,0.0625,0,332280.0,azure_vm_real_slice
7508,974100.0,300.0,0.05,0.5,2,974640.0,azure_vm_real_slice
7509,86400.0,14400.0,0.1848716149376901,0.5,2,112320.0,azure_vm_real_slice
7510,1905000.0,3600.0,0.6351148115510731,0.05,1,1912380.0,azure_vm_real_slice
7511,897300.0,600.0,0.05,0.125,0,898680.0,azure_vm_real_slice
7512,0.0,600.0,0.2430709975180473,0.125,0,1380.0,azure_vm_real_slice
7513,669600.0,12300.0,0.05,1.0,2,691740.0,azure_vm_real_slice
7514,1300200.0,10500.0,0.05,0.125,0,1324350.0,azure_vm_real_slice
7515,2014800.0,300.0,0.06612907420648653,0.5,0,2015490.0,azure_vm_real_slice
7516,0.0,300.0,0.05,0.0625,0,690.0,azure_vm_real_slice
7517,0.0,300.0,0.05,0.125,0,690.0,azure_vm_real_slice
7518,0.0,600.0,0.05,0.5,0,1380.0,azure_vm_real_slice
7519,0.0,300.0,0.05339835784419318,0.125,0,690.0,azure_vm_real_slice
7520,0.0,1500.0,0.05,0.5,0,3449.9999999999995,azure_vm_real_slice
7521,1938900.0,300.0,0.05,0.125,0,1939590.0,azure_vm_real_slice
7522,566700.0,8100.0,0.4141249047637334,0.05,1,583305.0,azure_vm_real_slice
7523,388200.0,600.0,0.05,0.5,0,389580.0,azure_vm_real_slice
7524,1847100.0,1800.0,0.051834096613140146,0.5,2,1850340.0,azure_vm_real_slice
7525,444000.0,900.0,0.05287183734189767,0.5,0,446070.0,azure_vm_real_slice
7526,0.0,10200.0,0.785446269839944,0.5,2,18360.0,azure_vm_real_slice
7527,0.0,300.0,0.05,0.125,0,690.0,azure_vm_real_slice
7528,750600.0,1800.0,0.5498314748163005,0.125,1,754290.0,azure_vm_real_slice
7529,0.0,67200.0,0.05,0.5,0,154560.0,azure_vm_real_slice
7530,1026600.0,73200.0,0.05,0.5,0,1194960.0,azure_vm_real_slice
7531,0.0,2591400.0,0.05027520272193835,0.0625,0,5960220.0,azure_vm_real_slice
7532,1889700.0,600.0,0.21489630397355416,0.125,0,1891080.0,azure_vm_real_slice
7533,1764300.0,1800.0,0.05,0.5,0,1768440.0,azure_vm_real_slice
7534,1235400.0,1500.0,0.05,0.5,0,1238850.0,azure_vm_real_slice
7535,0.0,600.0,0.06180777871230966,0.5,2,1080.0,azure_vm_real_slice
7536,1299600.0,3000.0,0.09105132614289752,0.05,0,1306500.0,azure_vm_real_slice
7537,0.0,2591400.0,0.21500725551035949,0.05,0,5960220.0,azure_vm_real_slice
7538,0.0,13800.0,0.05,0.125,0,31739.999999999996,azure_vm_real_slice
7539,1801800.0,2700.0,0.13711184314209082,0.5,0,1808010.0,azure_vm_real_slice
7540,87900.0,2100.0,0.5325207874409454,0.05,1,92205.0,azure_vm_real_slice
7541,0.0,600.0,0.12881609092677787,0.0625,0,1380.0,azure_vm_real_slice
7542,0.0,600.0,0.05,0.5,2,1080.0,azure_vm_real_slice
7543,1203300.0,600.0,0.05,0.125,0,1204680.0,azure_vm_real_slice
7544,932700.0,27000.0,0.4543843260243785,0.0625,1,988050.0,azure_vm_real_slice
7545,0.0,2591400.0,0.1173624267547786,0.05,0,5960220.0,azure_vm_real_slice
7546,1140300.0,1500.0,0.05,0.0625,0,1143750.0,azure_vm_real_slice
7547,0.0,2591400.0,0.10893729952979914,0.05,0,5960220.0,azure_vm_real_slice
7548,757500.0,4500.0,0.11996103713826047,0.125,0,767850.0,azure_vm_real_slice
7549,0.0,300.0,0.4852657775270689,0.0625,1,615.0,azure_vm_real_slice
7550,861300.0,600.0,0.05,0.125,0,862680.0,azure_vm_real_slice
7551,1806600.0,2700.0,0.13921927452184799,0.125,0,1812810.0,azure_vm_real_slice
7552,385500.0,900.0,0.05,0.125,0,387570.0,azure_vm_real_slice
7553,0.0,900.0,0.2010105341131191,0.0625,0,2070.0,azure_vm_real_slice
7554,1350600.0,900.0,0.5171727983664745,0.05,1,1352445.0,azure_vm_real_slice
7555,1124700.0,300.0,0.8019669631897878,0.125,2,1125240.0,azure_vm_real_slice
7556,0.0,2591400.0,0.15594411388694385,0.05,0,5960220.0,azure_vm_real_slice
7557,0.0,600.0,0.1476052973678908,0.125,0,1380.0,azure_vm_real_slice
7558,1612800.0,3000.0,0.05,0.5,0,1619700.0,azure_vm_real_slice
7559,0.0,900.0,0.21349634119028627,0.125,0,2070.0,azure_vm_real_slice
7560,1072800.0,7500.0,0.09308356693622956,0.5,0,1090050.0,azure_vm_real_slice
7561,1321800.0,4200.0,0.05592907436735201,0.125,0,1331460.0,azure_vm_real_slice
7562,23700.0,15000.0,0.05,1.0,2,50700.0,azure_vm_real_slice
7563,451200.0,600.0,0.08164596741085353,0.125,0,452580.0,azure_vm_real_slice
7564,33000.0,33900.0,0.37415868365645577,0.125,1,102495.0,azure_vm_real_slice
7565,1874100.0,45900.0,0.05,0.0625,0,1979670.0,azure_vm_real_slice
7566,476100.0,2100.0,0.05,0.0625,0,480930.0,azure_vm_real_slice
7567,1390200.0,300.0,0.7922078399752509,0.5,2,1390740.0,azure_vm_real_slice
7568,1932900.0,100200.0,0.31014221738542025,0.125,0,2163360.0,azure_vm_real_slice
7569,904800.0,24900.0,0.31205393320325586,0.05,0,962070.0,azure_vm_real_slice
7570,1789200.0,2400.0,0.0639033050952292,0.0625,0,1794720.0,azure_vm_real_slice
7571,120600.0,600.0,0.07370070378796961,0.5,0,121980.0,azure_vm_real_slice
7572,1448400.0,47100.0,0.17223197320223194,0.0625,0,1556730.0,azure_vm_real_slice
7573,354300.0,3900.0,0.06405588249522044,0.125,0,363270.0,azure_vm_real_slice
7574,0.0,8100.0,0.07545184175448907,0.125,0,18630.0,azure_vm_real_slice
7575,223800.0,35400.0,0.05,0.5,2,287520.0,azure_vm_real_slice
7576,1647300.0,58800.0,0.08582601673869693,0.125,0,1782540.0,azure_vm_real_slice
7577,1304400.0,600.0,0.08501011904333705,0.5,0,1305780.0,azure_vm_real_slice
7578,1668900.0,6900.0,0.15482980120532522,0.5,2,1681320.0,azure_vm_real_slice
7579,1516500.0,2400.0,0.2009402034785918,0.125,0,1522020.0,azure_vm_real_slice
7580,824700.0,18300.0,0.3813947512419751,0.125,1,862215.0,azure_vm_real_slice
7581,1924200.0,32400.0,0.05,0.125,0,1998720.0,azure_vm_real_slice
7582,38700.0,36300.0,0.05,0.5,0,122190.0,azure_vm_real_slice
7583,151200.0,300.0,0.05,0.5,0,151890.0,azure_vm_real_slice
7584,1910100.0,16800.0,0.22075267249735936,0.5,2,1940340.0,azure_vm_real_slice
7585,0.0,18300.0,0.05,0.5,0,42090.0,azure_vm_real_slice
7586,1362300.0,43500.0,0.25463640916379493,0.0625,0,1462350.0,azure_vm_real_slice
7587,1921200.0,17700.0,0.05,0.5,0,1961910.0,azure_vm_real_slice
7588,387300.0,16800.0,0.35134256720996837,0.125,1,421740.0,azure_vm_real_slice
7589,0.0,600.0,0.06950490248960603,0.125,0,1380.0,azure_vm_real_slice
7590,1689300.0,2400.0,0.3299245269819919,0.5,2,1693620.0,azure_vm_real_slice
7591,1956600.0,600.0,0.3646777742871928,0.125,1,1957830.0,azure_vm_real_slice
7592,1033500.0,300.0,0.14921164342342497,0.125,0,1034190.0,azure_vm_real_slice
7593,868800.0,600.0,0.05,0.5,0,870180.0,azure_vm_real_slice
7594,57000.0,900.0,0.187086551729058,0.05,0,59070.0,azure_vm_real_slice
7595,0.0,1200.0,0.15968385191452764,0.125,0,2760.0,azure_vm_real_slice
7596,0.0,2591400.0,0.08012343336926799,0.0625,0,5960220.0,azure_vm_real_slice
7597,380100.0,900.0,0.2628560851179567,0.0625,0,382170.0,azure_vm_real_slice
7598,642000.0,5700.0,0.05,0.5,0,655110.0,azure_vm_real_slice
7599,0.0,1200.0,0.1123430728601295,0.125,0,2760.0,azure_vm_real_slice
7600,1401300.0,900.0,0.05,0.125,0,1403370.0,azure_vm_real_slice
7601,78000.0,19800.0,0.05,0.125,0,123540.0,azure_vm_real_slice
7602,499200.0,600.0,0.05,0.125,0,500580.0,azure_vm_real_slice
7603,454500.0,1578600.0,0.05,0.0625,0,4085279.9999999995,azure_vm_real_slice
7604,0.0,1444800.0,0.1416571787142576,0.125,0,3323039.9999999995,azure_vm_real_slice
7605,0.0,2400.0,0.14243559324066427,0.125,0,5520.0,azure_vm_real_slice
7606,0.0,600.0,0.44507324075470484,0.125,1,1230.0,azure_vm_real_slice
7607,1082700.0,34500.0,0.05,0.5,0,1162050.0,azure_vm_real_slice
7608,327900.0,2100.0,0.05,0.0625,0,332730.0,azure_vm_real_slice
7609,264900.0,1768200.0,0.05,0.0625,0,4331760.0,azure_vm_real_slice
7610,1191300.0,3600.0,0.13587854386747067,0.125,0,1199580.0,azure_vm_real_slice
7611,834000.0,1800.0,0.05,0.5,0,838140.0,azure_vm_real_slice
7612,1215000.0,600.0,0.1301503630443888,0.125,0,1216380.0,azure_vm_real_slice
7613,841200.0,55800.0,0.1358264373163474,0.0625,0,969540.0,azure_vm_real_slice
7614,1555800.0,477300.0,0.05,1.0,2,2414940.0,azure_vm_real_slice
7615,1523400.0,900.0,0.05,0.5,0,1525470.0,azure_vm_real_slice
7616,1088700.0,2700.0,0.16576414337977716,0.0625,0,1094910.0,azure_vm_real_slice
7617,0.0,2591400.0,0.06951920137991277,0.5,0,5960220.0,azure_vm_real_slice
7618,96000.0,1200.0,0.05,0.5,0,98760.0,azure_vm_real_slice
7619,0.0,2400.0,0.05,0.5,0,5520.0,azure_vm_real_slice
7620,714600.0,5700.0,0.10871497758599954,0.5,0,727710.0,azure_vm_real_slice
7621,735600.0,4500.0,0.5192209034116747,0.5,1,744825.0,azure_vm_real_slice
7622,111000.0,300.0,0.05,0.125,0,111690.0,azure_vm_real_slice
7623,728400.0,600.0,0.09857149389687353,0.125,0,729780.0,azure_vm_real_slice
7624,0.0,111000.0,0.05,0.0625,0,255299.99999999997,azure_vm_real_slice
7625,288000.0,300.0,0.05,0.125,0,288690.0,azure_vm_real_slice
7626,1714500.0,300.0,0.15587355426514532,0.125,0,1715190.0,azure_vm_real_slice
7627,129000.0,1800.0,0.18453591148984974,0.0625,0,133140.0,azure_vm_real_slice
7628,0.0,300.0,0.06413174508904568,0.5,0,690.0,azure_vm_real_slice
7629,990900.0,5700.0,0.393208487143836,0.125,1,1002585.0,azure_vm_real_slice
7630,0.0,2400.0,0.3015167167935363,0.125,0,5520.0,azure_vm_real_slice
7631,1900800.0,69600.0,0.18706793757745804,0.5,0,2060880.0,azure_vm_real_slice
7632,225600.0,2100.0,0.05,0.5,0,230430.0,azure_vm_real_slice
7633,0.0,600.0,0.05,0.0625,0,1380.0,azure_vm_real_slice
7634,490500.0,300.0,0.05,0.125,0,491190.0,azure_vm_real_slice
7635,0.0,3300.0,0.4227899716796565,0.05,1,6764.999999999999,azure_vm_real_slice
7636,1481400.0,2100.0,0.3045891616601831,0.05,0,1486230.0,azure_vm_real_slice
7637,510000.0,600.0,0.06411403615975675,0.0625,0,511380.0,azure_vm_real_slice
7638,1425600.0,2400.0,0.7875773284696269,0.5,2,1429920.0,azure_vm_real_slice
7639,177300.0,5700.0,0.088419751977067,0.125,0,190410.0,azure_vm_real_slice
7640,0.0,300.0,0.05,0.125,0,690.0,azure_vm_real_slice
7641,1602900.0,600.0,0.05,0.125,0,1604280.0,azure_vm_real_slice
7642,1403700.0,600.0,0.15089738208470352,0.125,0,1405080.0,azure_vm_real_slice
7643,1265400.0,900.0,0.058880913870229507,0.5,0,1267470.0,azure_vm_real_slice
7644,1556100.0,1500.0,0.4185149816516769,0.05,1,1559175.0,azure_vm_real_slice
7645,1724700.0,1500.0,0.05,0.5,0,1728150.0,azure_vm_real_slice
7646,877800.0,600.0,0.05,0.5,2,878880.0,azure_vm_real_slice
7647,670500.0,600.0,0.05,0.125,0,671880.0,azure_vm_real_slice
7648,1945800.0,87300.0,0.5501235340337436,0.0625,1,2124765.0,azure_vm_real_slice
7649,957000.0,21000.0,0.05,0.125,0,1005300.0,azure_vm_real_slice
7650,978300.0,900.0,0.22513599103124002,0.5,0,980370.0,azure_vm_real_slice
7651,0.0,900.0,0.3124141795018932,0.125,0,2070.0,azure_vm_real_slice
7652,1918800.0,300.0,0.05,1.0,2,1919340.0,azure_vm_real_slice
7653,633900.0,300.0,0.05,0.5,0,634590.0,azure_vm_real_slice
7654,2022900.0,300.0,0.2547345126946229,0.05,0,2023590.0,azure_vm_real_slice
7655,1812600.0,35700.0,0.12251222553042104,1.0,2,1876860.0,azure_vm_real_slice
7656,573000.0,600.0,0.05,0.5,0,574380.0,azure_vm_real_slice
7657,874500.0,600.0,0.05,1.0,2,875580.0,azure_vm_real_slice
7658,969300.0,900.0,0.05,0.5,0,971370.0,azure_vm_real_slice
7659,0.0,2591400.0,0.05,0.0625,0,5960220.0,azure_vm_real_slice
7660,0.0,2100.0,0.22863718821794618,0.0625,0,4830.0,azure_vm_real_slice
7661,1277400.0,8700.0,0.05,0.0625,0,1297410.0,azure_vm_real_slice
7662,0.0,1200.0,0.05,0.5,0,2760.0,azure_vm_real_slice
7663,0.0,300.0,0.05,0.5,0,690.0,azure_vm_real_slice
7664,1598700.0,1500.0,0.1053717253747598,1.0,2,1601400.0,azure_vm_real_slice
7665,1719300.0,900.0,0.05,0.5,0,1721370.0,azure_vm_real_slice
7666,1713000.0,320100.0,0.05,0.5,0,2449230.0,azure_vm_real_slice
7667,0.0,2591400.0,0.05117307421828536,0.0625,0,5960220.0,azure_vm_real_slice
7668,1913700.0,10200.0,0.05,0.125,0,1937160.0,azure_vm_real_slice
7669,956400.0,300.0,0.05,0.5,0,957090.0,azure_vm_real_slice
7670,1823100.0,32100.0,0.05,0.0625,0,1896930.0,azure_vm_real_slice
7671,0.0,1500.0,0.14996830404849715,0.5,0,3449.9999999999995,azure_vm_real_slice
7672,725400.0,1200.0,0.08880638537487963,0.125,0,728160.0,azure_vm_real_slice
7673,0.0,900.0,0.07119454816803861,0.5,0,2070.0,azure_vm_real_slice
7674,669000.0,49500.0,0.23012256558617292,0.0625,0,782850.0,azure_vm_real_slice
7675,4200.0,900.0,0.11346665472885337,0.125,0,6270.0,azure_vm_real_slice
7676,0.0,9300.0,0.43013274493034037,0.0625,1,19065.0,azure_vm_real_slice
7677,0.0,110700.0,0.3588462622684634,0.125,1,226934.99999999997,azure_vm_real_slice
7678,0.0,2700.0,0.053875326716076345,0.125,0,6209.999999999999,azure_vm_real_slice
7679,0.0,1217100.0,0.18622259215244624,0.0625,0,2799330.0,azure_vm_real_slice
7680,1621500.0,212400.0,0.05467433805235403,0.125,0,2110020.0,azure_vm_real_slice
7681,0.0,1200.0,0.08259413508747582,0.125,0,2760.0,azure_vm_real_slice
7682,1072800.0,300.0,0.05,0.0625,0,1073490.0,azure_vm_real_slice
7683,0.0,2100.0,0.05,1.0,2,3779.9999999999995,azure_vm_real_slice
7684,921900.0,198900.0,0.05,0.5,0,1379370.0,azure_vm_real_slice
7685,1966200.0,300.0,0.05,0.05,0,1966890.0,azure_vm_real_slice
7686,1349100.0,300.0,0.2563795579705594,0.05,0,1349790.0,azure_vm_real_slice
7687,507900.0,2100.0,0.3686797819565466,0.125,1,512205.0,azure_vm_real_slice
7688,1704900.0,11400.0,0.5473551499811412,0.125,1,1728270.0,azure_vm_real_slice
7689,359700.0,1800.0,0.1581978883006934,0.5,0,363840.0,azure_vm_real_slice
7690,521700.0,600.0,0.21043610226243983,0.125,0,523080.0,azure_vm_real_slice
7691,0.0,2591400.0,0.05,0.05,0,5960220.0,azure_vm_real_slice
7692,313200.0,600.0,0.06989867233681427,0.125,0,314580.0,azure_vm_real_slice
7693,684900.0,600.0,0.38085609944940496,0.05,1,686130.0,azure_vm_real_slice
7694,1810200.0,300.0,0.15211281458012219,0.125,0,1810890.0,azure_vm_real_slice
7695,396300.0,900.0,0.05,0.5,2,397920.0,azure_vm_real_slice
7696,1979700.0,600.0,0.3493367427238823,0.125,0,1981080.0,azure_vm_real_slice
7697,0.0,1200.0,0.05,0.0625,0,2760.0,azure_vm_real_slice
7698,1001100.0,6900.0,0.05,0.5,0,1016970.0,azure_vm_real_slice
7699,1668300.0,77700.0,0.05,0.05,0,1847010.0,azure_vm_real_slice
7700,0.0,83100.0,0.05,0.125,0,191129.99999999997,azure_vm_real_slice
7701,947400.0,900.0,0.05,0.125,0,949470.0,azure_vm_real_slice
7702,0.0,13200.0,0.1469823526000991,0.5,2,23759.999999999996,azure_vm_real_slice
7703,0.0,2591400.0,0.09412261971129147,0.05,0,5960220.0,azure_vm_real_slice
7704,983100.0,1200.0,0.13117391070833392,0.125,0,985860.0,azure_vm_real_slice
7705,0.0,1800.0,0.05,0.5,0,4140.0,azure_vm_real_slice
7706,1341000.0,24600.0,0.41351030105467623,0.125,1,1391430.0,azure_vm_real_slice
7707,0.0,2591400.0,0.06665720004346545,0.05,0,5960220.0,azure_vm_real_slice
7708,1366800.0,5100.0,0.13352365748314257,0.0625,0,1378530.0,azure_vm_real_slice
7709,269700.0,2100.0,0.05,0.5,0,274530.0,azure_vm_real_slice
7710,1957500.0,1800.0,0.05814272631383608,0.5,2,1960740.0,azure_vm_real_slice
7711,0.0,300.0,0.05,0.5,0,690.0,azure_vm_real_slice
7712,1857300.0,3300.0,0.22125773122448744,0.0625,0,1864890.0,azure_vm_real_slice
7713,365400.0,600.0,0.05,0.5,0,366780.0,azure_vm_real_slice
7714,1754700.0,600.0,0.05,0.5,0,1756080.0,azure_vm_real_slice
7715,1861500.0,8100.0,0.05,0.0625,0,1880130.0,azure_vm_real_slice
7716,715800.0,1500.0,0.10610730188438444,0.5,0,719250.0,azure_vm_real_slice
7717,1773600.0,300.0,0.05,0.5,0,1774290.0,azure_vm_real_slice
7718,1178400.0,31200.0,0.7482425853808106,0.125,1,1242360.0,azure_vm_real_slice
7719,472200.0,26700.0,0.41838545976979075,0.05,1,526935.0,azure_vm_real_slice
7720,0.0,21300.0,0.05,0.0625,0,48989.99999999999,azure_vm_real_slice
7721,0.0,900.0,0.2855956819839986,0.125,0,2070.0,azure_vm_real_slice
7722,1088100.0,7200.0,0.05,0.125,0,1104660.0,azure_vm_real_slice
7723,338100.0,3300.0,0.11950532772929451,0.5,0,345690.0,azure_vm_real_slice
7724,1179600.0,600.0,0.4056557938510644,0.05,1,1180830.0,azure_vm_real_slice
7725,1415700.0,600.0,0.05,0.125,0,1417080.0,azure_vm_real_slice
7726,53700.0,600.0,0.20926326014531893,0.125,0,55080.0,azure_vm_real_slice
7727,327000.0,3000.0,0.060284530271238285,0.5,2,332400.0,azure_vm_real_slice
7728,0.0,2591400.0,0.05,0.5,0,5960220.0,azure_vm_real_slice
7729,1216200.0,145500.0,0.10221515254546415,0.125,0,1550850.0,azure_vm_real_slice
7730,979200.0,300.0,0.05,1.0,2,979740.0,azure_vm_real_slice
7731,0.0,2591400.0,0.10056797307878684,0.05,0,5960220.0,azure_vm_real_slice
7732,0.0,2591400.0,0.296830253370717,0.125,0,5960220.0,azure_vm_real_slice
7733,1835700.0,300.0,0.12012946907866001,0.125,0,1836390.0,azure_vm_real_slice
7734,987600.0,91200.0,0.4048913438889994,0.125,1,1174560.0,azure_vm_real_slice
7735,112200.0,2100.0,0.37450802457464205,0.05,1,116505.0,azure_vm_real_slice
7736,682500.0,600.0,0.3831883044330862,0.05,1,683730.0,azure_vm_real_slice
7737,0.0,2591400.0,0.0915593441108033,0.05,0,5960220.0,azure_vm_real_slice
7738,556200.0,600.0,0.4297093264781001,0.125,1,557430.0,azure_vm_real_slice
7739,641400.0,2400.0,0.12361736996565025,0.125,0,646920.0,azure_vm_real_slice
7740,1318500.0,4800.0,0.05,0.5,0,1329540.0,azure_vm_real_slice
7741,323100.0,23700.0,0.12067597547244935,0.05,0,377610.0,azure_vm_real_slice
7742,0.0,1500.0,0.05,0.125,0,3449.9999999999995,azure_vm_real_slice
7743,1310700.0,41700.0,0.18468020726869877,0.5,2,1385760.0,azure_vm_real_slice
7744,126900.0,8400.0,0.09254305134525104,0.0625,0,146220.0,azure_vm_real_slice
7745,478800.0,6600.0,0.7952228594681044,0.5,2,490680.0,azure_vm_real_slice
7746,1488900.0,3300.0,0.6478554745828372,0.05,1,1495665.0,azure_vm_real_slice
7747,861900.0,1800.0,0.1783025079101603,0.5,0,866040.0,azure_vm_real_slice
7748,706800.0,600.0,0.1146762130309614,0.5,0,708180.0,azure_vm_real_slice
7749,1776300.0,1200.0,0.08266238422318835,0.125,0,1779060.0,azure_vm_real_slice
7750,1994400.0,38700.0,0.310996751679324,0.0625,0,2083410.0,azure_vm_real_slice
7751,1278300.0,600.0,0.05,0.125,0,1279680.0,azure_vm_real_slice
7752,1711800.0,321300.0,0.05064364813875752,0.05,0,2450790.0,azure_vm_real_slice
7753,555000.0,1200.0,0.12498339551071132,0.125,0,557760.0,azure_vm_real_slice
7754,0.0,1200.0,0.05,0.125,0,2760.0,azure_vm_real_slice
7755,0.0,3000.0,0.3812321996669184,0.125,1,6149.999999999999,azure_vm_real_slice
7756,1123500.0,909600.0,0.05,0.0625,0,3215580.0,azure_vm_real_slice
7757,726600.0,15300.0,0.06756885780615662,0.05,0,761790.0,azure_vm_real_slice
7758,0.0,2591400.0,0.05,0.0625,0,5960220.0,azure_vm_real_slice
7759,0.0,300.0,0.05,0.05,0,690.0,azure_vm_real_slice
7760,0.0,9600.0,0.20461053791438835,0.5,2,17280.0,azure_vm_real_slice
7761,0.0,8700.0,0.05,0.0625,0,20010.0,azure_vm_real_slice
7762,1598400.0,83700.0,0.13440343213045838,0.0625,0,1790910.0,azure_vm_real_slice
7763,548700.0,1484400.0,0.05,0.5,0,3962819.9999999995,azure_vm_real_slice
7764,716400.0,300.0,0.05,0.125,0,717090.0,azure_vm_real_slice
7765,0.0,600.0,0.07104426443839647,0.125,0,1380.0,azure_vm_real_slice
7766,1749000.0,1500.0,0.05,0.5,0,1752450.0,azure_vm_real_slice
7767,1458900.0,600.0,0.05,0.125,0,1460280.0,azure_vm_real_slice
7768,0.0,1800.0,0.11066436568886782,0.125,0,4140.0,azure_vm_real_slice
7769,1820400.0,1500.0,0.5815111757716713,0.125,1,1823475.0,azure_vm_real_slice
7770,18600.0,900.0,0.13223919963555658,0.125,0,20670.0,azure_vm_real_slice
7771,2028600.0,300.0,0.05,0.5,0,2029290.0,azure_vm_real_slice
7772,537900.0,300.0,0.08850061245823122,0.125,0,538590.0,azure_vm_real_slice
7773,283200.0,300.0,0.3355182868438433,0.125,0,283890.0,azure_vm_real_slice
7774,113100.0,600.0,0.13813233958310958,0.125,0,114480.0,azure_vm_real_slice
7775,1189800.0,42000.0,0.20065414153736053,0.0625,0,1286400.0,azure_vm_real_slice
7776,37800.0,30000.0,0.07833350173837589,0.125,0,106800.0,azure_vm_real_slice
7777,1935600.0,87600.0,0.0695813744739271,1.0,2,2093280.0,azure_vm_real_slice
7778,1854600.0,20400.0,0.44711267284479966,0.05,1,1896420.0,azure_vm_real_slice
7779,1336200.0,1800.0,0.216457960731847,0.5,0,1340340.0,azure_vm_real_slice
7780,1141500.0,1500.0,0.05,0.5,0,1144950.0,azure_vm_real_slice
7781,0.0,6000.0,0.0722440866062465,0.0625,0,13799.999999999998,azure_vm_real_slice
7782,0.0,300.0,0.050012676511465945,0.125,0,690.0,azure_vm_real_slice
7783,870300.0,51900.0,0.41341424484692463,0.125,1,976695.0,azure_vm_real_slice
7784,65100.0,1200.0,0.11634367388528954,0.125,0,67860.0,azure_vm_real_slice
7785,1829400.0,300.0,0.15645839559236077,0.125,0,1830090.0,azure_vm_real_slice
7786,0.0,900.0,0.33213769297450213,0.125,0,2070.0,azure_vm_real_slice
7787,627600.0,300.0,0.36735917231780474,0.05,1,628215.0,azure_vm_real_slice
7788,788100.0,300.0,0.05,0.125,0,788790.0,azure_vm_real_slice
7789,0.0,2591400.0,0.5973107052475484,0.0625,1,5312370.0,azure_vm_real_slice
7790,0.0,12600.0,0.18725044258904266,0.125,0,28979.999999999996,azure_vm_real_slice
7791,1707000.0,300.0,0.05,0.125,0,1707690.0,azure_vm_real_slice
7792,0.0,84900.0,0.05,0.5,0,195269.99999999997,azure_vm_real_slice
7793,1739700.0,1500.0,0.05,0.5,0,1743150.0,azure_vm_real_slice
7794,0.0,2400.0,0.05,0.5,0,5520.0,azure_vm_real_slice
7795,0.0,1800.0,0.08662391067404637,0.05,0,4140.0,azure_vm_real_slice
7796,83400.0,900.0,0.10114156205430565,0.125,0,85470.0,azure_vm_real_slice
7797,0.0,1500.0,0.08662730831123903,0.125,0,3449.9999999999995,azure_vm_real_slice
7798,46200.0,1200.0,0.18426084571373338,0.125,0,48960.0,azure_vm_real_slice
7799,730200.0,34800.0,0.4478909864598113,0.125,1,801540.0,azure_vm_real_slice
7800,1843800.0,900.0,0.05,0.5,2,1845420.0,azure_vm_real_slice
7801,0.0,900.0,0.20242621434941846,0.125,0,2070.0,azure_vm_real_slice
7802,407100.0,600.0,0.05,0.5,0,408480.0,azure_vm_real_slice
7803,0.0,300.0,0.05,0.125,0,690.0,azure_vm_real_slice
7804,1285500.0,1500.0,0.05,0.5,0,1288950.0,azure_vm_real_slice
7805,322500.0,1710600.0,0.11841267666122839,0.05,0,4256880.0,azure_vm_real_slice
7806,1055400.0,600.0,0.05,0.5,0,1056780.0,azure_vm_real_slice
7807,331500.0,3000.0,0.12576716812631808,0.5,2,336900.0,azure_vm_real_slice
7808,0.0,300.0,0.2223940646541622,0.0625,0,690.0,azure_vm_real_slice
7809,1922100.0,6600.0,0.05,0.125,0,1937280.0,azure_vm_real_slice
7810,488400.0,300.0,0.05,0.125,0,489090.0,azure_vm_real_slice
7811,1873500.0,1500.0,0.3554455895483097,0.125,1,1876575.0,azure_vm_real_slice
7812,0.0,3900.0,0.06196732271396331,0.125,0,8970.0,azure_vm_real_slice
7813,1006800.0,900.0,0.05,0.125,0,1008870.0,azure_vm_real_slice
7814,1653300.0,900.0,0.05,0.125,0,1655370.0,azure_vm_real_slice
7815,651000.0,4500.0,0.5385187173824516,0.05,1,660225.0,azure_vm_real_slice
7816,255900.0,69300.0,0.4102399142193917,0.0625,1,397965.0,azure_vm_real_slice
7817,847800.0,1200.0,0.7836910506673381,0.0625,2,849960.0,azure_vm_real_slice
7818,721800.0,1500.0,0.05,0.125,0,725250.0,azure_vm_real_slice
7819,473400.0,300.0,0.09947202002678593,0.125,0,474090.0,azure_vm_real_slice
7820,0.0,2591400.0,0.09228994286787465,0.05,0,5960220.0,azure_vm_real_slice
7821,826500.0,600.0,0.05,0.0625,0,827880.0,azure_vm_real_slice
7822,1980600.0,600.0,0.05952016291331326,0.125,0,1981980.0,azure_vm_real_slice
7823,1517700.0,52800.0,0.05,0.05,0,1639140.0,azure_vm_real_slice
7824,0.0,489000.0,0.08602267567916247,0.5,2,880199.9999999999,azure_vm_real_slice
7825,0.0,266100.0,0.05,0.5,2,478979.99999999994,azure_vm_real_slice
7826,555000.0,24900.0,0.1184807411349619,0.5,2,599820.0,azure_vm_real_slice
7827,477300.0,300.0,0.05,0.5,2,477840.0,azure_vm_real_slice
7828,1444800.0,600.0,0.0559099099753714,0.0625,0,1446180.0,azure_vm_real_slice
7829,1855800.0,1500.0,0.05,0.5,0,1859250.0,azure_vm_real_slice
7830,0.0,26400.0,0.05,0.0625,0,60719.99999999999,azure_vm_real_slice
7831,1808700.0,300.0,0.05,0.5,0,1809390.0,azure_vm_real_slice
7832,1799700.0,1200.0,0.05,0.5,2,1801860.0,azure_vm_real_slice
7833,95700.0,300.0,0.05,0.5,2,96240.0,azure_vm_real_slice
7834,1637100.0,1200.0,0.05,0.125,0,1639860.0,azure_vm_real_slice
7835,1329300.0,900.0,0.05,0.125,0,1331370.0,azure_vm_real_slice
7836,0.0,900.0,0.05,0.125,0,2070.0,azure_vm_real_slice
7837,0.0,2100.0,0.08927007608404089,1.0,2,3779.9999999999995,azure_vm_real_slice
7838,0.0,2591400.0,0.05,0.125,0,5960220.0,azure_vm_real_slice
7839,385200.0,29700.0,0.26158335836982216,0.05,0,453510.0,azure_vm_real_slice
7840,1688100.0,32100.0,0.4477479704217607,0.125,1,1753905.0,azure_vm_real_slice
7841,868200.0,1200.0,0.2722481726677894,0.125,0,870960.0,azure_vm_real_slice
7842,1066800.0,600.0,0.13137017791359115,0.125,0,1068180.0,azure_vm_real_slice
7843,0.0,300.0,0.08006556350874483,0.125,0,690.0,azure_vm_real_slice
7844,1179000.0,1200.0,0.05,1.0,2,1181160.0,azure_vm_real_slice
7845,0.0,2100.0,0.08858308026385422,0.5,2,3779.9999999999995,azure_vm_real_slice
7846,1890600.0,600.0,0.32886902286706265,0.125,0,1891980.0,azure_vm_real_slice
7847,0.0,2591400.0,0.05,0.05,0,5960220.0,azure_vm_real_slice
7848,607800.0,11100.0,0.05,1.0,2,627780.0,azure_vm_real_slice
7849,828000.0,600.0,0.14313407085214647,0.5,2,829080.0,azure_vm_real_slice
7850,123000.0,600.0,0.32095208877628567,0.125,0,124380.0,azure_vm_real_slice
7851,0.0,1800.0,0.5173992837010293,0.125,1,3689.9999999999995,azure_vm_real_slice
7852,725700.0,4200.0,0.08560920149007131,0.5,0,735360.0,azure_vm_real_slice
7853,315900.0,300.0,0.05,0.5,2,316440.0,azure_vm_real_slice
7854,1771200.0,1500.0,0.8199478658689869,0.5,2,1773900.0,azure_vm_real_slice
7855,969000.0,184800.0,0.0821600883513344,0.125,0,1394040.0,azure_vm_real_slice
7856,0.0,385800.0,0.0754780784696558,0.05,0,887339.9999999999,azure_vm_real_slice
7857,472500.0,900.0,0.43113270438787893,0.05,1,474345.0,azure_vm_real_slice
7858,1887900.0,900.0,0.06253093366766053,0.125,0,1889970.0,azure_vm_real_slice
7859,169500.0,300.0,0.05,0.5,2,170040.0,azure_vm_real_slice
7860,114900.0,300.0,0.056510697319025256,0.125,0,115590.0,azure_vm_real_slice
7861,637200.0,600.0,0.05,0.125,0,638580.0,azure_vm_real_slice
7862,225000.0,1200.0,0.09121034029483203,0.125,0,227760.0,azure_vm_real_slice
7863,1956000.0,300.0,0.3009907575801266,0.125,0,1956690.0,azure_vm_real_slice
7864,1625400.0,24000.0,0.1803419262084611,0.0625,0,1680600.0,azure_vm_real_slice
7865,1651800.0,600.0,0.05,0.5,0,1653180.0,azure_vm_real_slice
7866,1388400.0,1200.0,0.23285930468283886,0.5,2,1390560.0,azure_vm_real_slice
7867,383400.0,6900.0,0.05,0.05,0,399270.0,azure_vm_real_slice
7868,0.0,2591400.0,0.050194204105408806,0.05,0,5960220.0,azure_vm_real_slice
7869,0.0,2591400.0,0.06805791338005036,0.0625,0,5960220.0,azure_vm_real_slice
7870,0.0,2591400.0,0.05,0.5,0,5960220.0,azure_vm_real_slice
7871,0.0,1500.0,0.05,0.125,0,3449.9999999999995,azure_vm_real_slice
7872,0.0,2591400.0,0.05,0.05,0,5960220.0,azure_vm_real_slice
7873,1257900.0,300.0,0.05,0.5,0,1258590.0,azure_vm_real_slice
7874,1821900.0,300.0,0.07094937711706245,0.125,0,1822590.0,azure_vm_real_slice
7875,2003100.0,1500.0,0.16422277289521334,0.5,2,2005800.0,azure_vm_real_slice
7876,1749300.0,16200.0,0.08748758928139137,0.125,0,1786560.0,azure_vm_real_slice
7877,1401000.0,1200.0,0.10120232954314436,0.125,0,1403760.0,azure_vm_real_slice
7878,761700.0,10800.0,0.6251815583091163,0.5,1,783840.0,azure_vm_real_slice
7879,734400.0,300.0,0.15701717524384687,0.125,0,735090.0,azure_vm_real_slice
7880,972900.0,1500.0,0.08304760182869134,0.125,0,976350.0,azure_vm_real_slice
7881,1344000.0,4500.0,0.35939441115510057,0.05,1,1353225.0,azure_vm_real_slice
7882,0.0,2591400.0,0.05,0.05,0,5960220.0,azure_vm_real_slice
7883,1455900.0,300.0,0.05,0.5,2,1456440.0,azure_vm_real_slice
7884,0.0,7200.0,0.07836463359599918,0.5,0,16560.0,azure_vm_real_slice
7885,2025900.0,1500.0,0.11599012552233252,0.05,0,2029350.0,azure_vm_real_slice
7886,0.0,300.0,0.05,0.125,0,690.0,azure_vm_real_slice
7887,1509300.0,600.0,0.11558659451308793,0.0625,0,1510680.0,azure_vm_real_slice
7888,0.0,3600.0,0.5796004043260002,0.125,1,7379.999999999999,azure_vm_real_slice
7889,1107300.0,1200.0,0.4068759493435241,1.0,2,1109460.0,azure_vm_real_slice
7890,630000.0,600.0,0.7260596596542592,0.05,1,631230.0,azure_vm_real_slice
7891,732600.0,16200.0,0.26173660412306565,0.5,0,769860.0,azure_vm_real_slice
7892,1419900.0,600.0,0.05,0.0625,0,1421280.0,azure_vm_real_slice
7893,0.0,2591400.0,0.07345041174242244,0.0625,0,5960220.0,azure_vm_real_slice
7894,152700.0,2100.0,0.05,0.5,0,157530.0,azure_vm_real_slice
7895,0.0,3300.0,0.05,0.5,2,5939.999999999999,azure_vm_real_slice
7896,263100.0,6900.0,0.7958629660065378,0.5,2,275520.0,azure_vm_real_slice
7897,1121700.0,600.0,0.0977665645272373,0.125,0,1123080.0,azure_vm_real_slice
7898,0.0,600.0,0.18316697668128878,0.125,0,1380.0,azure_vm_real_slice
7899,588300.0,6000.0,0.24134112580456688,0.05,0,602100.0,azure_vm_real_slice
7900,818400.0,600.0,0.05,0.125,0,819780.0,azure_vm_real_slice
7901,1532100.0,28800.0,0.05,0.125,0,1598340.0,azure_vm_real_slice
7902,1426200.0,1500.0,0.2085333288536689,0.125,0,1429650.0,azure_vm_real_slice
7903,505200.0,600.0,0.09820471004924852,0.0625,0,506580.0,azure_vm_real_slice
7904,664200.0,6600.0,0.7005275714726088,0.0625,1,677730.0,azure_vm_real_slice
7905,1210200.0,600.0,0.18924861786625907,0.125,0,1211580.0,azure_vm_real_slice
7906,474000.0,123300.0,0.05,0.125,0,757590.0,azure_vm_real_slice
7907,197100.0,300.0,0.09548895802421901,0.05,0,197790.0,azure_vm_real_slice
7908,1234800.0,798300.0,0.05,0.125,0,3070890.0,azure_vm_real_slice
7909,2011800.0,21300.0,0.1542268652800707,0.5,0,2060790.0,azure_vm_real_slice
7910,703800.0,4200.0,0.2013251742015184,0.5,2,711360.0,azure_vm_real_slice
7911,1624500.0,900.0,0.05,0.5,0,1626570.0,azure_vm_real_slice
7912,169800.0,1200.0,0.12517252008391624,0.125,0,172560.0,azure_vm_real_slice
7913,0.0,300.0,0.05222307576477605,0.125,0,690.0,azure_vm_real_slice
7914,1474500.0,68400.0,0.05,0.5,2,1597620.0,azure_vm_real_slice
7915,361500.0,2100.0,0.0613551961269476,1.0,2,365280.0,azure_vm_real_slice
7916,1669800.0,1200.0,0.054361152977110735,0.5,0,1672560.0,azure_vm_real_slice
7917,1713900.0,18300.0,0.05028751626984965,0.125,0,1755990.0,azure_vm_real_slice
7918,0.0,3900.0,0.4813326829476384,0.125,1,7994.999999999999,azure_vm_real_slice
7919,0.0,900.0,0.2358656776714508,0.5,0,2070.0,azure_vm_real_slice
7920,40500.0,300.0,0.05,0.125,0,41190.0,azure_vm_real_slice
7921,1816500.0,300.0,0.05,0.0625,0,1817190.0,azure_vm_real_slice
7922,0.0,2591400.0,0.08598096334490032,0.05,0,5960220.0,azure_vm_real_slice
7923,923400.0,600.0,0.05,0.5,0,924780.0,azure_vm_real_slice
7924,0.0,2591400.0,0.2005780859837589,0.5,2,4664520.0,azure_vm_real_slice
7925,0.0,300.0,0.08053678580474674,0.125,0,690.0,azure_vm_real_slice
7926,0.0,300.0,0.25787012917925667,0.125,0,690.0,azure_vm_real_slice
7927,48300.0,1984800.0,0.05,0.0625,0,4613340.0,azure_vm_real_slice
7928,0.0,505500.0,0.05,0.5,0,1162650.0,azure_vm_real_slice
7929,1880700.0,300.0,0.05,0.125,0,1881390.0,azure_vm_real_slice
7930,340800.0,1500.0,0.204321071959526,0.125,0,344250.0,azure_vm_real_slice
7931,0.0,600.0,0.2696259326885397,0.0625,0,1380.0,azure_vm_real_slice
7932,219600.0,18600.0,0.38952464219696475,0.125,1,257730.0,azure_vm_real_slice
7933,972600.0,11700.0,0.26104454796846716,0.5,2,993660.0,azure_vm_real_slice
7934,795900.0,300.0,0.05,0.5,0,796590.0,azure_vm_real_slice
7935,972600.0,5400.0,0.7149249901558713,0.125,1,983670.0,azure_vm_real_slice
7936,0.0,2591400.0,0.06786101094215544,0.0625,0,5960220.0,azure_vm_real_slice
7937,189900.0,10200.0,0.1419237560206779,0.05,0,213360.0,azure_vm_real_slice
7938,0.0,600.0,0.1910054142192563,0.125,0,1380.0,azure_vm_real_slice
7939,4500.0,4500.0,0.1694119439998193,0.5,2,12600.0,azure_vm_real_slice
7940,0.0,3600.0,0.5587740869091432,0.05,1,7379.999999999999,azure_vm_real_slice
7941,1209300.0,600.0,0.05,0.5,0,1210680.0,azure_vm_real_slice
7942,1927800.0,2400.0,0.4851581432007626,0.125,1,1932720.0,azure_vm_real_slice
7943,185100.0,300.0,0.10574153327946315,0.125,0,185790.0,azure_vm_real_slice
7944,0.0,300.0,0.05,0.125,0,690.0,azure_vm_real_slice
7945,0.0,2591400.0,0.14995412898581875,0.5,2,4664520.0,azure_vm_real_slice
7946,1164300.0,37200.0,0.3023870345606499,0.05,0,1249860.0,azure_vm_real_slice
7947,2005200.0,27900.0,0.43070983830244347,0.125,1,2062395.0,azure_vm_real_slice
7948,869100.0,300.0,0.1644050193550723,0.125,0,869790.0,azure_vm_real_slice
7949,1876200.0,1500.0,0.05,0.5,0,1879650.0,azure_vm_real_slice
7950,1646700.0,300.0,0.20397727839054344,0.125,0,1647390.0,azure_vm_real_slice
7951,0.0,2400.0,0.14095900485665333,0.0625,0,5520.0,azure_vm_real_slice
7952,0.0,600.0,0.06298260353963642,0.125,0,1380.0,azure_vm_real_slice
7953,0.0,1800.0,0.05,0.5,0,4140.0,azure_vm_real_slice
7954,1041000.0,2700.0,0.5076599958596052,0.125,1,1046535.0,azure_vm_real_slice
7955,1301400.0,48600.0,0.05,0.0625,0,1413180.0,azure_vm_real_slice
7956,0.0,1500.0,0.07634314712995147,0.0625,0,3449.9999999999995,azure_vm_real_slice
7957,192300.0,1500.0,0.05,0.5,0,195750.0,azure_vm_real_slice
7958,0.0,9600.0,0.05,0.0625,0,22080.0,azure_vm_real_slice
7959,0.0,2400.0,0.4747870554367833,0.05,1,4920.0,azure_vm_real_slice
7960,798900.0,600.0,0.05,0.5,0,800280.0,azure_vm_real_slice
7961,1336200.0,2700.0,0.1791824974230047,0.05,0,1342410.0,azure_vm_real_slice
7962,1327800.0,600.0,0.07731035185534771,0.125,0,1329180.0,azure_vm_real_slice
7963,0.0,300.0,0.13832901906240833,0.125,0,690.0,azure_vm_real_slice
7964,1170300.0,5400.0,0.07977876658246039,0.125,0,1182720.0,azure_vm_real_slice
7965,1873200.0,6900.0,0.05,0.125,0,1889070.0,azure_vm_real_slice
7966,1515600.0,2400.0,0.4019123147336956,0.05,1,1520520.0,azure_vm_real_slice
7967,0.0,276000.0,0.05,0.5,0,634800.0,azure_vm_real_slice
7968,0.0,300.0,0.05,0.5,0,690.0,azure_vm_real_slice
7969,484200.0,300.0,0.05,0.5,2,484740.0,azure_vm_real_slice
7970,33000.0,900.0,0.13811266385101634,0.125,0,35070.0,azure_vm_real_slice
7971,1172700.0,300.0,0.05,0.125,0,1173390.0,azure_vm_real_slice
7972,1846200.0,186900.0,0.05,0.125,0,2276070.0,azure_vm_real_slice
7973,318600.0,300.0,0.05,0.5,0,319290.0,azure_vm_real_slice
7974,1057500.0,300.0,0.05,0.5,0,1058190.0,azure_vm_real_slice
7975,432600.0,900.0,0.1760210933745654,0.125,0,434670.0,azure_vm_real_slice
7976,0.0,2400.0,0.05,0.5,2,4320.0,azure_vm_real_slice
7977,1295400.0,1200.0,0.1909538495917704,0.5,2,1297560.0,azure_vm_real_slice
7978,1875900.0,1500.0,0.24077019121957263,0.125,0,1879350.0,azure_vm_real_slice
7979,0.0,36000.0,0.12927381822127734,0.05,0,82800.0,azure_vm_real_slice
7980,253800.0,22800.0,0.10853164108488157,0.5,2,294840.0,azure_vm_real_slice
7981,868200.0,300.0,0.05,0.5,0,868890.0,azure_vm_real_slice
7982,791700.0,900.0,0.05,0.5,0,793770.0,azure_vm_real_slice
7983,189000.0,3900.0,0.05,0.0625,0,197970.0,azure_vm_real_slice
7984,0.0,2591400.0,0.061437316494884514,0.125,0,5960220.0,azure_vm_real_slice
7985,0.0,2591400.0,0.05734279622177785,0.125,0,5960220.0,azure_vm_real_slice
7986,0.0,1500.0,0.07793063432205646,0.0625,0,3449.9999999999995,azure_vm_real_slice
7987,0.0,2591400.0,0.050415391570321356,0.0625,0,5960220.0,azure_vm_real_slice
7988,112500.0,600.0,0.05,0.125,0,113880.0,azure_vm_real_slice
7989,0.0,300.0,0.05,0.125,0,690.0,azure_vm_real_slice
7990,33900.0,1800.0,0.05,0.5,0,38040.0,azure_vm_real_slice
7991,1431300.0,300.0,0.15668727839034222,0.125,0,1431990.0,azure_vm_real_slice
7992,48600.0,1984500.0,0.0687753252735933,0.05,0,4612950.0,azure_vm_real_slice
7993,1593000.0,1500.0,0.3079786780286457,0.5,0,1596450.0,azure_vm_real_slice
7994,577500.0,300.0,0.05,0.5,0,578190.0,azure_vm_real_slice
7995,1844700.0,300.0,0.11578393434634149,0.125,0,1845390.0,azure_vm_real_slice
7996,385200.0,5100.0,0.14119553842340854,0.0625,0,396930.0,azure_vm_real_slice
7997,616500.0,600.0,0.0778659694971504,0.125,0,617880.0,azure_vm_real_slice
7998,0.0,2591400.0,0.09044964923159947,0.05,0,5960220.0,azure_vm_real_slice
7999,1590300.0,37800.0,0.42714610248144025,0.05,1,1667790.0,azure_vm_real_slice
8000,661200.0,1500.0,0.05,0.0625,0,664650.0,azure_vm_real_slice
8001,1224900.0,2700.0,0.05,1.0,2,1229760.0,azure_vm_real_slice
8002,0.0,2591400.0,0.06149939121345858,0.0625,0,5960220.0,azure_vm_real_slice
8003,0.0,2591400.0,0.11239429999249415,0.05,0,5960220.0,azure_vm_real_slice
8004,1754100.0,1500.0,0.05,0.5,0,1757550.0,azure_vm_real_slice
8005,999900.0,300.0,0.05,0.5,0,1000590.0,azure_vm_real_slice
8006,324600.0,600.0,0.1711333634881093,0.125,0,325980.0,azure_vm_real_slice
8007,1731000.0,9900.0,0.7989378345880812,0.5,2,1748820.0,azure_vm_real_slice
8008,0.0,1500.0,0.23328091466190756,0.5,2,2699.9999999999995,azure_vm_real_slice
8009,1315200.0,1200.0,0.05,0.125,0,1317960.0,azure_vm_real_slice
8010,1677300.0,600.0,0.05,0.5,0,1678680.0,azure_vm_real_slice
8011,1617300.0,4200.0,0.06504787953884203,0.125,0,1626960.0,azure_vm_real_slice
8012,1519200.0,300.0,0.3768299994750127,0.05,1,1519815.0,azure_vm_real_slice
8013,911400.0,208500.0,0.05,0.5,0,1390950.0,azure_vm_real_slice
8014,977700.0,9000.0,0.23491876461750974,0.125,0,998400.0,azure_vm_real_slice
8015,0.0,600.0,0.11368303724050241,0.0625,0,1380.0,azure_vm_real_slice
8016,0.0,900.0,0.28410883109446067,0.125,0,2070.0,azure_vm_real_slice
8017,185100.0,300.0,0.05,0.125,0,185790.0,azure_vm_real_slice
8018,1011600.0,300.0,0.05,0.5,0,1012290.0,azure_vm_real_slice
8019,1365600.0,300.0,0.17487917304362838,0.5,0,1366290.0,azure_vm_real_slice
8020,0.0,2591400.0,0.30145596754660703,0.5,0,5960220.0,azure_vm_real_slice
8021,294900.0,16500.0,0.06045576788157361,0.05,0,332850.0,azure_vm_real_slice
8022,155700.0,600.0,0.06927795329894215,0.125,0,157080.0,azure_vm_real_slice
8023,0.0,4500.0,0.12672367947849325,0.125,0,10350.0,azure_vm_real_slice
8024,1273500.0,600.0,0.2927499809117172,0.125,0,1274880.0,azure_vm_real_slice
8025,153600.0,5700.0,0.360329609824634,0.125,1,165285.0,azure_vm_real_slice
8026,589800.0,900.0,0.05,0.125,0,591870.0,azure_vm_real_slice
8027,743400.0,27900.0,0.46216700739785216,0.125,1,800595.0,azure_vm_real_slice
8028,368400.0,900.0,0.05,0.5,0,370470.0,azure_vm_real_slice
8029,0.0,708000.0,0.05,0.5,0,1628399.9999999998,azure_vm_real_slice
8030,0.0,797700.0,0.11281581697145755,0.05,0,1834709.9999999998,azure_vm_real_slice
8031,1463100.0,2400.0,0.0740975940782282,1.0,2,1467420.0,azure_vm_real_slice
8032,0.0,600.0,0.05,0.5,0,1380.0,azure_vm_real_slice
8033,0.0,49800.0,0.3807590498759865,0.0625,1,102089.99999999999,azure_vm_real_slice
8034,411000.0,9000.0,0.6581302857220169,0.125,1,429450.0,azure_vm_real_slice
8035,693300.0,7200.0,0.6323979638379474,0.5,2,706260.0,azure_vm_real_slice
8036,1222800.0,3300.0,0.3003685919524455,0.125,0,1230390.0,azure_vm_real_slice
8037,0.0,2591400.0,0.11193837966428376,0.05,0,5960220.0,azure_vm_real_slice
8038,0.0,18000.0,0.13711573624298473,0.05,0,41400.0,azure_vm_real_slice
8039,1358100.0,4200.0,0.05,0.125,0,1367760.0,azure_vm_real_slice
8040,0.0,3600.0,0.44620594300514554,0.05,1,7379.999999999999,azure_vm_real_slice
8041,346800.0,300.0,0.0651974393394521,0.0625,0,347490.0,azure_vm_real_slice
8042,884700.0,900.0,0.0994825129499446,0.125,0,886770.0,azure_vm_real_slice
8043,465600.0,124500.0,0.43688306235210284,0.05,1,720825.0,azure_vm_real_slice
8044,855600.0,4500.0,0.16491301878634507,0.125,0,865950.0,azure_vm_real_slice
8045,688200.0,10200.0,0.21744387379905958,0.125,0,711660.0,azure_vm_real_slice
8046,1121400.0,900.0,0.44598636212966497,0.5,1,1123245.0,azure_vm_real_slice
8047,137100.0,1200.0,0.260515252243216,0.0625,0,139860.0,azure_vm_real_slice
8048,784800.0,3300.0,0.13093468934506958,1.0,2,790740.0,azure_vm_real_slice
8049,745500.0,600.0,0.05,0.5,0,746880.0,azure_vm_real_slice
8050,595200.0,3300.0,0.05,0.5,0,602790.0,azure_vm_real_slice
8051,288900.0,600.0,0.05,0.125,0,290280.0,azure_vm_real_slice
8052,613500.0,300.0,0.13299814109012634,0.125,0,614190.0,azure_vm_real_slice
8053,1426200.0,600.0,0.05,0.125,0,1427580.0,azure_vm_real_slice
8054,0.0,106500.0,0.05268062248481135,0.125,0,244949.99999999997,azure_vm_real_slice
8055,0.0,2591400.0,0.09016664652074483,0.05,0,5960220.0,azure_vm_real_slice
8056,466200.0,1500.0,0.05,0.0625,0,469650.0,azure_vm_real_slice
8057,1183500.0,6000.0,0.05,0.0625,0,1197300.0,azure_vm_real_slice
8058,587400.0,900.0,0.10927427063449052,0.125,0,589470.0,azure_vm_real_slice
8059,1714200.0,600.0,0.09156674184020316,0.125,0,1715580.0,azure_vm_real_slice
8060,1621500.0,44100.0,0.15282709787083187,0.0625,0,1722930.0,azure_vm_real_slice
8061,1653600.0,2400.0,0.5618390272591726,0.05,1,1658520.0,azure_vm_real_slice
8062,33600.0,3600.0,0.27761880020167057,0.125,0,41880.0,azure_vm_real_slice
8063,378900.0,600.0,0.14477433911193677,0.125,0,380280.0,azure_vm_real_slice
8064,755100.0,2100.0,0.46981381842026393,0.05,1,759405.0,azure_vm_real_slice
8065,1351500.0,300.0,0.05,0.5,0,1352190.0,azure_vm_real_slice
8066,1234500.0,798600.0,0.05,0.125,0,3071280.0,azure_vm_real_slice
8067,1245300.0,2700.0,0.05419007364002236,0.0625,0,1251510.0,azure_vm_real_slice
8068,1852500.0,1800.0,0.5224274138201883,0.125,1,1856190.0,azure_vm_real_slice
8069,0.0,2591400.0,0.11479546203217578,0.05,0,5960220.0,azure_vm_real_slice
8070,0.0,7500.0,0.05,0.0625,0,17250.0,azure_vm_real_slice
8071,1712400.0,600.0,0.05,1.0,2,1713480.0,azure_vm_real_slice
8072,1980000.0,300.0,0.05,0.05,0,1980690.0,azure_vm_real_slice
8073,0.0,2400.0,0.36639015231818844,0.125,1,4920.0,azure_vm_real_slice
8074,1422900.0,900.0,0.05,0.125,0,1424970.0,azure_vm_real_slice
8075,1034100.0,900.0,0.20045574599292273,0.125,0,1036170.0,azure_vm_real_slice
8076,0.0,3300.0,0.759546127089759,0.5,2,5939.999999999999,azure_vm_real_slice
8077,0.0,300.0,0.05,0.125,0,690.0,azure_vm_real_slice
8078,673800.0,5100.0,0.31190170901362063,0.125,0,685530.0,azure_vm_real_slice
8079,1941300.0,2100.0,0.05,0.125,0,1946130.0,azure_vm_real_slice
8080,0.0,2591400.0,0.05,0.0625,0,5960220.0,azure_vm_real_slice
8081,703500.0,600.0,0.17401895239165963,0.125,0,704880.0,azure_vm_real_slice
8082,0.0,600.0,0.13937713004748908,0.125,0,1380.0,azure_vm_real_slice
8083,652800.0,600.0,0.12277577934905415,0.05,0,654180.0,azure_vm_real_slice
8084,540300.0,3300.0,0.2594884005111861,0.125,0,547890.0,azure_vm_real_slice
8085,777300.0,2100.0,0.3484720804757029,0.125,0,782130.0,azure_vm_real_slice
8086,1988100.0,300.0,0.5714856196529513,0.0625,1,1988715.0,azure_vm_real_slice
8087,757500.0,300.0,0.05,0.05,0,758190.0,azure_vm_real_slice
8088,1921800.0,1800.0,0.05,0.5,0,1925940.0,azure_vm_real_slice
8089,510900.0,1200.0,0.05,0.0625,0,513660.0,azure_vm_real_slice
8090,1228500.0,1800.0,0.05,0.125,0,1232640.0,azure_vm_real_slice
8091,80100.0,900.0,0.05,0.125,0,82170.0,azure_vm_real_slice
8092,1165200.0,2100.0,0.14873070435606858,0.5,2,1168980.0,azure_vm_real_slice
8093,537600.0,300.0,0.05,0.5,0,538290.0,azure_vm_real_slice
8094,540900.0,600.0,0.10554234199603102,0.125,0,542280.0,azure_vm_real_slice
8095,903300.0,30000.0,0.34400710802211343,0.125,0,972300.0,azure_vm_real_slice
8096,1987800.0,37500.0,0.05,0.5,0,2074050.0,azure_vm_real_slice
8097,554700.0,300.0,0.09438024925662175,0.125,0,555390.0,azure_vm_real_slice
8098,0.0,1500.0,0.05,0.5,0,3449.9999999999995,azure_vm_real_slice
8099,1884900.0,2100.0,0.05,1.0,2,1888680.0,azure_vm_real_slice
8100,0.0,300.0,0.05,0.0625,0,690.0,azure_vm_real_slice
8101,1069200.0,1200.0,0.28341619986442973,0.125,0,1071960.0,azure_vm_real_slice
8102,1016700.0,9900.0,0.05,0.5,0,1039470.0,azure_vm_real_slice
8103,1069500.0,31800.0,0.3862917963766236,0.125,1,1134690.0,azure_vm_real_slice
8104,940500.0,4200.0,0.1432609029475276,0.125,0,950160.0,azure_vm_real_slice
8105,554400.0,169200.0,0.290849355461447,0.0625,0,943560.0,azure_vm_real_slice
8106,0.0,244200.0,0.05,0.5,0,561660.0,azure_vm_real_slice
8107,132600.0,210300.0,0.05,0.0625,0,616290.0,azure_vm_real_slice
8108,0.0,2591400.0,0.05312310794023345,0.05,0,5960220.0,azure_vm_real_slice
8109,917400.0,30900.0,0.7862817114786926,0.125,2,973020.0,azure_vm_real_slice
8110,0.0,2591400.0,0.05166274102090982,0.05,0,5960220.0,azure_vm_real_slice
8111,1930800.0,600.0,0.2202914848073216,0.125,0,1932180.0,azure_vm_real_slice
8112,371700.0,600.0,0.05,0.125,0,373080.0,azure_vm_real_slice
8113,1564200.0,7200.0,0.2211186265328851,0.5,2,1577160.0,azure_vm_real_slice
8114,1089600.0,300.0,0.12124487610853278,0.125,0,1090290.0,azure_vm_real_slice
8115,1653900.0,600.0,0.10833830460962629,0.5,0,1655280.0,azure_vm_real_slice
8116,585900.0,32100.0,0.39819251027042596,0.0625,1,651705.0,azure_vm_real_slice
8117,1546800.0,6300.0,0.10984552751154758,0.5,2,1558140.0,azure_vm_real_slice
8118,344400.0,22200.0,0.05,0.0625,0,395460.0,azure_vm_real_slice
8119,448800.0,3600.0,0.5409483774439396,0.125,1,456180.0,azure_vm_real_slice
8120,0.0,2591400.0,0.12181458483327408,0.5,0,5960220.0,azure_vm_real_slice
8121,615900.0,14700.0,0.05,0.0625,0,649710.0,azure_vm_real_slice
8122,0.0,300.0,0.09824869326559624,0.05,0,690.0,azure_vm_real_slice
8123,0.0,2591400.0,0.16045576714771326,0.0625,0,5960220.0,azure_vm_real_slice
8124,484200.0,3000.0,0.05,0.5,0,491100.0,azure_vm_real_slice
8125,1607100.0,3900.0,0.25806969854083156,0.05,0,1616070.0,azure_vm_real_slice
8126,231000.0,5700.0,0.48808436066834715,0.05,1,242685.0,azure_vm_real_slice
8127,1120500.0,600.0,0.05,0.125,0,1121880.0,azure_vm_real_slice
8128,1159800.0,300.0,0.35686576430186984,0.5,1,1160415.0,azure_vm_real_slice
8129,0.0,300.0,0.05,0.125,0,690.0,azure_vm_real_slice
8130,979800.0,2700.0,0.05,0.125,0,986010.0,azure_vm_real_slice
8131,0.0,13500.0,0.6779375678323253,0.125,1,27674.999999999996,azure_vm_real_slice
8132,1066500.0,9900.0,0.08495372993090877,0.5,2,1084320.0,azure_vm_real_slice
8133,1283400.0,1500.0,0.05,0.5,0,1286850.0,azure_vm_real_slice
8134,1341000.0,112200.0,0.3070665623753727,0.125,0,1599060.0,azure_vm_real_slice
8135,1765800.0,1500.0,0.05,0.0625,0,1769250.0,azure_vm_real_slice
8136,654300.0,600.0,0.14050881394509934,0.0625,0,655680.0,azure_vm_real_slice
8137,1762200.0,300.0,0.05,0.125,0,1762890.0,azure_vm_real_slice
8138,1857600.0,5100.0,0.07420336377779688,0.125,0,1869330.0,azure_vm_real_slice
8139,1133100.0,1200.0,0.05,0.125,0,1135860.0,azure_vm_real_slice
8140,0.0,27600.0,0.19584579638084978,0.5,2,49679.99999999999,azure_vm_real_slice
8141,0.0,22500.0,0.08187946632009639,0.125,0,51749.99999999999,azure_vm_real_slice
8142,1286400.0,900.0,0.05,0.5,2,1288020.0,azure_vm_real_slice
8143,0.0,2591400.0,0.05,0.125,0,5960220.0,azure_vm_real_slice
8144,47700.0,300.0,0.05,0.5,0,48390.0,azure_vm_real_slice
8145,0.0,1500.0,0.23737405906513476,0.0625,0,3449.9999999999995,azure_vm_real_slice
8146,461400.0,3600.0,0.5061770465144981,0.0625,1,468780.0,azure_vm_real_slice
8147,1831200.0,25500.0,0.1401202928821165,0.125,0,1889850.0,azure_vm_real_slice
8148,1225200.0,4200.0,0.13347311252999397,0.5,2,1232760.0,azure_vm_real_slice
8149,844200.0,5700.0,0.511911785484791,0.125,1,855885.0,azure_vm_real_slice
8150,1741500.0,9900.0,0.09906961835542245,0.05,0,1764270.0,azure_vm_real_slice
8151,464700.0,300.0,0.18529608287538385,0.125,0,465390.0,azure_vm_real_slice
8152,681000.0,900.0,0.05129913008577795,0.125,0,683070.0,azure_vm_real_slice
8153,0.0,2400.0,0.08524711458718202,0.05,0,5520.0,azure_vm_real_slice
8154,1072200.0,900.0,0.05473076730558301,0.125,0,1074270.0,azure_vm_real_slice
8155,0.0,12600.0,0.08537229933283175,0.5,2,22679.999999999996,azure_vm_real_slice
8156,0.0,600.0,0.05368244351629342,0.125,0,1380.0,azure_vm_real_slice
8157,0.0,600.0,0.05,0.5,0,1380.0,azure_vm_real_slice
8158,1728600.0,2100.0,0.05,0.5,0,1733430.0,azure_vm_real_slice
8159,1986300.0,46800.0,0.7202348720362387,0.5,1,2082240.0,azure_vm_real_slice
8160,1089000.0,86400.0,0.05,0.0625,0,1287720.0,azure_vm_real_slice
8161,1242600.0,64500.0,0.17041084170856252,0.0625,0,1390950.0,azure_vm_real_slice
8162,0.0,2591400.0,0.05,0.125,0,5960220.0,azure_vm_real_slice
8163,0.0,10200.0,0.3260197542106966,0.5,2,18360.0,azure_vm_real_slice
8164,0.0,3900.0,0.3450630507027433,0.125,0,8970.0,azure_vm_real_slice
8165,1967700.0,300.0,0.2477320547241754,0.0625,0,1968390.0,azure_vm_real_slice
8166,556200.0,7500.0,0.27263523875912193,0.125,0,573450.0,azure_vm_real_slice
8167,0.0,300.0,0.05,0.5,0,690.0,azure_vm_real_slice
8168,105000.0,8400.0,0.05,0.125,0,124320.0,azure_vm_real_slice
8169,1553400.0,39600.0,0.13682157649134358,1.0,2,1624680.0,azure_vm_real_slice
8170,477600.0,2100.0,0.6756158522464272,0.5,1,481905.0,azure_vm_real_slice
8171,1167900.0,600.0,0.1761331063791979,0.0625,0,1169280.0,azure_vm_real_slice
8172,583800.0,2100.0,0.05,0.5,0,588630.0,azure_vm_real_slice
8173,548400.0,1200.0,0.25880328621250376,0.5,0,551160.0,azure_vm_real_slice
8174,0.0,600.0,0.06885962205135587,0.125,0,1380.0,azure_vm_real_slice
8175,0.0,3900.0,0.6693896776471113,0.05,1,7994.999999999999,azure_vm_real_slice
8176,784800.0,900.0,0.08187943145936862,0.125,0,786870.0,azure_vm_real_slice
8177,1914600.0,300.0,0.11719976047501475,0.05,0,1915290.0,azure_vm_real_slice
8178,608400.0,7500.0,0.7787927191941254,0.5,2,621900.0,azure_vm_real_slice
8179,296700.0,6900.0,0.05,0.0625,0,312570.0,azure_vm_real_slice
8180,0.0,2400.0,0.20704538695023053,0.125,0,5520.0,azure_vm_real_slice
8181,1949700.0,1800.0,0.4503554887922481,0.125,1,1953390.0,azure_vm_real_slice
8182,1455000.0,300.0,0.5144323400406509,0.0625,1,1455615.0,azure_vm_real_slice
8183,203700.0,300.0,0.05,0.5,0,204390.0,azure_vm_real_slice
8184,1704900.0,328200.0,0.05,0.125,0,2459760.0,azure_vm_real_slice
8185,1401300.0,600.0,0.05,0.125,0,1402680.0,azure_vm_real_slice
8186,288000.0,9900.0,0.7705444549950726,0.5,2,305820.0,azure_vm_real_slice
8187,1887300.0,600.0,0.2540916969469295,0.0625,0,1888680.0,azure_vm_real_slice
8188,0.0,300.0,0.08417297216271928,0.125,0,690.0,azure_vm_real_slice
8189,0.0,21300.0,0.34752821525257827,0.125,0,48989.99999999999,azure_vm_real_slice
8190,0.0,27600.0,0.21288000512610378,0.5,2,49679.99999999999,azure_vm_real_slice
8191,331800.0,7800.0,0.665467022833657,0.5,1,347790.0,azure_vm_real_slice
8192,370200.0,4500.0,0.6395013685377866,0.125,1,379425.0,azure_vm_real_slice
8193,1753500.0,1800.0,0.7918213538100555,0.0625,2,1756740.0,azure_vm_real_slice
8194,828300.0,12000.0,0.7901834610929935,0.5,2,849900.0,azure_vm_real_slice
8195,37500.0,1500.0,0.05,0.5,0,40950.0,azure_vm_real_slice
8196,373200.0,2700.0,0.16289291481052015,0.125,0,379410.0,azure_vm_real_slice
8197,0.0,300.0,0.05,0.125,0,690.0,azure_vm_real_slice
8198,0.0,2591400.0,0.0913996165684355,0.05,0,5960220.0,azure_vm_real_slice
8199,0.0,2591400.0,0.07966642775864502,0.0625,0,5960220.0,azure_vm_real_slice
8200,792900.0,900.0,0.07848967987768832,0.5,0,794970.0,azure_vm_real_slice
8201,107400.0,1200.0,0.23303360873645956,0.05,0,110160.0,azure_vm_real_slice
8202,368100.0,600.0,0.05,0.125,0,369480.0,azure_vm_real_slice
8203,1204500.0,300.0,0.05,0.5,0,1205190.0,azure_vm_real_slice
8204,1740600.0,600.0,0.20122679618469794,0.125,0,1741980.0,azure_vm_real_slice
8205,1312500.0,10800.0,0.05,0.5,0,1337340.0,azure_vm_real_slice
8206,1296300.0,736800.0,0.05,0.125,0,2990940.0,azure_vm_real_slice
8207,1523400.0,900.0,0.10998887648712122,0.125,0,1525470.0,azure_vm_real_slice
8208,1593600.0,900.0,0.05,0.125,0,1595670.0,azure_vm_real_slice
8209,1556400.0,1500.0,0.3930339242530263,0.05,1,1559475.0,azure_vm_real_slice
8210,1377900.0,3000.0,0.08577748108465197,0.5,0,1384800.0,azure_vm_real_slice
8211,492900.0,300.0,0.05,0.5,0,493590.0,azure_vm_real_slice
8212,130500.0,600.0,0.05,0.125,0,131880.0,azure_vm_real_slice
8213,1775100.0,600.0,0.08656369378999655,0.0625,0,1776480.0,azure_vm_real_slice
8214,912900.0,20100.0,0.05,0.5,0,959130.0,azure_vm_real_slice
8215,885300.0,300.0,0.05,0.125,0,885990.0,azure_vm_real_slice
8216,1648200.0,19800.0,0.14341209143473066,0.5,2,1683840.0,azure_vm_real_slice
8217,0.0,2591400.0,0.15014300472809539,0.5,0,5960220.0,azure_vm_real_slice
8218,1832400.0,3900.0,0.6752311894519216,0.0625,1,1840395.0,azure_vm_real_slice
8219,0.0,4200.0,0.14501423334316194,0.0625,0,9660.0,azure_vm_real_slice
8220,0.0,1200.0,0.05,0.5,2,2160.0,azure_vm_real_slice
8221,0.0,1500.0,0.188770883779127,0.0625,0,3449.9999999999995,azure_vm_real_slice
8222,66300.0,3000.0,0.05,0.5,2,71700.0,azure_vm_real_slice
8223,0.0,8400.0,0.13636379416038058,0.0625,0,19320.0,azure_vm_real_slice
8224,1251900.0,5400.0,0.09628489172813225,0.125,0,1264320.0,azure_vm_real_slice
8225,0.0,8100.0,0.3450250451207439,0.125,0,18630.0,azure_vm_real_slice
8226,0.0,3900.0,0.12703122686447998,0.5,2,7019.999999999999,azure_vm_real_slice
8227,0.0,3000.0,0.6302439893460822,0.125,1,6149.999999999999,azure_vm_real_slice
8228,1959900.0,73200.0,0.05,0.5,2,2091660.0,azure_vm_real_slice
8229,99000.0,11700.0,0.05,0.125,0,125910.0,azure_vm_real_slice
8230,801000.0,600.0,0.05,0.5,0,802380.0,azure_vm_real_slice
8231,0.0,2591400.0,0.05,0.05,0,5960220.0,azure_vm_real_slice
8232,176100.0,4500.0,0.6523074466058357,0.125,1,185325.0,azure_vm_real_slice
8233,1873800.0,2100.0,0.05,0.5,0,1878630.0,azure_vm_real_slice
8234,59400.0,45300.0,0.6147224586071355,0.125,1,152265.0,azure_vm_real_slice
8235,0.0,2591400.0,0.05,0.0625,0,5960220.0,azure_vm_real_slice
8236,1328400.0,600.0,0.15844099515954835,0.125,0,1329780.0,azure_vm_real_slice
8237,446400.0,15300.0,0.07772751113105987,0.05,0,481590.0,azure_vm_real_slice
8238,53100.0,6900.0,0.3862690860730331,0.125,1,67245.0,azure_vm_real_slice
8239,0.0,300.0,0.05,0.5,2,540.0,azure_vm_real_slice
8240,0.0,2100.0,0.05,0.5,0,4830.0,azure_vm_real_slice
8241,0.0,2591400.0,0.05,0.5,0,5960220.0,azure_vm_real_slice
8242,0.0,52200.0,0.08955019399741398,1.0,2,93959.99999999999,azure_vm_real_slice
8243,0.0,5400.0,0.6868989224270023,0.5,1,11069.999999999998,azure_vm_real_slice
8244,1466100.0,26100.0,0.10286315853474559,0.125,0,1526130.0,azure_vm_real_slice
8245,320100.0,1200.0,0.05,0.0625,0,322860.0,azure_vm_real_slice
8246,1943700.0,10800.0,0.05,0.0625,0,1968540.0,azure_vm_real_slice
8247,892500.0,3300.0,0.06285818757208872,0.125,0,900090.0,azure_vm_real_slice
8248,1645200.0,2700.0,0.053655228996743104,0.0625,0,1651410.0,azure_vm_real_slice
8249,1193400.0,300.0,0.053217532259091004,1.0,2,1193940.0,azure_vm_real_slice
8250,108300.0,2100.0,0.05,0.5,0,113130.0,azure_vm_real_slice
8251,0.0,7800.0,0.05,0.5,2,14039.999999999998,azure_vm_real_slice
8252,0.0,900.0,0.06582501596081071,0.5,2,1619.9999999999998,azure_vm_real_slice
8253,0.0,300.0,0.05,0.5,0,690.0,azure_vm_real_slice
8254,0.0,4200.0,0.14315386469520186,0.5,0,9660.0,azure_vm_real_slice
8255,271500.0,300.0,0.05,0.5,0,272190.0,azure_vm_real_slice
8256,899400.0,4200.0,0.5989087052947502,0.05,1,908010.0,azure_vm_real_slice
8257,1192200.0,900.0,0.08798802687457417,0.125,0,1194270.0,azure_vm_real_slice
8258,973800.0,4200.0,0.05,1.0,2,981360.0,azure_vm_real_slice
8259,1347900.0,300.0,0.2046925827933299,0.5,0,1348590.0,azure_vm_real_slice
8260,1610700.0,3900.0,0.05,0.125,0,1619670.0,azure_vm_real_slice
8261,1131600.0,1500.0,0.22003152922393907,1.0,2,1134300.0,azure_vm_real_slice
8262,313800.0,300.0,0.05,0.5,0,314490.0,azure_vm_real_slice
8263,635400.0,2700.0,0.13856470261126982,0.0625,0,641610.0,azure_vm_real_slice
8264,973500.0,1200.0,0.7174903742539779,0.5,1,975960.0,azure_vm_real_slice
8265,659700.0,43200.0,0.05,0.125,0,759060.0,azure_vm_real_slice
8266,1130100.0,300.0,0.23485439647925108,0.05,0,1130790.0,azure_vm_real_slice
8267,0.0,600.0,0.12430123187051359,0.125,0,1380.0,azure_vm_real_slice
8268,1800.0,2100.0,0.580181935102836,0.05,1,6105.0,azure_vm_real_slice
8269,0.0,300.0,0.08172425353152421,0.05,0,690.0,azure_vm_real_slice
8270,747300.0,1500.0,0.05,1.0,2,750000.0,azure_vm_real_slice
8271,470700.0,300.0,0.19277391782326483,0.5,0,471390.0,azure_vm_real_slice
8272,102600.0,600.0,0.05,0.5,0,103980.0,azure_vm_real_slice
8273,412500.0,1800.0,0.09099127177410678,0.5,2,415740.0,azure_vm_real_slice
8274,353700.0,43200.0,0.05,0.125,0,453060.0,azure_vm_real_slice
8275,432300.0,4200.0,0.6326227659936521,0.05,1,440910.0,azure_vm_real_slice
8276,0.0,900.0,0.26517979400177205,0.125,0,2070.0,azure_vm_real_slice
8277,309900.0,600.0,0.16520362618341308,0.5,2,310980.0,azure_vm_real_slice
8278,1332000.0,600.0,0.05,0.125,0,1333380.0,azure_vm_real_slice
8279,1018800.0,31200.0,0.14460421795413803,0.0625,0,1090560.0,azure_vm_real_slice
8280,1570500.0,600.0,0.10758988014602464,0.125,0,1571880.0,azure_vm_real_slice
8281,1841700.0,82500.0,0.08422386636551404,1.0,2,1990200.0,azure_vm_real_slice
8282,148200.0,197700.0,0.05,0.0625,0,602910.0,azure_vm_real_slice
8283,1520700.0,600.0,0.05,0.125,0,1522080.0,azure_vm_real_slice
8284,0.0,4200.0,0.21834560377839715,0.125,0,9660.0,azure_vm_real_slice
8285,0.0,1800.0,0.40475702927860185,0.125,1,3689.9999999999995,azure_vm_real_slice
8286,919800.0,300.0,0.05,0.5,0,920490.0,azure_vm_real_slice
8287,1974900.0,58200.0,0.05,1.0,2,2079660.0,azure_vm_real_slice
8288,0.0,4200.0,0.08817731559089895,0.5,0,9660.0,azure_vm_real_slice
8289,1464600.0,6900.0,0.1482940858919742,0.5,2,1477020.0,azure_vm_real_slice
8290,84600.0,1800.0,0.05,0.5,0,88740.0,azure_vm_real_slice
8291,1517400.0,21000.0,0.06184196768303827,0.125,0,1565700.0,azure_vm_real_slice
8292,0.0,2591400.0,0.11214517223085636,0.05,0,5960220.0,azure_vm_real_slice
8293,0.0,3300.0,0.42133159405111376,0.05,1,6764.999999999999,azure_vm_real_slice
8294,1143600.0,6600.0,0.4639495787306091,0.125,1,1157130.0,azure_vm_real_slice
8295,275700.0,1200.0,0.368690125487779,0.0625,1,278160.0,azure_vm_real_slice
8296,1892700.0,600.0,0.1191108862213011,0.125,0,1894080.0,azure_vm_real_slice
8297,1656900.0,10500.0,0.613817688092385,0.5,1,1678425.0,azure_vm_real_slice
8298,585000.0,32700.0,0.21175109851613544,0.0625,0,660210.0,azure_vm_real_slice
8299,0.0,2591400.0,0.05685690627173046,0.0625,0,5960220.0,azure_vm_real_slice
8300,684300.0,300.0,0.05,0.125,0,684990.0,azure_vm_real_slice
8301,946800.0,300.0,0.05,0.5,0,947490.0,azure_vm_real_slice
8302,1495200.0,900.0,0.1404536862949476,0.5,2,1496820.0,azure_vm_real_slice
8303,940800.0,2400.0,0.4061727898432509,1.0,2,945120.0,azure_vm_real_slice
8304,526200.0,6900.0,0.05,0.125,0,542070.0,azure_vm_real_slice
8305,1225800.0,2100.0,0.05,0.5,0,1230630.0,azure_vm_real_slice
8306,1991700.0,41400.0,0.3673808413673831,0.125,1,2076570.0,azure_vm_real_slice
8307,1915500.0,900.0,0.05,1.0,2,1917120.0,azure_vm_real_slice
8308,1082100.0,600.0,0.05,0.125,0,1083480.0,azure_vm_real_slice
8309,967200.0,2100.0,0.48074438499597094,0.05,1,971505.0,azure_vm_real_slice
8310,1630200.0,1800.0,0.3745936713454747,0.5,1,1633890.0,azure_vm_real_slice
8311,1980000.0,6600.0,0.05,0.5,0,1995180.0,azure_vm_real_slice
8312,13800.0,523500.0,0.05,0.5,2,956099.9999999999,azure_vm_real_slice
8313,1029600.0,300.0,0.05,0.5,0,1030290.0,azure_vm_real_slice
8314,1437900.0,900.0,0.18580640315912028,0.5,0,1439970.0,azure_vm_real_slice
8315,1758900.0,900.0,0.309104239075187,0.125,0,1760970.0,azure_vm_real_slice
8316,1286100.0,8100.0,0.310371697546408,0.0625,0,1304730.0,azure_vm_real_slice
8317,687000.0,900.0,0.14899762803199162,0.125,0,689070.0,azure_vm_real_slice
8318,0.0,300.0,0.05,0.125,0,690.0,azure_vm_real_slice
8319,1189200.0,300.0,0.05,0.125,0,1189890.0,azure_vm_real_slice
8320,0.0,1500.0,0.6465541169359752,0.125,1,3074.9999999999995,azure_vm_real_slice
8321,0.0,600.0,0.09656571979688731,0.5,0,1380.0,azure_vm_real_slice
8322,195000.0,3600.0,0.07209194708933236,0.5,2,201480.0,azure_vm_real_slice
8323,1589700.0,600.0,0.08041131881962955,0.125,0,1591080.0,azure_vm_real_slice
8324,1896000.0,300.0,0.05,0.5,2,1896540.0,azure_vm_real_slice
8325,225000.0,2100.0,0.05,0.5,0,229830.0,azure_vm_real_slice
8326,216000.0,600.0,0.10379057515743068,0.125,0,217380.0,azure_vm_real_slice
8327,155100.0,2100.0,0.05,0.5,0,159930.0,azure_vm_real_slice
8328,795600.0,6300.0,0.3810491649519752,0.5,2,806940.0,azure_vm_real_slice
8329,0.0,300.0,0.06254204314499237,0.0625,0,690.0,azure_vm_real_slice
8330,452700.0,5700.0,0.12271742231284016,0.5,2,462960.0,azure_vm_real_slice
8331,958500.0,900.0,0.05,0.5,0,960570.0,azure_vm_real_slice
8332,0.0,300.0,0.2828019362855781,0.0625,0,690.0,azure_vm_real_slice
8333,0.0,939300.0,0.05,0.125,0,2160390.0,azure_vm_real_slice
8334,722100.0,3000.0,0.3688120067196744,0.125,1,728250.0,azure_vm_real_slice
8335,505800.0,2400.0,0.05,0.5,0,511320.0,azure_vm_real_slice
8336,1349400.0,600.0,0.05,0.5,0,1350780.0,azure_vm_real_slice
8337,782100.0,900.0,0.32582003264959875,0.125,0,784170.0,azure_vm_real_slice
8338,0.0,3000.0,0.4710059955591279,0.05,1,6149.999999999999,azure_vm_real_slice
8339,948300.0,3300.0,0.10825413715808202,0.5,0,955890.0,azure_vm_real_slice
8340,1215600.0,1200.0,0.14502757176893963,0.125,0,1218360.0,azure_vm_real_slice
8341,0.0,1082100.0,0.05,0.5,2,1947779.9999999998,azure_vm_real_slice
8342,0.0,2591400.0,0.13322229545896186,0.05,0,5960220.0,azure_vm_real_slice
8343,655800.0,4200.0,0.09558187592556726,0.5,2,663360.0,azure_vm_real_slice
8344,1854000.0,2100.0,0.1739180769738282,0.0625,0,1858830.0,azure_vm_real_slice
8345,0.0,67200.0,0.05,0.5,0,154560.0,azure_vm_real_slice
8346,575700.0,255600.0,0.19797867431930619,0.0625,0,1163580.0,azure_vm_real_slice
8347,0.0,2400.0,0.05,0.5,0,5520.0,azure_vm_real_slice
8348,1641600.0,1200.0,0.2616224092455231,0.125,0,1644360.0,azure_vm_real_slice
8349,0.0,3600.0,0.05,0.125,0,8280.0,azure_vm_real_slice
8350,0.0,300.0,0.05,0.5,0,690.0,azure_vm_real_slice
8351,1253400.0,1500.0,0.0998441743294196,0.5,2,1256100.0,azure_vm_real_slice
8352,0.0,9000.0,0.05,0.125,0,20700.0,azure_vm_real_slice
8353,228600.0,1500.0,0.3836316863358526,0.05,1,231675.0,azure_vm_real_slice
8354,0.0,457500.0,0.13272316031683162,0.5,0,1052250.0,azure_vm_real_slice
8355,0.0,982800.0,0.05,0.125,0,2260440.0,azure_vm_real_slice
8356,0.0,300.0,0.05,0.0625,0,690.0,azure_vm_real_slice
8357,0.0,51300.0,0.2627523560328914,0.5,2,92339.99999999999,azure_vm_real_slice
8358,1797900.0,2700.0,0.18933946664719364,0.5,0,1804110.0,azure_vm_real_slice
8359,629100.0,3900.0,0.057458711987622764,0.125,0,638070.0,azure_vm_real_slice
8360,0.0,29400.0,0.05,0.5,0,67620.0,azure_vm_real_slice
8361,29400.0,203100.0,0.3108259227593379,0.0625,0,496529.99999999994,azure_vm_real_slice
8362,1618200.0,300.0,0.05,0.5,0,1618890.0,azure_vm_real_slice
8363,1193100.0,300.0,0.05,0.125,0,1193790.0,azure_vm_real_slice
8364,0.0,600.0,0.21695692909156566,0.0625,0,1380.0,azure_vm_real_slice
8365,407700.0,1200.0,0.05,0.5,0,410460.0,azure_vm_real_slice
8366,1655400.0,4200.0,0.09594512533275062,0.125,0,1665060.0,azure_vm_real_slice
8367,1708200.0,89400.0,0.05,0.5,0,1913820.0,azure_vm_real_slice
8368,0.0,2591400.0,0.06479562304318985,0.125,0,5960220.0,azure_vm_real_slice
8369,1202400.0,900.0,0.05,0.5,0,1204470.0,azure_vm_real_slice
8370,668100.0,2100.0,0.05,0.5,0,672930.0,azure_vm_real_slice
8371,357900.0,1200.0,0.1775961746781656,0.125,0,360660.0,azure_vm_real_slice
8372,0.0,4200.0,0.06749239936000628,0.125,0,9660.0,azure_vm_real_slice
8373,532800.0,300.0,0.05,0.125,0,533490.0,azure_vm_real_slice
8374,0.0,2591400.0,0.05,0.0625,0,5960220.0,azure_vm_real_slice
8375,798600.0,900.0,0.05,0.5,0,800670.0,azure_vm_real_slice
8376,0.0,300.0,0.09001138814546988,0.125,0,690.0,azure_vm_real_slice
8377,645000.0,300.0,0.07256768747297145,0.125,0,645690.0,azure_vm_real_slice
8378,0.0,2591400.0,0.22568207468025206,0.5,0,5960220.0,azure_vm_real_slice
8379,0.0,600.0,0.05,0.5,0,1380.0,azure_vm_real_slice
8380,1160100.0,21600.0,0.7869557937587213,0.5,2,1198980.0,azure_vm_real_slice
8381,1010700.0,8700.0,0.05,0.125,0,1030710.0,azure_vm_real_slice
8382,992400.0,900.0,0.07721000058739741,0.5,0,994470.0,azure_vm_real_slice
8383,1902600.0,300.0,0.08102253777566845,0.125,0,1903290.0,azure_vm_real_slice
8384,0.0,42000.0,0.6263158183970451,0.125,1,86099.99999999999,azure_vm_real_slice
8385,887700.0,3000.0,0.11536901658574061,0.05,0,894600.0,azure_vm_real_slice
8386,1181700.0,2100.0,0.40057900924608225,0.125,1,1186005.0,azure_vm_real_slice
8387,1039500.0,8400.0,0.19699850780070174,0.0625,0,1058820.0,azure_vm_real_slice
8388,1473300.0,4200.0,0.08072669352009498,0.125,0,1482960.0,azure_vm_real_slice
8389,712800.0,1320300.0,0.05,0.125,0,3749489.9999999995,azure_vm_real_slice
8390,764400.0,2700.0,0.05,0.5,0,770610.0,azure_vm_real_slice
8391,518700.0,3300.0,0.35808767903683697,0.125,1,525465.0,azure_vm_real_slice
8392,371100.0,900.0,0.1971794961323943,0.0625,0,373170.0,azure_vm_real_slice
8393,1334400.0,11100.0,0.05,1.0,2,1354380.0,azure_vm_real_slice
8394,0.0,2591400.0,0.05,0.05,0,5960220.0,azure_vm_real_slice
8395,337500.0,85500.0,0.05,0.125,0,534150.0,azure_vm_real_slice
8396,1051500.0,22500.0,0.10973864890716356,0.05,0,1103250.0,azure_vm_real_slice
8397,43800.0,300.0,0.05,0.125,0,44490.0,azure_vm_real_slice
8398,1701000.0,4800.0,0.05,0.5,0,1712040.0,azure_vm_real_slice
8399,1998000.0,300.0,0.0721788187025003,0.125,0,1998690.0,azure_vm_real_slice
8400,0.0,2400.0,0.05,0.5,0,5520.0,azure_vm_real_slice
8401,1635900.0,48900.0,0.3124140783560235,0.125,0,1748370.0,azure_vm_real_slice
8402,1602000.0,600.0,0.33767635468691315,0.125,0,1603380.0,azure_vm_real_slice
8403,530100.0,6900.0,0.11389018152452096,0.125,0,545970.0,azure_vm_real_slice
8404,1559700.0,2100.0,0.09813688613940265,0.125,0,1564530.0,azure_vm_real_slice
8405,0.0,900.0,0.12745285691054073,0.125,0,2070.0,azure_vm_real_slice
8406,370800.0,600.0,0.05,1.0,2,371880.0,azure_vm_real_slice
8407,909600.0,600.0,0.05,0.5,0,910980.0,azure_vm_real_slice
8408,1242000.0,205800.0,0.07243956990795823,0.0625,0,1715340.0,azure_vm_real_slice
8409,0.0,2400.0,0.05,0.5,0,5520.0,azure_vm_real_slice
8410,1480500.0,600.0,0.05,0.125,0,1481880.0,azure_vm_real_slice
8411,0.0,300.0,0.12107992108194895,0.5,0,690.0,azure_vm_real_slice
8412,736800.0,37200.0,0.46167859318673243,0.05,1,813060.0,azure_vm_real_slice
8413,543300.0,600.0,0.05,0.5,0,544680.0,azure_vm_real_slice
8414,1669200.0,2100.0,0.25043666943201415,0.5,2,1672980.0,azure_vm_real_slice
8415,0.0,104100.0,0.08059628014032853,0.05,0,239429.99999999997,azure_vm_real_slice
8416,0.0,44700.0,0.623124728251987,0.125,1,91634.99999999999,azure_vm_real_slice
8417,1351800.0,900.0,0.13687985495252886,0.5,0,1353870.0,azure_vm_real_slice
8418,722700.0,300.0,0.05,0.5,0,723390.0,azure_vm_real_slice
8419,0.0,900.0,0.5513363633063737,0.125,1,1844.9999999999998,azure_vm_real_slice
8420,192000.0,300.0,0.05,0.125,0,192690.0,azure_vm_real_slice
8421,618900.0,300.0,0.05,0.5,0,619590.0,azure_vm_real_slice
8422,0.0,20100.0,0.11839495830619003,0.125,0,46230.0,azure_vm_real_slice
8423,0.0,2591400.0,0.1388502874949629,0.05,0,5960220.0,azure_vm_real_slice
8424,572400.0,2700.0,0.1893465338371667,0.5,0,578610.0,azure_vm_real_slice
8425,0.0,300.0,0.05,0.5,2,540.0,azure_vm_real_slice
8426,885000.0,3000.0,0.24448226455432245,0.125,0,891900.0,azure_vm_real_slice
8427,1628400.0,223200.0,0.05,1.0,2,2030160.0,azure_vm_real_slice
8428,0.0,600.0,0.05,0.5,0,1380.0,azure_vm_real_slice
8429,602700.0,39600.0,0.08832587785052962,0.5,2,673980.0,azure_vm_real_slice
8430,1695300.0,300.0,0.05059644966009379,0.125,0,1695990.0,azure_vm_real_slice
8431,267300.0,4800.0,0.05,0.0625,0,278340.0,azure_vm_real_slice
8432,1613400.0,2700.0,0.05,0.5,2,1618260.0,azure_vm_real_slice
8433,0.0,2591400.0,0.1740236712074183,0.0625,0,5960220.0,azure_vm_real_slice
8434,1296600.0,75600.0,0.12352511678971233,0.0625,0,1470480.0,azure_vm_real_slice
8435,1251900.0,36000.0,0.25579871121224945,0.125,0,1334700.0,azure_vm_real_slice
8436,44100.0,1500.0,0.41291606684672766,0.125,1,47175.0,azure_vm_real_slice
8437,999300.0,27300.0,0.057252283124107066,0.0625,0,1062090.0,azure_vm_real_slice
8438,0.0,300.0,0.06714117289254312,0.125,0,690.0,azure_vm_real_slice
8439,1702200.0,14100.0,0.6086680263861713,0.125,1,1731105.0,azure_vm_real_slice
8440,0.0,2591400.0,0.05,0.5,0,5960220.0,azure_vm_real_slice
8441,459000.0,300.0,0.11410729035513352,0.0625,0,459690.0,azure_vm_real_slice
8442,619800.0,1800.0,0.19741048443185996,0.125,0,623940.0,azure_vm_real_slice
8443,1568700.0,49200.0,0.1401441673069512,0.5,0,1681860.0,azure_vm_real_slice
8444,12000.0,300.0,0.11900983363677865,0.5,0,12690.0,azure_vm_real_slice
8445,98100.0,6000.0,0.5711108560822062,0.5,1,110400.0,azure_vm_real_slice
8446,615600.0,600.0,0.14010234421596343,0.125,0,616980.0,azure_vm_real_slice
8447,974400.0,36000.0,0.37740610123107987,0.125,1,1048200.0,azure_vm_real_slice
8448,1827600.0,600.0,0.05,0.125,0,1828980.0,azure_vm_real_slice
8449,347100.0,2100.0,0.2003028330304371,0.5,0,351930.0,azure_vm_real_slice
8450,684000.0,1033200.0,0.05,0.0625,0,3060360.0,azure_vm_real_slice
8451,329700.0,300.0,0.05,0.5,2,330240.0,azure_vm_real_slice
8452,996600.0,1500.0,0.05,0.05,0,1000050.0,azure_vm_real_slice
8453,570900.0,13800.0,0.05,0.125,0,602640.0,azure_vm_real_slice
8454,1906200.0,1800.0,0.19727606437210907,0.125,0,1910340.0,azure_vm_real_slice
8455,0.0,2591400.0,0.062372377979394794,0.125,0,5960220.0,azure_vm_real_slice
8456,710400.0,300.0,0.4923338779751281,0.0625,1,711015.0,azure_vm_real_slice
8457,0.0,300.0,0.05,0.125,0,690.0,azure_vm_real_slice
8458,825300.0,600.0,0.05,0.125,0,826680.0,azure_vm_real_slice
8459,987300.0,300.0,0.05,0.0625,0,987990.0,azure_vm_real_slice
8460,1887900.0,24300.0,0.05258359096842864,0.0625,0,1943790.0,azure_vm_real_slice
8461,0.0,300.0,0.22848792067001,0.0625,0,690.0,azure_vm_real_slice
8462,1616100.0,5400.0,0.28761981529423775,0.05,0,1628520.0,azure_vm_real_slice
8463,0.0,2700.0,0.28950246821223774,0.5,0,6209.999999999999,azure_vm_real_slice
8464,98100.0,71100.0,0.05,0.125,0,261630.0,azure_vm_real_slice
8465,0.0,10800.0,0.6307669310818761,0.5,1,22139.999999999996,azure_vm_real_slice
8466,1858200.0,7800.0,0.05,0.5,0,1876140.0,azure_vm_real_slice
8467,1689000.0,18000.0,0.10538113661045699,0.5,2,1721400.0,azure_vm_real_slice
8468,0.0,2591400.0,0.19644164557131333,0.125,0,5960220.0,azure_vm_real_slice
8469,1703100.0,62400.0,0.2326871936939795,0.0625,0,1846620.0,azure_vm_real_slice
8470,0.0,600.0,0.20698760560360685,0.0625,0,1380.0,azure_vm_real_slice
8471,2002500.0,900.0,0.2826059504899433,0.125,0,2004570.0,azure_vm_real_slice
8472,0.0,2591400.0,0.05,0.0625,0,5960220.0,azure_vm_real_slice
8473,764100.0,600.0,0.05,0.125,0,765480.0,azure_vm_real_slice
8474,2013300.0,12000.0,0.05,1.0,2,2034900.0,azure_vm_real_slice
8475,0.0,600.0,0.09938874920431223,0.125,0,1380.0,azure_vm_real_slice
8476,631500.0,600.0,0.05,0.5,0,632880.0,azure_vm_real_slice
8477,1198800.0,2700.0,0.05,0.5,0,1205010.0,azure_vm_real_slice
8478,1998600.0,1200.0,0.11116091973430162,0.125,0,2001360.0,azure_vm_real_slice
8479,955200.0,900.0,0.0676304129717872,0.125,0,957270.0,azure_vm_real_slice
8480,1751700.0,1200.0,0.14470795165876282,1.0,2,1753860.0,azure_vm_real_slice
8481,1225200.0,9900.0,0.27172614543195556,1.0,2,1243020.0,azure_vm_real_slice
8482,495000.0,53700.0,0.48449315163206796,0.125,1,605085.0,azure_vm_real_slice
8483,1768500.0,300.0,0.21041741856739338,0.125,0,1769190.0,azure_vm_real_slice
8484,521400.0,5100.0,0.21114222398348503,0.5,2,530580.0,azure_vm_real_slice
8485,1905900.0,54300.0,0.05,0.5,2,2003640.0,azure_vm_real_slice
8486,231900.0,2100.0,0.06183947170856608,0.05,0,236730.0,azure_vm_real_slice
8487,1904700.0,600.0,0.05,0.5,2,1905780.0,azure_vm_real_slice
8488,1316700.0,1500.0,0.18161785278268597,0.5,0,1320150.0,azure_vm_real_slice
8489,0.0,900.0,0.35662878249867364,0.125,1,1844.9999999999998,azure_vm_real_slice
8490,0.0,300.0,0.05204766617757811,0.125,0,690.0,azure_vm_real_slice
8491,271200.0,6900.0,0.37332962705933687,0.5,1,285345.0,azure_vm_real_slice
8492,1480200.0,900.0,0.15144828059458676,0.0625,0,1482270.0,azure_vm_real_slice
8493,358200.0,300.0,0.09185269916437395,0.125,0,358890.0,azure_vm_real_slice
8494,1483500.0,900.0,0.23432997928605573,0.125,0,1485570.0,azure_vm_real_slice
8495,1589700.0,600.0,0.055622779036627275,0.125,0,1591080.0,azure_vm_real_slice
8496,77400.0,2100.0,0.05,0.5,2,81180.0,azure_vm_real_slice
8497,1185000.0,12300.0,0.6669965074349236,0.125,1,1210215.0,azure_vm_real_slice
8498,1234200.0,600.0,0.43685556028759215,0.0625,1,1235430.0,azure_vm_real_slice
8499,794400.0,600.0,0.05,0.5,0,795780.0,azure_vm_real_slice
8500,277800.0,300.0,0.05589652971929257,0.125,0,278490.0,azure_vm_real_slice
8501,77700.0,4800.0,0.7481498947911966,0.125,1,87540.0,azure_vm_real_slice
8502,1929300.0,1500.0,0.09018658749043301,0.125,0,1932750.0,azure_vm_real_slice
8503,297300.0,300.0,0.14674538387541994,0.0625,0,297990.0,azure_vm_real_slice
8504,0.0,47400.0,0.401975133535202,0.0625,1,97169.99999999999,azure_vm_real_slice
8505,1291800.0,1800.0,0.05,0.5,2,1295040.0,azure_vm_real_slice
8506,318900.0,300.0,0.08664901046981748,0.0625,0,319590.0,azure_vm_real_slice
8507,381900.0,600.0,0.23256396536676163,0.125,0,383280.0,azure_vm_real_slice
8508,0.0,600.0,0.05,0.0625,0,1380.0,azure_vm_real_slice
8509,1701000.0,3600.0,0.5723878794886272,0.125,1,1708380.0,azure_vm_real_slice
8510,717000.0,600.0,0.3768297231360757,0.125,1,718230.0,azure_vm_real_slice
8511,0.0,13800.0,0.08420599950775577,0.125,0,31739.999999999996,azure_vm_real_slice
8512,1883400.0,300.0,0.1874698588785855,0.125,0,1884090.0,azure_vm_real_slice
8513,0.0,300.0,0.05,0.125,0,690.0,azure_vm_real_slice
8514,0.0,2591400.0,0.2405534203585533,0.125,0,5960220.0,azure_vm_real_slice
8515,1982100.0,10200.0,0.05,0.0625,0,2005560.0,azure_vm_real_slice
8516,731100.0,1800.0,0.19782036219982652,0.5,0,735240.0,azure_vm_real_slice
8517,610800.0,3000.0,0.05,1.0,2,616200.0,azure_vm_real_slice
8518,1072500.0,5400.0,0.05,0.125,0,1084920.0,azure_vm_real_slice
8519,726000.0,2400.0,0.05,0.5,0,731520.0,azure_vm_real_slice
8520,55200.0,300.0,0.05,0.125,0,55890.0,azure_vm_real_slice
8521,165300.0,1867800.0,0.05,0.05,0,4461240.0,azure_vm_real_slice
8522,576000.0,300.0,0.05,0.5,0,576690.0,azure_vm_real_slice
8523,457800.0,1200.0,0.0765749557758768,0.125,0,460560.0,azure_vm_real_slice
8524,0.0,50400.0,0.42651896898946845,0.125,1,103319.99999999999,azure_vm_real_slice
8525,369900.0,300.0,0.05,0.125,0,370590.0,azure_vm_real_slice
8526,0.0,300.0,0.11948704265433491,0.05,0,690.0,azure_vm_real_slice
8527,796200.0,300.0,0.450127336337872,0.0625,1,796815.0,azure_vm_real_slice
8528,636900.0,3900.0,0.37330080124543585,0.05,1,644895.0,azure_vm_real_slice
8529,1654500.0,1800.0,0.2991118622660815,0.5,0,1658640.0,azure_vm_real_slice
8530,0.0,300.0,0.05720233799335107,0.0625,0,690.0,azure_vm_real_slice
8531,1232100.0,900.0,0.173436753146961,0.05,0,1234170.0,azure_vm_real_slice
8532,1933500.0,4500.0,0.5141940131316869,0.125,1,1942725.0,azure_vm_real_slice
8533,1279200.0,300.0,0.05,0.5,0,1279890.0,azure_vm_real_slice
8534,95100.0,2100.0,0.6632218170819292,0.125,1,99405.0,azure_vm_real_slice
8535,657900.0,1500.0,0.10412601893807169,0.125,0,661350.0,azure_vm_real_slice
8536,0.0,2591400.0,0.1075014535347639,0.05,0,5960220.0,azure_vm_real_slice
8537,1750800.0,1500.0,0.05,0.125,0,1754250.0,azure_vm_real_slice
8538,1331700.0,1500.0,0.1361161897175607,0.0625,0,1335150.0,azure_vm_real_slice
8539,700500.0,600.0,0.23807021536690837,0.05,0,701880.0,azure_vm_real_slice
8540,588000.0,600.0,0.05,0.125,0,589380.0,azure_vm_real_slice
8541,174300.0,1800.0,0.05,0.5,0,178440.0,azure_vm_real_slice
8542,1246800.0,1800.0,0.29967284350035345,0.5,0,1250940.0,azure_vm_real_slice
8543,536100.0,900.0,0.3013174858780757,0.125,0,538170.0,azure_vm_real_slice
8544,380400.0,300.0,0.05,0.125,0,381090.0,azure_vm_real_slice
8545,522600.0,900.0,0.40708082046864097,0.125,1,524445.0,azure_vm_real_slice
8546,0.0,3000.0,0.19596430722451355,0.0625,0,6899.999999999999,azure_vm_real_slice
8547,0.0,300.0,0.05,0.5,2,540.0,azure_vm_real_slice
8548,0.0,608400.0,0.05,0.125,0,1399320.0,azure_vm_real_slice
8549,1388400.0,7800.0,0.09964176818510191,0.5,2,1402440.0,azure_vm_real_slice
8550,792600.0,111300.0,0.8011042742573491,0.5,2,992940.0,azure_vm_real_slice
8551,1913400.0,29100.0,0.06809990325353266,0.5,0,1980330.0,azure_vm_real_slice
8552,1765200.0,2100.0,0.05,0.5,0,1770030.0,azure_vm_real_slice
8553,0.0,300.0,0.05088702294892402,0.5,2,540.0,azure_vm_real_slice
8554,803700.0,300.0,0.05,0.0625,0,804390.0,azure_vm_real_slice
8555,1816800.0,2100.0,0.05,0.5,0,1821630.0,azure_vm_real_slice
8556,0.0,300.0,0.05,0.5,0,690.0,azure_vm_real_slice
8557,0.0,2591400.0,0.0654309146617367,0.0625,0,5960220.0,azure_vm_real_slice
8558,1462500.0,300.0,0.07978120826257419,0.05,0,1463190.0,azure_vm_real_slice
8559,0.0,154200.0,0.08948420459326183,0.0625,0,354660.0,azure_vm_real_slice
8560,84000.0,300.0,0.11099114935388286,0.125,0,84690.0,azure_vm_real_slice
8561,1986900.0,46200.0,0.05,0.125,0,2093160.0,azure_vm_real_slice
8562,390000.0,121500.0,0.5788104840024529,0.0625,1,639075.0,azure_vm_real_slice
8563,714000.0,5700.0,0.05,0.0625,0,727110.0,azure_vm_real_slice
8564,1683600.0,33000.0,0.39326149638935404,0.125,1,1751250.0,azure_vm_real_slice
8565,0.0,2400.0,0.05,0.5,0,5520.0,azure_vm_real_slice
8566,1155300.0,31800.0,0.45635879917662187,0.125,1,1220490.0,azure_vm_real_slice
8567,1826700.0,4200.0,0.05,0.125,0,1836360.0,azure_vm_real_slice
8568,381600.0,34200.0,0.32831321280808756,0.05,0,460260.0,azure_vm_real_slice
8569,0.0,990900.0,0.17615213902971036,0.125,0,2279070.0,azure_vm_real_slice
8570,1549800.0,2400.0,0.566714163710898,0.05,1,1554720.0,azure_vm_real_slice
8571,0.0,2591400.0,0.05,0.125,0,5960220.0,azure_vm_real_slice
8572,1776300.0,256800.0,0.07692276472910717,0.05,0,2366940.0,azure_vm_real_slice
8573,0.0,300.0,0.17711391265854043,0.5,0,690.0,azure_vm_real_slice
8574,249300.0,600.0,0.05,0.125,0,250680.0,azure_vm_real_slice
8575,1698300.0,1500.0,0.1490645596338298,0.0625,0,1701750.0,azure_vm_real_slice
8576,261600.0,600.0,0.05,0.5,0,262980.0,azure_vm_real_slice
8577,1611900.0,300.0,0.05,0.125,0,1612590.0,azure_vm_real_slice
8578,1188900.0,300.0,0.05,0.125,0,1189590.0,azure_vm_real_slice
8579,144000.0,1200.0,0.33802521985667106,0.0625,0,146760.0,azure_vm_real_slice
8580,133800.0,1800.0,0.1126584909922305,0.125,0,137940.0,azure_vm_real_slice
8581,715500.0,1800.0,0.05,0.0625,0,719640.0,azure_vm_real_slice
8582,1779000.0,7500.0,0.7712570573551412,0.5,2,1792500.0,azure_vm_real_slice
8583,1675800.0,300.0,0.05,0.125,0,1676490.0,azure_vm_real_slice
8584,1176600.0,3300.0,0.3757447316407052,0.125,1,1183365.0,azure_vm_real_slice
8585,834300.0,300.0,0.05,0.5,0,834990.0,azure_vm_real_slice
8586,600300.0,300.0,0.05,0.05,0,600990.0,azure_vm_real_slice
8587,1799400.0,138000.0,0.05,0.125,0,2116800.0,azure_vm_real_slice
8588,396600.0,8100.0,0.4311131924925474,0.125,1,413205.0,azure_vm_real_slice
8589,0.0,2591400.0,0.47824250296211424,0.125,1,5312370.0,azure_vm_real_slice
8590,316500.0,10800.0,0.07309776047852146,0.125,0,341340.0,azure_vm_real_slice
8591,0.0,300.0,0.07202032220351537,0.125,0,690.0,azure_vm_real_slice
8592,0.0,1800.0,0.3094213794995106,0.125,0,4140.0,azure_vm_real_slice
8593,1981200.0,10500.0,0.05,0.0625,0,2005350.0,azure_vm_real_slice
8594,1281300.0,1800.0,0.12768466323659677,0.125,0,1285440.0,azure_vm_real_slice
8595,0.0,9900.0,0.2551105053396501,0.125,0,22770.0,azure_vm_real_slice
8596,299400.0,900.0,0.11655492120410445,0.125,0,301470.0,azure_vm_real_slice
8597,1423800.0,2400.0,0.4413694671562537,0.125,1,1428720.0,azure_vm_real_slice
8598,1540200.0,900.0,0.0807723984639534,0.5,0,1542270.0,azure_vm_real_slice
8599,1723500.0,6000.0,0.6137189651550702,0.0625,1,1735800.0,azure_vm_real_slice
8600,304500.0,20400.0,0.33603581045132436,0.05,0,351420.0,azure_vm_real_slice
8601,273300.0,67800.0,0.46351809773297764,0.05,1,412290.0,azure_vm_real_slice
8602,0.0,300.0,0.0813121850995444,0.125,0,690.0,azure_vm_real_slice
8603,0.0,300.0,0.056903644111833754,0.125,0,690.0,azure_vm_real_slice
8604,163800.0,300.0,0.05,0.5,0,164490.0,azure_vm_real_slice
8605,69300.0,600.0,0.05,0.125,0,70680.0,azure_vm_real_slice
8606,1321800.0,1200.0,0.05,0.5,0,1324560.0,azure_vm_real_slice
8607,537300.0,147600.0,0.15329673950522424,0.5,0,876780.0,azure_vm_real_slice
8608,555900.0,600.0,0.05,0.5,0,557280.0,azure_vm_real_slice
8609,1316100.0,2400.0,0.05,0.5,0,1321620.0,azure_vm_real_slice
8610,1756800.0,1800.0,0.05,0.5,0,1760940.0,azure_vm_real_slice
8611,0.0,900.0,0.26147922952152547,0.05,0,2070.0,azure_vm_real_slice
8612,442500.0,5400.0,0.06156069902106183,0.0625,0,454920.0,azure_vm_real_slice
8613,249300.0,600.0,0.10782275653405868,0.125,0,250680.0,azure_vm_real_slice
8614,830100.0,6900.0,0.10373423372165295,0.05,0,845970.0,azure_vm_real_slice
8615,570300.0,2700.0,0.18317588882588864,0.0625,0,576510.0,azure_vm_real_slice
8616,1899300.0,3300.0,0.6064160087391411,0.5,1,1906065.0,azure_vm_real_slice
8617,0.0,3600.0,0.05712573928810248,0.125,0,8280.0,azure_vm_real_slice
8618,0.0,300.0,0.05,0.5,0,690.0,azure_vm_real_slice
8619,0.0,17100.0,0.05,0.125,0,39330.0,azure_vm_real_slice
8620,551400.0,31200.0,0.3877811574767767,0.125,1,615360.0,azure_vm_real_slice
8621,0.0,2100.0,0.05,0.5,0,4830.0,azure_vm_real_slice
8622,1239600.0,900.0,0.05,0.5,2,1241220.0,azure_vm_real_slice
8623,643800.0,5700.0,0.07551714374685081,0.125,0,656910.0,azure_vm_real_slice
8624,1369500.0,300.0,0.15820622772240206,0.05,0,1370190.0,azure_vm_real_slice
8625,1600500.0,2400.0,0.3078712080073493,0.0625,0,1606020.0,azure_vm_real_slice
8626,0.0,2400.0,0.23540918471805225,0.5,0,5520.0,azure_vm_real_slice
8627,390000.0,1800.0,0.17904856446047357,0.0625,0,394140.0,azure_vm_real_slice
8628,1192200.0,900.0,0.09445097985970975,0.125,0,1194270.0,azure_vm_real_slice
8629,0.0,2400.0,0.05,0.5,0,5520.0,azure_vm_real_slice
8630,0.0,4200.0,0.4958830931387866,0.125,1,8610.0,azure_vm_real_slice
8631,1254300.0,1800.0,0.05849624284659988,0.125,0,1258440.0,azure_vm_real_slice
8632,1608600.0,300.0,0.05,0.125,0,1609290.0,azure_vm_real_slice
8633,290700.0,5100.0,0.33612399261744613,0.125,0,302430.0,azure_vm_real_slice
8634,1378500.0,1500.0,0.05,0.0625,0,1381950.0,azure_vm_real_slice
8635,571800.0,1500.0,0.16670156462049174,0.125,0,575250.0,azure_vm_real_slice
8636,1496400.0,27300.0,0.2992599601036173,0.125,0,1559190.0,azure_vm_real_slice
8637,0.0,2591400.0,0.19551201219515968,0.125,0,5960220.0,azure_vm_real_slice
8638,1759500.0,2100.0,0.05,0.5,0,1764330.0,azure_vm_real_slice
8639,0.0,2591400.0,0.052832500359928675,0.0625,0,5960220.0,azure_vm_real_slice
8640,1012800.0,600.0,0.15836979680504792,0.125,0,1014180.0,azure_vm_real_slice
8641,0.0,300.0,0.05,0.125,0,690.0,azure_vm_real_slice
8642,0.0,1500.0,0.05,0.5,0,3449.9999999999995,azure_vm_real_slice
8643,840900.0,239100.0,0.16417349745561263,0.125,0,1390830.0,azure_vm_real_slice
8644,0.0,2591400.0,0.05,0.05,0,5960220.0,azure_vm_real_slice
8645,0.0,1500.0,0.20554725360457549,0.5,0,3449.9999999999995,azure_vm_real_slice
8646,0.0,300.0,0.05,0.0625,0,690.0,azure_vm_real_slice
8647,0.0,2591400.0,0.05,0.5,0,5960220.0,azure_vm_real_slice
8648,0.0,600.0,0.2962197138636252,0.125,0,1380.0,azure_vm_real_slice
8649,0.0,300.0,0.05,0.125,0,690.0,azure_vm_real_slice
8650,1099200.0,54900.0,0.15961913516812876,0.0625,0,1225470.0,azure_vm_real_slice
8651,523500.0,59100.0,0.1282432778341425,0.125,0,659430.0,azure_vm_real_slice
8652,902400.0,217800.0,0.05,0.5,0,1403340.0,azure_vm_real_slice
8653,0.0,148500.0,0.43864595670481704,0.05,1,304425.0,azure_vm_real_slice
8654,0.0,300.0,0.05,0.125,0,690.0,azure_vm_real_slice
8655,1906800.0,300.0,0.05,0.125,0,1907490.0,azure_vm_real_slice
8656,1476600.0,6300.0,0.06755693323889671,0.125,0,1491090.0,azure_vm_real_slice
8657,182100.0,3300.0,0.05910495513745197,0.5,2,188040.0,azure_vm_real_slice
8658,0.0,600.0,0.22571681244921735,0.125,0,1380.0,azure_vm_real_slice
8659,0.0,4500.0,0.21767249404612754,0.5,0,10350.0,azure_vm_real_slice
8660,1485900.0,4800.0,0.09918522393244578,0.0625,0,1496940.0,azure_vm_real_slice
8661,954300.0,600.0,0.1441957921041638,0.125,0,955680.0,azure_vm_real_slice
8662,1493400.0,6000.0,0.6614129018912055,0.125,1,1505700.0,azure_vm_real_slice
8663,519900.0,3300.0,0.05,0.5,0,527490.0,azure_vm_real_slice
8664,782400.0,7200.0,0.7347367159650579,0.5,1,797160.0,azure_vm_real_slice
8665,0.0,2591400.0,0.05,0.125,0,5960220.0,azure_vm_real_slice
8666,465000.0,1800.0,0.05,1.0,2,468240.0,azure_vm_real_slice
8667,0.0,300.0,0.05,0.5,0,690.0,azure_vm_real_slice
8668,0.0,125400.0,0.352795819789389,0.125,1,257069.99999999997,azure_vm_real_slice
8669,0.0,2591400.0,0.05,0.05,0,5960220.0,azure_vm_real_slice
8670,0.0,26100.0,0.32693620340205115,0.125,0,60029.99999999999,azure_vm_real_slice
8671,1285800.0,300.0,0.05,0.0625,0,1286490.0,azure_vm_real_slice
8672,213000.0,2700.0,0.05,0.0625,0,219210.0,azure_vm_real_slice
8673,0.0,2591400.0,0.05,0.5,0,5960220.0,azure_vm_real_slice
8674,1988700.0,300.0,0.05,0.5,0,1989390.0,azure_vm_real_slice
8675,343500.0,300.0,0.05,0.5,0,344190.0,azure_vm_real_slice
8676,561600.0,300.0,0.05,0.5,0,562290.0,azure_vm_real_slice
8677,526200.0,31500.0,0.10886870611161846,0.05,0,598650.0,azure_vm_real_slice
8678,1671900.0,361200.0,0.08408888320167823,0.0625,0,2502660.0,azure_vm_real_slice
8679,92400.0,600.0,0.15303588137502244,0.125,0,93780.0,azure_vm_real_slice
8680,1333500.0,900.0,0.05,0.5,0,1335570.0,azure_vm_real_slice
8681,1381200.0,2100.0,0.7318335696510211,0.5,1,1385505.0,azure_vm_real_slice
8682,0.0,1800.0,0.05,0.5,0,4140.0,azure_vm_real_slice
8683,719400.0,38700.0,0.3541517690008645,0.125,1,798735.0,azure_vm_real_slice
8684,1046700.0,54900.0,0.1805035844578949,0.5,2,1145520.0,azure_vm_real_slice
8685,1676700.0,29400.0,0.17066974212461083,0.05,0,1744320.0,azure_vm_real_slice
8686,331500.0,2100.0,0.7664399525483251,0.0625,2,335280.0,azure_vm_real_slice
8687,1304700.0,600.0,0.05,0.5,0,1306080.0,azure_vm_real_slice
8688,0.0,88200.0,0.15643941000324413,0.125,0,202859.99999999997,azure_vm_real_slice
8689,1802400.0,600.0,0.07332977044930952,0.5,2,1803480.0,azure_vm_real_slice
8690,739800.0,2400.0,0.3605448019380528,0.05,1,744720.0,azure_vm_real_slice
8691,459900.0,36000.0,0.19161159043058063,0.0625,0,542700.0,azure_vm_real_slice
8692,384300.0,3300.0,0.7053236009945044,0.5,1,391065.0,azure_vm_real_slice
8693,765000.0,87300.0,0.05,0.125,0,965790.0,azure_vm_real_slice
8694,1684200.0,900.0,0.05,0.125,0,1686270.0,azure_vm_real_slice
8695,0.0,2591400.0,0.30499164230782755,0.5,2,4664520.0,azure_vm_real_slice
8696,854700.0,1200.0,0.31277901689796117,0.0625,0,857460.0,azure_vm_real_slice
8697,0.0,300.0,0.17628156440640258,0.05,0,690.0,azure_vm_real_slice
8698,1387200.0,1500.0,0.09191911197293649,0.5,0,1390650.0,azure_vm_real_slice
8699,1095000.0,300.0,0.12680583687189392,0.0625,0,1095690.0,azure_vm_real_slice
8700,0.0,2591400.0,0.05,0.125,0,5960220.0,azure_vm_real_slice
8701,1249800.0,300.0,0.05,0.5,0,1250490.0,azure_vm_real_slice
8702,0.0,300.0,0.05,0.125,0,690.0,azure_vm_real_slice
8703,65100.0,5700.0,0.07930974473722219,0.05,0,78210.0,azure_vm_real_slice
8704,491400.0,1200.0,0.05,1.0,2,493560.0,azure_vm_real_slice
8705,1763100.0,2100.0,0.05,0.5,0,1767930.0,azure_vm_real_slice
8706,0.0,1800.0,0.115863867149135,0.125,0,4140.0,azure_vm_real_slice
8707,0.0,900.0,0.26877747276135194,0.125,0,2070.0,azure_vm_real_slice
8708,1996800.0,1200.0,0.11477319610969797,0.05,0,1999560.0,azure_vm_real_slice
8709,0.0,900.0,0.2894497826588758,0.5,0,2070.0,azure_vm_real_slice
8710,1257900.0,600.0,0.05,0.5,0,1259280.0,azure_vm_real_slice
8711,986400.0,17400.0,0.7944483127786097,0.5,2,1017720.0,azure_vm_real_slice
8712,447300.0,1500.0,0.18050697729973242,0.5,0,450750.0,azure_vm_real_slice
8713,1355700.0,900.0,0.26502732582282695,0.05,0,1357770.0,azure_vm_real_slice
8714,0.0,900.0,0.05547846538557472,0.125,0,2070.0,azure_vm_real_slice
8715,0.0,300.0,0.12003730837029844,0.125,0,690.0,azure_vm_real_slice
8716,0.0,2591400.0,0.11047813223285288,0.05,0,5960220.0,azure_vm_real_slice
8717,880200.0,38700.0,0.05,0.125,0,969210.0,azure_vm_real_slice
8718,160200.0,186000.0,0.05,0.0625,0,588000.0,azure_vm_real_slice
8719,629700.0,1800.0,0.3086828815331295,0.125,0,633840.0,azure_vm_real_slice
8720,1416300.0,600.0,0.05,0.5,0,1417680.0,azure_vm_real_slice
8721,1540800.0,2100.0,0.37106950454857085,0.05,1,1545105.0,azure_vm_real_slice
8722,1320600.0,300.0,0.05,0.125,0,1321290.0,azure_vm_real_slice
8723,254400.0,600.0,0.05,0.5,0,255780.0,azure_vm_real_slice
8724,1788000.0,900.0,0.05,1.0,2,1789620.0,azure_vm_real_slice
8725,1278600.0,140400.0,0.05,0.5,0,1601520.0,azure_vm_real_slice
8726,1781700.0,2100.0,0.05,0.5,0,1786530.0,azure_vm_real_slice
8727,518400.0,4800.0,0.27938792582568267,0.5,0,529440.0,azure_vm_real_slice
8728,1252800.0,3000.0,0.11058150185791853,0.5,0,1259700.0,azure_vm_real_slice
8729,1891200.0,28200.0,0.1912108415829424,0.5,2,1941960.0,azure_vm_real_slice
8730,447000.0,600.0,0.08621996711541097,0.5,2,448080.0,azure_vm_real_slice
8731,0.0,4200.0,0.2155399696981663,0.05,0,9660.0,azure_vm_real_slice
8732,0.0,1200.0,0.05,0.0625,0,2760.0,azure_vm_real_slice
8733,1128600.0,2700.0,0.05,0.0625,0,1134810.0,azure_vm_real_slice
8734,1575600.0,900.0,0.05,0.5,2,1577220.0,azure_vm_real_slice
8735,0.0,300.0,0.05,0.125,0,690.0,azure_vm_real_slice
8736,306600.0,2100.0,0.05,0.5,0,311430.0,azure_vm_real_slice
8737,956100.0,69900.0,0.1140732124645768,0.5,0,1116870.0,azure_vm_real_slice
8738,249900.0,600.0,0.05,0.5,0,251280.0,azure_vm_real_slice
8739,0.0,600.0,0.05,0.0625,0,1380.0,azure_vm_real_slice
8740,0.0,2591400.0,0.0878477789000628,0.05,0,5960220.0,azure_vm_real_slice
8741,184800.0,60300.0,0.3964191220465272,0.125,1,308415.0,azure_vm_real_slice
8742,507600.0,2400.0,0.18755297833742332,0.5,2,511920.0,azure_vm_real_slice
8743,1329900.0,6300.0,0.0677718643871972,0.125,0,1344390.0,azure_vm_real_slice
8744,1398300.0,3000.0,0.5350250932689778,0.5,1,1404450.0,azure_vm_real_slice
8745,1629900.0,2400.0,0.20530986547645697,0.05,0,1635420.0,azure_vm_real_slice
8746,151500.0,3900.0,0.6413884576930653,0.05,1,159495.0,azure_vm_real_slice
8747,88200.0,1200.0,0.05,0.5,0,90960.0,azure_vm_real_slice
8748,0.0,1800.0,0.13591722049023894,0.125,0,4140.0,azure_vm_real_slice
8749,669300.0,2100.0,0.05,0.5,0,674130.0,azure_vm_real_slice
8750,883200.0,45300.0,0.4214430484822797,0.05,1,976065.0,azure_vm_real_slice
8751,1327800.0,6300.0,0.05693104381596956,0.125,0,1342290.0,azure_vm_real_slice
8752,789000.0,600.0,0.05,0.5,0,790380.0,azure_vm_real_slice
8753,566100.0,600.0,0.05,0.125,0,567480.0,azure_vm_real_slice
8754,1848900.0,1800.0,0.34598471910994955,0.0625,0,1853040.0,azure_vm_real_slice
8755,44400.0,11100.0,0.05,0.125,0,69930.0,azure_vm_real_slice
8756,929700.0,190500.0,0.05,0.5,0,1367850.0,azure_vm_real_slice
8757,1941000.0,2400.0,0.11187108412743392,0.0625,0,1946520.0,azure_vm_real_slice
8758,835800.0,900.0,0.11347666771194163,0.125,0,837870.0,azure_vm_real_slice
8759,0.0,7200.0,0.05,0.125,0,16560.0,azure_vm_real_slice
8760,1825800.0,1800.0,0.0883046239067816,0.125,0,1829940.0,azure_vm_real_slice
8761,1725000.0,1800.0,0.05,0.5,0,1729140.0,azure_vm_real_slice
8762,380100.0,600.0,0.05,0.5,0,381480.0,azure_vm_real_slice
8763,1759800.0,300.0,0.05,0.125,0,1760490.0,azure_vm_real_slice
8764,701100.0,2100.0,0.05,0.5,0,705930.0,azure_vm_real_slice
8765,168900.0,900.0,0.05,1.0,2,170520.0,azure_vm_real_slice
8766,0.0,2591400.0,0.05,0.125,0,5960220.0,azure_vm_real_slice
8767,1535700.0,900.0,0.051162063637898415,1.0,2,1537320.0,azure_vm_real_slice
8768,328200.0,22500.0,0.195609112530162,0.125,0,379950.0,azure_vm_real_slice
8769,372300.0,2400.0,0.6683369661390303,0.125,1,377220.0,azure_vm_real_slice
8770,1261500.0,19500.0,0.3535340871193584,0.0625,1,1301475.0,azure_vm_real_slice
8771,0.0,3600.0,0.05,0.5,2,6479.999999999999,azure_vm_real_slice
8772,0.0,393300.0,0.06219285492884651,0.05,0,904589.9999999999,azure_vm_real_slice
8773,78300.0,6300.0,0.05,0.5,0,92790.0,azure_vm_real_slice
8774,0.0,664500.0,0.08020780516542735,0.05,0,1528349.9999999998,azure_vm_real_slice
8775,1455900.0,87000.0,0.05,0.5,2,1612500.0,azure_vm_real_slice
8776,1256400.0,900.0,0.6803663447221727,0.125,1,1258245.0,azure_vm_real_slice
8777,1858200.0,4800.0,0.3369109398343603,0.125,0,1869240.0,azure_vm_real_slice
8778,0.0,2700.0,0.05,0.5,0,6209.999999999999,azure_vm_real_slice
8779,1463400.0,1500.0,0.05,0.5,0,1466850.0,azure_vm_real_slice
8780,0.0,600.0,0.06740734731031883,0.05,0,1380.0,azure_vm_real_slice
8781,861600.0,1500.0,0.07603558786097632,0.125,0,865050.0,azure_vm_real_slice
8782,0.0,29100.0,0.3528119427419085,0.125,1,59654.99999999999,azure_vm_real_slice
8783,588600.0,7200.0,0.27089290767961594,0.05,0,605160.0,azure_vm_real_slice
8784,0.0,600.0,0.14111325474031663,0.125,0,1380.0,azure_vm_real_slice
8785,80700.0,26400.0,0.3219960144397989,0.125,0,141420.0,azure_vm_real_slice
8786,1661400.0,2100.0,0.05,0.5,0,1666230.0,azure_vm_real_slice
8787,2005800.0,3300.0,0.17368241393053027,0.05,0,2013390.0,azure_vm_real_slice
8788,1023300.0,92700.0,0.05,1.0,2,1190160.0,azure_vm_real_slice
8789,504300.0,1800.0,0.7693547695680236,0.5,2,507540.0,azure_vm_real_slice
8790,0.0,1200.0,0.27371860335704384,0.5,0,2760.0,azure_vm_real_slice
8791,0.0,300.0,0.05,0.5,2,540.0,azure_vm_real_slice
8792,1784700.0,4800.0,0.05,0.5,2,1793340.0,azure_vm_real_slice
8793,1724100.0,1500.0,0.05,0.5,0,1727550.0,azure_vm_real_slice
8794,868500.0,600.0,0.05,0.5,0,869880.0,azure_vm_real_slice
8795,0.0,2591400.0,0.08732095730551848,0.05,0,5960220.0,azure_vm_real_slice
8796,836100.0,900.0,0.05,1.0,2,837720.0,azure_vm_real_slice
8797,1049400.0,42000.0,0.1462148744090864,0.5,0,1146000.0,azure_vm_real_slice
8798,1727100.0,300.0,0.05,0.0625,0,1727790.0,azure_vm_real_slice
8799,0.0,2591400.0,0.05,0.0625,0,5960220.0,azure_vm_real_slice
8800,0.0,300.0,0.12718373817162146,0.0625,0,690.0,azure_vm_real_slice
8801,0.0,5700.0,0.05,0.5,2,10259.999999999998,azure_vm_real_slice
8802,1799400.0,21900.0,0.05,0.5,2,1838820.0,azure_vm_real_slice
8803,118500.0,2700.0,0.35310386333251875,0.125,1,124035.0,azure_vm_real_slice
8804,1638900.0,15300.0,0.05,0.125,0,1674090.0,azure_vm_real_slice
8805,204000.0,900.0,0.05,0.0625,0,206070.0,azure_vm_real_slice
8806,1726800.0,9900.0,0.4615456364130273,0.125,1,1747095.0,azure_vm_real_slice
8807,1875000.0,1200.0,0.05,1.0,2,1877160.0,azure_vm_real_slice
8808,0.0,3300.0,0.502021954003365,0.125,1,6764.999999999999,azure_vm_real_slice
8809,1008600.0,600.0,0.26002550568229055,0.125,0,1009980.0,azure_vm_real_slice
8810,0.0,2591400.0,0.1662932742793355,0.05,0,5960220.0,azure_vm_real_slice
8811,1488300.0,600.0,0.057813764220295126,0.125,0,1489680.0,azure_vm_real_slice
8812,1841700.0,18300.0,0.44805457451774094,0.0625,1,1879215.0,azure_vm_real_slice
8813,9600.0,3600.0,0.05,0.5,2,16080.0,azure_vm_real_slice
8814,877200.0,142800.0,0.05,0.125,0,1205640.0,azure_vm_real_slice
8815,1111800.0,147900.0,0.31785266121568917,0.125,0,1451970.0,azure_vm_real_slice
8816,1020000.0,600.0,0.08621174821744924,0.5,0,1021380.0,azure_vm_real_slice
8817,828000.0,176400.0,0.05,0.5,0,1233720.0,azure_vm_real_slice
8818,48900.0,3000.0,0.5373017504418424,0.05,1,55050.0,azure_vm_real_slice
8819,1655400.0,300.0,0.05,0.5,0,1656090.0,azure_vm_real_slice
8820,1557000.0,900.0,0.3122883912295332,0.05,0,1559070.0,azure_vm_real_slice
8821,1424400.0,19800.0,0.7997438701937571,0.5,2,1460040.0,azure_vm_real_slice
8822,0.0,300.0,0.3066246648610527,0.125,0,690.0,azure_vm_real_slice
8823,923700.0,300.0,0.05,0.125,0,924390.0,azure_vm_real_slice
8824,1085100.0,300.0,0.09028757022297498,0.125,0,1085790.0,azure_vm_real_slice
8825,1844700.0,900.0,0.05,0.5,0,1846770.0,azure_vm_real_slice
8826,254400.0,10200.0,0.22431140375785133,0.125,0,277860.0,azure_vm_real_slice
8827,989700.0,300.0,0.05,0.05,0,990390.0,azure_vm_real_slice
8828,0.0,300.0,0.10779554275157509,0.0625,0,690.0,azure_vm_real_slice
8829,6300.0,144600.0,0.07740271405847021,0.125,0,338880.0,azure_vm_real_slice
8830,0.0,1800.0,0.19275000010470275,0.5,2,3239.9999999999995,azure_vm_real_slice
8831,285300.0,1500.0,0.20833677627910208,0.125,0,288750.0,azure_vm_real_slice
8832,1979700.0,1500.0,0.16542860850995594,0.125,0,1983150.0,azure_vm_real_slice
8833,1712100.0,2700.0,0.05,0.5,0,1718310.0,azure_vm_real_slice
8834,671700.0,4500.0,0.05,0.0625,0,682050.0,azure_vm_real_slice
8835,963300.0,6000.0,0.7378870872340058,0.5,1,975600.0,azure_vm_real_slice
8836,1232400.0,1500.0,0.05,0.5,0,1235850.0,azure_vm_real_slice
8837,0.0,600.0,0.11087626851231197,0.125,0,1380.0,azure_vm_real_slice
8838,0.0,2591400.0,0.2726767766852393,0.0625,0,5960220.0,azure_vm_real_slice
8839,901200.0,21600.0,0.07129778309978722,0.125,0,950880.0,azure_vm_real_slice
8840,1927500.0,2700.0,0.41801744658340356,0.125,1,1933035.0,azure_vm_real_slice
8841,0.0,2591400.0,0.14117527454238393,0.05,0,5960220.0,azure_vm_real_slice
8842,1622100.0,600.0,0.4113865765068082,0.0625,1,1623330.0,azure_vm_real_slice
8843,987000.0,6600.0,0.8025657877235662,0.5,2,998880.0,azure_vm_real_slice
8844,275400.0,2100.0,0.5289431347199661,0.05,1,279705.0,azure_vm_real_slice
8845,0.0,300.0,0.05,0.125,0,690.0,azure_vm_real_slice
8846,1575000.0,98100.0,0.07479395607742831,0.05,0,1800630.0,azure_vm_real_slice
8847,1587000.0,7200.0,0.05,0.125,0,1603560.0,azure_vm_real_slice
8848,1770300.0,2100.0,0.05,0.5,0,1775130.0,azure_vm_real_slice
8849,1983300.0,18900.0,0.05719022842614829,0.5,2,2017320.0,azure_vm_real_slice
8850,0.0,300.0,0.05,0.5,2,540.0,azure_vm_real_slice
8851,0.0,666000.0,0.05,0.5,0,1531799.9999999998,azure_vm_real_slice
8852,0.0,1800.0,0.05,0.5,0,4140.0,azure_vm_real_slice
8853,1485300.0,2400.0,0.5754928755838609,0.05,1,1490220.0,azure_vm_real_slice
8854,722700.0,292500.0,0.0617064532002199,0.125,0,1395450.0,azure_vm_real_slice
8855,1492200.0,2100.0,0.05,0.5,0,1497030.0,azure_vm_real_slice
8856,1558800.0,1800.0,0.4994385146835009,0.05,1,1562490.0,azure_vm_real_slice
8857,413100.0,1200.0,0.11018256161331076,0.5,2,415260.0,azure_vm_real_slice
8858,1852800.0,29100.0,0.2836812465124314,0.5,0,1919730.0,azure_vm_real_slice
8859,0.0,366000.0,0.05,1.0,2,658799.9999999999,azure_vm_real_slice
8860,1656000.0,6600.0,0.05,0.0625,0,1671180.0,azure_vm_real_slice
8861,457200.0,900.0,0.05,0.5,2,458820.0,azure_vm_real_slice
8862,1000800.0,300.0,0.05,0.5,0,1001490.0,azure_vm_real_slice
8863,48600.0,1984500.0,0.05,0.125,0,4612950.0,azure_vm_real_slice
8864,0.0,300.0,0.19711629712539633,0.0625,0,690.0,azure_vm_real_slice
8865,0.0,600.0,0.1863411559730419,0.125,0,1380.0,azure_vm_real_slice
8866,0.0,600.0,0.05,0.5,0,1380.0,azure_vm_real_slice
8867,107400.0,2700.0,0.05,0.05,0,113610.0,azure_vm_real_slice
8868,0.0,600.0,0.07194284052038308,0.5,0,1380.0,azure_vm_real_slice
8869,1740000.0,600.0,0.05,0.125,0,1741380.0,azure_vm_real_slice
8870,634800.0,600.0,0.05,0.125,0,636180.0,azure_vm_real_slice
8871,472500.0,27600.0,0.3532408951264769,0.125,1,529080.0,azure_vm_real_slice
8872,562200.0,600.0,0.20609198700802595,0.05,0,563580.0,azure_vm_real_slice
8873,0.0,2591400.0,0.05,0.0625,0,5960220.0,azure_vm_real_slice
8874,0.0,20700.0,0.32378107564133096,0.05,0,47609.99999999999,azure_vm_real_slice
8875,1287600.0,600.0,0.05,0.0625,0,1288980.0,azure_vm_real_slice
8876,1617000.0,300.0,0.05,0.125,0,1617690.0,azure_vm_real_slice
8877,1668600.0,300.0,0.05,0.0625,0,1669290.0,azure_vm_real_slice
8878,895800.0,300.0,0.2017180764589791,0.5,0,896490.0,azure_vm_real_slice
8879,0.0,2591400.0,0.05,0.05,0,5960220.0,azure_vm_real_slice
8880,1782300.0,2100.0,0.05,0.5,0,1787130.0,azure_vm_real_slice
8881,1594500.0,438600.0,0.05,0.125,0,2603280.0,azure_vm_real_slice
8882,1142700.0,890400.0,0.05,0.05,0,3190620.0,azure_vm_real_slice
8883,0.0,2400.0,0.05,0.5,2,4320.0,azure_vm_real_slice
8884,0.0,1500.0,0.05,0.125,0,3449.9999999999995,azure_vm_real_slice
8885,26400.0,300.0,0.05,0.5,0,27090.0,azure_vm_real_slice
8886,0.0,600.0,0.15160455491753952,0.125,0,1380.0,azure_vm_real_slice
8887,207300.0,305700.0,0.16982891471925868,0.0625,0,910410.0,azure_vm_real_slice
8888,0.0,300.0,0.18648677803357455,0.05,0,690.0,azure_vm_real_slice
8889,1015800.0,7200.0,0.5714338338385642,0.125,1,1030560.0,azure_vm_real_slice
8890,0.0,300.0,0.08747830605520036,0.125,0,690.0,azure_vm_real_slice
8891,843600.0,1500.0,0.09725629046270998,0.125,0,847050.0,azure_vm_real_slice
8892,1172400.0,300.0,0.11481448133598474,0.125,0,1173090.0,azure_vm_real_slice
8893,1752900.0,900.0,0.05,0.125,0,1754970.0,azure_vm_real_slice
8894,1255800.0,300.0,0.05,0.0625,0,1256490.0,azure_vm_real_slice
8895,0.0,2591400.0,0.1140228083336973,0.05,0,5960220.0,azure_vm_real_slice
8896,1771500.0,2700.0,0.05,0.125,0,1777710.0,azure_vm_real_slice
8897,0.0,2591400.0,0.05,0.125,0,5960220.0,azure_vm_real_slice
8898,0.0,2591400.0,0.13430255107341757,0.05,0,5960220.0,azure_vm_real_slice
8899,1585200.0,300.0,0.20043974884986626,0.125,0,1585890.0,azure_vm_real_slice
8900,1956000.0,600.0,0.1431515270339689,0.125,0,1957380.0,azure_vm_real_slice
8901,0.0,900.0,0.1626698911630705,0.5,0,2070.0,azure_vm_real_slice
8902,1696800.0,600.0,0.10822692359126625,0.125,0,1698180.0,azure_vm_real_slice
8903,1627200.0,900.0,0.22394335939614174,0.125,0,1629270.0,azure_vm_real_slice
8904,1220400.0,300.0,0.1279429040279824,0.125,0,1221090.0,azure_vm_real_slice
8905,1376100.0,600.0,0.05,0.125,0,1377480.0,azure_vm_real_slice
8906,1700400.0,900.0,0.05,0.0625,0,1702470.0,azure_vm_real_slice
8907,1065600.0,15300.0,0.07607346307522932,0.05,0,1100790.0,azure_vm_real_slice
8908,1383900.0,300.0,0.05,0.5,2,1384440.0,azure_vm_real_slice
8909,1383600.0,600.0,0.05,0.05,0,1384980.0,azure_vm_real_slice
8910,1266900.0,2100.0,0.05,0.5,0,1271730.0,azure_vm_real_slice
8911,0.0,2591400.0,0.5546321892461946,0.125,1,5312370.0,azure_vm_real_slice
8912,414300.0,900.0,0.07305376372183173,0.5,0,416370.0,azure_vm_real_slice
8913,315300.0,600.0,0.22422517985421764,0.125,0,316680.0,azure_vm_real_slice
8914,951900.0,300.0,0.05,0.5,0,952590.0,azure_vm_real_slice
8915,194100.0,300.0,0.15052385567736098,0.0625,0,194790.0,azure_vm_real_slice
8916,1759200.0,300.0,0.05,0.5,0,1759890.0,azure_vm_real_slice
8917,0.0,25500.0,0.32108744183247007,0.05,0,58649.99999999999,azure_vm_real_slice
8918,326700.0,3000.0,0.08177795133168841,0.5,2,332100.0,azure_vm_real_slice
8919,450300.0,600.0,0.5357899355952821,0.5,2,451380.0,azure_vm_real_slice
8920,645900.0,266100.0,0.05,0.0625,0,1257930.0,azure_vm_real_slice
8921,0.0,300.0,0.28439612174393153,0.5,0,690.0,azure_vm_real_slice
8922,1588800.0,12600.0,0.7605675309480481,0.5,2,1611480.0,azure_vm_real_slice
8923,0.0,3600.0,0.06259782971331675,0.125,0,8280.0,azure_vm_real_slice
8924,510000.0,900.0,0.19577948171202508,0.125,0,512070.0,azure_vm_real_slice
8925,0.0,26400.0,0.0758795513279831,0.125,0,60719.99999999999,azure_vm_real_slice
8926,950700.0,2400.0,0.5356505146828383,0.125,1,955620.0,azure_vm_real_slice
8927,1473300.0,600.0,0.05,0.125,0,1474680.0,azure_vm_real_slice
8928,1509000.0,300.0,0.3084263388680073,0.125,0,1509690.0,azure_vm_real_slice
8929,351300.0,962400.0,0.05,0.5,0,2564820.0,azure_vm_real_slice
8930,443400.0,3000.0,0.25846304594132197,0.5,0,450300.0,azure_vm_real_slice
8931,688500.0,600.0,0.05,0.125,0,689880.0,azure_vm_real_slice
8932,992400.0,600.0,0.05,0.5,0,993780.0,azure_vm_real_slice
8933,1164300.0,1200.0,0.1875295900711607,0.125,0,1167060.0,azure_vm_real_slice
8934,208800.0,2100.0,0.05,0.5,0,213630.0,azure_vm_real_slice
8935,336300.0,600.0,0.0972341485489248,0.125,0,337680.0,azure_vm_real_slice
8936,1542600.0,2400.0,0.28390745234771064,0.125,0,1548120.0,azure_vm_real_slice
8937,841200.0,600.0,0.05,0.5,0,842580.0,azure_vm_real_slice
8938,1686300.0,300.0,0.05,0.5,0,1686990.0,azure_vm_real_slice
8939,588900.0,7200.0,0.25432026094160637,0.05,0,605460.0,azure_vm_real_slice
8940,2025900.0,1800.0,0.05,0.5,0,2030040.0,azure_vm_real_slice
8941,1583100.0,39600.0,0.359867714949231,0.125,1,1664280.0,azure_vm_real_slice
8942,1984500.0,300.0,0.19811160316220136,0.05,0,1985190.0,azure_vm_real_slice
8943,0.0,426000.0,0.05,0.0625,0,979799.9999999999,azure_vm_real_slice
8944,837600.0,600.0,0.05,0.125,0,838980.0,azure_vm_real_slice
8945,0.0,600.0,0.05,0.125,0,1380.0,azure_vm_real_slice
8946,1548000.0,900.0,0.22280255046621725,0.5,0,1550070.0,azure_vm_real_slice
8947,1822200.0,51600.0,0.7727470568149911,0.5,2,1915080.0,azure_vm_real_slice
8948,0.0,8100.0,0.055222382605550714,0.125,0,18630.0,azure_vm_real_slice
8949,0.0,300.0,0.07675114993415816,0.5,0,690.0,azure_vm_real_slice
8950,1062900.0,600.0,0.12644502715697428,0.125,0,1064280.0,azure_vm_real_slice
8951,0.0,1800.0,0.21014948277481135,0.0625,0,4140.0,azure_vm_real_slice
8952,0.0,1200.0,0.22155887719435416,0.125,0,2760.0,azure_vm_real_slice
8953,0.0,1500.0,0.05,0.5,0,3449.9999999999995,azure_vm_real_slice
8954,1413000.0,2400.0,0.18276340874869462,0.05,0,1418520.0,azure_vm_real_slice
8955,273900.0,300.0,0.6737787902472264,0.05,1,274515.0,azure_vm_real_slice
8956,0.0,13500.0,0.17443345375663427,0.125,0,31049.999999999996,azure_vm_real_slice
8957,0.0,300.0,0.09804248577105909,0.125,0,690.0,azure_vm_real_slice
8958,0.0,2591400.0,0.14325733347102163,0.05,0,5960220.0,azure_vm_real_slice
8959,1771200.0,900.0,0.5635966493546679,1.0,2,1772820.0,azure_vm_real_slice
8960,1989300.0,1800.0,0.05,0.0625,0,1993440.0,azure_vm_real_slice
8961,126600.0,37800.0,0.09068642591473579,0.0625,0,213540.0,azure_vm_real_slice
8962,0.0,300.0,0.2095983091872358,0.0625,0,690.0,azure_vm_real_slice
8963,0.0,124200.0,0.05,0.125,0,285660.0,azure_vm_real_slice
8964,1922700.0,1200.0,0.13262718256411204,0.125,0,1925460.0,azure_vm_real_slice
8965,918900.0,600.0,0.058522879943994466,0.125,0,920280.0,azure_vm_real_slice
8966,1320300.0,6600.0,0.05,0.125,0,1335480.0,azure_vm_real_slice
8967,210300.0,1200.0,0.05,0.05,0,213060.0,azure_vm_real_slice
8968,1494600.0,900.0,0.13709896936586705,0.125,0,1496670.0,azure_vm_real_slice
8969,1352700.0,600.0,0.05,0.125,0,1354080.0,azure_vm_real_slice
8970,126000.0,900.0,0.3857162504090104,0.05,1,127845.0,azure_vm_real_slice
8971,1521300.0,85500.0,0.05,0.5,0,1717950.0,azure_vm_real_slice
8972,1048800.0,21300.0,0.7971921719560647,0.5,2,1087140.0,azure_vm_real_slice
8973,1289100.0,600.0,0.08561277700034817,0.5,2,1290180.0,azure_vm_real_slice
8974,1605000.0,5400.0,0.1600850841736601,0.0625,0,1617420.0,azure_vm_real_slice
8975,569700.0,4500.0,0.6626586116003692,0.125,1,578925.0,azure_vm_real_slice
8976,636600.0,4200.0,0.3681561439265,0.05,1,645210.0,azure_vm_real_slice
8977,529800.0,900.0,0.12438277467587136,0.125,0,531870.0,azure_vm_real_slice
8978,1056000.0,1200.0,0.2846445173503897,0.5,0,1058760.0,azure_vm_real_slice
8979,1894200.0,600.0,0.05,0.125,0,1895580.0,azure_vm_real_slice
8980,926400.0,900.0,0.05,0.5,0,928470.0,azure_vm_real_slice
8981,0.0,600.0,0.05,0.0625,0,1380.0,azure_vm_real_slice
8982,0.0,29400.0,0.05462485187794533,0.0625,0,67620.0,azure_vm_real_slice
8983,0.0,600.0,0.0737349200482062,0.125,0,1380.0,azure_vm_real_slice
8984,0.0,2591400.0,0.050442964176816076,0.05,0,5960220.0,azure_vm_real_slice
8985,1334100.0,1800.0,0.10672143674641076,0.125,0,1338240.0,azure_vm_real_slice
8986,1844700.0,300.0,0.05,0.5,0,1845390.0,azure_vm_real_slice
8987,486900.0,600.0,0.05389228570881691,0.125,0,488280.0,azure_vm_real_slice
8988,0.0,1500.0,0.07603974490166335,0.05,0,3449.9999999999995,azure_vm_real_slice
8989,976800.0,300.0,0.18595135260465198,0.5,0,977490.0,azure_vm_real_slice
8990,1186800.0,600.0,0.05,0.5,0,1188180.0,azure_vm_real_slice
8991,70200.0,1200.0,0.05,0.0625,0,72960.0,azure_vm_real_slice
8992,702000.0,3600.0,0.29116576668065974,0.5,2,708480.0,azure_vm_real_slice
8993,1418400.0,600.0,0.05,0.0625,0,1419780.0,azure_vm_real_slice
8994,437100.0,2400.0,0.0793976181695928,0.5,0,442620.0,azure_vm_real_slice
8995,0.0,600.0,0.44443157767304503,0.125,1,1230.0,azure_vm_real_slice
8996,1192800.0,4200.0,0.5355745947793706,0.125,1,1201410.0,azure_vm_real_slice
8997,0.0,600.0,0.05,0.125,0,1380.0,azure_vm_real_slice
8998,1637100.0,2400.0,0.12264698015864563,0.125,0,1642620.0,azure_vm_real_slice
8999,1321500.0,128100.0,0.18064598785039546,0.5,0,1616130.0,azure_vm_real_slice
9000,1026600.0,1500.0,0.05,0.5,2,1029300.0,azure_vm_real_slice
9001,315600.0,600.0,0.07635854649396358,0.5,0,316980.0,azure_vm_real_slice
9002,0.0,15600.0,0.3067815260891111,0.125,0,35880.0,azure_vm_real_slice
9003,660600.0,325500.0,0.05,0.125,0,1409250.0,azure_vm_real_slice
9004,1021500.0,1200.0,0.2163983279254078,0.125,0,1024260.0,azure_vm_real_slice
9005,1001400.0,9000.0,0.06360259818098038,0.5,0,1022100.0,azure_vm_real_slice
9006,618300.0,1500.0,0.27888024366313274,0.5,0,621750.0,azure_vm_real_slice
9007,0.0,2400.0,0.08365775958712893,0.5,0,5520.0,azure_vm_real_slice
9008,1205400.0,300.0,0.05,0.5,0,1206090.0,azure_vm_real_slice
9009,1705500.0,21600.0,0.3414021716698051,0.0625,0,1755180.0,azure_vm_real_slice
9010,1240500.0,300.0,0.05,0.0625,0,1241190.0,azure_vm_real_slice
9011,0.0,663600.0,0.05,0.0625,0,1526279.9999999998,azure_vm_real_slice
9012,666300.0,300.0,0.35987057845164516,0.05,1,666915.0,azure_vm_real_slice
9013,657600.0,3600.0,0.10216999939129008,0.5,0,665880.0,azure_vm_real_slice
9014,0.0,1800.0,0.7256239997244175,0.5,1,3689.9999999999995,azure_vm_real_slice
9015,105900.0,444900.0,0.0841191119357516,0.5,0,1129170.0,azure_vm_real_slice
9016,1221300.0,9600.0,0.05,0.0625,0,1243380.0,azure_vm_real_slice
9017,1735500.0,1200.0,0.2246739750755543,0.125,0,1738260.0,azure_vm_real_slice
9018,929700.0,6600.0,0.2532128281873068,0.05,0,944880.0,azure_vm_real_slice
9019,753600.0,1200.0,0.41431291977762463,0.125,1,756060.0,azure_vm_real_slice
9020,0.0,1500.0,0.10258457113837947,0.125,0,3449.9999999999995,azure_vm_real_slice
9021,0.0,2591400.0,0.13038842174493634,0.5,0,5960220.0,azure_vm_real_slice
9022,0.0,300.0,0.05,0.125,0,690.0,azure_vm_real_slice
9023,1617900.0,87600.0,0.05086233855697273,0.0625,0,1819380.0,azure_vm_real_slice
9024,0.0,48000.0,0.42203955873662724,0.05,1,98399.99999999999,azure_vm_real_slice
9025,0.0,2700.0,0.05,0.125,0,6209.999999999999,azure_vm_real_slice
9026,0.0,2100.0,0.24332716294564288,0.5,2,3779.9999999999995,azure_vm_real_slice
9027,0.0,2700.0,0.05274308458614831,0.5,2,4859.999999999999,azure_vm_real_slice
9028,442500.0,8400.0,0.06591573857786936,0.125,0,461820.0,azure_vm_real_slice
9029,649800.0,3300.0,0.0610439865751313,0.0625,0,657390.0,azure_vm_real_slice
9030,0.0,600.0,0.2573070990171932,0.05,0,1380.0,azure_vm_real_slice
9031,0.0,2591400.0,0.05,0.05,0,5960220.0,azure_vm_real_slice
9032,780300.0,300.0,0.05,0.5,0,780990.0,azure_vm_real_slice
9033,1213500.0,2400.0,0.14465552378442612,0.125,0,1219020.0,azure_vm_real_slice
9034,845100.0,1800.0,0.10205981922341323,0.05,0,849240.0,azure_vm_real_slice
9035,411300.0,600.0,0.052794536468263,0.125,0,412680.0,azure_vm_real_slice
9036,885600.0,300.0,0.05,0.5,0,886290.0,azure_vm_real_slice
9037,1927200.0,600.0,0.17208017386045354,0.125,0,1928580.0,azure_vm_real_slice
9038,1627800.0,300.0,0.05,0.0625,0,1628490.0,azure_vm_real_slice
9039,1334400.0,600.0,0.05,0.5,2,1335480.0,azure_vm_real_slice
9040,0.0,600.0,0.05,0.125,0,1380.0,azure_vm_real_slice
9041,468900.0,300.0,0.05,0.125,0,469590.0,azure_vm_real_slice
9042,556500.0,2100.0,0.7076636797829697,0.125,1,560805.0,azure_vm_real_slice
9043,2013000.0,300.0,0.11023857305221803,0.125,0,2013690.0,azure_vm_real_slice
9044,0.0,2591400.0,0.05,0.125,0,5960220.0,azure_vm_real_slice
9045,366600.0,2100.0,0.17998139317186923,0.0625,0,371430.0,azure_vm_real_slice
9046,0.0,2591400.0,0.05315049981679862,0.0625,0,5960220.0,azure_vm_real_slice
9047,436500.0,600.0,0.05490959772055514,0.125,0,437880.0,azure_vm_real_slice
9048,1069800.0,16200.0,0.6376928882857069,0.125,1,1103010.0,azure_vm_real_slice
9049,1312800.0,266100.0,0.05,0.125,0,1924830.0,azure_vm_real_slice
9050,1266000.0,600.0,0.1578267370823147,0.125,0,1267380.0,azure_vm_real_slice
9051,0.0,694800.0,0.05,0.5,2,1250639.9999999998,azure_vm_real_slice
9052,545400.0,1200.0,0.05,0.125,0,548160.0,azure_vm_real_slice
9053,30000.0,1800.0,0.05,0.5,0,34140.0,azure_vm_real_slice
9054,1694100.0,7800.0,0.05,0.5,0,1712040.0,azure_vm_real_slice
9055,1687800.0,300.0,0.05,0.5,0,1688490.0,azure_vm_real_slice
9056,0.0,2591400.0,0.13106058226841996,0.05,0,5960220.0,azure_vm_real_slice
9057,1323300.0,600.0,0.05,1.0,2,1324380.0,azure_vm_real_slice
9058,1582200.0,600.0,0.05,0.125,0,1583580.0,azure_vm_real_slice
9059,0.0,2591400.0,0.5042796456551311,0.125,1,5312370.0,azure_vm_real_slice
9060,1547700.0,900.0,0.13640551320998517,0.5,0,1549770.0,azure_vm_real_slice
9061,215100.0,1200.0,0.05710817258364684,0.5,0,217860.0,azure_vm_real_slice
9062,0.0,2100.0,0.37117080778371836,0.125,1,4305.0,azure_vm_real_slice
9063,903300.0,33000.0,0.8337247366980408,0.125,2,962700.0,azure_vm_real_slice
9064,0.0,2591400.0,0.05,0.125,0,5960220.0,azure_vm_real_slice
9065,1206600.0,300.0,0.05,0.5,0,1207290.0,azure_vm_real_slice
9066,0.0,2336400.0,0.11756041366992705,0.05,0,5373720.0,azure_vm_real_slice
9067,351900.0,2100.0,0.05,0.5,2,355680.0,azure_vm_real_slice
9068,1552500.0,10200.0,0.6990605411646262,0.5,1,1573410.0,azure_vm_real_slice
9069,157200.0,6000.0,0.34229836638775923,0.0625,0,171000.0,azure_vm_real_slice
9070,1128000.0,3000.0,0.5637509331104787,0.125,1,1134150.0,azure_vm_real_slice
9071,96600.0,260400.0,0.0872495282300831,0.05,0,695520.0,azure_vm_real_slice
9072,1771800.0,1800.0,0.05,0.5,0,1775940.0,azure_vm_real_slice
9073,819900.0,300.0,0.05,0.125,0,820590.0,azure_vm_real_slice
9074,0.0,300.0,0.11114469311609135,0.125,0,690.0,azure_vm_real_slice
9075,98100.0,900.0,0.05,0.125,0,100170.0,azure_vm_real_slice
9076,1797000.0,600.0,0.18949093560667213,0.125,0,1798380.0,azure_vm_real_slice
9077,290700.0,900.0,0.10580373575708768,0.05,0,292770.0,azure_vm_real_slice
9078,1300500.0,300.0,0.05,0.05,0,1301190.0,azure_vm_real_slice
9079,564000.0,6000.0,0.41243276218646097,0.125,1,576300.0,azure_vm_real_slice
9080,0.0,1800.0,0.05,0.5,0,4140.0,azure_vm_real_slice
9081,0.0,97200.0,0.05,0.05,0,223559.99999999997,azure_vm_real_slice
9082,1406100.0,1800.0,0.11219136669756934,1.0,2,1409340.0,azure_vm_real_slice
9083,0.0,2591400.0,0.05,0.125,0,5960220.0,azure_vm_real_slice
9084,0.0,1228500.0,0.10208485923134913,0.05,0,2825550.0,azure_vm_real_slice
9085,379500.0,21600.0,0.178871089392678,0.5,0,429180.0,azure_vm_real_slice
9086,1852200.0,600.0,0.05,0.5,0,1853580.0,azure_vm_real_slice
9087,155400.0,900.0,0.05020870251915329,0.125,0,157470.0,azure_vm_real_slice
9088,1817400.0,900.0,0.05,0.5,0,1819470.0,azure_vm_real_slice
9089,1206900.0,60900.0,0.10168607457199513,0.5,0,1346970.0,azure_vm_real_slice
9090,1673400.0,300.0,0.17665618668962274,0.125,0,1674090.0,azure_vm_real_slice
9091,921900.0,300.0,0.05,0.0625,0,922590.0,azure_vm_real_slice
9092,1564200.0,15600.0,0.16210235496528105,0.5,2,1592280.0,azure_vm_real_slice
9093,669000.0,600.0,0.05,0.125,0,670380.0,azure_vm_real_slice
9094,393000.0,10500.0,0.3290699274387315,0.125,0,417150.0,azure_vm_real_slice
9095,732900.0,27000.0,0.3669590718285997,0.125,1,788250.0,azure_vm_real_slice
9096,0.0,2591400.0,0.09270840561358647,0.5,0,5960220.0,azure_vm_real_slice
9097,0.0,300.0,0.05,0.0625,0,690.0,azure_vm_real_slice
9098,1651200.0,1500.0,0.05916317012388009,0.125,0,1654650.0,azure_vm_real_slice
9099,177600.0,1800.0,0.05,0.5,0,181740.0,azure_vm_real_slice
9100,333600.0,3600.0,0.4843839826246007,0.125,1,340980.0,azure_vm_real_slice
9101,0.0,300.0,0.05,0.5,0,690.0,azure_vm_real_slice
9102,1556700.0,1200.0,0.3843300807896535,0.05,1,1559160.0,azure_vm_real_slice
9103,591600.0,1500.0,0.21639098606047025,0.05,0,595050.0,azure_vm_real_slice
9104,0.0,15300.0,0.05,0.125,0,35190.0,azure_vm_real_slice
9105,0.0,18000.0,0.05,0.5,0,41400.0,azure_vm_real_slice
9106,834000.0,300.0,0.05,0.5,0,834690.0,azure_vm_real_slice
9107,1187400.0,2700.0,0.05,0.125,0,1193610.0,azure_vm_real_slice
9108,0.0,2591400.0,0.05,0.0625,0,5960220.0,azure_vm_real_slice
9109,0.0,3000.0,0.32441182248361267,0.5,2,5399.999999999999,azure_vm_real_slice
9110,0.0,14400.0,0.9316955510184229,0.5,2,25919.999999999996,azure_vm_real_slice
9111,308700.0,9900.0,0.3373234733216394,0.125,0,331470.0,azure_vm_real_slice
9112,1404900.0,43200.0,0.795779073346505,0.5,2,1482660.0,azure_vm_real_slice
9113,0.0,2172600.0,0.05,0.125,0,4996980.0,azure_vm_real_slice
9114,352200.0,300.0,0.05,0.5,0,352890.0,azure_vm_real_slice
9115,1422300.0,3000.0,0.21875618256063542,0.0625,0,1429200.0,azure_vm_real_slice
9116,238500.0,600.0,0.05,0.125,0,239880.0,azure_vm_real_slice
9117,725700.0,300.0,0.05,0.0625,0,726390.0,azure_vm_real_slice
9118,0.0,600.0,0.05,0.125,0,1380.0,azure_vm_real_slice
9119,1953000.0,600.0,0.14180547826826553,0.5,0,1954380.0,azure_vm_real_slice
9120,0.0,14700.0,0.08715136115964629,0.125,0,33810.0,azure_vm_real_slice
9121,1886700.0,300.0,0.11057693502163847,0.0625,0,1887390.0,azure_vm_real_slice
9122,1996800.0,36300.0,0.4426521984422665,0.0625,1,2071215.0,azure_vm_real_slice
9123,171000.0,600.0,0.05,0.5,0,172380.0,azure_vm_real_slice
9124,687000.0,300.0,0.14116745986838405,0.125,0,687690.0,azure_vm_real_slice
9125,0.0,300.0,0.34109933465633235,0.05,0,690.0,azure_vm_real_slice
9126,883500.0,8100.0,0.7800207712380718,0.5,2,898080.0,azure_vm_real_slice
9127,236100.0,1500.0,0.6715266095663118,0.125,1,239175.0,azure_vm_real_slice
9128,838800.0,900.0,0.05,0.5,0,840870.0,azure_vm_real_slice
9129,1953300.0,600.0,0.164738439266832,0.125,0,1954680.0,azure_vm_real_slice
9130,199800.0,300.0,0.05,0.5,0,200490.0,azure_vm_real_slice
9131,411000.0,900.0,0.15932690905786825,0.125,0,413070.0,azure_vm_real_slice
9132,0.0,1800.0,0.05,0.5,0,4140.0,azure_vm_real_slice
9133,0.0,2700.0,0.07503206855219985,0.05,0,6209.999999999999,azure_vm_real_slice
9134,1987200.0,300.0,0.4584090403106134,0.125,1,1987815.0,azure_vm_real_slice
9135,98700.0,2400.0,0.516625137930665,0.125,1,103620.0,azure_vm_real_slice
9136,909000.0,8400.0,0.2550045955028502,0.05,0,928320.0,azure_vm_real_slice
9137,0.0,63300.0,0.13700739176526888,0.125,0,145590.0,azure_vm_real_slice
9138,1904700.0,2400.0,0.225638339447283,0.125,0,1910220.0,azure_vm_real_slice
9139,1782900.0,1800.0,0.05,0.5,0,1787040.0,azure_vm_real_slice
9140,826800.0,6600.0,0.10909685145018246,0.5,2,838680.0,azure_vm_real_slice
9141,73200.0,2700.0,0.14213295763246925,0.5,0,79410.0,azure_vm_real_slice
9142,0.0,600.0,0.0878484030946951,0.125,0,1380.0,azure_vm_real_slice
9143,705600.0,900.0,0.25152010228323834,0.0625,0,707670.0,azure_vm_real_slice
9144,1056000.0,300.0,0.05,0.125,0,1056690.0,azure_vm_real_slice
9145,343800.0,10200.0,0.5776466492620583,0.5,1,364710.0,azure_vm_real_slice
9146,1560300.0,3300.0,0.4459351195759112,0.05,1,1567065.0,azure_vm_real_slice
9147,0.0,1666500.0,0.08903399599986127,0.5,0,3832949.9999999995,azure_vm_real_slice
9148,1536600.0,36000.0,0.210415875823143,0.0625,0,1619400.0,azure_vm_real_slice
9149,2028900.0,300.0,0.05359485700199648,0.5,2,2029440.0,azure_vm_real_slice
9150,0.0,300.0,0.05,0.5,2,540.0,azure_vm_real_slice
9151,0.0,600.0,0.07276803654643493,0.5,0,1380.0,azure_vm_real_slice
9152,1733400.0,38400.0,0.10244244177698056,0.05,0,1821720.0,azure_vm_real_slice
9153,843600.0,2100.0,0.194142400475956,0.5,0,848430.0,azure_vm_real_slice
9154,0.0,175800.0,0.05,0.5,0,404339.99999999994,azure_vm_real_slice
9155,1480800.0,8400.0,0.7468203425691619,0.125,1,1498020.0,azure_vm_real_slice
9156,1909800.0,1500.0,0.05,0.5,0,1913250.0,azure_vm_real_slice
9157,1064100.0,25200.0,0.33751152522139044,0.125,0,1122060.0,azure_vm_real_slice
9158,1669200.0,1800.0,0.2594152630542924,0.5,2,1672440.0,azure_vm_real_slice
9159,1343100.0,300.0,0.35052097879225536,0.05,1,1343715.0,azure_vm_real_slice
9160,330900.0,3900.0,0.2189445617501908,0.125,0,339870.0,azure_vm_real_slice
9161,0.0,1796400.0,0.5558484429414248,0.125,1,3682619.9999999995,azure_vm_real_slice
9162,523500.0,59400.0,0.07432802171316841,0.125,0,660120.0,azure_vm_real_slice
9163,1688700.0,10500.0,0.18485321592110363,0.5,0,1712850.0,azure_vm_real_slice
9164,1579500.0,300.0,0.49065123784365466,0.125,1,1580115.0,azure_vm_real_slice
9165,0.0,1200.0,0.08919387626022209,0.05,0,2760.0,azure_vm_real_slice
9166,1867200.0,4200.0,0.2580596471785882,0.0625,0,1876860.0,azure_vm_real_slice
9167,27300.0,12000.0,0.8143859850329633,0.5,2,48900.0,azure_vm_real_slice
9168,1714500.0,600.0,0.11895531201753888,0.125,0,1715880.0,azure_vm_real_slice
9169,1728300.0,600.0,0.05,0.5,0,1729680.0,azure_vm_real_slice
9170,1607700.0,1500.0,0.05,0.5,0,1611150.0,azure_vm_real_slice
9171,0.0,300.0,0.2143039596452599,0.0625,0,690.0,azure_vm_real_slice
9172,0.0,2591400.0,0.0606363348189398,0.125,0,5960220.0,azure_vm_real_slice
9173,0.0,1200.0,0.29666140976821326,0.125,0,2760.0,azure_vm_real_slice
9174,0.0,2591400.0,0.07234958875406351,0.05,0,5960220.0,azure_vm_real_slice
9175,0.0,138000.0,0.28684384312505073,0.0625,0,317400.0,azure_vm_real_slice
9176,156300.0,1500.0,0.05,0.5,0,159750.0,azure_vm_real_slice
9177,294900.0,300.0,0.05,0.5,0,295590.0,azure_vm_real_slice
9178,529200.0,900.0,0.05,0.5,0,531270.0,azure_vm_real_slice
9179,639300.0,3000.0,0.05,0.5,0,646200.0,azure_vm_real_slice
9180,0.0,2155200.0,0.05,0.125,0,4956960.0,azure_vm_real_slice
9181,261300.0,16800.0,0.13947557972655372,0.0625,0,299940.0,azure_vm_real_slice
9182,1413900.0,600.0,0.07462648896931985,0.5,0,1415280.0,azure_vm_real_slice
9183,1152300.0,300.0,0.05,0.125,0,1152990.0,azure_vm_real_slice
9184,113700.0,2100.0,0.05,0.5,0,118530.0,azure_vm_real_slice
9185,448500.0,900.0,0.18357791623539768,0.5,2,450120.0,azure_vm_real_slice
9186,542700.0,900.0,0.09598664869692046,0.0625,0,544770.0,azure_vm_real_slice
9187,252000.0,300.0,0.05,0.5,2,252540.0,azure_vm_real_slice
9188,1670700.0,900.0,0.2599414180899485,0.05,0,1672770.0,azure_vm_real_slice
9189,381600.0,12600.0,0.9412163084560967,0.125,2,404280.0,azure_vm_real_slice
9190,21900.0,2700.0,0.05,0.5,0,28110.0,azure_vm_real_slice
9191,0.0,736500.0,0.05,0.0625,0,1693949.9999999998,azure_vm_real_slice
9192,0.0,12300.0,0.05,0.0625,0,28289.999999999996,azure_vm_real_slice
9193,0.0,31200.0,0.127020294022645,0.5,2,56159.99999999999,azure_vm_real_slice
9194,1677600.0,19200.0,0.7809665520763907,0.5,2,1712160.0,azure_vm_real_slice
9195,1382400.0,1800.0,0.2566500075520775,0.5,2,1385640.0,azure_vm_real_slice
9196,1761900.0,600.0,0.07607713844846915,0.125,0,1763280.0,azure_vm_real_slice
9197,113400.0,1800.0,0.05,0.5,0,117540.0,azure_vm_real_slice
9198,1605300.0,95400.0,0.48219052856408035,0.125,1,1800870.0,azure_vm_real_slice
9199,1887000.0,1200.0,0.13670727618803757,0.125,0,1889760.0,azure_vm_real_slice
9200,900900.0,900.0,0.07387900798011068,0.5,0,902970.0,azure_vm_real_slice
9201,913800.0,2400.0,0.05,0.5,0,919320.0,azure_vm_real_slice
9202,1734000.0,900.0,0.05,0.5,0,1736070.0,azure_vm_real_slice
9203,1226100.0,17400.0,0.17546669440604995,0.0625,0,1266120.0,azure_vm_real_slice
9204,455400.0,300.0,0.05,0.5,0,456090.0,azure_vm_real_slice
9205,0.0,4200.0,0.06537811805168586,0.0625,0,9660.0,azure_vm_real_slice
9206,0.0,1537200.0,0.25406674600168416,0.0625,0,3535559.9999999995,azure_vm_real_slice
9207,788400.0,4200.0,0.5871074680695214,0.5,1,797010.0,azure_vm_real_slice
9208,0.0,600.0,0.09086755094520713,0.5,0,1380.0,azure_vm_real_slice
9209,738900.0,17700.0,0.4509803762452376,0.0625,1,775185.0,azure_vm_real_slice
9210,1755600.0,1800.0,0.05,0.5,0,1759740.0,azure_vm_real_slice
9211,1080900.0,9300.0,0.15513193941512446,0.5,2,1097640.0,azure_vm_real_slice
9212,1275300.0,600.0,0.05,0.5,0,1276680.0,azure_vm_real_slice
9213,1191900.0,300.0,0.05,0.5,0,1192590.0,azure_vm_real_slice
9214,0.0,2591400.0,0.05,0.125,0,5960220.0,azure_vm_real_slice
9215,0.0,2591400.0,0.10970306794494668,0.05,0,5960220.0,azure_vm_real_slice
9216,0.0,2591400.0,0.15130880956375203,0.05,0,5960220.0,azure_vm_real_slice
9217,0.0,54300.0,0.23843199265209808,0.5,0,124889.99999999999,azure_vm_real_slice
9218,0.0,2591400.0,0.05,0.125,0,5960220.0,azure_vm_real_slice
9219,688500.0,600.0,0.05,0.5,2,689580.0,azure_vm_real_slice
9220,218700.0,300.0,0.05,0.125,0,219390.0,azure_vm_real_slice
9221,1245000.0,600.0,0.05,0.5,0,1246380.0,azure_vm_real_slice
9222,1283400.0,300.0,0.05,0.5,2,1283940.0,azure_vm_real_slice
9223,0.0,4200.0,0.1513079074167788,0.125,0,9660.0,azure_vm_real_slice
9224,938100.0,4200.0,0.1019106657759263,0.125,0,947760.0,azure_vm_real_slice
9225,1608900.0,900.0,0.05,0.0625,0,1610970.0,azure_vm_real_slice
9226,1262700.0,15600.0,0.051989933349293284,0.5,2,1290780.0,azure_vm_real_slice
9227,0.0,3600.0,0.3787446465797353,0.05,1,7379.999999999999,azure_vm_real_slice
9228,1096500.0,900.0,0.05,1.0,2,1098120.0,azure_vm_real_slice
9229,2014800.0,9600.0,0.05,0.125,0,2036880.0,azure_vm_real_slice
9230,0.0,600.0,0.05,0.125,0,1380.0,azure_vm_real_slice
9231,723000.0,1500.0,0.3712354138712848,0.125,1,726075.0,azure_vm_real_slice
9232,817800.0,1500.0,0.16833773860421442,0.0625,0,821250.0,azure_vm_real_slice
9233,1909200.0,300.0,0.05,0.0625,0,1909890.0,azure_vm_real_slice
9234,0.0,989100.0,0.05,0.05,0,2274930.0,azure_vm_real_slice
9235,1139700.0,8400.0,0.5016238798503333,0.125,1,1156920.0,azure_vm_real_slice
9236,523200.0,900.0,0.07354026578554852,0.5,0,525270.0,azure_vm_real_slice
9237,0.0,2100.0,0.05,0.5,0,4830.0,azure_vm_real_slice
9238,1028700.0,600.0,0.08027173243411126,0.125,0,1030080.0,azure_vm_real_slice
9239,1883700.0,900.0,0.05,0.125,0,1885770.0,azure_vm_real_slice
9240,1250700.0,5700.0,0.3914091970434861,0.0625,1,1262385.0,azure_vm_real_slice
9241,501900.0,21300.0,0.05382953418334652,0.0625,0,550890.0,azure_vm_real_slice
9242,251400.0,300.0,0.05,0.5,0,252090.0,azure_vm_real_slice
9243,1919700.0,900.0,0.07498907949844778,0.125,0,1921770.0,azure_vm_real_slice
9244,0.0,300.0,0.05,0.125,0,690.0,azure_vm_real_slice
9245,64800.0,1200.0,0.12027060648064694,0.125,0,67560.0,azure_vm_real_slice
9246,0.0,2591400.0,0.10485277053735009,0.05,0,5960220.0,azure_vm_real_slice
9247,0.0,300.0,0.05,0.5,0,690.0,azure_vm_real_slice
9248,152700.0,600.0,0.10926675438539966,0.5,0,154080.0,azure_vm_real_slice
9249,651900.0,2700.0,0.4763344276691592,0.125,1,657435.0,azure_vm_real_slice
9250,0.0,600.0,0.05,1.0,2,1080.0,azure_vm_real_slice
9251,0.0,3000.0,0.12251059793682259,0.5,0,6899.999999999999,azure_vm_real_slice
9252,0.0,300.0,0.0540717965097141,0.125,0,690.0,azure_vm_real_slice
9253,1535400.0,1200.0,0.28579852389284677,1.0,2,1537560.0,azure_vm_real_slice
9254,0.0,2100.0,0.05,0.5,0,4830.0,azure_vm_real_slice
9255,724200.0,12600.0,0.05,0.125,0,753180.0,azure_vm_real_slice
9256,0.0,13500.0,0.05,0.0625,0,31049.999999999996,azure_vm_real_slice
9257,0.0,2591400.0,0.0697359057097748,0.05,0,5960220.0,azure_vm_real_slice
9258,0.0,2591400.0,0.09301082715335383,0.05,0,5960220.0,azure_vm_real_slice
9259,211800.0,13500.0,0.15947645740942804,0.5,0,242850.0,azure_vm_real_slice
9260,0.0,65700.0,0.1823433265425714,0.125,0,151110.0,azure_vm_real_slice
9261,1103400.0,9300.0,0.05,1.0,2,1120140.0,azure_vm_real_slice
9262,0.0,1800.0,0.2839571685235306,0.125,0,4140.0,azure_vm_real_slice
9263,0.0,2400.0,0.05,0.5,0,5520.0,azure_vm_real_slice
9264,0.0,34800.0,0.4004857095498304,0.125,1,71340.0,azure_vm_real_slice
9265,917100.0,232200.0,0.08008634523071845,1.0,2,1335060.0,azure_vm_real_slice
9266,1882200.0,19800.0,0.7747992587350565,0.5,2,1917840.0,azure_vm_real_slice
9267,0.0,3900.0,0.05,0.125,0,8970.0,azure_vm_real_slice
9268,454500.0,900.0,0.488929021287481,0.125,1,456345.0,azure_vm_real_slice
9269,0.0,1800.0,0.05,0.5,0,4140.0,azure_vm_real_slice
9270,0.0,2591400.0,0.05,0.125,0,5960220.0,azure_vm_real_slice
9271,1028100.0,1200.0,0.3394415742944028,0.125,0,1030860.0,azure_vm_real_slice
9272,0.0,4500.0,0.5987230528243572,0.125,1,9225.0,azure_vm_real_slice
9273,0.0,2100.0,0.05,0.5,0,4830.0,azure_vm_real_slice
9274,904500.0,1800.0,0.199110092821646,0.5,2,907740.0,azure_vm_real_slice
9275,0.0,600.0,0.12260712595567824,0.125,0,1380.0,azure_vm_real_slice
9276,476700.0,1200.0,0.07365753634499908,0.5,2,478860.0,azure_vm_real_slice
9277,728100.0,300.0,0.12572854508878378,0.0625,0,728790.0,azure_vm_real_slice
9278,1523700.0,600.0,0.0872754262911295,0.125,0,1525080.0,azure_vm_real_slice
9279,0.0,600.0,0.07583062093042733,0.125,0,1380.0,azure_vm_real_slice
9280,1287300.0,900.0,0.05,0.5,0,1289370.0,azure_vm_real_slice
9281,0.0,300.0,0.05,0.125,0,690.0,azure_vm_real_slice
9282,530700.0,109800.0,0.05,0.5,0,783240.0,azure_vm_real_slice
9283,0.0,1500.0,0.49027456062913255,0.0625,1,3074.9999999999995,azure_vm_real_slice
9284,0.0,2512200.0,0.05,0.5,2,4521960.0,azure_vm_real_slice
9285,294000.0,215400.0,0.05,0.125,0,789420.0,azure_vm_real_slice
9286,0.0,1200.0,0.05,0.5,2,2160.0,azure_vm_real_slice
9287,0.0,3600.0,0.44513072844482443,0.125,1,7379.999999999999,azure_vm_real_slice
9288,947400.0,900.0,0.14329059363338773,0.125,0,949470.0,azure_vm_real_slice
9289,0.0,300.0,0.05347637710310924,0.125,0,690.0,azure_vm_real_slice
9290,0.0,1271400.0,0.05,0.125,0,2924220.0,azure_vm_real_slice
9291,1647000.0,300.0,0.16931680459464526,0.125,0,1647690.0,azure_vm_real_slice
9292,1516800.0,600.0,0.05,0.125,0,1518180.0,azure_vm_real_slice
9293,1395300.0,300.0,0.05,0.125,0,1395990.0,azure_vm_real_slice
9294,1746900.0,900.0,0.05,0.125,0,1748970.0,azure_vm_real_slice
9295,478500.0,9900.0,0.6129537145241032,0.125,1,498795.0,azure_vm_real_slice
9296,135000.0,1800.0,0.1528465386638504,0.05,0,139140.0,azure_vm_real_slice
9297,1913400.0,3900.0,0.41441414623089534,0.05,1,1921395.0,azure_vm_real_slice
9298,459900.0,600.0,0.05,1.0,2,460980.0,azure_vm_real_slice
9299,1523400.0,1200.0,0.1925222382120005,0.125,0,1526160.0,azure_vm_real_slice
9300,474000.0,600.0,0.13607319708694432,0.125,0,475380.0,azure_vm_real_slice
9301,1461900.0,455700.0,0.11619727528489517,0.125,0,2510010.0,azure_vm_real_slice
9302,1736700.0,14100.0,0.08132054305679032,0.0625,0,1769130.0,azure_vm_real_slice
9303,0.0,2591400.0,0.05,0.125,0,5960220.0,azure_vm_real_slice
9304,561300.0,1200.0,0.3537037292633963,0.05,1,563760.0,azure_vm_real_slice
9305,1086300.0,3600.0,0.4337191490389952,0.05,1,1093680.0,azure_vm_real_slice
9306,506700.0,300.0,0.05,0.5,2,507240.0,azure_vm_real_slice
9307,1657500.0,1500.0,0.05,0.5,0,1660950.0,azure_vm_real_slice
9308,0.0,2591400.0,0.05,0.125,0,5960220.0,azure_vm_real_slice
9309,313200.0,1200.0,0.10987544293981688,0.5,2,315360.0,azure_vm_real_slice
9310,909000.0,15300.0,0.05,0.0625,0,944190.0,azure_vm_real_slice
9311,0.0,12300.0,0.05,0.5,0,28289.999999999996,azure_vm_real_slice
9312,1046400.0,1500.0,0.3408606123258931,0.5,0,1049850.0,azure_vm_real_slice
9313,162600.0,6000.0,0.06919183515430088,0.125,0,176400.0,azure_vm_real_slice
9314,461100.0,300.0,0.38049523632866283,0.05,1,461715.0,azure_vm_real_slice
9315,1693200.0,600.0,0.05844906866192088,0.5,0,1694580.0,azure_vm_real_slice
9316,0.0,300.0,0.05,0.125,0,690.0,azure_vm_real_slice
9317,551100.0,600.0,0.05,0.5,0,552480.0,azure_vm_real_slice
9318,0.0,2700.0,0.28038921786505616,0.5,0,6209.999999999999,azure_vm_real_slice
9319,1489200.0,2400.0,0.07905824473268315,0.05,0,1494720.0,azure_vm_real_slice
9320,850500.0,900.0,0.05,0.5,0,852570.0,azure_vm_real_slice
9321,1222800.0,6600.0,0.05,0.5,0,1237980.0,azure_vm_real_slice
9322,0.0,1200.0,0.394957671359967,0.125,1,2460.0,azure_vm_real_slice
9323,734700.0,300.0,0.05,0.125,0,735390.0,azure_vm_real_slice
9324,705000.0,71100.0,0.05,0.0625,0,868530.0,azure_vm_real_slice
9325,1868400.0,3300.0,0.24660078047491918,0.125,0,1875990.0,azure_vm_real_slice
9326,20100.0,600.0,0.10834911926996092,0.0625,0,21480.0,azure_vm_real_slice
9327,1480200.0,12000.0,0.1373281387754383,0.125,0,1507800.0,azure_vm_real_slice
9328,2032200.0,900.0,0.06362911523889908,0.125,0,2034270.0,azure_vm_real_slice
9329,0.0,2591400.0,0.05,0.5,2,4664520.0,azure_vm_real_slice
9330,0.0,13200.0,0.2901784215512391,0.125,0,30359.999999999996,azure_vm_real_slice
9331,1643700.0,1200.0,0.05,0.5,0,1646460.0,azure_vm_real_slice
9332,1274100.0,300.0,0.5788751718059245,0.0625,1,1274715.0,azure_vm_real_slice
9333,324600.0,6600.0,0.07799272042481423,0.5,0,339780.0,azure_vm_real_slice
9334,0.0,300.0,0.09583276806259784,0.125,0,690.0,azure_vm_real_slice
9335,0.0,10200.0,0.05,0.125,0,23460.0,azure_vm_real_slice
9336,111600.0,1500.0,0.10414904658860513,0.5,0,115050.0,azure_vm_real_slice
9337,867000.0,600.0,0.05,1.0,2,868080.0,azure_vm_real_slice
9338,357000.0,8400.0,0.07431388568717939,0.125,0,376320.0,azure_vm_real_slice
9339,18300.0,300.0,0.05,0.5,2,18840.0,azure_vm_real_slice
9340,1126800.0,900.0,0.3063534940404665,0.5,0,1128870.0,azure_vm_real_slice
9341,0.0,2400.0,0.6032960429235834,0.5,1,4920.0,azure_vm_real_slice
9342,537000.0,1200.0,0.05,0.125,0,539760.0,azure_vm_real_slice
9343,1518900.0,84300.0,0.05,0.125,0,1712790.0,azure_vm_real_slice
9344,1720500.0,600.0,0.12522314180118194,0.125,0,1721880.0,azure_vm_real_slice
9345,818400.0,41700.0,0.29012924173227816,0.0625,0,914310.0,azure_vm_real_slice
9346,70500.0,300.0,0.05,0.5,0,71190.0,azure_vm_real_slice
9347,371700.0,300.0,0.28316188073828097,0.5,2,372240.0,azure_vm_real_slice
9348,1714200.0,600.0,0.06053971688912561,0.125,0,1715580.0,azure_vm_real_slice
9349,595500.0,600.0,0.05,0.5,0,596880.0,azure_vm_real_slice
9350,0.0,1716900.0,0.1912354402882448,0.5,0,3948869.9999999995,azure_vm_real_slice
9351,682200.0,900.0,0.36832584496068965,0.05,1,684045.0,azure_vm_real_slice
9352,1070700.0,962400.0,0.21338816018602216,0.5,0,3284220.0,azure_vm_real_slice
9353,591900.0,1800.0,0.3926076216595733,0.05,1,595590.0,azure_vm_real_slice
9354,1782300.0,1800.0,0.05,0.5,0,1786440.0,azure_vm_real_slice
9355,0.0,1800.0,0.05,0.0625,0,4140.0,azure_vm_real_slice
9356,0.0,900.0,0.05,0.0625,0,2070.0,azure_vm_real_slice
9357,576300.0,11100.0,0.20621970335394157,0.05,0,601830.0,azure_vm_real_slice
9358,0.0,300.0,0.06517934333253525,0.5,2,540.0,azure_vm_real_slice
9359,432300.0,300.0,0.05,0.5,0,432990.0,azure_vm_real_slice
9360,927600.0,43200.0,0.05,0.5,2,1005360.0,azure_vm_real_slice
9361,1408200.0,12600.0,0.19152009955033678,0.5,0,1437180.0,azure_vm_real_slice
9362,795300.0,600.0,0.05,0.5,0,796680.0,azure_vm_real_slice
9363,193200.0,300.0,0.10574499284940511,0.5,0,193890.0,azure_vm_real_slice
9364,1101900.0,48000.0,0.14482151365940552,0.0625,0,1212300.0,azure_vm_real_slice
9365,0.0,12600.0,0.41962331482124626,0.125,1,25829.999999999996,azure_vm_real_slice
9366,789900.0,3900.0,0.44650701103883816,0.125,1,797895.0,azure_vm_real_slice
9367,616500.0,900.0,0.05,0.125,0,618570.0,azure_vm_real_slice
9368,420300.0,300.0,0.208067604482143,0.125,0,420990.0,azure_vm_real_slice
9369,0.0,2591400.0,0.12929080481731708,0.0625,0,5960220.0,azure_vm_real_slice
9370,774300.0,1800.0,0.05,0.0625,0,778440.0,azure_vm_real_slice
9371,1181100.0,300.0,0.09296622567252805,1.0,2,1181640.0,azure_vm_real_slice
9372,612000.0,300.0,0.05,0.5,0,612690.0,azure_vm_real_slice
9373,1837800.0,6600.0,0.05,0.5,0,1852980.0,azure_vm_real_slice
9374,585000.0,8700.0,0.5288142017298152,0.125,1,602835.0,azure_vm_real_slice
9375,1910100.0,900.0,0.05867256160570926,0.125,0,1912170.0,azure_vm_real_slice
9376,1893300.0,300.0,0.05,0.0625,0,1893990.0,azure_vm_real_slice
9377,2031900.0,900.0,0.05,0.5,0,2033970.0,azure_vm_real_slice
9378,77100.0,900.0,0.1850805162913036,0.5,0,79170.0,azure_vm_real_slice
9379,0.0,1500.0,0.09594645538491492,0.05,0,3449.9999999999995,azure_vm_real_slice
9380,0.0,300.0,0.05,0.5,0,690.0,azure_vm_real_slice
9381,830700.0,900.0,0.05,0.5,0,832770.0,azure_vm_real_slice
9382,0.0,300.0,0.08223335698066946,0.125,0,690.0,azure_vm_real_slice
9383,1955400.0,900.0,0.1258362515326493,0.125,0,1957470.0,azure_vm_real_slice
9384,0.0,4200.0,0.34617350687154774,0.125,0,9660.0,azure_vm_real_slice
9385,1227300.0,1200.0,0.09203654397484472,0.125,0,1230060.0,azure_vm_real_slice
9386,1757400.0,300.0,0.05,0.5,0,1758090.0,azure_vm_real_slice
9387,1486500.0,8400.0,0.05,0.0625,0,1505820.0,azure_vm_real_slice
9388,1660200.0,36000.0,0.3582481862554579,0.0625,1,1734000.0,azure_vm_real_slice
9389,0.0,2591400.0,0.1437185154895949,0.5,2,4664520.0,azure_vm_real_slice
9390,1305600.0,900.0,0.3149086970899374,0.125,0,1307670.0,azure_vm_real_slice
9391,645300.0,1200.0,0.05,0.125,0,648060.0,azure_vm_real_slice
9392,1223700.0,300.0,0.05,0.5,0,1224390.0,azure_vm_real_slice
9393,31800.0,1200.0,0.05,0.5,2,33960.0,azure_vm_real_slice
9394,1198200.0,6300.0,0.09784290391569143,1.0,2,1209540.0,azure_vm_real_slice
9395,1691400.0,3300.0,0.5635861367376968,0.125,1,1698165.0,azure_vm_real_slice
9396,1017300.0,518700.0,0.05,0.125,0,2210310.0,azure_vm_real_slice
9397,0.0,600.0,0.16387897047609334,0.125,0,1380.0,azure_vm_real_slice
9398,1175400.0,4500.0,0.22169555587094605,0.0625,0,1185750.0,azure_vm_real_slice
9399,0.0,2591400.0,0.06997799017652301,0.125,0,5960220.0,azure_vm_real_slice
9400,0.0,600.0,0.3498152564541038,0.125,0,1380.0,azure_vm_real_slice
9401,0.0,2700.0,0.5016839245770344,0.125,1,5534.999999999999,azure_vm_real_slice
9402,272400.0,900.0,0.2709729249298368,0.0625,0,274470.0,azure_vm_real_slice
9403,1230000.0,10800.0,0.7800259483235797,0.125,2,1249440.0,azure_vm_real_slice
9404,870600.0,600.0,0.05,0.5,0,871980.0,azure_vm_real_slice
9405,1149000.0,1200.0,0.11194414009942577,0.125,0,1151760.0,azure_vm_real_slice
9406,684600.0,900.0,0.4271942941625303,0.05,1,686445.0,azure_vm_real_slice
9407,0.0,104400.0,0.10099630397827926,0.125,0,240119.99999999997,azure_vm_real_slice
9408,930600.0,600.0,0.12565921551617742,0.5,0,931980.0,azure_vm_real_slice
9409,1455300.0,600.0,0.05,0.125,0,1456680.0,azure_vm_real_slice
9410,0.0,600.0,0.161602517034886,0.125,0,1380.0,azure_vm_real_slice
9411,608100.0,1200.0,0.05,0.0625,0,610860.0,azure_vm_real_slice
9412,1862100.0,2700.0,0.25299460094231063,0.5,0,1868310.0,azure_vm_real_slice
9413,249300.0,300.0,0.102129645581083,0.125,0,249990.0,azure_vm_real_slice
9414,1786200.0,1800.0,0.05,0.5,0,1790340.0,azure_vm_real_slice
9415,310800.0,300.0,0.05,0.125,0,311490.0,azure_vm_real_slice
9416,0.0,6000.0,0.05,0.5,0,13799.999999999998,azure_vm_real_slice
9417,1698300.0,18000.0,0.6858948886092261,0.125,1,1735200.0,azure_vm_real_slice
9418,1313400.0,719700.0,0.05,0.125,0,2968710.0,azure_vm_real_slice
9419,942300.0,600.0,0.05,0.125,0,943680.0,azure_vm_real_slice
9420,678600.0,6900.0,0.06136304931628782,0.5,0,694470.0,azure_vm_real_slice
9421,411300.0,600.0,0.05,0.125,0,412680.0,azure_vm_real_slice
9422,312900.0,2400.0,0.05,0.5,0,318420.0,azure_vm_real_slice
9423,1435800.0,2400.0,0.7098332632153819,0.125,1,1440720.0,azure_vm_real_slice
9424,0.0,600.0,0.05,0.5,0,1380.0,azure_vm_real_slice
9425,1837500.0,900.0,0.05,0.125,0,1839570.0,azure_vm_real_slice
9426,0.0,600.0,0.05579802093619329,0.125,0,1380.0,azure_vm_real_slice
9427,1870800.0,600.0,0.17832645163152783,0.125,0,1872180.0,azure_vm_real_slice
9428,169800.0,1200.0,0.4737211954955237,0.125,1,172260.0,azure_vm_real_slice
9429,1821900.0,300.0,0.05,0.125,0,1822590.0,azure_vm_real_slice
9430,349500.0,1800.0,0.05,0.5,0,353640.0,azure_vm_real_slice
9431,990900.0,26100.0,0.05,0.125,0,1050930.0,azure_vm_real_slice
9432,882000.0,10200.0,0.056747213349652784,0.0625,0,905460.0,azure_vm_real_slice
9433,0.0,1200.0,0.08645082261098176,0.125,0,2760.0,azure_vm_real_slice
9434,0.0,600.0,0.05,0.05,0,1380.0,azure_vm_real_slice
9435,499800.0,9000.0,0.05,0.5,0,520500.0,azure_vm_real_slice
9436,0.0,15000.0,0.07656062473830799,0.125,0,34500.0,azure_vm_real_slice
9437,391800.0,600.0,0.5711243507920843,0.5,1,393030.0,azure_vm_real_slice
9438,1892700.0,600.0,0.05,0.5,0,1894080.0,azure_vm_real_slice
9439,1329000.0,6600.0,0.0632673628918066,0.125,0,1344180.0,azure_vm_real_slice
9440,1766400.0,1200.0,0.11919395597533483,0.125,0,1769160.0,azure_vm_real_slice
9441,621900.0,10800.0,0.74667093520588,0.5,1,644040.0,azure_vm_real_slice
9442,1327200.0,4800.0,0.46159441684889174,0.125,1,1337040.0,azure_vm_real_slice
9443,136800.0,300.0,0.05265597028123523,0.125,0,137490.0,azure_vm_real_slice
9444,903600.0,600.0,0.05,0.5,0,904980.0,azure_vm_real_slice
9445,1964700.0,600.0,0.2385895319692328,0.125,0,1966080.0,azure_vm_real_slice
9446,0.0,300.0,0.05,0.125,0,690.0,azure_vm_real_slice
9447,1994100.0,39000.0,0.3689545952854848,0.125,1,2074050.0,azure_vm_real_slice
9448,387600.0,300.0,0.05,0.5,2,388140.0,azure_vm_real_slice
9449,1093800.0,600.0,0.05,0.5,0,1095180.0,azure_vm_real_slice
9450,1432200.0,300.0,0.05,0.125,0,1432890.0,azure_vm_real_slice
9451,1771800.0,261300.0,0.05,0.5,2,2242140.0,azure_vm_real_slice
9452,441900.0,300.0,0.5380457885467479,0.125,1,442515.0,azure_vm_real_slice
9453,1750500.0,282600.0,0.05,0.5,0,2400480.0,azure_vm_real_slice
9454,2007000.0,4800.0,0.06491735584753236,0.5,2,2015640.0,azure_vm_real_slice
9455,1125300.0,300.0,0.05,0.125,0,1125990.0,azure_vm_real_slice
9456,1335600.0,1200.0,0.7645297944677517,0.5,2,1337760.0,azure_vm_real_slice
9457,1190700.0,300.0,0.7271354950227342,0.0625,1,1191315.0,azure_vm_real_slice
9458,314100.0,600.0,0.05,0.125,0,315480.0,azure_vm_real_slice
9459,140700.0,300.0,0.11978826390765096,0.125,0,141390.0,azure_vm_real_slice
9460,465000.0,4500.0,0.08224000810126517,0.125,0,475350.0,azure_vm_real_slice
9461,813900.0,1200.0,0.05,0.0625,0,816660.0,azure_vm_real_slice
9462,0.0,6600.0,0.062453318490940865,0.5,0,15179.999999999998,azure_vm_real_slice
9463,1714200.0,1200.0,0.3638287378806409,0.125,1,1716660.0,azure_vm_real_slice
9464,1149000.0,900.0,0.13446150013083275,0.125,0,1151070.0,azure_vm_real_slice
9465,1269000.0,300.0,0.05,0.5,0,1269690.0,azure_vm_real_slice
9466,1969800.0,23400.0,0.34323311854868316,0.0625,0,2023620.0,azure_vm_real_slice
9467,1521600.0,900.0,0.05,0.5,0,1523670.0,azure_vm_real_slice
9468,318900.0,1500.0,0.05,0.5,0,322350.0,azure_vm_real_slice
9469,0.0,81300.0,0.05,0.5,0,186990.0,azure_vm_real_slice
9470,1105200.0,900.0,0.05,1.0,2,1106820.0,azure_vm_real_slice
9471,1825800.0,1500.0,0.05,0.125,0,1829250.0,azure_vm_real_slice
9472,1275000.0,4200.0,0.23325801238856855,0.125,0,1284660.0,azure_vm_real_slice
9473,281400.0,900.0,0.1483452553817898,0.125,0,283470.0,azure_vm_real_slice
9474,1592100.0,345300.0,0.05,0.125,0,2386290.0,azure_vm_real_slice
9475,1545000.0,1500.0,0.05,0.5,2,1547700.0,azure_vm_real_slice
9476,347400.0,42600.0,0.05,0.5,0,445380.0,azure_vm_real_slice
9477,1315800.0,300.0,0.05,0.5,0,1316490.0,azure_vm_real_slice
9478,0.0,300.0,0.05,0.0625,0,690.0,azure_vm_real_slice
9479,0.0,1200.0,0.05,0.5,0,2760.0,azure_vm_real_slice
9480,1317900.0,5400.0,0.05,0.5,0,1330320.0,azure_vm_real_slice
9481,996000.0,300.0,0.05033262375658572,0.5,0,996690.0,azure_vm_real_slice
9482,713700.0,2400.0,0.5543661815714745,0.125,1,718620.0,azure_vm_real_slice
9483,1890600.0,18300.0,0.15320102979449962,0.5,2,1923540.0,azure_vm_real_slice
9484,1201800.0,300.0,0.05,0.5,0,1202490.0,azure_vm_real_slice
9485,61800.0,900.0,0.09099552984571795,0.125,0,63870.0,azure_vm_real_slice
9486,1896600.0,600.0,0.05,0.5,0,1897980.0,azure_vm_real_slice
9487,844800.0,8100.0,0.06623338483087253,0.5,0,863430.0,azure_vm_real_slice
9488,513300.0,79200.0,0.05,0.125,0,695460.0,azure_vm_real_slice
9489,778500.0,300.0,0.05,0.5,0,779190.0,azure_vm_real_slice
9490,969000.0,4800.0,0.07594204356638938,0.125,0,980040.0,azure_vm_real_slice
9491,724500.0,10200.0,0.08331309403866843,0.05,0,747960.0,azure_vm_real_slice
9492,305100.0,3000.0,0.1005227791560021,0.5,2,310500.0,azure_vm_real_slice
9493,1119300.0,25200.0,0.05,0.125,0,1177260.0,azure_vm_real_slice
9494,0.0,300.0,0.05,0.125,0,690.0,azure_vm_real_slice
9495,0.0,593400.0,0.06003210233838857,0.125,0,1364820.0,azure_vm_real_slice
9496,165300.0,1800.0,0.202025266574573,0.125,0,169440.0,azure_vm_real_slice
9497,221100.0,3300.0,0.05,0.5,0,228690.0,azure_vm_real_slice
9498,700800.0,900.0,0.14999873729134144,0.125,0,702870.0,azure_vm_real_slice
9499,36000.0,1800.0,0.29282759080899323,0.125,0,40140.0,azure_vm_real_slice
9500,1474800.0,7500.0,0.4967499168787943,0.125,1,1490175.0,azure_vm_real_slice
9501,1275600.0,300.0,0.16030905703130763,0.125,0,1276290.0,azure_vm_real_slice
9502,0.0,174600.0,0.1193519350152486,0.05,0,401579.99999999994,azure_vm_real_slice
9503,949500.0,10200.0,0.1828022027894747,0.5,2,967860.0,azure_vm_real_slice
9504,1689300.0,2100.0,0.05,0.5,0,1694130.0,azure_vm_real_slice
9505,0.0,2591400.0,0.28183010244980927,0.0625,0,5960220.0,azure_vm_real_slice
9506,0.0,5400.0,0.19020865484006602,0.125,0,12419.999999999998,azure_vm_real_slice
9507,581700.0,1451400.0,0.1246580683437306,0.05,0,3919919.9999999995,azure_vm_real_slice
9508,1602600.0,78300.0,0.05,0.125,0,1782690.0,azure_vm_real_slice
9509,0.0,2591400.0,0.12713890486321142,0.05,0,5960220.0,azure_vm_real_slice
9510,572100.0,600.0,0.05,0.5,0,573480.0,azure_vm_real_slice
9511,57000.0,1200.0,0.4812523766126272,0.0625,1,59460.0,azure_vm_real_slice
9512,1743600.0,2100.0,0.05,0.5,0,1748430.0,azure_vm_real_slice
9513,1680300.0,600.0,0.18788530772180503,0.125,0,1681680.0,azure_vm_real_slice
9514,0.0,3900.0,0.11107965259673179,0.125,0,8970.0,azure_vm_real_slice
9515,733500.0,900.0,0.699019231085325,0.05,1,735345.0,azure_vm_real_slice
9516,1115700.0,917400.0,0.05913692464853766,0.5,2,2767020.0,azure_vm_real_slice
9517,414000.0,1800.0,0.17364604151958848,0.0625,0,418140.0,azure_vm_real_slice
9518,314100.0,7800.0,0.24461203242984791,0.0625,0,332040.0,azure_vm_real_slice
9519,1012800.0,600.0,0.05,0.125,0,1014180.0,azure_vm_real_slice
9520,339600.0,3300.0,0.06984889940718729,0.5,2,345540.0,azure_vm_real_slice
9521,348300.0,1500.0,0.2942197278198931,0.125,0,351750.0,azure_vm_real_slice
9522,996000.0,8700.0,0.13737308971021833,0.5,0,1016010.0,azure_vm_real_slice
9523,0.0,5100.0,0.45338710523932013,0.0625,1,10455.0,azure_vm_real_slice
9524,933300.0,600.0,0.05,0.125,0,934680.0,azure_vm_real_slice
9525,568800.0,600.0,0.05,0.5,0,570180.0,azure_vm_real_slice
9526,388500.0,300.0,0.05,0.5,0,389190.0,azure_vm_real_slice
9527,1262100.0,2700.0,0.05,0.125,0,1268310.0,azure_vm_real_slice
9528,1238700.0,794400.0,0.05,0.5,0,3065820.0,azure_vm_real_slice
9529,1315800.0,900.0,0.08600641921634235,0.125,0,1317870.0,azure_vm_real_slice
9530,1301700.0,2400.0,0.05,0.5,0,1307220.0,azure_vm_real_slice
9531,0.0,2591400.0,0.07908587585668382,0.05,0,5960220.0,azure_vm_real_slice
9532,378600.0,900.0,0.11242138601799663,0.125,0,380670.0,azure_vm_real_slice
9533,1032600.0,87600.0,0.05,0.125,0,1234080.0,azure_vm_real_slice
9534,0.0,6900.0,0.08366478258672165,0.125,0,15869.999999999998,azure_vm_real_slice
9535,745800.0,12300.0,0.4251642896721854,0.125,1,771015.0,azure_vm_real_slice
9536,1924500.0,1800.0,0.15118572189164944,0.125,0,1928640.0,azure_vm_real_slice
9537,1737600.0,600.0,0.05,0.5,0,1738980.0,azure_vm_real_slice
9538,1550700.0,1500.0,0.5196464955460035,0.05,1,1553775.0,azure_vm_real_slice
9539,557400.0,42600.0,0.3281999573481743,0.0625,0,655380.0,azure_vm_real_slice
9540,1222800.0,1800.0,0.05,0.5,0,1226940.0,azure_vm_real_slice
9541,1077900.0,5700.0,0.38401503594044256,0.0625,1,1089585.0,azure_vm_real_slice
9542,260400.0,4800.0,0.0769201656686333,0.05,0,271440.0,azure_vm_real_slice
9543,0.0,300.0,0.05,0.5,2,540.0,azure_vm_real_slice
9544,566700.0,1200.0,0.05,0.5,2,568860.0,azure_vm_real_slice
9545,1011600.0,51900.0,0.05,0.125,0,1130970.0,azure_vm_real_slice
9546,0.0,1800.0,0.05,1.0,2,3239.9999999999995,azure_vm_real_slice
9547,306900.0,10500.0,0.33394562386404325,0.05,0,331050.0,azure_vm_real_slice
9548,285600.0,300.0,0.05,0.125,0,286290.0,azure_vm_real_slice
9549,857100.0,600.0,0.05,0.5,0,858480.0,azure_vm_real_slice
9550,0.0,332100.0,0.14991210284684273,0.5,0,763829.9999999999,azure_vm_real_slice
9551,1666800.0,300.0,0.2906816356315345,0.5,0,1667490.0,azure_vm_real_slice
9552,0.0,329400.0,0.5434594321189988,0.125,1,675269.9999999999,azure_vm_real_slice
9553,544200.0,900.0,0.12513076430806358,0.125,0,546270.0,azure_vm_real_slice
9554,875400.0,600.0,0.05,0.5,0,876780.0,azure_vm_real_slice
9555,0.0,3600.0,0.05,0.125,0,8280.0,azure_vm_real_slice
9556,0.0,1500.0,0.098591313005113,0.125,0,3449.9999999999995,azure_vm_real_slice
9557,987300.0,2700.0,0.21722500049478138,0.125,0,993510.0,azure_vm_real_slice
9558,0.0,2591400.0,0.054424441840067825,0.05,0,5960220.0,azure_vm_real_slice
9559,1083000.0,600.0,0.626594964282351,0.125,1,1084230.0,azure_vm_real_slice
9560,0.0,2591400.0,0.05,0.0625,0,5960220.0,azure_vm_real_slice
9561,1629600.0,600.0,0.05,0.5,0,1630980.0,azure_vm_real_slice
9562,360900.0,15900.0,0.09717922854902725,0.05,0,397470.0,azure_vm_real_slice
9563,8700.0,1800.0,0.05,0.5,0,12840.0,azure_vm_real_slice
9564,1888500.0,300.0,0.05,0.5,2,1889040.0,azure_vm_real_slice
9565,641100.0,600.0,0.1778345198321897,0.0625,0,642480.0,azure_vm_real_slice
9566,401700.0,14100.0,0.5711998143832665,0.125,1,430605.0,azure_vm_real_slice
9567,836100.0,900.0,0.09574341426689424,0.125,0,838170.0,azure_vm_real_slice
9568,1512600.0,300.0,0.05,0.5,0,1513290.0,azure_vm_real_slice
9569,0.0,900.0,0.3628357980436187,0.5,1,1844.9999999999998,azure_vm_real_slice
9570,602400.0,74400.0,0.05656807992105656,0.125,0,773520.0,azure_vm_real_slice
9571,654300.0,900.0,0.20601791813734288,0.0625,0,656370.0,azure_vm_real_slice
9572,0.0,900.0,0.05,1.0,2,1619.9999999999998,azure_vm_real_slice
9573,1156200.0,1800.0,0.05,0.5,0,1160340.0,azure_vm_real_slice
9574,872700.0,1800.0,0.07496475145055906,1.0,2,875940.0,azure_vm_real_slice
9575,12600.0,2400.0,0.05,0.5,0,18120.0,azure_vm_real_slice
9576,1883100.0,600.0,0.05,0.125,0,1884480.0,azure_vm_real_slice
9577,0.0,2591400.0,0.05,0.125,0,5960220.0,azure_vm_real_slice
9578,1352100.0,600.0,0.05,0.5,2,1353180.0,azure_vm_real_slice
9579,122100.0,2100.0,0.05,0.5,0,126930.0,azure_vm_real_slice
9580,46800.0,9900.0,0.057001127513816925,0.5,0,69570.0,azure_vm_real_slice
9581,1597800.0,300.0,0.05,0.5,2,1598340.0,azure_vm_real_slice
9582,1032300.0,1500.0,0.4299128605584013,0.125,1,1035375.0,azure_vm_real_slice
9583,80400.0,3600.0,0.05,0.5,0,88680.0,azure_vm_real_slice
9584,594600.0,1200.0,0.3104642503383222,0.0625,0,597360.0,azure_vm_real_slice
9585,0.0,607800.0,0.05,0.5,0,1397940.0,azure_vm_real_slice
9586,0.0,1500.0,0.48620341990908295,0.125,1,3074.9999999999995,azure_vm_real_slice
9587,620400.0,600.0,0.05,0.125,0,621780.0,azure_vm_real_slice
9588,71100.0,39600.0,0.05,0.5,0,162180.0,azure_vm_real_slice
9589,6600.0,144000.0,0.07480334660019441,0.125,0,337800.0,azure_vm_real_slice
9590,177900.0,1500.0,0.15791252037235018,0.05,0,181350.0,azure_vm_real_slice
9591,0.0,2400.0,0.05,0.0625,0,5520.0,azure_vm_real_slice
9592,1387800.0,1800.0,0.22564978191805832,0.5,2,1391040.0,azure_vm_real_slice
9593,1081500.0,5700.0,0.2003256515812719,0.5,2,1091760.0,azure_vm_real_slice
9594,1976400.0,56700.0,0.10942336544835551,0.05,0,2106810.0,azure_vm_real_slice
9595,0.0,2591400.0,0.6025304370121385,0.125,1,5312370.0,azure_vm_real_slice
9596,244500.0,900.0,0.07726900081047218,0.125,0,246570.0,azure_vm_real_slice
9597,1506600.0,900.0,0.05,0.5,0,1508670.0,azure_vm_real_slice
9598,55200.0,600.0,0.12164393003702605,0.5,0,56580.0,azure_vm_real_slice
9599,1003200.0,300.0,0.05,0.0625,0,1003890.0,azure_vm_real_slice
9600,1844700.0,900.0,0.17813098928945564,0.125,0,1846770.0,azure_vm_real_slice
9601,666600.0,600.0,0.30029642138583357,0.125,0,667980.0,azure_vm_real_slice
9602,0.0,2700.0,0.43066996438044636,0.125,1,5534.999999999999,azure_vm_real_slice
9603,585900.0,3000.0,0.12369970128306033,0.125,0,592800.0,azure_vm_real_slice
9604,642300.0,1800.0,0.05,1.0,2,645540.0,azure_vm_real_slice
9605,0.0,2591400.0,0.05,0.0625,0,5960220.0,azure_vm_real_slice
9606,750900.0,300.0,0.30243842661214426,0.05,0,751590.0,azure_vm_real_slice
9607,0.0,2100.0,0.05,0.5,0,4830.0,azure_vm_real_slice
9608,1735800.0,300.0,0.05,0.125,0,1736490.0,azure_vm_real_slice
9609,0.0,2400.0,0.27697208409864055,0.125,0,5520.0,azure_vm_real_slice
9610,109800.0,7500.0,0.08362927048867722,0.125,0,127050.0,azure_vm_real_slice
9611,291300.0,600.0,0.05,0.5,0,292680.0,azure_vm_real_slice
9612,603600.0,1500.0,0.21548013317159642,0.125,0,607050.0,azure_vm_real_slice
9613,0.0,88800.0,0.05,0.05,0,204239.99999999997,azure_vm_real_slice
9614,0.0,1800.0,0.05,0.5,0,4140.0,azure_vm_real_slice
9615,452100.0,300.0,0.05,0.5,0,452790.0,azure_vm_real_slice
9616,419700.0,900.0,0.05,0.125,0,421770.0,azure_vm_real_slice
9617,685800.0,7500.0,0.700057106691705,0.0625,1,701175.0,azure_vm_real_slice
9618,984000.0,900.0,0.06419330225460758,0.5,0,986070.0,azure_vm_real_slice
9619,1653000.0,3600.0,0.3357581846786299,0.5,2,1659480.0,azure_vm_real_slice
9620,901800.0,900.0,0.05,0.5,0,903870.0,azure_vm_real_slice
9621,1944300.0,300.0,0.133976694465939,0.05,0,1944990.0,azure_vm_real_slice
9622,887100.0,300.0,0.05,0.5,0,887790.0,azure_vm_real_slice
9623,1572000.0,900.0,0.39773101136981376,0.05,1,1573845.0,azure_vm_real_slice
9624,687300.0,4200.0,0.14667063562682522,0.05,0,696960.0,azure_vm_real_slice
9625,1328400.0,4500.0,0.15343417243418145,0.5,2,1336500.0,azure_vm_real_slice
9626,0.0,2100.0,0.11700325485465765,0.5,2,3779.9999999999995,azure_vm_real_slice
9627,1774500.0,258600.0,0.05,0.0625,0,2369280.0,azure_vm_real_slice
9628,877200.0,600.0,0.10113937759161105,0.125,0,878580.0,azure_vm_real_slice
9629,0.0,900.0,0.05,0.0625,0,2070.0,azure_vm_real_slice
9630,0.0,3900.0,0.4514422345337617,0.5,1,7994.999999999999,azure_vm_real_slice
9631,1903800.0,27000.0,0.05,0.05,0,1965900.0,azure_vm_real_slice
9632,680700.0,2700.0,0.1557550283870306,0.0625,0,686910.0,azure_vm_real_slice
9633,0.0,600.0,0.5689737985944935,0.5,1,1230.0,azure_vm_real_slice
9634,1721400.0,5700.0,0.32556997192500176,0.0625,0,1734510.0,azure_vm_real_slice
9635,1032900.0,10200.0,0.24623067358230344,0.125,0,1056360.0,azure_vm_real_slice
9636,0.0,46500.0,0.05,0.125,0,106949.99999999999,azure_vm_real_slice
9637,0.0,2400.0,0.05,0.5,0,5520.0,azure_vm_real_slice
9638,528000.0,300.0,0.05,1.0,2,528540.0,azure_vm_real_slice
9639,186600.0,55500.0,0.44471320927922325,0.0625,1,300375.0,azure_vm_real_slice
9640,218100.0,20100.0,0.24783224814784982,0.125,0,264330.0,azure_vm_real_slice
9641,0.0,6900.0,0.06721582021715054,0.125,0,15869.999999999998,azure_vm_real_slice
9642,603600.0,300.0,0.12247003656186817,0.125,0,604290.0,azure_vm_real_slice
9643,0.0,2400.0,0.05,0.5,0,5520.0,azure_vm_real_slice
9644,0.0,244500.0,0.05,0.125,0,562350.0,azure_vm_real_slice
9645,1645200.0,300.0,0.06766257303618362,0.125,0,1645890.0,azure_vm_real_slice
9646,0.0,600.0,0.06858866756856859,0.5,0,1380.0,azure_vm_real_slice
9647,282000.0,300.0,0.05300346297686813,0.125,0,282690.0,azure_vm_real_slice
9648,0.0,900.0,0.05,0.5,0,2070.0,azure_vm_real_slice
9649,1590600.0,1200.0,0.05,0.125,0,1593360.0,azure_vm_real_slice
9650,1234200.0,300.0,0.8502076611679519,0.0625,2,1234740.0,azure_vm_real_slice
9651,501000.0,106200.0,0.5409168257348875,0.5,1,718710.0,azure_vm_real_slice
9652,1658700.0,3600.0,0.05,0.125,0,1666980.0,azure_vm_real_slice
9653,1148400.0,300.0,0.05,0.125,0,1149090.0,azure_vm_real_slice
9654,919500.0,600.0,0.6249698838614713,0.0625,1,920730.0,azure_vm_real_slice
9655,1369500.0,300.0,0.05,0.5,0,1370190.0,azure_vm_real_slice
9656,0.0,2591400.0,0.08475326158488855,0.05,0,5960220.0,azure_vm_real_slice
9657,0.0,86100.0,0.05,0.125,0,198029.99999999997,azure_vm_real_slice
9658,1600200.0,12900.0,0.05,0.125,0,1629870.0,azure_vm_real_slice
9659,1913400.0,2100.0,0.05,0.5,0,1918230.0,azure_vm_real_slice
9660,626700.0,300.0,0.05,0.0625,0,627390.0,azure_vm_real_slice
9661,0.0,300.0,0.2581726143068515,0.5,0,690.0,azure_vm_real_slice
9662,1471800.0,77400.0,0.2604210132260771,0.05,0,1649820.0,azure_vm_real_slice
9663,741900.0,600.0,0.05,0.5,0,743280.0,azure_vm_real_slice
9664,2011500.0,14100.0,0.2920244162390679,0.05,0,2043930.0,azure_vm_real_slice
9665,1584300.0,41100.0,0.4032629860062899,0.05,1,1668555.0,azure_vm_real_slice
9666,1682100.0,900.0,0.05,0.125,0,1684170.0,azure_vm_real_slice
9667,1868700.0,1800.0,0.25324995986274335,0.5,0,1872840.0,azure_vm_real_slice
9668,581700.0,90300.0,0.1294989886270515,0.05,0,789390.0,azure_vm_real_slice
9669,0.0,900.0,0.18896711390270643,0.0625,0,2070.0,azure_vm_real_slice
9670,974400.0,2400.0,0.20650561919502175,0.125,0,979920.0,azure_vm_real_slice
9671,0.0,600.0,0.06571030792559177,0.125,0,1380.0,azure_vm_real_slice
9672,0.0,5100.0,0.1592404863521646,0.5,0,11730.0,azure_vm_real_slice
9673,743400.0,1800.0,0.24082403836427185,0.0625,0,747540.0,azure_vm_real_slice
9674,279900.0,1500.0,0.19138891222468923,0.0625,0,283350.0,azure_vm_real_slice
9675,1950300.0,1500.0,0.05,0.0625,0,1953750.0,azure_vm_real_slice
9676,920100.0,600.0,0.05,0.125,0,921480.0,azure_vm_real_slice
9677,0.0,65700.0,0.19696176534479995,0.0625,0,151110.0,azure_vm_real_slice
9678,614400.0,300.0,0.2772465456529175,0.125,0,615090.0,azure_vm_real_slice
9679,0.0,2591400.0,0.17187965022979734,0.5,2,4664520.0,azure_vm_real_slice
9680,161100.0,1500.0,0.1522376536779165,0.0625,0,164550.0,azure_vm_real_slice
9681,0.0,2591400.0,0.05,0.0625,0,5960220.0,azure_vm_real_slice
9682,1888200.0,3600.0,0.07494810085757536,0.0625,0,1896480.0,azure_vm_real_slice
9683,583500.0,10200.0,0.05,0.5,0,606960.0,azure_vm_real_slice
9684,29400.0,1500.0,0.09983426248085495,0.125,0,32850.0,azure_vm_real_slice
9685,0.0,1716600.0,0.18096060858183616,0.5,0,3948179.9999999995,azure_vm_real_slice
9686,1764300.0,2400.0,0.1891838440775327,0.5,0,1769820.0,azure_vm_real_slice
9687,628500.0,82500.0,0.05,0.0625,0,818250.0,azure_vm_real_slice
9688,484200.0,24000.0,0.05,0.125,0,539400.0,azure_vm_real_slice
9689,1801500.0,4500.0,0.07593415035933475,0.05,0,1811850.0,azure_vm_real_slice
9690,0.0,1200.0,0.3606632164802502,0.5,1,2460.0,azure_vm_real_slice
9691,1083300.0,105000.0,0.37175473975005136,0.0625,1,1298550.0,azure_vm_real_slice
9692,0.0,300.0,0.3051925073669264,0.0625,0,690.0,azure_vm_real_slice
9693,1251900.0,5400.0,0.09714889298595185,0.125,0,1264320.0,azure_vm_real_slice
9694,189000.0,300.0,0.05,0.0625,0,189690.0,azure_vm_real_slice
9695,1765800.0,11700.0,0.30325547486989535,0.5,0,1792710.0,azure_vm_real_slice
9696,670200.0,900.0,0.05,0.125,0,672270.0,azure_vm_real_slice
9697,481500.0,600.0,0.2225295589170098,0.125,0,482880.0,azure_vm_real_slice
9698,0.0,300.0,0.10854099422883146,0.125,0,690.0,azure_vm_real_slice
9699,1406400.0,600.0,0.05,0.125,0,1407780.0,azure_vm_real_slice
9700,1420200.0,300.0,0.05,0.0625,0,1420890.0,azure_vm_real_slice
9701,0.0,300.0,0.05,0.125,0,690.0,azure_vm_real_slice
9702,0.0,3600.0,0.40405246994597294,0.125,1,7379.999999999999,azure_vm_real_slice
9703,681900.0,11100.0,0.05,0.5,0,707430.0,azure_vm_real_slice
9704,718500.0,300.0,0.05,0.5,0,719190.0,azure_vm_real_slice
9705,576600.0,2400.0,0.05,0.5,0,582120.0,azure_vm_real_slice
9706,0.0,7500.0,0.1491321347640349,0.125,0,17250.0,azure_vm_real_slice
9707,1862100.0,600.0,0.05,0.5,0,1863480.0,azure_vm_real_slice
9708,674100.0,900.0,0.28606392672033065,0.125,0,676170.0,azure_vm_real_slice
9709,0.0,2591400.0,0.14531970616883413,0.05,0,5960220.0,azure_vm_real_slice
9710,1089300.0,12300.0,0.05,0.125,0,1117590.0,azure_vm_real_slice
9711,54300.0,599100.0,0.05,0.0625,0,1432230.0,azure_vm_real_slice
9712,199200.0,300.0,0.05,0.125,0,199890.0,azure_vm_real_slice
9713,477600.0,1500.0,0.23024475015299867,0.125,0,481050.0,azure_vm_real_slice
9714,1985100.0,1800.0,0.19035459763889434,0.5,0,1989240.0,azure_vm_real_slice
9715,1930500.0,2100.0,0.11034032044413414,0.125,0,1935330.0,azure_vm_real_slice
9716,1046700.0,70200.0,0.3338111305033251,0.125,0,1208160.0,azure_vm_real_slice
9717,1777200.0,300.0,0.05,0.5,0,1777890.0,azure_vm_real_slice
9718,2020800.0,12300.0,0.5887450340504636,0.5,1,2046015.0,azure_vm_real_slice
9719,1829700.0,10800.0,0.06263259382525618,0.5,2,1849140.0,azure_vm_real_slice
9720,1352100.0,190200.0,0.4175878814873205,0.05,1,1742010.0,azure_vm_real_slice
9721,476400.0,600.0,0.05,0.5,0,477780.0,azure_vm_real_slice
9722,861000.0,300.0,0.05,0.0625,0,861690.0,azure_vm_real_slice
9723,1347300.0,600.0,0.05,0.125,0,1348680.0,azure_vm_real_slice
9724,386400.0,3000.0,0.26624525388054093,0.0625,0,393300.0,azure_vm_real_slice
9725,1212300.0,76500.0,0.08671035137205481,0.125,0,1388250.0,azure_vm_real_slice
9726,0.0,600.0,0.14852371545547047,0.05,0,1380.0,azure_vm_real_slice
9727,436200.0,2700.0,0.05,0.0625,0,442410.0,azure_vm_real_slice
9728,0.0,103800.0,0.07535266867585698,0.125,0,238739.99999999997,azure_vm_real_slice
9729,0.0,2100.0,0.08059714122682055,0.0625,0,4830.0,azure_vm_real_slice
9730,34200.0,1500.0,0.36672429368627496,0.5,1,37275.0,azure_vm_real_slice
9731,1570800.0,2100.0,0.4261575821950109,0.05,1,1575105.0,azure_vm_real_slice
9732,331800.0,2100.0,0.4215548413401214,0.5,1,336105.0,azure_vm_real_slice
9733,0.0,7800.0,0.4192157875915242,0.0625,1,15989.999999999998,azure_vm_real_slice
9734,0.0,600.0,0.05,0.5,0,1380.0,azure_vm_real_slice
9735,136200.0,4500.0,0.0918030652814117,0.5,0,146550.0,azure_vm_real_slice
9736,1722300.0,60300.0,0.05,0.0625,0,1860990.0,azure_vm_real_slice
9737,0.0,1800.0,0.209241748830613,0.125,0,4140.0,azure_vm_real_slice
9738,1842300.0,600.0,0.16237845711437354,0.125,0,1843680.0,azure_vm_real_slice
9739,251700.0,1200.0,0.18592048296691835,0.125,0,254460.0,azure_vm_real_slice
9740,0.0,2591400.0,0.15123869838811652,0.5,0,5960220.0,azure_vm_real_slice
9741,1707000.0,1200.0,0.05693744779028093,0.125,0,1709760.0,azure_vm_real_slice
9742,0.0,600.0,0.06244657578957241,0.125,0,1380.0,azure_vm_real_slice
9743,1398300.0,4500.0,0.09950656105961489,0.125,0,1408650.0,azure_vm_real_slice
9744,1366200.0,900.0,0.05,0.5,2,1367820.0,azure_vm_real_slice
9745,16800.0,600.0,0.43675024359869496,0.125,1,18030.0,azure_vm_real_slice
9746,953700.0,900.0,0.05,0.5,2,955320.0,azure_vm_real_slice
9747,1247100.0,87900.0,0.3367952379675547,0.5,0,1449270.0,azure_vm_real_slice
9748,1612800.0,8700.0,0.07282880298847921,0.5,2,1628460.0,azure_vm_real_slice
9749,828600.0,900.0,0.1189582869241376,0.125,0,830670.0,azure_vm_real_slice
9750,0.0,2100.0,0.6016183600215304,0.05,1,4305.0,azure_vm_real_slice
9751,31200.0,143100.0,0.05,0.5,0,360330.0,azure_vm_real_slice
9752,1338300.0,600.0,0.05,0.5,0,1339680.0,azure_vm_real_slice
9753,603900.0,2400.0,0.4860518843561954,0.125,1,608820.0,azure_vm_real_slice
9754,1268400.0,600.0,0.05,0.5,0,1269780.0,azure_vm_real_slice
9755,1752600.0,2100.0,0.05,0.5,0,1757430.0,azure_vm_real_slice
9756,1251600.0,27300.0,0.24588817830960974,0.125,0,1314390.0,azure_vm_real_slice
9757,297900.0,300.0,0.1859556564152278,0.125,0,298590.0,azure_vm_real_slice
9758,332100.0,2700.0,0.11151649478203078,0.5,2,336960.0,azure_vm_real_slice
9759,174600.0,600.0,0.05,0.5,0,175980.0,azure_vm_real_slice
9760,0.0,300.0,0.05299411219807741,0.125,0,690.0,azure_vm_real_slice
9761,760500.0,1500.0,0.05,0.0625,0,763950.0,azure_vm_real_slice
9762,54000.0,1800.0,0.22244327915491158,0.125,0,58140.0,azure_vm_real_slice
9763,1750200.0,19200.0,0.14822122600116383,0.125,0,1794360.0,azure_vm_real_slice
9764,1312800.0,43800.0,0.43343349055807356,0.0625,1,1402590.0,azure_vm_real_slice
9765,0.0,4200.0,0.644581815532545,0.5,1,8610.0,azure_vm_real_slice
9766,0.0,3600.0,0.0789402423801163,0.0625,0,8280.0,azure_vm_real_slice
9767,1706100.0,19800.0,0.33963514073566065,0.5,0,1751640.0,azure_vm_real_slice
9768,601800.0,2400.0,0.5991063140556334,0.125,1,606720.0,azure_vm_real_slice
9769,800100.0,6600.0,0.496140654522458,0.5,1,813630.0,azure_vm_real_slice
9770,1773300.0,5700.0,0.5058001498110094,0.5,1,1784985.0,azure_vm_real_slice
9771,1269900.0,600.0,0.05,0.125,0,1271280.0,azure_vm_real_slice
9772,1441800.0,300.0,0.05,0.125,0,1442490.0,azure_vm_real_slice
9773,66600.0,1200.0,0.08955397232957144,0.125,0,69360.0,azure_vm_real_slice
9774,722100.0,2700.0,0.05,0.5,0,728310.0,azure_vm_real_slice
9775,0.0,1200.0,0.10859727224474253,0.125,0,2760.0,azure_vm_real_slice
9776,1411500.0,600.0,0.76361617484016,0.5,2,1412580.0,azure_vm_real_slice
9777,1812600.0,300.0,0.05,0.0625,0,1813290.0,azure_vm_real_slice
9778,0.0,300.0,0.05,0.5,0,690.0,azure_vm_real_slice
9779,1571700.0,1200.0,0.4557985565474907,0.05,1,1574160.0,azure_vm_real_slice
9780,0.0,1500.0,0.05,0.0625,0,3449.9999999999995,azure_vm_real_slice
9781,877500.0,1200.0,0.2032072911027394,0.05,0,880260.0,azure_vm_real_slice
9782,1167300.0,1200.0,0.34401844560679,0.5,0,1170060.0,azure_vm_real_slice
9783,485700.0,10500.0,0.05,0.125,0,509850.0,azure_vm_real_slice
9784,1082100.0,300.0,0.18529850571622405,0.5,0,1082790.0,azure_vm_real_slice
9785,1075500.0,18900.0,0.3890116211760341,0.125,1,1114245.0,azure_vm_real_slice
9786,1317300.0,47400.0,0.794909840263341,0.5,2,1402620.0,azure_vm_real_slice
9787,615300.0,300.0,0.05,0.5,0,615990.0,azure_vm_real_slice
9788,348900.0,15000.0,0.06163393565701872,0.125,0,383400.0,azure_vm_real_slice
9789,1171800.0,7500.0,0.11186178513431363,0.05,0,1189050.0,azure_vm_real_slice
9790,2017800.0,3900.0,0.05272996606843514,0.05,0,2026770.0,azure_vm_real_slice
9791,126300.0,1500.0,0.37823323135912595,0.125,1,129375.0,azure_vm_real_slice
9792,546900.0,2100.0,0.05,0.5,0,551730.0,azure_vm_real_slice
9793,1942500.0,90600.0,0.05,0.5,0,2150880.0,azure_vm_real_slice
9794,1248300.0,300.0,0.25881071738918926,0.5,0,1248990.0,azure_vm_real_slice
9795,1773000.0,1500.0,0.05,0.5,0,1776450.0,azure_vm_real_slice
9796,387300.0,600.0,0.0755947716273872,0.125,0,388680.0,azure_vm_real_slice
9797,0.0,600.0,0.07749238615573256,0.125,0,1380.0,azure_vm_real_slice
9798,0.0,2591400.0,0.15940743183083203,0.05,0,5960220.0,azure_vm_real_slice
9799,1523400.0,1200.0,0.1456408186801228,0.125,0,1526160.0,azure_vm_real_slice
9800,0.0,16500.0,0.32871095115837007,0.125,0,37950.0,azure_vm_real_slice
9801,0.0,1500.0,0.05,0.0625,0,3449.9999999999995,azure_vm_real_slice
9802,0.0,2591400.0,0.055403484568557024,0.0625,0,5960220.0,azure_vm_real_slice
9803,0.0,43200.0,0.6351631928648003,0.5,1,88559.99999999999,azure_vm_real_slice
9804,1157700.0,875400.0,0.2044029588145189,0.5,0,3171120.0,azure_vm_real_slice
9805,0.0,900.0,0.08666653403038975,0.125,0,2070.0,azure_vm_real_slice
9806,1413600.0,300.0,0.1294409306718006,0.05,0,1414290.0,azure_vm_real_slice
9807,338400.0,5700.0,0.05,0.5,0,351510.0,azure_vm_real_slice
9808,0.0,1500.0,0.2641346225959505,0.125,0,3449.9999999999995,azure_vm_real_slice
9809,7800.0,300.0,0.10687357165519934,0.125,0,8490.0,azure_vm_real_slice
9810,138000.0,3600.0,0.20435589840305413,0.0625,0,146280.0,azure_vm_real_slice
9811,0.0,300.0,0.05,0.05,0,690.0,azure_vm_real_slice
9812,743700.0,10200.0,0.3290033212059126,0.125,0,767160.0,azure_vm_real_slice
9813,1316100.0,300.0,0.05,0.125,0,1316790.0,azure_vm_real_slice
9814,96300.0,300.0,0.42123466439584734,0.05,1,96915.0,azure_vm_real_slice
9815,1660200.0,900.0,0.11928059921835825,0.125,0,1662270.0,azure_vm_real_slice
9816,0.0,600.0,0.05,0.0625,0,1380.0,azure_vm_real_slice
9817,381000.0,1800.0,0.05,0.5,2,384240.0,azure_vm_real_slice
9818,969900.0,600.0,0.05,0.125,0,971280.0,azure_vm_real_slice
9819,1331700.0,2100.0,0.05,0.5,0,1336530.0,azure_vm_real_slice
9820,720000.0,3900.0,0.12503677602563168,0.125,0,728970.0,azure_vm_real_slice
9821,0.0,300.0,0.05632254906441558,0.0625,0,690.0,azure_vm_real_slice
9822,182700.0,12000.0,0.35883100025861964,0.125,1,207300.0,azure_vm_real_slice
9823,116100.0,2400.0,0.05,0.5,0,121620.0,azure_vm_real_slice
9824,0.0,9900.0,0.3638690606809499,0.125,1,20295.0,azure_vm_real_slice
9825,0.0,300.0,0.06875641070003378,0.125,0,690.0,azure_vm_real_slice
9826,465900.0,2100.0,0.05,0.0625,0,470730.0,azure_vm_real_slice
9827,0.0,3300.0,0.3728532393377522,0.125,1,6764.999999999999,azure_vm_real_slice
9828,0.0,1500.0,0.10743165519203556,0.05,0,3449.9999999999995,azure_vm_real_slice
9829,18600.0,300.0,0.05,0.5,2,19140.0,azure_vm_real_slice
9830,1572900.0,16800.0,0.05,0.5,0,1611540.0,azure_vm_real_slice
9831,18900.0,26100.0,0.2184435918351858,0.05,0,78930.0,azure_vm_real_slice
9832,365700.0,2100.0,0.3478583086465838,0.05,0,370530.0,azure_vm_real_slice
9833,226500.0,300.0,0.07108097313426347,0.125,0,227190.0,azure_vm_real_slice
9834,1762200.0,1800.0,0.05,0.5,0,1766340.0,azure_vm_real_slice
9835,984600.0,10800.0,0.3867665398005324,0.0625,1,1006740.0,azure_vm_real_slice
9836,528000.0,300.0,0.05,1.0,2,528540.0,azure_vm_real_slice
9837,399900.0,3000.0,0.4512789240204383,0.05,1,406050.0,azure_vm_real_slice
9838,182100.0,2400.0,0.05,0.5,0,187620.0,azure_vm_real_slice
9839,0.0,19500.0,0.05,0.125,0,44850.0,azure_vm_real_slice
9840,0.0,300.0,0.05,0.5,0,690.0,azure_vm_real_slice
9841,353700.0,900.0,0.05,0.5,0,355770.0,azure_vm_real_slice
9842,0.0,3000.0,0.2021279917672964,0.5,0,6899.999999999999,azure_vm_real_slice
9843,0.0,2100.0,0.17071572245692138,0.0625,0,4830.0,azure_vm_real_slice
9844,1778400.0,2400.0,0.05,0.5,2,1782720.0,azure_vm_real_slice
9845,12000.0,900.0,0.16922269557370612,0.125,0,14070.0,azure_vm_real_slice
9846,0.0,600.0,0.2975856294664618,0.05,0,1380.0,azure_vm_real_slice
9847,1050600.0,300.0,0.05,0.5,0,1051290.0,azure_vm_real_slice
9848,0.0,300.0,0.05,0.125,0,690.0,azure_vm_real_slice
9849,887700.0,4800.0,0.05,0.125,0,898740.0,azure_vm_real_slice
9850,0.0,4800.0,0.05,0.0625,0,11040.0,azure_vm_real_slice
9851,0.0,2700.0,0.05,0.5,0,6209.999999999999,azure_vm_real_slice
9852,941700.0,900.0,0.05,1.0,2,943320.0,azure_vm_real_slice
9853,0.0,300.0,0.09201786878108305,0.125,0,690.0,azure_vm_real_slice
9854,177300.0,300.0,0.43180630164035366,0.5,1,177915.0,azure_vm_real_slice
9855,0.0,900.0,0.4885149836259967,0.05,1,1844.9999999999998,azure_vm_real_slice
9856,0.0,1500.0,0.4283828047260101,0.125,1,3074.9999999999995,azure_vm_real_slice
9857,561300.0,300.0,0.05,0.5,2,561840.0,azure_vm_real_slice
9858,0.0,47100.0,0.09586920506468295,0.5,2,84779.99999999999,azure_vm_real_slice
9859,0.0,900.0,0.1400367754118471,0.5,2,1619.9999999999998,azure_vm_real_slice
9860,775800.0,178200.0,0.05,0.0625,0,1185660.0,azure_vm_real_slice
9861,0.0,1186200.0,0.09372252447203369,0.5,2,2135160.0,azure_vm_real_slice
9862,1540500.0,1200.0,0.05,0.5,0,1543260.0,azure_vm_real_slice
9863,814800.0,6900.0,0.7687913367481911,0.5,2,827220.0,azure_vm_real_slice
9864,159900.0,300.0,0.05,0.5,0,160590.0,azure_vm_real_slice
9865,0.0,86100.0,0.05,0.125,0,198029.99999999997,azure_vm_real_slice
9866,0.0,300.0,0.0783090063484742,0.125,0,690.0,azure_vm_real_slice
9867,0.0,2591400.0,0.265833996444895,0.5,2,4664520.0,azure_vm_real_slice
9868,0.0,600.0,0.08756688503835415,0.125,0,1380.0,azure_vm_real_slice
9869,1111800.0,600.0,0.35357409794995276,0.0625,1,1113030.0,azure_vm_real_slice
9870,0.0,896700.0,0.05,0.125,0,2062409.9999999998,azure_vm_real_slice
9871,0.0,2591400.0,0.05,0.0625,0,5960220.0,azure_vm_real_slice
9872,1702500.0,300.0,0.14681334227965742,0.125,0,1703190.0,azure_vm_real_slice
9873,0.0,7800.0,0.2096344773979421,0.125,0,17940.0,azure_vm_real_slice
9874,0.0,3300.0,0.15260961441735746,0.5,0,7589.999999999999,azure_vm_real_slice
9875,683100.0,1200.0,0.05,0.0625,0,685860.0,azure_vm_real_slice
9876,0.0,300.0,0.05,0.0625,0,690.0,azure_vm_real_slice
9877,835200.0,13200.0,0.2586918406643621,0.0625,0,865560.0,azure_vm_real_slice
9878,0.0,400800.0,0.05,0.0625,0,921839.9999999999,azure_vm_real_slice
9879,1821000.0,21300.0,0.0713704111942355,0.125,0,1869990.0,azure_vm_real_slice
9880,396600.0,300.0,0.09506702239197658,0.125,0,397290.0,azure_vm_real_slice
9881,1004100.0,300.0,0.05,0.5,0,1004790.0,azure_vm_real_slice
9882,1726500.0,900.0,0.6307582814511543,0.5,1,1728345.0,azure_vm_real_slice
9883,815400.0,1500.0,0.21536451883588317,0.0625,0,818850.0,azure_vm_real_slice
9884,0.0,1500.0,0.05,0.125,0,3449.9999999999995,azure_vm_real_slice
9885,0.0,2591400.0,0.1298684048175968,0.5,0,5960220.0,azure_vm_real_slice
9886,0.0,2591400.0,0.05,0.125,0,5960220.0,azure_vm_real_slice
9887,501300.0,600.0,0.05,0.125,0,502680.0,azure_vm_real_slice
9888,162300.0,2400.0,0.05,0.5,0,167820.0,azure_vm_real_slice
9889,1101300.0,300.0,0.05,0.125,0,1101990.0,azure_vm_real_slice
9890,1408500.0,600.0,0.05,0.125,0,1409880.0,azure_vm_real_slice
9891,1876800.0,600.0,0.09230458449135086,0.05,0,1878180.0,azure_vm_real_slice
9892,0.0,300.0,0.05,0.125,0,690.0,azure_vm_real_slice
9893,1538400.0,300.0,0.05,0.125,0,1539090.0,azure_vm_real_slice
9894,0.0,2400.0,0.19195259155481728,0.125,0,5520.0,azure_vm_real_slice
9895,252600.0,600.0,0.05,1.0,2,253680.0,azure_vm_real_slice
9896,1938000.0,1800.0,0.19198748712265903,0.125,0,1942140.0,azure_vm_real_slice
9897,1521300.0,86100.0,0.05,0.05,0,1719330.0,azure_vm_real_slice
9898,1758000.0,2400.0,0.05,0.5,0,1763520.0,azure_vm_real_slice
9899,14700.0,300.0,0.05,0.5,0,15390.0,azure_vm_real_slice
9900,1617900.0,11400.0,0.5846311429676893,0.125,1,1641270.0,azure_vm_real_slice
9901,312300.0,82200.0,0.663395516024444,0.5,1,480810.0,azure_vm_real_slice
9902,686700.0,900.0,0.2609325814369856,0.5,0,688770.0,azure_vm_real_slice
9903,0.0,1800.0,0.21403887808311708,0.125,0,4140.0,azure_vm_real_slice
9904,213000.0,48600.0,0.09565460059269854,0.0625,0,324780.0,azure_vm_real_slice
9905,1778400.0,2400.0,0.05,0.5,2,1782720.0,azure_vm_real_slice
9906,0.0,2591400.0,0.05,0.125,0,5960220.0,azure_vm_real_slice
9907,0.0,102000.0,0.05,0.5,0,234599.99999999997,azure_vm_real_slice
9908,0.0,300.0,0.07423919635594096,0.125,0,690.0,azure_vm_real_slice
9909,688500.0,300.0,0.05002303176456382,0.5,2,689040.0,azure_vm_real_slice
9910,414000.0,300.0,0.05,0.5,2,414540.0,azure_vm_real_slice
9911,1590300.0,900.0,0.1039939253578329,0.125,0,1592370.0,azure_vm_real_slice
9912,1489200.0,600.0,0.10739052579824185,0.125,0,1490580.0,azure_vm_real_slice
9913,1594200.0,900.0,0.1309389138704195,0.5,0,1596270.0,azure_vm_real_slice
9914,0.0,600.0,0.11282134465827257,0.125,0,1380.0,azure_vm_real_slice
9915,335400.0,900.0,0.05,0.125,0,337470.0,azure_vm_real_slice
9916,1473900.0,3900.0,0.18698809946322947,0.5,2,1480920.0,azure_vm_real_slice
9917,447300.0,75900.0,0.32994603411946366,0.0625,0,621870.0,azure_vm_real_slice
9918,665700.0,600.0,0.05,0.5,2,666780.0,azure_vm_real_slice
9919,875700.0,600.0,0.05,0.125,0,877080.0,azure_vm_real_slice
9920,978000.0,1200.0,0.16179963168978997,0.05,0,980760.0,azure_vm_real_slice
9921,1171500.0,1200.0,0.05,0.5,0,1174260.0,azure_vm_real_slice
9922,495000.0,2400.0,0.05,0.5,0,500520.0,azure_vm_real_slice
9923,0.0,1200.0,0.476565068620245,0.0625,1,2460.0,azure_vm_real_slice
9924,823500.0,600.0,0.05,0.5,0,824880.0,azure_vm_real_slice
9925,2014500.0,3000.0,0.05,0.0625,0,2021400.0,azure_vm_real_slice
9926,803100.0,300.0,0.05,0.5,0,803790.0,azure_vm_real_slice
9927,1659300.0,300.0,0.1945071142387741,0.125,0,1659990.0,azure_vm_real_slice
9928,485700.0,189900.0,0.05,0.125,0,922470.0,azure_vm_real_slice
9929,181800.0,2100.0,0.474824181179195,0.5,1,186105.0,azure_vm_real_slice
9930,1510500.0,3600.0,0.18705152804521624,0.05,0,1518780.0,azure_vm_real_slice
9931,1055700.0,67200.0,0.05,0.125,0,1210260.0,azure_vm_real_slice
9932,1082400.0,1500.0,0.05,0.5,0,1085850.0,azure_vm_real_slice
9933,438300.0,600.0,0.0659948576764499,0.05,0,439680.0,azure_vm_real_slice
9934,1683600.0,14100.0,0.05,0.125,0,1716030.0,azure_vm_real_slice
9935,0.0,2100.0,0.11506294630952058,0.5,2,3779.9999999999995,azure_vm_real_slice
9936,105900.0,2100.0,0.05,0.5,0,110730.0,azure_vm_real_slice
9937,1050000.0,600.0,0.05,0.0625,0,1051380.0,azure_vm_real_slice
9938,18900.0,41100.0,0.7737468467263207,0.5,2,92879.99999999999,azure_vm_real_slice
9939,1949700.0,3600.0,0.39333286871897966,0.05,1,1957080.0,azure_vm_real_slice
9940,1788300.0,300.0,0.1877680259462133,0.0625,0,1788990.0,azure_vm_real_slice
9941,433500.0,600.0,0.05,0.5,0,434880.0,azure_vm_real_slice
9942,0.0,1629300.0,0.05,0.125,0,3747389.9999999995,azure_vm_real_slice
9943,434700.0,1200.0,0.1966831227366162,0.125,0,437460.0,azure_vm_real_slice
9944,1434300.0,40800.0,0.05,0.05,0,1528140.0,azure_vm_real_slice
9945,1676100.0,32100.0,0.33564119977514073,0.125,0,1749930.0,azure_vm_real_slice
9946,0.0,1800.0,0.05,0.5,0,4140.0,azure_vm_real_slice
9947,592200.0,13800.0,0.05268136174682291,0.125,0,623940.0,azure_vm_real_slice
9948,400800.0,1200.0,0.05,0.125,0,403560.0,azure_vm_real_slice
9949,1572300.0,3000.0,0.5910196124168191,0.05,1,1578450.0,azure_vm_real_slice
9950,4500.0,300.0,0.07195220393605767,0.125,0,5190.0,azure_vm_real_slice
9951,1754400.0,600.0,0.10594363453837667,0.5,0,1755780.0,azure_vm_real_slice
9952,1920300.0,3600.0,0.6179886031785866,0.125,1,1927680.0,azure_vm_real_slice
9953,0.0,15000.0,0.05,0.05,0,34500.0,azure_vm_real_slice
9954,1702800.0,300.0,0.15967989115049375,0.125,0,1703490.0,azure_vm_real_slice
9955,86400.0,48000.0,0.1745596167080497,0.125,0,196800.0,azure_vm_real_slice
9956,1374000.0,1200.0,0.511227222282812,0.125,1,1376460.0,azure_vm_real_slice
9957,1012500.0,4500.0,0.06142513818181132,0.125,0,1022850.0,azure_vm_real_slice
9958,0.0,900.0,0.05,0.125,0,2070.0,azure_vm_real_slice
9959,515700.0,1200.0,0.05,0.125,0,518460.0,azure_vm_real_slice
9960,1074000.0,29700.0,0.7797575123519996,0.5,2,1127460.0,azure_vm_real_slice
9961,1450500.0,9900.0,0.7152284997915423,0.5,1,1470795.0,azure_vm_real_slice
9962,550500.0,300.0,0.09948975041142903,0.125,0,551190.0,azure_vm_real_slice
9963,1167000.0,300.0,0.05,0.0625,0,1167690.0,azure_vm_real_slice
9964,81000.0,600.0,0.21643873069004374,0.0625,0,82380.0,azure_vm_real_slice
9965,1903200.0,300.0,0.39104173404121817,0.125,1,1903815.0,azure_vm_real_slice
9966,1651200.0,300.0,0.0683314779925473,0.125,0,1651890.0,azure_vm_real_slice
9967,581400.0,1451700.0,0.08765803227961383,0.05,0,3920309.9999999995,azure_vm_real_slice
9968,1556700.0,1200.0,0.3866830722232813,0.05,1,1559160.0,azure_vm_real_slice
9969,0.0,6600.0,0.061063272318270474,0.125,0,15179.999999999998,azure_vm_real_slice
9970,0.0,2591400.0,0.10202793700188728,0.05,0,5960220.0,azure_vm_real_slice
9971,921000.0,600.0,0.05,0.5,0,922380.0,azure_vm_real_slice
9972,271500.0,1200.0,0.15578251240961083,0.0625,0,274260.0,azure_vm_real_slice
9973,1640700.0,300.0,0.05,1.0,2,1641240.0,azure_vm_real_slice
9974,0.0,600.0,0.10417462461805299,0.125,0,1380.0,azure_vm_real_slice
9975,570300.0,3600.0,0.6158719631991094,0.05,1,577680.0,azure_vm_real_slice
9976,1932300.0,100800.0,0.4909317571476166,0.05,1,2138940.0,azure_vm_real_slice
9977,0.0,600.0,0.10236636505044049,0.125,0,1380.0,azure_vm_real_slice
9978,1336800.0,696300.0,0.05,0.125,0,2938290.0,azure_vm_real_slice
9979,0.0,2591400.0,0.09732633940393975,0.05,0,5960220.0,azure_vm_real_slice
9980,0.0,97800.0,0.05,0.0625,0,224939.99999999997,azure_vm_real_slice
9981,0.0,3300.0,0.14261347518508669,0.0625,0,7589.999999999999,azure_vm_real_slice
9982,24900.0,300.0,0.05,0.05,0,25590.0,azure_vm_real_slice
9983,903000.0,5400.0,0.12456193616063863,0.5,0,915420.0,azure_vm_real_slice
9984,956700.0,672300.0,0.4571744139974275,0.125,1,2334915.0,azure_vm_real_slice
9985,1315500.0,300.0,0.05,0.05,0,1316190.0,azure_vm_real_slice
9986,0.0,2100.0,0.22516613464341972,0.0625,0,4830.0,azure_vm_real_slice
9987,1600500.0,1200.0,0.27076019934647705,0.05,0,1603260.0,azure_vm_real_slice
9988,1463100.0,1800.0,0.21376142093194272,1.0,2,1466340.0,azure_vm_real_slice
9989,0.0,2591400.0,0.10539623137281116,0.05,0,5960220.0,azure_vm_real_slice
9990,1458000.0,66900.0,0.05,0.0625,0,1611870.0,azure_vm_real_slice
9991,1137600.0,895500.0,0.05821659722041305,0.0625,0,3197250.0,azure_vm_real_slice
9992,1544400.0,1800.0,0.37250758913990434,0.05,1,1548090.0,azure_vm_real_slice
9993,1368600.0,900.0,0.20361618996125583,0.125,0,1370670.0,azure_vm_real_slice
9994,87900.0,2100.0,0.18134315676642657,0.5,0,92730.0,azure_vm_real_slice
9995,1342800.0,2700.0,0.3029250090212289,0.05,0,1349010.0,azure_vm_real_slice
9996,1805100.0,300.0,0.05,0.125,0,1805790.0,azure_vm_real_slice
9997,1647600.0,300.0,0.05,0.05,0,1648290.0,azure_vm_real_slice
9998,4500.0,600.0,0.0558246856174443,0.125,0,5880.0,azure_vm_real_slice
9999,205800.0,300.0,0.05,0.5,0,206490.0,azure_vm_real_slice
10000,1970100.0,900.0,0.06084887869389582,0.125,0,1972170.0,azure_vm_real_slice
10001,1056000.0,600.0,0.05,0.5,0,1057380.0,azure_vm_real_slice
10002,1073700.0,37800.0,0.4009895391846294,0.05,1,1151190.0,azure_vm_real_slice
10003,1040700.0,300.0,0.05,0.5,2,1041240.0,azure_vm_real_slice
10004,246300.0,300.0,0.05,0.5,0,246990.0,azure_vm_real_slice
10005,319200.0,300.0,0.05,0.5,0,319890.0,azure_vm_real_slice
10006,1857000.0,300.0,0.05,0.05,0,1857690.0,azure_vm_real_slice
10007,1419900.0,1500.0,0.28718169896972495,1.0,2,1422600.0,azure_vm_real_slice
10008,1191300.0,3000.0,0.186525837805725,0.125,0,1198200.0,azure_vm_real_slice
10009,278100.0,300.0,0.19182568462539235,0.5,0,278790.0,azure_vm_real_slice
10010,0.0,7500.0,0.05,0.125,0,17250.0,azure_vm_real_slice
10011,1697100.0,300.0,0.10774200582225359,0.05,0,1697790.0,azure_vm_real_slice
10012,291000.0,300.0,0.05,0.125,0,291690.0,azure_vm_real_slice
10013,1447800.0,900.0,0.1133241573057858,0.125,0,1449870.0,azure_vm_real_slice
10014,753000.0,1200.0,0.2126097196861439,0.125,0,755760.0,azure_vm_real_slice
10015,776100.0,1500.0,0.05,0.125,0,779550.0,azure_vm_real_slice
10016,0.0,2591400.0,0.05,0.0625,0,5960220.0,azure_vm_real_slice
10017,0.0,2591400.0,0.09631296224712665,0.05,0,5960220.0,azure_vm_real_slice
10018,0.0,1825200.0,0.05,0.125,0,4197960.0,azure_vm_real_slice
10019,890100.0,600.0,0.05,0.125,0,891480.0,azure_vm_real_slice
10020,1668900.0,300.0,0.05,0.0625,0,1669590.0,azure_vm_real_slice
10021,0.0,2591400.0,0.05,0.0625,0,5960220.0,azure_vm_real_slice
10022,1483800.0,16800.0,0.7472276620559865,0.125,1,1518240.0,azure_vm_real_slice
10023,1639500.0,600.0,0.05,0.125,0,1640880.0,azure_vm_real_slice
10024,1217400.0,900.0,0.05,0.125,0,1219470.0,azure_vm_real_slice
10025,0.0,1800.0,0.17379099109179233,0.125,0,4140.0,azure_vm_real_slice
10026,0.0,1800.0,0.05,0.5,0,4140.0,azure_vm_real_slice
10027,1744500.0,10500.0,0.2268270543372453,0.125,0,1768650.0,azure_vm_real_slice
10028,354000.0,300.0,0.05,0.125,0,354690.0,azure_vm_real_slice
10029,0.0,2591400.0,0.06252962611638792,0.0625,0,5960220.0,azure_vm_real_slice
10030,1087200.0,900.0,0.22780199848468244,0.125,0,1089270.0,azure_vm_real_slice
10031,0.0,1500.0,0.2180905357575799,0.125,0,3449.9999999999995,azure_vm_real_slice
10032,1415700.0,25800.0,0.15489297127401172,0.125,0,1475040.0,azure_vm_real_slice
10033,717600.0,300.0,0.1344073782870727,0.0625,0,718290.0,azure_vm_real_slice
10034,1863600.0,14100.0,0.05,0.125,0,1896030.0,azure_vm_real_slice
10035,406800.0,65400.0,0.13167851971242675,0.0625,0,557220.0,azure_vm_real_slice
10036,1473900.0,1500.0,0.24068093386423794,0.5,2,1476600.0,azure_vm_real_slice
10037,296100.0,1500.0,0.09218944747388631,0.05,0,299550.0,azure_vm_real_slice
10038,1582500.0,30900.0,0.05,0.125,0,1653570.0,azure_vm_real_slice
10039,904500.0,300.0,0.05,0.5,0,905190.0,azure_vm_real_slice
10040,0.0,1445100.0,0.05708780004399852,0.125,0,3323729.9999999995,azure_vm_real_slice
10041,1547400.0,1800.0,0.6824677861555674,0.05,1,1551090.0,azure_vm_real_slice
10042,1048500.0,984600.0,0.05,0.125,0,3313080.0,azure_vm_real_slice
10043,0.0,2591400.0,0.05,0.125,0,5960220.0,azure_vm_real_slice
10044,0.0,2400.0,0.3201888182260983,0.125,0,5520.0,azure_vm_real_slice
10045,1711800.0,1200.0,0.16282311317782963,0.125,0,1714560.0,azure_vm_real_slice
10046,1451100.0,300.0,0.05,0.5,0,1451790.0,azure_vm_real_slice
10047,0.0,1200.0,0.05,0.0625,0,2760.0,azure_vm_real_slice
10048,475800.0,8100.0,0.23526186315891948,0.125,0,494430.0,azure_vm_real_slice
10049,1191000.0,5700.0,0.10655457721087029,0.05,0,1204110.0,azure_vm_real_slice
10050,1309500.0,2100.0,0.5555632754664758,0.05,1,1313805.0,azure_vm_real_slice
10051,696300.0,300.0,0.05,0.5,2,696840.0,azure_vm_real_slice
10052,1707000.0,900.0,0.126859604673336,0.125,0,1709070.0,azure_vm_real_slice
10053,1311300.0,300.0,0.2775645393383382,0.0625,0,1311990.0,azure_vm_real_slice
10054,1480800.0,4200.0,0.143831648685512,0.05,0,1490460.0,azure_vm_real_slice
10055,1582500.0,50100.0,0.18497119923244518,0.125,0,1697730.0,azure_vm_real_slice
10056,889800.0,300.0,0.05,0.5,0,890490.0,azure_vm_real_slice
10057,0.0,900.0,0.1514709245096862,0.0625,0,2070.0,azure_vm_real_slice
10058,1800900.0,300.0,0.05,0.0625,0,1801590.0,azure_vm_real_slice
10059,1223100.0,1800.0,0.05,0.5,0,1227240.0,azure_vm_real_slice
10060,0.0,2591400.0,0.05,0.0625,0,5960220.0,azure_vm_real_slice
10061,1499400.0,533700.0,0.05,0.0625,0,2726910.0,azure_vm_real_slice
10062,1638300.0,3300.0,0.09932154692496223,0.5,0,1645890.0,azure_vm_real_slice
10063,0.0,600.0,0.05,0.125,0,1380.0,azure_vm_real_slice
10064,1362000.0,15600.0,0.05,0.5,0,1397880.0,azure_vm_real_slice
10065,5400.0,11100.0,0.4419323501515066,0.5,1,28154.999999999996,azure_vm_real_slice
10066,255300.0,2100.0,0.06802881533601941,0.125,0,260130.0,azure_vm_real_slice
10067,527400.0,300.0,0.05,0.125,0,528090.0,azure_vm_real_slice
10068,1281000.0,300.0,0.05,0.5,0,1281690.0,azure_vm_real_slice
10069,1511700.0,300.0,0.05898910667185034,0.05,0,1512390.0,azure_vm_real_slice
10070,1880400.0,600.0,0.05,0.125,0,1881780.0,azure_vm_real_slice
10071,0.0,5700.0,0.1377558692388618,0.5,0,13109.999999999998,azure_vm_real_slice
10072,941700.0,900.0,0.05,0.5,0,943770.0,azure_vm_real_slice
10073,0.0,1189500.0,0.05,0.05,0,2735850.0,azure_vm_real_slice
10074,0.0,600.0,0.05105330725845772,0.5,0,1380.0,azure_vm_real_slice
10075,803400.0,900.0,0.1878454241663043,0.0625,0,805470.0,azure_vm_real_slice
10076,462900.0,16200.0,0.500699881935353,0.125,1,496110.0,azure_vm_real_slice
10077,1212000.0,300.0,0.05,0.5,0,1212690.0,azure_vm_real_slice
10078,1678800.0,1500.0,0.0757566555339763,0.5,0,1682250.0,azure_vm_real_slice
10079,0.0,300.0,0.05,0.5,0,690.0,azure_vm_real_slice
10080,384900.0,1200.0,0.22983178372756194,0.125,0,387660.0,azure_vm_real_slice
10081,760500.0,600.0,0.05,0.125,0,761880.0,azure_vm_real_slice
10082,0.0,2100.0,0.1456277802096281,0.05,0,4830.0,azure_vm_real_slice
10083,45000.0,16800.0,0.2567960466731128,0.0625,0,83640.0,azure_vm_real_slice
10084,1765200.0,21900.0,0.15612510885004752,0.5,2,1804620.0,azure_vm_real_slice
10085,1027800.0,4200.0,0.05,1.0,2,1035360.0,azure_vm_real_slice
10086,0.0,10200.0,0.6090253651676505,0.5,1,20910.0,azure_vm_real_slice
10087,1945800.0,1200.0,0.05,1.0,2,1947960.0,azure_vm_real_slice
10088,0.0,3900.0,0.05,0.5,0,8970.0,azure_vm_real_slice
10089,19800.0,1800.0,0.15240169532301243,0.5,0,23940.0,azure_vm_real_slice
10090,653400.0,900.0,0.14343933885130183,0.0625,0,655470.0,azure_vm_real_slice
10091,0.0,2400.0,0.6887459864082703,0.5,1,4920.0,azure_vm_real_slice
10092,0.0,22500.0,0.3151787552849955,0.125,0,51749.99999999999,azure_vm_real_slice
10093,127800.0,1500.0,0.5158145967161971,0.125,1,130875.0,azure_vm_real_slice
10094,658500.0,600.0,0.05,0.5,0,659880.0,azure_vm_real_slice
10095,0.0,762900.0,0.19231359809574733,0.0625,0,1754669.9999999998,azure_vm_real_slice
10096,1625400.0,23400.0,0.10534702570005215,0.125,0,1679220.0,azure_vm_real_slice
10097,1682700.0,300.0,0.36532771626392185,0.125,1,1683315.0,azure_vm_real_slice
10098,1183500.0,3300.0,0.05,0.125,0,1191090.0,azure_vm_real_slice
10099,116100.0,5700.0,0.07838471247794189,0.5,0,129210.0,azure_vm_real_slice
10100,1801500.0,26100.0,0.6390138649445859,0.0625,1,1855005.0,azure_vm_real_slice
10101,547500.0,300.0,0.14896736314932052,0.0625,0,548190.0,azure_vm_real_slice
10102,1680600.0,600.0,0.8397226242515161,0.5,2,1681680.0,azure_vm_real_slice
10103,0.0,3600.0,0.08105977430658125,0.125,0,8280.0,azure_vm_real_slice
10104,1896600.0,1500.0,0.24427785976592883,0.5,2,1899300.0,azure_vm_real_slice
10105,443400.0,300.0,0.05,0.5,2,443940.0,azure_vm_real_slice
10106,1247100.0,7200.0,0.05,0.5,0,1263660.0,azure_vm_real_slice
10107,1196100.0,600.0,0.09781884652013226,0.125,0,1197480.0,azure_vm_real_slice
10108,599100.0,65700.0,0.05,0.0625,0,750210.0,azure_vm_real_slice
10109,892800.0,600.0,0.05,0.5,0,894180.0,azure_vm_real_slice
10110,0.0,2591400.0,0.05,0.125,0,5960220.0,azure_vm_real_slice
10111,1984800.0,600.0,0.0761071585730856,0.5,0,1986180.0,azure_vm_real_slice
10112,152100.0,300.0,0.05,0.125,0,152790.0,azure_vm_real_slice
10113,0.0,3900.0,0.42193846740567104,0.125,1,7994.999999999999,azure_vm_real_slice
10114,69900.0,300.0,0.05,0.0625,0,70590.0,azure_vm_real_slice
10115,19500.0,3900.0,0.5526989592722726,0.125,1,27495.0,azure_vm_real_slice
10116,985500.0,6300.0,0.4532003986184343,0.125,1,998415.0,azure_vm_real_slice
10117,1371600.0,661500.0,0.28811218631751184,0.5,0,2893050.0,azure_vm_real_slice
10118,1323000.0,600.0,0.05,0.125,0,1324380.0,azure_vm_real_slice
10119,1156500.0,30300.0,0.42341802193876377,0.125,1,1218615.0,azure_vm_real_slice
10120,114600.0,600.0,0.05,0.5,0,115980.0,azure_vm_real_slice
10121,1686000.0,1200.0,0.14394920078249465,0.05,0,1688760.0,azure_vm_real_slice
10122,1172700.0,2100.0,0.3592238624356071,0.0625,1,1177005.0,azure_vm_real_slice
10123,1823700.0,76200.0,0.41488004924047067,0.125,1,1979910.0,azure_vm_real_slice
10124,0.0,900.0,0.07005768847723118,0.0625,0,2070.0,azure_vm_real_slice
10125,0.0,300.0,0.05,0.05,0,690.0,azure_vm_real_slice
10126,1449000.0,14100.0,0.07771704791931704,0.0625,0,1481430.0,azure_vm_real_slice
10127,1909500.0,1500.0,0.12052068244668389,1.0,2,1912200.0,azure_vm_real_slice
10128,1556400.0,1500.0,0.41904537342241605,0.05,1,1559475.0,azure_vm_real_slice
10129,1483200.0,5400.0,0.05,0.5,2,1492920.0,azure_vm_real_slice
10130,1062600.0,2400.0,0.507780004165522,0.125,1,1067520.0,azure_vm_real_slice
10131,0.0,600.0,0.05,0.5,0,1380.0,azure_vm_real_slice
10132,0.0,743100.0,0.05,0.0625,0,1709129.9999999998,azure_vm_real_slice
10133,371100.0,300.0,0.27906003178212263,0.0625,0,371790.0,azure_vm_real_slice
10134,0.0,300.0,0.05,0.5,2,540.0,azure_vm_real_slice
10135,1220400.0,600.0,0.05,0.0625,0,1221780.0,azure_vm_real_slice
10136,0.0,21000.0,0.06941264234927695,0.5,2,37799.99999999999,azure_vm_real_slice
10137,1958100.0,2100.0,0.21576190545393817,0.0625,0,1962930.0,azure_vm_real_slice
10138,1946700.0,5400.0,0.259997618550833,0.125,0,1959120.0,azure_vm_real_slice
10139,1571100.0,1800.0,0.5281474011720284,0.5,1,1574790.0,azure_vm_real_slice
10140,588300.0,7800.0,0.2610292567485789,0.05,0,606240.0,azure_vm_real_slice
10141,988200.0,600.0,0.18570718381335535,0.125,0,989580.0,azure_vm_real_slice
10142,1690500.0,20400.0,0.053244903297339885,0.125,0,1737420.0,azure_vm_real_slice
10143,837300.0,300.0,0.3306332113282218,0.05,0,837990.0,azure_vm_real_slice
10144,1173600.0,1500.0,0.07522734355416177,0.125,0,1177050.0,azure_vm_real_slice
10145,1398600.0,1500.0,0.2326229052385161,0.0625,0,1402050.0,azure_vm_real_slice
10146,1620600.0,300.0,0.05,0.5,0,1621290.0,azure_vm_real_slice
10147,641100.0,1500.0,0.185428989355465,0.5,2,643800.0,azure_vm_real_slice
10148,415500.0,3000.0,0.5297477067718512,0.125,1,421650.0,azure_vm_real_slice
10149,1487100.0,300.0,0.05,0.5,0,1487790.0,azure_vm_real_slice
10150,1171200.0,1800.0,0.4735091523415557,0.125,1,1174890.0,azure_vm_real_slice
10151,1312200.0,6900.0,0.4740083643633147,0.125,1,1326345.0,azure_vm_real_slice
10152,575700.0,2700.0,0.10687307691020027,0.05,0,581910.0,azure_vm_real_slice
10153,1488000.0,300.0,0.05,0.125,0,1488690.0,azure_vm_real_slice
10154,1219200.0,1800.0,0.24924788930107844,0.5,0,1223340.0,azure_vm_real_slice
10155,0.0,600.0,0.05,0.5,0,1380.0,azure_vm_real_slice
10156,0.0,300.0,0.0779711895716829,0.0625,0,690.0,azure_vm_real_slice
10157,1142100.0,600.0,0.30443743709835497,0.0625,0,1143480.0,azure_vm_real_slice
10158,225600.0,900.0,0.13839542335473853,0.125,0,227670.0,azure_vm_real_slice
10159,0.0,2591400.0,0.1074091456058474,0.05,0,5960220.0,azure_vm_real_slice
10160,0.0,2591400.0,0.053654771960703,0.05,0,5960220.0,azure_vm_real_slice
10161,1513800.0,266400.0,0.07349511049769941,0.0625,0,2126520.0,azure_vm_real_slice
10162,0.0,2400.0,0.05,0.5,0,5520.0,azure_vm_real_slice
10163,1637700.0,600.0,0.20116588684968195,0.0625,0,1639080.0,azure_vm_real_slice
10164,1956300.0,300.0,0.05,0.5,0,1956990.0,azure_vm_real_slice
10165,1986900.0,11100.0,0.06473178673006284,0.5,2,2006880.0,azure_vm_real_slice
10166,1060800.0,1500.0,0.35579362857270197,0.5,1,1063875.0,azure_vm_real_slice
10167,380400.0,10800.0,0.05,0.0625,0,405240.0,azure_vm_real_slice
10168,1558800.0,10800.0,0.4998343003244993,0.05,1,1580940.0,azure_vm_real_slice
10169,419700.0,10500.0,0.05,0.125,0,443850.0,azure_vm_real_slice
10170,1279800.0,3900.0,0.13148687203618026,0.05,0,1288770.0,azure_vm_real_slice
10171,633900.0,300.0,0.08505831809794731,0.125,0,634590.0,azure_vm_real_slice
10172,1845300.0,300.0,0.3114027268312921,0.05,0,1845990.0,azure_vm_real_slice
10173,1064400.0,300.0,0.5875505437720325,0.125,1,1065015.0,azure_vm_real_slice
10174,661800.0,600.0,0.05,0.5,0,663180.0,azure_vm_real_slice
10175,1680900.0,6900.0,0.05,1.0,2,1693320.0,azure_vm_real_slice
10176,0.0,17700.0,0.14138870980261115,0.5,0,40710.0,azure_vm_real_slice
10177,1107900.0,600.0,0.13875991351593311,0.125,0,1109280.0,azure_vm_real_slice
10178,1119600.0,17400.0,0.15349869074558514,0.5,2,1150920.0,azure_vm_real_slice
10179,615300.0,300.0,0.09915079479019223,0.125,0,615990.0,azure_vm_real_slice
10180,2024400.0,600.0,0.18025678688938218,0.125,0,2025780.0,azure_vm_real_slice
10181,1301400.0,10800.0,0.4041750931970896,0.125,1,1323540.0,azure_vm_real_slice
10182,825900.0,300.0,0.05,0.5,0,826590.0,azure_vm_real_slice
10183,642900.0,5100.0,0.4618444758722308,0.125,1,653355.0,azure_vm_real_slice
10184,729000.0,6000.0,0.11589486314044682,0.5,0,742800.0,azure_vm_real_slice
10185,717600.0,125100.0,0.5326316947038644,0.0625,1,974055.0,azure_vm_real_slice
10186,380700.0,7500.0,0.05,1.0,2,394200.0,azure_vm_real_slice
10187,1684200.0,34200.0,0.05,0.125,0,1762860.0,azure_vm_real_slice
10188,482700.0,600.0,0.05,0.125,0,484080.0,azure_vm_real_slice
10189,1553100.0,300.0,0.05,0.125,0,1553790.0,azure_vm_real_slice
10190,1745400.0,1800.0,0.05,0.5,0,1749540.0,azure_vm_real_slice
10191,840300.0,2400.0,0.20402157372776222,0.5,0,845820.0,azure_vm_real_slice
10192,1306200.0,42600.0,0.11502481516819561,0.5,0,1404180.0,azure_vm_real_slice
10193,688500.0,10500.0,0.6575483574704185,0.5,1,710025.0,azure_vm_real_slice
10194,0.0,2591400.0,0.05,0.125,0,5960220.0,azure_vm_real_slice
10195,609900.0,25500.0,0.056415186199133306,0.125,0,668550.0,azure_vm_real_slice
10196,915600.0,600.0,0.05,0.5,0,916980.0,azure_vm_real_slice
10197,0.0,2591400.0,0.08425653424966342,0.05,0,5960220.0,azure_vm_real_slice
10198,1509000.0,300.0,0.3885952352204052,0.125,1,1509615.0,azure_vm_real_slice
10199,568200.0,300.0,0.05,0.125,0,568890.0,azure_vm_real_slice
10200,1597200.0,1800.0,0.3546570183886478,0.0625,1,1600890.0,azure_vm_real_slice
10201,107700.0,900.0,0.05,0.5,2,109320.0,azure_vm_real_slice
10202,0.0,2591400.0,0.08092743034705714,0.0625,0,5960220.0,azure_vm_real_slice
10203,1676700.0,111000.0,0.06800051737696895,0.125,0,1932000.0,azure_vm_real_slice
10204,350700.0,600.0,0.05,0.5,0,352080.0,azure_vm_real_slice
10205,21900.0,2400.0,0.08022306460739265,0.5,2,26220.0,azure_vm_real_slice
10206,1787700.0,300.0,0.20670823184998735,0.125,0,1788390.0,azure_vm_real_slice
10207,1075200.0,165000.0,0.05,0.125,0,1454700.0,azure_vm_real_slice
10208,0.0,369000.0,0.26244064679091805,0.0625,0,848699.9999999999,azure_vm_real_slice
10209,682800.0,600.0,0.11482727610197452,0.125,0,684180.0,azure_vm_real_slice
10210,397500.0,4200.0,0.050684173222412435,0.125,0,407160.0,azure_vm_real_slice
10211,101400.0,4800.0,0.39673091729023147,0.125,1,111240.0,azure_vm_real_slice
10212,1426200.0,600.0,0.05,0.0625,0,1427580.0,azure_vm_real_slice
10213,0.0,300.0,0.05,0.0625,0,690.0,azure_vm_real_slice
10214,633300.0,900.0,0.05,0.5,0,635370.0,azure_vm_real_slice
10215,533100.0,300.0,0.05,0.125,0,533790.0,azure_vm_real_slice
10216,0.0,2591400.0,0.12437597632813051,0.05,0,5960220.0,azure_vm_real_slice
10217,0.0,1500.0,0.22134869488369688,0.5,0,3449.9999999999995,azure_vm_real_slice
10218,999600.0,18900.0,0.6144090651862115,0.125,1,1038345.0,azure_vm_real_slice
10219,155400.0,900.0,0.09295736388016747,0.125,0,157470.0,azure_vm_real_slice
10220,1939500.0,300.0,0.05,0.5,0,1940190.0,azure_vm_real_slice
10221,393000.0,14700.0,0.300784011109898,0.125,0,426810.0,azure_vm_real_slice
10222,0.0,2100.0,0.07474803377701704,0.125,0,4830.0,azure_vm_real_slice
10223,926700.0,5100.0,0.06945768563619374,0.05,0,938430.0,azure_vm_real_slice
10224,1884900.0,86400.0,0.05,0.5,2,2040420.0,azure_vm_real_slice
10225,156600.0,600.0,0.09094359315895999,0.5,0,157980.0,azure_vm_real_slice
10226,0.0,140400.0,0.3425102724241696,0.0625,0,322920.0,azure_vm_real_slice
10227,2023800.0,900.0,0.06944576164749093,0.125,0,2025870.0,azure_vm_real_slice
10228,1697400.0,300.0,0.05,0.125,0,1698090.0,azure_vm_real_slice
10229,1378800.0,900.0,0.05,0.125,0,1380870.0,azure_vm_real_slice
10230,802800.0,600.0,0.05,0.5,0,804180.0,azure_vm_real_slice
10231,434400.0,26700.0,0.2704251372591857,1.0,2,482460.0,azure_vm_real_slice
10232,0.0,2400.0,0.05,0.5,0,5520.0,azure_vm_real_slice
10233,1290000.0,900.0,0.659148056953156,0.5,1,1291845.0,azure_vm_real_slice
10234,491700.0,2700.0,0.05,0.5,0,497910.0,azure_vm_real_slice
10235,1148100.0,83700.0,0.05,0.125,0,1340610.0,azure_vm_real_slice
10236,1855500.0,300.0,0.05,0.5,0,1856190.0,azure_vm_real_slice
10237,1263900.0,2100.0,0.05,0.5,0,1268730.0,azure_vm_real_slice
10238,0.0,300.0,0.08272925007790911,0.125,0,690.0,azure_vm_real_slice
10239,1854900.0,900.0,0.06191680110361283,0.5,0,1856970.0,azure_vm_real_slice
10240,0.0,2591400.0,0.09664011777812982,0.05,0,5960220.0,azure_vm_real_slice
10241,553800.0,23400.0,0.4389155519678822,0.0625,1,601770.0,azure_vm_real_slice
10242,24600.0,900.0,0.23010426594021913,0.125,0,26670.0,azure_vm_real_slice
10243,1301100.0,1500.0,0.05,0.5,0,1304550.0,azure_vm_real_slice
10244,1680900.0,1200.0,0.24144569404266036,0.125,0,1683660.0,azure_vm_real_slice
10245,0.0,900.0,0.05,0.5,0,2070.0,azure_vm_real_slice
10246,1925400.0,107700.0,0.2931503350204745,0.125,0,2173110.0,azure_vm_real_slice
10247,411300.0,3000.0,0.06527650262982095,0.5,2,416700.0,azure_vm_real_slice
10248,1989900.0,300.0,0.21975291235397282,0.125,0,1990590.0,azure_vm_real_slice
10249,0.0,2591400.0,0.10796224308824058,1.0,2,4664520.0,azure_vm_real_slice
10250,342600.0,900.0,0.12567333902690606,0.125,0,344670.0,azure_vm_real_slice
10251,0.0,105000.0,0.14827240583614418,0.5,0,241499.99999999997,azure_vm_real_slice
10252,0.0,2591400.0,0.05,0.0625,0,5960220.0,azure_vm_real_slice
10253,0.0,600.0,0.05,0.5,0,1380.0,azure_vm_real_slice
10254,330000.0,300.0,0.15296312035144846,0.125,0,330690.0,azure_vm_real_slice
10255,970200.0,1800.0,0.13871336543744733,0.125,0,974340.0,azure_vm_real_slice
10256,0.0,1800.0,0.15885929377246313,0.5,0,4140.0,azure_vm_real_slice
10257,984000.0,1500.0,0.3247964154368937,0.125,0,987450.0,azure_vm_real_slice
10258,827100.0,6300.0,0.07099603152251217,0.5,2,838440.0,azure_vm_real_slice
10259,313500.0,300.0,0.05,0.05,0,314190.0,azure_vm_real_slice
10260,0.0,2591400.0,0.05,0.0625,0,5960220.0,azure_vm_real_slice
10261,0.0,4200.0,0.05,0.125,0,9660.0,azure_vm_real_slice
10262,0.0,104400.0,0.05,0.0625,0,240119.99999999997,azure_vm_real_slice
10263,1540500.0,2400.0,0.37840018310787377,0.05,1,1545420.0,azure_vm_real_slice
10264,1083900.0,300.0,0.05,0.125,0,1084590.0,azure_vm_real_slice
10265,1851000.0,300.0,0.2505115941022401,0.0625,0,1851690.0,azure_vm_real_slice
10266,0.0,300.0,0.05,0.125,0,690.0,azure_vm_real_slice
10267,0.0,1800.0,0.19658600194962159,0.5,0,4140.0,azure_vm_real_slice
10268,1629600.0,6600.0,0.6242381016369875,0.0625,1,1643130.0,azure_vm_real_slice
10269,0.0,300.0,0.08403162616350231,0.125,0,690.0,azure_vm_real_slice
10270,1030500.0,8100.0,0.05,0.5,0,1049130.0,azure_vm_real_slice
10271,1745700.0,20100.0,0.6098625579904297,0.125,1,1786905.0,azure_vm_real_slice
10272,0.0,258600.0,0.05,0.125,0,594780.0,azure_vm_real_slice
10273,1144800.0,300.0,0.17632404880102853,0.05,0,1145490.0,azure_vm_real_slice
10274,0.0,300.0,0.05,0.5,0,690.0,azure_vm_real_slice
10275,1619100.0,13800.0,0.05,0.0625,0,1650840.0,azure_vm_real_slice
10276,1400100.0,300.0,0.15859918152371139,0.0625,0,1400790.0,azure_vm_real_slice
10277,391800.0,300.0,0.15054955242051615,0.5,0,392490.0,azure_vm_real_slice
10278,339000.0,900.0,0.21659072461950615,0.0625,0,341070.0,azure_vm_real_slice
10279,1318800.0,1800.0,0.055807029153592244,0.125,0,1322940.0,azure_vm_real_slice
10280,699600.0,93600.0,0.45389740167781334,0.5,2,868080.0,azure_vm_real_slice
10281,1400100.0,5700.0,0.4817442357927673,0.125,1,1411785.0,azure_vm_real_slice
10282,1294800.0,453600.0,0.05595280518969643,0.5,2,2111280.0,azure_vm_real_slice
10283,1819200.0,2400.0,0.05409089334950597,0.5,0,1824720.0,azure_vm_real_slice
10284,1083300.0,9900.0,0.6849462296040032,0.125,1,1103595.0,azure_vm_real_slice
10285,0.0,1200.0,0.6977966826494127,0.125,1,2460.0,azure_vm_real_slice
10286,1086600.0,600.0,0.05,1.0,2,1087680.0,azure_vm_real_slice
10287,0.0,3300.0,0.08891686771635716,0.05,0,7589.999999999999,azure_vm_real_slice
10288,30900.0,21900.0,0.17012635199129256,0.5,0,81270.0,azure_vm_real_slice
10289,122400.0,30600.0,0.3253084436068805,0.125,0,192780.0,azure_vm_real_slice
10290,1053300.0,300.0,0.05,0.5,0,1053990.0,azure_vm_real_slice
10291,0.0,900.0,0.4571814131789653,0.125,1,1844.9999999999998,azure_vm_real_slice
10292,628200.0,600.0,0.05,0.5,0,629580.0,azure_vm_real_slice
10293,384900.0,900.0,0.05,0.5,0,386970.0,azure_vm_real_slice
10294,1197600.0,300.0,0.05,0.5,0,1198290.0,azure_vm_real_slice
10295,797400.0,7200.0,0.05,0.5,0,813960.0,azure_vm_real_slice
10296,216600.0,4500.0,0.2276435146908818,0.0625,0,226950.0,azure_vm_real_slice
10297,1530600.0,1500.0,0.29664594009440853,0.5,0,1534050.0,azure_vm_real_slice
10298,59100.0,300.0,0.05,0.0625,0,59790.0,azure_vm_real_slice
10299,251100.0,2400.0,0.31564043624274385,0.125,0,256620.0,azure_vm_real_slice
10300,1987500.0,300.0,0.05,0.5,0,1988190.0,azure_vm_real_slice
10301,463200.0,9300.0,0.05,0.5,2,479940.0,azure_vm_real_slice
10302,339600.0,900.0,0.06580899131921998,0.125,0,341670.0,azure_vm_real_slice
10303,1245600.0,2400.0,0.6630788225495803,0.0625,1,1250520.0,azure_vm_real_slice
10304,1382700.0,300.0,0.05,0.125,0,1383390.0,azure_vm_real_slice
10305,1326000.0,600.0,0.2587001897613918,0.0625,0,1327380.0,azure_vm_real_slice
10306,1251900.0,5400.0,0.0663393217005999,0.125,0,1264320.0,azure_vm_real_slice
10307,299100.0,300.0,0.05,0.5,2,299640.0,azure_vm_real_slice
10308,1492200.0,300.0,0.1041126955996839,0.125,0,1492890.0,azure_vm_real_slice
10309,968100.0,25800.0,0.08068864759398797,0.05,0,1027440.0,azure_vm_real_slice
10310,1482900.0,300.0,0.05,0.0625,0,1483590.0,azure_vm_real_slice
10311,1428000.0,900.0,0.2793605167954761,0.05,0,1430070.0,azure_vm_real_slice
10312,996600.0,1800.0,0.15553901583915122,1.0,2,999840.0,azure_vm_real_slice
10313,41400.0,300.0,0.43959085537129566,0.0625,1,42015.0,azure_vm_real_slice
10314,1817100.0,600.0,0.6687331942223922,0.5,1,1818330.0,azure_vm_real_slice
10315,945300.0,1500.0,0.06307825672523823,0.5,2,948000.0,azure_vm_real_slice
10316,1203000.0,3000.0,0.47628236947763386,0.05,1,1209150.0,azure_vm_real_slice
10317,0.0,300.0,0.15354571618784557,0.125,0,690.0,azure_vm_real_slice
10318,876300.0,300.0,0.12085276182090154,0.0625,0,876990.0,azure_vm_real_slice
10319,1523100.0,2400.0,0.08790268480193218,0.125,0,1528620.0,azure_vm_real_slice
10320,506700.0,600.0,0.05,1.0,2,507780.0,azure_vm_real_slice
10321,0.0,2100.0,0.6874499703113643,0.5,1,4305.0,azure_vm_real_slice
10322,430200.0,33300.0,0.766805873615253,0.5,2,490140.0,azure_vm_real_slice
10323,227400.0,900.0,0.14071614643715025,0.125,0,229470.0,azure_vm_real_slice
10324,0.0,2591400.0,0.09081172209182299,0.5,0,5960220.0,azure_vm_real_slice
10325,0.0,2591400.0,0.07702345227452055,0.05,0,5960220.0,azure_vm_real_slice
10326,300600.0,6300.0,0.06137558096055639,0.125,0,315090.0,azure_vm_real_slice
10327,1537200.0,1500.0,0.31650720568662505,0.125,0,1540650.0,azure_vm_real_slice
10328,1631400.0,12900.0,0.39877624316478005,0.5,1,1657845.0,azure_vm_real_slice
10329,429300.0,1800.0,0.11412674835695785,1.0,2,432540.0,azure_vm_real_slice
10330,1830000.0,2700.0,0.28823047686902414,0.125,0,1836210.0,azure_vm_real_slice
10331,1893000.0,600.0,0.3547379869624532,0.125,1,1894230.0,azure_vm_real_slice
10332,0.0,1800.0,0.20253884815921264,0.125,0,4140.0,azure_vm_real_slice
10333,1125900.0,52800.0,0.06477439425420395,0.125,0,1247340.0,azure_vm_real_slice
10334,1903800.0,69300.0,0.20477395659145892,0.125,0,2063190.0,azure_vm_real_slice
10335,1030800.0,600.0,0.05,0.125,0,1032180.0,azure_vm_real_slice
10336,127800.0,2700.0,0.05,0.5,0,134010.0,azure_vm_real_slice
10337,1146300.0,600.0,0.073868557870398,0.125,0,1147680.0,azure_vm_real_slice
10338,135000.0,1500.0,0.05,0.5,0,138450.0,azure_vm_real_slice
10339,1725000.0,1200.0,0.3159228501796311,0.05,0,1727760.0,azure_vm_real_slice
10340,0.0,300.0,0.05,0.125,0,690.0,azure_vm_real_slice
10341,1910700.0,122400.0,0.05,0.05,0,2192220.0,azure_vm_real_slice
10342,489600.0,15300.0,0.3597323327981432,0.05,1,520965.0,azure_vm_real_slice
10343,0.0,642000.0,0.1302644752286515,0.0625,0,1476600.0,azure_vm_real_slice
10344,0.0,300.0,0.08941916737282166,0.0625,0,690.0,azure_vm_real_slice
10345,1566900.0,900.0,0.26681126746652667,0.125,0,1568970.0,azure_vm_real_slice
10346,0.0,2100.0,0.05,0.5,0,4830.0,azure_vm_real_slice
10347,1750200.0,1800.0,0.05,0.5,0,1754340.0,azure_vm_real_slice
10348,513600.0,86100.0,0.05,0.125,0,711630.0,azure_vm_real_slice
10349,648300.0,1800.0,0.05,0.5,0,652440.0,azure_vm_real_slice
10350,0.0,2591400.0,0.12093146699471621,0.05,0,5960220.0,azure_vm_real_slice
10351,0.0,300.0,0.11207486039237033,0.5,0,690.0,azure_vm_real_slice
10352,1916100.0,300.0,0.05,1.0,2,1916640.0,azure_vm_real_slice
10353,983100.0,15300.0,0.3089977747575498,0.125,0,1018290.0,azure_vm_real_slice
10354,0.0,2700.0,0.05,0.05,0,6209.999999999999,azure_vm_real_slice
10355,1883700.0,600.0,0.05,0.5,0,1885080.0,azure_vm_real_slice
10356,619200.0,18600.0,0.7629364295313096,0.05,2,652680.0,azure_vm_real_slice
10357,0.0,3300.0,0.6339503521240999,0.05,1,6764.999999999999,azure_vm_real_slice
10358,423600.0,10500.0,0.643875526906635,0.5,1,445125.0,azure_vm_real_slice
10359,941100.0,4200.0,0.5906600936153243,0.05,1,949710.0,azure_vm_real_slice
10360,199800.0,300.0,0.14975232974306002,0.0625,0,200490.0,azure_vm_real_slice
10361,292800.0,4200.0,0.08375972636517026,0.05,0,302460.0,azure_vm_real_slice
10362,1278900.0,17700.0,0.13043507024270706,0.05,0,1319610.0,azure_vm_real_slice
10363,0.0,670200.0,0.2633241240007173,0.05,0,1541459.9999999998,azure_vm_real_slice
10364,1445400.0,6900.0,0.08667787489863323,0.125,0,1461270.0,azure_vm_real_slice
10365,1672800.0,2100.0,0.1469542636492616,0.125,0,1677630.0,azure_vm_real_slice
10366,0.0,600.0,0.10953760556362525,1.0,2,1080.0,azure_vm_real_slice
10367,1815900.0,900.0,0.05,0.5,2,1817520.0,azure_vm_real_slice
10368,0.0,300.0,0.05,0.125,0,690.0,azure_vm_real_slice
10369,121500.0,300.0,0.05,0.125,0,122190.0,azure_vm_real_slice
10370,378600.0,2400.0,0.05,0.5,0,384120.0,azure_vm_real_slice
10371,1281600.0,18000.0,0.31334940824670815,0.0625,0,1323000.0,azure_vm_real_slice
10372,0.0,600.0,0.05,0.5,2,1080.0,azure_vm_real_slice
10373,646200.0,2100.0,0.2077837190085553,0.0625,0,651030.0,azure_vm_real_slice
10374,0.0,3300.0,0.17497371791592403,0.5,0,7589.999999999999,azure_vm_real_slice
10375,125100.0,27900.0,0.35129371312096164,0.125,1,182295.0,azure_vm_real_slice
10376,650400.0,2700.0,0.05,0.5,0,656610.0,azure_vm_real_slice
10377,1257300.0,600.0,0.1011247394748014,0.125,0,1258680.0,azure_vm_real_slice
10378,0.0,600.0,0.05,0.5,0,1380.0,azure_vm_real_slice
10379,0.0,1664700.0,0.05,0.5,2,2996459.9999999995,azure_vm_real_slice
10380,0.0,2591400.0,0.0871587116528135,0.05,0,5960220.0,azure_vm_real_slice
10381,0.0,2591400.0,0.20348647448668075,0.0625,0,5960220.0,azure_vm_real_slice
10382,129600.0,300.0,0.05,0.0625,0,130290.0,azure_vm_real_slice
10383,634200.0,900.0,0.13916922346174443,0.125,0,636270.0,azure_vm_real_slice
10384,1160700.0,300.0,0.05,0.5,0,1161390.0,azure_vm_real_slice
10385,1662000.0,1800.0,0.19491460506364977,0.125,0,1666140.0,azure_vm_real_slice
10386,0.0,16500.0,0.7894431729447021,0.5,2,29699.999999999996,azure_vm_real_slice
10387,0.0,2591400.0,0.09395459930128877,0.05,0,5960220.0,azure_vm_real_slice
10388,1641300.0,600.0,0.05,0.5,2,1642380.0,azure_vm_real_slice
10389,800400.0,128400.0,0.48060873096846735,0.05,1,1063620.0,azure_vm_real_slice
10390,0.0,600.0,0.09948271433161526,0.125,0,1380.0,azure_vm_real_slice
10391,0.0,2591400.0,0.11106564059460813,0.125,0,5960220.0,azure_vm_real_slice
10392,1144500.0,173100.0,0.05,0.5,2,1456080.0,azure_vm_real_slice
10393,1030500.0,600.0,0.07428146620426614,0.0625,0,1031880.0,azure_vm_real_slice
10394,1734900.0,300.0,0.5529568075826963,0.0625,1,1735515.0,azure_vm_real_slice
10395,855900.0,900.0,0.11995360228350099,0.125,0,857970.0,azure_vm_real_slice
10396,52200.0,2400.0,0.05,0.5,0,57720.0,azure_vm_real_slice
10397,1797600.0,9000.0,0.16960791546357368,0.5,2,1813800.0,azure_vm_real_slice
10398,7500.0,5400.0,0.13318219447590612,0.05,0,19920.0,azure_vm_real_slice
10399,137400.0,2400.0,0.05,0.0625,0,142920.0,azure_vm_real_slice
10400,1917600.0,300.0,0.05,0.05,0,1918290.0,azure_vm_real_slice
10401,345900.0,1200.0,0.11487475053097665,0.125,0,348660.0,azure_vm_real_slice
10402,0.0,300.0,0.0602320946787031,0.125,0,690.0,azure_vm_real_slice
10403,665700.0,600.0,0.05,0.5,2,666780.0,azure_vm_real_slice
10404,1113600.0,2700.0,0.05,1.0,2,1118460.0,azure_vm_real_slice
10405,1800600.0,39600.0,0.5062993722941144,0.5,1,1881780.0,azure_vm_real_slice
10406,484800.0,900.0,0.19713784672585116,0.5,0,486870.0,azure_vm_real_slice
10407,331800.0,300.0,0.08801009747026166,0.5,2,332340.0,azure_vm_real_slice
10408,836100.0,900.0,0.07315002749116671,0.5,0,838170.0,azure_vm_real_slice
10409,1138200.0,4500.0,0.11399592484925039,0.125,0,1148550.0,azure_vm_real_slice
10410,559200.0,2100.0,0.05,0.125,0,564030.0,azure_vm_real_slice
10411,1308600.0,173400.0,0.05,0.125,0,1707420.0,azure_vm_real_slice
10412,8400.0,2100.0,0.05,0.5,0,13230.0,azure_vm_real_slice
10413,1978500.0,3300.0,0.5579148616896697,0.05,1,1985265.0,azure_vm_real_slice
10414,1669200.0,9000.0,0.40012574410049057,0.0625,1,1687650.0,azure_vm_real_slice
10415,297600.0,1800.0,0.05,0.5,0,301740.0,azure_vm_real_slice
10416,724200.0,600.0,0.34460026560273244,0.125,0,725580.0,azure_vm_real_slice
10417,0.0,2591400.0,0.05863823075294292,0.0625,0,5960220.0,azure_vm_real_slice
10418,0.0,2700.0,0.05,0.5,0,6209.999999999999,azure_vm_real_slice
10419,119400.0,32700.0,0.05,0.0625,0,194610.0,azure_vm_real_slice
10420,626100.0,300.0,0.06469560732300816,0.125,0,626790.0,azure_vm_real_slice
10421,0.0,1800.0,0.05,0.5,0,4140.0,azure_vm_real_slice
10422,0.0,2400.0,0.05,0.5,0,5520.0,azure_vm_real_slice
10423,1431000.0,3600.0,0.23232696064002717,0.0625,0,1439280.0,azure_vm_real_slice
10424,1878300.0,2400.0,0.05,0.5,0,1883820.0,azure_vm_real_slice
10425,0.0,2700.0,0.05,0.125,0,6209.999999999999,azure_vm_real_slice
10426,0.0,600.0,0.05,0.125,0,1380.0,azure_vm_real_slice
10427,1362600.0,300.0,0.05,0.05,0,1363290.0,azure_vm_real_slice
10428,681000.0,1200.0,0.08057689707611612,0.125,0,683760.0,azure_vm_real_slice
10429,891000.0,300.0,0.19019964326319452,0.5,0,891690.0,azure_vm_real_slice
10430,0.0,1038900.0,0.05,0.125,0,2389470.0,azure_vm_real_slice
10431,1026000.0,1500.0,0.19076386892100802,0.5,2,1028700.0,azure_vm_real_slice
10432,1209600.0,300.0,0.1485333073959702,0.125,0,1210290.0,azure_vm_real_slice
10433,0.0,300.0,0.2697684584524639,0.05,0,690.0,azure_vm_real_slice
10434,0.0,22500.0,0.05482614887463673,0.05,0,51749.99999999999,azure_vm_real_slice
10435,1850700.0,9000.0,0.07053037578235431,0.0625,0,1871400.0,azure_vm_real_slice
10436,95700.0,300.0,0.0554333241640302,0.125,0,96390.0,azure_vm_real_slice
10437,354900.0,1500.0,0.5721469182156096,0.125,1,357975.0,azure_vm_real_slice
10438,121800.0,9000.0,0.3044268897516407,0.05,0,142500.0,azure_vm_real_slice
10439,0.0,2700.0,0.29989605976587985,0.5,2,4859.999999999999,azure_vm_real_slice
10440,132900.0,37200.0,0.3037796672909554,0.125,0,218460.0,azure_vm_real_slice
10441,0.0,300.0,0.05,0.125,0,690.0,azure_vm_real_slice
10442,276900.0,900.0,0.09676409739372517,0.125,0,278970.0,azure_vm_real_slice
10443,779100.0,4200.0,0.05,0.125,0,788760.0,azure_vm_real_slice
10444,1813800.0,1800.0,0.19003391158226343,0.125,0,1817940.0,azure_vm_real_slice
10445,0.0,600.0,0.18041825017565505,0.125,0,1380.0,azure_vm_real_slice
10446,439800.0,900.0,0.16191361685123254,0.125,0,441870.0,azure_vm_real_slice
10447,940500.0,600.0,0.18439740507574523,0.125,0,941880.0,azure_vm_real_slice
10448,1487700.0,600.0,0.08140852516782113,0.125,0,1489080.0,azure_vm_real_slice
10449,1432200.0,1200.0,0.344109141874571,0.5,0,1434960.0,azure_vm_real_slice
10450,0.0,600.0,0.05,0.125,0,1380.0,azure_vm_real_slice
10451,1732800.0,300.0,0.2141744646397475,0.125,0,1733490.0,azure_vm_real_slice
10452,377700.0,1200.0,0.3361717504376214,0.125,0,380460.0,azure_vm_real_slice
10453,0.0,300.0,0.063937664146542,0.0625,0,690.0,azure_vm_real_slice
10454,247500.0,600.0,0.6335739373115669,0.05,1,248730.0,azure_vm_real_slice
10455,423600.0,900.0,0.24723722946681526,0.125,0,425670.0,azure_vm_real_slice
10456,386100.0,1800.0,0.6501546997167905,0.5,1,389790.0,azure_vm_real_slice
10457,770700.0,1500.0,0.05,0.5,0,774150.0,azure_vm_real_slice
10458,20100.0,604500.0,0.05,0.125,0,1410450.0,azure_vm_real_slice
10459,889800.0,9000.0,0.05,0.5,2,906000.0,azure_vm_real_slice
10460,1604400.0,300.0,0.19593167542080564,0.125,0,1605090.0,azure_vm_real_slice
10461,1460100.0,600.0,0.26741011619150545,0.5,2,1461180.0,azure_vm_real_slice
10462,6600.0,144600.0,0.08253638113282397,0.125,0,339180.0,azure_vm_real_slice
10463,0.0,600.0,0.05,0.5,0,1380.0,azure_vm_real_slice
10464,693300.0,600.0,0.2504316237012308,0.125,0,694680.0,azure_vm_real_slice
10465,0.0,2400.0,0.07747583764935181,0.5,0,5520.0,azure_vm_real_slice
10466,0.0,13500.0,0.19248416940159452,0.0625,0,31049.999999999996,azure_vm_real_slice
10467,645900.0,11400.0,0.05,0.125,0,672120.0,azure_vm_real_slice
10468,155100.0,15900.0,0.13989180234744933,0.125,0,191670.0,azure_vm_real_slice
10469,208200.0,300.0,0.05,1.0,2,208740.0,azure_vm_real_slice
10470,0.0,2400.0,0.05,0.5,0,5520.0,azure_vm_real_slice
10471,144000.0,300.0,0.05,0.0625,0,144690.0,azure_vm_real_slice
10472,329400.0,600.0,0.23172199697845502,0.0625,0,330780.0,azure_vm_real_slice
10473,182700.0,72900.0,0.05,0.125,0,350370.0,azure_vm_real_slice
10474,601200.0,177600.0,0.05,0.0625,0,1009680.0,azure_vm_real_slice
10475,0.0,2100.0,0.5846815286164898,0.05,1,4305.0,azure_vm_real_slice
10476,1745400.0,3000.0,0.07144499148189762,0.125,0,1752300.0,azure_vm_real_slice
10477,1001400.0,1200.0,0.14790252445350352,0.125,0,1004160.0,azure_vm_real_slice
10478,1548000.0,14100.0,0.1665095920112879,0.5,2,1573380.0,azure_vm_real_slice
10479,1251300.0,6000.0,0.10319439783893505,0.125,0,1265100.0,azure_vm_real_slice
10480,917700.0,300.0,0.05,0.5,0,918390.0,azure_vm_real_slice
10481,0.0,300.0,0.3180195111795895,0.125,0,690.0,azure_vm_real_slice
10482,1691400.0,3300.0,0.05,0.05,0,1698990.0,azure_vm_real_slice
10483,0.0,33300.0,0.3949166089853211,0.125,1,68265.0,azure_vm_real_slice
10484,1069200.0,50700.0,0.05,0.5,0,1185810.0,azure_vm_real_slice
10485,0.0,2100.0,0.05,0.5,0,4830.0,azure_vm_real_slice
10486,1605900.0,1800.0,0.1598244209802621,0.5,0,1610040.0,azure_vm_real_slice
10487,0.0,2591400.0,0.10803014823979197,0.125,0,5960220.0,azure_vm_real_slice
10488,1321500.0,600.0,0.13925877121497282,0.0625,0,1322880.0,azure_vm_real_slice
10489,0.0,2700.0,0.2707958919312825,0.05,0,6209.999999999999,azure_vm_real_slice
10490,1795800.0,1500.0,0.2515326741280217,0.5,0,1799250.0,azure_vm_real_slice
10491,0.0,300.0,0.05827182515347281,0.125,0,690.0,azure_vm_real_slice
10492,1074900.0,30600.0,0.49489136882084267,0.125,1,1137630.0,azure_vm_real_slice
10493,668100.0,53400.0,0.5030347377377243,0.125,1,777570.0,azure_vm_real_slice
10494,1320900.0,5700.0,0.05,0.125,0,1334010.0,azure_vm_real_slice
10495,1776300.0,300.0,0.05,0.5,0,1776990.0,azure_vm_real_slice
10496,0.0,2591400.0,0.0922764121725063,0.05,0,5960220.0,azure_vm_real_slice
10497,0.0,167100.0,0.3159744375077965,0.0625,0,384329.99999999994,azure_vm_real_slice
10498,0.0,2591400.0,0.05,0.05,0,5960220.0,azure_vm_real_slice
10499,0.0,1500.0,0.4300749170916379,0.125,1,3074.9999999999995,azure_vm_real_slice
10500,1735200.0,42600.0,0.7791136183519265,0.5,2,1811880.0,azure_vm_real_slice
10501,0.0,2700.0,0.05,0.0625,0,6209.999999999999,azure_vm_real_slice
10502,1543800.0,600.0,0.05316821650395934,0.125,0,1545180.0,azure_vm_real_slice
10503,1510500.0,3900.0,0.23560185698114627,0.0625,0,1519470.0,azure_vm_real_slice
10504,593400.0,2100.0,0.05,0.5,0,598230.0,azure_vm_real_slice
10505,0.0,38100.0,0.05,0.5,2,68580.0,azure_vm_real_slice
10506,373200.0,3600.0,0.05,0.125,0,381480.0,azure_vm_real_slice
10507,1261800.0,1500.0,0.45997993062573334,0.125,1,1264875.0,azure_vm_real_slice
10508,1784400.0,3000.0,0.05175162443854661,0.5,2,1789800.0,azure_vm_real_slice
10509,1114500.0,15000.0,0.07279254608445701,0.125,0,1149000.0,azure_vm_real_slice
10510,401100.0,1200.0,0.08527029891659092,0.05,0,403860.0,azure_vm_real_slice
10511,267900.0,3300.0,0.7530172796698791,0.5,2,273840.0,azure_vm_real_slice
10512,331800.0,600.0,0.05,0.5,0,333180.0,azure_vm_real_slice
10513,506400.0,3600.0,0.278998574533577,0.5,2,512880.0,azure_vm_real_slice
10514,246300.0,9600.0,0.05,0.0625,0,268380.0,azure_vm_real_slice
10515,450300.0,2400.0,0.17378875129685528,0.05,0,455820.0,azure_vm_real_slice
10516,0.0,603300.0,0.05,0.0625,0,1387590.0,azure_vm_real_slice
10517,0.0,34500.0,0.3748713966573127,0.5,2,62099.99999999999,azure_vm_real_slice
10518,593700.0,600.0,0.05,0.5,0,595080.0,azure_vm_real_slice
10519,1752300.0,1200.0,0.05,0.5,0,1755060.0,azure_vm_real_slice
10520,0.0,900.0,0.09184413042471369,0.125,0,2070.0,azure_vm_real_slice
10521,841800.0,1800.0,0.05,0.5,0,845940.0,azure_vm_real_slice
10522,1875000.0,2400.0,0.24715471526869176,0.125,0,1880520.0,azure_vm_real_slice
10523,682500.0,600.0,0.12672171071433036,0.5,0,683880.0,azure_vm_real_slice
10524,0.0,300.0,0.2787768218071388,0.0625,0,690.0,azure_vm_real_slice
10525,1157700.0,30000.0,0.4236640192627326,0.125,1,1219200.0,azure_vm_real_slice
10526,179400.0,5100.0,0.05,0.125,0,191130.0,azure_vm_real_slice
10527,0.0,2591400.0,0.099696867215051,0.05,0,5960220.0,azure_vm_real_slice
10528,1323000.0,11700.0,0.05,0.125,0,1349910.0,azure_vm_real_slice
10529,0.0,2591400.0,0.08596321624540644,0.0625,0,5960220.0,azure_vm_real_slice
10530,1219200.0,300.0,0.05,0.5,0,1219890.0,azure_vm_real_slice
10531,740700.0,1500.0,0.05,0.0625,0,744150.0,azure_vm_real_slice
10532,1916700.0,1500.0,0.05,0.5,0,1920150.0,azure_vm_real_slice
10533,944100.0,300.0,0.05,0.5,0,944790.0,azure_vm_real_slice
10534,474300.0,300.0,0.06212787302388576,0.125,0,474990.0,azure_vm_real_slice
10535,1081200.0,31800.0,0.4616078147889048,0.125,1,1146390.0,azure_vm_real_slice
10536,0.0,300.0,0.2337829443259304,0.125,0,690.0,azure_vm_real_slice
10537,965400.0,900.0,0.1319938350410808,0.125,0,967470.0,azure_vm_real_slice
10538,0.0,300.0,0.05,0.125,0,690.0,azure_vm_real_slice
10539,142200.0,300.0,0.32603458269358965,0.0625,0,142890.0,azure_vm_real_slice
10540,0.0,21600.0,0.7727097302058097,0.5,2,38879.99999999999,azure_vm_real_slice
10541,1193700.0,300.0,0.13432406515064924,0.125,0,1194390.0,azure_vm_real_slice
10542,450000.0,600.0,0.05,0.5,2,451080.0,azure_vm_real_slice
10543,1413300.0,8700.0,0.41770604820806595,0.0625,1,1431135.0,azure_vm_real_slice
10544,354300.0,1800.0,0.05,0.5,0,358440.0,azure_vm_real_slice
10545,0.0,600.0,0.05,0.5,0,1380.0,azure_vm_real_slice
10546,0.0,2591400.0,0.25380154722600673,0.5,0,5960220.0,azure_vm_real_slice
10547,1313700.0,719400.0,0.05,0.125,0,2968320.0,azure_vm_real_slice
10548,0.0,53100.0,0.05,0.5,2,95579.99999999999,azure_vm_real_slice
10549,1254300.0,600.0,0.05,0.5,0,1255680.0,azure_vm_real_slice
10550,288000.0,600.0,0.22777415392240147,0.0625,0,289380.0,azure_vm_real_slice
10551,933600.0,600.0,0.05,0.125,0,934980.0,azure_vm_real_slice
10552,0.0,300.0,0.08346694581504689,0.125,0,690.0,azure_vm_real_slice
10553,734100.0,300.0,0.05,0.5,0,734790.0,azure_vm_real_slice
10554,0.0,300.0,0.3866159064409318,0.0625,1,615.0,azure_vm_real_slice
10555,0.0,146100.0,0.05,0.125,0,336030.0,azure_vm_real_slice
10556,1686300.0,4500.0,0.1946274127017717,0.125,0,1696650.0,azure_vm_real_slice
10557,666600.0,262800.0,0.05,0.0625,0,1271040.0,azure_vm_real_slice
10558,582900.0,2400.0,0.5197915128888578,0.125,1,587820.0,azure_vm_real_slice
10559,0.0,2591400.0,0.05095167747024172,0.05,0,5960220.0,azure_vm_real_slice
10560,558000.0,600.0,0.05,0.05,0,559380.0,azure_vm_real_slice
10561,556200.0,900.0,0.05,0.5,0,558270.0,azure_vm_real_slice
10562,425400.0,300.0,0.05,0.125,0,426090.0,azure_vm_real_slice
10563,1851300.0,900.0,0.34227508814366026,0.125,0,1853370.0,azure_vm_real_slice
10564,625200.0,600.0,0.05,0.125,0,626580.0,azure_vm_real_slice
10565,385200.0,10500.0,0.22112487292422617,0.125,0,409350.0,azure_vm_real_slice
10566,412800.0,7200.0,0.08629646758273431,0.125,0,429360.0,azure_vm_real_slice
10567,0.0,42600.0,0.6124165032834699,0.125,1,87329.99999999999,azure_vm_real_slice
10568,0.0,2591400.0,0.09629305516920286,0.05,0,5960220.0,azure_vm_real_slice
10569,1243800.0,19800.0,0.49011953558703797,0.125,1,1284390.0,azure_vm_real_slice
10570,303300.0,600.0,0.05,0.5,2,304380.0,azure_vm_real_slice
10571,429900.0,2400.0,0.05,0.5,0,435420.0,azure_vm_real_slice
10572,1577700.0,300.0,0.16388527116714413,0.125,0,1578390.0,azure_vm_real_slice
10573,0.0,6000.0,0.05861157716500239,0.5,0,13799.999999999998,azure_vm_real_slice
10574,961800.0,300.0,0.05,0.125,0,962490.0,azure_vm_real_slice
10575,555000.0,15000.0,0.13081052487172903,0.5,2,582000.0,azure_vm_real_slice
10576,1869600.0,4200.0,0.36489404808050385,0.125,1,1878210.0,azure_vm_real_slice
10577,0.0,7800.0,0.05,0.5,2,14039.999999999998,azure_vm_real_slice
10578,163500.0,600.0,0.05,0.5,0,164880.0,azure_vm_real_slice
10579,257700.0,600.0,0.05,0.0625,0,259080.0,azure_vm_real_slice
10580,0.0,1500.0,0.056033082639488,0.5,2,2699.9999999999995,azure_vm_real_slice
10581,846600.0,1200.0,0.09225146835900552,0.125,0,849360.0,azure_vm_real_slice
10582,944100.0,300.0,0.21582696995554254,0.125,0,944790.0,azure_vm_real_slice
10583,1631700.0,900.0,0.05,0.125,0,1633770.0,azure_vm_real_slice
10584,101700.0,16800.0,0.2683267331971598,0.5,2,131940.0,azure_vm_real_slice
10585,0.0,6900.0,0.23757694527222395,0.5,2,12419.999999999998,azure_vm_real_slice
10586,1540800.0,2100.0,0.39628440043231417,0.05,1,1545105.0,azure_vm_real_slice
10587,475200.0,900.0,0.05277879504982753,0.125,0,477270.0,azure_vm_real_slice
10588,745800.0,900.0,0.08461213800124455,0.125,0,747870.0,azure_vm_real_slice
10589,0.0,300.0,0.05,0.5,0,690.0,azure_vm_real_slice
10590,1223100.0,2400.0,0.48594379265257204,0.05,1,1228020.0,azure_vm_real_slice
10591,0.0,3600.0,0.05,0.5,2,6479.999999999999,azure_vm_real_slice
10592,1296900.0,900.0,0.07363774907630391,0.125,0,1298970.0,azure_vm_real_slice
10593,458400.0,36300.0,0.32059342673154356,0.125,0,541890.0,azure_vm_real_slice
10594,1937700.0,900.0,0.10827419120532303,0.0625,0,1939770.0,azure_vm_real_slice
10595,1340400.0,196800.0,0.08529462568363831,0.0625,0,1793040.0,azure_vm_real_slice
10596,0.0,62400.0,0.4276156623429857,0.05,1,127919.99999999999,azure_vm_real_slice
10597,588600.0,5700.0,0.2304131534713303,0.05,0,601710.0,azure_vm_real_slice
10598,0.0,600.0,0.09039137178310146,0.125,0,1380.0,azure_vm_real_slice
10599,0.0,2400.0,0.050037368095497865,1.0,2,4320.0,azure_vm_real_slice
10600,1481700.0,41700.0,0.22438933368232022,0.125,0,1577610.0,azure_vm_real_slice
10601,654600.0,249000.0,0.05,0.0625,0,1227300.0,azure_vm_real_slice
10602,0.0,6300.0,0.17965473621035824,0.125,0,14489.999999999998,azure_vm_real_slice
10603,1391100.0,72000.0,0.41442677999645183,0.05,1,1538700.0,azure_vm_real_slice
10604,1906800.0,16200.0,0.05,0.125,0,1944060.0,azure_vm_real_slice
10605,344700.0,300.0,0.05,0.5,0,345390.0,azure_vm_real_slice
10606,0.0,6600.0,0.2677875842553768,0.0625,0,15179.999999999998,azure_vm_real_slice
10607,1996800.0,15900.0,0.39420991348724094,0.125,1,2029395.0,azure_vm_real_slice
10608,630900.0,600.0,0.05,0.125,0,632280.0,azure_vm_real_slice
10609,892800.0,600.0,0.05,0.5,0,894180.0,azure_vm_real_slice
10610,40500.0,11700.0,0.07438777893071075,0.0625,0,67410.0,azure_vm_real_slice
10611,699300.0,9900.0,0.05,0.125,0,722070.0,azure_vm_real_slice
10612,0.0,10500.0,0.3347014010847474,0.125,0,24149.999999999996,azure_vm_real_slice
10613,0.0,2591400.0,0.09570010702882299,0.05,0,5960220.0,azure_vm_real_slice
10614,351000.0,600.0,0.20503790762592447,0.0625,0,352380.0,azure_vm_real_slice
10615,453900.0,300.0,0.05,0.05,0,454590.0,azure_vm_real_slice
10616,279600.0,148800.0,0.2886675326911524,0.0625,0,621840.0,azure_vm_real_slice
10617,1836600.0,600.0,0.05,0.125,0,1837980.0,azure_vm_real_slice
10618,1969200.0,31500.0,0.1813718218552617,0.0625,0,2041650.0,azure_vm_real_slice
10619,0.0,900.0,0.05,0.125,0,2070.0,azure_vm_real_slice
10620,840600.0,3000.0,0.6304225307460978,0.05,1,846750.0,azure_vm_real_slice
10621,242700.0,2400.0,0.2151599317056882,0.0625,0,248220.0,azure_vm_real_slice
10622,0.0,2591400.0,0.05,0.0625,0,5960220.0,azure_vm_real_slice
10623,795000.0,31500.0,0.1087250709568739,0.5,2,851700.0,azure_vm_real_slice
10624,1279200.0,1200.0,0.05,0.5,2,1281360.0,azure_vm_real_slice
10625,1362600.0,300.0,0.05,0.5,0,1363290.0,azure_vm_real_slice
10626,890700.0,5100.0,0.13888746474522892,0.05,0,902430.0,azure_vm_real_slice
10627,1541700.0,3600.0,0.05,0.5,2,1548180.0,azure_vm_real_slice
10628,1463400.0,6000.0,0.21806562807718372,0.5,2,1474200.0,azure_vm_real_slice
10629,882300.0,600.0,0.05,0.5,0,883680.0,azure_vm_real_slice
10630,1400700.0,4500.0,0.7633152687833302,0.5,2,1408800.0,azure_vm_real_slice
10631,1814700.0,2400.0,0.40424780523135423,0.05,1,1819620.0,azure_vm_real_slice
10632,0.0,7800.0,0.05,0.0625,0,17940.0,azure_vm_real_slice
10633,0.0,300.0,0.05,0.0625,0,690.0,azure_vm_real_slice
10634,0.0,491700.0,0.49723767638542987,0.5,1,1007984.9999999999,azure_vm_real_slice
10635,1579200.0,36600.0,0.4502916725220604,0.05,1,1654230.0,azure_vm_real_slice
10636,328200.0,300.0,0.16911643004662252,0.5,0,328890.0,azure_vm_real_slice
10637,0.0,900.0,0.05,0.5,0,2070.0,azure_vm_real_slice
10638,245700.0,300.0,0.05,0.5,0,246390.0,azure_vm_real_slice
10639,0.0,2406000.0,0.05,0.125,0,5533800.0,azure_vm_real_slice
10640,0.0,35100.0,0.7177776887984045,0.5,1,71955.0,azure_vm_real_slice
10641,58800.0,600.0,0.18613931589218796,0.5,0,60180.0,azure_vm_real_slice
10642,1678200.0,900.0,0.05,0.125,0,1680270.0,azure_vm_real_slice
10643,840900.0,600.0,0.05,0.5,0,842280.0,azure_vm_real_slice
10644,947700.0,1200.0,0.11880200060785423,0.125,0,950460.0,azure_vm_real_slice
10645,64500.0,300.0,0.0691924632319952,0.5,0,65190.0,azure_vm_real_slice
10646,0.0,4200.0,0.5830513563959543,0.05,1,8610.0,azure_vm_real_slice
10647,1822500.0,3000.0,0.3497535474817524,0.05,0,1829400.0,azure_vm_real_slice
10648,706800.0,600.0,0.10824134486125617,0.5,0,708180.0,azure_vm_real_slice
10649,132300.0,600.0,0.23978680368703706,0.125,0,133680.0,azure_vm_real_slice
10650,0.0,3600.0,0.05,0.125,0,8280.0,azure_vm_real_slice
10651,220200.0,601800.0,0.05,0.125,0,1604340.0,azure_vm_real_slice
10652,51900.0,2700.0,0.05,0.5,0,58110.0,azure_vm_real_slice
10653,976500.0,600.0,0.05,0.125,0,977880.0,azure_vm_real_slice
10654,1448400.0,900.0,0.05,0.125,0,1450470.0,azure_vm_real_slice
10655,12300.0,3000.0,0.54673293127746,0.05,1,18450.0,azure_vm_real_slice
10656,1843800.0,189300.0,0.17155547630615875,0.5,0,2279190.0,azure_vm_real_slice
10657,1640100.0,300.0,0.05,0.125,0,1640790.0,azure_vm_real_slice
10658,0.0,2591400.0,0.12055334151471853,0.05,0,5960220.0,azure_vm_real_slice
10659,1790700.0,1200.0,0.3538371571895793,0.05,1,1793160.0,azure_vm_real_slice
10660,0.0,31500.0,0.7613426748677103,0.125,2,56699.99999999999,azure_vm_real_slice
10661,1680000.0,300.0,0.19996974421324343,0.125,0,1680690.0,azure_vm_real_slice
10662,1264200.0,300.0,0.05,0.0625,0,1264890.0,azure_vm_real_slice
10663,440700.0,3300.0,0.2145325698087592,0.125,0,448290.0,azure_vm_real_slice
10664,1252200.0,300.0,0.05,0.5,0,1252890.0,azure_vm_real_slice
10665,924600.0,600.0,0.05,0.5,0,925980.0,azure_vm_real_slice
10666,1597200.0,435900.0,0.05,0.0625,0,2599770.0,azure_vm_real_slice
10667,583200.0,3900.0,0.05,0.5,0,592170.0,azure_vm_real_slice
10668,981600.0,300.0,0.2712124412249186,0.0625,0,982290.0,azure_vm_real_slice
10669,482100.0,14100.0,0.09115386250710956,0.0625,0,514530.0,azure_vm_real_slice
10670,1039800.0,993300.0,0.05,0.0625,0,3324390.0,azure_vm_real_slice
10671,0.0,307200.0,0.05,0.125,0,706560.0,azure_vm_real_slice
10672,235200.0,6300.0,0.17777354052705452,0.5,0,249690.0,azure_vm_real_slice
10673,63600.0,3000.0,0.06568535108736487,0.05,0,70500.0,azure_vm_real_slice
10674,0.0,2591400.0,0.06079147470610465,0.125,0,5960220.0,azure_vm_real_slice
10675,0.0,900.0,0.19258670540115524,0.5,2,1619.9999999999998,azure_vm_real_slice
10676,615300.0,600.0,0.2166964442715854,0.125,0,616680.0,azure_vm_real_slice
10677,0.0,300.0,0.05,0.5,0,690.0,azure_vm_real_slice
10678,1580100.0,600.0,0.392869425624198,0.125,1,1581330.0,azure_vm_real_slice
10679,0.0,300.0,0.05,0.125,0,690.0,azure_vm_real_slice
10680,1926300.0,2400.0,0.408274648893314,0.125,1,1931220.0,azure_vm_real_slice
10681,1243800.0,17700.0,0.05,0.0625,0,1284510.0,azure_vm_real_slice
10682,0.0,300.0,0.05,0.125,0,690.0,azure_vm_real_slice
10683,0.0,1500.0,0.16925521421479064,0.125,0,3449.9999999999995,azure_vm_real_slice
10684,0.0,2100.0,0.05,0.5,0,4830.0,azure_vm_real_slice
10685,1283400.0,1500.0,0.23453673765831767,0.0625,0,1286850.0,azure_vm_real_slice
10686,475200.0,3000.0,0.05,0.5,0,482100.0,azure_vm_real_slice
10687,0.0,34800.0,0.266006909893716,0.5,2,62639.99999999999,azure_vm_real_slice
10688,753600.0,11700.0,0.05,0.05,0,780510.0,azure_vm_real_slice
10689,359700.0,2400.0,0.05492746487326157,0.5,0,365220.0,azure_vm_real_slice
10690,0.0,300.0,0.4374461586231028,0.0625,1,615.0,azure_vm_real_slice
10691,385200.0,300.0,0.5521692923449268,1.0,2,385740.0,azure_vm_real_slice
10692,768600.0,600.0,0.05,1.0,2,769680.0,azure_vm_real_slice
10693,655500.0,4800.0,0.08937811218570242,0.5,2,664140.0,azure_vm_real_slice
10694,1933500.0,4800.0,0.05,0.5,2,1942140.0,azure_vm_real_slice
10695,798900.0,2400.0,0.24256207445498912,0.125,0,804420.0,azure_vm_real_slice
10696,1290000.0,600.0,0.08007348424406038,0.5,0,1291380.0,azure_vm_real_slice
10697,0.0,3300.0,0.05,0.0625,0,7589.999999999999,azure_vm_real_slice
10698,613800.0,9600.0,0.2574854163710163,0.5,2,631080.0,azure_vm_real_slice
10699,1690500.0,300.0,0.40940958152279483,0.5,2,1691040.0,azure_vm_real_slice
10700,1734300.0,1800.0,0.05,0.5,0,1738440.0,azure_vm_real_slice
10701,1740900.0,1500.0,0.05,0.5,0,1744350.0,azure_vm_real_slice
10702,583200.0,29700.0,0.33637182914845,0.125,0,651510.0,azure_vm_real_slice
10703,602700.0,2100.0,0.05,0.5,0,607530.0,azure_vm_real_slice
10704,0.0,2591400.0,0.05,0.0625,0,5960220.0,azure_vm_real_slice
10705,720600.0,1200.0,0.11592136489750328,0.125,0,723360.0,azure_vm_real_slice
10706,0.0,300.0,0.05,0.5,0,690.0,azure_vm_real_slice
10707,641700.0,600.0,0.11877541205055396,0.125,0,643080.0,azure_vm_real_slice
10708,1038600.0,600.0,0.3497586635954511,0.125,0,1039980.0,azure_vm_real_slice
10709,666300.0,3900.0,0.13771442171887555,0.125,0,675270.0,azure_vm_real_slice
10710,516300.0,900.0,0.2389307652726066,0.0625,0,518370.0,azure_vm_real_slice
10711,0.0,900.0,0.10059202999485209,0.5,0,2070.0,azure_vm_real_slice
10712,514800.0,1200.0,0.25792981593746306,0.05,0,517560.0,azure_vm_real_slice
10713,1725000.0,1200.0,0.05,0.125,0,1727760.0,azure_vm_real_slice
10714,0.0,5400.0,0.3350324207098981,0.125,0,12419.999999999998,azure_vm_real_slice
10715,0.0,900.0,0.15171113994056593,0.125,0,2070.0,azure_vm_real_slice
10716,676500.0,300.0,0.05,0.125,0,677190.0,azure_vm_real_slice
10717,0.0,2591400.0,0.1153627549962164,0.05,0,5960220.0,azure_vm_real_slice
10718,0.0,900.0,0.2069541900459811,0.05,0,2070.0,azure_vm_real_slice
10719,0.0,300.0,0.05,0.0625,0,690.0,azure_vm_real_slice
10720,1547700.0,300.0,0.06019853548915984,0.125,0,1548390.0,azure_vm_real_slice
10721,0.0,300.0,0.34373797293178526,0.0625,0,690.0,azure_vm_real_slice
10722,0.0,2591400.0,0.10477758089774401,0.05,0,5960220.0,azure_vm_real_slice
10723,0.0,1003800.0,0.08928446230800896,0.05,0,2308740.0,azure_vm_real_slice
10724,680100.0,300.0,0.15055526147604995,0.125,0,680790.0,azure_vm_real_slice
10725,890100.0,600.0,0.05,0.125,0,891480.0,azure_vm_real_slice
10726,1035900.0,4200.0,0.5099150923064052,0.125,1,1044510.0,azure_vm_real_slice
10727,0.0,2591400.0,0.05295345718146668,0.0625,0,5960220.0,azure_vm_real_slice
10728,669600.0,4800.0,0.10190455788529812,0.0625,0,680640.0,azure_vm_real_slice
10729,0.0,2591400.0,0.06892460684742609,0.125,0,5960220.0,azure_vm_real_slice
10730,684600.0,300.0,0.05,0.5,0,685290.0,azure_vm_real_slice
10731,1783200.0,2100.0,0.05,0.5,0,1788030.0,azure_vm_real_slice
10732,649500.0,2700.0,0.05,0.5,0,655710.0,azure_vm_real_slice
10733,0.0,300.0,0.05,0.125,0,690.0,azure_vm_real_slice
10734,1042800.0,145200.0,0.15082322371112236,0.125,0,1376760.0,azure_vm_real_slice
10735,1877100.0,57300.0,0.13738942720562178,0.0625,0,2008890.0,azure_vm_real_slice
10736,462000.0,250200.0,0.05,0.125,0,1037460.0,azure_vm_real_slice
10737,0.0,300.0,0.05,0.125,0,690.0,azure_vm_real_slice
10738,1000800.0,300.0,0.4456118086388552,0.05,1,1001415.0,azure_vm_real_slice
10739,0.0,900.0,0.2212061078433792,1.0,2,1619.9999999999998,azure_vm_real_slice
10740,362400.0,600.0,0.36539761712148033,0.0625,1,363630.0,azure_vm_real_slice
10741,324900.0,3600.0,0.5408264883358629,0.05,1,332280.0,azure_vm_real_slice
10742,1875900.0,900.0,0.05,0.5,0,1877970.0,azure_vm_real_slice
10743,1095900.0,6900.0,0.5705829703875535,0.5,1,1110045.0,azure_vm_real_slice
10744,1266000.0,13500.0,0.07936332374506651,0.0625,0,1297050.0,azure_vm_real_slice
10745,1454100.0,38700.0,0.05,0.0625,0,1543110.0,azure_vm_real_slice
10746,0.0,3000.0,0.7846032076950218,0.5,2,5399.999999999999,azure_vm_real_slice
10747,1018200.0,1500.0,0.3564283906569241,0.0625,1,1021275.0,azure_vm_real_slice
10748,0.0,3900.0,0.5712049910553145,0.5,1,7994.999999999999,azure_vm_real_slice
10749,591900.0,2100.0,0.05,0.5,0,596730.0,azure_vm_real_slice
10750,1904100.0,3600.0,0.05,0.0625,0,1912380.0,azure_vm_real_slice
10751,0.0,553800.0,0.37806585572767437,0.0625,1,1135290.0,azure_vm_real_slice
10752,725100.0,300.0,0.05,0.5,0,725790.0,azure_vm_real_slice
10753,1970100.0,900.0,0.10891605230789558,0.125,0,1972170.0,azure_vm_real_slice
10754,0.0,1537200.0,0.24782171857082935,0.0625,0,3535559.9999999995,azure_vm_real_slice
10755,971700.0,6300.0,0.7295748980972754,0.125,1,984615.0,azure_vm_real_slice
10756,438300.0,600.0,0.05,0.5,2,439380.0,azure_vm_real_slice
10757,0.0,2591400.0,0.05,0.125,0,5960220.0,azure_vm_real_slice
10758,801600.0,2100.0,0.6386249730975548,0.5,1,805905.0,azure_vm_real_slice
10759,1298700.0,300.0,0.05,0.125,0,1299390.0,azure_vm_real_slice
10760,0.0,47400.0,0.3012349521354798,0.5,0,109019.99999999999,azure_vm_real_slice
10761,278400.0,300.0,0.05,0.125,0,279090.0,azure_vm_real_slice
10762,850500.0,300.0,0.05,0.0625,0,851190.0,azure_vm_real_slice
10763,1821000.0,144900.0,0.09256284172739818,0.125,0,2154270.0,azure_vm_real_slice
10764,1887900.0,1800.0,0.05,0.5,0,1892040.0,azure_vm_real_slice
10765,1271700.0,5100.0,0.15270316177211504,0.05,0,1283430.0,azure_vm_real_slice
10766,1560900.0,20700.0,0.05,0.125,0,1608510.0,azure_vm_real_slice
10767,0.0,4200.0,0.05261561991987569,0.125,0,9660.0,azure_vm_real_slice
10768,1764900.0,86700.0,0.05,1.0,2,1920960.0,azure_vm_real_slice
10769,0.0,37500.0,0.39539507596076745,0.05,1,76875.0,azure_vm_real_slice
10770,374400.0,3000.0,0.4484712529247701,0.5,1,380550.0,azure_vm_real_slice
10771,99000.0,10500.0,0.2028829833729189,1.0,2,117900.0,azure_vm_real_slice
10772,788400.0,2400.0,0.05,1.0,2,792720.0,azure_vm_real_slice
10773,321300.0,678600.0,0.05,0.125,0,1882079.9999999998,azure_vm_real_slice
10774,0.0,900.0,0.05,0.5,2,1619.9999999999998,azure_vm_real_slice
10775,1464600.0,6900.0,0.16836067517264244,0.5,2,1477020.0,azure_vm_real_slice
10776,1479600.0,65400.0,0.4222611540529112,0.05,1,1613670.0,azure_vm_real_slice
10777,0.0,2591400.0,0.05,0.125,0,5960220.0,azure_vm_real_slice
10778,73200.0,300.0,0.05,0.5,2,73740.0,azure_vm_real_slice
10779,1686600.0,173400.0,0.05,0.5,2,1998720.0,azure_vm_real_slice
10780,1596900.0,29100.0,0.43319884983086626,0.0625,1,1656555.0,azure_vm_real_slice
10781,0.0,2591400.0,0.5037347131653889,0.125,1,5312370.0,azure_vm_real_slice
10782,356400.0,2700.0,0.1419436600358977,0.0625,0,362610.0,azure_vm_real_slice
10783,1522800.0,900.0,0.193703858817653,0.125,0,1524870.0,azure_vm_real_slice
10784,460200.0,300.0,0.05,0.5,2,460740.0,azure_vm_real_slice
10785,1804200.0,3900.0,0.09929775562486061,0.125,0,1813170.0,azure_vm_real_slice
10786,252000.0,1500.0,0.05,1.0,2,254700.0,azure_vm_real_slice
10787,0.0,17700.0,0.09189905089465787,0.5,2,31859.999999999996,azure_vm_real_slice
10788,633600.0,2400.0,0.5262213010319639,0.05,1,638520.0,azure_vm_real_slice
10789,261600.0,600.0,0.17055731691350876,0.125,0,262980.0,azure_vm_real_slice
10790,0.0,600.0,0.1746267341218412,0.125,0,1380.0,azure_vm_real_slice
10791,1110600.0,900.0,0.7441745609545203,0.5,1,1112445.0,azure_vm_real_slice
10792,1153800.0,300.0,0.05,0.125,0,1154490.0,azure_vm_real_slice
10793,614100.0,43200.0,0.2288179075147387,0.5,0,713460.0,azure_vm_real_slice
10794,1690800.0,43200.0,0.05,0.5,0,1790160.0,azure_vm_real_slice
10795,0.0,26400.0,0.05,0.0625,0,60719.99999999999,azure_vm_real_slice
10796,274500.0,4200.0,0.10250199800354298,0.125,0,284160.0,azure_vm_real_slice
10797,480300.0,300.0,0.06390554625298739,0.125,0,480990.0,azure_vm_real_slice
10798,0.0,2400.0,0.5874647681930475,0.125,1,4920.0,azure_vm_real_slice
10799,1119900.0,3900.0,0.38207329604102974,0.5,1,1127895.0,azure_vm_real_slice
10800,285900.0,9300.0,0.05,0.0625,0,307290.0,azure_vm_real_slice
10801,285600.0,8100.0,0.8177394436311441,0.5,2,300180.0,azure_vm_real_slice
10802,724800.0,300.0,0.05,0.125,0,725490.0,azure_vm_real_slice
10803,369300.0,1800.0,0.05,0.125,0,373440.0,azure_vm_real_slice
10804,0.0,300.0,0.6293690516541254,0.125,1,615.0,azure_vm_real_slice
10805,887400.0,44400.0,0.14635994302666472,0.5,0,989520.0,azure_vm_real_slice
10806,0.0,300.0,0.10886845007887244,0.5,0,690.0,azure_vm_real_slice
10807,0.0,300.0,0.08933349511193217,0.5,0,690.0,azure_vm_real_slice
10808,609600.0,300.0,0.05,0.125,0,610290.0,azure_vm_real_slice
10809,1574400.0,11400.0,0.1341977229182256,0.05,0,1600620.0,azure_vm_real_slice
10810,1861800.0,1200.0,0.05,0.5,0,1864560.0,azure_vm_real_slice
10811,326400.0,1706700.0,0.05,0.5,2,3398459.9999999995,azure_vm_real_slice
10812,1545300.0,900.0,0.3602242194256064,0.05,1,1547145.0,azure_vm_real_slice
10813,0.0,300.0,0.09198721146817322,0.5,0,690.0,azure_vm_real_slice
10814,1713300.0,19200.0,0.134779281466506,0.125,0,1757460.0,azure_vm_real_slice
10815,1289400.0,1200.0,0.08449137898217896,0.125,0,1292160.0,azure_vm_real_slice
10816,775800.0,300.0,0.05,0.5,0,776490.0,azure_vm_real_slice
10817,517500.0,300.0,0.05,0.125,0,518190.0,azure_vm_real_slice
10818,1006200.0,1500.0,0.19146409374327344,0.125,0,1009650.0,azure_vm_real_slice
10819,0.0,3600.0,0.20848547002965026,0.0625,0,8280.0,azure_vm_real_slice
10820,0.0,1500.0,0.7017555676913484,0.0625,1,3074.9999999999995,azure_vm_real_slice
10821,1991100.0,600.0,0.05,0.5,2,1992180.0,azure_vm_real_slice
10822,1026900.0,4500.0,0.2412804840799795,0.0625,0,1037250.0,azure_vm_real_slice
10823,0.0,5400.0,0.23526729392863988,0.0625,0,12419.999999999998,azure_vm_real_slice
10824,1205400.0,11100.0,0.5382686955692185,0.0625,1,1228155.0,azure_vm_real_slice
10825,1118100.0,1800.0,0.10536154773334347,0.125,0,1122240.0,azure_vm_real_slice
10826,972600.0,1200.0,0.05,0.125,0,975360.0,azure_vm_real_slice
10827,1368900.0,6600.0,0.11175569134121766,0.125,0,1384080.0,azure_vm_real_slice
10828,0.0,300.0,0.2666287423006887,0.5,0,690.0,azure_vm_real_slice
10829,0.0,300.0,0.05,0.125,0,690.0,azure_vm_real_slice
10830,964500.0,2700.0,0.176872685953119,0.0625,0,970710.0,azure_vm_real_slice
10831,0.0,153600.0,0.05,0.05,0,353280.0,azure_vm_real_slice
10832,1769100.0,2100.0,0.05,0.5,0,1773930.0,azure_vm_real_slice
10833,0.0,2400.0,0.6853407693032701,0.0625,1,4920.0,azure_vm_real_slice
10834,1121700.0,1800.0,0.5537269533053161,0.125,1,1125390.0,azure_vm_real_slice
10835,1154700.0,27000.0,0.772903538106864,0.5,2,1203300.0,azure_vm_real_slice
10836,538800.0,600.0,0.05,1.0,2,539880.0,azure_vm_real_slice
10837,0.0,7500.0,0.0625600843524575,0.5,0,17250.0,azure_vm_real_slice
10838,281700.0,112500.0,0.33072378446109196,0.0625,0,540450.0,azure_vm_real_slice
10839,159300.0,300.0,0.05,0.0625,0,159990.0,azure_vm_real_slice
10840,951900.0,9300.0,0.1820069408013332,1.0,2,968640.0,azure_vm_real_slice
10841,137700.0,5400.0,0.6543666421634486,0.125,1,148770.0,azure_vm_real_slice
10842,0.0,1500.0,0.41441348942156964,0.125,1,3074.9999999999995,azure_vm_real_slice
10843,0.0,2400.0,0.05,0.5,0,5520.0,azure_vm_real_slice
10844,281700.0,600.0,0.34533282073152144,0.05,0,283080.0,azure_vm_real_slice
10845,1991400.0,2700.0,0.5929060316261527,0.05,1,1996935.0,azure_vm_real_slice
10846,399000.0,1200.0,0.17655558379440875,0.125,0,401760.0,azure_vm_real_slice
10847,592200.0,1200.0,0.4621896877574776,0.5,1,594660.0,azure_vm_real_slice
10848,446400.0,300.0,0.05,0.125,0,447090.0,azure_vm_real_slice
10849,266400.0,600.0,0.07059329072272517,0.125,0,267780.0,azure_vm_real_slice
10850,501300.0,600.0,0.05,0.125,0,502680.0,azure_vm_real_slice
10851,0.0,2591400.0,0.21899792392654316,0.05,0,5960220.0,azure_vm_real_slice
10852,0.0,20100.0,0.3350954663005098,0.125,0,46230.0,azure_vm_real_slice
10853,833100.0,1500.0,0.16017700629441298,0.5,0,836550.0,azure_vm_real_slice
10854,463200.0,14100.0,0.05,0.0625,0,495630.0,azure_vm_real_slice
10855,0.0,300.0,0.05,0.125,0,690.0,azure_vm_real_slice
10856,1866300.0,1500.0,0.05,0.5,0,1869750.0,azure_vm_real_slice
10857,0.0,2100.0,0.05,0.5,0,4830.0,azure_vm_real_slice
10858,1899300.0,300.0,0.774540714217871,0.5,2,1899840.0,azure_vm_real_slice
10859,980400.0,600.0,0.05,0.0625,0,981780.0,azure_vm_real_slice
10860,888900.0,600.0,0.05,0.5,0,890280.0,azure_vm_real_slice
10861,144000.0,300.0,0.05,0.0625,0,144690.0,azure_vm_real_slice
10862,0.0,600.0,0.05,0.125,0,1380.0,azure_vm_real_slice
10863,530700.0,6600.0,0.05,0.125,0,545880.0,azure_vm_real_slice
10864,1695300.0,1500.0,0.05,0.125,0,1698750.0,azure_vm_real_slice
10865,977100.0,5400.0,0.16840903063240828,0.0625,0,989520.0,azure_vm_real_slice
10866,501900.0,1500.0,0.22335185479662673,0.5,0,505350.0,azure_vm_real_slice
10867,0.0,26100.0,0.8111631905604587,0.5,2,46979.99999999999,azure_vm_real_slice
10868,950400.0,9300.0,0.1719304669610767,0.5,2,967140.0,azure_vm_real_slice
10869,776700.0,45000.0,0.7932848979338145,0.5,2,857700.0,azure_vm_real_slice
10870,1481400.0,2700.0,0.49163009654015233,0.125,1,1486935.0,azure_vm_real_slice
10871,454500.0,600.0,0.051389010170847425,0.125,0,455880.0,azure_vm_real_slice
10872,1141500.0,5400.0,0.096819933387813,0.125,0,1153920.0,azure_vm_real_slice
10873,1592700.0,600.0,0.05,0.5,0,1594080.0,azure_vm_real_slice
10874,1263000.0,15900.0,0.09290417326765593,0.0625,0,1299570.0,azure_vm_real_slice
10875,115800.0,900.0,0.08735547378897747,0.125,0,117870.0,azure_vm_real_slice
10876,0.0,2591400.0,0.05,0.125,0,5960220.0,azure_vm_real_slice
10877,1919700.0,900.0,0.05,0.125,0,1921770.0,azure_vm_real_slice
10878,0.0,2591400.0,0.05,0.0625,0,5960220.0,azure_vm_real_slice
10879,696900.0,600.0,0.05,0.5,0,698280.0,azure_vm_real_slice
10880,599400.0,4200.0,0.1455163773409237,0.125,0,609060.0,azure_vm_real_slice
10881,1421100.0,232500.0,0.05,0.5,0,1955850.0,azure_vm_real_slice
10882,857700.0,300.0,0.05,0.5,0,858390.0,azure_vm_real_slice
10883,0.0,2591400.0,0.10099241049675063,0.05,0,5960220.0,azure_vm_real_slice
10884,1311900.0,300.0,0.05,0.5,0,1312590.0,azure_vm_real_slice
10885,0.0,57000.0,0.11296786524117236,0.5,0,131100.0,azure_vm_real_slice
10886,188700.0,300.0,0.05,0.5,0,189390.0,azure_vm_real_slice
10887,0.0,505500.0,0.05,0.125,0,1162650.0,azure_vm_real_slice
10888,1960500.0,3600.0,0.05,0.125,0,1968780.0,azure_vm_real_slice
10889,1573800.0,4800.0,0.05299890493173364,0.125,0,1584840.0,azure_vm_real_slice
10890,0.0,143400.0,0.05980467204017738,0.125,0,329820.0,azure_vm_real_slice
10891,0.0,300.0,0.05,0.125,0,690.0,azure_vm_real_slice
10892,1438800.0,6600.0,0.7318135747775625,0.5,1,1452330.0,azure_vm_real_slice
10893,1795200.0,6000.0,0.1999409463306293,0.5,0,1809000.0,azure_vm_real_slice
10894,624000.0,1800.0,0.24712674354962086,0.5,0,628140.0,azure_vm_real_slice
10895,1767300.0,16800.0,0.05,0.0625,0,1805940.0,azure_vm_real_slice
10896,1889400.0,300.0,0.2606184701381563,0.5,0,1890090.0,azure_vm_real_slice
10897,1015500.0,1200.0,0.47284786172870286,0.05,1,1017960.0,azure_vm_real_slice
10898,733800.0,1800.0,0.05,1.0,2,737040.0,azure_vm_real_slice
10899,1111200.0,163200.0,0.05,0.125,0,1486560.0,azure_vm_real_slice
10900,1161000.0,1200.0,0.2187250970325678,1.0,2,1163160.0,azure_vm_real_slice
10901,1563300.0,600.0,0.05,0.125,0,1564680.0,azure_vm_real_slice
10902,1764900.0,900.0,0.05,0.125,0,1766970.0,azure_vm_real_slice
10903,0.0,1800.0,0.05,1.0,2,3239.9999999999995,azure_vm_real_slice
10904,0.0,10500.0,0.33470624676875926,0.5,0,24149.999999999996,azure_vm_real_slice
10905,0.0,3300.0,0.05,0.5,0,7589.999999999999,azure_vm_real_slice
10906,1980600.0,24900.0,0.05,1.0,2,2025420.0,azure_vm_real_slice
10907,0.0,900.0,0.7071180805073257,0.5,1,1844.9999999999998,azure_vm_real_slice
10908,957900.0,10800.0,0.37693023922143,0.05,1,980040.0,azure_vm_real_slice
10909,0.0,2591400.0,0.06339627741160032,0.0625,0,5960220.0,azure_vm_real_slice
10910,988200.0,600.0,0.1601419917178708,0.125,0,989580.0,azure_vm_real_slice
10911,1552800.0,1200.0,0.5952142129614786,0.125,1,1555260.0,azure_vm_real_slice
10912,17400.0,1800.0,0.09248480563433517,0.5,0,21540.0,azure_vm_real_slice
10913,1549800.0,2400.0,0.556334092701492,0.05,1,1554720.0,azure_vm_real_slice
10914,837000.0,300.0,0.05,0.5,0,837690.0,azure_vm_real_slice
10915,0.0,600.0,0.16870104345319534,0.125,0,1380.0,azure_vm_real_slice
10916,1185300.0,600.0,0.05,0.125,0,1186680.0,azure_vm_real_slice
10917,181800.0,300.0,0.05,1.0,2,182340.0,azure_vm_real_slice
10918,0.0,3900.0,0.05,0.125,0,8970.0,azure_vm_real_slice
10919,1129800.0,11400.0,0.24037359351676568,0.0625,0,1156020.0,azure_vm_real_slice
10920,50400.0,2700.0,0.05,0.5,0,56610.0,azure_vm_real_slice
10921,0.0,3000.0,0.12184130535036701,0.5,0,6899.999999999999,azure_vm_real_slice
10922,1288800.0,1200.0,0.1785114307847868,0.5,2,1290960.0,azure_vm_real_slice
10923,0.0,15900.0,0.37239069835910305,0.125,1,32594.999999999996,azure_vm_real_slice
10924,1199400.0,1800.0,0.05,0.0625,0,1203540.0,azure_vm_real_slice
10925,305700.0,2400.0,0.08632600358327214,0.5,2,310020.0,azure_vm_real_slice
10926,561900.0,300.0,0.05,0.0625,0,562590.0,azure_vm_real_slice
10927,1971000.0,300.0,0.05,0.5,0,1971690.0,azure_vm_real_slice
10928,1518900.0,600.0,0.11090318996103649,0.5,0,1520280.0,azure_vm_real_slice
10929,0.0,2700.0,0.3890159740812106,0.125,1,5534.999999999999,azure_vm_real_slice
10930,1366200.0,2400.0,0.05,0.5,0,1371720.0,azure_vm_real_slice
10931,0.0,900.0,0.15377152730578839,0.125,0,2070.0,azure_vm_real_slice
10932,844500.0,2700.0,0.5361993947131587,0.05,1,850035.0,azure_vm_real_slice
10933,512400.0,1800.0,0.05,0.5,0,516540.0,azure_vm_real_slice
10934,0.0,2591400.0,0.05,0.125,0,5960220.0,azure_vm_real_slice
10935,0.0,1500.0,0.056535307888554306,0.5,0,3449.9999999999995,azure_vm_real_slice
10936,465300.0,4200.0,0.14649604266430752,0.125,0,474960.0,azure_vm_real_slice
10937,369000.0,1664100.0,0.05,0.0625,0,4196430.0,azure_vm_real_slice
10938,0.0,2591400.0,0.05,0.125,0,5960220.0,azure_vm_real_slice
10939,0.0,2591400.0,0.09682029089032998,0.05,0,5960220.0,azure_vm_real_slice
10940,0.0,300.0,0.05,0.125,0,690.0,azure_vm_real_slice
10941,476400.0,507900.0,0.05,0.05,0,1644570.0,azure_vm_real_slice
10942,1387800.0,1800.0,0.224794980750256,0.5,2,1391040.0,azure_vm_real_slice
10943,1772100.0,300.0,0.05,0.0625,0,1772790.0,azure_vm_real_slice
10944,543300.0,900.0,0.269932935780329,0.0625,0,545370.0,azure_vm_real_slice
10945,0.0,1200.0,0.14888109241778696,0.125,0,2760.0,azure_vm_real_slice
10946,350700.0,2100.0,0.2733263547653512,0.125,0,355530.0,azure_vm_real_slice
10947,1556700.0,900.0,0.4092683413259326,0.05,1,1558545.0,azure_vm_real_slice
10948,462900.0,47700.0,0.393200553114284,0.125,1,560685.0,azure_vm_real_slice
10949,766200.0,600.0,0.05,0.5,0,767580.0,azure_vm_real_slice
10950,0.0,2591400.0,0.08830681991324975,0.05,0,5960220.0,azure_vm_real_slice
10951,1732200.0,1800.0,0.05,0.5,0,1736340.0,azure_vm_real_slice
10952,1817400.0,82500.0,0.4121369130879538,0.125,1,1986525.0,azure_vm_real_slice
10953,1538400.0,600.0,0.17383219722749907,0.125,0,1539780.0,azure_vm_real_slice
10954,1163100.0,1500.0,0.2852560622689761,0.5,0,1166550.0,azure_vm_real_slice
10955,0.0,25200.0,0.3846626890613683,0.125,1,51659.99999999999,azure_vm_real_slice
10956,682200.0,43500.0,0.30421800065858934,0.0625,0,782250.0,azure_vm_real_slice
10957,0.0,2591400.0,0.05,0.05,0,5960220.0,azure_vm_real_slice
10958,0.0,2591400.0,0.47759887230137926,0.125,1,5312370.0,azure_vm_real_slice
10959,0.0,1500.0,0.05,0.5,0,3449.9999999999995,azure_vm_real_slice
10960,421800.0,300.0,0.05,0.0625,0,422490.0,azure_vm_real_slice
10961,0.0,7800.0,0.5168120060328275,0.125,1,15989.999999999998,azure_vm_real_slice
10962,814500.0,600.0,0.06740024438162236,0.125,0,815880.0,azure_vm_real_slice
10963,2024100.0,900.0,0.05,0.125,0,2026170.0,azure_vm_real_slice
10964,2018700.0,5700.0,0.38142575559237984,0.0625,1,2030385.0,azure_vm_real_slice
10965,1310700.0,600.0,0.05,0.0625,0,1312080.0,azure_vm_real_slice
10966,0.0,600.0,0.05,0.125,0,1380.0,azure_vm_real_slice
10967,1451700.0,86100.0,0.05,0.0625,0,1649730.0,azure_vm_real_slice
10968,969900.0,600.0,0.05,0.125,0,971280.0,azure_vm_real_slice
10969,355500.0,10800.0,0.12043063762263101,0.5,2,374940.0,azure_vm_real_slice
10970,1591500.0,300.0,0.07333574329957547,0.05,0,1592190.0,azure_vm_real_slice
10971,831000.0,300.0,0.05,0.5,0,831690.0,azure_vm_real_slice
10972,1797300.0,600.0,0.06954452513047676,0.125,0,1798680.0,azure_vm_real_slice
10973,0.0,53400.0,0.810580869611657,0.5,2,96119.99999999999,azure_vm_real_slice
10974,1335900.0,10200.0,0.7868155838519403,0.5,2,1354260.0,azure_vm_real_slice
10975,0.0,7200.0,0.39296399015496464,0.125,1,14759.999999999998,azure_vm_real_slice
10976,0.0,1134600.0,0.05,0.05,0,2609580.0,azure_vm_real_slice
10977,2000700.0,18300.0,0.15311965194375016,0.0625,0,2042790.0,azure_vm_real_slice
10978,1766700.0,2100.0,0.05,0.5,0,1771530.0,azure_vm_real_slice
10979,0.0,2591400.0,0.05875959546847092,0.125,0,5960220.0,azure_vm_real_slice
10980,6000.0,3900.0,0.17693300841723425,0.5,0,14970.0,azure_vm_real_slice
10981,408900.0,600.0,0.05,0.5,2,409980.0,azure_vm_real_slice
10982,0.0,300.0,0.10923064778787302,0.0625,0,690.0,azure_vm_real_slice
10983,105900.0,1200.0,0.05,0.5,2,108060.0,azure_vm_real_slice
10984,0.0,1500.0,0.5882599816495095,0.125,1,3074.9999999999995,azure_vm_real_slice
10985,1815900.0,600.0,0.16779095739339042,0.5,2,1816980.0,azure_vm_real_slice
10986,249900.0,300.0,0.0891022421669274,0.125,0,250590.0,azure_vm_real_slice
10987,0.0,600.0,0.12161003489634986,0.125,0,1380.0,azure_vm_real_slice
10988,0.0,2591400.0,0.07445786336124621,0.0625,0,5960220.0,azure_vm_real_slice
10989,920400.0,600.0,0.05,0.5,0,921780.0,azure_vm_real_slice
10990,1613400.0,8100.0,0.08158914629908555,0.5,2,1627980.0,azure_vm_real_slice
10991,193800.0,600.0,0.05,0.05,0,195180.0,azure_vm_real_slice
10992,1721700.0,3000.0,0.5752373921346384,0.0625,1,1727850.0,azure_vm_real_slice
10993,1229700.0,2100.0,0.05,0.5,0,1234530.0,azure_vm_real_slice
10994,1310700.0,600.0,0.13154268140549358,0.125,0,1312080.0,azure_vm_real_slice
10995,1245300.0,21000.0,0.2978470860864432,0.125,0,1293600.0,azure_vm_real_slice
10996,1404600.0,5700.0,0.05750264003006822,0.125,0,1417710.0,azure_vm_real_slice
10997,0.0,600.0,0.05,0.5,0,1380.0,azure_vm_real_slice
10998,1669200.0,12900.0,0.08300678267897064,0.5,2,1692420.0,azure_vm_real_slice
10999,1009200.0,600.0,0.098536137528121,0.125,0,1010580.0,azure_vm_real_slice
11000,1173900.0,83400.0,0.05,0.5,0,1365720.0,azure_vm_real_slice
11001,1821300.0,300.0,0.05,0.125,0,1821990.0,azure_vm_real_slice
11002,658500.0,8100.0,0.11660197555899211,0.5,0,677130.0,azure_vm_real_slice
11003,1778400.0,300.0,0.05,0.5,2,1778940.0,azure_vm_real_slice
11004,0.0,14700.0,0.05,0.125,0,33810.0,azure_vm_real_slice
11005,1934700.0,2100.0,0.169967123765126,0.5,0,1939530.0,azure_vm_real_slice
11006,580500.0,600.0,0.05,0.125,0,581880.0,azure_vm_real_slice
11007,589200.0,3900.0,0.05,1.0,2,596220.0,azure_vm_real_slice
11008,0.0,2591400.0,0.08884929637036595,0.05,0,5960220.0,azure_vm_real_slice
11009,0.0,2591400.0,0.10227196286708598,0.05,0,5960220.0,azure_vm_real_slice
11010,1336500.0,15900.0,0.055254692036969234,0.5,2,1365120.0,azure_vm_real_slice
11011,63300.0,4200.0,0.13544576617785375,0.125,0,72960.0,azure_vm_real_slice
11012,378600.0,1500.0,0.4220412699645463,0.0625,1,381675.0,azure_vm_real_slice
11013,609900.0,34200.0,0.08420442729265315,0.125,0,688560.0,azure_vm_real_slice
11014,219000.0,900.0,0.05,0.5,0,221070.0,azure_vm_real_slice
11015,1790700.0,1500.0,0.2411945533288844,0.125,0,1794150.0,azure_vm_real_slice
11016,588000.0,1800.0,0.05,0.5,0,592140.0,azure_vm_real_slice
11017,0.0,300.0,0.06540222292672024,0.0625,0,690.0,azure_vm_real_slice
11018,0.0,300.0,0.4578905399245916,0.0625,1,615.0,azure_vm_real_slice
11019,1192500.0,600.0,0.05,0.125,0,1193880.0,azure_vm_real_slice
11020,1935300.0,300.0,0.3183418300964249,0.05,0,1935990.0,azure_vm_real_slice
11021,1663800.0,233400.0,0.21118638455448685,0.5,0,2200620.0,azure_vm_real_slice
11022,973500.0,21600.0,0.2149609257447333,1.0,2,1012380.0,azure_vm_real_slice
11023,125100.0,300.0,0.09504485414059116,0.125,0,125790.0,azure_vm_real_slice
11024,587100.0,3900.0,0.602333388138865,0.05,1,595095.0,azure_vm_real_slice
11025,363600.0,54000.0,0.38700847801763083,0.125,1,474300.0,azure_vm_real_slice
11026,0.0,2591400.0,0.05,0.125,0,5960220.0,azure_vm_real_slice
11027,1851300.0,600.0,0.05,0.125,0,1852680.0,azure_vm_real_slice
11028,915000.0,31500.0,0.3557856732938277,0.125,1,979575.0,azure_vm_real_slice
11029,134400.0,300.0,0.05,0.125,0,135090.0,azure_vm_real_slice
11030,0.0,300.0,0.0993646319317007,0.125,0,690.0,azure_vm_real_slice
11031,1844100.0,1200.0,0.05,0.5,2,1846260.0,azure_vm_real_slice
11032,976200.0,900.0,0.12453099842259126,0.125,0,978270.0,azure_vm_real_slice
11033,686100.0,3300.0,0.30859916554850736,0.125,0,693690.0,azure_vm_real_slice
11034,1334700.0,9900.0,0.7286938689655785,0.5,1,1354995.0,azure_vm_real_slice
11035,0.0,300.0,0.13035219670310338,0.125,0,690.0,azure_vm_real_slice
11036,1932000.0,2700.0,0.29462421973463154,0.0625,0,1938210.0,azure_vm_real_slice
11037,1767000.0,2100.0,0.05,0.5,0,1771830.0,azure_vm_real_slice
11038,1198800.0,300.0,0.05,0.5,0,1199490.0,azure_vm_real_slice
11039,0.0,3000.0,0.6133097428993676,0.5,1,6149.999999999999,azure_vm_real_slice
11040,1827900.0,3000.0,0.05,1.0,2,1833300.0,azure_vm_real_slice
11041,0.0,2591400.0,0.05,0.125,0,5960220.0,azure_vm_real_slice
11042,0.0,600.0,0.07580001742968918,0.125,0,1380.0,azure_vm_real_slice
11043,590700.0,1085400.0,0.05,0.125,0,3087120.0,azure_vm_real_slice
11044,497700.0,1800.0,0.05,0.5,0,501840.0,azure_vm_real_slice
11045,723000.0,2100.0,0.05,0.125,0,727830.0,azure_vm_real_slice
11046,1164600.0,504600.0,0.4652810771546996,0.0625,1,2199030.0,azure_vm_real_slice
11047,806100.0,16800.0,0.05,0.125,0,844740.0,azure_vm_real_slice
11048,0.0,1537200.0,0.265739329377994,0.0625,0,3535559.9999999995,azure_vm_real_slice
11049,786300.0,43200.0,0.05,0.5,0,885660.0,azure_vm_real_slice
11050,970200.0,1062900.0,0.05,0.125,0,3414870.0,azure_vm_real_slice
11051,281700.0,900.0,0.3549581794896075,0.05,1,283545.0,azure_vm_real_slice
11052,964200.0,600.0,0.1624079092904033,0.0625,0,965580.0,azure_vm_real_slice
11053,118200.0,5400.0,0.3566729958503355,0.125,1,129270.0,azure_vm_real_slice
11054,0.0,2591400.0,0.14154811649086418,0.05,0,5960220.0,azure_vm_real_slice
11055,1513200.0,300.0,0.05,0.5,0,1513890.0,azure_vm_real_slice
11056,0.0,2100.0,0.07093329718981699,0.125,0,4830.0,azure_vm_real_slice
11057,0.0,1500.0,0.18305673072154643,0.5,0,3449.9999999999995,azure_vm_real_slice
11058,78300.0,10500.0,0.2582136732867802,0.125,0,102450.0,azure_vm_real_slice
11059,1871400.0,86400.0,0.05,0.125,0,2070120.0,azure_vm_real_slice
11060,1910400.0,300.0,0.07730747830731156,0.5,0,1911090.0,azure_vm_real_slice
11061,0.0,300.0,0.05,0.125,0,690.0,azure_vm_real_slice
11062,716100.0,13800.0,0.30591126770160354,0.5,0,747840.0,azure_vm_real_slice
11063,1325400.0,600.0,0.05,0.5,2,1326480.0,azure_vm_real_slice
11064,854700.0,300.0,0.05,0.5,2,855240.0,azure_vm_real_slice
11065,214200.0,300.0,0.05,0.5,2,214740.0,azure_vm_real_slice
11066,0.0,3300.0,0.4401232722660033,0.125,1,6764.999999999999,azure_vm_real_slice
11067,1043400.0,3900.0,0.14923753284989982,0.125,0,1052370.0,azure_vm_real_slice
11068,1660200.0,2100.0,0.2819347031755467,0.5,0,1665030.0,azure_vm_real_slice
11069,712800.0,1320300.0,0.05,0.125,0,3749489.9999999995,azure_vm_real_slice
11070,749400.0,9300.0,0.3681433264655862,0.0625,1,768465.0,azure_vm_real_slice
11071,0.0,42300.0,0.05,0.125,0,97289.99999999999,azure_vm_real_slice
11072,1120800.0,300.0,0.05,0.125,0,1121490.0,azure_vm_real_slice
11073,614400.0,600.0,0.05,0.5,0,615780.0,azure_vm_real_slice
11074,544800.0,300.0,0.05,0.0625,0,545490.0,azure_vm_real_slice
11075,0.0,1500.0,0.05,0.5,0,3449.9999999999995,azure_vm_real_slice
11076,1513800.0,300.0,0.05,0.125,0,1514490.0,azure_vm_real_slice
11077,1811100.0,300.0,0.05,0.0625,0,1811790.0,azure_vm_real_slice
11078,1551000.0,1200.0,0.5151338238662531,0.05,1,1553460.0,azure_vm_real_slice
11079,914400.0,300.0,0.1250773989521386,0.0625,0,915090.0,azure_vm_real_slice
11080,0.0,2591400.0,0.05,0.125,0,5960220.0,azure_vm_real_slice
11081,0.0,300.0,0.10561991465407859,0.125,0,690.0,azure_vm_real_slice
11082,800700.0,600.0,0.05,0.5,0,802080.0,azure_vm_real_slice
11083,1641600.0,1500.0,0.6363274118588219,0.125,1,1644675.0,azure_vm_real_slice
11084,1605600.0,600.0,0.05,0.5,0,1606980.0,azure_vm_real_slice
11085,1536300.0,2700.0,0.05,0.125,0,1542510.0,azure_vm_real_slice
11086,0.0,2591400.0,0.05,0.5,0,5960220.0,azure_vm_real_slice
11087,0.0,300.0,0.07085913257097007,0.5,0,690.0,azure_vm_real_slice
11088,379500.0,1200.0,0.2996413024612435,0.05,0,382260.0,azure_vm_real_slice
11089,1748400.0,1800.0,0.05,0.5,0,1752540.0,azure_vm_real_slice
11090,477900.0,18600.0,0.42380563907850644,0.125,1,516030.0,azure_vm_real_slice
11091,385800.0,54300.0,0.10116562103595977,0.0625,0,510690.0,azure_vm_real_slice
11092,664200.0,300.0,0.06110645272594896,0.5,0,664890.0,azure_vm_real_slice
11093,1953600.0,300.0,0.05,0.0625,0,1954290.0,azure_vm_real_slice
11094,1061100.0,300.0,0.05346471651826509,0.125,0,1061790.0,azure_vm_real_slice
11095,1315800.0,28500.0,0.1706969942028488,0.5,0,1381350.0,azure_vm_real_slice
11096,1073400.0,12900.0,0.05,0.125,0,1103070.0,azure_vm_real_slice
11097,1845600.0,2100.0,0.055302695412478814,0.125,0,1850430.0,azure_vm_real_slice
11098,1650300.0,39300.0,0.05,0.125,0,1740690.0,azure_vm_real_slice
11099,958800.0,91200.0,0.05,0.0625,0,1168560.0,azure_vm_real_slice
11100,0.0,25800.0,0.05,0.0625,0,59339.99999999999,azure_vm_real_slice
11101,498300.0,2100.0,0.05,0.5,0,503130.0,azure_vm_real_slice
11102,1698600.0,300.0,0.09840038099956726,0.5,0,1699290.0,azure_vm_real_slice
11103,275100.0,63000.0,0.23742580060629265,0.0625,0,420000.0,azure_vm_real_slice
11104,401700.0,78900.0,0.05,0.5,0,583170.0,azure_vm_real_slice
11105,1997400.0,900.0,0.13780699898664234,0.125,0,1999470.0,azure_vm_real_slice
11106,0.0,1037700.0,0.05,0.0625,0,2386710.0,azure_vm_real_slice
11107,0.0,300.0,0.05,0.5,0,690.0,azure_vm_real_slice
11108,489300.0,300.0,0.05,0.125,0,489990.0,azure_vm_real_slice
11109,246900.0,300.0,0.12578812020375374,0.0625,0,247590.0,azure_vm_real_slice
11110,1914600.0,1500.0,0.4147988220972978,0.0625,1,1917675.0,azure_vm_real_slice
11111,870900.0,51600.0,0.4299054672168668,0.125,1,976680.0,azure_vm_real_slice
11112,1370400.0,900.0,0.3307896415946189,0.05,0,1372470.0,azure_vm_real_slice
11113,1705800.0,1800.0,0.23259435097244247,0.125,0,1709940.0,azure_vm_real_slice
11114,0.0,109800.0,0.06390565170039114,0.5,2,197639.99999999997,azure_vm_real_slice
11115,66900.0,2400.0,0.05,0.5,0,72420.0,azure_vm_real_slice
11116,90300.0,2700.0,0.5489980509319257,0.125,1,95835.0,azure_vm_real_slice
11117,1102500.0,3600.0,0.6034255284631317,0.125,1,1109880.0,azure_vm_real_slice
11118,0.0,2591400.0,0.05,0.05,0,5960220.0,azure_vm_real_slice
11119,253800.0,600.0,0.22593020530280752,0.0625,0,255180.0,azure_vm_real_slice
11120,1667700.0,25500.0,0.7554093727002793,0.5,2,1713600.0,azure_vm_real_slice
11121,0.0,2591400.0,0.06454175695989492,0.0625,0,5960220.0,azure_vm_real_slice
11122,0.0,900.0,0.14606162751597615,0.125,0,2070.0,azure_vm_real_slice
11123,1920300.0,1800.0,0.0956543312618513,0.0625,0,1924440.0,azure_vm_real_slice
11124,1800000.0,300.0,0.05,0.5,2,1800540.0,azure_vm_real_slice
11125,743400.0,300.0,0.2357924963640965,0.125,0,744090.0,azure_vm_real_slice
11126,686100.0,1500.0,0.21098961827945956,0.125,0,689550.0,azure_vm_real_slice
11127,135300.0,215400.0,0.05,0.5,0,630720.0,azure_vm_real_slice
11128,0.0,1500.0,0.05,0.5,0,3449.9999999999995,azure_vm_real_slice
11129,329400.0,20700.0,0.22713208619106837,0.0625,0,377010.0,azure_vm_real_slice
11130,1858800.0,600.0,0.05,0.125,0,1860180.0,azure_vm_real_slice
11131,736500.0,3900.0,0.05,1.0,2,743520.0,azure_vm_real_slice
11132,1042200.0,5400.0,0.778649879758476,0.5,2,1051920.0,azure_vm_real_slice
11133,1647000.0,35100.0,0.14494272473803904,0.5,2,1710180.0,azure_vm_real_slice
11134,0.0,21300.0,0.05,0.0625,0,48989.99999999999,azure_vm_real_slice
11135,1883400.0,1800.0,0.17667520555099744,0.125,0,1887540.0,azure_vm_real_slice
11136,0.0,900.0,0.05,0.5,0,2070.0,azure_vm_real_slice
11137,0.0,1800.0,0.4276220214556832,0.05,1,3689.9999999999995,azure_vm_real_slice
11138,596700.0,1500.0,0.1589604914985993,0.125,0,600150.0,azure_vm_real_slice
11139,1757700.0,600.0,0.24621955578507854,0.125,0,1759080.0,azure_vm_real_slice
11140,90600.0,600.0,0.11752330885379136,0.125,0,91980.0,azure_vm_real_slice
11141,1423500.0,300.0,0.05,0.5,0,1424190.0,azure_vm_real_slice
11142,193500.0,47400.0,0.37988498873552834,0.125,1,290670.0,azure_vm_real_slice
11143,1495500.0,32400.0,0.7911149853342705,0.5,2,1553820.0,azure_vm_real_slice
11144,1621200.0,600.0,0.06552203241646631,0.5,0,1622580.0,azure_vm_real_slice
11145,0.0,2591400.0,0.05,0.125,0,5960220.0,azure_vm_real_slice
11146,0.0,2591400.0,0.05,0.125,0,5960220.0,azure_vm_real_slice
11147,1644300.0,17400.0,0.20787517015456572,0.5,2,1675620.0,azure_vm_real_slice
11148,901200.0,1500.0,0.23393093854654695,0.125,0,904650.0,azure_vm_real_slice
11149,942900.0,900.0,0.39948094395843514,0.125,1,944745.0,azure_vm_real_slice
11150,1214100.0,600.0,0.05,0.125,0,1215480.0,azure_vm_real_slice
11151,1819500.0,21900.0,0.05351836672011734,0.125,0,1869870.0,azure_vm_real_slice
11152,845400.0,38700.0,0.09801369959887861,0.0625,0,934410.0,azure_vm_real_slice
11153,1164000.0,900.0,0.12821632800408575,0.0625,0,1166070.0,azure_vm_real_slice
11154,144000.0,600.0,0.05,0.0625,0,145380.0,azure_vm_real_slice
11155,1256700.0,7500.0,0.542693569997653,0.125,1,1272075.0,azure_vm_real_slice
11156,2018100.0,300.0,0.05,0.125,0,2018790.0,azure_vm_real_slice
11157,1483200.0,300.0,0.05,0.5,0,1483890.0,azure_vm_real_slice
11158,0.0,2591400.0,0.05064208185340785,0.05,0,5960220.0,azure_vm_real_slice
11159,220800.0,17400.0,0.3658053208102983,0.125,1,256470.0,azure_vm_real_slice
11160,1169100.0,600.0,0.22240484525004448,0.125,0,1170480.0,azure_vm_real_slice
11161,0.0,1800.0,0.05,0.5,0,4140.0,azure_vm_real_slice
11162,1383900.0,300.0,0.05,0.0625,0,1384590.0,azure_vm_real_slice
11163,1074300.0,300.0,0.05,0.5,0,1074990.0,azure_vm_real_slice
11164,207000.0,600.0,0.19180432181256202,0.0625,0,208380.0,azure_vm_real_slice
11165,1026900.0,2700.0,0.05,1.0,2,1031760.0,azure_vm_real_slice
11166,1895100.0,1800.0,0.11655734735617589,0.5,0,1899240.0,azure_vm_real_slice
11167,1626300.0,3000.0,0.05,1.0,2,1631700.0,azure_vm_real_slice
11168,186000.0,54000.0,0.23074463876500148,0.05,0,310200.0,azure_vm_real_slice
11169,732300.0,4800.0,0.7981314802775675,0.5,2,740940.0,azure_vm_real_slice
11170,872100.0,1200.0,0.17998884898772213,0.125,0,874860.0,azure_vm_real_slice
11171,0.0,2591400.0,0.05,0.05,0,5960220.0,azure_vm_real_slice
11172,90000.0,300.0,0.07390174421988145,0.5,2,90540.0,azure_vm_real_slice
11173,0.0,900.0,0.509193396241284,0.125,1,1844.9999999999998,azure_vm_real_slice
11174,1635000.0,12900.0,0.05,0.125,0,1664670.0,azure_vm_real_slice
11175,0.0,600.0,0.06078742711598377,0.125,0,1380.0,azure_vm_real_slice
11176,1040400.0,2100.0,0.3497627968719548,0.125,0,1045230.0,azure_vm_real_slice
11177,1607400.0,300.0,0.05,0.5,0,1608090.0,azure_vm_real_slice
11178,0.0,2591400.0,0.07019696018645039,0.125,0,5960220.0,azure_vm_real_slice
11179,1477200.0,1200.0,0.3153518418021431,0.5,2,1479360.0,azure_vm_real_slice
11180,1392600.0,40200.0,0.7899140201547417,0.5,2,1464960.0,azure_vm_real_slice
11181,640800.0,2700.0,0.05,0.5,0,647010.0,azure_vm_real_slice
11182,51000.0,900.0,0.052229018951487606,0.125,0,53070.0,azure_vm_real_slice
11183,858300.0,900.0,0.052018534108195874,0.05,0,860370.0,azure_vm_real_slice
11184,0.0,132300.0,0.05,0.5,0,304290.0,azure_vm_real_slice
11185,1581600.0,300.0,0.3292166825659191,0.125,0,1582290.0,azure_vm_real_slice
11186,0.0,2591400.0,0.05,0.05,0,5960220.0,azure_vm_real_slice
11187,1186200.0,600.0,0.05,0.5,0,1187580.0,azure_vm_real_slice
11188,630900.0,3300.0,0.2648203392958754,0.125,0,638490.0,azure_vm_real_slice
11189,1720500.0,1500.0,0.21187825456200887,0.125,0,1723950.0,azure_vm_real_slice
11190,570600.0,1500.0,0.1002944467261453,1.0,2,573300.0,azure_vm_real_slice
11191,716100.0,3000.0,0.5456940950267732,0.125,1,722250.0,azure_vm_real_slice
11192,1055700.0,104100.0,0.05,0.05,0,1295130.0,azure_vm_real_slice
11193,1778100.0,1200.0,0.32609962931684505,0.125,0,1780860.0,azure_vm_real_slice
11194,872100.0,600.0,0.05,0.0625,0,873480.0,azure_vm_real_slice
11195,420900.0,900.0,0.05,0.5,2,422520.0,azure_vm_real_slice
11196,1130400.0,25800.0,0.08374856763290754,1.0,2,1176840.0,azure_vm_real_slice
11197,0.0,2591400.0,0.05,0.5,0,5960220.0,azure_vm_real_slice
11198,1612200.0,9300.0,0.1160042690413597,0.5,2,1628940.0,azure_vm_real_slice
11199,0.0,300.0,0.1031237170098508,0.125,0,690.0,azure_vm_real_slice
11200,1329300.0,32400.0,0.4239132002850689,0.125,1,1395720.0,azure_vm_real_slice
11201,0.0,1200.0,0.2637890335490249,0.125,0,2760.0,azure_vm_real_slice
11202,188400.0,5100.0,0.6807197796059867,0.5,1,198855.0,azure_vm_real_slice
11203,1494900.0,3600.0,0.09254139651417503,0.05,0,1503180.0,azure_vm_real_slice
11204,513000.0,60900.0,0.12695441880234973,0.5,2,622620.0,azure_vm_real_slice
11205,510900.0,84900.0,0.05,0.125,0,706170.0,azure_vm_real_slice
11206,0.0,600.0,0.07343872499236365,0.125,0,1380.0,azure_vm_real_slice
11207,551700.0,3000.0,0.05,0.5,2,557100.0,azure_vm_real_slice
11208,0.0,600.0,0.07235446958962005,0.125,0,1380.0,azure_vm_real_slice
11209,1957200.0,300.0,0.28499009225993516,0.05,0,1957890.0,azure_vm_real_slice
11210,0.0,13800.0,0.4158295539127204,0.0625,1,28289.999999999996,azure_vm_real_slice
11211,1817100.0,7500.0,0.09150456077291734,0.05,0,1834350.0,azure_vm_real_slice
11212,400800.0,300.0,0.06950992923359257,0.5,2,401340.0,azure_vm_real_slice
11213,537600.0,2700.0,0.05,0.5,0,543810.0,azure_vm_real_slice
11214,23400.0,600.0,0.26419833790788444,0.0625,0,24780.0,azure_vm_real_slice
11215,0.0,2591400.0,0.10685302213406014,0.05,0,5960220.0,azure_vm_real_slice
11216,1590000.0,600.0,0.05,0.125,0,1591380.0,azure_vm_real_slice
11217,0.0,9600.0,0.7186743277337645,0.5,1,19680.0,azure_vm_real_slice
11218,1532700.0,600.0,0.07229759134627006,0.125,0,1534080.0,azure_vm_real_slice
11219,0.0,14700.0,0.45060994804548893,0.125,1,30134.999999999996,azure_vm_real_slice
11220,993900.0,300.0,0.05,0.0625,0,994590.0,azure_vm_real_slice
11221,0.0,9900.0,0.283944941551002,1.0,2,17820.0,azure_vm_real_slice
11222,718800.0,300.0,0.05,0.125,0,719490.0,azure_vm_real_slice
11223,580200.0,300.0,0.06941777921213996,0.125,0,580890.0,azure_vm_real_slice
11224,648900.0,15300.0,0.10690112027189212,0.125,0,684090.0,azure_vm_real_slice
11225,1438500.0,15600.0,0.457827359460644,0.0625,1,1470480.0,azure_vm_real_slice
11226,0.0,2591400.0,0.05,0.0625,0,5960220.0,azure_vm_real_slice
11227,560100.0,3600.0,0.3790110206203963,0.05,1,567480.0,azure_vm_real_slice
11228,836100.0,900.0,0.28215602399531003,0.125,0,838170.0,azure_vm_real_slice
11229,290700.0,300.0,0.05,0.05,0,291390.0,azure_vm_real_slice
11230,0.0,300.0,0.13460950554174475,0.125,0,690.0,azure_vm_real_slice
11231,303000.0,900.0,0.1945249447985599,0.5,2,304620.0,azure_vm_real_slice
11232,882600.0,300.0,0.05,0.5,0,883290.0,azure_vm_real_slice
11233,660900.0,1200.0,0.17159561644385424,0.125,0,663660.0,azure_vm_real_slice
11234,502200.0,2400.0,0.05,0.5,0,507720.0,azure_vm_real_slice
11235,47700.0,426600.0,0.05,0.125,0,1028879.9999999999,azure_vm_real_slice
11236,2009700.0,900.0,0.05,0.125,0,2011770.0,azure_vm_real_slice
11237,657000.0,600.0,0.05,0.125,0,658380.0,azure_vm_real_slice
11238,0.0,300.0,0.05,0.125,0,690.0,azure_vm_real_slice
11239,1218900.0,600.0,0.05,1.0,2,1219980.0,azure_vm_real_slice
11240,0.0,1200.0,0.3872209271035395,0.125,1,2460.0,azure_vm_real_slice
11241,1649400.0,144600.0,0.09529558441773078,0.125,0,1981980.0,azure_vm_real_slice
11242,1071000.0,300.0,0.13170309162790142,0.0625,0,1071690.0,azure_vm_real_slice
11243,1271100.0,300.0,0.05,0.5,0,1271790.0,azure_vm_real_slice
11244,0.0,54000.0,0.08915563103258481,1.0,2,97199.99999999999,azure_vm_real_slice
11245,1624500.0,600.0,0.05726447345979527,0.125,0,1625880.0,azure_vm_real_slice
11246,0.0,900.0,0.09653172292255599,0.125,0,2070.0,azure_vm_real_slice
11247,612000.0,1800.0,0.14703547480269288,0.0625,0,616140.0,azure_vm_real_slice
11248,0.0,300.0,0.05,0.0625,0,690.0,azure_vm_real_slice
11249,778500.0,600.0,0.05,0.125,0,779880.0,azure_vm_real_slice
11250,723000.0,1500.0,0.3066145575557466,0.5,0,726450.0,azure_vm_real_slice
11251,1562100.0,300.0,0.05,0.5,0,1562790.0,azure_vm_real_slice
11252,910200.0,300.0,0.11358310822035758,0.5,0,910890.0,azure_vm_real_slice
11253,0.0,900.0,0.23151443150774445,0.125,0,2070.0,azure_vm_real_slice
11254,102900.0,300.0,0.0986347785270354,0.125,0,103590.0,azure_vm_real_slice
11255,1992600.0,2700.0,0.22675318657802507,0.5,0,1998810.0,azure_vm_real_slice
11256,1543800.0,5400.0,0.17735532472690146,0.0625,0,1556220.0,azure_vm_real_slice
11257,0.0,69000.0,0.1514239621187473,0.5,0,158700.0,azure_vm_real_slice
11258,392400.0,1500.0,0.05,0.0625,0,395850.0,azure_vm_real_slice
11259,927900.0,668100.0,0.05,0.125,0,2464530.0,azure_vm_real_slice
11260,432600.0,1200.0,0.1574113634229935,0.5,0,435360.0,azure_vm_real_slice
11261,896400.0,300.0,0.05,0.5,0,897090.0,azure_vm_real_slice
11262,1826100.0,10500.0,0.05,0.125,0,1850250.0,azure_vm_real_slice
11263,671100.0,600.0,0.05,0.5,0,672480.0,azure_vm_real_slice
11264,113100.0,900.0,0.05646188848230536,0.5,0,115170.0,azure_vm_real_slice
11265,810600.0,300.0,0.05,0.5,0,811290.0,azure_vm_real_slice
11266,1736400.0,266100.0,0.05,0.5,0,2348430.0,azure_vm_real_slice
11267,1088100.0,5100.0,0.67342206028263,0.125,1,1098555.0,azure_vm_real_slice
11268,1681500.0,14100.0,0.5900416456247547,0.125,1,1710405.0,azure_vm_real_slice
11269,1377000.0,3000.0,0.7671633715058418,0.125,2,1382400.0,azure_vm_real_slice
11270,1473900.0,6300.0,0.1417127491354957,0.5,2,1485240.0,azure_vm_real_slice
11271,0.0,3000.0,0.08656586104650148,0.0625,0,6899.999999999999,azure_vm_real_slice
11272,376500.0,16500.0,0.62865218405951,0.125,1,410325.0,azure_vm_real_slice
11273,1765500.0,300.0,0.2577574602803393,0.5,0,1766190.0,azure_vm_real_slice
11274,375300.0,300.0,0.05,0.5,0,375990.0,azure_vm_real_slice
11275,840900.0,6000.0,0.21200361735441228,0.0625,0,854700.0,azure_vm_real_slice
11276,0.0,300.0,0.20482108447403824,0.05,0,690.0,azure_vm_real_slice
11277,1540800.0,2100.0,0.3851938357736522,0.05,1,1545105.0,azure_vm_real_slice
11278,1231800.0,600.0,0.05,0.5,0,1233180.0,azure_vm_real_slice
11279,74100.0,1800.0,0.05,0.5,0,78240.0,azure_vm_real_slice
11280,221400.0,300.0,0.09653706318118795,0.05,0,222090.0,azure_vm_real_slice
11281,826800.0,600.0,0.05,0.5,2,827880.0,azure_vm_real_slice
11282,174300.0,1500.0,0.05,0.5,0,177750.0,azure_vm_real_slice
11283,688200.0,10500.0,0.6834072043312015,0.5,1,709725.0,azure_vm_real_slice
11284,688200.0,900.0,0.10461629948253492,0.125,0,690270.0,azure_vm_real_slice
11285,1914900.0,1200.0,0.05,0.125,0,1917660.0,azure_vm_real_slice
11286,0.0,2591400.0,0.14288975881110846,0.05,0,5960220.0,azure_vm_real_slice
11287,861000.0,5100.0,0.12522079726522228,0.125,0,872730.0,azure_vm_real_slice
11288,318000.0,930000.0,0.05,0.5,2,1991999.9999999998,azure_vm_real_slice
11289,1444200.0,900.0,0.12031587688760066,0.125,0,1446270.0,azure_vm_real_slice
11290,396600.0,900.0,0.13138584123385133,0.125,0,398670.0,azure_vm_real_slice
11291,739200.0,300.0,0.10520397887119341,0.125,0,739890.0,azure_vm_real_slice
11292,1518900.0,300.0,0.4134881426868155,0.05,1,1519515.0,azure_vm_real_slice
11293,377100.0,1800.0,0.22173993057695612,0.0625,0,381240.0,azure_vm_real_slice
11294,0.0,1200.0,0.24506478146596533,0.5,0,2760.0,azure_vm_real_slice
11295,0.0,1500.0,0.4111376878419122,0.125,1,3074.9999999999995,azure_vm_real_slice
11296,0.0,300.0,0.281600151048621,0.0625,0,690.0,azure_vm_real_slice
11297,0.0,501000.0,0.05,0.125,0,1152300.0,azure_vm_real_slice
11298,1659900.0,3000.0,0.9871126185094862,0.0625,2,1665300.0,azure_vm_real_slice
11299,111000.0,300.0,0.05,0.125,0,111690.0,azure_vm_real_slice
11300,1841700.0,600.0,0.05,0.5,0,1843080.0,azure_vm_real_slice
11301,253800.0,22800.0,0.11084618989034255,0.5,2,294840.0,azure_vm_real_slice
11302,0.0,2400.0,0.05,0.5,0,5520.0,azure_vm_real_slice
11303,0.0,2591400.0,0.05,0.5,0,5960220.0,azure_vm_real_slice
11304,1650000.0,1200.0,0.05,0.0625,0,1652760.0,azure_vm_real_slice
11305,1066200.0,8700.0,0.05,0.125,0,1086210.0,azure_vm_real_slice
11306,1553400.0,36000.0,0.10348485558072432,1.0,2,1618200.0,azure_vm_real_slice
11307,1560000.0,600.0,0.05,0.0625,0,1561380.0,azure_vm_real_slice
11308,1764600.0,1200.0,0.05,0.0625,0,1767360.0,azure_vm_real_slice
11309,957900.0,1500.0,0.18995711500448043,0.125,0,961350.0,azure_vm_real_slice
11310,1755600.0,132300.0,0.24280094722421727,0.125,0,2059890.0,azure_vm_real_slice
11311,0.0,600.0,0.050246079658885556,0.5,0,1380.0,azure_vm_real_slice
11312,0.0,2591400.0,0.10409699893041595,0.05,0,5960220.0,azure_vm_real_slice
11313,0.0,28200.0,0.7798375142856693,0.5,2,50759.99999999999,azure_vm_real_slice
11314,0.0,7200.0,0.6397999322373205,0.125,1,14759.999999999998,azure_vm_real_slice
11315,1802700.0,300.0,0.2685234746428946,0.05,0,1803390.0,azure_vm_real_slice
11316,0.0,300.0,0.05,0.0625,0,690.0,azure_vm_real_slice
11317,0.0,2591400.0,0.10195261162441502,0.05,0,5960220.0,azure_vm_real_slice
11318,1265400.0,300.0,0.451458748013461,0.125,1,1266015.0,azure_vm_real_slice
11319,1594500.0,600.0,0.05,0.5,0,1595880.0,azure_vm_real_slice
11320,0.0,66300.0,0.11887970487134204,0.125,0,152490.0,azure_vm_real_slice
11321,0.0,2591400.0,0.05,0.125,0,5960220.0,azure_vm_real_slice
11322,1488600.0,57900.0,0.37566026463387275,0.125,1,1607295.0,azure_vm_real_slice
11323,33300.0,600.0,0.05,0.125,0,34680.0,azure_vm_real_slice
11324,1576800.0,900.0,0.16150361338760377,0.0625,0,1578870.0,azure_vm_real_slice
11325,1418100.0,1200.0,0.35051910389850055,0.125,1,1420560.0,azure_vm_real_slice
11326,1653600.0,3900.0,0.05,1.0,2,1660620.0,azure_vm_real_slice
11327,732900.0,3300.0,0.05,0.5,0,740490.0,azure_vm_real_slice
11328,1988100.0,37200.0,0.05,0.5,0,2073660.0,azure_vm_real_slice
11329,986400.0,13500.0,0.8117283463192002,0.5,2,1010700.0,azure_vm_real_slice
11330,0.0,146100.0,0.05,0.125,0,336030.0,azure_vm_real_slice
11331,5700.0,2400.0,0.05,0.5,0,11220.0,azure_vm_real_slice
11332,1956600.0,300.0,0.05,0.125,0,1957290.0,azure_vm_real_slice
11333,1252800.0,780300.0,0.05,0.5,0,3047490.0,azure_vm_real_slice
11334,159900.0,1800.0,0.05,0.5,0,164040.0,azure_vm_real_slice
11335,940200.0,600.0,0.05,0.5,0,941580.0,azure_vm_real_slice
11336,0.0,1500.0,0.6130915894491605,0.5,1,3074.9999999999995,azure_vm_real_slice
11337,1516500.0,300.0,0.140784248042296,0.5,0,1517190.0,azure_vm_real_slice
11338,0.0,600.0,0.08640101685935989,0.125,0,1380.0,azure_vm_real_slice
11339,610800.0,144900.0,0.15580848053880822,0.125,0,944070.0,azure_vm_real_slice
11340,1527900.0,300.0,0.16848514997783515,0.125,0,1528590.0,azure_vm_real_slice
11341,1977600.0,600.0,0.2436238081249158,0.5,2,1978680.0,azure_vm_real_slice
11342,1540500.0,2400.0,0.40928464704449363,0.05,1,1545420.0,azure_vm_real_slice
11343,0.0,1026300.0,0.05,0.125,0,2360490.0,azure_vm_real_slice
11344,0.0,2400.0,0.12919460928215507,0.05,0,5520.0,azure_vm_real_slice
11345,0.0,2591400.0,0.11774154298141754,0.125,0,5960220.0,azure_vm_real_slice
11346,2013900.0,900.0,0.13139632881340996,0.05,0,2015970.0,azure_vm_real_slice
11347,1882500.0,33600.0,0.26216316170150694,0.0625,0,1959780.0,azure_vm_real_slice
11348,1751700.0,300.0,0.15708341014606644,0.125,0,1752390.0,azure_vm_real_slice
11349,612600.0,1200.0,0.10074225438690165,0.5,0,615360.0,azure_vm_real_slice
11350,419700.0,171900.0,0.05,0.5,2,729120.0,azure_vm_real_slice
11351,792900.0,600.0,0.3159095960539835,0.125,0,794280.0,azure_vm_real_slice
11352,1275600.0,46200.0,0.23013589471819515,0.0625,0,1381860.0,azure_vm_real_slice
11353,1719900.0,1800.0,0.05,0.5,0,1724040.0,azure_vm_real_slice
11354,0.0,600.0,0.058337933628091046,0.125,0,1380.0,azure_vm_real_slice
11355,0.0,8100.0,0.17832457272985067,0.5,2,14579.999999999998,azure_vm_real_slice
11356,0.0,2591400.0,0.09002227033053652,0.05,0,5960220.0,azure_vm_real_slice
11357,70200.0,96900.0,0.056775088116429374,0.5,2,244619.99999999997,azure_vm_real_slice
11358,0.0,900.0,0.2195940053361474,0.125,0,2070.0,azure_vm_real_slice
11359,0.0,900.0,0.19587787364251052,0.0625,0,2070.0,azure_vm_real_slice
11360,0.0,2700.0,0.6477856878648462,0.0625,1,5534.999999999999,azure_vm_real_slice
11361,722700.0,300.0,0.25254727671238153,0.05,0,723390.0,azure_vm_real_slice
11362,1329900.0,6300.0,0.06080239337478603,0.125,0,1344390.0,azure_vm_real_slice
11363,1185300.0,600.0,0.05,0.5,0,1186680.0,azure_vm_real_slice
11364,0.0,30000.0,0.7656679851959944,0.5,2,53999.99999999999,azure_vm_real_slice
11365,106200.0,1200.0,0.05,0.5,0,108960.0,azure_vm_real_slice
11366,0.0,491400.0,0.05,0.0625,0,1130220.0,azure_vm_real_slice
11367,132300.0,900.0,0.05,0.5,0,134370.0,azure_vm_real_slice
11368,324600.0,900.0,0.09743776180537177,0.125,0,326670.0,azure_vm_real_slice
11369,408600.0,600.0,0.05,0.5,2,409680.0,azure_vm_real_slice
11370,1365300.0,600.0,0.1329436720415023,0.125,0,1366680.0,azure_vm_real_slice
11371,812100.0,111000.0,0.07000353327823236,0.05,0,1067400.0,azure_vm_real_slice
11372,1607100.0,7800.0,0.17084394359800964,0.5,2,1621140.0,azure_vm_real_slice
11373,1496400.0,600.0,0.05,1.0,2,1497480.0,azure_vm_real_slice
11374,1388100.0,14700.0,0.051872872293222905,0.5,2,1414560.0,azure_vm_real_slice
11375,0.0,2591400.0,0.06608103043056462,0.0625,0,5960220.0,azure_vm_real_slice
11376,0.0,2400.0,0.05,0.5,0,5520.0,azure_vm_real_slice
11377,0.0,105300.0,0.08668631874342976,0.05,0,242189.99999999997,azure_vm_real_slice
11378,1189200.0,300.0,0.1564995266250627,0.125,0,1189890.0,azure_vm_real_slice
11379,1301700.0,2700.0,0.05,0.5,0,1307910.0,azure_vm_real_slice
11380,1038300.0,60300.0,0.25311495703803033,0.5,2,1146840.0,azure_vm_real_slice
11381,1113300.0,600.0,0.05193744137531265,0.5,2,1114380.0,azure_vm_real_slice
11382,496500.0,2100.0,0.05,0.5,0,501330.0,azure_vm_real_slice
11383,659700.0,12000.0,0.22493141446724438,0.0625,0,687300.0,azure_vm_real_slice
11384,1683000.0,600.0,0.05,1.0,2,1684080.0,azure_vm_real_slice
11385,1309200.0,65100.0,0.2729320095081377,0.05,0,1458930.0,azure_vm_real_slice
11386,1738800.0,600.0,0.05,0.125,0,1740180.0,azure_vm_real_slice
11387,1410600.0,300.0,0.05,0.5,0,1411290.0,azure_vm_real_slice
11388,0.0,1200.0,0.13129685147861417,0.0625,0,2760.0,azure_vm_real_slice
11389,31200.0,2700.0,0.05,0.125,0,37410.0,azure_vm_real_slice
11390,1731600.0,300.0,0.05,1.0,2,1732140.0,azure_vm_real_slice
11391,0.0,2700.0,0.05,0.5,0,6209.999999999999,azure_vm_real_slice
11392,0.0,100500.0,0.05,0.5,0,231149.99999999997,azure_vm_real_slice
11393,0.0,2591400.0,0.05,0.125,0,5960220.0,azure_vm_real_slice
11394,1123800.0,171900.0,0.05,0.125,0,1519170.0,azure_vm_real_slice
11395,907500.0,900.0,0.05,0.5,0,909570.0,azure_vm_real_slice
11396,387600.0,600.0,0.06245461709422908,0.125,0,388980.0,azure_vm_real_slice
11397,877500.0,900.0,0.11248666842720416,0.125,0,879570.0,azure_vm_real_slice
11398,762300.0,300.0,0.05,0.125,0,762990.0,azure_vm_real_slice
11399,143700.0,600.0,0.13619055015478362,0.125,0,145080.0,azure_vm_real_slice
11400,0.0,3600.0,0.2556309685557971,0.05,0,8280.0,azure_vm_real_slice
11401,536100.0,2400.0,0.752414349622051,0.5,2,540420.0,azure_vm_real_slice
11402,966300.0,300.0,0.05,0.5,0,966990.0,azure_vm_real_slice
11403,1268700.0,2700.0,0.12608003607304577,0.125,0,1274910.0,azure_vm_real_slice
11404,0.0,300.0,0.07070572175137524,0.125,0,690.0,azure_vm_real_slice
11405,474300.0,2700.0,0.05,0.5,2,479160.0,azure_vm_real_slice
11406,1770900.0,900.0,0.5039644572094444,1.0,2,1772520.0,azure_vm_real_slice
11407,1829100.0,300.0,0.05,0.125,0,1829790.0,azure_vm_real_slice
11408,76800.0,300.0,0.05,0.125,0,77490.0,azure_vm_real_slice
11409,0.0,2591400.0,0.29810626387853745,0.0625,0,5960220.0,azure_vm_real_slice
11410,0.0,300.0,0.05,0.5,0,690.0,azure_vm_real_slice
11411,0.0,4500.0,0.7800788621526175,0.5,2,8099.999999999999,azure_vm_real_slice
11412,1969500.0,31200.0,0.10936758728768997,0.0625,0,2041260.0,azure_vm_real_slice
11413,742500.0,600.0,0.4644133663201507,0.125,1,743730.0,azure_vm_real_slice
11414,0.0,2591400.0,0.05,0.05,0,5960220.0,azure_vm_real_slice
11415,1963800.0,69300.0,0.05,0.5,0,2123190.0,azure_vm_real_slice
11416,1741500.0,47100.0,0.7830048288020683,0.5,2,1826280.0,azure_vm_real_slice
11417,1503300.0,9300.0,0.05,0.125,0,1524690.0,azure_vm_real_slice
11418,1610100.0,2400.0,0.5620144891696736,0.05,1,1615020.0,azure_vm_real_slice
11419,1048200.0,1800.0,0.06132792156877342,0.05,0,1052340.0,azure_vm_real_slice
11420,0.0,2400.0,0.05,0.5,2,4320.0,azure_vm_real_slice
11421,729300.0,10800.0,0.25240744998439807,0.5,0,754140.0,azure_vm_real_slice
11422,0.0,600.0,0.270303406992499,0.125,0,1380.0,azure_vm_real_slice
11423,12000.0,6300.0,0.08895253398287893,0.0625,0,26490.0,azure_vm_real_slice
11424,653400.0,300.0,0.3221684657555572,0.125,0,654090.0,azure_vm_real_slice
11425,110100.0,1500.0,0.1196885637003291,0.125,0,113550.0,azure_vm_real_slice
11426,1952700.0,7500.0,0.05783611967446843,0.125,0,1969950.0,azure_vm_real_slice
11427,1317600.0,33600.0,0.4944453284216236,0.0625,1,1386480.0,azure_vm_real_slice
11428,558300.0,300.0,0.05,0.0625,0,558990.0,azure_vm_real_slice
11429,0.0,736500.0,0.05,0.0625,0,1693949.9999999998,azure_vm_real_slice
11430,821400.0,4500.0,0.0896109252381696,0.125,0,831750.0,azure_vm_real_slice
11431,0.0,2591400.0,0.05,0.125,0,5960220.0,azure_vm_real_slice
11432,0.0,300.0,0.12913000111465572,0.125,0,690.0,azure_vm_real_slice
11433,639300.0,900.0,0.12404805527754807,0.125,0,641370.0,azure_vm_real_slice
11434,420000.0,8700.0,0.0685216073934676,0.5,0,440010.0,azure_vm_real_slice
11435,0.0,2591400.0,0.15242060285577191,0.05,0,5960220.0,azure_vm_real_slice
11436,378300.0,600.0,0.15419693246926017,0.125,0,379680.0,azure_vm_real_slice
11437,228300.0,300.0,0.05,0.05,0,228990.0,azure_vm_real_slice
11438,263100.0,39900.0,0.42893813857149754,0.125,1,344895.0,azure_vm_real_slice
11439,1530900.0,300.0,0.05,0.125,0,1531590.0,azure_vm_real_slice
11440,444900.0,900.0,0.0834681715264347,0.5,2,446520.0,azure_vm_real_slice
11441,787500.0,2100.0,0.24733126666993513,0.125,0,792330.0,azure_vm_real_slice
11442,1643100.0,8700.0,0.8060962182645056,0.5,2,1658760.0,azure_vm_real_slice
11443,146100.0,82800.0,0.1998555120633134,0.125,0,336540.0,azure_vm_real_slice
11444,1358100.0,3300.0,0.24553168477167092,0.0625,0,1365690.0,azure_vm_real_slice
11445,0.0,2591400.0,0.08589645155609815,0.05,0,5960220.0,azure_vm_real_slice
11446,21900.0,300.0,0.05,0.125,0,22590.0,azure_vm_real_slice
11447,552300.0,600.0,0.05,0.125,0,553680.0,azure_vm_real_slice
11448,1265400.0,2100.0,0.05,0.5,0,1270230.0,azure_vm_real_slice
11449,919500.0,1200.0,0.05,0.5,0,922260.0,azure_vm_real_slice
11450,1093500.0,2100.0,0.4224029398727337,0.05,1,1097805.0,azure_vm_real_slice
11451,1098300.0,2400.0,0.05,0.5,0,1103820.0,azure_vm_real_slice
11452,1230900.0,600.0,0.10741757069089758,0.125,0,1232280.0,azure_vm_real_slice
11453,629700.0,1800.0,0.29859106414667513,0.125,0,633840.0,azure_vm_real_slice
11454,1152900.0,1800.0,0.4885588143642047,0.05,1,1156590.0,azure_vm_real_slice
11455,0.0,15900.0,0.6296513143835327,0.5,1,32594.999999999996,azure_vm_real_slice
11456,911400.0,1200.0,0.5529523860096084,0.125,1,913860.0,azure_vm_real_slice
11457,0.0,900.0,0.25921924028654614,0.0625,0,2070.0,azure_vm_real_slice
11458,1331400.0,32700.0,0.4585180073618103,0.125,1,1398435.0,azure_vm_real_slice
11459,1769100.0,600.0,0.20937343340746412,0.0625,0,1770480.0,azure_vm_real_slice
11460,234900.0,600.0,0.05,0.125,0,236280.0,azure_vm_real_slice
11461,421500.0,300.0,0.05,0.5,0,422190.0,azure_vm_real_slice
11462,0.0,2591400.0,0.05,0.05,0,5960220.0,azure_vm_real_slice
11463,6300.0,3600.0,0.251418260815903,0.125,0,14580.0,azure_vm_real_slice
11464,734100.0,31800.0,0.05,0.125,0,807240.0,azure_vm_real_slice
11465,66300.0,300.0,0.05,0.125,0,66990.0,azure_vm_real_slice
11466,1188600.0,900.0,0.05,0.5,0,1190670.0,azure_vm_real_slice
11467,1574400.0,900.0,0.18950960935078126,0.125,0,1576470.0,azure_vm_real_slice
11468,0.0,900.0,0.05,0.5,2,1619.9999999999998,azure_vm_real_slice
11469,1649400.0,3300.0,0.05,0.125,0,1656990.0,azure_vm_real_slice
11470,1926000.0,900.0,0.1319347447086185,0.125,0,1928070.0,azure_vm_real_slice
11471,600600.0,600.0,0.05,0.125,0,601980.0,azure_vm_real_slice
11472,55200.0,4800.0,0.29724187059756163,0.0625,0,66240.0,azure_vm_real_slice
11473,0.0,2591400.0,0.05,0.05,0,5960220.0,azure_vm_real_slice
11474,174000.0,300.0,0.05,0.05,0,174690.0,azure_vm_real_slice
11475,0.0,4500.0,0.21290424488396384,0.5,2,8099.999999999999,azure_vm_real_slice
11476,1920600.0,112500.0,0.4739682587347756,0.05,1,2151225.0,azure_vm_real_slice
11477,117300.0,600.0,0.05972739566039532,0.5,0,118680.0,azure_vm_real_slice
11478,0.0,321900.0,0.697849292345428,0.125,1,659895.0,azure_vm_real_slice
11479,1903800.0,600.0,0.06425659125582553,0.5,0,1905180.0,azure_vm_real_slice
11480,0.0,2591400.0,0.17422239896550887,0.5,0,5960220.0,azure_vm_real_slice
11481,2013600.0,300.0,0.06749013288253333,0.125,0,2014290.0,azure_vm_real_slice
11482,856800.0,28500.0,0.07456831416910897,0.5,2,908100.0,azure_vm_real_slice
11483,191700.0,2100.0,0.09340722153684482,0.05,0,196530.0,azure_vm_real_slice
11484,1474200.0,1200.0,0.3026826717281304,0.5,2,1476360.0,azure_vm_real_slice
11485,0.0,72900.0,0.05,0.05,0,167670.0,azure_vm_real_slice
11486,102900.0,900.0,0.13248780621922565,0.125,0,104970.0,azure_vm_real_slice
11487,1773600.0,26400.0,0.0689021162959001,0.125,0,1834320.0,azure_vm_real_slice
11488,1559100.0,1500.0,0.4991804725248229,0.05,1,1562175.0,azure_vm_real_slice
11489,975000.0,617100.0,0.07508774215787671,0.5,2,2085780.0,azure_vm_real_slice
11490,611100.0,3300.0,0.7816705486435428,0.5,2,617040.0,azure_vm_real_slice
11491,989400.0,6900.0,0.2888551352806999,0.125,0,1005270.0,azure_vm_real_slice
11492,1587600.0,1500.0,0.06287002550562801,0.125,0,1591050.0,azure_vm_real_slice
11493,0.0,600.0,0.1550187845863802,0.0625,0,1380.0,azure_vm_real_slice
11494,588000.0,2100.0,0.05,0.5,0,592830.0,azure_vm_real_slice
11495,1134900.0,898200.0,0.05,0.0625,0,3200760.0,azure_vm_real_slice
11496,702600.0,4500.0,0.05438290299115733,0.125,0,712950.0,azure_vm_real_slice
11497,0.0,2100.0,0.18314246792794367,0.0625,0,4830.0,azure_vm_real_slice
11498,0.0,6600.0,0.05,1.0,2,11879.999999999998,azure_vm_real_slice
11499,0.0,2591400.0,0.05,0.125,0,5960220.0,azure_vm_real_slice
11500,0.0,2100.0,0.06318725604667373,0.0625,0,4830.0,azure_vm_real_slice
11501,427800.0,3000.0,0.5196132001331999,0.05,1,433950.0,azure_vm_real_slice
11502,0.0,2591400.0,0.05,0.125,0,5960220.0,azure_vm_real_slice
11503,0.0,300.0,0.05,0.5,2,540.0,azure_vm_real_slice
11504,1208100.0,1200.0,0.05,0.125,0,1210860.0,azure_vm_real_slice
11505,1785300.0,300.0,0.05,0.125,0,1785990.0,azure_vm_real_slice
11506,1237800.0,1500.0,0.08841254618583828,0.125,0,1241250.0,azure_vm_real_slice
11507,1314300.0,2100.0,0.7972851907383268,0.5,2,1318080.0,azure_vm_real_slice
11508,551100.0,31500.0,0.4060251098585599,0.05,1,615675.0,azure_vm_real_slice
11509,1265400.0,1200.0,0.05,0.125,0,1268160.0,azure_vm_real_slice
11510,1056900.0,600.0,0.10387869654977275,0.125,0,1058280.0,azure_vm_real_slice
11511,600900.0,600.0,0.22113436226412223,0.125,0,602280.0,azure_vm_real_slice
11512,671400.0,1200.0,0.05,0.0625,0,674160.0,azure_vm_real_slice
11513,0.0,1200.0,0.05,0.5,0,2760.0,azure_vm_real_slice
11514,0.0,1200.0,0.05,0.0625,0,2760.0,azure_vm_real_slice
11515,74700.0,12000.0,0.0719879014420025,0.05,0,102300.0,azure_vm_real_slice
11516,487500.0,300.0,0.05,0.125,0,488190.0,azure_vm_real_slice
11517,932100.0,600.0,0.12183551004006221,0.125,0,933480.0,azure_vm_real_slice
11518,1847700.0,600.0,0.05,0.5,0,1849080.0,azure_vm_real_slice
11519,607800.0,3900.0,0.4125977724588568,0.05,1,615795.0,azure_vm_real_slice
11520,45600.0,300.0,0.1612745203583391,0.0625,0,46290.0,azure_vm_real_slice
11521,0.0,2591400.0,0.05,0.05,0,5960220.0,azure_vm_real_slice
11522,869100.0,9300.0,0.05,0.5,2,885840.0,azure_vm_real_slice
11523,0.0,3600.0,0.7287582925993026,0.5,1,7379.999999999999,azure_vm_real_slice
11524,0.0,2591400.0,0.06436529076550954,0.5,0,5960220.0,azure_vm_real_slice
11525,0.0,1800.0,0.7531770093714628,0.0625,2,3239.9999999999995,azure_vm_real_slice
11526,970500.0,2400.0,0.31216335430339637,0.125,0,976020.0,azure_vm_real_slice
11527,1272600.0,2100.0,0.05,0.5,0,1277430.0,azure_vm_real_slice
11528,0.0,300.0,0.05,0.5,0,690.0,azure_vm_real_slice
11529,0.0,300.0,0.22339821840890933,0.125,0,690.0,azure_vm_real_slice
11530,0.0,2400.0,0.545465329297489,0.05,1,4920.0,azure_vm_real_slice
11531,1417200.0,300.0,0.05,1.0,2,1417740.0,azure_vm_real_slice
11532,1059600.0,300.0,0.15373184784886706,0.125,0,1060290.0,azure_vm_real_slice
11533,1187400.0,1500.0,0.700162280046795,0.125,1,1190475.0,azure_vm_real_slice
11534,428700.0,1200.0,0.2163773920601167,1.0,2,430860.0,azure_vm_real_slice
11535,1798800.0,1200.0,0.12471529386191119,0.5,2,1800960.0,azure_vm_real_slice
11536,1833600.0,1800.0,0.31695652465993274,0.125,0,1837740.0,azure_vm_real_slice
11537,0.0,4200.0,0.05,0.125,0,9660.0,azure_vm_real_slice
11538,0.0,300.0,0.05,0.125,0,690.0,azure_vm_real_slice
11539,0.0,2591400.0,0.18329903247334525,0.0625,0,5960220.0,azure_vm_real_slice
11540,504300.0,600.0,0.060010346576885414,0.125,0,505680.0,azure_vm_real_slice
11541,282900.0,2100.0,0.05,0.5,0,287730.0,azure_vm_real_slice
11542,974700.0,14400.0,0.05,0.125,0,1007820.0,azure_vm_real_slice
11543,1963500.0,62100.0,0.12109418603682183,0.0625,0,2106330.0,azure_vm_real_slice
11544,961200.0,21600.0,0.06770215823727675,0.125,0,1010880.0,azure_vm_real_slice
11545,44100.0,3600.0,0.05,0.0625,0,52380.0,azure_vm_real_slice
11546,480600.0,2400.0,0.05,0.5,0,486120.0,azure_vm_real_slice
11547,1163700.0,23700.0,0.0724142237756284,0.0625,0,1218210.0,azure_vm_real_slice
11548,320100.0,900.0,0.126261422531209,0.5,2,321720.0,azure_vm_real_slice
11549,305100.0,300.0,0.10661577266206175,0.125,0,305790.0,azure_vm_real_slice
11550,0.0,2591400.0,0.10495572942685624,0.05,0,5960220.0,azure_vm_real_slice
11551,1368600.0,7800.0,0.051673328193884746,0.125,0,1386540.0,azure_vm_real_slice
11552,473700.0,13500.0,0.05,0.5,0,504750.0,azure_vm_real_slice
11553,69000.0,900.0,0.11460513874379931,0.125,0,71070.0,azure_vm_real_slice
11554,1245600.0,2400.0,0.6749511186553137,0.5,1,1250520.0,azure_vm_real_slice
11555,114000.0,6000.0,0.07492885138079568,0.5,2,124800.0,azure_vm_real_slice
11556,1780200.0,1800.0,0.1777243103078761,0.0625,0,1784340.0,azure_vm_real_slice
11557,529800.0,900.0,0.1287935204986276,0.125,0,531870.0,azure_vm_real_slice
11558,0.0,600.0,0.05,0.5,0,1380.0,azure_vm_real_slice
11559,861900.0,600.0,0.0851745193221034,0.5,0,863280.0,azure_vm_real_slice
11560,0.0,1800.0,0.05,0.5,0,4140.0,azure_vm_real_slice
11561,0.0,2591400.0,0.38663819037776015,1.0,2,4664520.0,azure_vm_real_slice
11562,1317300.0,56400.0,0.22267445959605617,0.125,0,1447020.0,azure_vm_real_slice
11563,1870200.0,900.0,0.22486270275635917,0.125,0,1872270.0,azure_vm_real_slice
11564,1402500.0,10200.0,0.07284432249665841,0.0625,0,1425960.0,azure_vm_real_slice
11565,1102500.0,3300.0,0.08657202552452835,0.125,0,1110090.0,azure_vm_real_slice
11566,1981500.0,51600.0,0.05,0.05,0,2100180.0,azure_vm_real_slice
11567,364800.0,600.0,0.07999820027827463,0.5,0,366180.0,azure_vm_real_slice
11568,0.0,25800.0,0.317386798564797,0.125,0,59339.99999999999,azure_vm_real_slice
11569,558900.0,33000.0,0.4093589173564753,0.05,1,626550.0,azure_vm_real_slice
11570,0.0,600.0,0.05,0.0625,0,1380.0,azure_vm_real_slice
11571,169500.0,86100.0,0.08533887378566984,0.125,0,367530.0,azure_vm_real_slice
11572,668700.0,266400.0,0.16719454567258357,0.125,0,1281420.0,azure_vm_real_slice
11573,1912500.0,600.0,0.12235683328678638,0.125,0,1913880.0,azure_vm_real_slice
11574,1749300.0,12900.0,0.05,0.05,0,1778970.0,azure_vm_real_slice
11575,643500.0,13500.0,0.14718438253108299,0.5,0,674550.0,azure_vm_real_slice
11576,0.0,62400.0,0.05,0.0625,0,143520.0,azure_vm_real_slice
11577,0.0,2591400.0,0.08411954030106598,0.05,0,5960220.0,azure_vm_real_slice
11578,139800.0,92700.0,0.05,0.125,0,353010.0,azure_vm_real_slice
11579,0.0,71100.0,0.05,0.05,0,163530.0,azure_vm_real_slice
11580,1635900.0,28800.0,0.05,0.05,0,1702140.0,azure_vm_real_slice
11581,1570800.0,600.0,0.15916703338441565,0.125,0,1572180.0,azure_vm_real_slice
11582,0.0,2100.0,0.6314290337076475,0.125,1,4305.0,azure_vm_real_slice
11583,976500.0,600.0,0.11156133988242152,0.5,0,977880.0,azure_vm_real_slice
11584,0.0,2591400.0,0.05,0.05,0,5960220.0,azure_vm_real_slice
11585,193800.0,4500.0,0.48166791543194565,0.125,1,203025.0,azure_vm_real_slice
11586,1540800.0,600.0,0.050850643418668406,0.125,0,1542180.0,azure_vm_real_slice
11587,337500.0,10200.0,0.05,0.125,0,360960.0,azure_vm_real_slice
11588,1808700.0,14400.0,0.10842586344496549,0.0625,0,1841820.0,azure_vm_real_slice
11589,0.0,1800.0,0.05,0.5,0,4140.0,azure_vm_real_slice
11590,784800.0,12900.0,0.35872760832211087,0.0625,1,811245.0,azure_vm_real_slice
11591,625200.0,600.0,0.12086744246041209,0.125,0,626580.0,azure_vm_real_slice
11592,642000.0,600.0,0.4955038069811311,0.125,1,643230.0,azure_vm_real_slice
11593,994200.0,1200.0,0.10307219410851177,0.5,2,996360.0,azure_vm_real_slice
11594,1265100.0,900.0,0.18213205169066313,0.125,0,1267170.0,azure_vm_real_slice
11595,200700.0,2100.0,0.05,0.5,0,205530.0,azure_vm_real_slice
11596,0.0,6300.0,0.1854935362522945,0.5,0,14489.999999999998,azure_vm_real_slice
11597,1914000.0,7500.0,0.12318876672075355,0.05,0,1931250.0,azure_vm_real_slice
11598,336900.0,300.0,0.1318773837623505,0.0625,0,337590.0,azure_vm_real_slice
11599,0.0,600.0,0.07541381529656305,0.125,0,1380.0,azure_vm_real_slice
11600,1926600.0,106500.0,0.05,0.5,0,2171550.0,azure_vm_real_slice
11601,138300.0,900.0,0.06507578277992121,0.05,0,140370.0,azure_vm_real_slice
11602,62700.0,1970400.0,0.05,0.125,0,4594620.0,azure_vm_real_slice
11603,1763700.0,900.0,0.0777853714404057,0.5,0,1765770.0,azure_vm_real_slice
11604,1741500.0,102000.0,0.05,0.05,0,1976100.0,azure_vm_real_slice
11605,1019400.0,600.0,0.19765368281237897,0.5,0,1020780.0,azure_vm_real_slice
11606,1767300.0,5100.0,0.18548433886816423,0.5,0,1779030.0,azure_vm_real_slice
11607,239100.0,5400.0,0.05,0.5,0,251520.0,azure_vm_real_slice
11608,1140000.0,300.0,0.0800734004774371,0.5,2,1140540.0,azure_vm_real_slice
11609,0.0,1800.0,0.05,0.5,0,4140.0,azure_vm_real_slice
11610,0.0,600.0,0.06498877030611717,0.125,0,1380.0,azure_vm_real_slice
11611,1720200.0,300.0,0.05,0.125,0,1720890.0,azure_vm_real_slice
11612,1227600.0,600.0,0.10852964705803388,0.125,0,1228980.0,azure_vm_real_slice
11613,1221600.0,300.0,0.05,0.125,0,1222290.0,azure_vm_real_slice
11614,306600.0,600.0,0.05,0.5,2,307680.0,azure_vm_real_slice
11615,462300.0,2400.0,0.748834144336913,0.5,1,467220.0,azure_vm_real_slice
11616,1529400.0,600.0,0.07667517556385454,0.5,0,1530780.0,azure_vm_real_slice
11617,996000.0,900.0,0.05,0.125,0,998070.0,azure_vm_real_slice
11618,342900.0,1800.0,0.11740938376001787,0.0625,0,347040.0,azure_vm_real_slice
11619,1191600.0,300.0,0.05,0.5,2,1192140.0,azure_vm_real_slice
11620,0.0,2591400.0,0.2033773706873934,0.05,0,5960220.0,azure_vm_real_slice
11621,0.0,300.0,0.21580396363826165,0.0625,0,690.0,azure_vm_real_slice
11622,471000.0,300.0,0.05,1.0,2,471540.0,azure_vm_real_slice
11623,1131300.0,2100.0,0.1260022556428072,0.0625,0,1136130.0,azure_vm_real_slice
11624,1121100.0,900.0,0.05,0.125,0,1123170.0,azure_vm_real_slice
11625,337200.0,10500.0,0.05,0.125,0,361350.0,azure_vm_real_slice
11626,279000.0,52200.0,0.4174217760389463,0.05,1,386010.0,azure_vm_real_slice
11627,1588500.0,50400.0,0.256960536613014,0.125,0,1704420.0,azure_vm_real_slice
11628,1207800.0,9000.0,0.1570670661100981,0.5,2,1224000.0,azure_vm_real_slice
11629,0.0,2591400.0,0.05,0.5,0,5960220.0,azure_vm_real_slice
11630,975300.0,3300.0,0.15190756926206764,0.125,0,982890.0,azure_vm_real_slice
11631,1833000.0,1200.0,0.05,0.125,0,1835760.0,azure_vm_real_slice
11632,1206000.0,4800.0,0.05,0.125,0,1217040.0,azure_vm_real_slice
11633,1066500.0,600.0,0.05,0.5,0,1067880.0,azure_vm_real_slice
11634,412800.0,13500.0,0.49693461269774486,0.0625,1,440475.0,azure_vm_real_slice
11635,0.0,1500.0,0.05,0.5,0,3449.9999999999995,azure_vm_real_slice
11636,415800.0,173100.0,0.05,0.5,2,727380.0,azure_vm_real_slice
11637,0.0,300.0,0.05,0.125,0,690.0,azure_vm_real_slice
11638,0.0,1500.0,0.0711365042972231,0.5,2,2699.9999999999995,azure_vm_real_slice
11639,446100.0,4800.0,0.09459401191291666,0.5,0,457140.0,azure_vm_real_slice
11640,1721400.0,900.0,0.05,0.5,2,1723020.0,azure_vm_real_slice
11641,0.0,47400.0,0.05303844467734562,0.125,0,109019.99999999999,azure_vm_real_slice
11642,1883100.0,48300.0,0.05,0.05,0,1994190.0,azure_vm_real_slice
11643,1234500.0,600.0,0.05,0.125,0,1235880.0,azure_vm_real_slice
11644,0.0,2591400.0,0.05,0.05,0,5960220.0,azure_vm_real_slice
11645,534900.0,19200.0,0.05,1.0,2,569460.0,azure_vm_real_slice
11646,0.0,2591400.0,0.05,0.0625,0,5960220.0,azure_vm_real_slice
11647,0.0,1500.0,0.05,0.5,0,3449.9999999999995,azure_vm_real_slice
11648,950400.0,600.0,0.05,0.0625,0,951780.0,azure_vm_real_slice
11649,0.0,900.0,0.1145262579310924,0.125,0,2070.0,azure_vm_real_slice
11650,0.0,2591400.0,0.05,0.05,0,5960220.0,azure_vm_real_slice
11651,1655400.0,600.0,0.11030507099061111,0.125,0,1656780.0,azure_vm_real_slice
11652,1124700.0,300.0,0.09516896051321705,0.125,0,1125390.0,azure_vm_real_slice
11653,1077300.0,4500.0,0.26535711110605437,0.0625,0,1087650.0,azure_vm_real_slice
11654,1242600.0,600.0,0.05,0.5,0,1243980.0,azure_vm_real_slice
11655,0.0,600.0,0.6919322132661928,0.125,1,1230.0,azure_vm_real_slice
11656,1915500.0,1800.0,0.25701868467557626,0.5,0,1919640.0,azure_vm_real_slice
11657,405300.0,300.0,0.37740188318745427,0.05,1,405915.0,azure_vm_real_slice
11658,827400.0,300.0,0.05,0.5,2,827940.0,azure_vm_real_slice
11659,860400.0,600.0,0.05,0.5,0,861780.0,azure_vm_real_slice
11660,1755300.0,6300.0,0.05,0.125,0,1769790.0,azure_vm_real_slice
11661,78300.0,300.0,0.05,0.0625,0,78990.0,azure_vm_real_slice
11662,0.0,900.0,0.05,0.0625,0,2070.0,azure_vm_real_slice
11663,912300.0,900.0,0.14199429516835751,0.5,0,914370.0,azure_vm_real_slice
11664,1888200.0,300.0,0.09038628883948739,0.5,0,1888890.0,azure_vm_real_slice
11665,0.0,2591400.0,0.07413210613348874,0.05,0,5960220.0,azure_vm_real_slice
11666,1947600.0,2400.0,0.5901535511017052,0.05,1,1952520.0,azure_vm_real_slice
11667,1394400.0,5100.0,0.706319972861842,0.125,1,1404855.0,azure_vm_real_slice
11668,0.0,6300.0,0.5591434213349733,0.125,1,12914.999999999998,azure_vm_real_slice
11669,0.0,2591400.0,0.08479166853144654,0.05,0,5960220.0,azure_vm_real_slice
11670,220500.0,600.0,0.05,0.5,0,221880.0,azure_vm_real_slice
11671,0.0,341700.0,0.10762547151715732,0.125,0,785909.9999999999,azure_vm_real_slice
11672,455100.0,900.0,0.1494363358172723,1.0,2,456720.0,azure_vm_real_slice
11673,442200.0,3300.0,0.05,0.5,2,448140.0,azure_vm_real_slice
11674,618000.0,5700.0,0.08213516592969634,0.5,0,631110.0,azure_vm_real_slice
11675,793800.0,1500.0,0.12366243112076104,0.125,0,797250.0,azure_vm_real_slice
11676,618300.0,12900.0,0.05656391892255321,0.125,0,647970.0,azure_vm_real_slice
11677,0.0,1537200.0,0.2595261876018211,0.0625,0,3535559.9999999995,azure_vm_real_slice
11678,0.0,1800.0,0.23568105072751167,0.125,0,4140.0,azure_vm_real_slice
11679,1595100.0,300.0,0.05,0.5,0,1595790.0,azure_vm_real_slice
11680,1732200.0,600.0,0.15805345389083147,0.125,0,1733580.0,azure_vm_real_slice
11681,1192800.0,300.0,0.09931326041766075,0.5,0,1193490.0,azure_vm_real_slice
11682,0.0,16800.0,0.7876297386030552,0.5,2,30239.999999999996,azure_vm_real_slice
11683,1678200.0,900.0,0.07842190797160285,0.125,0,1680270.0,azure_vm_real_slice
11684,1905300.0,2700.0,0.2838709112280517,0.125,0,1911510.0,azure_vm_real_slice
11685,21600.0,21900.0,0.4228374945182692,0.0625,1,66495.0,azure_vm_real_slice
11686,1782600.0,1200.0,0.10166010280515776,0.125,0,1785360.0,azure_vm_real_slice
11687,262200.0,14400.0,0.05,0.125,0,295320.0,azure_vm_real_slice
11688,360000.0,900.0,0.1346925377262121,0.125,0,362070.0,azure_vm_real_slice
11689,1123800.0,1200.0,0.10506965499482945,0.125,0,1126560.0,azure_vm_real_slice
11690,0.0,600.0,0.05,0.125,0,1380.0,azure_vm_real_slice
11691,0.0,2400.0,0.05,0.5,0,5520.0,azure_vm_real_slice
11692,115200.0,600.0,0.05,0.5,0,116580.0,azure_vm_real_slice
11693,779400.0,900.0,0.05,0.5,0,781470.0,azure_vm_real_slice
11694,1603200.0,2400.0,0.05,0.0625,0,1608720.0,azure_vm_real_slice
11695,216900.0,9000.0,0.08654271604326684,0.05,0,237600.0,azure_vm_real_slice
11696,1142700.0,300.0,0.05,0.125,0,1143390.0,azure_vm_real_slice
11697,1800600.0,1200.0,0.05141573833766621,0.125,0,1803360.0,azure_vm_real_slice
11698,1336800.0,600.0,0.05,0.5,0,1338180.0,azure_vm_real_slice
11699,730200.0,900.0,0.2747355687198062,0.0625,0,732270.0,azure_vm_real_slice
11700,0.0,1200.0,0.11370152284695408,0.5,0,2760.0,azure_vm_real_slice
11701,0.0,300.0,0.05,0.125,0,690.0,azure_vm_real_slice
11702,498000.0,42600.0,0.15194710179970305,0.0625,0,595980.0,azure_vm_real_slice
11703,1741200.0,1500.0,0.07553479490500176,0.5,0,1744650.0,azure_vm_real_slice
11704,0.0,300.0,0.05,0.125,0,690.0,azure_vm_real_slice
11705,0.0,300.0,0.05,0.0625,0,690.0,azure_vm_real_slice
11706,1823700.0,45000.0,0.19505420265331402,0.5,0,1927200.0,azure_vm_real_slice
11707,1323000.0,1500.0,0.05,0.5,0,1326450.0,azure_vm_real_slice
11708,574800.0,3300.0,0.3643144418981034,0.0625,1,581565.0,azure_vm_real_slice
11709,0.0,600.0,0.1401781038055666,0.125,0,1380.0,azure_vm_real_slice
11710,365700.0,1800.0,0.18033849905628607,0.5,0,369840.0,azure_vm_real_slice
11711,0.0,300.0,0.05,0.125,0,690.0,azure_vm_real_slice
11712,451200.0,600.0,0.05,0.125,0,452580.0,azure_vm_real_slice
11713,0.0,300.0,0.07786779170386066,0.125,0,690.0,azure_vm_real_slice
11714,461400.0,3600.0,0.4780375107690372,0.0625,1,468780.0,azure_vm_real_slice
11715,448200.0,300.0,0.4164143003871162,0.125,1,448815.0,azure_vm_real_slice
11716,1498200.0,900.0,0.1059992709945093,0.125,0,1500270.0,azure_vm_real_slice
11717,0.0,2591400.0,0.05,0.125,0,5960220.0,azure_vm_real_slice
11718,1285800.0,300.0,0.05,0.5,0,1286490.0,azure_vm_real_slice
11719,488400.0,78300.0,0.05,0.5,0,668490.0,azure_vm_real_slice
11720,1243200.0,300.0,0.08564567763843595,0.125,0,1243890.0,azure_vm_real_slice
11721,0.0,687600.0,0.2108877889093079,0.125,0,1581479.9999999998,azure_vm_real_slice
11722,0.0,600.0,0.05777117187811618,0.5,0,1380.0,azure_vm_real_slice
11723,1227300.0,1800.0,0.08325058399460981,0.125,0,1231440.0,azure_vm_real_slice
11724,0.0,2591400.0,0.05,0.0625,0,5960220.0,azure_vm_real_slice
11725,0.0,600.0,0.05,0.5,0,1380.0,azure_vm_real_slice
11726,1224300.0,300.0,0.30293883265352056,0.5,0,1224990.0,azure_vm_real_slice
11727,0.0,2100.0,0.05,0.5,0,4830.0,azure_vm_real_slice
11728,1722000.0,600.0,0.05,0.0625,0,1723380.0,azure_vm_real_slice
11729,0.0,2591400.0,0.050892497554037304,0.05,0,5960220.0,azure_vm_real_slice
11730,1571700.0,900.0,0.4052340819893925,0.125,1,1573545.0,azure_vm_real_slice
11731,0.0,1500.0,0.05,0.05,0,3449.9999999999995,azure_vm_real_slice
11732,215100.0,2100.0,0.06171239343027371,0.5,0,219930.0,azure_vm_real_slice
11733,484200.0,2100.0,0.05,0.5,2,487980.0,azure_vm_real_slice
11734,937500.0,300.0,0.05648395945278936,0.05,0,938190.0,azure_vm_real_slice
11735,1080300.0,16500.0,0.3870866184152012,0.125,1,1114125.0,azure_vm_real_slice
11736,1534200.0,1800.0,0.316641999386354,0.125,0,1538340.0,azure_vm_real_slice
11737,1590900.0,900.0,0.05,0.5,0,1592970.0,azure_vm_real_slice
11738,1431000.0,300.0,0.05,0.5,0,1431690.0,azure_vm_real_slice
11739,349500.0,900.0,0.05,0.5,0,351570.0,azure_vm_real_slice
11740,1596600.0,300.0,0.705691587337663,0.5,1,1597215.0,azure_vm_real_slice
11741,175200.0,5100.0,0.1566278755831689,0.5,0,186930.0,azure_vm_real_slice
11742,1228500.0,900.0,0.05,0.5,0,1230570.0,azure_vm_real_slice
11743,0.0,1800.0,0.05,0.0625,0,4140.0,azure_vm_real_slice
11744,1920300.0,35700.0,0.05,0.5,0,2002410.0,azure_vm_real_slice
11745,33600.0,32400.0,0.40759525006703745,0.125,1,100020.0,azure_vm_real_slice
11746,1801500.0,15000.0,0.09173543250580271,0.05,0,1836000.0,azure_vm_real_slice
11747,0.0,4500.0,0.30750165287916537,0.5,2,8099.999999999999,azure_vm_real_slice
11748,1126200.0,4200.0,0.19125972599086632,0.125,0,1135860.0,azure_vm_real_slice
11749,604500.0,600.0,0.05,0.5,0,605880.0,azure_vm_real_slice
11750,0.0,1500.0,0.2493005179131102,0.125,0,3449.9999999999995,azure_vm_real_slice
11751,0.0,3000.0,0.5977967041514751,0.125,1,6149.999999999999,azure_vm_real_slice
11752,330300.0,600.0,0.05,0.5,0,331680.0,azure_vm_real_slice
11753,547200.0,1500.0,0.3844964248948201,0.125,1,550275.0,azure_vm_real_slice
11754,336300.0,1800.0,0.15148198511946487,0.125,0,340440.0,azure_vm_real_slice
11755,0.0,3300.0,0.08774855318170184,0.5,0,7589.999999999999,azure_vm_real_slice
11756,708300.0,300.0,0.05,0.5,0,708990.0,azure_vm_real_slice
11757,0.0,1500.0,0.3029009081765801,0.125,0,3449.9999999999995,azure_vm_real_slice
11758,613800.0,900.0,0.18550609361955217,1.0,2,615420.0,azure_vm_real_slice
11759,545700.0,1800.0,0.2182968337000467,0.125,0,549840.0,azure_vm_real_slice
11760,0.0,300.0,0.05,0.125,0,690.0,azure_vm_real_slice
11761,0.0,2400.0,0.05,0.5,0,5520.0,azure_vm_real_slice
11762,1194600.0,85800.0,0.05,0.125,0,1391940.0,azure_vm_real_slice
11763,1090200.0,138600.0,0.05,0.125,0,1408980.0,azure_vm_real_slice
11764,870900.0,3000.0,0.4946480479291484,0.05,1,877050.0,azure_vm_real_slice
11765,131100.0,2400.0,0.05,0.0625,0,136620.0,azure_vm_real_slice
11766,519600.0,19500.0,0.7652015517596605,0.125,2,554700.0,azure_vm_real_slice
11767,0.0,2591400.0,0.05,0.125,0,5960220.0,azure_vm_real_slice
11768,0.0,26400.0,0.16331813276532386,0.5,0,60719.99999999999,azure_vm_real_slice
11769,371400.0,900.0,0.1341843726867475,0.125,0,373470.0,azure_vm_real_slice
11770,0.0,3600.0,0.6230895423104132,0.125,1,7379.999999999999,azure_vm_real_slice
11771,1255200.0,300.0,0.05,0.5,0,1255890.0,azure_vm_real_slice
11772,1332000.0,600.0,0.0527005778003804,0.125,0,1333380.0,azure_vm_real_slice
11773,0.0,300.0,0.05,0.5,0,690.0,azure_vm_real_slice
11774,196200.0,49200.0,0.32933018673942,0.05,0,309360.0,azure_vm_real_slice
11775,701100.0,3000.0,0.05,1.0,2,706500.0,azure_vm_real_slice
11776,1934400.0,2700.0,0.12588928985156575,0.0625,0,1940610.0,azure_vm_real_slice
11777,695700.0,300.0,0.05,0.5,2,696240.0,azure_vm_real_slice
11778,0.0,2591400.0,0.05,0.0625,0,5960220.0,azure_vm_real_slice
11779,0.0,2700.0,0.43266598529267014,0.05,1,5534.999999999999,azure_vm_real_slice
11780,1610700.0,600.0,0.05,0.5,0,1612080.0,azure_vm_real_slice
11781,0.0,300.0,0.05,0.0625,0,690.0,azure_vm_real_slice
11782,1020600.0,1200.0,0.06882175889283432,0.125,0,1023360.0,azure_vm_real_slice
11783,1476000.0,300.0,0.05,0.5,0,1476690.0,azure_vm_real_slice
11784,1515900.0,3900.0,0.05,0.5,0,1524870.0,azure_vm_real_slice
11785,0.0,2591400.0,0.09577841824413337,0.125,0,5960220.0,azure_vm_real_slice
11786,393000.0,300.0,0.05,0.125,0,393690.0,azure_vm_real_slice
11787,1404000.0,300.0,0.05,0.125,0,1404690.0,azure_vm_real_slice
11788,0.0,1500.0,0.21674290495806703,0.125,0,3449.9999999999995,azure_vm_real_slice
11789,0.0,300.0,0.06041073786979423,0.5,0,690.0,azure_vm_real_slice
11790,1413300.0,300.0,0.05,0.5,0,1413990.0,azure_vm_real_slice
11791,0.0,2591400.0,0.05,0.05,0,5960220.0,azure_vm_real_slice
11792,375300.0,300.0,0.05,0.125,0,375990.0,azure_vm_real_slice
11793,1998900.0,600.0,0.21709049249595577,0.125,0,2000280.0,azure_vm_real_slice
11794,1752300.0,300.0,0.14455052602857735,0.125,0,1752990.0,azure_vm_real_slice
11795,1062600.0,600.0,0.14529324689767603,0.125,0,1063980.0,azure_vm_real_slice
11796,11400.0,3300.0,0.05,0.5,0,18990.0,azure_vm_real_slice
11797,973200.0,24600.0,0.10323150496849554,0.5,2,1017480.0,azure_vm_real_slice
11798,1945500.0,21300.0,0.05,0.125,0,1994490.0,azure_vm_real_slice
11799,0.0,2306700.0,0.15480272154898977,0.5,0,5305410.0,azure_vm_real_slice
11800,458100.0,300.0,0.05,0.5,0,458790.0,azure_vm_real_slice
11801,0.0,2591400.0,0.09609761083998407,0.05,0,5960220.0,azure_vm_real_slice
11802,1888200.0,1500.0,0.05,0.5,0,1891650.0,azure_vm_real_slice
11803,1941000.0,300.0,0.05,0.125,0,1941690.0,azure_vm_real_slice
11804,294300.0,28800.0,0.2559572356425384,0.125,0,360540.0,azure_vm_real_slice
11805,751800.0,4500.0,0.6059282851292161,0.125,1,761025.0,azure_vm_real_slice
11806,0.0,2591400.0,0.05,0.5,0,5960220.0,azure_vm_real_slice
11807,674700.0,81300.0,0.2774573031602357,0.125,0,861690.0,azure_vm_real_slice
11808,1132200.0,3000.0,0.05,0.125,0,1139100.0,azure_vm_real_slice
11809,0.0,1200.0,0.09341798673718199,0.125,0,2760.0,azure_vm_real_slice
11810,1704600.0,1800.0,0.05,1.0,2,1707840.0,azure_vm_real_slice
11811,1818600.0,600.0,0.05,0.125,0,1819980.0,azure_vm_real_slice
11812,0.0,3000.0,0.134010602251414,0.5,0,6899.999999999999,azure_vm_real_slice
11813,0.0,1200.0,0.07649835941825044,0.5,2,2160.0,azure_vm_real_slice
11814,0.0,300.0,0.05,0.125,0,690.0,azure_vm_real_slice
11815,667800.0,49200.0,0.16597201338790074,0.0625,0,780960.0,azure_vm_real_slice
11816,0.0,2591400.0,0.058581802625070914,0.125,0,5960220.0,azure_vm_real_slice
11817,1777800.0,1800.0,0.05,0.0625,0,1781940.0,azure_vm_real_slice
11818,1790400.0,1800.0,0.05,0.5,0,1794540.0,azure_vm_real_slice
11819,1058400.0,1500.0,0.0762656710086302,0.125,0,1061850.0,azure_vm_real_slice
11820,508800.0,1500.0,0.4462928837971703,0.125,1,511875.0,azure_vm_real_slice
11821,1029900.0,300.0,0.05,0.5,2,1030440.0,azure_vm_real_slice
11822,0.0,900.0,0.14125747730124386,0.125,0,2070.0,azure_vm_real_slice
11823,1329900.0,6600.0,0.06874924921535026,0.125,0,1345080.0,azure_vm_real_slice
11824,0.0,18000.0,0.42238816395096374,0.0625,1,36900.0,azure_vm_real_slice
11825,1345200.0,3300.0,0.47801337523618254,0.125,1,1351965.0,azure_vm_real_slice
11826,1359600.0,1200.0,0.05,0.0625,0,1362360.0,azure_vm_real_slice
11827,674100.0,11400.0,0.29264071894642485,0.125,0,700320.0,azure_vm_real_slice
11828,729000.0,2100.0,0.2198477559057043,0.5,0,733830.0,azure_vm_real_slice
11829,1637700.0,19800.0,0.08587179693736893,0.5,0,1683240.0,azure_vm_real_slice
11830,489000.0,2100.0,0.05,0.5,2,492780.0,azure_vm_real_slice
11831,1299900.0,300.0,0.05,0.5,0,1300590.0,azure_vm_real_slice
11832,1370400.0,1200.0,0.39229928531764136,0.125,1,1372860.0,azure_vm_real_slice
11833,295200.0,171000.0,0.09808567958793007,0.5,0,688500.0,azure_vm_real_slice
11834,252600.0,600.0,0.05,1.0,2,253680.0,azure_vm_real_slice
11835,0.0,2591400.0,0.10879876166860802,0.05,0,5960220.0,azure_vm_real_slice
11836,0.0,2591400.0,0.05,0.5,0,5960220.0,azure_vm_real_slice
11837,0.0,1800.0,0.05,0.5,0,4140.0,azure_vm_real_slice
11838,0.0,1486800.0,0.086338443059199,0.05,0,3419639.9999999995,azure_vm_real_slice
11839,0.0,300.0,0.08282503351121734,0.125,0,690.0,azure_vm_real_slice
11840,1530600.0,600.0,0.05,0.125,0,1531980.0,azure_vm_real_slice
11841,0.0,592200.0,0.05,0.125,0,1362060.0,azure_vm_real_slice
11842,0.0,2591400.0,0.05,0.05,0,5960220.0,azure_vm_real_slice
11843,613800.0,43800.0,0.05,0.5,0,714540.0,azure_vm_real_slice
11844,842100.0,12300.0,0.05,0.5,0,870390.0,azure_vm_real_slice
11845,1095300.0,900.0,0.05,0.125,0,1097370.0,azure_vm_real_slice
11846,1952100.0,10500.0,0.4019742085478676,0.0625,1,1973625.0,azure_vm_real_slice
11847,0.0,900.0,0.12960513464875686,0.125,0,2070.0,azure_vm_real_slice
11848,1767300.0,4500.0,0.10302865127119169,0.0625,0,1777650.0,azure_vm_real_slice
11849,1893600.0,1500.0,0.09269973249926068,0.5,0,1897050.0,azure_vm_real_slice
11850,0.0,2591400.0,0.09635451289428083,0.05,0,5960220.0,azure_vm_real_slice
11851,309300.0,300.0,0.05,0.125,0,309990.0,azure_vm_real_slice
11852,0.0,11100.0,0.22378254986663113,0.5,0,25529.999999999996,azure_vm_real_slice
11853,1739100.0,2400.0,0.05,0.125,0,1744620.0,azure_vm_real_slice
11854,338100.0,6000.0,0.2528887657220934,0.05,0,351900.0,azure_vm_real_slice
11855,684600.0,600.0,0.22414581374533127,0.0625,0,685980.0,azure_vm_real_slice
11856,1567800.0,1800.0,0.3727248335619288,0.05,1,1571490.0,azure_vm_real_slice
11857,556200.0,2400.0,0.7050925016360768,0.125,1,561120.0,azure_vm_real_slice
11858,1787400.0,1500.0,0.05,0.5,2,1790100.0,azure_vm_real_slice
11859,1314900.0,18600.0,0.12040896878550138,0.125,0,1357680.0,azure_vm_real_slice
11860,0.0,600.0,0.05,0.5,0,1380.0,azure_vm_real_slice
11861,0.0,7800.0,0.09416327311681111,0.5,2,14039.999999999998,azure_vm_real_slice
11862,0.0,300.0,0.05,0.0625,0,690.0,azure_vm_real_slice
11863,0.0,2100.0,0.2443253568103664,0.5,2,3779.9999999999995,azure_vm_real_slice
11864,468000.0,29400.0,0.4305485509761844,0.05,1,528270.0,azure_vm_real_slice
11865,1385700.0,3300.0,0.05,0.5,2,1391640.0,azure_vm_real_slice
11866,0.0,11100.0,0.14717339008819472,0.125,0,25529.999999999996,azure_vm_real_slice
11867,0.0,2591400.0,0.09941785619208021,0.05,0,5960220.0,azure_vm_real_slice
11868,445500.0,300.0,0.07675174729757685,0.125,0,446190.0,azure_vm_real_slice
11869,1749000.0,900.0,0.09869806240949164,0.125,0,1751070.0,azure_vm_real_slice
11870,1097700.0,43200.0,0.7118413311810927,0.5,1,1186260.0,azure_vm_real_slice
11871,1850100.0,183000.0,0.07886604800600933,0.05,0,2271000.0,azure_vm_real_slice
11872,0.0,300.0,0.30608513804149606,0.05,0,690.0,azure_vm_real_slice
11873,1463100.0,14400.0,0.6965621468305524,0.125,1,1492620.0,azure_vm_real_slice
11874,0.0,2591400.0,0.05,0.05,0,5960220.0,azure_vm_real_slice
11875,700800.0,282000.0,0.05,0.5,0,1349400.0,azure_vm_real_slice
11876,0.0,600.0,0.05,0.5,0,1380.0,azure_vm_real_slice
11877,680400.0,600.0,0.05,0.5,2,681480.0,azure_vm_real_slice
11878,73800.0,1500.0,0.05,0.5,0,77250.0,azure_vm_real_slice
11879,33900.0,600.0,0.05,0.5,0,35280.0,azure_vm_real_slice
11880,0.0,2591400.0,0.05,0.125,0,5960220.0,azure_vm_real_slice
11881,0.0,300.0,0.05390841410333531,0.125,0,690.0,azure_vm_real_slice
11882,882000.0,6300.0,0.05698492108851453,0.125,0,896490.0,azure_vm_real_slice
11883,458400.0,2100.0,0.39012780756467597,0.125,1,462705.0,azure_vm_real_slice
11884,0.0,900.0,0.22237463654313813,0.05,0,2070.0,azure_vm_real_slice
11885,1955700.0,900.0,0.05,0.125,0,1957770.0,azure_vm_real_slice
11886,1521300.0,300.0,0.17726252610597412,0.125,0,1521990.0,azure_vm_real_slice
11887,0.0,2591400.0,0.11232928351841924,0.0625,0,5960220.0,azure_vm_real_slice
11888,1661400.0,11100.0,0.1408781471882718,0.125,0,1686930.0,azure_vm_real_slice
11889,832500.0,12900.0,0.05,0.125,0,862170.0,azure_vm_real_slice
11890,0.0,600.0,0.1003149053966953,0.125,0,1380.0,azure_vm_real_slice
11891,952500.0,4800.0,0.5359553387720107,0.125,1,962340.0,azure_vm_real_slice
11892,915000.0,13500.0,0.476091902353153,0.05,1,942675.0,azure_vm_real_slice
11893,886200.0,900.0,0.05,0.5,0,888270.0,azure_vm_real_slice
11894,794700.0,600.0,0.05,0.5,0,796080.0,azure_vm_real_slice
11895,684600.0,900.0,0.39966413930109934,0.05,1,686445.0,azure_vm_real_slice
11896,0.0,2591400.0,0.05,0.05,0,5960220.0,azure_vm_real_slice
11897,38700.0,48000.0,0.43307575282681804,0.0625,1,137100.0,azure_vm_real_slice
11898,1307100.0,600.0,0.05,0.5,2,1308180.0,azure_vm_real_slice
11899,0.0,2100.0,0.05,0.5,0,4830.0,azure_vm_real_slice
11900,0.0,300.0,0.05,0.5,2,540.0,azure_vm_real_slice
11901,0.0,300.0,0.13593634273906866,0.125,0,690.0,azure_vm_real_slice
11902,0.0,1200.0,0.33192540046196833,0.5,0,2760.0,azure_vm_real_slice
11903,1071600.0,2700.0,0.05,0.5,0,1077810.0,azure_vm_real_slice
11904,653400.0,2700.0,0.4690391329949226,0.125,1,658935.0,azure_vm_real_slice
11905,32700.0,33600.0,0.4385332046060518,0.125,1,101580.0,azure_vm_real_slice
11906,606600.0,5100.0,0.17583666992162716,0.5,2,615780.0,azure_vm_real_slice
11907,1877400.0,3000.0,0.18824564576958008,0.05,0,1884300.0,azure_vm_real_slice
11908,0.0,900.0,0.06987988250378542,0.125,0,2070.0,azure_vm_real_slice
11909,621300.0,900.0,0.06410333128181481,0.5,2,622920.0,azure_vm_real_slice
11910,0.0,2591400.0,0.0892375359678457,0.05,0,5960220.0,azure_vm_real_slice
11911,2031600.0,600.0,0.05,0.125,0,2032980.0,azure_vm_real_slice
11912,1319700.0,1200.0,0.10104809769269969,0.125,0,1322460.0,azure_vm_real_slice
11913,761700.0,600.0,0.05,1.0,2,762780.0,azure_vm_real_slice
11914,1020600.0,87000.0,0.12437347626699971,0.125,0,1220700.0,azure_vm_real_slice
11915,987600.0,300.0,0.05,0.125,0,988290.0,azure_vm_real_slice
11916,0.0,900.0,0.07344755952216196,0.125,0,2070.0,azure_vm_real_slice
11917,472800.0,2700.0,0.5028702226099802,0.05,1,478335.0,azure_vm_real_slice
11918,43200.0,23100.0,0.32730212567347067,0.125,0,96330.0,azure_vm_real_slice
11919,0.0,300.0,0.05,0.125,0,690.0,azure_vm_real_slice
11920,797700.0,600.0,0.05,0.5,2,798780.0,azure_vm_real_slice
11921,744000.0,1200.0,0.17990522992315922,0.0625,0,746760.0,azure_vm_real_slice
11922,2001300.0,31800.0,0.3057480874335706,0.05,0,2074440.0,azure_vm_real_slice
11923,0.0,2591400.0,0.05,0.05,0,5960220.0,azure_vm_real_slice
11924,0.0,2100.0,0.05,0.5,0,4830.0,azure_vm_real_slice
11925,266400.0,2400.0,0.1471453025874289,0.125,0,271920.0,azure_vm_real_slice
11926,0.0,871500.0,0.05,0.5,0,2004449.9999999998,azure_vm_real_slice
11927,24600.0,9300.0,0.05,0.0625,0,45990.0,azure_vm_real_slice
11928,0.0,2591400.0,0.05,0.05,0,5960220.0,azure_vm_real_slice
11929,0.0,1800.0,0.05,0.5,0,4140.0,azure_vm_real_slice
11930,0.0,1638900.0,0.05,0.5,0,3769469.9999999995,azure_vm_real_slice
11931,0.0,300.0,0.0687392548153654,0.125,0,690.0,azure_vm_real_slice
11932,482400.0,300.0,0.08280947113301958,0.125,0,483090.0,azure_vm_real_slice
11933,1721400.0,900.0,0.1341807769266667,0.125,0,1723470.0,azure_vm_real_slice
11934,1636500.0,4800.0,0.05,0.125,0,1647540.0,azure_vm_real_slice
11935,1662600.0,1200.0,0.05,0.5,2,1664760.0,azure_vm_real_slice
11936,1091400.0,1200.0,0.13559015917174033,0.125,0,1094160.0,azure_vm_real_slice
11937,156900.0,1800.0,0.05,0.5,0,161040.0,azure_vm_real_slice
11938,1179000.0,854100.0,0.13530272272896407,0.5,0,3143430.0,azure_vm_real_slice
11939,0.0,2591400.0,0.05,0.125,0,5960220.0,azure_vm_real_slice
11940,1140600.0,2100.0,0.05,0.0625,0,1145430.0,azure_vm_real_slice
11941,625200.0,6900.0,0.3874743812085804,0.0625,1,639345.0,azure_vm_real_slice
11942,1915200.0,600.0,0.6834403141068721,0.5,1,1916430.0,azure_vm_real_slice
11943,708300.0,266400.0,0.05,0.5,2,1187820.0,azure_vm_real_slice
11944,1823700.0,76200.0,0.41157284400317806,0.125,1,1979910.0,azure_vm_real_slice
11945,346500.0,4500.0,0.1532767760043842,0.5,2,354600.0,azure_vm_real_slice
11946,0.0,2591400.0,0.12572853654962157,0.05,0,5960220.0,azure_vm_real_slice
11947,57000.0,7800.0,0.3195990669610856,0.125,0,74940.0,azure_vm_real_slice
11948,465900.0,300.0,0.05,0.0625,0,466590.0,azure_vm_real_slice
11949,407700.0,56700.0,0.36723198932212314,0.0625,1,523935.0,azure_vm_real_slice
11950,0.0,19200.0,0.05,0.5,0,44160.0,azure_vm_real_slice
11951,592500.0,600.0,0.14528122025466458,0.125,0,593880.0,azure_vm_real_slice
11952,0.0,4200.0,0.6175934463586686,0.05,1,8610.0,azure_vm_real_slice
11953,434400.0,2100.0,0.19893990244660092,0.125,0,439230.0,azure_vm_real_slice
11954,1948500.0,1200.0,0.05,0.05,0,1951260.0,azure_vm_real_slice
11955,356400.0,3600.0,0.08903553089644309,0.5,0,364680.0,azure_vm_real_slice
11956,0.0,300.0,0.05,0.125,0,690.0,azure_vm_real_slice
11957,1430100.0,900.0,0.05,0.0625,0,1432170.0,azure_vm_real_slice
11958,0.0,1200.0,0.06596835852055237,0.5,0,2760.0,azure_vm_real_slice
11959,0.0,300.0,0.07224690324853221,0.5,0,690.0,azure_vm_real_slice
11960,0.0,1800.0,0.12658221395356092,0.125,0,4140.0,azure_vm_real_slice
11961,0.0,2591400.0,0.05,0.0625,0,5960220.0,azure_vm_real_slice
11962,1955100.0,600.0,0.21892339980914702,0.125,0,1956480.0,azure_vm_real_slice
11963,820500.0,600.0,0.05,0.5,0,821880.0,azure_vm_real_slice
11964,635400.0,40200.0,0.43349476960410926,0.05,1,717810.0,azure_vm_real_slice
11965,2005800.0,900.0,0.27530517218572004,0.125,0,2007870.0,azure_vm_real_slice
11966,437400.0,1200.0,0.05,0.5,0,440160.0,azure_vm_real_slice
11967,451200.0,300.0,0.05,0.125,0,451890.0,azure_vm_real_slice
11968,0.0,1800.0,0.05,0.0625,0,4140.0,azure_vm_real_slice
11969,1826100.0,600.0,0.05,0.0625,0,1827480.0,azure_vm_real_slice
11970,1354200.0,900.0,0.12427527967949839,0.125,0,1356270.0,azure_vm_real_slice
11971,520500.0,900.0,0.18431590066626327,0.0625,0,522570.0,azure_vm_real_slice
11972,1078200.0,23400.0,0.2636887609520622,0.125,0,1132020.0,azure_vm_real_slice
11973,1858500.0,900.0,0.05,0.125,0,1860570.0,azure_vm_real_slice
11974,0.0,900.0,0.05,0.0625,0,2070.0,azure_vm_real_slice
11975,1826700.0,1500.0,0.18214843078384316,0.125,0,1830150.0,azure_vm_real_slice
11976,0.0,300.0,0.1358934767581436,0.05,0,690.0,azure_vm_real_slice
11977,0.0,600.0,0.05,0.5,0,1380.0,azure_vm_real_slice
11978,1942200.0,2400.0,0.5290735595532634,0.05,1,1947120.0,azure_vm_real_slice
11979,1879800.0,600.0,0.11263885479148039,0.125,0,1881180.0,azure_vm_real_slice
11980,1911600.0,15600.0,0.6382075380303509,0.0625,1,1943580.0,azure_vm_real_slice
11981,1182000.0,900.0,0.05,0.5,0,1184070.0,azure_vm_real_slice
11982,1216800.0,26700.0,0.11263509102384991,0.5,2,1264860.0,azure_vm_real_slice
11983,9300.0,81900.0,0.329650776298611,0.0625,0,197670.0,azure_vm_real_slice
11984,604800.0,12000.0,0.14437044990145412,0.0625,0,632400.0,azure_vm_real_slice
11985,0.0,59400.0,0.3312229794039996,0.5,0,136620.0,azure_vm_real_slice
11986,954300.0,2700.0,0.11034794755581824,0.125,0,960510.0,azure_vm_real_slice
11987,1236000.0,2400.0,0.0949214371227328,0.5,2,1240320.0,azure_vm_real_slice
11988,1276500.0,600.0,0.05,0.5,0,1277880.0,azure_vm_real_slice
11989,178500.0,600.0,0.43364136477442705,0.0625,1,179730.0,azure_vm_real_slice
11990,0.0,2591400.0,0.07600969888249592,0.0625,0,5960220.0,azure_vm_real_slice
11991,0.0,2591400.0,0.09383630488031745,0.0625,0,5960220.0,azure_vm_real_slice
11992,837000.0,600.0,0.05,0.5,2,838080.0,azure_vm_real_slice
11993,1192800.0,23400.0,0.34212129866329205,0.0625,0,1246620.0,azure_vm_real_slice
11994,0.0,300.0,0.15225495843374273,0.5,0,690.0,azure_vm_real_slice
11995,1931400.0,300.0,0.053953596451021345,0.125,0,1932090.0,azure_vm_real_slice
11996,340200.0,69000.0,0.31938939902484687,0.125,0,498900.0,azure_vm_real_slice
11997,0.0,165000.0,0.16114506276511942,0.0625,0,379499.99999999994,azure_vm_real_slice
11998,767700.0,600.0,0.05855826657035294,0.0625,0,769080.0,azure_vm_real_slice
11999,1612800.0,300.0,0.05,0.125,0,1613490.0,azure_vm_real_slice
