job_id,arrival_time,runtime,cpu_demand,mem_demand,priority,deadline_time,scenario_id,job_class
0,0,0.982359,0.703623,0.330331,0,5.179691,scenario_003,short
1,0,6.528153,0.540271,0.204571,2,7.698075,scenario_003,medium
2,0,1.788385,0.204711,0.71143,1,4.932235,scenario_003,short
3,0,11.518493,0.665767,0.732705,1,23.601539,scenario_003,medium
4,1,13.524728,0.293078,0.649973,0,64.508629,scenario_003,medium
5,1,1.244297,0.225651,0.892217,1,3.891178,scenario_003,short
6,1,1.967756,0.640773,0.804954,1,5.44521,scenario_003,short
7,1,6.764505,0.349303,0.449556,0,32.170826,scenario_003,medium
8,1,12.797803,0.338635,0.376881,1,34.501139,scenario_003,medium
9,1,17.2828,0.504234,1.0,0,64.41537,scenario_003,medium
10,1,1.596103,0.311013,0.919424,0,6.147811,scenario_003,short
11,2,1.283822,0.212511,0.63534,0,7.884118,scenario_003,short
12,2,1.924622,0.300502,0.933183,1,5.901266,scenario_003,short
13,2,14.74156,0.207494,0.365659,0,48.267409,scenario_003,medium
14,2,1.652457,0.069529,0.311116,0,8.258945,scenario_003,short
15,2,6.147244,0.693415,0.668682,1,16.047044,scenario_003,medium
16,2,2.389944,0.547275,1.0,2,5.754966,scenario_003,short
17,2,13.538607,0.356716,0.843314,1,38.138271,scenario_003,medium
18,2,1.736748,0.196411,0.416169,1,4.959121,scenario_003,short
19,2,19.470957,0.69845,0.598804,0,70.870591,scenario_003,medium
20,3,18.640033,0.38573,0.82944,0,65.118991,scenario_003,medium
21,3,2.115857,0.284926,0.546535,0,9.741932,scenario_003,short
22,3,10.116755,0.679011,0.577419,1,20.436126,scenario_003,medium
23,3,2.079619,0.247556,0.525535,2,5.938115,scenario_003,short
24,3,12.747479,0.392739,0.316178,2,18.558478,scenario_003,long
25,3,26.587113,0.754799,0.592206,2,41.107625,scenario_003,long
26,3,10.257451,0.685934,0.214319,0,52.767571,scenario_003,medium
27,3,10.710182,0.130606,0.429042,1,32.189868,scenario_003,medium
28,3,1.454357,0.412955,1.0,1,5.739787,scenario_003,short
29,4,0.486136,0.513636,0.618065,2,5.0,scenario_003,short
30,4,20.054462,0.371792,0.679939,2,43.679104,scenario_003,medium
31,4,43.436275,0.551647,0.257322,0,208.534345,scenario_003,long
32,4,1.063482,0.237844,0.303922,0,9.844558,scenario_003,short
33,4,8.374188,0.775235,0.305095,0,47.926021,scenario_003,medium
34,4,1.610678,0.32239,1.0,0,9.538961,scenario_003,short
35,4,11.998823,0.224685,0.861204,0,67.202395,scenario_003,medium
36,4,1.362627,0.385213,0.05,0,9.954525,scenario_003,short
37,4,1.496192,0.170957,0.584104,0,12.058229,scenario_003,short
38,4,27.229785,0.632789,0.436858,1,80.015844,scenario_003,medium
39,5,11.653155,0.721323,0.591296,1,34.963102,scenario_003,medium
40,5,0.818354,0.317518,0.679959,0,8.662352,scenario_003,short
41,5,21.897097,0.725858,0.908156,1,65.012784,scenario_003,long
42,5,1.322289,0.405192,0.464721,0,12.110711,scenario_003,short
43,5,0.654775,0.064039,0.921495,2,6.0,scenario_003,short
44,5,3.556982,0.678466,0.316531,0,17.823865,scenario_003,short
45,5,7.694213,0.333622,0.840506,0,33.802371,scenario_003,medium
46,5,0.84564,0.364158,0.388173,1,6.857877,scenario_003,short
47,5,1.261259,0.216149,0.226727,1,8.438521,scenario_003,short
48,6,1.072877,0.363979,1.0,0,9.597286,scenario_003,short
49,6,16.035871,0.566956,1.0,1,51.525351,scenario_003,medium
50,6,8.088258,0.628657,0.494817,2,15.616877,scenario_003,medium
51,6,1.234207,0.722205,0.44684,0,10.600638,scenario_003,short
52,7,1.509217,0.105868,0.670726,1,10.453421,scenario_003,short
53,7,10.527755,0.397549,0.096288,0,58.739345,scenario_003,medium
54,7,11.938572,0.701142,0.307963,0,45.370153,scenario_003,medium
55,7,1.749953,0.402289,0.418936,1,10.205825,scenario_003,short
56,7,1.216419,0.198627,0.169669,1,9.952743,scenario_003,short
57,8,1.086299,0.163033,0.287803,0,13.300743,scenario_003,short
58,8,16.340306,0.539097,0.69345,0,99.224897,scenario_003,medium
59,8,2.657436,0.101708,0.791837,0,20.790389,scenario_003,short
60,8,0.950097,0.398022,0.688068,2,9.576174,scenario_003,short
61,9,8.376267,0.393688,0.64525,1,32.432537,scenario_003,medium
62,9,2.449774,0.330526,0.666159,0,16.664678,scenario_003,short
63,9,0.816681,0.519972,0.740887,0,13.101314,scenario_003,short
64,9,14.952761,0.365227,0.300081,0,60.716281,scenario_003,medium
65,9,2.253563,0.290896,0.468457,0,19.468487,scenario_003,short
66,9,1.440144,0.226742,0.679842,2,10.939874,scenario_003,short
67,9,1.456291,0.099836,0.317221,1,12.357566,scenario_003,short
68,9,6.635,0.223182,0.482712,1,22.274731,scenario_003,medium
69,9,3.13036,0.315314,0.684698,2,12.994537,scenario_003,short
70,9,1.964723,0.225172,0.466664,0,16.925065,scenario_003,short
71,9,1.052686,0.215279,0.470964,0,12.970353,scenario_003,short
72,9,9.038225,0.405779,0.759487,0,48.203357,scenario_003,medium
73,10,1.470746,0.081682,0.528586,0,16.345291,scenario_003,short
74,10,0.986968,0.5843,0.76196,1,12.809657,scenario_003,short
75,10,0.978545,0.111778,0.163342,0,15.502394,scenario_003,short
76,10,17.448891,0.44082,0.911095,0,107.924626,scenario_003,medium
77,10,10.996805,0.121024,0.271531,1,40.742283,scenario_003,medium
78,10,6.268987,0.248306,0.197205,1,22.352674,scenario_003,medium
79,10,8.509246,0.587836,0.499739,0,40.801759,scenario_003,medium
80,10,10.76149,0.734848,0.373557,1,35.192289,scenario_003,medium
81,11,10.704864,0.584978,0.305774,2,28.114212,scenario_003,medium
82,11,2.366246,0.355061,0.434286,0,21.474191,scenario_003,short
83,11,1.230267,0.44988,0.808724,1,13.581745,scenario_003,short
84,11,12.07162,0.612036,0.259544,1,32.321597,scenario_003,medium
85,11,1.455555,0.392666,0.767252,0,15.977829,scenario_003,short
86,12,0.748657,0.069126,0.352925,1,13.505993,scenario_003,short
87,12,2.188944,0.133765,0.633304,0,20.982027,scenario_003,short
88,12,0.962862,0.243453,0.900955,2,13.764286,scenario_003,short
89,12,0.97132,0.122463,0.616114,1,13.853591,scenario_003,short
90,12,1.136893,0.326799,0.328807,2,13.434074,scenario_003,short
91,12,11.972214,1.0,0.174737,0,65.435127,scenario_003,long
92,13,1.312522,0.364905,0.592212,0,18.028012,scenario_003,short
93,13,1.298098,0.128653,0.139794,2,14.458507,scenario_003,short
94,13,1.626886,0.134587,0.132271,0,21.718306,scenario_003,short
95,13,1.309708,0.130857,0.889153,1,15.581686,scenario_003,short
96,13,1.306499,0.254341,0.769335,1,15.869779,scenario_003,short
97,13,1.327642,0.458137,0.388339,0,18.43415,scenario_003,short
98,13,39.02813,0.634813,1.0,0,204.823301,scenario_003,long
99,13,9.179321,0.243405,0.912356,1,35.703323,scenario_003,medium
100,13,1.684712,0.06131,0.626773,2,15.108921,scenario_003,short
101,14,2.444725,0.4494,0.779044,1,19.538181,scenario_003,short
102,14,2.901074,0.067116,0.732502,0,24.94639,scenario_003,short
103,14,13.149031,0.896438,0.717305,1,42.817865,scenario_003,medium
104,14,2.139106,0.161516,0.350389,0,25.59626,scenario_003,short
105,14,16.365186,0.199662,0.542177,1,45.267422,scenario_003,medium
106,14,31.922416,0.68235,0.817106,2,66.71702,scenario_003,long
107,14,9.904654,0.307521,0.815457,1,41.152058,scenario_003,medium
108,14,1.659619,0.325963,0.565534,0,20.703019,scenario_003,short
109,14,2.050956,0.362067,0.702028,0,21.49764,scenario_003,short
110,14,1.802516,0.092308,0.595204,0,22.830224,scenario_003,short
111,14,9.209353,0.271356,0.495044,1,37.331374,scenario_003,medium
112,15,5.823495,1.0,0.253937,0,43.918487,scenario_003,medium
113,15,5.688314,0.608518,0.740018,1,24.765431,scenario_003,medium
114,15,0.784751,0.550753,0.555578,1,17.136139,scenario_003,short
115,15,8.599805,0.337825,0.689068,1,39.313393,scenario_003,medium
116,15,19.279604,0.318975,0.959245,0,114.906747,scenario_003,medium
117,15,1.355172,0.291956,0.700909,1,17.462931,scenario_003,short
118,15,12.275451,0.454193,0.403512,1,50.434658,scenario_003,medium
119,15,9.15611,0.740104,0.668188,1,33.320533,scenario_003,medium
120,15,1.821683,0.456544,1.0,1,19.661893,scenario_003,short
121,15,0.973274,0.620319,0.17097,1,16.807662,scenario_003,short
122,16,16.165091,0.465545,0.93205,0,73.314276,scenario_003,medium
123,16,2.169991,0.506636,0.602273,0,23.654912,scenario_003,short
124,16,1.325315,0.514809,0.961368,1,19.90994,scenario_003,short
125,16,1.403237,0.120404,0.624751,0,20.459167,scenario_003,short
126,16,1.690902,0.447365,0.795043,1,19.848674,scenario_003,short
127,16,13.650128,0.280994,0.433935,0,80.044557,scenario_003,medium
128,16,0.864005,0.432943,0.399992,0,20.455428,scenario_003,short
129,16,1.058787,0.321606,1.0,0,21.952929,scenario_003,short
130,17,1.206212,0.507586,0.767651,1,19.529421,scenario_003,short
131,17,2.365878,0.241366,0.867245,1,21.463424,scenario_003,short
132,17,1.004778,0.31099,0.405957,1,18.822802,scenario_003,short
133,17,1.10238,0.314135,0.221835,0,20.777717,scenario_003,short
134,17,8.782577,0.210953,0.409838,0,63.925416,scenario_003,medium
135,17,16.548795,0.42812,0.423911,0,105.77239,scenario_003,long
136,17,13.598823,0.606194,0.983314,0,64.155626,scenario_003,medium
137,18,43.143679,0.974049,0.512348,1,98.893491,scenario_003,long
138,18,8.091584,0.590442,0.254162,0,59.448759,scenario_003,medium
139,18,1.612293,0.270052,0.721642,2,20.445797,scenario_003,short
140,18,1.049881,0.730334,0.434222,0,21.937842,scenario_003,short
141,18,1.011658,0.068667,0.140295,1,20.626185,scenario_003,short
142,19,8.879898,0.367532,0.05,0,47.907864,scenario_003,long
143,19,4.479604,0.194531,0.528965,0,43.899267,scenario_003,medium
144,19,16.460208,0.221385,0.484694,0,104.734763,scenario_003,medium
145,19,3.198629,0.216441,0.308145,0,34.728392,scenario_003,short
146,19,0.826608,0.337097,0.460508,2,20.227727,scenario_003,short
147,20,1.16647,0.369058,0.21738,1,22.441963,scenario_003,short
148,20,2.101347,0.843598,0.626137,1,26.283494,scenario_003,short
149,20,12.300613,0.681696,0.452307,0,87.603001,scenario_003,medium
150,20,1.291928,0.370263,0.415033,0,24.51216,scenario_003,short
151,20,0.940004,0.122192,0.426201,0,24.271827,scenario_003,short
152,20,9.945392,0.219545,0.799711,1,41.2351,scenario_003,medium
153,20,1.464685,0.400026,0.217603,0,24.984591,scenario_003,short
154,20,5.590426,0.260916,0.266107,0,45.521554,scenario_003,medium
155,20,17.985698,1.0,0.845631,1,64.78954,scenario_003,long
156,20,2.523941,0.112366,0.994245,0,33.898657,scenario_003,short
157,20,23.08909,0.447127,0.644495,2,53.960531,scenario_003,long
158,21,1.177134,0.234063,0.538043,0,27.146933,scenario_003,short
159,21,15.039057,0.671907,0.219048,0,106.079706,scenario_003,medium
160,21,0.878376,0.187317,0.457197,1,22.995886,scenario_003,short
161,21,6.65595,0.574651,0.900279,0,50.118049,scenario_003,medium
162,21,1.427569,0.383911,0.310617,1,25.17306,scenario_003,short
163,21,11.872952,0.481249,0.64879,1,48.065107,scenario_003,medium
164,21,0.640433,0.585225,0.695687,1,22.088513,scenario_003,short
165,21,1.722541,0.406935,0.149747,0,26.396853,scenario_003,short
166,21,2.386937,0.348329,1.0,0,32.568594,scenario_003,short
167,22,1.194552,0.482917,0.743549,1,24.484069,scenario_003,short
168,22,1.201924,0.415487,0.240437,0,26.518143,scenario_003,short
169,22,19.346644,0.967875,0.863778,0,90.256053,scenario_003,long
170,22,1.441942,0.053682,0.747503,1,24.509251,scenario_003,short
171,22,5.691744,0.280007,1.0,0,41.222222,scenario_003,medium
172,22,8.80852,0.705623,0.40216,1,46.344444,scenario_003,medium
173,22,2.327613,0.27029,0.05,0,29.96996,scenario_003,short
174,23,23.677138,0.818337,1.0,1,88.136877,scenario_003,long
175,23,2.036737,0.401274,0.476499,0,30.31224,scenario_003,short
176,24,1.495574,0.442833,0.770144,0,29.580731,scenario_003,short
177,24,2.034117,0.23582,0.485262,1,29.913312,scenario_003,short
178,24,16.847606,0.405716,0.410822,1,62.678579,scenario_003,medium
179,24,9.891502,0.74926,0.508859,2,36.819682,scenario_003,medium
180,24,24.778487,0.39574,0.698453,0,143.154486,scenario_003,long
181,24,0.6279,0.273135,0.461942,2,25.0,scenario_003,short
182,24,9.101671,0.622403,0.788141,0,65.306899,scenario_003,medium
183,24,2.508089,0.345757,0.058698,0,32.893282,scenario_003,short
184,24,0.884121,0.372276,0.40067,0,27.12632,scenario_003,short
185,24,10.099044,0.70209,0.887597,0,74.76655,scenario_003,long
186,24,0.87537,0.357735,0.257965,1,25.845634,scenario_003,short
187,24,2.002528,0.36839,0.450228,1,28.001965,scenario_003,short
188,25,42.999072,0.853929,0.640438,0,166.540647,scenario_003,long
189,25,44.038905,0.903099,0.576711,2,89.082802,scenario_003,long
190,25,1.161775,0.204365,0.332756,1,27.616704,scenario_003,short
191,25,1.20204,0.428368,0.669016,1,28.420596,scenario_003,short
192,25,0.566043,0.150536,0.46025,0,26.789746,scenario_003,short
193,25,1.289696,0.409071,0.551827,0,30.674823,scenario_003,short
194,25,1.593764,0.722119,0.677578,0,30.884695,scenario_003,short
195,25,0.704788,0.201592,0.186022,1,26.936862,scenario_003,short
196,25,18.375467,0.445609,0.177645,2,50.260305,scenario_003,medium
197,25,1.516687,0.526162,0.333833,1,28.668452,scenario_003,short
198,25,13.247025,0.361274,0.109377,0,91.865547,scenario_003,medium
199,25,3.636115,0.253189,0.073431,1,34.263352,scenario_003,short
200,25,0.971819,0.498534,0.686015,0,30.236755,scenario_003,short
201,26,16.822955,0.337317,0.074608,1,58.473798,scenario_003,medium
202,26,1.481271,0.380858,0.556634,1,29.447636,scenario_003,short
203,26,38.389487,0.872784,1.0,0,186.352796,scenario_003,long
204,26,1.190564,0.147871,0.68965,0,29.856889,scenario_003,short
205,26,1.590645,0.188708,0.776083,0,32.970085,scenario_003,short
206,26,2.453952,0.149003,0.403227,2,28.989129,scenario_003,short
207,27,2.122584,0.429511,0.440837,0,35.926925,scenario_003,short
208,27,2.437217,0.097357,0.677856,0,37.248984,scenario_003,short
209,27,1.326653,0.381859,0.647039,0,32.448807,scenario_003,short
210,27,22.684195,0.939342,0.526809,0,133.427584,scenario_003,medium
211,27,28.009466,0.409185,0.557681,2,73.5375,scenario_003,long
212,27,1.361857,0.417875,0.624609,0,34.644492,scenario_003,short
213,27,2.367161,0.365856,1.0,1,30.986162,scenario_003,short
214,27,14.848585,0.783649,0.39545,0,103.217374,scenario_003,long
215,27,13.876386,1.0,1.0,0,103.45592,scenario_003,long
216,28,7.95655,0.191684,0.31122,0,60.30554,scenario_003,medium
217,28,1.092882,0.121734,0.307293,0,33.474652,scenario_003,short
218,28,8.204069,0.289467,0.135739,0,62.39759,scenario_003,medium
219,28,2.253176,0.332841,0.80134,0,37.785985,scenario_003,short
220,28,12.302547,0.860798,0.797453,1,52.11681,scenario_003,medium
221,28,0.960817,0.131077,0.165033,0,33.198275,scenario_003,short
222,28,1.438487,0.318088,0.666365,1,31.233849,scenario_003,short
223,28,1.616911,0.1891,0.55698,0,36.428089,scenario_003,short
224,28,0.896613,0.430209,0.05,0,31.037136,scenario_003,short
225,28,1.113849,0.405436,0.56567,0,32.788956,scenario_003,short
226,28,12.592394,0.199433,0.765263,0,92.764091,scenario_003,medium
227,28,1.730741,0.146683,0.318871,1,31.990249,scenario_003,short
228,29,1.378104,0.397462,0.156093,1,33.146448,scenario_003,short
229,29,1.087741,0.452026,0.538096,2,30.725524,scenario_003,short
230,29,7.583298,0.217365,0.844262,1,45.377258,scenario_003,medium
231,29,18.76628,0.482316,1.0,0,118.808898,scenario_003,medium
232,29,1.470629,0.303544,0.154614,0,36.518769,scenario_003,short
233,29,1.24954,0.269488,0.531674,1,31.764862,scenario_003,short
234,29,0.975795,0.407642,0.277902,0,32.654147,scenario_003,short
235,29,1.297516,0.118854,0.747657,2,31.381749,scenario_003,short
236,29,0.890646,0.094272,0.789925,1,31.485775,scenario_003,short
237,29,0.997438,0.113526,0.326281,0,32.741689,scenario_003,short
238,30,0.982139,0.45333,0.089316,1,32.557329,scenario_003,short
239,30,7.880027,0.384973,0.370296,1,50.641759,scenario_003,long
240,30,6.673091,0.42832,0.513315,1,45.731551,scenario_003,medium
241,30,14.710616,0.291951,0.50502,0,100.040103,scenario_003,medium
242,30,0.752124,0.446616,0.363993,0,33.800358,scenario_003,short
243,30,8.703589,0.787788,0.448131,0,78.627848,scenario_003,medium
244,30,0.815415,0.220929,0.28298,0,34.008514,scenario_003,short
245,30,1.654587,0.722128,0.758569,0,36.328939,scenario_003,short
246,30,0.893926,0.433932,0.680628,1,32.48772,scenario_003,short
247,30,37.314264,0.762924,0.375371,0,167.108029,scenario_003,long
248,30,10.052005,0.347982,0.490623,1,49.137809,scenario_003,medium
249,30,17.413285,0.616514,0.935393,1,60.588136,scenario_003,medium
250,31,1.473413,0.751794,0.370983,0,38.181813,scenario_003,short
251,31,9.97609,0.452512,0.194602,0,70.254948,scenario_003,medium
252,31,0.976247,0.107188,1.0,0,36.082053,scenario_003,short
253,31,26.947666,0.705055,0.56051,0,157.681969,scenario_003,medium
254,31,0.982366,0.442259,0.71748,1,33.499598,scenario_003,short
255,32,13.594823,0.646838,0.411256,0,81.830264,scenario_003,medium
256,32,7.587586,0.28393,0.82349,0,69.124385,scenario_003,long
257,32,9.375305,0.177036,0.708792,1,57.030108,scenario_003,medium
258,32,1.460254,0.518969,0.622058,1,36.398028,scenario_003,short
259,32,1.064783,0.231091,0.619136,0,35.865558,scenario_003,short
260,32,13.726682,0.933985,0.78391,1,71.266576,scenario_003,long
261,32,9.518447,1.0,0.794909,0,72.540856,scenario_003,medium
262,32,28.264299,0.195158,0.600309,0,170.086748,scenario_003,medium
263,32,3.64971,0.317011,0.472065,0,47.309525,scenario_003,medium
264,33,2.02176,0.104234,0.324686,2,35.660454,scenario_003,short
265,33,1.029004,0.103871,0.673505,0,38.803383,scenario_003,short
266,33,2.470317,0.70668,0.380564,1,38.193156,scenario_003,short
267,33,12.876464,0.243943,0.357926,1,61.478026,scenario_003,medium
268,33,2.944347,0.121396,0.613466,0,49.061869,scenario_003,short
269,33,6.051774,0.145022,0.136595,1,45.679788,scenario_003,medium
270,34,14.434694,0.329448,0.839518,1,72.62282,scenario_003,medium
271,34,2.669995,0.210691,0.595144,0,48.908873,scenario_003,short
272,34,2.787111,0.195059,0.30916,1,40.993208,scenario_003,short
273,34,0.935251,0.268064,0.968926,0,38.904745,scenario_003,short
274,34,0.944371,0.113735,0.290821,1,36.038711,scenario_003,short
275,34,29.054265,0.641315,0.311241,0,128.959606,scenario_003,long
276,35,0.998579,0.436864,0.555597,2,36.490988,scenario_003,short
277,35,24.289251,0.995669,0.391958,0,153.303545,scenario_003,long
278,35,15.656118,0.948897,0.904328,0,107.900735,scenario_003,long
279,35,11.03654,0.655959,0.683424,0,81.123434,scenario_003,long
280,35,1.026056,0.056616,0.688516,2,36.340847,scenario_003,short
281,35,1.096901,0.832572,0.819912,1,37.202842,scenario_003,short
282,35,12.874203,0.229318,0.460726,0,97.525329,scenario_003,medium
283,36,25.259906,0.812379,0.576857,1,108.64265,scenario_003,medium
284,36,15.703289,0.524073,0.775915,1,68.141021,scenario_003,medium
285,36,17.350524,1.0,0.516421,0,90.545263,scenario_003,medium
286,36,2.025257,0.148081,0.468849,0,45.478531,scenario_003,short
287,36,7.209909,0.406935,0.27498,2,44.187459,scenario_003,medium
288,36,2.001274,0.403411,0.237204,1,41.149659,scenario_003,short
289,36,5.417408,0.619625,0.509501,2,41.939601,scenario_003,medium
290,36,0.69001,0.223442,0.653935,2,37.1424,scenario_003,short
291,36,1.342087,0.617369,0.520871,1,39.340667,scenario_003,short
292,36,20.335836,0.140566,0.754375,0,116.817779,scenario_003,medium
293,36,0.703289,0.174118,0.383584,0,39.400154,scenario_003,short
294,36,1.903624,0.216076,0.420634,0,46.529906,scenario_003,short
295,36,0.924027,0.342671,0.843559,0,39.270574,scenario_003,short
296,36,25.128419,0.662812,0.641312,0,164.01637,scenario_003,long
297,36,1.428656,0.385477,1.0,1,38.679888,scenario_003,short
298,36,1.350224,0.353721,0.215527,1,39.770146,scenario_003,short
299,36,23.511047,0.96662,0.899815,1,77.492063,scenario_003,long
300,36,1.154272,0.572149,0.379589,2,37.363112,scenario_003,short
301,36,8.665294,0.135663,0.476921,0,68.230702,scenario_003,medium
302,37,1.65159,0.213796,0.388202,1,39.916699,scenario_003,short
303,37,8.633671,0.549612,0.194912,0,79.651276,scenario_003,medium
304,37,8.549486,0.66608,0.116141,0,64.953431,scenario_003,medium
305,37,1.905037,0.538827,0.922515,0,47.132471,scenario_003,short
306,38,2.690675,0.120076,0.267758,1,44.063843,scenario_003,short
307,38,5.641369,0.166814,0.22032,0,57.364754,scenario_003,medium
308,38,2.129182,0.307738,0.539641,0,45.830168,scenario_003,short
309,38,1.394296,0.768297,0.677242,0,43.394207,scenario_003,short
310,38,1.336995,0.408039,0.468345,1,41.351851,scenario_003,short
311,38,2.843467,0.065137,0.134152,1,46.001164,scenario_003,short
312,38,1.350513,0.155268,0.313525,2,39.970371,scenario_003,short
313,38,8.895805,0.586707,1.0,0,68.688675,scenario_003,medium
314,38,1.795152,0.129165,0.739509,1,41.214806,scenario_003,short
315,38,0.911772,0.094481,0.4521,1,39.539775,scenario_003,short
316,38,1.847337,0.097605,0.214614,2,41.173873,scenario_003,short
317,38,0.708595,0.43326,0.130483,2,39.0,scenario_003,short
318,39,2.267917,0.332732,0.245698,1,45.741092,scenario_003,short
319,39,2.074648,0.317785,0.843538,1,42.872647,scenario_003,short
320,39,2.012157,0.415679,0.297911,2,42.422966,scenario_003,short
321,39,13.187875,0.359804,1.0,0,93.846992,scenario_003,medium
322,39,1.889988,0.271371,0.3114,1,42.645448,scenario_003,short
323,39,13.33093,0.347535,1.0,2,63.893789,scenario_003,medium
324,39,14.48643,0.863505,0.710873,1,64.374346,scenario_003,medium
325,39,1.918982,0.433416,0.476346,1,43.96776,scenario_003,short
326,39,1.122975,0.452318,0.448726,2,40.731516,scenario_003,short
327,39,30.995957,0.774453,0.503496,2,82.142788,scenario_003,long
328,39,1.397351,0.156498,0.249252,1,43.027584,scenario_003,short
329,39,14.894876,0.598541,0.634733,0,94.244459,scenario_003,medium
330,39,0.882785,0.282792,0.407911,1,41.004284,scenario_003,short
331,40,13.436614,0.818957,0.819884,1,74.000958,scenario_003,long
332,40,10.48279,0.472269,0.302204,2,58.278319,scenario_003,long
333,40,2.507328,0.165056,0.847581,1,45.55946,scenario_003,short
334,40,1.300226,0.093828,0.534448,0,44.218711,scenario_003,short
335,40,9.10912,0.719731,0.528025,0,89.3492,scenario_003,medium
336,40,2.654046,0.39177,1.0,2,43.812497,scenario_003,short
337,40,27.812751,1.0,0.40026,0,160.284605,scenario_003,medium
338,40,1.566371,0.519019,0.761269,0,47.91622,scenario_003,short
339,40,1.444013,0.219996,0.243602,0,45.266517,scenario_003,short
340,40,10.759597,0.521199,0.807498,2,52.89289,scenario_003,medium
341,40,11.260771,0.40987,0.241146,1,70.076365,scenario_003,medium
342,40,11.786651,1.0,0.979103,2,59.452033,scenario_003,medium
343,40,1.168485,0.172205,0.550503,0,45.983829,scenario_003,short
344,40,1.48387,0.607953,0.406328,0,45.860002,scenario_003,short
345,41,0.623189,0.378727,0.809898,1,42.477234,scenario_003,short
346,41,7.048425,0.551674,1.0,0,64.355933,scenario_003,medium
347,41,1.458455,0.213786,0.636208,2,42.741038,scenario_003,short
348,41,1.85582,0.246723,0.324618,0,48.469042,scenario_003,short
349,41,2.246274,0.074454,0.197338,0,51.578302,scenario_003,short
350,41,32.407809,0.834083,0.121808,2,98.509975,scenario_003,long
351,41,1.365571,0.522381,1.0,0,45.90454,scenario_003,short
352,41,18.231657,0.584411,0.649143,1,87.269538,scenario_003,medium
353,41,2.124856,0.079372,0.757264,1,46.763317,scenario_003,short
354,41,1.055387,0.777025,0.435353,0,46.05779,scenario_003,short
355,41,6.816725,0.538193,0.610734,0,70.563655,scenario_003,medium
356,41,0.993913,0.444025,0.38289,2,42.119924,scenario_003,short
357,42,33.6618,0.976345,0.628862,0,196.73642,scenario_003,long
358,42,0.840329,0.399154,0.808017,1,43.85265,scenario_003,short
359,42,1.283638,0.299175,0.448392,1,45.239023,scenario_003,short
360,42,0.631244,0.245093,0.587321,1,43.835395,scenario_003,short
361,42,10.459318,0.342244,0.512725,1,67.581248,scenario_003,medium
362,42,1.959388,0.42085,0.756102,2,45.370749,scenario_003,short
363,42,18.979797,0.758248,0.498668,0,102.664929,scenario_003,medium
364,42,1.25563,0.251949,0.219831,2,44.238368,scenario_003,short
365,42,19.828283,0.653457,0.817375,0,144.502352,scenario_003,medium
366,42,7.604258,0.652955,0.809187,0,70.272578,scenario_003,medium
367,42,2.019425,0.334566,0.101155,0,52.103656,scenario_003,short
368,42,0.669259,0.644116,0.18519,2,43.276492,scenario_003,short
369,42,1.134441,0.144912,0.595667,0,45.550073,scenario_003,short
370,42,15.536565,0.874406,0.725952,0,119.539781,scenario_003,medium
371,43,0.97193,0.063435,0.520677,1,44.840678,scenario_003,short
372,43,6.268325,0.872587,0.660637,1,60.523415,scenario_003,medium
373,43,1.873155,0.550585,1.0,0,52.375818,scenario_003,short
374,43,1.558755,0.272801,0.698336,0,48.023487,scenario_003,short
375,43,36.448297,0.579689,0.246318,0,178.057227,scenario_003,long
376,43,1.819625,0.228208,0.537889,1,47.088237,scenario_003,short
377,43,1.322388,0.34762,0.798519,1,46.894031,scenario_003,short
378,43,12.683333,0.751958,0.596033,0,86.656778,scenario_003,medium
379,43,1.064344,0.185099,0.05,0,48.405825,scenario_003,short
380,44,1.950196,0.113083,0.751316,0,52.161877,scenario_003,short
381,44,1.136135,0.183687,0.864857,0,49.097986,scenario_003,short
382,44,3.219946,0.131574,0.889302,0,60.70584,scenario_003,short
383,44,6.591502,0.198973,0.892688,0,70.534562,scenario_003,medium
384,44,1.342771,0.395975,0.187319,0,49.09883,scenario_003,short
385,44,11.884483,0.317831,0.32192,0,88.201486,scenario_003,medium
386,44,1.169329,0.599787,0.734813,1,46.658299,scenario_003,short
387,44,0.722118,0.766564,0.984166,1,45.996166,scenario_003,short
388,44,1.760377,0.609526,0.275444,2,47.073367,scenario_003,short
389,44,1.518991,0.078286,0.39415,0,49.755017,scenario_003,short
390,44,7.223942,0.556911,0.547695,0,83.465507,scenario_003,long
391,44,1.743791,0.345476,0.667404,0,51.393809,scenario_003,short
392,45,16.063906,0.579697,0.564162,1,88.994702,scenario_003,long
393,45,1.695105,0.097887,0.05,1,47.98692,scenario_003,short
394,45,1.500286,0.354504,0.851976,1,48.111432,scenario_003,short
395,45,1.423641,0.28264,0.861049,0,50.109881,scenario_003,short
396,45,1.227805,0.327367,0.656291,0,49.665243,scenario_003,short
397,45,1.780985,0.303969,0.526434,1,48.017863,scenario_003,short
398,45,20.315241,1.0,0.475997,0,113.890497,scenario_003,medium
399,45,8.122027,0.295968,0.169723,0,86.004805,scenario_003,medium
400,45,1.97719,0.407242,0.40843,1,49.300127,scenario_003,short
401,46,1.854464,0.333487,0.745179,1,50.238108,scenario_003,short
402,46,1.411694,0.301536,0.159543,1,49.600354,scenario_003,short
403,46,0.908691,0.776337,0.723193,2,47.464005,scenario_003,short
404,46,0.6686,0.376458,1.0,1,47.353473,scenario_003,short
405,46,6.551373,0.350091,0.672273,1,64.811233,scenario_003,medium
406,46,17.597341,0.527326,0.357929,2,79.281716,scenario_003,medium
407,46,1.097384,0.142227,0.666373,2,47.370645,scenario_003,short
408,46,0.836417,0.433902,0.838605,0,48.912165,scenario_003,short
409,46,0.652678,0.647521,0.80383,0,49.260784,scenario_003,short
410,46,1.37035,0.296419,0.655795,1,48.821196,scenario_003,short
411,46,0.814186,0.19087,0.327591,2,47.413485,scenario_003,short
412,46,7.146516,0.969439,1.0,1,66.828285,scenario_003,medium
413,46,1.960361,0.22092,0.777626,0,54.5663,scenario_003,short
414,46,1.065806,0.5033,0.339508,1,47.785792,scenario_003,short
415,47,1.470963,0.063036,0.363793,0,52.487438,scenario_003,short
416,47,7.329297,0.679362,0.102787,1,66.312045,scenario_003,medium
417,47,24.944365,0.962493,0.887891,1,109.944412,scenario_003,long
418,47,2.912734,0.106358,0.696906,0,63.299613,scenario_003,short
419,47,0.893264,0.40773,0.738092,0,50.155918,scenario_003,short
420,47,1.884791,0.557014,1.0,0,53.374848,scenario_003,short
421,47,0.768945,0.15318,0.503726,1,48.925853,scenario_003,short
422,47,1.477175,0.076153,0.888782,0,53.811311,scenario_003,short
423,48,1.902404,0.199513,0.907162,1,52.463446,scenario_003,short
424,48,0.989586,0.083219,0.81952,1,50.514025,scenario_003,short
425,48,1.894046,0.173998,0.666742,1,53.46084,scenario_003,short
426,48,12.30694,0.312469,0.309251,0,95.773768,scenario_003,medium
427,48,1.321488,0.421761,0.812741,1,50.210175,scenario_003,short
428,48,12.704104,0.679277,0.796308,0,93.890904,scenario_003,medium
429,48,1.032254,0.0644,0.446525,0,51.734345,scenario_003,short
430,48,9.574353,0.479048,0.573859,0,81.626813,scenario_003,medium
431,48,15.733583,0.695151,0.79954,1,75.452145,scenario_003,medium
432,48,0.788845,0.413617,0.666266,1,49.776284,scenario_003,short
433,48,10.611296,0.327558,0.154413,1,65.813378,scenario_003,medium
434,48,1.589507,0.773579,0.887262,2,50.910303,scenario_003,short
435,48,14.844629,0.919151,0.722573,2,77.465444,scenario_003,long
436,48,1.017189,0.114077,0.79417,2,49.152309,scenario_003,short
437,48,10.598548,0.991749,0.826568,1,70.384588,scenario_003,long
438,48,14.809687,0.558468,0.928083,2,67.974888,scenario_003,medium
439,48,10.804676,0.500186,0.775686,2,62.799379,scenario_003,medium
440,48,12.266987,0.223856,0.358221,1,75.550186,scenario_003,medium
441,48,0.647025,0.564836,0.360907,0,50.178675,scenario_003,short
442,48,1.105515,0.236239,0.625435,0,53.586374,scenario_003,short
443,48,1.686127,0.372398,0.734539,2,51.249278,scenario_003,short
444,48,29.516782,0.801651,0.404816,0,165.029707,scenario_003,long
445,48,18.772799,0.492243,0.655276,2,76.546039,scenario_003,long
446,48,10.455738,0.976993,0.475876,0,85.429688,scenario_003,medium
447,49,0.960334,0.186993,0.182743,0,53.434937,scenario_003,short
448,49,1.364621,0.215458,0.279056,2,50.915342,scenario_003,short
449,49,1.388825,0.416503,0.228991,1,52.043186,scenario_003,short
450,49,1.523036,0.566354,0.471487,1,53.476953,scenario_003,short
451,49,1.39469,0.373248,0.687209,0,54.61774,scenario_003,short
452,49,1.364452,0.389146,1.0,0,54.843728,scenario_003,short
453,49,2.470086,0.507291,0.69408,0,57.174295,scenario_003,short
454,49,8.280803,0.244337,0.101108,0,82.768961,scenario_003,medium
455,49,1.453822,0.811874,0.880935,0,53.755685,scenario_003,short
456,49,0.863762,0.269069,0.155477,0,53.009359,scenario_003,short
457,49,10.61068,0.853342,0.985874,0,82.479036,scenario_003,medium
458,49,1.560189,0.306449,0.370689,0,55.773204,scenario_003,short
459,49,2.670692,0.096597,0.05,1,54.480631,scenario_003,short
460,49,10.680875,0.385829,0.281878,2,70.319972,scenario_003,long
461,49,1.463068,0.441527,1.0,2,50.700206,scenario_003,short
462,49,5.806161,0.512358,0.297464,0,76.792981,scenario_003,medium
463,49,22.459033,0.92144,0.944873,0,124.658305,scenario_003,long
464,49,8.745222,0.489304,1.0,0,89.99859,scenario_003,medium
465,49,8.650982,0.471094,0.478757,0,82.891239,scenario_003,medium
466,49,8.572568,0.602416,1.0,1,68.758731,scenario_003,medium
467,49,1.008573,0.245312,0.598194,1,51.974756,scenario_003,short
468,49,12.420214,0.733096,0.195559,0,113.010575,scenario_003,medium
469,49,10.033525,0.681741,0.983747,1,66.008292,scenario_003,medium
470,49,1.794758,0.353974,0.177409,1,53.448118,scenario_003,short
471,49,14.606339,0.428952,0.885274,0,110.60086,scenario_003,long
472,49,1.085293,0.394243,0.545736,1,51.34006,scenario_003,short
473,49,1.152131,0.275508,0.931507,1,51.892818,scenario_003,short
474,49,1.401752,0.237368,0.452702,1,53.041622,scenario_003,short
475,49,1.063478,0.079269,0.882977,0,54.56255,scenario_003,short
476,50,9.452731,0.197233,0.573515,0,81.687463,scenario_003,medium
477,50,11.235252,0.709068,0.585353,2,72.291452,scenario_003,medium
478,50,1.785595,0.132024,0.780402,0,59.835147,scenario_003,short
479,50,32.971103,1.0,0.814952,0,175.429611,scenario_003,long
480,50,1.418028,0.42159,0.310519,0,57.475361,scenario_003,short
481,50,1.106511,0.166679,0.354367,0,56.030335,scenario_003,short
482,50,1.521825,0.548483,0.365741,0,56.593655,scenario_003,short
483,50,1.386689,0.435796,0.256365,0,57.472047,scenario_003,short
484,50,7.137494,0.626559,0.294376,1,67.793966,scenario_003,medium
485,50,5.801398,0.399381,1.0,0,76.693774,scenario_003,medium
486,50,3.08213,0.272291,0.752168,0,63.429135,scenario_003,short
487,50,1.224953,0.641094,0.571697,0,56.248185,scenario_003,short
488,50,1.648323,0.498138,0.565141,0,56.582074,scenario_003,short
489,50,2.382803,0.320661,0.900825,0,60.758965,scenario_003,short
490,50,6.988323,0.308078,0.609973,0,72.071185,scenario_003,medium
491,51,21.56006,0.491344,0.784379,2,86.080049,scenario_003,long
492,51,2.005229,0.722722,0.672025,1,54.606755,scenario_003,short
493,51,1.443057,0.314452,0.485704,2,53.813213,scenario_003,short
494,51,1.596305,0.544416,0.258478,2,53.044763,scenario_003,short
495,51,1.067847,0.082232,0.58902,0,56.246368,scenario_003,short
496,51,1.945529,0.445252,1.0,0,59.039853,scenario_003,short
497,52,12.202297,0.498191,0.439836,2,68.899918,scenario_003,medium
498,52,1.074672,0.203278,0.375724,0,56.354532,scenario_003,short
499,52,17.52443,0.383698,0.646609,1,83.856832,scenario_003,medium
500,52,1.713815,0.483544,0.894393,0,60.248018,scenario_003,short
501,52,9.528998,0.688721,0.80325,0,87.434685,scenario_003,medium
502,52,1.610842,0.797182,0.645345,1,56.435697,scenario_003,short
503,52,2.550415,0.295428,0.919241,1,58.05284,scenario_003,short
504,52,1.04596,0.357686,0.536921,0,55.844106,scenario_003,short
505,52,1.880851,0.20727,0.144948,1,56.675209,scenario_003,short
506,52,12.745687,1.0,0.974723,1,86.670912,scenario_003,medium
507,52,2.138346,0.548638,0.662515,1,56.231633,scenario_003,short
508,52,14.885652,0.346371,0.824651,1,87.788757,scenario_003,medium
509,52,11.674478,0.557497,0.937257,0,99.691198,scenario_003,medium
510,52,0.90711,0.42839,0.360141,0,56.222485,scenario_003,short
511,52,0.830235,0.307137,0.454205,0,54.689717,scenario_003,short
512,53,1.469436,0.159078,0.883185,1,56.012037,scenario_003,short
513,53,1.401706,0.409627,0.32973,2,55.725376,scenario_003,short
514,53,15.652866,0.408048,0.928784,0,126.902447,scenario_003,medium
515,53,1.458745,0.449355,0.194669,2,55.586116,scenario_003,short
516,53,12.492161,0.413059,0.277686,0,118.489252,scenario_003,medium
517,53,1.986101,0.115149,0.466416,1,58.248532,scenario_003,short
518,53,1.53723,0.165544,0.867706,1,56.723593,scenario_003,short
519,53,1.294628,0.21962,0.293982,0,59.222288,scenario_003,short
520,53,0.907253,0.661815,0.09478,1,55.08203,scenario_003,short
521,53,2.5034,0.158052,0.10501,1,57.942932,scenario_003,short
522,53,1.225622,0.194636,0.781785,1,55.319896,scenario_003,short
523,54,1.610746,0.607418,0.479725,0,62.006694,scenario_003,short
524,54,1.805412,0.384624,0.392578,1,58.727355,scenario_003,short
525,54,1.631601,0.412193,0.38914,0,62.755398,scenario_003,short
526,54,0.670792,0.20626,0.241873,1,55.832592,scenario_003,short
527,54,0.976397,0.234553,0.235442,0,57.64459,scenario_003,short
528,54,1.928411,0.513097,0.888327,0,64.334698,scenario_003,short
529,54,1.076005,0.361694,0.562121,1,55.984589,scenario_003,short
530,54,19.784622,0.596572,0.476643,1,90.755421,scenario_003,long
531,54,9.782259,0.577194,0.375524,2,69.037457,scenario_003,medium
532,54,1.080847,0.190412,0.374185,2,55.454422,scenario_003,short
533,54,1.966866,0.339106,0.639925,0,61.252431,scenario_003,short
534,54,1.156613,0.436824,1.0,0,57.931916,scenario_003,short
535,54,23.208396,1.0,0.948755,0,155.56171,scenario_003,long
536,54,8.920638,0.387949,0.370089,1,78.865017,scenario_003,medium
537,54,1.887546,0.051481,0.885022,2,57.161758,scenario_003,short
538,54,1.617832,0.622224,0.680019,0,60.61244,scenario_003,short
539,54,1.247741,0.086596,0.05,2,56.158005,scenario_003,short
540,54,7.377842,0.669768,0.667295,0,89.328014,scenario_003,medium
541,54,1.144424,0.300652,0.790445,2,55.684419,scenario_003,short
542,54,17.938776,0.968441,0.627731,2,85.78189,scenario_003,long
543,54,0.976693,0.367144,1.0,1,56.184786,scenario_003,short
544,54,2.000929,0.19907,0.694927,0,60.771101,scenario_003,short
545,54,1.948994,0.368105,0.661571,1,59.520944,scenario_003,short
546,54,1.581134,0.792171,0.474282,0,61.692764,scenario_003,short
547,54,9.336171,0.171612,0.567455,0,89.001002,scenario_003,medium
548,54,1.107589,0.347414,0.83213,2,55.80799,scenario_003,short
549,54,7.324026,0.364418,0.202593,1,68.248581,scenario_003,long
550,54,1.667985,0.093351,0.703943,0,63.129665,scenario_003,short
551,54,18.836568,0.69587,0.511089,1,92.088167,scenario_003,medium
552,54,16.3876,0.683795,1.0,2,71.962818,scenario_003,long
553,54,1.106227,0.101489,0.911132,1,56.417907,scenario_003,short
554,54,1.56676,0.548169,0.725872,1,58.235143,scenario_003,short
555,54,1.229625,0.123603,0.09073,0,58.525449,scenario_003,short
556,54,9.802111,0.533566,0.825666,0,106.625686,scenario_003,medium
557,54,8.428095,0.627414,0.307489,2,65.969835,scenario_003,medium
558,54,1.493852,0.353727,0.747121,1,57.092541,scenario_003,short
559,54,14.965294,0.960487,0.741352,2,75.393883,scenario_003,medium
560,55,0.956771,0.428531,1.0,0,58.436983,scenario_003,short
561,55,1.296921,0.115484,0.839314,1,57.885785,scenario_003,short
562,55,10.022477,0.684608,0.525135,0,96.927663,scenario_003,medium
563,55,1.207322,0.08293,1.0,2,57.071948,scenario_003,short
564,55,24.379707,0.527524,0.457847,2,81.755543,scenario_003,long
565,55,1.099638,0.32462,0.697605,1,56.87185,scenario_003,short
566,55,1.732071,0.337589,0.171701,2,57.868598,scenario_003,short
567,55,3.037185,0.448076,0.202945,0,70.716147,scenario_003,short
568,55,0.631814,0.203819,0.54627,1,56.530598,scenario_003,short
569,55,13.382647,0.216816,0.430589,0,112.071616,scenario_003,medium
570,55,13.361262,0.202348,0.703892,0,101.832337,scenario_003,medium
571,55,1.006513,0.373095,0.805286,0,58.481188,scenario_003,short
572,55,11.573376,0.291238,0.564393,0,94.920759,scenario_003,medium
573,55,1.960441,0.06929,0.199352,1,60.887545,scenario_003,short
574,55,1.087678,0.773968,0.422219,0,59.144817,scenario_003,short
575,55,17.656995,0.847238,0.793488,1,93.629851,scenario_003,long
576,55,1.432064,0.414261,0.095754,2,57.792781,scenario_003,short
577,55,0.85962,0.169787,0.852567,0,58.197294,scenario_003,short
578,55,0.92387,0.19285,0.180995,1,57.68528,scenario_003,short
579,55,17.252132,0.429231,0.665999,2,83.321595,scenario_003,medium
580,55,1.513833,0.631912,0.084209,0,62.612283,scenario_003,short
581,55,1.654811,0.711287,0.488109,1,59.429744,scenario_003,short
582,55,1.001199,0.171209,0.851343,0,58.8944,scenario_003,short
583,55,1.035193,0.24788,0.720347,1,57.104867,scenario_003,short
584,55,1.025677,0.268126,0.183962,1,57.471804,scenario_003,short
585,55,1.274625,0.31416,0.302283,0,59.04445,scenario_003,short
586,55,0.967343,0.162464,0.976943,2,56.512798,scenario_003,short
587,55,1.731916,0.36073,0.636011,1,59.10569,scenario_003,short
588,55,1.43011,0.08124,0.05,1,59.073608,scenario_003,short
589,55,39.008252,0.546263,0.346836,0,208.560193,scenario_003,long
590,55,1.487995,0.406513,0.744384,0,62.860301,scenario_003,short
591,55,2.42498,0.3686,0.20964,0,65.960868,scenario_003,short
592,56,8.897155,0.81666,1.0,0,92.928021,scenario_003,medium
593,56,1.550655,0.303563,0.482292,0,62.90603,scenario_003,short
594,56,1.506701,0.687241,0.510901,0,61.803305,scenario_003,short
595,56,1.489913,0.369364,1.0,0,61.314021,scenario_003,short
596,56,29.633262,0.980392,0.386535,2,92.606033,scenario_003,medium
597,56,1.549011,0.112528,0.611646,0,64.158729,scenario_003,short
598,56,1.004508,0.32669,0.514407,1,58.618706,scenario_003,short
599,56,16.01686,0.657822,0.05,2,86.753593,scenario_003,medium
600,56,0.906404,0.245158,0.742784,0,59.459133,scenario_003,short
601,56,1.288854,0.406588,0.181098,0,61.373316,scenario_003,short
602,56,12.056695,0.663372,0.578165,0,98.896051,scenario_003,medium
603,56,15.240763,0.266588,0.409614,1,89.924579,scenario_003,medium
604,56,0.976445,0.651987,0.383816,0,60.61382,scenario_003,short
605,56,23.485248,0.59023,0.476028,1,125.825998,scenario_003,medium
606,56,11.417877,0.334531,0.204056,1,81.39114,scenario_003,medium
607,56,1.699647,0.086471,0.309324,1,60.356253,scenario_003,short
608,56,2.833649,0.483846,0.614695,0,68.545076,scenario_003,short
609,56,2.622168,0.535403,0.743278,1,61.104755,scenario_003,short
610,56,21.139903,0.588954,0.471883,0,158.538247,scenario_003,medium
611,56,2.117987,0.095669,1.0,1,60.688358,scenario_003,short
612,56,10.928614,0.597772,0.814308,0,102.561583,scenario_003,medium
613,56,0.771262,0.297686,0.186653,0,59.684168,scenario_003,short
614,56,0.958669,0.333148,0.85596,1,58.545587,scenario_003,short
615,56,1.112196,0.199444,0.510401,0,62.086365,scenario_003,short
616,56,1.797106,0.22752,0.185094,1,59.18533,scenario_003,short
617,56,10.420898,0.534371,0.577412,2,69.441807,scenario_003,long
618,56,1.333101,0.163,0.70463,2,58.288497,scenario_003,short
619,57,10.821393,0.206236,0.664082,1,77.684118,scenario_003,medium
620,57,1.712078,0.329087,0.594795,1,60.475432,scenario_003,short
621,57,1.57684,0.223684,0.568651,0,62.735182,scenario_003,short
622,57,16.157352,0.428959,1.0,2,81.522056,scenario_003,medium
623,57,10.974863,0.809346,0.208507,0,109.327565,scenario_003,medium
624,57,0.763047,0.474588,1.0,0,61.117204,scenario_003,short
625,57,1.604719,0.493524,0.60477,2,59.503162,scenario_003,short
626,57,1.606007,0.1412,0.504523,0,65.32536,scenario_003,short
627,57,1.282196,0.167225,0.289459,0,61.361374,scenario_003,short
628,57,1.605008,0.382672,0.599199,2,59.948615,scenario_003,short
629,57,1.634748,0.681817,0.424901,0,63.297537,scenario_003,short
630,57,2.157323,0.165159,0.461929,0,65.04064,scenario_003,short
631,57,3.186704,0.266271,0.758457,0,68.887575,scenario_003,short
632,57,13.44607,0.97085,0.802778,0,130.010415,scenario_003,medium
633,57,1.922464,0.593527,0.841669,0,65.603537,scenario_003,short
634,57,0.900888,0.384739,0.504529,1,59.225035,scenario_003,short
635,57,17.661955,0.743816,0.639837,0,114.233261,scenario_003,medium
636,57,24.597642,0.436343,0.465932,1,124.780982,scenario_003,medium
637,57,1.825702,0.524821,0.62151,1,61.315429,scenario_003,short
638,57,6.219669,0.629849,0.811438,1,67.510026,scenario_003,medium
639,57,2.661188,0.196793,0.939192,0,67.905155,scenario_003,short
640,57,1.028526,0.266788,0.609392,1,59.434341,scenario_003,short
641,57,19.473309,0.613479,0.099184,0,150.489212,scenario_003,medium
642,57,1.000028,0.398447,0.457042,2,58.094561,scenario_003,short
643,57,1.281634,0.160853,0.400275,2,59.535828,scenario_003,short
644,57,22.627887,0.480504,0.825218,0,133.507221,scenario_003,long
645,57,7.325144,0.509006,0.333764,1,71.703346,scenario_003,medium
646,57,1.379941,0.381938,0.852927,0,62.310637,scenario_003,short
647,57,4.946261,0.530806,0.390974,2,66.218981,scenario_003,medium
648,57,0.892213,0.648134,0.504932,2,58.69762,scenario_003,short
649,57,10.54459,0.487345,0.891476,0,95.775328,scenario_003,medium
650,58,10.449173,0.341535,0.333656,0,97.35437,scenario_003,medium
651,58,2.32094,0.11066,0.532716,1,64.096058,scenario_003,short
652,58,7.526085,0.677915,0.394746,1,77.643333,scenario_003,medium
653,58,1.32879,0.151448,0.127554,1,60.325716,scenario_003,short
654,58,1.615692,0.543506,0.981523,0,65.33406,scenario_003,short
655,58,1.317827,0.400644,0.350901,1,60.276076,scenario_003,short
656,58,12.846628,0.524189,0.570456,0,128.190196,scenario_003,medium
657,58,1.724163,0.659311,0.644877,1,61.73184,scenario_003,short
658,58,2.253628,0.069911,0.541687,1,62.502636,scenario_003,short
659,58,3.051432,0.439375,0.15422,1,64.223697,scenario_003,short
660,58,1.500036,0.562415,0.995891,2,60.845937,scenario_003,short
661,58,1.080821,0.095977,0.758574,0,63.864737,scenario_003,short
662,58,0.849888,0.098996,0.713441,0,62.083957,scenario_003,short
663,58,21.999705,1.0,0.92618,1,110.069736,scenario_003,long
664,58,10.235739,0.858674,0.3207,2,74.199114,scenario_003,medium
665,58,1.028569,0.432879,0.376258,0,61.626753,scenario_003,short
666,58,11.348945,0.341648,0.605277,0,105.810739,scenario_003,medium
667,58,1.297801,0.341809,0.71214,1,61.055666,scenario_003,short
668,58,10.888139,0.959321,0.423526,1,80.550779,scenario_003,medium
669,58,5.2659,0.707923,0.384069,2,66.015817,scenario_003,medium
670,58,13.899558,0.420984,1.0,0,103.653056,scenario_003,medium
671,58,14.282188,0.669181,0.796309,0,109.971049,scenario_003,medium
672,58,8.309467,0.964665,0.608862,1,75.715567,scenario_003,medium
673,58,1.074804,0.74534,0.168001,0,62.367596,scenario_003,short
674,58,5.207221,0.633476,0.890989,0,78.259077,scenario_003,medium
675,58,14.072937,0.609857,0.897315,2,81.307542,scenario_003,medium
676,58,6.748111,0.442295,0.3803,1,75.651325,scenario_003,medium
677,58,9.087677,0.490727,0.991369,0,90.887016,scenario_003,medium
678,58,9.689061,0.632274,0.81189,1,81.853908,scenario_003,medium
679,58,0.874841,0.190848,0.485499,1,59.448033,scenario_003,short
680,58,2.12037,0.171179,0.622067,0,67.545545,scenario_003,short
681,58,10.932969,0.653931,0.362013,0,92.430202,scenario_003,medium
682,58,6.175482,0.220015,0.752903,1,70.118994,scenario_003,medium
683,58,11.699373,0.40754,0.666006,0,94.443002,scenario_003,medium
684,58,1.543706,0.152509,1.0,0,65.318793,scenario_003,short
685,58,10.77256,0.600154,0.835859,1,83.741945,scenario_003,medium
686,58,1.594143,0.572258,0.240341,2,59.808053,scenario_003,short
687,58,2.439806,0.455353,0.154236,0,65.916455,scenario_003,short
688,58,1.299319,0.298936,0.198124,0,64.06787,scenario_003,short
689,59,1.451876,0.379471,0.318565,0,66.912796,scenario_003,short
690,59,11.004265,0.757856,0.156719,2,78.024126,scenario_003,long
691,59,10.441974,0.611352,1.0,1,82.596067,scenario_003,medium
692,59,1.468285,0.10969,0.795709,1,61.9495,scenario_003,short
693,59,2.017307,0.245254,0.432409,0,65.965024,scenario_003,short
694,59,17.371051,0.586355,0.102791,1,99.008181,scenario_003,medium
695,59,11.142208,0.308163,0.088179,1,90.0827,scenario_003,medium
696,59,1.40503,0.730927,0.52582,0,65.745161,scenario_003,short
697,59,1.609676,0.691428,0.882772,0,64.175279,scenario_003,short
698,59,1.029706,0.434879,0.537092,0,63.073478,scenario_003,short
699,59,5.40994,0.185928,0.819535,1,73.532188,scenario_003,medium
700,59,1.652673,0.161774,0.05,2,62.308797,scenario_003,short
701,59,0.983607,0.158257,0.281912,1,61.909059,scenario_003,short
702,59,24.335138,1.0,0.824935,0,181.378242,scenario_003,long
703,59,0.977564,0.770732,0.427498,1,61.946834,scenario_003,short
704,59,4.417435,0.524723,0.371259,0,83.637259,scenario_003,medium
705,59,2.421209,0.126817,0.443909,0,67.044836,scenario_003,short
706,59,0.995628,0.112757,0.229588,1,61.864883,scenario_003,short
707,59,17.529447,0.95829,0.973095,0,151.975856,scenario_003,medium
708,59,8.908538,0.657284,0.440393,1,79.355454,scenario_003,medium
709,59,1.396745,0.279255,0.583868,0,64.234726,scenario_003,short
710,59,0.92672,0.384415,0.771264,1,61.672923,scenario_003,short
711,59,1.507892,0.528345,0.487368,2,61.226565,scenario_003,short
712,59,1.001386,0.382873,1.0,1,61.339644,scenario_003,short
713,59,1.016023,0.448287,0.351973,0,63.516117,scenario_003,short
714,59,3.262369,0.063578,0.435186,0,71.344295,scenario_003,short
715,59,86.427491,0.818444,0.545137,1,300.756178,scenario_003,long
716,59,1.122904,0.154752,0.887629,0,63.882544,scenario_003,short
717,59,1.317184,0.065272,0.838091,1,62.016548,scenario_003,short
718,59,1.641034,0.640852,0.308176,0,66.884168,scenario_003,short
719,59,22.217254,0.687186,1.0,0,183.185583,scenario_003,medium
720,59,1.210308,0.307727,0.490681,1,61.160488,scenario_003,short
721,59,2.998327,0.441891,1.0,0,75.608094,scenario_003,short
722,59,0.936523,0.23774,0.206959,2,60.815617,scenario_003,short
723,59,16.651334,0.696811,0.917376,1,94.824692,scenario_003,medium
724,59,1.373653,0.474621,0.190861,0,65.224815,scenario_003,short
725,59,7.581338,0.667705,0.994291,1,80.171386,scenario_003,medium
726,59,12.689717,0.694683,0.651385,0,114.055343,scenario_003,medium
727,60,13.410866,0.878695,0.568963,1,95.958794,scenario_003,medium
728,60,1.036939,0.094189,1.0,1,61.983064,scenario_003,short
729,60,0.703372,0.381044,0.438617,0,62.34504,scenario_003,short
730,60,1.349465,0.160994,0.795519,0,66.440883,scenario_003,short
731,60,12.899064,1.0,0.486876,0,125.069636,scenario_003,medium
732,60,9.991557,0.703493,0.417371,2,71.237715,scenario_003,long
733,60,2.453236,0.278507,0.706482,0,69.92036,scenario_003,short
734,60,7.802681,0.592538,0.626049,1,81.83242,scenario_003,medium
735,60,62.362501,0.721751,0.883211,0,332.230377,scenario_003,long
736,60,1.682545,0.177771,0.281106,2,62.455693,scenario_003,short
737,60,0.819177,0.507563,0.549395,1,61.955999,scenario_003,short
738,60,2.101005,0.11111,0.09095,1,65.655688,scenario_003,short
739,60,7.28351,0.577958,0.828812,2,71.421705,scenario_003,medium
740,60,1.061457,0.322673,0.898385,1,63.113101,scenario_003,short
741,60,1.336196,0.294591,1.0,0,66.86338,scenario_003,short
742,60,1.789265,0.107437,0.340688,2,62.188905,scenario_003,short
743,60,2.500341,0.49267,0.61166,1,65.537713,scenario_003,short
744,60,0.91713,0.316702,0.356048,0,62.998278,scenario_003,short
745,60,2.526127,0.52611,0.548442,1,67.559416,scenario_003,short
746,60,1.152032,0.482192,0.176437,0,65.264161,scenario_003,short
747,60,2.391992,0.340606,0.629189,0,67.718805,scenario_003,short
748,60,1.617951,0.574006,0.625499,2,61.886824,scenario_003,short
749,60,9.13347,0.833369,0.193243,2,72.482804,scenario_003,medium
750,60,0.834369,0.083799,0.185493,1,62.270151,scenario_003,short
751,60,1.387169,0.085172,0.937264,0,67.768792,scenario_003,short
752,60,1.048277,0.265271,0.067508,0,64.456392,scenario_003,short
753,60,10.056303,0.358346,0.939847,0,111.734993,scenario_003,medium
754,60,16.57364,0.740087,0.633182,2,92.023039,scenario_003,medium
755,60,6.336952,0.600149,0.766908,1,70.891911,scenario_003,medium
756,60,1.647927,0.305469,0.851549,2,62.430717,scenario_003,short
757,60,1.95504,0.353842,0.834267,0,70.577348,scenario_003,short
758,60,10.062967,0.568884,0.128523,1,82.070732,scenario_003,medium
759,60,2.018803,0.297548,0.909588,1,64.841473,scenario_003,short
760,60,1.869591,0.142831,0.079588,1,64.090262,scenario_003,short
761,60,3.333288,0.306639,0.211428,1,66.67798,scenario_003,short
762,60,1.119889,0.211685,0.248449,0,65.219022,scenario_003,short
763,60,1.482063,0.39794,0.948154,2,62.525878,scenario_003,short
764,60,18.254121,0.628154,0.768423,1,97.199466,scenario_003,long
765,60,7.617107,0.970978,0.4092,1,76.593746,scenario_003,medium
766,60,1.264719,0.074101,0.53954,2,62.449114,scenario_003,short
767,60,8.457559,0.120946,0.700058,0,104.124299,scenario_003,medium
768,60,3.016132,0.426239,0.450056,0,74.72819,scenario_003,short
769,60,1.272737,0.338915,0.514007,2,61.607005,scenario_003,short
770,60,8.759548,0.469813,0.857227,1,75.218721,scenario_003,medium
771,60,1.668957,0.436546,0.659432,1,62.762739,scenario_003,short
772,60,1.307533,0.260633,0.242713,1,63.019303,scenario_003,short
773,61,1.131728,0.183024,0.256114,0,66.307434,scenario_003,short
774,61,1.930244,0.591333,0.482697,1,64.918963,scenario_003,short
775,61,1.540899,0.064183,0.441329,0,69.429589,scenario_003,short
776,61,0.970617,0.258511,0.293888,0,64.503591,scenario_003,short
777,61,2.616376,0.095815,0.550524,0,74.797747,scenario_003,short
778,61,1.113509,0.406307,0.829788,2,62.265861,scenario_003,short
779,61,1.417875,0.092782,0.443382,1,64.707796,scenario_003,short
780,61,16.178095,1.0,0.532405,1,90.510763,scenario_003,long
781,61,1.766331,0.156088,0.629584,2,64.542536,scenario_003,short
782,61,1.62539,0.157192,0.786365,1,65.768959,scenario_003,short
783,61,9.240839,0.155528,0.262429,1,84.410477,scenario_003,medium
784,61,8.194674,0.316612,0.169552,0,104.420365,scenario_003,medium
785,61,0.74558,0.0702,0.755641,2,62.0,scenario_003,short
786,61,2.207776,0.457518,0.306643,1,67.067769,scenario_003,short
787,61,1.173812,0.317227,0.456614,1,63.941712,scenario_003,short
788,61,1.425462,0.741802,0.215352,1,64.318948,scenario_003,short
789,61,22.074905,0.412518,0.683077,0,146.81902,scenario_003,medium
790,61,1.876314,0.360248,0.532008,0,69.800375,scenario_003,short
791,61,9.15258,0.23502,0.412215,1,84.587701,scenario_003,medium
792,61,1.141919,0.628811,0.965814,2,62.564939,scenario_003,short
793,61,0.981116,0.487968,0.42622,0,64.676081,scenario_003,short
794,61,0.870764,0.235976,0.255665,1,62.590997,scenario_003,short
795,61,1.129835,0.235055,0.287242,0,65.519931,scenario_003,short
796,62,23.730583,0.297043,0.669588,0,177.730464,scenario_003,medium
797,62,10.893486,0.551023,1.0,0,110.313706,scenario_003,medium
798,62,10.502841,0.581176,0.595947,0,112.977694,scenario_003,medium
799,62,1.285649,0.396132,0.784355,0,69.099552,scenario_003,short
800,62,1.89388,0.432184,0.557882,0,68.541394,scenario_003,short
801,62,1.133391,0.132043,0.760409,0,67.562068,scenario_003,short
802,62,1.351277,0.178794,0.8496,0,68.417021,scenario_003,short
803,62,1.049527,0.216932,0.538101,0,67.6125,scenario_003,short
804,62,3.417597,0.209272,0.391218,0,76.09361,scenario_003,medium
805,62,1.473071,0.311169,0.284702,0,67.463168,scenario_003,short
806,62,1.142437,0.205708,0.253115,1,64.193638,scenario_003,short
807,62,2.435214,0.128449,0.52799,0,74.610871,scenario_003,short
808,62,2.210058,0.400215,0.372391,1,66.996663,scenario_003,short
809,62,0.602157,0.320021,0.685663,0,64.245364,scenario_003,short
810,62,1.543553,0.690935,0.234761,1,65.028655,scenario_003,short
811,62,7.244482,0.583385,0.881201,1,78.684147,scenario_003,medium
812,62,1.44469,0.632168,0.135502,2,64.028453,scenario_003,short
813,63,8.073806,0.68271,0.474397,0,98.223894,scenario_003,medium
814,63,16.752408,0.822519,0.526052,0,121.432124,scenario_003,medium
815,63,7.264661,1.0,0.397806,1,77.51467,scenario_003,medium
816,63,8.701832,0.682421,0.548803,2,78.839175,scenario_003,medium
817,63,1.77585,0.317403,0.815556,0,68.823713,scenario_003,short
818,63,16.901734,0.408728,0.537811,0,126.283007,scenario_003,long
819,63,0.849561,0.683133,1.0,0,66.703424,scenario_003,short
820,63,1.877963,0.438853,0.665056,1,66.715797,scenario_003,short
821,63,24.030112,0.370893,0.918932,0,184.231203,scenario_003,long
822,63,1.780539,0.358691,0.238867,0,70.913901,scenario_003,short
823,63,2.080568,0.310691,0.869493,1,67.272945,scenario_003,short
824,63,7.004274,0.680795,0.711399,0,98.381275,scenario_003,medium
825,63,9.553296,0.288619,0.390545,1,82.100568,scenario_003,medium
826,63,1.214552,0.366424,1.0,0,66.929232,scenario_003,short
827,63,2.135873,0.185217,0.334486,1,68.614852,scenario_003,short
828,63,0.839243,0.306324,0.320257,1,65.157287,scenario_003,short
829,63,10.229956,1.0,0.723208,0,112.702826,scenario_003,medium
830,63,1.778905,0.477114,0.418783,0,71.1913,scenario_003,short
831,63,0.847101,0.328177,0.199473,1,64.963768,scenario_003,short
832,64,1.272167,0.082989,0.663058,0,70.302695,scenario_003,short
833,64,1.186312,0.07623,0.667827,0,68.288673,scenario_003,short
834,64,2.398528,0.692859,0.505918,0,76.977828,scenario_003,short
835,64,8.842726,0.629427,0.698953,0,94.04248,scenario_003,medium
836,64,1.027654,0.309151,1.0,0,67.62009,scenario_003,short
837,64,1.711226,0.418746,0.337748,0,70.153526,scenario_003,short
838,64,1.066037,0.411057,0.784406,1,66.510647,scenario_003,short
839,64,20.306981,0.133151,0.742777,0,175.473839,scenario_003,medium
840,64,2.702698,0.086736,0.879398,1,69.530977,scenario_003,short
841,64,1.17385,0.144632,0.700397,0,69.867494,scenario_003,short
842,64,11.671507,0.272252,0.793388,1,84.082288,scenario_003,medium
843,64,7.646538,0.334449,0.061937,0,105.622845,scenario_003,medium
844,65,1.221804,0.290568,0.789391,1,68.002997,scenario_003,short
845,65,1.880746,0.125827,0.765033,0,71.340883,scenario_003,short
846,65,1.094806,0.275129,0.15442,2,67.00372,scenario_003,short
847,65,13.000901,0.173745,0.721414,0,129.95845,scenario_003,medium
848,65,7.740641,0.264936,0.853715,0,91.070727,scenario_003,medium
849,65,5.554877,0.262163,0.180643,2,72.694826,scenario_003,medium
850,65,0.815153,0.139199,0.563223,0,68.451953,scenario_003,short
851,66,1.094897,0.174413,0.701948,1,68.489677,scenario_003,short
852,66,2.284669,0.334939,0.628654,1,71.726112,scenario_003,short
853,66,9.622566,0.644243,0.542738,2,76.536076,scenario_003,medium
854,66,8.693931,0.379746,0.078023,1,86.215835,scenario_003,medium
855,66,1.875331,0.248701,0.86649,1,70.295188,scenario_003,short
856,66,11.20227,0.99179,0.619639,0,108.207118,scenario_003,long
857,66,2.323296,0.071499,0.545337,0,74.01892,scenario_003,short
858,66,1.805162,0.282305,0.403178,0,73.180282,scenario_003,short
859,66,7.060914,0.264187,0.225828,0,98.370093,scenario_003,medium
860,66,7.544196,0.672382,0.290455,0,104.580941,scenario_003,medium
861,66,11.553058,0.611719,0.430912,0,116.743585,scenario_003,medium
862,66,2.081726,0.650173,0.799124,1,71.530059,scenario_003,short
863,66,10.143466,0.384175,0.592332,0,111.643677,scenario_003,long
864,66,14.556471,0.142404,0.28759,2,94.875393,scenario_003,medium
865,66,25.343772,0.477774,0.306063,0,205.567501,scenario_003,long
866,66,0.848573,0.343243,0.556747,2,67.132879,scenario_003,short
867,67,1.000213,0.561367,0.35567,2,68.804388,scenario_003,short
868,67,3.100855,0.206472,0.638884,0,79.912516,scenario_003,short
869,67,16.683797,0.485892,0.1996,1,115.791006,scenario_003,medium
870,67,1.144564,0.355654,0.527026,1,69.432006,scenario_003,short
871,67,14.96781,0.641212,0.645688,1,111.168149,scenario_003,medium
872,67,1.254356,0.138166,0.807611,1,69.89521,scenario_003,short
873,67,1.049828,0.447477,0.891474,1,70.053943,scenario_003,short
874,67,1.324463,0.16887,0.493957,1,69.504649,scenario_003,short
875,67,1.73093,0.638441,0.88865,1,70.939095,scenario_003,short
876,67,2.226418,0.420074,0.670636,0,77.573996,scenario_003,short
877,67,1.335332,0.121656,0.590088,1,70.187595,scenario_003,short
878,67,8.876992,0.424298,0.265077,0,105.01348,scenario_003,medium
879,67,4.205872,0.153191,0.899523,0,83.001676,scenario_003,medium
880,67,28.000876,0.332141,0.616053,1,133.570423,scenario_003,medium
881,68,1.990295,0.364297,0.638286,2,71.866523,scenario_003,short
882,68,17.772973,0.238445,0.381897,0,156.190202,scenario_003,medium
883,68,6.576107,0.712563,0.875341,2,78.520583,scenario_003,medium
884,68,10.692704,0.31492,0.625074,0,125.907149,scenario_003,medium
885,68,1.72389,0.25271,0.779337,2,70.220263,scenario_003,short
886,68,1.056599,0.2703,0.512006,0,71.938848,scenario_003,short
887,68,9.377109,0.209537,0.669675,0,109.807888,scenario_003,medium
888,68,17.98279,0.297112,0.174659,0,151.534707,scenario_003,medium
889,68,1.163024,0.245179,0.136781,1,70.185274,scenario_003,short
890,68,12.693501,0.50481,0.666656,0,115.386662,scenario_003,medium
891,68,3.409066,0.20005,0.80513,1,75.34272,scenario_003,short
892,68,2.195232,0.126711,0.502311,0,79.609403,scenario_003,short
893,68,1.05524,0.264686,0.389816,0,71.322255,scenario_003,short
894,69,2.392464,0.436247,0.087268,1,75.859063,scenario_003,short
895,69,11.59269,0.460336,0.104021,1,97.804859,scenario_003,medium
896,69,17.065768,0.664794,1.0,1,113.461748,scenario_003,long
897,69,6.364166,0.663322,0.660407,0,93.700303,scenario_003,medium
898,69,1.194617,0.410117,0.793368,2,71.210116,scenario_003,short
899,69,1.069209,0.540821,0.287966,1,70.915527,scenario_003,short
900,69,1.257107,0.752368,0.771535,1,72.184318,scenario_003,short
901,69,8.777858,0.452875,0.850825,0,101.266347,scenario_003,medium
902,69,1.371348,0.155322,0.093066,0,73.49341,scenario_003,short
903,69,21.140609,0.264529,0.822097,2,96.869197,scenario_003,medium
904,69,1.118504,0.801662,0.216784,0,72.913957,scenario_003,short
905,69,1.828398,0.101627,0.548856,0,76.485559,scenario_003,short
906,69,1.321795,0.313496,0.215632,2,70.982527,scenario_003,short
907,69,1.258759,0.287689,0.554764,0,74.298451,scenario_003,short
908,69,1.617824,0.429189,0.303297,0,75.099803,scenario_003,short
909,70,1.054644,0.515003,0.323729,0,75.497629,scenario_003,short
910,70,7.041596,0.674983,0.573108,1,82.472884,scenario_003,medium
911,70,1.002494,0.098045,0.130487,1,72.389647,scenario_003,short
912,70,1.641373,0.11096,1.0,0,78.404764,scenario_003,short
913,70,7.064115,0.572587,0.428068,0,105.257222,scenario_003,medium
914,70,1.321027,0.310669,1.0,1,72.743176,scenario_003,short
915,70,14.846597,0.505602,0.399275,0,126.855482,scenario_003,medium
916,70,10.461392,0.763554,1.0,0,106.440689,scenario_003,medium
917,70,2.027614,0.410061,0.549189,1,75.453435,scenario_003,short
918,70,1.350018,0.145624,0.868854,2,72.122632,scenario_003,short
919,70,15.109003,0.934679,0.970638,0,138.60364,scenario_003,medium
920,70,38.307463,0.465658,0.506158,1,147.65461,scenario_003,medium
921,70,3.175034,0.147433,1.0,0,82.327275,scenario_003,short
922,70,11.438061,0.595502,0.63016,0,113.915753,scenario_003,medium
923,70,1.795745,0.357761,0.3328,0,78.012345,scenario_003,short
924,70,2.516409,0.64367,1.0,1,74.538728,scenario_003,short
925,70,12.68194,0.822572,0.908039,0,136.453589,scenario_003,medium
926,70,1.536555,0.421241,0.881533,1,73.10587,scenario_003,short
927,70,1.40357,0.181928,0.687237,0,76.804021,scenario_003,short
928,70,1.389171,0.363542,0.455552,0,76.9367,scenario_003,short
929,70,0.819009,0.389322,0.863018,0,73.582436,scenario_003,short
930,70,1.386036,0.076364,0.444982,0,77.658106,scenario_003,short
931,70,4.120298,0.587397,0.632178,0,89.069277,scenario_003,short
932,70,1.710738,0.349581,0.868944,1,74.756522,scenario_003,short
933,70,25.456259,0.513219,0.74044,1,144.45907,scenario_003,long
934,70,1.723044,0.354089,0.883495,2,73.322947,scenario_003,short
935,70,1.529427,0.126695,0.789163,0,78.50652,scenario_003,short
936,70,11.332077,0.573398,0.180553,0,125.161497,scenario_003,medium
937,70,7.392647,0.234733,0.642238,0,104.213429,scenario_003,medium
938,70,9.617037,0.346679,0.83344,1,88.316923,scenario_003,medium
939,70,1.43287,0.41466,0.778429,2,72.833966,scenario_003,short
940,70,22.353268,0.541174,0.888709,0,161.875011,scenario_003,medium
941,70,1.054761,0.064877,0.569583,1,72.526942,scenario_003,short
942,70,14.815139,0.182506,0.505706,1,101.440419,scenario_003,medium
943,70,1.155308,0.727716,0.883235,1,72.349183,scenario_003,short
944,70,0.819352,0.322814,1.0,0,73.888462,scenario_003,short
945,70,13.59257,0.123961,0.083396,0,124.304004,scenario_003,medium
946,70,6.453852,0.498906,0.589288,2,81.609762,scenario_003,medium
947,70,6.735513,0.811778,0.34031,2,80.416373,scenario_003,medium
948,70,1.573028,0.503298,0.336252,2,72.575485,scenario_003,short
949,70,8.894284,0.413744,0.247237,0,114.139962,scenario_003,medium
950,70,10.89383,0.474478,0.437161,0,123.254342,scenario_003,medium
951,70,17.60312,0.537273,0.560225,0,132.088803,scenario_003,medium
952,71,19.529182,0.413012,0.893671,2,101.949385,scenario_003,medium
953,71,1.873379,0.507132,0.957821,0,78.540993,scenario_003,short
954,71,1.672768,0.098483,0.707788,2,74.172667,scenario_003,short
955,71,1.216853,0.177473,0.819918,0,76.744214,scenario_003,short
956,71,1.786046,0.344253,0.427977,1,74.069435,scenario_003,short
957,71,11.646346,0.224174,0.194899,1,96.246833,scenario_003,medium
958,71,11.951263,0.805319,0.820469,2,86.385564,scenario_003,long
959,71,14.412357,0.501571,0.975208,0,149.707373,scenario_003,medium
960,71,7.436821,0.932645,1.0,0,104.258606,scenario_003,medium
961,71,1.738793,0.131692,0.69671,1,75.900814,scenario_003,short
962,71,15.55132,0.606256,0.811836,0,138.314067,scenario_003,medium
963,71,1.270776,0.403274,0.339788,0,75.223413,scenario_003,short
964,71,20.253737,0.79693,0.601515,0,136.049722,scenario_003,medium
965,71,33.417584,1.0,0.313367,2,130.686251,scenario_003,long
966,71,21.675706,0.282543,0.623508,1,117.468444,scenario_003,long
967,71,1.615229,0.270226,0.48465,0,78.793835,scenario_003,short
968,71,0.843254,0.076206,0.361214,0,74.004902,scenario_003,short
969,71,1.09344,0.416782,0.575733,1,74.290653,scenario_003,short
970,71,2.139084,0.412181,0.554564,1,76.446433,scenario_003,short
971,71,12.088511,0.695724,0.683253,0,121.500289,scenario_003,medium
972,71,15.784849,0.305716,0.590259,0,141.720514,scenario_003,long
973,71,1.425108,0.35811,0.835791,0,75.462177,scenario_003,short
974,71,1.900681,0.130347,0.30691,2,73.182943,scenario_003,short
975,71,35.151936,0.760594,0.404603,0,182.54516,scenario_003,long
976,71,3.695051,0.420878,0.561604,0,89.999583,scenario_003,short
977,71,1.484952,0.224471,1.0,0,77.398793,scenario_003,short
978,71,1.152674,0.093585,0.235369,1,73.611054,scenario_003,short
979,71,6.52761,0.725254,0.407644,1,87.778562,scenario_003,medium
980,71,1.430881,0.428291,0.776844,0,78.257903,scenario_003,short
981,71,1.08025,0.410219,0.219179,0,76.166632,scenario_003,short
982,71,1.345128,0.128371,0.647435,0,76.398712,scenario_003,short
983,71,1.096778,0.320051,0.29249,1,73.359279,scenario_003,short
984,71,1.13947,0.096722,0.268032,0,76.466081,scenario_003,short
985,71,2.265385,0.15931,0.213874,1,76.279537,scenario_003,short
986,71,0.878331,0.102091,0.387816,1,72.834524,scenario_003,short
987,71,0.757607,0.723071,1.0,0,74.173328,scenario_003,short
988,71,1.73772,0.091376,1.0,1,74.365609,scenario_003,short
989,71,1.096056,0.13133,0.621337,1,73.001315,scenario_003,short
990,71,1.239094,0.304646,0.707156,0,76.188954,scenario_003,short
991,71,2.073142,0.382344,0.357297,2,74.670937,scenario_003,short
992,71,1.92102,0.139296,0.513455,0,80.318548,scenario_003,short
993,71,2.780978,0.627973,0.733964,2,76.066095,scenario_003,short
994,71,10.239763,0.479952,0.249425,0,116.28458,scenario_003,medium
995,71,1.726226,0.371847,1.0,0,80.163345,scenario_003,short
996,71,0.934562,0.241345,0.514344,0,74.942025,scenario_003,short
997,72,1.368762,0.263995,0.637089,1,74.67599,scenario_003,short
998,72,1.305359,0.090228,0.673189,2,74.394318,scenario_003,short
999,72,2.093301,0.29027,0.811079,1,77.214435,scenario_003,short
1000,72,1.779791,0.423509,0.475595,0,77.75648,scenario_003,short
1001,72,1.074911,0.075788,0.976765,0,77.381554,scenario_003,short
1002,72,1.3338,0.068505,0.389894,0,76.260118,scenario_003,short
1003,72,2.806607,0.367219,0.594841,1,78.175748,scenario_003,short
1004,72,1.2385,0.584498,1.0,1,74.75052,scenario_003,short
1005,72,16.159303,0.216933,0.45346,1,118.192628,scenario_003,medium
1006,72,2.343524,0.108164,0.257268,0,79.728223,scenario_003,short
1007,72,13.778935,0.560644,1.0,2,91.166239,scenario_003,medium
1008,72,8.228691,0.528532,0.463207,0,99.152534,scenario_003,medium
1009,72,1.572973,0.321334,0.364842,1,74.662088,scenario_003,short
1010,72,1.34294,0.109593,0.308019,0,78.678255,scenario_003,short
1011,72,1.346269,0.341332,0.620704,0,76.350451,scenario_003,short
1012,72,1.507436,0.33999,0.197841,1,74.751287,scenario_003,short
1013,72,9.721715,0.700513,1.0,2,85.942894,scenario_003,medium
1014,72,0.87128,0.21145,0.690297,0,76.934182,scenario_003,short
1015,72,3.413858,0.271366,0.933681,1,80.008229,scenario_003,short
1016,72,45.465506,0.875065,0.387549,0,313.213932,scenario_003,long
1017,72,6.36326,0.275904,0.416849,0,97.155625,scenario_003,medium
1018,72,2.414502,0.357291,0.60791,0,79.587267,scenario_003,short
1019,72,5.689791,0.210819,0.253073,0,94.507913,scenario_003,medium
1020,72,1.04244,0.574195,0.818598,0,76.83521,scenario_003,short
1021,72,1.290394,0.142811,0.820901,0,77.188169,scenario_003,short
1022,72,1.612542,0.108415,0.237268,0,79.20274,scenario_003,short
1023,72,1.163402,0.727501,0.575657,0,77.634547,scenario_003,short
1024,72,3.489813,0.296957,0.585751,1,79.352793,scenario_003,short
1025,72,1.649079,0.272899,0.385858,0,80.84944,scenario_003,short
1026,72,2.070871,0.198033,0.894258,1,76.759619,scenario_003,short
1027,72,7.212702,0.479342,0.88628,0,98.290796,scenario_003,medium
1028,72,1.618563,0.06448,0.823489,1,74.787893,scenario_003,short
1029,72,10.165377,0.621444,0.493156,0,117.356486,scenario_003,medium
1030,72,1.547083,0.628754,0.83924,0,79.681518,scenario_003,short
1031,72,1.067361,0.307306,0.336452,1,74.020832,scenario_003,short
1032,72,16.437856,0.638882,0.117739,0,135.229762,scenario_003,medium
1033,72,1.273142,0.568367,1.0,0,77.716529,scenario_003,short
1034,72,1.350415,0.358195,0.743792,1,75.795413,scenario_003,short
1035,72,1.282238,0.613036,0.907458,0,78.728913,scenario_003,short
1036,72,2.094677,0.590758,0.195408,1,75.501392,scenario_003,short
1037,72,1.886059,0.442338,0.4422,2,74.274228,scenario_003,short
1038,72,21.89858,0.955937,0.73683,1,134.242682,scenario_003,long
1039,72,1.417548,0.779101,0.833428,2,74.417085,scenario_003,short
1040,72,12.802316,0.216733,0.496421,0,128.405328,scenario_003,medium
1041,72,0.908394,0.34865,0.517496,0,74.909857,scenario_003,short
1042,72,6.851378,0.268863,0.446813,2,81.431867,scenario_003,medium
1043,72,1.325612,0.406595,0.872922,0,77.347463,scenario_003,short
1044,72,23.706728,0.925339,0.859179,1,111.897584,scenario_003,medium
1045,72,1.107724,0.301939,0.770047,0,78.216197,scenario_003,short
1046,73,1.737657,0.206439,0.237012,0,80.591624,scenario_003,short
1047,73,0.871298,0.332423,0.58101,0,77.486677,scenario_003,short
1048,73,7.020902,0.303532,0.518278,0,109.287207,scenario_003,medium
1049,73,1.778191,0.266673,0.168617,1,76.479001,scenario_003,short
1050,73,2.850228,0.352284,0.393539,0,88.507543,scenario_003,short
1051,73,8.231361,0.628123,0.37193,1,91.022533,scenario_003,medium
1052,73,0.759666,0.38746,0.128195,1,75.064914,scenario_003,short
1053,73,25.668083,0.479407,0.7541,0,191.004343,scenario_003,medium
1054,73,17.652083,0.731737,0.341239,2,103.461441,scenario_003,long
1055,73,2.42368,0.376632,0.299727,0,82.837184,scenario_003,short
1056,73,1.035288,0.811456,0.696111,0,78.510317,scenario_003,short
1057,73,2.011124,0.378769,0.519264,2,76.86538,scenario_003,short
1058,73,9.138585,0.624604,0.353914,0,113.267855,scenario_003,medium
1059,73,1.291302,0.339993,0.537697,0,77.964072,scenario_003,short
1060,73,1.09073,0.624607,0.756693,1,75.251875,scenario_003,short
1061,73,1.320989,0.337283,0.754067,1,75.545974,scenario_003,short
1062,73,1.538108,0.078598,0.90742,1,76.248909,scenario_003,short
1063,73,1.236791,0.798502,0.482362,2,74.456037,scenario_003,short
1064,73,9.119127,0.630486,0.482943,2,88.096779,scenario_003,medium
1065,73,1.836111,0.639614,0.835517,1,77.831417,scenario_003,short
1066,73,0.726148,0.506058,0.258039,1,74.227932,scenario_003,short
1067,73,12.624972,0.668029,0.724192,0,133.248375,scenario_003,medium
1068,73,0.59975,0.590952,0.620929,1,74.11932,scenario_003,short
1069,73,9.612626,0.351757,0.409138,0,121.260504,scenario_003,medium
1070,73,8.036957,0.163728,0.428325,1,97.034431,scenario_003,medium
1071,73,3.067862,0.138874,0.954906,1,78.55669,scenario_003,short
1072,73,8.887762,0.765568,1.0,0,104.126505,scenario_003,medium
1073,73,2.206618,0.166895,0.557089,0,84.091654,scenario_003,short
1074,73,8.407726,0.70298,0.868023,1,88.471813,scenario_003,medium
1075,73,0.7089,0.627374,0.311937,0,76.83597,scenario_003,short
1076,73,14.923281,0.858902,0.504756,0,147.120801,scenario_003,medium
1077,73,2.387576,0.488989,0.765599,0,82.333776,scenario_003,short
1078,73,12.793677,0.691793,0.425888,0,137.35776,scenario_003,medium
1079,73,1.099444,0.300585,0.086894,0,77.594733,scenario_003,short
1080,73,17.138697,0.735355,0.522488,0,142.64479,scenario_003,medium
1081,73,1.658874,0.540793,0.801627,0,79.083275,scenario_003,short
1082,73,10.542328,0.793064,0.418197,1,97.433175,scenario_003,medium
1083,74,0.88171,0.267216,0.558159,0,78.127879,scenario_003,short
1084,74,1.052177,0.07631,0.265716,0,77.28336,scenario_003,short
1085,74,0.798514,0.107125,0.230282,0,77.067274,scenario_003,short
1086,74,1.813666,0.661576,0.43366,0,82.880476,scenario_003,short
1087,74,2.178051,0.393807,0.742646,0,83.661729,scenario_003,short
1088,74,1.330261,0.359108,0.434952,0,81.404761,scenario_003,short
1089,74,1.217282,0.078952,1.0,1,76.216494,scenario_003,short
1090,74,1.770488,0.521206,1.0,0,82.107242,scenario_003,short
1091,74,9.273761,1.0,0.272237,2,89.359262,scenario_003,medium
1092,74,7.952982,0.24407,0.898927,1,90.760537,scenario_003,medium
1093,74,0.655529,0.24249,0.651352,0,76.042646,scenario_003,short
1094,74,11.897896,0.314767,0.486327,1,106.726839,scenario_003,medium
1095,74,1.255265,0.246049,0.557363,0,78.257758,scenario_003,short
1096,74,1.308192,0.097647,0.482283,1,77.014748,scenario_003,short
1097,74,9.419003,0.240565,0.829859,2,88.878362,scenario_003,medium
1098,74,13.923396,0.540141,0.809331,0,125.962557,scenario_003,medium
1099,74,1.350682,0.130588,0.215037,1,76.618227,scenario_003,short
1100,74,1.136475,0.281822,0.522589,1,77.135519,scenario_003,short
1101,74,1.117734,0.424211,1.0,2,75.636414,scenario_003,short
1102,74,10.285293,0.87812,0.325411,0,126.983443,scenario_003,long
1103,74,39.002879,0.554846,1.0,1,156.218442,scenario_003,long
1104,74,1.114002,0.086009,0.184725,2,76.170142,scenario_003,short
1105,74,8.55299,0.716262,0.43427,1,97.561546,scenario_003,medium
1106,74,1.574128,0.373219,0.420244,0,82.350834,scenario_003,short
1107,74,1.448072,0.324055,0.658205,1,78.050888,scenario_003,short
1108,74,2.436315,0.342036,0.272996,0,86.161548,scenario_003,short
1109,74,16.282479,0.69985,0.672592,0,128.049785,scenario_003,medium
1110,74,1.110407,0.429047,0.12911,1,76.146643,scenario_003,short
1111,74,15.670369,0.421061,0.287835,1,116.451932,scenario_003,medium
1112,74,11.163531,0.89888,0.823561,0,114.676379,scenario_003,medium
1113,74,1.354641,0.422591,0.812068,0,80.899821,scenario_003,short
1114,74,16.426773,0.477688,0.268131,0,134.115024,scenario_003,long
1115,74,1.196665,0.289143,0.63192,1,76.070823,scenario_003,short
1116,74,3.316123,0.115273,0.216245,0,84.734497,scenario_003,short
1117,74,0.631311,0.683131,0.696506,0,76.921557,scenario_003,short
1118,74,1.674735,0.089151,0.869413,1,78.984044,scenario_003,short
1119,74,12.585625,0.998542,0.798552,1,111.443797,scenario_003,medium
1120,74,11.233186,0.318773,0.715356,0,118.03863,scenario_003,medium
1121,74,2.455569,0.234777,0.364081,1,79.848995,scenario_003,short
1122,74,5.686576,0.663951,0.721211,0,103.026412,scenario_003,medium
1123,74,1.121905,0.208314,0.742186,0,79.149909,scenario_003,short
1124,74,0.907332,0.401676,1.0,0,78.116854,scenario_003,short
1125,74,11.468192,0.832547,1.0,1,102.985171,scenario_003,medium
1126,74,1.012091,0.2524,0.257246,0,79.358315,scenario_003,short
1127,74,2.554506,0.730043,0.286059,0,85.845977,scenario_003,short
1128,74,12.601066,0.979399,0.333602,0,126.419797,scenario_003,long
1129,74,0.808808,0.161411,0.127066,2,75.02775,scenario_003,short
1130,74,2.686051,0.375041,0.422083,0,84.493771,scenario_003,short
1131,74,17.818241,0.176164,0.573755,0,133.922625,scenario_003,medium
1132,74,9.426192,0.645212,0.592064,1,101.317386,scenario_003,medium
1133,74,2.230029,0.356623,1.0,1,77.777745,scenario_003,short
1134,74,0.91951,0.331775,0.788255,0,78.984002,scenario_003,short
1135,74,4.970145,0.263747,0.605119,1,85.422787,scenario_003,medium
1136,74,11.648911,0.23317,0.761998,0,114.893803,scenario_003,medium
1137,74,43.707723,0.709047,0.906964,0,255.517924,scenario_003,long
1138,74,0.835621,0.551197,0.683405,1,75.574336,scenario_003,short
1139,75,2.249397,0.428026,0.838486,2,78.426292,scenario_003,short
1140,75,9.814244,0.645445,0.475575,0,122.674477,scenario_003,medium
1141,75,46.16855,0.795041,0.93139,0,252.744485,scenario_003,long
1142,75,10.303228,0.12754,0.984018,2,93.361769,scenario_003,medium
1143,75,18.221843,0.746679,0.827168,1,110.053817,scenario_003,medium
1144,75,11.323542,0.639416,0.869658,1,98.476453,scenario_003,long
1145,75,2.09274,0.196453,0.83524,1,79.514814,scenario_003,short
1146,75,1.541668,0.216535,0.1066,0,79.803328,scenario_003,short
1147,75,1.827502,0.659557,0.326352,0,84.264311,scenario_003,short
1148,75,1.147116,0.395548,0.711852,0,78.671332,scenario_003,short
1149,75,15.962853,0.457169,0.839718,0,152.489416,scenario_003,medium
1150,75,11.826186,0.672164,0.653822,0,135.671633,scenario_003,medium
1151,75,1.86883,0.440127,0.142877,0,84.619727,scenario_003,short
1152,75,17.253478,0.705209,0.71427,0,139.152246,scenario_003,long
1153,75,15.858166,0.358911,0.412623,0,124.801183,scenario_003,medium
1154,75,5.297127,0.483019,0.227186,0,100.715108,scenario_003,medium
1155,75,1.423293,0.226809,0.578863,0,80.516711,scenario_003,short
1156,75,4.354861,0.413445,0.394291,0,94.954368,scenario_003,medium
1157,75,1.602535,0.354087,0.819312,2,78.194874,scenario_003,short
1158,75,11.733083,0.699233,0.779669,2,91.90722,scenario_003,medium
1159,75,10.300598,0.551317,0.746814,0,126.023991,scenario_003,medium
1160,75,1.304556,0.438671,0.689476,0,80.226611,scenario_003,short
1161,75,15.946996,0.628542,0.470518,0,158.846642,scenario_003,medium
1162,75,2.992425,0.055275,0.565103,0,87.075704,scenario_003,short
1163,75,11.269045,0.476109,0.814121,0,117.273124,scenario_003,medium
1164,75,8.83961,0.641874,0.758467,2,84.978742,scenario_003,medium
1165,75,6.281889,0.497368,0.338347,0,105.540382,scenario_003,medium
1166,75,18.591006,0.164811,0.436469,0,156.470014,scenario_003,medium
1167,75,1.077395,0.583668,0.365069,1,78.017863,scenario_003,short
1168,75,10.181066,0.649332,0.542466,0,125.894337,scenario_003,medium
1169,75,8.678782,0.127896,0.40554,1,99.13716,scenario_003,medium
1170,75,17.677137,0.763202,0.436379,0,154.730809,scenario_003,medium
1171,75,13.360881,0.549563,0.446913,2,90.575904,scenario_003,medium
1172,75,1.235297,0.328143,0.322784,2,76.902408,scenario_003,short
1173,75,1.252638,0.081908,0.477308,1,78.006283,scenario_003,short
1174,75,24.439769,0.340261,0.323527,0,202.264043,scenario_003,long
1175,75,5.927257,1.0,0.871153,0,103.37825,scenario_003,medium
1176,75,1.160057,0.291284,0.746154,0,80.927614,scenario_003,short
1177,75,1.324375,0.262172,0.181615,1,78.159277,scenario_003,short
1178,75,14.255943,0.24864,0.522359,2,102.918924,scenario_003,medium
1179,75,16.037817,0.406897,0.560379,0,160.350664,scenario_003,medium
1180,75,0.575774,0.376833,0.229481,1,76.217307,scenario_003,short
1181,75,2.100458,0.05158,0.119263,0,81.516358,scenario_003,short
1182,75,1.301504,0.161217,0.749333,0,79.207939,scenario_003,short
1183,75,1.001916,0.822993,0.538088,1,77.086888,scenario_003,short
1184,75,1.278062,0.447269,0.264234,2,76.685435,scenario_003,short
1185,75,1.514083,0.451644,0.233743,1,79.539385,scenario_003,short
1186,75,1.785688,0.424446,0.961775,0,85.073281,scenario_003,short
1187,75,3.128979,0.409564,0.422273,1,80.501238,scenario_003,short
1188,75,24.365235,0.371394,0.425572,1,142.4935,scenario_003,long
1189,75,2.383878,0.367123,0.219414,1,79.666302,scenario_003,short
1190,75,1.709929,0.635573,0.324562,1,79.139178,scenario_003,short
1191,75,10.325324,0.923916,0.30626,2,87.269704,scenario_003,medium
1192,75,1.156527,0.230056,1.0,2,76.881295,scenario_003,short
1193,75,14.887489,0.440846,0.589379,1,103.344532,scenario_003,medium
1194,75,18.073231,0.483691,0.878211,1,113.74884,scenario_003,medium
1195,75,0.872491,0.352056,0.423668,0,78.561197,scenario_003,short
1196,75,1.385807,0.350036,0.200676,0,79.540097,scenario_003,short
1197,76,6.295479,0.619071,0.829766,2,83.988286,scenario_003,medium
1198,76,0.958148,0.435104,0.375046,0,81.413619,scenario_003,short
1199,76,1.674498,0.441275,0.716878,0,81.651346,scenario_003,short
1200,76,10.552776,0.250756,0.144778,1,100.187451,scenario_003,medium
1201,76,1.470577,0.314329,0.86038,0,83.979695,scenario_003,short
1202,76,1.434785,0.136753,0.181717,1,79.380162,scenario_003,short
1203,76,1.338356,0.314911,0.879302,1,79.862793,scenario_003,short
1204,76,1.715447,0.278054,0.339486,2,78.206167,scenario_003,short
1205,76,1.68838,0.420087,0.801132,1,80.253852,scenario_003,short
1206,76,20.95382,0.193967,0.290467,2,112.830024,scenario_003,medium
1207,76,1.111784,0.543508,0.683132,0,80.200347,scenario_003,short
1208,76,1.569262,0.369593,0.483545,0,81.442894,scenario_003,short
1209,76,7.755835,0.145216,0.512934,1,94.934839,scenario_003,medium
1210,76,2.453236,0.325458,0.229965,0,86.394639,scenario_003,short
1211,76,1.099171,0.198512,0.752414,1,78.853413,scenario_003,short
1212,76,0.9621,0.378741,0.432694,1,78.551482,scenario_003,short
1213,76,3.479366,0.251938,0.485624,0,89.008516,scenario_003,short
1214,76,1.524725,0.471461,0.754531,1,79.280289,scenario_003,short
1215,76,0.764297,0.63389,0.364558,0,79.44419,scenario_003,short
1216,76,0.836176,0.708263,1.0,0,79.421104,scenario_003,short
1217,76,1.184091,0.446982,0.516221,1,77.973467,scenario_003,short
1218,76,1.702596,0.522949,1.0,0,82.394504,scenario_003,short
1219,76,1.00462,0.570043,0.336651,0,79.496446,scenario_003,short
1220,76,0.888679,0.152181,0.661615,1,77.716511,scenario_003,short
1221,76,1.001912,0.675156,0.968662,2,77.838271,scenario_003,short
1222,76,11.482194,0.655474,0.248817,1,110.311038,scenario_003,medium
1223,76,1.460979,0.712082,0.563929,1,78.649644,scenario_003,short
1224,76,1.776377,0.621952,0.483228,1,79.955171,scenario_003,short
1225,76,1.349384,0.437163,0.748018,0,81.388054,scenario_003,short
1226,76,10.926854,0.29186,0.971129,1,96.030652,scenario_003,medium
1227,76,2.352711,0.68089,0.424527,0,88.813598,scenario_003,short
1228,76,11.021054,0.900822,0.561494,2,94.789164,scenario_003,medium
1229,76,1.202942,0.174454,0.49028,0,81.172929,scenario_003,short
1230,76,0.815412,0.7909,0.838786,1,78.441792,scenario_003,short
1231,76,1.656298,0.331273,0.44297,2,78.324397,scenario_003,short
1232,76,1.41952,0.578345,0.371806,0,83.510997,scenario_003,short
1233,76,1.812342,0.17559,0.408927,2,78.707643,scenario_003,short
1234,76,1.313326,0.371782,0.633067,1,78.899869,scenario_003,short
1235,76,1.518096,0.271169,0.27963,0,83.614168,scenario_003,short
1236,76,1.072388,0.087359,0.852221,0,81.18288,scenario_003,short
1237,76,1.308552,0.418259,1.0,2,77.666173,scenario_003,short
1238,76,0.778332,0.075009,0.635966,2,77.507909,scenario_003,short
1239,76,1.330375,0.627546,0.898599,0,80.722719,scenario_003,short
1240,76,5.646537,0.704566,0.735519,2,82.218388,scenario_003,medium
1241,76,8.596568,0.284563,0.962445,1,93.203489,scenario_003,medium
1242,76,1.380298,0.553696,0.060107,1,78.293742,scenario_003,short
1243,76,1.505664,0.218758,0.599297,0,80.654285,scenario_003,short
1244,76,1.859711,0.143029,0.93026,0,85.081927,scenario_003,short
1245,76,1.882675,0.634813,0.56945,1,79.548316,scenario_003,short
1246,76,10.502183,0.593806,0.402679,2,91.840793,scenario_003,medium
1247,76,23.427558,0.662693,0.348318,0,195.123949,scenario_003,medium
1248,76,0.862456,0.433297,0.165943,1,78.154526,scenario_003,short
1249,77,11.398698,0.27262,0.851986,0,126.848434,scenario_003,medium
1250,77,0.75328,0.339284,0.982042,1,78.564368,scenario_003,short
1251,77,1.879611,0.094165,0.847974,1,80.870318,scenario_003,short
1252,77,1.381483,0.193398,0.258066,1,80.022937,scenario_003,short
1253,77,1.496259,0.251624,0.639699,2,79.304076,scenario_003,short
1254,77,11.319512,0.592273,0.563733,1,98.456491,scenario_003,medium
1255,77,14.181698,0.731085,0.64626,1,113.122996,scenario_003,medium
1256,77,1.603095,0.206238,0.399036,1,80.413563,scenario_003,short
1257,77,1.271932,0.424845,0.288603,1,80.391663,scenario_003,short
1258,77,33.976246,0.554803,0.396473,0,264.606296,scenario_003,long
1259,77,15.700704,0.351939,0.592466,1,107.435897,scenario_003,medium
1260,77,14.528603,0.454293,0.431606,0,124.600883,scenario_003,medium
1261,77,1.887821,0.632797,0.806194,0,86.175012,scenario_003,short
1262,77,11.342482,0.67464,0.745395,0,124.6799,scenario_003,medium
1263,77,11.982835,0.465372,0.431729,2,92.339792,scenario_003,medium
1264,77,1.192188,0.251345,0.784892,0,81.172664,scenario_003,short
1265,77,38.042867,0.381674,0.916275,1,167.148633,scenario_003,long
1266,77,1.036804,0.577266,0.599977,1,79.35626,scenario_003,short
1267,77,1.439455,0.243194,1.0,1,79.68404,scenario_003,short
1268,77,24.93774,0.840799,0.615268,0,179.383631,scenario_003,long
1269,77,14.581923,0.443879,0.72381,0,156.611375,scenario_003,long
1270,77,2.6329,0.267966,0.521413,0,90.618182,scenario_003,short
1271,77,1.009743,0.413668,0.477236,0,82.671209,scenario_003,short
1272,77,1.849226,0.120157,0.601931,2,79.770441,scenario_003,short
1273,77,8.810335,0.201873,0.459095,1,98.936144,scenario_003,medium
1274,77,14.910104,0.54724,1.0,1,118.538993,scenario_003,medium
1275,77,0.962219,0.175481,0.516589,2,78.063844,scenario_003,short
1276,77,18.475997,0.839029,0.612305,1,116.55834,scenario_003,long
1277,77,20.09933,0.427004,0.257005,1,116.754828,scenario_003,medium
1278,77,8.535216,0.39003,0.445123,1,101.877152,scenario_003,medium
1279,77,10.45322,0.541211,0.411478,0,121.045199,scenario_003,long
1280,77,1.443113,0.122809,0.284972,0,82.328255,scenario_003,short
1281,77,0.521168,0.280414,0.426791,1,78.0,scenario_003,short
1282,77,0.990083,0.080469,0.926741,1,79.652448,scenario_003,short
1283,77,1.733125,0.107382,0.555236,2,80.263275,scenario_003,short
1284,77,1.691213,0.151881,0.465873,0,82.269624,scenario_003,short
1285,77,1.863021,0.666128,0.356131,1,80.597694,scenario_003,short
1286,77,8.946511,0.515364,0.3247,0,105.223109,scenario_003,medium
1287,77,1.729824,0.154491,0.593622,0,85.041762,scenario_003,short
1288,77,2.118111,0.462244,0.723938,1,80.796571,scenario_003,short
1289,77,0.752616,0.185378,0.790614,0,79.954562,scenario_003,short
1290,77,1.577124,0.283733,0.624918,1,80.079849,scenario_003,short
1291,77,12.27795,0.700119,0.366092,2,95.97155,scenario_003,medium
1292,77,1.114528,0.239343,0.765205,1,78.938191,scenario_003,short
1293,77,7.70671,0.6728,0.786339,0,101.494968,scenario_003,medium
1294,77,1.703893,0.195101,0.660069,0,86.483467,scenario_003,short
1295,77,1.227786,0.098336,0.583847,0,82.817722,scenario_003,short
1296,77,16.176156,0.437781,0.457885,0,158.024262,scenario_003,long
1297,77,10.878323,0.257312,0.703264,1,107.702609,scenario_003,medium
1298,77,1.401767,0.412947,0.240537,1,80.670505,scenario_003,short
1299,77,0.831977,0.632648,0.454646,1,79.327188,scenario_003,short
1300,77,9.73831,0.439633,0.869648,1,96.995382,scenario_003,medium
1301,77,0.809766,0.877941,0.340773,0,81.305257,scenario_003,short
1302,77,1.399769,0.19682,0.891682,0,84.386081,scenario_003,short
1303,77,13.26667,0.419061,0.524086,0,125.944837,scenario_003,medium
1304,77,1.157473,0.239989,0.638344,0,82.716771,scenario_003,short
1305,77,1.159003,0.063102,0.35562,0,82.125854,scenario_003,short
1306,77,2.05473,0.404132,0.533949,0,86.615957,scenario_003,short
1307,77,0.911141,0.173952,0.600651,1,79.385299,scenario_003,short
1308,77,5.926634,0.410839,0.203864,1,87.837791,scenario_003,medium
1309,78,0.688162,0.10091,0.689399,1,79.592318,scenario_003,short
1310,78,1.63578,0.059127,0.384673,0,85.646127,scenario_003,short
1311,78,14.037716,0.574698,0.673817,0,125.156732,scenario_003,medium
1312,78,7.063813,0.560113,0.475018,0,109.07815,scenario_003,medium
1313,78,7.410883,0.698826,0.948871,2,92.473563,scenario_003,medium
1314,78,1.878644,0.435483,0.173244,1,82.135974,scenario_003,short
1315,78,5.390008,0.614654,0.567514,0,97.586113,scenario_003,long
1316,78,1.042352,0.061425,0.481439,0,82.906305,scenario_003,short
1317,78,0.660267,0.25354,0.664234,1,79.738447,scenario_003,short
1318,78,16.387742,0.761627,0.284642,0,146.107851,scenario_003,long
1319,78,1.402965,0.332244,0.896754,0,84.361515,scenario_003,short
1320,78,1.435361,0.103047,0.195459,0,82.830218,scenario_003,short
1321,78,14.430821,0.932349,0.773243,1,119.187444,scenario_003,long
1322,78,2.152883,0.49123,0.282881,1,81.952205,scenario_003,short
1323,78,1.481901,0.097233,0.671674,0,86.060718,scenario_003,short
1324,78,1.66169,0.358305,0.470952,1,82.412792,scenario_003,short
1325,78,1.825646,0.482188,0.608264,0,84.456065,scenario_003,short
1326,78,2.003449,0.148482,0.373518,0,84.761992,scenario_003,short
1327,78,0.793689,0.072024,0.624661,0,81.698234,scenario_003,short
1328,78,1.503317,0.13696,0.551486,0,84.753929,scenario_003,short
1329,78,4.520185,0.473236,1.0,0,94.713962,scenario_003,long
1330,78,1.180971,0.173233,0.811215,1,81.108514,scenario_003,short
1331,78,2.20057,0.190594,0.05,0,86.251434,scenario_003,short
1332,78,1.894449,0.365611,0.691875,0,85.335311,scenario_003,short
1333,78,1.044313,0.307789,0.450496,1,80.97235,scenario_003,short
1334,78,0.965848,0.341317,0.904809,1,79.840247,scenario_003,short
1335,78,8.367949,0.354179,0.759364,0,120.302573,scenario_003,medium
1336,78,11.18207,0.379182,0.201495,0,127.086977,scenario_003,medium
1337,78,8.126648,0.783352,0.898478,0,111.569703,scenario_003,medium
1338,78,1.124132,0.052846,0.37925,0,83.152591,scenario_003,short
1339,78,9.187878,0.479798,0.458852,0,119.982674,scenario_003,medium
1340,78,0.960518,0.448235,0.265227,1,80.367785,scenario_003,short
1341,78,1.512397,0.233422,0.555402,0,83.185884,scenario_003,short
1342,78,2.445317,0.449292,0.101003,2,82.586314,scenario_003,short
1343,78,1.400983,0.231085,0.513247,0,83.914983,scenario_003,short
1344,78,2.473995,0.173731,0.681014,0,87.372895,scenario_003,short
1345,78,1.464422,0.228361,0.05,0,85.005919,scenario_003,short
1346,78,0.728446,0.429604,0.408433,1,79.711444,scenario_003,short
1347,78,1.072618,0.687714,0.444025,0,81.346763,scenario_003,short
1348,78,1.350241,0.06537,0.986662,0,84.091825,scenario_003,short
1349,78,1.18148,0.351922,0.36415,0,82.602036,scenario_003,short
1350,78,0.520932,0.135092,0.369886,0,79.660869,scenario_003,short
1351,78,0.895053,0.163276,0.465967,2,79.790992,scenario_003,short
1352,78,8.441996,0.261376,1.0,1,97.615452,scenario_003,medium
1353,78,1.132098,0.41213,0.499015,0,83.137408,scenario_003,short
1354,78,21.570814,0.345135,0.717398,1,142.581529,scenario_003,medium
1355,78,19.632635,0.491146,0.194786,1,112.191216,scenario_003,medium
1356,78,6.745603,0.630296,0.232248,1,89.168687,scenario_003,medium
1357,78,13.580474,0.264141,0.565944,0,133.537007,scenario_003,medium
1358,78,1.539461,0.350965,0.643939,0,84.965264,scenario_003,short
1359,78,1.165437,0.421143,0.647656,1,80.219243,scenario_003,short
1360,78,1.495224,0.460697,0.704899,0,83.251654,scenario_003,short
1361,78,1.848025,0.285748,0.428879,0,88.305639,scenario_003,short
1362,78,15.918785,0.370029,0.19425,0,127.382921,scenario_003,medium
1363,78,8.651892,0.70798,0.851467,1,96.27774,scenario_003,medium
1364,78,11.893762,0.597877,0.267782,0,132.174742,scenario_003,medium
1365,78,2.833199,0.4005,0.237721,0,88.227703,scenario_003,short
1366,78,2.727992,0.805576,0.826777,0,87.052302,scenario_003,short
1367,79,7.507724,0.831649,1.0,2,87.337189,scenario_003,medium
1368,79,1.267866,0.089527,0.878608,1,81.600058,scenario_003,short
1369,79,9.011213,0.618444,0.462349,1,105.738364,scenario_003,medium
1370,79,5.807975,0.462107,0.474887,2,88.30181,scenario_003,medium
1371,79,1.781929,0.251343,0.702254,1,83.139679,scenario_003,short
1372,79,21.771895,0.881586,0.69335,0,153.863193,scenario_003,long
1373,79,9.68209,0.473533,0.7473,0,125.797693,scenario_003,medium
1374,79,2.486335,0.17721,0.620502,0,89.03984,scenario_003,short
1375,79,5.648571,0.326201,0.720646,1,89.883482,scenario_003,medium
1376,79,1.136132,0.280617,0.803667,0,82.863478,scenario_003,short
1377,79,16.606119,0.710829,1.0,0,165.925471,scenario_003,medium
1378,79,0.808064,0.321399,0.05,0,81.797951,scenario_003,short
1379,79,1.364431,0.411013,0.146581,1,81.614655,scenario_003,short
1380,79,0.923692,0.074896,0.552969,1,81.694471,scenario_003,short
1381,79,11.834791,0.181096,0.889434,1,107.747511,scenario_003,medium
1382,79,0.845015,0.209548,0.240631,0,82.858485,scenario_003,short
1383,79,1.016436,0.1002,0.560533,0,82.68721,scenario_003,short
1384,79,1.538832,0.634723,0.766618,1,82.723176,scenario_003,short
1385,79,1.604908,0.339811,0.712057,1,82.563077,scenario_003,short
1386,79,5.384695,0.423886,0.964218,0,96.064056,scenario_003,long
1387,79,1.220486,0.239678,0.453393,0,85.358171,scenario_003,short
1388,79,1.610606,0.176495,0.707705,0,85.980425,scenario_003,short
1389,79,14.279138,0.67234,0.89353,1,107.627197,scenario_003,medium
1390,79,1.54012,0.262471,0.652955,0,84.773143,scenario_003,short
1391,79,1.517288,0.345002,0.25965,0,84.19238,scenario_003,short
1392,79,1.090775,0.169608,0.610845,0,84.691078,scenario_003,short
1393,79,8.505872,0.533993,0.854695,0,125.488392,scenario_003,long
1394,79,1.909898,0.67773,0.332926,1,84.10403,scenario_003,short
1395,79,11.012477,0.319414,0.869217,0,125.611678,scenario_003,medium
1396,79,0.651563,0.654942,0.514665,0,82.669924,scenario_003,short
1397,79,8.697931,0.363414,0.792758,2,93.583061,scenario_003,medium
1398,79,1.043723,0.332331,0.336878,0,84.349533,scenario_003,short
1399,79,0.947791,0.074971,0.22637,0,81.998132,scenario_003,short
1400,79,1.303787,0.446503,0.831503,2,81.070231,scenario_003,short
1401,79,0.892061,0.5989,0.903864,0,83.349738,scenario_003,short
1402,79,0.922363,0.417113,0.401252,0,83.905346,scenario_003,short
1403,79,1.90257,0.465104,0.792653,0,84.919828,scenario_003,short
1404,79,10.241431,0.219528,0.853999,0,129.013057,scenario_003,medium
1405,79,12.814275,0.672161,0.290496,0,143.42313,scenario_003,medium
1406,79,16.95517,0.279616,0.127034,0,141.491538,scenario_003,medium
1407,79,1.382979,0.261881,0.517512,0,85.299338,scenario_003,short
1408,79,1.375398,0.431969,0.294657,2,81.127616,scenario_003,short
1409,79,3.732788,0.704644,0.734816,1,86.067452,scenario_003,short
1410,79,1.44211,0.432081,0.561146,0,84.054834,scenario_003,short
1411,79,0.927825,0.570514,0.886951,1,81.232313,scenario_003,short
1412,79,1.423155,0.071311,0.67854,0,85.250151,scenario_003,short
1413,79,1.682274,0.18788,0.492676,2,81.682856,scenario_003,short
1414,79,2.300952,0.666515,0.851337,0,86.542819,scenario_003,short
1415,79,0.881576,0.260503,0.736364,0,82.505946,scenario_003,short
1416,79,1.344376,0.350166,0.094547,2,81.337518,scenario_003,short
1417,79,2.498774,0.63032,0.915924,0,91.548466,scenario_003,short
1418,79,15.976248,0.36331,0.872265,1,110.794137,scenario_003,medium
1419,79,0.94981,0.269945,1.0,2,80.443241,scenario_003,short
1420,79,24.271753,0.299417,0.691212,1,124.505478,scenario_003,medium
1421,79,1.340275,0.445541,0.172768,1,82.131451,scenario_003,short
1422,79,1.958308,0.437058,1.0,1,82.402825,scenario_003,short
1423,79,9.946907,0.364713,0.562622,0,135.232785,scenario_003,medium
1424,80,16.805249,0.39186,0.452109,1,126.370144,scenario_003,medium
1425,80,11.634365,0.583022,0.785224,0,121.176056,scenario_003,medium
1426,80,26.3692,0.486413,0.754249,2,114.244054,scenario_003,medium
1427,80,1.615805,0.420686,0.496625,0,85.08316,scenario_003,short
1428,80,1.719609,0.413682,0.585416,1,84.694668,scenario_003,short
1429,80,1.521534,0.348162,0.567275,1,83.465635,scenario_003,short
1430,80,18.257112,0.60052,0.636757,1,117.51127,scenario_003,medium
1431,80,9.378005,0.316657,0.90371,0,119.173325,scenario_003,medium
1432,80,2.287714,0.228249,0.342714,0,90.372046,scenario_003,short
1433,80,2.294227,0.052577,0.444004,0,91.91935,scenario_003,short
1434,80,2.178865,0.354196,0.774871,2,82.464647,scenario_003,short
1435,80,1.398373,0.124398,0.277143,0,84.850811,scenario_003,short
1436,80,1.079224,0.30388,0.138766,2,81.653799,scenario_003,short
1437,80,1.696678,0.417509,0.433614,1,83.95033,scenario_003,short
1438,80,15.704471,0.467742,0.59991,0,164.432521,scenario_003,long
1439,80,9.828224,0.401357,0.359328,1,102.688069,scenario_003,long
1440,80,1.498539,0.097537,0.663071,0,85.029512,scenario_003,short
1441,81,1.238673,0.390783,0.768131,0,87.588354,scenario_003,short
1442,81,19.351267,0.601781,0.150639,0,170.310477,scenario_003,medium
1443,81,1.698317,0.232064,0.353705,1,84.568745,scenario_003,short
1444,81,22.9761,0.12277,0.315949,0,191.616985,scenario_003,medium
1445,81,1.330343,0.441814,0.381578,1,83.715246,scenario_003,short
1446,81,13.992896,0.611225,0.890323,2,106.5521,scenario_003,medium
1447,81,4.079346,0.124449,0.600871,0,102.404845,scenario_003,short
1448,81,18.32592,0.522786,0.366811,1,120.527642,scenario_003,medium
1449,81,2.481904,0.18682,0.051255,0,94.309818,scenario_003,short
1450,81,11.636132,0.549565,0.809736,1,116.116461,scenario_003,medium
1451,81,20.812832,1.0,0.6655,0,167.391471,scenario_003,long
1452,81,12.160351,0.158138,1.0,0,126.010236,scenario_003,medium
1453,81,1.123417,0.51424,0.967766,0,86.298074,scenario_003,short
1454,81,0.848228,0.317217,0.699059,2,82.35389,scenario_003,short
1455,81,1.952732,0.103642,0.533391,1,84.975428,scenario_003,short
1456,81,1.418612,0.441733,0.628152,1,84.088621,scenario_003,short
1457,81,1.067297,0.388068,0.903117,2,82.531814,scenario_003,short
1458,82,1.112483,0.482324,0.268556,2,84.000206,scenario_003,short
1459,82,9.800895,0.396911,0.367095,0,116.279212,scenario_003,medium
1460,82,12.662098,0.338675,0.147142,0,148.632271,scenario_003,medium
1461,82,1.974573,0.726391,0.259434,1,86.554468,scenario_003,short
1462,82,1.343498,0.075512,0.677829,1,85.430924,scenario_003,short
1463,82,11.486655,0.961269,0.275114,2,98.179712,scenario_003,long
1464,82,8.206106,0.668586,0.863815,1,97.602413,scenario_003,medium
1465,82,1.936801,0.379299,0.446775,0,92.656725,scenario_003,short
1466,82,14.461451,0.501713,0.932667,2,107.717256,scenario_003,long
1467,82,18.940847,0.346608,0.426084,2,114.628536,scenario_003,long
1468,82,1.57803,0.386992,0.673725,1,85.948044,scenario_003,short
1469,82,9.086907,0.612837,0.123545,1,98.835168,scenario_003,medium
1470,82,1.605812,0.171528,0.614841,2,83.965019,scenario_003,short
1471,82,8.63667,0.122127,0.220826,1,106.516299,scenario_003,medium
1472,82,1.320882,0.071001,0.347586,0,87.963387,scenario_003,short
1473,82,1.256885,0.431434,0.943532,0,88.019545,scenario_003,short
1474,82,30.732497,0.280439,0.537065,0,204.310499,scenario_003,long
1475,82,15.38308,0.292066,0.899235,0,154.418682,scenario_003,medium
1476,82,1.811978,0.774687,0.578477,1,85.989595,scenario_003,short
1477,82,33.612627,0.252103,0.811288,0,199.745205,scenario_003,long
1478,82,10.245586,0.7365,0.600916,0,119.645114,scenario_003,medium
1479,82,2.72017,0.082352,0.593828,2,87.073237,scenario_003,short
1480,82,1.047461,0.303185,0.946357,1,84.906542,scenario_003,short
1481,82,9.824368,0.328244,0.754822,1,98.759856,scenario_003,medium
1482,83,3.9195,0.288017,0.271577,2,90.123711,scenario_003,short
1483,83,1.755276,0.64309,0.703497,0,88.885181,scenario_003,short
1484,83,1.093906,0.456721,0.445208,0,87.686781,scenario_003,short
1485,83,6.837481,0.203026,0.434033,1,98.306714,scenario_003,medium
1486,83,13.628137,0.572951,0.433572,1,123.36517,scenario_003,medium
1487,83,1.727149,0.104504,0.549325,0,92.184538,scenario_003,short
1488,83,1.442311,0.35432,0.50912,2,85.061682,scenario_003,short
1489,83,1.840151,0.515928,0.586817,0,91.155866,scenario_003,short
1490,83,11.466444,0.215536,1.0,2,98.4836,scenario_003,medium
1491,83,0.590502,0.265462,0.606556,1,84.451193,scenario_003,short
1492,83,9.022772,1.0,1.0,0,124.815297,scenario_003,medium
1493,83,1.140856,0.486333,0.902444,0,87.831427,scenario_003,short
1494,83,2.540636,0.695017,0.920023,0,91.956902,scenario_003,short
1495,83,18.158068,0.263791,0.297766,0,163.837808,scenario_003,medium
1496,83,1.597097,0.329347,0.611821,2,86.053814,scenario_003,short
1497,83,1.575514,0.302404,0.669891,1,85.916716,scenario_003,short
1498,83,2.805039,0.541489,0.929643,1,88.836383,scenario_003,short
1499,83,55.311916,0.678383,0.908588,1,235.284754,scenario_003,long
1500,83,17.866368,0.757333,0.389679,2,107.386606,scenario_003,medium
1501,83,5.625488,0.527434,0.731324,2,89.556673,scenario_003,medium
1502,83,2.254432,0.140286,0.375557,2,85.517945,scenario_003,short
1503,83,1.51428,0.098651,0.632591,0,88.254226,scenario_003,short
1504,84,1.376655,0.260485,0.194694,0,90.362943,scenario_003,short
1505,84,1.344755,0.060922,0.356688,2,85.953888,scenario_003,short
1506,84,8.865085,0.13238,0.642399,1,101.59864,scenario_003,medium
1507,84,11.90729,0.309534,0.963896,0,145.411618,scenario_003,medium
1508,84,8.147816,0.451831,0.607113,0,114.708883,scenario_003,medium
1509,84,10.643811,0.398582,0.482495,0,119.294897,scenario_003,long
1510,84,0.505646,0.406042,0.895006,1,85.066632,scenario_003,short
1511,84,1.417926,0.129902,0.184613,2,86.623907,scenario_003,short
1512,84,1.1106,0.400892,0.534783,0,89.830076,scenario_003,short
1513,84,5.25523,0.21397,0.410874,0,107.363076,scenario_003,medium
1514,84,17.310372,0.703629,1.0,1,134.187548,scenario_003,medium
1515,84,3.214501,0.237521,0.29249,1,90.048159,scenario_003,short
1516,84,0.967716,0.277122,0.226363,1,86.350423,scenario_003,short
1517,84,1.117814,0.14851,0.816691,0,88.822914,scenario_003,short
1518,84,1.170067,0.732689,1.0,0,88.580393,scenario_003,short
1519,84,25.02448,0.917454,1.0,1,130.871193,scenario_003,long
1520,84,10.666509,0.499488,0.103199,0,128.956969,scenario_003,medium
1521,84,4.399593,0.25773,0.546781,0,101.812869,scenario_003,short
1522,84,1.072206,0.368845,0.271704,0,88.822019,scenario_003,short
1523,84,1.766935,0.568566,0.687456,2,86.915113,scenario_003,short
1524,84,6.540902,0.910034,0.963253,1,97.501346,scenario_003,medium
1525,84,1.035569,0.273389,0.536484,2,85.716461,scenario_003,short
1526,84,6.550374,0.882302,0.21243,0,104.92031,scenario_003,long
1527,84,15.475515,0.47447,0.325862,2,110.504818,scenario_003,long
1528,84,1.61286,0.20961,0.472598,2,86.856455,scenario_003,short
1529,84,23.655745,0.637683,0.29472,2,114.115195,scenario_003,long
1530,84,0.90217,0.258922,0.443485,0,87.70168,scenario_003,short
1531,85,2.394159,0.151754,0.84572,0,96.410081,scenario_003,short
1532,85,9.223945,0.646951,1.0,0,127.367612,scenario_003,medium
1533,85,2.072654,0.447527,0.780048,0,93.46371,scenario_003,short
1534,85,1.82538,0.051733,0.178672,0,93.372856,scenario_003,short
1535,85,1.101592,0.355676,0.43891,0,90.221825,scenario_003,short
1536,85,24.253068,0.977139,0.197443,0,199.827299,scenario_003,medium
1537,85,0.649774,0.072092,0.63018,0,87.770698,scenario_003,short
1538,85,0.893181,0.357916,0.467733,0,89.790863,scenario_003,short
1539,85,2.034804,0.391842,0.109397,0,93.910161,scenario_003,short
1540,85,0.742277,0.107347,0.351344,0,87.697747,scenario_003,short
1541,85,13.825999,0.319797,0.896461,0,134.562192,scenario_003,long
1542,85,2.084662,0.207589,0.453861,1,89.781583,scenario_003,short
1543,85,1.01742,0.253229,0.269561,0,88.621068,scenario_003,short
1544,85,2.629924,0.168356,0.05,2,88.543083,scenario_003,short
1545,85,1.71928,0.336502,0.844104,0,90.673889,scenario_003,short
1546,85,1.512294,0.419869,0.369796,1,88.8351,scenario_003,short
1547,85,2.058236,0.056859,0.310693,1,88.750296,scenario_003,short
1548,85,2.066251,0.458551,0.325941,1,88.525348,scenario_003,short
1549,85,1.912245,0.203625,0.723199,1,90.732527,scenario_003,short
1550,85,20.981973,0.616184,0.630769,0,171.604179,scenario_003,medium
1551,85,0.87485,0.116865,0.466212,2,86.403707,scenario_003,short
1552,85,12.527602,0.561967,0.399182,0,143.925468,scenario_003,medium
1553,86,19.577142,0.167017,0.685271,0,163.963627,scenario_003,medium
1554,86,14.470233,0.547748,0.566665,1,114.727666,scenario_003,medium
1555,86,1.271875,0.274989,0.068059,0,90.59491,scenario_003,short
1556,86,8.572043,0.40334,0.475981,0,123.459849,scenario_003,medium
1557,86,10.32587,0.522424,0.80642,0,138.591629,scenario_003,medium
1558,86,15.2659,0.8151,0.871531,2,106.856757,scenario_003,long
1559,86,0.753522,0.268701,0.893859,2,87.0,scenario_003,short
1560,86,21.969853,0.798052,1.0,1,130.498304,scenario_003,long
1561,86,19.04402,0.401291,0.395844,1,130.402873,scenario_003,medium
1562,86,3.2582,0.149931,0.412811,1,92.877389,scenario_003,short
1563,86,1.325437,0.522038,0.699357,1,88.645074,scenario_003,short
1564,86,1.437424,0.354806,1.0,0,93.644911,scenario_003,short
1565,86,2.065223,0.222071,0.868012,0,96.813979,scenario_003,short
1566,86,1.684549,0.171936,0.332051,1,91.070569,scenario_003,short
1567,86,2.435407,0.548505,0.865598,0,99.327653,scenario_003,short
1568,86,1.432374,0.309042,0.613112,1,90.286167,scenario_003,short
1569,86,1.776124,0.268943,1.0,0,92.671653,scenario_003,short
1570,86,2.213244,0.712781,0.23464,1,89.782409,scenario_003,short
1571,87,10.615933,0.234245,0.706793,0,135.962334,scenario_003,medium
1572,87,0.808617,0.058055,0.406049,2,88.211379,scenario_003,short
1573,87,0.93188,0.232511,0.418739,1,88.666058,scenario_003,short
1574,87,1.350985,0.171316,0.679895,1,90.220785,scenario_003,short
1575,87,2.759243,0.37852,0.328679,0,101.650502,scenario_003,short
1576,87,26.169624,0.142664,0.439962,1,137.153916,scenario_003,medium
1577,87,1.941889,0.415917,0.707216,0,96.63865,scenario_003,short
1578,87,1.557975,0.117332,0.599269,0,92.015572,scenario_003,short
1579,87,2.360965,0.317773,0.695769,0,94.886585,scenario_003,short
1580,87,0.779638,0.112271,0.795975,0,90.575186,scenario_003,short
1581,87,1.806258,0.109228,0.27932,1,92.12548,scenario_003,short
1582,87,1.48408,0.284333,0.863175,0,93.024486,scenario_003,short
1583,87,0.87805,0.432207,0.833397,0,91.861108,scenario_003,short
1584,87,6.884645,0.938671,0.603957,2,96.097939,scenario_003,medium
1585,87,9.875777,0.368878,0.231838,0,132.11353,scenario_003,medium
1586,87,1.28761,0.396927,0.854357,0,93.150499,scenario_003,short
1587,87,1.458793,0.113442,0.917707,1,90.362852,scenario_003,short
1588,87,1.346187,0.08123,0.131788,0,93.403844,scenario_003,short
1589,87,1.481073,0.163577,0.466926,1,90.136892,scenario_003,short
1590,87,11.304584,0.60134,0.130288,2,105.837326,scenario_003,medium
1591,87,13.930662,0.290157,0.784286,1,118.738926,scenario_003,medium
1592,87,13.041741,0.452896,0.338009,0,129.120835,scenario_003,medium
1593,87,1.308161,0.248053,0.363507,1,89.196874,scenario_003,short
1594,87,2.055513,0.415575,0.323946,0,95.12112,scenario_003,short
1595,88,0.832147,0.327388,0.379143,0,92.470814,scenario_003,short
1596,88,20.732714,0.30103,1.0,0,180.509756,scenario_003,long
1597,88,9.080473,0.545048,0.561583,0,132.120498,scenario_003,medium
1598,88,1.58368,0.082449,0.343368,0,95.26785,scenario_003,short
1599,88,1.221476,0.194027,0.303987,1,90.33525,scenario_003,short
1600,88,1.039851,0.525691,0.258768,2,89.574004,scenario_003,short
1601,88,0.579859,0.526093,0.158095,0,91.259773,scenario_003,short
1602,88,13.279013,0.323243,0.172938,0,153.302747,scenario_003,long
1603,88,3.328895,0.347751,0.982122,1,97.083473,scenario_003,short
1604,88,9.538826,0.718865,0.588431,0,141.179366,scenario_003,medium
1605,88,1.563725,0.40356,0.566342,0,96.145261,scenario_003,short
1606,88,1.088602,0.352498,0.478884,1,89.808013,scenario_003,short
1607,88,9.066053,0.171165,0.252419,1,107.448086,scenario_003,medium
1608,88,17.657414,0.905229,0.749149,2,121.125941,scenario_003,medium
1609,88,8.447678,0.476541,0.240122,1,109.563143,scenario_003,medium
1610,88,1.760822,0.169665,0.05,1,93.066695,scenario_003,short
1611,88,0.831138,0.150426,0.204264,2,89.090386,scenario_003,short
1612,88,24.030866,0.892914,0.436675,0,217.798051,scenario_003,long
1613,88,1.083879,0.411731,0.697463,2,89.221354,scenario_003,short
1614,88,1.72856,0.5125,0.478973,0,95.025146,scenario_003,short
1615,88,17.847029,0.672303,0.698078,2,113.869249,scenario_003,long
1616,88,7.552848,0.391542,0.851791,0,118.373383,scenario_003,medium
1617,89,1.558643,0.559452,0.51962,0,94.032041,scenario_003,short
1618,89,5.350602,0.146069,0.05,2,97.255068,scenario_003,medium
1619,89,1.121096,0.376005,0.866573,0,92.783767,scenario_003,short
1620,89,2.274499,0.37228,0.202764,0,97.422206,scenario_003,short
1621,89,2.465532,0.432493,0.884409,0,102.603871,scenario_003,short
1622,89,7.418534,0.582976,0.067039,1,103.363308,scenario_003,medium
1623,89,2.023407,0.221792,0.592964,0,95.809167,scenario_003,short
1624,89,1.693645,0.225608,1.0,0,96.778666,scenario_003,short
1625,89,1.168337,0.392977,0.689945,1,91.924369,scenario_003,short
1626,89,31.464212,0.317149,0.290111,0,205.591047,scenario_003,long
1627,89,0.956967,0.300368,0.871224,0,93.375858,scenario_003,short
1628,89,1.758008,0.224645,0.539113,0,96.494035,scenario_003,short
1629,89,0.984851,0.28385,0.321694,0,92.192779,scenario_003,short
1630,89,15.560526,0.583104,0.875577,0,137.88937,scenario_003,medium
1631,89,1.630863,0.134526,0.98229,0,95.579452,scenario_003,short
1632,90,15.884751,0.406678,0.506592,0,164.048843,scenario_003,medium
1633,90,14.280844,0.574759,0.448252,1,115.365874,scenario_003,medium
1634,90,5.314678,0.1935,0.789504,1,98.752671,scenario_003,medium
1635,90,1.647294,0.252052,0.430772,1,94.383506,scenario_003,short
1636,90,1.641328,0.419138,0.352356,0,95.274667,scenario_003,short
1637,90,1.993063,0.296813,0.811825,1,93.388983,scenario_003,short
1638,90,2.642816,0.831722,0.253336,1,96.110983,scenario_003,short
1639,90,15.116203,0.533766,0.542833,1,115.480707,scenario_003,medium
1640,90,13.824018,0.84699,0.965339,1,130.519644,scenario_003,medium
1641,90,1.767481,0.426511,0.35404,1,95.210858,scenario_003,short
1642,90,0.839943,0.131062,0.737919,1,92.03674,scenario_003,short
1643,90,8.998708,0.484868,0.502112,1,115.023371,scenario_003,medium
1644,90,8.351788,0.46321,0.605091,1,108.225146,scenario_003,medium
1645,90,15.991492,0.317549,0.356257,0,160.048157,scenario_003,medium
1646,90,1.391822,0.080358,0.252942,0,96.958983,scenario_003,short
1647,90,14.30683,0.858827,1.0,0,170.699397,scenario_003,medium
1648,90,0.979568,0.433074,0.952253,0,93.705444,scenario_003,short
1649,90,24.216353,0.333978,0.709769,0,170.66603,scenario_003,medium
1650,90,1.082278,0.176148,0.204471,1,91.890543,scenario_003,short
1651,90,7.406808,0.308585,0.207881,0,119.146626,scenario_003,medium
1652,90,0.748083,0.63021,0.993935,2,91.48693,scenario_003,short
1653,90,16.049355,0.246598,1.0,1,134.564324,scenario_003,medium
1654,90,2.333092,0.435825,0.682034,1,94.768839,scenario_003,short
1655,90,2.856309,0.303708,0.101623,2,93.934686,scenario_003,short
1656,90,26.197967,0.542529,0.812943,1,168.162201,scenario_003,medium
1657,90,1.342376,0.607839,0.498515,0,97.350113,scenario_003,short
1658,90,19.223797,1.0,0.494971,0,183.338399,scenario_003,medium
1659,90,1.232336,0.381596,0.779887,0,96.885932,scenario_003,short
1660,90,13.516856,0.307063,0.65973,1,116.843849,scenario_003,medium
1661,90,12.276036,0.947751,0.736495,1,117.395786,scenario_003,medium
1662,90,15.470017,0.366778,0.241733,1,122.340174,scenario_003,long
1663,90,1.240976,0.184854,0.097828,0,94.648051,scenario_003,short
1664,90,5.397197,0.399286,0.499023,0,107.576003,scenario_003,medium
1665,90,1.132936,0.32429,0.226283,0,93.56318,scenario_003,short
1666,91,1.980256,0.413648,0.223979,0,97.204514,scenario_003,short
1667,91,0.873745,0.219681,0.443484,0,95.524001,scenario_003,short
1668,91,2.178771,0.212831,0.783406,1,96.438431,scenario_003,short
1669,91,1.201842,0.278328,0.728604,0,95.374187,scenario_003,short
1670,91,6.972663,0.716358,0.794748,1,104.615625,scenario_003,medium
1671,91,2.032409,0.361631,0.831957,0,100.517339,scenario_003,short
1672,91,2.217015,0.686466,0.240081,1,97.061817,scenario_003,short
1673,91,29.496218,0.272184,0.739696,2,142.74896,scenario_003,long
1674,91,1.904206,0.395105,0.195729,0,99.565976,scenario_003,short
1675,91,1.421974,0.266642,0.859388,1,94.418097,scenario_003,short
1676,91,14.885037,0.530223,0.407214,1,135.189621,scenario_003,medium
1677,91,1.598813,0.343627,0.852088,0,98.950343,scenario_003,short
1678,91,30.21383,0.21377,0.373401,1,168.043268,scenario_003,medium
1679,91,1.396079,0.191173,0.428239,1,93.787925,scenario_003,short
1680,91,8.641628,0.413104,0.514234,2,102.148761,scenario_003,medium
1681,91,1.660779,0.313781,0.183524,1,94.556226,scenario_003,short
1682,91,1.654885,0.301967,0.495414,0,98.017086,scenario_003,short
1683,92,1.947799,0.271455,0.063478,2,94.693569,scenario_003,short
1684,92,7.116673,0.482467,0.613944,0,126.127369,scenario_003,medium
1685,92,2.336269,0.784064,0.495171,1,95.908026,scenario_003,short
1686,92,0.996602,0.760721,0.165293,0,96.394926,scenario_003,short
1687,92,12.389062,0.943071,0.191969,1,118.123452,scenario_003,medium
1688,92,1.944066,0.258692,0.611994,0,101.261079,scenario_003,short
1689,92,1.023576,0.337806,0.866584,2,93.454925,scenario_003,short
1690,92,0.847728,0.135927,0.786855,1,94.41176,scenario_003,short
1691,92,1.262408,0.492009,0.569003,1,95.163905,scenario_003,short
1692,92,0.993686,0.138374,0.876947,0,95.149994,scenario_003,short
1693,92,13.237861,0.617273,0.684558,1,116.693613,scenario_003,medium
1694,92,30.808551,0.66289,0.264576,1,176.073418,scenario_003,medium
1695,92,0.870638,0.156746,0.967487,0,95.788678,scenario_003,short
1696,92,1.31552,0.323511,0.285949,0,97.580071,scenario_003,short
1697,92,1.814626,0.205932,0.712312,0,100.67458,scenario_003,short
1698,92,2.627306,0.434994,0.364184,2,96.804705,scenario_003,short
1699,92,14.783107,0.703249,0.961366,0,155.351721,scenario_003,medium
1700,92,11.998164,0.339372,0.727022,2,107.050336,scenario_003,long
1701,92,1.183598,0.187276,0.208887,2,93.802701,scenario_003,short
1702,92,3.456604,0.238474,0.222806,0,106.448867,scenario_003,short
1703,92,16.208061,0.47505,0.392716,0,169.346457,scenario_003,long
1704,92,8.785088,0.423916,0.165728,0,119.885892,scenario_003,medium
1705,92,1.37835,0.385892,0.437425,1,95.628426,scenario_003,short
1706,92,1.360257,0.450437,0.929634,1,95.99055,scenario_003,short
1707,93,6.332283,0.743335,0.631947,0,124.327163,scenario_003,medium
1708,93,9.851389,0.275469,1.0,0,124.715535,scenario_003,medium
1709,93,0.921698,0.277482,0.861161,0,96.931334,scenario_003,short
1710,93,13.079675,0.28998,0.492903,0,136.251599,scenario_003,long
1711,93,19.248798,0.175834,0.341106,0,187.059495,scenario_003,medium
1712,93,2.059148,0.300144,0.693374,0,101.826875,scenario_003,short
1713,93,9.115124,0.557672,0.417366,0,125.617496,scenario_003,medium
1714,93,1.345755,0.225157,0.05,2,94.862581,scenario_003,short
1715,93,2.083354,0.724556,0.84195,0,101.399156,scenario_003,short
1716,93,11.066254,0.29526,0.355407,2,109.790633,scenario_003,medium
1717,93,2.694705,0.2546,0.313173,0,102.596914,scenario_003,short
1718,93,1.469122,0.139853,0.498349,2,94.862511,scenario_003,short
1719,93,1.345985,0.222538,0.383833,1,95.936946,scenario_003,short
1720,93,0.996878,0.119522,0.617929,1,94.933584,scenario_003,short
1721,93,11.62152,0.371151,0.797964,1,125.122956,scenario_003,medium
1722,93,10.402405,0.543627,0.71988,1,123.705806,scenario_003,medium
1723,93,20.86644,0.733826,0.146942,0,172.142148,scenario_003,long
1724,93,1.379701,0.271965,0.856524,1,95.423022,scenario_003,short
1725,93,1.212994,0.396808,0.253852,1,95.739786,scenario_003,short
1726,93,1.952466,0.46073,0.712205,0,100.353048,scenario_003,short
1727,93,0.720254,0.438498,1.0,0,95.301247,scenario_003,short
1728,93,1.666423,0.152338,0.52641,1,97.37544,scenario_003,short
1729,94,1.183605,0.44426,0.759623,0,98.659747,scenario_003,short
1730,94,1.24776,0.412681,0.170281,2,96.315822,scenario_003,short
1731,94,1.641858,0.234641,0.64482,1,98.657018,scenario_003,short
1732,94,1.2696,0.318192,0.723278,0,100.232048,scenario_003,short
1733,94,2.081642,0.321522,0.791928,1,99.249509,scenario_003,short
1734,94,1.55504,0.361964,0.799598,1,97.52215,scenario_003,short
1735,94,8.455488,1.0,0.684552,1,111.873676,scenario_003,medium
1736,94,12.560336,0.133839,0.789058,1,119.600186,scenario_003,medium
1737,94,1.64123,0.169845,0.298386,1,98.880563,scenario_003,short
1738,94,14.423172,0.591172,0.146695,1,120.309619,scenario_003,medium
1739,94,1.730387,0.441039,0.369863,1,98.848696,scenario_003,short
1740,94,11.779903,0.169374,0.219724,1,124.876427,scenario_003,medium
1741,94,1.336408,0.324375,0.696195,1,96.938877,scenario_003,short
1742,94,0.68056,0.337577,0.172823,0,96.341462,scenario_003,short
1743,95,0.737195,0.849452,0.279659,1,96.440735,scenario_003,short
1744,95,2.184093,0.301061,0.945942,1,99.400067,scenario_003,short
1745,95,1.279146,0.102011,0.117238,1,97.688513,scenario_003,short
1746,95,2.708905,0.08494,0.362101,0,104.754374,scenario_003,short
1747,95,1.505156,0.381649,0.41256,0,100.235511,scenario_003,short
1748,95,1.40764,0.24185,0.810581,1,97.498991,scenario_003,short
1749,95,1.381775,0.372025,0.233535,1,97.796028,scenario_003,short
1750,95,11.578645,0.232483,0.301091,0,138.642064,scenario_003,medium
1751,95,7.493404,0.678398,0.778486,1,108.246188,scenario_003,medium
1752,95,14.904498,0.519219,0.434201,1,132.682117,scenario_003,medium
1753,95,6.761755,0.486029,0.780311,0,126.306307,scenario_003,medium
1754,95,20.09474,0.726029,0.236323,0,169.775324,scenario_003,long
1755,95,13.890877,0.613876,0.508557,0,147.030524,scenario_003,medium
1756,95,1.719319,0.539302,0.227967,0,101.883388,scenario_003,short
1757,95,13.802748,0.522993,0.599572,0,144.12102,scenario_003,medium
1758,95,2.52268,0.204236,1.0,2,99.460187,scenario_003,short
1759,95,28.852788,0.742063,0.575509,1,174.28707,scenario_003,long
1760,95,1.362329,0.325076,0.696623,2,96.602894,scenario_003,short
1761,95,4.081313,0.631256,0.473419,0,108.576455,scenario_003,medium
1762,95,1.419075,0.410681,0.543067,0,102.475702,scenario_003,short
1763,95,12.613983,0.513423,0.149243,0,140.75186,scenario_003,medium
1764,95,1.309292,0.066457,0.635691,1,98.575263,scenario_003,short
1765,96,2.07316,0.15285,0.630106,0,102.959284,scenario_003,short
1766,96,2.344234,0.628806,0.777714,0,108.369443,scenario_003,short
1767,96,32.451417,0.345665,0.707672,0,234.31916,scenario_003,long
1768,96,2.662659,0.139302,0.412275,0,107.467106,scenario_003,short
1769,96,3.522416,0.120724,0.698327,1,103.331889,scenario_003,medium
1770,96,1.328453,0.494083,0.832905,0,102.970222,scenario_003,short
1771,96,1.846861,0.260988,0.495463,0,102.375716,scenario_003,short
1772,96,17.274627,0.546571,0.62801,1,146.825152,scenario_003,medium
1773,96,1.663506,0.502893,0.304716,2,99.024919,scenario_003,short
1774,96,10.669669,0.6204,1.0,1,116.997044,scenario_003,medium
1775,96,2.100987,0.125918,0.57329,0,105.905393,scenario_003,short
1776,96,7.631193,0.709168,0.615149,0,125.676174,scenario_003,medium
1777,96,1.061371,0.114565,0.421311,0,100.021686,scenario_003,short
1778,96,1.312433,0.325076,0.701546,0,102.9287,scenario_003,short
1779,96,4.217593,0.632998,0.655845,2,102.612971,scenario_003,medium
1780,97,1.752117,0.366559,0.513009,1,101.82767,scenario_003,short
1781,97,1.622163,0.240654,0.05,1,100.523709,scenario_003,short
1782,97,1.220421,0.389402,0.543061,0,103.740606,scenario_003,short
1783,97,1.095038,0.314323,0.752748,0,102.962509,scenario_003,short
1784,97,0.741576,0.317615,0.227169,0,101.078522,scenario_003,short
1785,97,0.989015,0.214995,0.183852,1,99.197294,scenario_003,short
1786,97,8.036117,0.462742,1.0,2,110.239483,scenario_003,medium
1787,97,1.281212,0.295159,0.609133,0,103.930082,scenario_003,short
1788,97,19.246226,0.449731,0.70416,0,168.117073,scenario_003,medium
1789,97,40.257705,0.740122,0.473783,0,239.984565,scenario_003,long
1790,97,21.101519,0.849237,0.550853,1,156.765882,scenario_003,long
1791,97,1.248111,0.113557,0.65733,0,103.304019,scenario_003,short
1792,97,7.081034,0.495524,0.372751,0,134.592503,scenario_003,medium
1793,97,0.830127,0.409098,0.828149,0,100.725874,scenario_003,short
1794,97,0.959314,0.387159,0.477114,0,101.696005,scenario_003,short
1795,97,0.945435,0.309636,0.526903,0,101.058016,scenario_003,short
1796,97,6.7811,0.690294,0.298889,1,109.182673,scenario_003,medium
1797,97,8.23567,0.592028,1.0,0,137.505736,scenario_003,medium
1798,97,2.974243,0.435905,0.664082,1,103.671889,scenario_003,short
1799,97,10.002676,0.714929,0.493536,1,116.903152,scenario_003,medium
1800,97,14.323322,1.0,1.0,0,172.843017,scenario_003,medium
1801,97,23.243439,0.340084,0.68107,1,164.064565,scenario_003,long
1802,97,2.749886,0.071377,0.287398,1,103.672187,scenario_003,short
1803,97,0.905262,0.579157,0.341858,1,98.553615,scenario_003,short
1804,97,1.001357,0.187384,0.927554,1,99.884557,scenario_003,short
1805,97,7.712399,0.591329,0.993236,2,108.120387,scenario_003,long
1806,97,27.643866,0.26663,0.756695,1,172.371857,scenario_003,long
1807,97,6.593888,0.216451,0.480757,1,113.523098,scenario_003,medium
1808,97,9.267897,0.278803,1.0,2,108.948521,scenario_003,medium
1809,98,1.931522,0.502243,0.515551,0,107.056531,scenario_003,short
1810,98,1.18586,0.48576,0.553421,1,101.380069,scenario_003,short
1811,98,1.08276,0.487202,0.522846,1,100.277261,scenario_003,short
1812,98,9.899848,0.582792,0.617128,1,125.108862,scenario_003,medium
1813,98,10.466861,1.0,1.0,0,151.789601,scenario_003,medium
1814,98,1.352967,0.365053,0.945068,1,101.525786,scenario_003,short
1815,98,1.777507,0.123542,0.492352,1,102.888267,scenario_003,short
1816,98,3.575452,0.859758,0.808651,0,110.500158,scenario_003,short
1817,98,2.722855,0.419806,0.108707,1,105.972235,scenario_003,short
1818,98,1.391805,0.306445,0.856047,0,104.482494,scenario_003,short
1819,98,10.18702,0.385455,0.824332,0,145.305255,scenario_003,medium
1820,98,1.998708,0.06861,0.675236,1,101.420695,scenario_003,short
1821,98,17.608832,0.884538,0.894713,2,123.290491,scenario_003,long
1822,98,12.738198,0.893762,0.819669,0,147.642966,scenario_003,medium
1823,98,1.277922,0.411032,0.326999,0,103.688942,scenario_003,short
1824,98,1.088498,0.363733,0.543607,1,101.139728,scenario_003,short
1825,98,0.772519,0.493475,0.423496,2,99.239296,scenario_003,short
1826,98,3.022659,0.13235,0.871496,0,111.020781,scenario_003,short
1827,98,1.738319,0.080938,0.25554,2,101.099966,scenario_003,short
1828,98,0.57679,0.557318,0.580626,0,101.154367,scenario_003,short
1829,98,25.24696,0.43861,0.945246,0,194.383849,scenario_003,medium
1830,98,17.155766,0.309618,0.188385,2,130.710897,scenario_003,medium
1831,98,1.881147,0.164312,0.231856,1,102.168367,scenario_003,short
1832,98,1.71312,0.065616,0.344892,1,101.364089,scenario_003,short
1833,99,1.752166,0.195403,0.059595,1,102.402571,scenario_003,short
1834,99,1.091694,0.100475,0.18418,1,100.807524,scenario_003,short
1835,99,12.444716,0.796362,0.428632,2,120.070164,scenario_003,medium
1836,99,1.823594,0.347173,1.0,0,105.377736,scenario_003,short
1837,99,1.706625,0.272568,0.267591,0,105.60429,scenario_003,short
1838,99,1.645688,0.105469,0.48038,0,105.14521,scenario_003,short
1839,99,2.362975,0.148228,0.388987,1,104.095154,scenario_003,short
1840,99,1.692718,0.34764,0.988185,1,102.237561,scenario_003,short
1841,99,8.710884,0.35517,0.776346,0,140.902467,scenario_003,medium
1842,99,35.271325,0.508685,0.363714,1,172.451303,scenario_003,medium
1843,99,1.15808,0.37607,0.357059,0,103.61345,scenario_003,short
1844,99,19.940883,0.494793,0.641004,1,135.989933,scenario_003,medium
1845,99,1.140807,0.352154,1.0,0,104.199142,scenario_003,short
1846,99,1.567807,0.848607,0.954982,0,105.867547,scenario_003,short
1847,99,14.407901,0.64768,0.741355,1,128.94434,scenario_003,medium
1848,99,1.048143,0.403666,0.286295,0,103.650309,scenario_003,short
1849,99,1.406351,0.338643,0.705498,0,104.796939,scenario_003,short
1850,99,7.381114,0.532816,0.421576,1,113.294701,scenario_003,medium
1851,99,1.430986,0.118392,0.579363,0,106.996539,scenario_003,short
1852,99,1.578956,0.332518,0.133344,1,101.797694,scenario_003,short
1853,99,1.478353,0.399548,0.657943,1,101.47687,scenario_003,short
1854,99,1.596633,0.164424,0.679872,1,102.31154,scenario_003,short
1855,99,1.553639,0.075096,0.110454,0,104.082373,scenario_003,short
1856,99,1.750695,0.389438,0.781368,1,103.503681,scenario_003,short
1857,99,28.666671,0.948305,0.538193,1,152.535964,scenario_003,long
1858,99,2.053214,0.057361,0.161599,0,106.359433,scenario_003,short
1859,99,0.86899,0.350494,0.955386,1,100.85928,scenario_003,short
1860,99,12.955105,0.604105,0.327326,1,130.411139,scenario_003,medium
1861,99,0.933862,0.354786,1.0,0,103.796591,scenario_003,short
1862,100,10.093314,0.431358,0.240831,1,121.755715,scenario_003,medium
1863,100,5.83668,0.765671,0.193127,0,123.378908,scenario_003,medium
1864,100,1.40809,0.629454,0.887281,0,105.373771,scenario_003,short
1865,100,12.696703,0.539448,0.747047,1,126.357702,scenario_003,medium
1866,100,0.95265,0.617028,1.0,0,103.874423,scenario_003,short
1867,100,2.441307,0.560862,1.0,0,109.183428,scenario_003,short
1868,100,9.047847,0.360507,0.348571,2,111.385869,scenario_003,medium
1869,100,6.860773,0.60428,0.684966,0,135.273321,scenario_003,medium
1870,100,0.788757,0.445227,0.769154,0,103.611861,scenario_003,short
1871,100,8.740421,0.204152,0.817429,0,142.345886,scenario_003,medium
1872,100,14.832656,0.79243,1.0,0,146.634466,scenario_003,medium
1873,100,0.95359,0.235826,0.601068,1,101.927778,scenario_003,short
1874,100,6.871221,0.642547,0.322438,1,114.257095,scenario_003,medium
1875,100,0.983753,0.417891,0.831251,1,102.761269,scenario_003,short
1876,100,1.179297,0.284229,0.362535,0,104.811077,scenario_003,short
1877,100,0.878413,0.176596,0.736879,2,101.0,scenario_003,short
1878,100,1.598163,0.105418,0.386522,0,108.896548,scenario_003,short
1879,100,1.313162,0.42537,0.939221,2,101.752929,scenario_003,short
1880,100,4.145933,0.612158,0.904004,0,123.291027,scenario_003,medium
1881,101,1.820112,0.368839,0.772157,0,111.197417,scenario_003,short
1882,101,2.742311,0.712452,0.211903,0,110.999208,scenario_003,short
1883,101,0.920773,0.119904,0.599238,0,104.954751,scenario_003,short
1884,101,1.47165,0.153552,0.450769,0,105.77437,scenario_003,short
1885,101,1.372418,0.243726,0.699689,0,106.399711,scenario_003,short
1886,101,2.370727,0.11166,1.0,0,111.224836,scenario_003,short
1887,101,1.189165,0.334168,0.218179,1,103.719226,scenario_003,short
1888,101,9.566817,0.482708,0.132705,0,143.045664,scenario_003,medium
1889,101,2.07012,0.376697,0.748286,1,104.668238,scenario_003,short
1890,101,16.845087,0.82272,0.57544,1,139.059683,scenario_003,long
1891,101,1.703239,0.410345,0.446838,0,107.669366,scenario_003,short
1892,101,1.430932,0.721268,0.373186,2,102.981912,scenario_003,short
1893,101,1.835283,0.681301,0.579479,1,105.170613,scenario_003,short
1894,101,8.511605,0.567783,0.647272,2,116.908237,scenario_003,medium
1895,101,2.298904,0.707825,0.475057,2,103.664357,scenario_003,short
1896,102,1.258714,0.33325,0.950218,0,107.925195,scenario_003,short
1897,102,17.386821,0.866122,0.780336,1,131.770333,scenario_003,medium
1898,102,1.346847,0.191821,0.543367,1,104.351117,scenario_003,short
1899,102,1.007734,0.203397,0.424843,0,107.461941,scenario_003,short
1900,102,11.548727,0.258649,0.52205,1,129.67729,scenario_003,medium
1901,102,6.176186,0.672375,0.87445,1,113.352178,scenario_003,medium
1902,102,1.777007,0.352115,0.441424,0,111.233137,scenario_003,short
1903,102,6.704521,0.318382,0.753185,0,124.212414,scenario_003,medium
1904,102,1.573909,0.319808,0.413241,1,105.201903,scenario_003,short
1905,102,12.108227,0.275112,0.370735,1,123.195538,scenario_003,medium
1906,102,2.150401,0.088489,0.781813,1,106.506603,scenario_003,short
1907,102,13.58679,0.713182,0.52743,0,161.128389,scenario_003,medium
1908,102,2.154654,0.165382,1.0,1,108.453615,scenario_003,short
1909,102,10.922186,0.454581,0.540684,0,139.833073,scenario_003,medium
1910,102,12.107625,0.26738,1.0,0,159.23291,scenario_003,medium
1911,102,1.540109,0.235211,0.657548,1,105.678992,scenario_003,short
1912,102,7.928893,0.485096,0.447772,2,114.489002,scenario_003,medium
1913,102,1.211842,0.117843,0.76636,0,107.742222,scenario_003,short
1914,102,13.968114,0.37952,0.523121,0,178.233371,scenario_003,medium
1915,102,9.89681,0.434835,0.983942,0,138.897461,scenario_003,medium
1916,102,14.297385,0.764279,0.543222,0,152.3492,scenario_003,medium
1917,102,1.468426,0.240935,0.379075,1,104.557344,scenario_003,short
1918,102,12.676194,0.57248,0.569406,0,171.302906,scenario_003,medium
1919,102,11.847853,0.127597,1.0,2,115.719868,scenario_003,medium
1920,102,9.288721,0.887673,0.355703,1,126.974236,scenario_003,medium
1921,103,1.828852,0.254273,0.742206,0,112.111049,scenario_003,short
1922,103,1.869506,0.336536,0.192122,0,110.333101,scenario_003,short
1923,103,0.850712,0.695249,1.0,1,104.775478,scenario_003,short
1924,103,1.960633,0.29691,0.297725,1,107.871233,scenario_003,short
1925,103,1.290523,0.662059,0.640491,1,105.788432,scenario_003,short
1926,103,1.628001,0.227914,0.324372,2,106.037693,scenario_003,short
1927,103,1.254677,0.382792,0.780835,0,106.942346,scenario_003,short
1928,103,1.159081,0.113884,0.817906,0,108.715602,scenario_003,short
1929,103,9.905678,0.39655,0.05,0,136.306888,scenario_003,medium
1930,103,2.657635,0.604632,0.728661,0,113.429673,scenario_003,short
1931,103,1.707896,0.236833,0.207283,0,112.622294,scenario_003,short
1932,103,2.607755,0.289893,0.171265,1,110.811679,scenario_003,short
1933,103,11.947671,0.626388,0.415444,0,146.2563,scenario_003,medium
1934,103,1.144522,0.28204,0.81488,1,106.019497,scenario_003,short
1935,103,0.672934,0.553237,0.783769,0,106.579022,scenario_003,short
1936,103,1.577966,0.086797,0.150851,2,106.051696,scenario_003,short
1937,103,1.238945,0.326631,0.800505,1,106.352133,scenario_003,short
1938,104,0.930343,0.491916,0.627308,0,107.037788,scenario_003,short
1939,104,12.523465,0.353167,0.622419,0,168.306031,scenario_003,medium
1940,104,2.026393,0.282271,1.0,1,108.143491,scenario_003,short
1941,104,13.843519,0.425105,0.67047,0,155.526249,scenario_003,medium
1942,104,1.598575,0.512347,0.169971,1,107.260259,scenario_003,short
1943,104,8.478375,0.354339,0.405438,0,135.162139,scenario_003,medium
1944,104,4.564448,0.360341,0.494529,0,126.760899,scenario_003,medium
1945,104,14.258798,0.53097,0.747888,0,161.994133,scenario_003,medium
1946,104,1.238727,0.569255,0.589495,0,107.910261,scenario_003,short
1947,104,17.171444,0.396895,0.391354,0,164.056814,scenario_003,medium
1948,104,13.294869,0.439983,0.945923,0,165.716394,scenario_003,medium
1949,104,23.337344,0.770892,0.18367,0,214.302535,scenario_003,long
1950,104,1.310414,0.205478,0.610167,2,105.901506,scenario_003,short
1951,104,8.326075,0.312472,0.098013,1,119.56729,scenario_003,medium
1952,104,11.176784,0.534875,1.0,0,155.374516,scenario_003,medium
1953,104,1.219076,0.267954,1.0,0,107.85162,scenario_003,short
1954,104,8.825739,0.355554,0.552293,1,124.586789,scenario_003,medium
1955,105,1.067025,0.653738,0.550783,0,108.95634,scenario_003,short
1956,105,7.4172,0.377552,0.249594,0,135.147011,scenario_003,medium
1957,105,1.396085,0.18404,0.564476,1,108.696674,scenario_003,short
1958,105,25.066806,0.702287,0.704118,0,240.311696,scenario_003,medium
1959,105,2.112121,0.159156,0.543819,0,116.148146,scenario_003,short
1960,105,9.870231,0.558971,1.0,0,149.520286,scenario_003,medium
1961,105,1.229901,0.414875,0.3488,0,111.656011,scenario_003,short
1962,105,0.730757,0.658915,1.0,0,108.153954,scenario_003,short
1963,105,2.012271,0.075519,0.368857,0,111.605148,scenario_003,short
1964,105,1.440253,0.378435,0.416771,2,107.328081,scenario_003,short
1965,105,0.897843,0.44032,0.598502,1,107.103675,scenario_003,short
1966,105,6.564748,0.574399,0.290599,2,112.207337,scenario_003,medium
1967,105,0.977811,0.185195,0.306827,1,107.241688,scenario_003,short
1968,105,1.760476,0.251172,0.145137,1,109.336399,scenario_003,short
1969,105,0.978282,0.277451,0.556729,1,106.774168,scenario_003,short
1970,105,3.357321,0.427661,0.966646,1,114.691194,scenario_003,short
1971,105,2.658593,0.287057,0.05,0,115.458935,scenario_003,short
1972,105,1.026186,0.395469,0.745839,0,110.339122,scenario_003,short
1973,105,1.525009,0.051195,0.682975,0,112.536249,scenario_003,short
1974,105,2.660607,0.69301,0.342467,0,119.962263,scenario_003,short
1975,105,6.576852,0.666074,0.638801,1,122.494216,scenario_003,medium
1976,106,22.293011,0.832225,0.610786,2,134.718554,scenario_003,medium
1977,106,1.290019,0.09616,1.0,1,108.881032,scenario_003,short
1978,106,15.319007,0.543299,0.320066,1,131.440879,scenario_003,medium
1979,106,1.081047,0.214088,0.730024,0,110.674544,scenario_003,short
1980,106,1.081434,0.434279,0.208502,1,108.833562,scenario_003,short
1981,106,2.028523,0.156297,0.395232,1,112.080032,scenario_003,short
1982,106,10.09904,0.306401,0.942524,0,148.956264,scenario_003,medium
1983,106,2.089364,0.748604,0.506907,1,111.733436,scenario_003,short
1984,106,50.814478,0.672652,0.59462,0,390.399957,scenario_003,long
1985,106,0.923115,0.525198,0.673138,0,109.455884,scenario_003,short
1986,106,0.676149,0.396804,0.8825,0,108.702816,scenario_003,short
1987,106,1.474514,0.500724,0.88236,0,112.160878,scenario_003,short
1988,106,1.680962,0.134869,0.743052,1,108.946665,scenario_003,short
1989,106,1.573362,0.360259,0.627189,1,110.496856,scenario_003,short
1990,106,1.833947,0.144528,0.474991,0,113.573403,scenario_003,short
1991,106,2.198412,0.677458,0.291634,1,109.772722,scenario_003,short
1992,106,0.902787,0.569746,0.685003,1,107.73577,scenario_003,short
1993,106,40.790558,0.874234,0.646327,0,281.805149,scenario_003,long
1994,106,1.467879,0.113924,0.757955,2,107.651605,scenario_003,short
1995,106,1.295508,0.274566,0.759619,1,109.722141,scenario_003,short
1996,106,9.878865,0.232323,0.462901,0,161.36149,scenario_003,medium
1997,106,12.449277,0.909036,0.707909,1,140.08645,scenario_003,medium
1998,106,1.694172,0.263927,0.712745,1,110.980026,scenario_003,short
1999,106,15.052892,0.926253,0.211621,0,188.319442,scenario_003,medium
2000,106,9.45308,0.684803,0.694149,1,130.094317,scenario_003,long
2001,107,7.705834,0.204876,0.44197,0,146.22221,scenario_003,medium
2002,107,0.719421,0.368684,0.815618,2,108.030745,scenario_003,short
2003,107,1.530627,0.401317,1.0,0,114.58399,scenario_003,short
2004,107,0.988868,0.459573,0.412532,0,111.171249,scenario_003,short
2005,107,1.454075,0.209431,1.0,1,110.98696,scenario_003,short
2006,107,7.301986,0.33485,0.824374,0,134.41751,scenario_003,medium
2007,107,1.502154,0.177722,0.588492,1,110.114522,scenario_003,short
2008,107,1.318592,0.361527,0.668707,0,113.10615,scenario_003,short
2009,107,1.730318,0.105366,0.566701,2,109.553789,scenario_003,short
2010,107,22.588459,0.748877,0.627085,2,149.800015,scenario_003,long
2011,107,1.854992,0.140623,0.282028,0,113.021183,scenario_003,short
2012,107,1.765791,0.333594,0.786739,0,115.345695,scenario_003,short
2013,107,0.933619,0.329366,0.863825,0,111.583871,scenario_003,short
2014,107,11.103793,0.670161,0.253274,1,139.533335,scenario_003,medium
2015,107,12.76433,0.545194,0.628269,2,125.348414,scenario_003,medium
2016,107,1.545749,0.120761,0.554762,2,110.085874,scenario_003,short
2017,107,8.863087,0.663954,0.928793,1,123.871994,scenario_003,medium
2018,108,21.114809,0.484696,0.61585,0,177.033529,scenario_003,long
2019,108,1.038072,0.218471,0.333398,2,109.943703,scenario_003,short
2020,108,0.917552,0.309086,0.656268,1,110.158201,scenario_003,short
2021,108,1.905539,0.396809,0.917707,2,110.652239,scenario_003,short
2022,108,1.500648,0.35675,0.203679,0,113.733525,scenario_003,short
2023,108,12.725145,0.505629,0.586019,2,125.174113,scenario_003,medium
2024,108,1.525653,0.097454,0.423847,0,115.078695,scenario_003,short
2025,108,1.512009,0.54787,0.950869,0,113.235052,scenario_003,short
2026,108,21.073375,0.520793,0.242969,1,170.115981,scenario_003,medium
2027,108,10.716614,0.583778,0.516041,1,134.125707,scenario_003,medium
2028,108,9.964487,0.548547,0.265615,2,119.309874,scenario_003,medium
2029,108,1.075758,0.152814,0.066197,0,112.655346,scenario_003,short
2030,108,1.565849,0.204132,0.551919,0,115.327707,scenario_003,short
2031,108,1.302946,0.189567,0.692617,0,112.83473,scenario_003,short
2032,108,1.098004,0.072838,0.710725,1,110.664943,scenario_003,short
2033,108,14.949969,0.451183,0.248112,1,140.65256,scenario_003,medium
2034,109,1.077487,0.214757,0.142225,0,113.414349,scenario_003,short
2035,109,2.68984,0.100357,0.850184,0,120.771719,scenario_003,short
2036,109,13.832415,0.528406,0.913796,2,133.09113,scenario_003,medium
2037,109,2.102931,0.117147,0.580222,0,118.960147,scenario_003,short
2038,109,16.634245,0.612382,0.76382,1,138.571941,scenario_003,long
2039,109,16.284321,0.589891,0.942069,0,199.503594,scenario_003,medium
2040,109,1.830238,0.306282,1.0,0,118.723496,scenario_003,short
2041,109,2.349921,0.684846,0.781284,2,112.117239,scenario_003,short
2042,109,1.937485,0.585223,0.268362,1,112.884378,scenario_003,short
2043,109,1.728608,0.15165,0.415388,1,113.478276,scenario_003,short
2044,109,0.99992,0.594391,0.704958,2,110.369275,scenario_003,short
2045,109,1.428288,0.652236,0.188931,0,116.14034,scenario_003,short
2046,109,1.961347,0.323764,0.711115,0,117.828033,scenario_003,short
2047,109,2.045969,0.074341,0.474341,2,112.620494,scenario_003,short
2048,110,10.523975,0.341722,1.0,1,135.659455,scenario_003,medium
2049,110,7.979675,0.711997,1.0,0,150.74802,scenario_003,medium
2050,110,4.185507,0.335896,0.148287,2,115.805731,scenario_003,medium
2051,110,1.106189,0.219587,0.48972,0,115.1177,scenario_003,short
2052,110,1.437135,0.400826,0.983524,0,114.640449,scenario_003,short
2053,110,1.392276,0.583539,0.24119,0,116.485967,scenario_003,short
2054,110,1.431446,0.076717,0.526247,0,117.249239,scenario_003,short
2055,110,0.814295,0.41473,0.590205,0,114.610544,scenario_003,short
2056,110,1.472425,0.079753,0.447758,0,114.750943,scenario_003,short
2057,110,20.775768,0.667138,1.0,1,150.797178,scenario_003,medium
2058,110,31.089956,0.778033,0.679929,2,162.055098,scenario_003,long
2059,110,16.819626,0.712471,0.306952,0,202.464238,scenario_003,long
2060,110,0.670267,0.278583,0.733068,1,111.73801,scenario_003,short
2061,110,16.380581,0.1709,0.274182,1,147.489779,scenario_003,medium
2062,110,1.251802,0.411781,0.647648,2,112.121723,scenario_003,short
2063,110,1.453652,0.739171,0.784465,0,114.703945,scenario_003,short
2064,110,1.428373,0.115707,0.748082,2,112.779211,scenario_003,short
2065,110,1.082764,0.309612,0.362224,0,114.578045,scenario_003,short
2066,110,1.056351,0.082331,0.439298,0,115.085384,scenario_003,short
2067,110,8.130645,0.30734,0.35157,1,134.285681,scenario_003,long
2068,110,0.545865,0.709132,0.776663,1,111.546862,scenario_003,short
2069,110,1.994717,0.146486,0.347591,1,114.865033,scenario_003,short
2070,110,1.413497,0.408875,0.63929,2,112.373391,scenario_003,short
2071,111,3.135321,0.197132,0.05,2,117.02134,scenario_003,short
2072,111,0.90542,0.090685,0.822472,1,113.49844,scenario_003,short
2073,111,1.879502,0.394204,0.310472,1,115.354094,scenario_003,short
2074,111,6.146027,0.332759,0.201026,1,122.920618,scenario_003,medium
2075,111,1.844515,0.408462,0.546491,0,119.111469,scenario_003,short
2076,111,1.222185,0.329669,0.600543,0,116.781661,scenario_003,short
2077,111,12.230356,0.691109,1.0,0,179.180251,scenario_003,medium
2078,111,7.243211,0.361661,0.701817,0,150.801608,scenario_003,medium
2079,111,1.281798,0.368877,0.504884,0,116.346089,scenario_003,short
2080,111,1.953012,0.610024,0.770147,1,115.524195,scenario_003,short
2081,111,1.807726,0.243581,0.830942,0,120.027535,scenario_003,short
2082,111,1.131834,0.392231,0.391325,1,113.132373,scenario_003,short
2083,111,0.760102,0.085667,0.41603,1,113.21644,scenario_003,short
2084,111,11.385674,0.562326,0.422851,1,130.439673,scenario_003,medium
2085,111,1.055643,0.156825,0.814958,1,113.591723,scenario_003,short
2086,111,6.561932,0.151326,0.728695,0,138.796861,scenario_003,medium
2087,111,8.816497,0.259021,0.748525,2,121.659875,scenario_003,medium
2088,111,1.122766,0.421571,0.161399,0,116.879414,scenario_003,short
2089,111,1.762503,0.053261,0.52233,1,114.169679,scenario_003,short
2090,112,2.533759,0.196548,0.359523,0,121.115424,scenario_003,short
2091,112,1.296456,0.54433,0.437007,1,114.363803,scenario_003,short
2092,112,11.000243,0.628003,0.949522,0,152.192467,scenario_003,medium
2093,112,13.860071,0.12883,0.447953,1,138.794268,scenario_003,medium
2094,112,0.969378,0.294766,0.347585,0,117.295621,scenario_003,short
2095,112,11.161743,0.55107,0.289839,0,160.939881,scenario_003,long
2096,112,6.542955,0.265933,0.713014,0,135.743302,scenario_003,medium
2097,112,1.318811,0.81582,0.650904,0,117.127622,scenario_003,short
2098,112,2.011248,0.439273,0.745914,0,121.18695,scenario_003,short
2099,112,1.501243,0.636922,0.7202,2,114.516444,scenario_003,short
2100,112,1.924883,0.100339,0.708395,2,115.144426,scenario_003,short
2101,112,0.845113,0.157964,0.474505,1,114.409431,scenario_003,short
2102,112,1.227648,0.090642,0.835595,1,114.374177,scenario_003,short
2103,112,1.69231,0.19793,0.05,0,120.171548,scenario_003,short
2104,112,1.456534,0.121873,0.219414,0,118.092265,scenario_003,short
2105,112,1.195397,0.620182,0.599612,1,115.319272,scenario_003,short
2106,112,0.615566,0.622179,1.0,0,114.872972,scenario_003,short
2107,112,17.760089,0.586083,0.935157,1,143.265708,scenario_003,medium
2108,112,1.271508,0.626815,0.753796,1,114.4106,scenario_003,short
2109,112,23.375357,0.321947,0.237285,0,237.491276,scenario_003,medium
2110,113,1.432495,0.260638,0.097708,2,114.950465,scenario_003,short
2111,113,9.971452,0.205037,0.132011,0,153.994064,scenario_003,medium
2112,113,1.818862,0.087241,0.646155,2,115.352058,scenario_003,short
2113,113,1.171871,0.517043,0.363712,0,118.004501,scenario_003,short
2114,113,12.061862,1.0,0.52697,2,132.524515,scenario_003,long
2115,113,14.838779,0.450486,0.700796,0,178.681396,scenario_003,medium
2116,113,1.471634,0.285595,0.612639,1,115.961973,scenario_003,short
2117,113,1.206975,0.081556,0.441236,2,114.729652,scenario_003,short
2118,113,1.687205,0.390113,0.777025,1,117.022743,scenario_003,short
2119,113,6.213647,0.305517,0.697012,1,124.624648,scenario_003,medium
2120,113,1.276059,0.801004,0.937186,0,119.603667,scenario_003,short
2121,113,1.981722,0.251489,0.55982,0,119.971123,scenario_003,short
2122,113,8.141475,0.303132,1.0,1,133.093132,scenario_003,medium
2123,113,0.895851,0.414126,0.651632,1,114.713983,scenario_003,short
2124,113,10.260373,0.155646,0.497497,1,131.952502,scenario_003,medium
2125,113,1.585033,0.163089,0.847581,0,119.652369,scenario_003,short
2126,114,10.195194,0.247026,1.0,2,133.57446,scenario_003,medium
2127,114,8.764188,0.695059,0.305796,1,128.500327,scenario_003,medium
2128,114,18.243431,0.862619,0.303231,0,195.265154,scenario_003,long
2129,114,1.022855,0.227086,0.490351,0,118.391076,scenario_003,short
2130,114,8.751617,0.335347,0.649264,2,130.676306,scenario_003,medium
2131,114,2.176939,0.317981,0.43954,0,125.606307,scenario_003,short
2132,114,15.393589,0.369094,0.516246,1,154.790079,scenario_003,medium
2133,114,0.753082,0.503582,0.697897,1,115.287376,scenario_003,short
2134,114,0.932311,0.574406,0.432822,1,115.865559,scenario_003,short
2135,114,3.193482,0.186945,0.079009,0,127.383388,scenario_003,short
2136,114,17.203684,0.450745,0.540782,0,179.958818,scenario_003,medium
2137,114,0.808293,0.073063,0.499901,0,117.821849,scenario_003,short
2138,114,2.031823,0.624961,0.538704,2,117.048957,scenario_003,short
2139,114,0.879375,0.087647,0.913648,0,118.683324,scenario_003,short
2140,114,2.256939,0.50758,0.769277,0,124.381607,scenario_003,short
2141,114,2.145186,0.280436,0.780912,0,122.681824,scenario_003,short
2142,115,8.059596,0.321928,0.220991,0,160.275442,scenario_003,medium
2143,115,1.925959,0.280392,0.773081,1,118.514116,scenario_003,short
2144,115,1.635064,0.600723,0.102355,0,120.899391,scenario_003,short
2145,115,22.945045,0.610891,0.69452,2,154.578331,scenario_003,medium
2146,115,1.55409,0.381093,0.75981,0,121.309945,scenario_003,short
2147,115,1.610678,0.136301,0.868796,0,121.237023,scenario_003,short
2148,115,1.220478,0.193869,0.145566,1,117.407239,scenario_003,short
2149,115,1.664809,0.411474,0.900133,1,118.113131,scenario_003,short
2150,115,15.053718,0.519966,0.792199,0,186.877634,scenario_003,medium
2151,115,1.4876,0.308471,0.05,0,123.018618,scenario_003,short
2152,115,1.865454,0.174887,0.158306,2,118.0011,scenario_003,short
2153,115,22.594342,0.241134,0.951755,1,160.7844,scenario_003,medium
2154,115,7.06216,0.698549,0.957057,0,143.258026,scenario_003,medium
2155,115,1.637374,0.22267,0.796081,0,123.842953,scenario_003,short
2156,115,1.873049,0.138326,0.437233,0,123.390486,scenario_003,short
2157,115,24.779134,0.691082,0.900295,2,151.85023,scenario_003,medium
2158,115,6.56565,0.577719,0.922253,0,139.810318,scenario_003,medium
2159,115,2.736987,0.594993,0.993638,1,122.228055,scenario_003,short
2160,115,0.988387,0.582492,0.727756,1,117.275014,scenario_003,short
2161,115,15.283138,0.887478,0.628068,1,158.412864,scenario_003,medium
2162,115,0.871438,0.166682,0.768728,1,117.573844,scenario_003,short
2163,115,9.94176,0.941283,0.89805,0,171.120614,scenario_003,long
2164,115,1.172811,0.243898,0.385795,0,118.730208,scenario_003,short
2165,116,1.278431,0.386478,0.491696,0,122.448761,scenario_003,short
2166,116,13.530445,0.838246,0.425549,1,139.640605,scenario_003,medium
2167,116,2.78005,0.804867,0.306828,1,121.897701,scenario_003,short
2168,116,1.473765,0.717376,0.79176,2,117.643737,scenario_003,short
2169,116,1.52311,0.347469,0.446433,1,118.608049,scenario_003,short
2170,116,0.768752,0.421999,1.0,2,117.249797,scenario_003,short
2171,116,1.370415,0.403343,0.74184,1,118.573605,scenario_003,short
2172,116,6.460571,0.422288,0.349015,0,144.474332,scenario_003,medium
2173,116,0.740962,0.597233,0.787858,2,117.008674,scenario_003,short
2174,116,10.89166,0.216427,0.267839,0,177.565575,scenario_003,medium
2175,116,9.875506,0.568328,0.608474,2,133.412751,scenario_003,medium
2176,116,10.567988,0.661537,0.744587,0,160.135861,scenario_003,medium
2177,116,16.45342,0.317392,0.683986,1,143.265339,scenario_003,medium
2178,116,1.091611,0.380296,0.552719,1,118.134035,scenario_003,short
2179,116,1.641167,0.73821,0.766953,2,119.20351,scenario_003,short
2180,116,1.683014,0.252761,1.0,1,119.85833,scenario_003,short
2181,116,1.319624,0.266056,0.469142,0,121.61541,scenario_003,short
2182,116,6.899741,0.37407,0.745484,0,146.055135,scenario_003,medium
2183,117,1.080983,0.240577,0.180314,0,123.109922,scenario_003,short
2184,117,7.916997,0.3401,1.0,1,133.74551,scenario_003,medium
2185,117,1.346999,0.221986,0.115902,0,124.408465,scenario_003,short
2186,117,59.663729,0.89908,0.291807,0,398.074381,scenario_003,long
2187,117,0.880731,0.109742,0.630811,2,118.0,scenario_003,short
2188,117,2.430378,0.089716,0.390541,2,120.401816,scenario_003,short
2189,117,1.537903,0.244669,0.672834,1,119.794821,scenario_003,short
2190,117,1.388979,0.335093,0.849043,0,123.662468,scenario_003,short
2191,117,1.999396,0.150913,0.625911,1,122.255727,scenario_003,short
2192,117,1.022556,0.257854,0.778538,0,121.102036,scenario_003,short
2193,117,5.015334,0.165196,0.467317,0,139.317308,scenario_003,medium
2194,117,0.859987,0.069426,0.95653,0,120.194924,scenario_003,short
2195,117,1.323248,0.769777,0.959406,0,124.054787,scenario_003,short
2196,117,1.214499,0.533571,1.0,0,121.342064,scenario_003,short
2197,117,0.926079,0.335584,0.608667,0,120.46263,scenario_003,short
2198,117,2.561062,0.652511,0.456401,1,121.745938,scenario_003,short
2199,117,1.147409,0.401418,0.407876,0,122.852898,scenario_003,short
2200,117,9.767078,0.638052,0.377294,0,169.204218,scenario_003,medium
2201,118,27.407809,0.685914,0.514756,0,210.558708,scenario_003,long
2202,118,1.026765,0.564992,0.720379,2,120.004056,scenario_003,short
2203,118,1.18936,0.342845,0.814933,0,124.490436,scenario_003,short
2204,118,1.9543,0.505698,0.91263,0,124.889851,scenario_003,short
2205,118,1.012925,0.716067,0.420165,0,122.988701,scenario_003,short
2206,118,1.556641,0.173594,0.666062,0,124.472048,scenario_003,short
2207,118,18.879599,0.635115,0.50339,0,183.510906,scenario_003,long
2208,118,5.928368,0.235112,0.791635,2,124.99953,scenario_003,medium
2209,118,1.029,0.4048,0.754257,1,120.674363,scenario_003,short
2210,118,3.841286,0.810812,0.517653,0,130.188452,scenario_003,short
2211,118,1.305196,0.195844,0.314931,0,125.30773,scenario_003,short
2212,118,19.688131,0.457889,0.474865,1,152.601283,scenario_003,medium
2213,118,1.080143,0.416409,0.760422,0,122.211052,scenario_003,short
2214,118,24.37663,0.464308,0.476919,0,237.586029,scenario_003,medium
2215,118,1.184136,0.28049,0.634194,0,122.673032,scenario_003,short
2216,118,1.384917,0.058325,0.794628,0,124.491994,scenario_003,short
2217,118,1.526237,0.663812,0.87761,1,121.060142,scenario_003,short
2218,119,31.466661,0.495151,0.804561,1,192.054475,scenario_003,long
2219,119,1.807603,0.445549,0.969891,0,129.052856,scenario_003,short
2220,119,1.192509,0.245189,0.499819,0,124.351259,scenario_003,short
2221,119,2.536372,0.234808,0.674479,1,125.651072,scenario_003,short
2222,119,1.166897,0.338391,0.758708,0,124.358968,scenario_003,short
2223,119,9.300321,0.573091,0.74642,1,145.750077,scenario_003,medium
2224,119,1.105695,0.091661,0.584398,2,120.86639,scenario_003,short
2225,119,1.052164,0.2157,0.880594,1,121.997889,scenario_003,short
2226,119,1.093651,0.832892,0.614106,2,120.662666,scenario_003,short
2227,119,2.067419,0.180557,0.325122,1,123.212635,scenario_003,short
2228,119,2.208897,0.33517,0.565202,0,126.89475,scenario_003,short
2229,119,17.766074,0.343771,0.962828,0,210.107175,scenario_003,long
2230,119,1.087631,0.296427,0.568805,0,124.096934,scenario_003,short
2231,119,2.062652,0.053963,0.292645,0,128.120742,scenario_003,short
2232,119,20.151497,1.0,0.66596,0,218.905084,scenario_003,long
2233,119,9.186124,0.582172,0.335606,2,129.435271,scenario_003,medium
2234,119,0.683622,0.190879,0.805146,0,122.607686,scenario_003,short
2235,119,1.25526,0.143824,0.908118,2,120.587536,scenario_003,short
2236,119,1.022592,0.103259,1.0,2,120.585107,scenario_003,short
2237,119,7.30533,0.192566,0.48538,1,132.564866,scenario_003,medium
2238,119,1.688618,0.756276,0.400066,0,126.859904,scenario_003,short
2239,119,14.893413,0.353928,0.435572,1,144.776602,scenario_003,medium
2240,120,6.877891,0.498045,0.940823,1,137.306309,scenario_003,medium
2241,120,10.039059,0.676917,0.680301,1,141.874406,scenario_003,medium
2242,120,1.310543,0.436228,0.440142,1,122.292802,scenario_003,short
2243,120,1.03403,0.113837,0.913485,0,123.379373,scenario_003,short
2244,120,8.16505,0.349566,0.981961,0,160.870844,scenario_003,medium
2245,120,0.824078,0.116969,0.712154,0,123.363893,scenario_003,short
2246,120,7.164786,0.383939,0.676914,1,138.001565,scenario_003,medium
2247,120,1.494514,0.602522,1.0,2,122.433047,scenario_003,short
2248,120,1.363205,0.136924,0.05,0,124.691714,scenario_003,short
2249,120,1.053795,0.383728,0.402976,0,124.742728,scenario_003,short
2250,120,10.93704,0.693121,0.493789,0,157.848485,scenario_003,long
2251,120,6.784266,0.672098,0.824583,2,130.863069,scenario_003,medium
2252,120,11.892801,0.592106,0.540985,2,141.458993,scenario_003,medium
2253,120,1.354163,0.511365,0.57757,1,122.746931,scenario_003,short
2254,120,14.957382,0.438961,0.41858,0,168.517504,scenario_003,medium
2255,121,2.251722,0.426885,0.667968,1,125.004465,scenario_003,short
2256,121,2.897372,0.337093,0.65258,0,133.090525,scenario_003,short
2257,121,1.422106,0.125275,0.960272,0,125.578809,scenario_003,short
2258,121,8.375655,0.955921,1.0,0,168.343489,scenario_003,medium
2259,121,11.125252,0.669809,0.260077,0,174.240849,scenario_003,medium
2260,121,5.561751,0.642806,0.841039,2,129.372431,scenario_003,medium
2261,121,4.576424,0.454936,0.789456,0,143.527904,scenario_003,medium
2262,121,1.102381,0.315183,0.630666,1,122.854954,scenario_003,short
2263,121,7.723501,0.221964,0.623517,0,163.309602,scenario_003,medium
2264,121,1.254369,0.240302,0.356127,0,126.551412,scenario_003,short
2265,121,1.000054,0.588833,0.861794,1,123.164048,scenario_003,short
2266,121,1.581578,0.275555,0.17793,2,123.718969,scenario_003,short
2267,121,5.931519,0.345693,0.966313,1,134.487806,scenario_003,medium
2268,121,1.827008,0.196448,0.558953,0,126.975424,scenario_003,short
2269,121,1.456468,0.511103,0.882003,0,127.420362,scenario_003,short
2270,121,1.657184,0.080624,0.69493,0,127.3118,scenario_003,short
2271,121,1.527571,0.259749,0.275718,0,128.239468,scenario_003,short
2272,121,1.487616,0.859772,0.519849,1,124.674503,scenario_003,short
2273,121,8.485261,0.197742,0.118575,2,136.988863,scenario_003,medium
2274,121,16.511001,0.46996,0.626503,0,177.373032,scenario_003,long
2275,122,55.082262,0.712595,0.787441,0,416.770214,scenario_003,long
2276,122,6.153454,0.580938,0.468929,1,139.268663,scenario_003,medium
2277,122,1.541206,0.283989,0.603337,1,126.48016,scenario_003,short
2278,122,17.998236,0.333763,0.682877,0,218.557766,scenario_003,medium
2279,122,6.619533,0.174962,0.316988,0,151.727456,scenario_003,medium
2280,122,1.150714,0.184748,0.276073,0,127.969871,scenario_003,short
2281,122,1.930773,0.065752,0.765906,0,130.043242,scenario_003,short
2282,122,0.652923,0.444573,0.176563,0,125.172836,scenario_003,short
2283,122,1.680818,0.122028,0.722259,1,125.824316,scenario_003,short
2284,122,0.998389,0.493647,0.662097,2,123.42873,scenario_003,short
2285,122,2.322296,0.111607,0.578056,0,129.248513,scenario_003,short
2286,122,1.999752,0.647445,1.0,0,132.41386,scenario_003,short
2287,122,1.778799,0.327924,0.696033,0,128.917863,scenario_003,short
2288,122,23.870752,0.376655,0.267094,0,242.617847,scenario_003,medium
2289,122,12.470844,0.233874,0.951086,0,184.000028,scenario_003,medium
2290,122,41.577989,0.821753,1.0,1,229.274311,scenario_003,long
2291,122,2.414665,0.181178,0.529566,0,132.495855,scenario_003,short
2292,123,1.344737,0.1378,0.459469,2,125.248241,scenario_003,short
2293,123,1.178952,0.079967,0.517404,2,125.055779,scenario_003,short
2294,123,1.702459,0.210814,0.159417,1,128.130803,scenario_003,short
2295,123,1.9828,0.336955,0.861135,0,131.054871,scenario_003,short
2296,123,0.645628,0.235284,0.335796,2,124.188524,scenario_003,short
2297,123,2.043445,0.44133,0.16826,2,126.260382,scenario_003,short
2298,123,9.888287,0.650793,0.717038,1,142.680699,scenario_003,medium
2299,123,2.30655,0.172508,0.52671,0,133.93693,scenario_003,short
2300,123,1.339577,0.304491,0.8879,2,124.878775,scenario_003,short
2301,123,1.03514,0.146679,0.551789,0,128.028866,scenario_003,short
2302,123,0.917461,0.311557,0.088083,0,126.629451,scenario_003,short
2303,123,9.17046,0.370079,0.519884,0,171.795982,scenario_003,medium
2304,123,1.084396,0.223223,0.740603,0,127.102589,scenario_003,short
2305,123,1.256114,0.102162,0.851605,0,129.621497,scenario_003,short
2306,123,12.95979,0.910276,0.636422,1,156.702075,scenario_003,medium
2307,123,20.948742,0.6159,0.478088,2,159.104788,scenario_003,medium
2308,123,1.769751,0.224315,0.762625,0,131.704814,scenario_003,short
2309,124,14.983166,0.253883,0.130799,0,173.284798,scenario_003,medium
2310,124,2.398549,0.327367,0.192065,1,130.19462,scenario_003,short
2311,124,1.09163,0.441384,1.0,0,129.423638,scenario_003,short
2312,124,1.132181,0.675732,0.204384,1,126.402209,scenario_003,short
2313,124,5.79849,0.237874,0.310916,1,136.453646,scenario_003,medium
2314,124,28.076944,0.465082,0.777907,1,197.184728,scenario_003,medium
2315,124,47.379018,0.465231,0.673837,1,201.993441,scenario_003,long
2316,124,13.412119,0.297882,0.6111,0,187.777594,scenario_003,medium
2317,124,6.424057,1.0,1.0,1,138.734605,scenario_003,medium
2318,124,1.227602,0.331436,0.309651,0,128.191159,scenario_003,short
2319,124,9.926346,0.458575,0.80827,1,153.421019,scenario_003,medium
2320,124,0.755825,0.445508,0.92619,0,128.110985,scenario_003,short
2321,124,0.972054,0.238735,0.306343,1,126.235946,scenario_003,short
2322,124,4.431239,0.234594,0.280255,1,131.79168,scenario_003,medium
2323,124,7.872862,0.157425,0.459199,0,148.58992,scenario_003,medium
2324,124,10.552015,0.445898,0.902221,1,153.138695,scenario_003,medium
2325,124,10.349313,0.710959,1.0,0,166.999158,scenario_003,medium
2326,124,4.343629,0.120266,0.149977,1,133.366077,scenario_003,medium
2327,125,13.276097,0.215081,0.564336,1,155.495475,scenario_003,medium
2328,125,31.889534,0.774839,1.0,2,179.349885,scenario_003,long
2329,125,1.841514,0.389535,0.647492,0,131.798569,scenario_003,short
2330,125,2.125927,0.592167,0.523815,1,129.524839,scenario_003,short
2331,125,1.759935,0.237733,0.700146,0,134.439511,scenario_003,short
2332,125,30.909161,0.799625,1.0,0,288.680124,scenario_003,long
2333,125,1.787948,0.086579,0.92015,0,134.213733,scenario_003,short
2334,125,15.965058,0.263752,0.824205,1,154.432464,scenario_003,long
2335,125,1.56256,0.421766,0.653235,0,133.462211,scenario_003,short
2336,125,1.54776,0.34517,1.0,2,127.609932,scenario_003,short
2337,125,1.181596,0.312702,0.637253,0,131.225926,scenario_003,short
2338,125,0.942591,0.623989,0.531683,0,128.192998,scenario_003,short
2339,125,0.759285,0.425167,0.814309,0,128.523798,scenario_003,short
2340,125,10.800077,0.893739,0.34606,0,173.666042,scenario_003,medium
2341,125,1.48119,0.164791,0.124757,2,127.450515,scenario_003,short
2342,125,1.851625,0.265379,0.463679,0,135.30755,scenario_003,short
2343,125,1.069692,0.07082,0.116504,0,129.158626,scenario_003,short
2344,126,1.289513,0.373208,0.650604,1,129.47584,scenario_003,short
2345,126,1.252599,0.437038,0.333514,0,132.584985,scenario_003,short
2346,126,1.194358,0.370685,1.0,1,129.422624,scenario_003,short
2347,126,1.920673,0.313529,0.185538,1,131.417715,scenario_003,short
2348,126,11.410353,0.761324,0.430611,0,161.425457,scenario_003,medium
2349,126,2.566487,0.381147,0.511806,0,138.817004,scenario_003,short
2350,126,0.931175,0.145663,0.431417,0,130.612387,scenario_003,short
2351,126,0.985708,0.403962,0.726025,0,130.502582,scenario_003,short
2352,126,14.377612,0.802947,0.22755,0,199.110627,scenario_003,medium
2353,126,1.313855,0.341492,0.513116,0,131.757331,scenario_003,short
2354,126,1.134444,0.18289,0.723114,1,128.363022,scenario_003,short
2355,126,8.964297,0.860319,0.714744,1,149.586919,scenario_003,medium
2356,126,1.496822,0.417298,0.545293,1,130.476444,scenario_003,short
2357,126,1.4241,0.327077,1.0,1,128.839596,scenario_003,short
2358,126,13.077235,0.333321,0.533113,0,191.747685,scenario_003,medium
2359,126,1.197609,0.266516,0.409393,0,130.732704,scenario_003,short
2360,126,12.818806,0.611305,0.763385,0,193.869236,scenario_003,medium
2361,126,15.135209,0.573785,0.667473,0,211.556141,scenario_003,medium
2362,127,20.776341,0.911438,0.73401,1,181.729234,scenario_003,long
2363,127,1.547448,0.2041,0.405181,2,129.455449,scenario_003,short
2364,127,1.38376,0.591247,0.248487,0,134.203528,scenario_003,short
2365,127,1.997297,0.133701,0.05,0,135.240627,scenario_003,short
2366,127,2.365898,0.604508,0.799945,1,131.681619,scenario_003,short
2367,127,3.977032,0.411534,0.586935,0,139.562892,scenario_003,medium
2368,127,2.06382,0.220337,0.708112,0,136.363422,scenario_003,short
2369,127,7.225162,0.617779,0.903056,0,161.879587,scenario_003,medium
2370,127,0.649854,0.367244,0.551612,1,128.95556,scenario_003,short
2371,127,1.351671,0.224912,0.494498,1,129.58993,scenario_003,short
2372,127,1.12798,0.576237,0.11713,0,132.93197,scenario_003,short
2373,127,7.686782,0.826501,0.641571,2,136.431158,scenario_003,medium
2374,127,0.772568,0.331562,0.474258,1,129.175499,scenario_003,short
2375,127,4.527367,0.249521,0.947922,2,135.546865,scenario_003,medium
2376,127,2.021952,0.108324,0.770275,1,132.120303,scenario_003,short
2377,127,1.117841,0.379002,0.213804,1,130.085653,scenario_003,short
2378,127,0.923021,0.330407,0.295882,2,128.584184,scenario_003,short
2379,127,1.671349,0.399391,0.788061,1,130.48685,scenario_003,short
2380,128,1.77946,0.224719,0.05,0,137.297505,scenario_003,short
2381,128,11.102589,0.122092,0.269933,2,143.631841,scenario_003,medium
2382,128,8.376242,0.610528,0.795424,1,147.152029,scenario_003,medium
2383,128,1.731031,0.342362,0.392862,0,136.235237,scenario_003,short
2384,128,1.250626,0.149857,0.699453,0,132.155113,scenario_003,short
2385,128,13.879479,0.970551,0.191956,2,153.27619,scenario_003,medium
2386,128,1.807683,0.289887,0.770715,0,134.463101,scenario_003,short
2387,128,15.866707,1.0,0.802071,0,187.871519,scenario_003,medium
2388,128,1.065013,0.05808,0.612308,1,129.853041,scenario_003,short
2389,128,1.707953,0.29329,0.767552,0,137.089369,scenario_003,short
2390,128,16.561696,0.459365,0.187607,1,177.094346,scenario_003,medium
2391,128,15.150571,0.336286,0.73213,0,187.437624,scenario_003,medium
2392,128,1.873091,0.44193,0.694361,1,133.224632,scenario_003,short
2393,128,1.20121,0.087474,0.511106,0,132.224595,scenario_003,short
2394,128,10.485407,0.404179,0.533891,0,177.39666,scenario_003,medium
2395,128,2.143347,0.067422,0.741804,1,131.597238,scenario_003,short
2396,128,2.064556,0.260383,0.670669,0,134.415143,scenario_003,short
2397,128,2.204261,0.601488,0.228171,0,135.654826,scenario_003,short
2398,128,8.193109,0.414665,0.616878,0,154.729896,scenario_003,medium
2399,128,0.815149,0.164458,0.515246,0,131.142486,scenario_003,short
2400,128,1.647708,0.34415,0.733123,0,137.248408,scenario_003,short
2401,128,1.983259,0.41134,0.821995,2,130.915557,scenario_003,short
2402,128,2.088853,0.317951,0.502545,1,133.651691,scenario_003,short
2403,129,2.835125,0.352976,0.626539,0,144.761279,scenario_003,short
2404,129,1.791559,0.378684,0.13081,0,139.105731,scenario_003,short
2405,129,20.015222,0.495197,0.737739,1,186.198539,scenario_003,long
2406,129,2.128431,0.327122,0.728146,0,138.270049,scenario_003,short
2407,129,21.992908,0.589017,0.22729,0,243.638149,scenario_003,medium
2408,129,12.481843,0.216518,0.559021,1,152.320763,scenario_003,medium
2409,129,18.127891,0.98514,0.410691,0,225.118237,scenario_003,medium
2410,129,10.503774,0.964466,1.0,1,148.033313,scenario_003,long
2411,129,4.911818,0.622126,0.413151,0,147.040876,scenario_003,medium
2412,129,6.34522,0.170358,0.599809,0,152.000473,scenario_003,medium
2413,129,1.159128,0.281583,0.223238,2,130.49437,scenario_003,short
2414,129,9.421193,0.365197,0.393033,1,145.31844,scenario_003,medium
2415,129,1.142415,0.168599,0.736402,1,131.360327,scenario_003,short
2416,129,0.901842,0.384062,0.384986,1,130.622832,scenario_003,short
2417,129,1.24192,0.422557,0.602542,0,133.002866,scenario_003,short
2418,129,3.369706,0.492513,0.567164,2,133.199164,scenario_003,short
2419,129,2.622781,0.084288,0.05,0,140.731498,scenario_003,short
2420,129,9.437309,0.29691,0.471299,0,170.990377,scenario_003,medium
2421,129,19.039645,0.672078,0.972507,0,207.817245,scenario_003,medium
2422,129,16.962605,0.43079,0.581377,0,201.563202,scenario_003,long
2423,129,19.438178,0.854963,0.702795,0,197.481536,scenario_003,long
2424,129,1.54991,0.187706,0.303447,1,132.395145,scenario_003,short
2425,129,16.034821,0.503247,0.911712,0,219.744831,scenario_003,medium
2426,130,1.276081,0.345062,0.514778,1,132.481249,scenario_003,short
2427,130,1.255943,0.81838,1.0,0,134.118175,scenario_003,short
2428,130,8.143126,0.627412,0.718245,1,153.214998,scenario_003,medium
2429,130,18.073918,0.33318,0.679671,0,203.478943,scenario_003,long
2430,130,39.017929,0.721243,0.734383,1,215.587628,scenario_003,long
2431,130,1.026869,0.100221,0.441846,1,132.545328,scenario_003,short
2432,130,21.678628,0.640563,0.900809,0,250.579706,scenario_003,medium
2433,130,1.331893,0.584823,0.688513,0,135.929834,scenario_003,short
2434,130,1.04718,0.189155,0.864481,2,131.863809,scenario_003,short
2435,130,1.556871,0.365302,0.781496,1,133.761476,scenario_003,short
2436,130,6.206648,0.48701,0.596183,1,148.028626,scenario_003,medium
2437,130,1.874284,0.359113,0.814917,0,135.840115,scenario_003,short
2438,130,13.477635,0.845044,0.29388,1,169.766235,scenario_003,medium
2439,130,0.980888,0.216873,0.169595,0,133.497469,scenario_003,short
2440,130,15.697299,0.941381,0.274268,2,149.870688,scenario_003,medium
2441,130,0.704335,0.438907,0.794862,0,132.181764,scenario_003,short
2442,130,2.331158,0.227441,0.263064,1,136.476429,scenario_003,short
2443,130,8.993208,0.840421,0.482923,0,172.848468,scenario_003,long
2444,130,17.016123,0.230216,0.731798,0,210.074771,scenario_003,medium
2445,130,0.899911,0.592049,0.625961,0,134.59199,scenario_003,short
2446,131,16.433174,0.670097,0.404742,2,156.212485,scenario_003,medium
2447,131,1.371859,0.37446,0.674722,0,138.198905,scenario_003,short
2448,131,1.350892,0.232632,0.215056,0,135.213575,scenario_003,short
2449,131,1.330503,0.128069,0.326254,1,134.19853,scenario_003,short
2450,131,16.70408,0.776345,0.340407,0,182.892301,scenario_003,medium
2451,131,1.282656,0.178879,0.844256,0,136.835705,scenario_003,short
2452,131,1.7412,0.181598,0.725622,0,137.039125,scenario_003,short
2453,131,0.617277,0.314251,1.0,1,132.663139,scenario_003,short
2454,131,7.773657,1.0,0.293571,0,164.102255,scenario_003,medium
2455,131,2.148669,0.424038,0.365874,0,140.580298,scenario_003,short
2456,131,22.84415,0.722994,0.882324,1,175.89485,scenario_003,long
2457,131,47.492988,0.3041,0.627106,0,392.67716,scenario_003,long
2458,131,21.028153,0.648603,0.429156,1,182.395853,scenario_003,medium
2459,131,8.795453,0.880383,0.907662,1,152.373984,scenario_003,medium
2460,131,2.091432,0.350771,0.52234,1,136.874933,scenario_003,short
2461,131,13.774695,0.171987,0.752411,1,156.465724,scenario_003,medium
2462,131,1.446413,0.249359,0.587687,0,138.097414,scenario_003,short
2463,131,1.569464,0.404224,0.610191,1,134.38007,scenario_003,short
2464,131,1.671763,0.139548,0.701579,2,133.528841,scenario_003,short
2465,131,29.904977,0.555435,0.146694,2,164.662371,scenario_003,long
2466,131,15.492219,0.155809,0.396401,0,217.014864,scenario_003,medium
2467,131,0.990852,0.261474,0.672152,0,135.204569,scenario_003,short
2468,131,1.551566,0.15546,0.693204,0,137.027849,scenario_003,short
2469,132,7.591072,0.184791,0.101134,1,146.912991,scenario_003,medium
2470,132,0.699445,0.257645,0.751974,0,135.848435,scenario_003,short
2471,132,1.277482,0.099057,0.41893,0,136.331024,scenario_003,short
2472,132,1.228333,0.316681,0.984484,0,137.647706,scenario_003,short
2473,132,1.239432,0.433909,0.570927,0,138.011823,scenario_003,short
2474,132,0.961903,0.345067,0.196315,1,133.686293,scenario_003,short
2475,132,1.178733,0.333777,0.922851,0,138.474308,scenario_003,short
2476,132,8.045649,0.864125,0.568348,0,172.489539,scenario_003,medium
2477,132,1.685894,0.762347,1.0,1,134.906787,scenario_003,short
2478,132,1.995685,0.439925,1.0,0,138.756552,scenario_003,short
2479,132,6.305811,0.68343,0.166169,2,140.747289,scenario_003,medium
2480,132,13.468566,0.347341,0.393175,0,178.473298,scenario_003,long
2481,132,1.200481,0.47887,0.869573,2,134.364462,scenario_003,short
2482,132,33.111894,0.986144,1.0,0,293.699662,scenario_003,long
2483,132,2.845944,0.42529,0.435399,1,139.456964,scenario_003,short
2484,132,0.741553,0.101463,1.0,0,135.982527,scenario_003,short
2485,132,2.128938,0.277498,0.635014,1,135.910939,scenario_003,short
2486,132,11.500616,0.386193,0.574335,0,172.916201,scenario_003,medium
2487,132,8.983956,0.824983,0.18554,1,153.051846,scenario_003,long
2488,132,1.076031,0.080606,0.391451,0,137.122254,scenario_003,short
2489,133,0.934648,0.194075,0.516399,0,136.350798,scenario_003,short
2490,133,1.096233,0.499821,0.409138,0,137.437628,scenario_003,short
2491,133,11.337238,0.132842,0.553591,0,190.546598,scenario_003,medium
2492,133,5.4858,0.09215,0.534509,1,144.836062,scenario_003,short
2493,133,0.620414,0.247143,0.216633,0,136.478901,scenario_003,short
2494,133,0.647813,0.350923,0.224507,2,134.186787,scenario_003,short
2495,133,14.798484,0.751443,0.559809,1,167.012185,scenario_003,long
2496,133,4.957716,0.222997,0.534508,0,149.436983,scenario_003,medium
2497,133,0.996665,0.147428,0.638088,1,134.795811,scenario_003,short
2498,133,1.580358,0.122941,0.318966,0,140.133111,scenario_003,short
2499,133,1.84946,0.237503,0.860009,0,138.807515,scenario_003,short
2500,133,16.199476,0.419394,1.0,2,154.014305,scenario_003,medium
2501,133,11.134073,0.220296,0.377773,1,152.607037,scenario_003,medium
2502,133,11.713162,0.489813,0.40651,2,154.053078,scenario_003,medium
2503,133,1.284155,0.328728,0.762312,0,137.708276,scenario_003,short
2504,133,8.694951,0.427628,0.125761,0,171.493298,scenario_003,medium
2505,133,1.803022,0.391916,0.751746,2,136.554846,scenario_003,short
2506,134,12.421113,0.26379,0.112733,0,198.330137,scenario_003,medium
2507,134,7.641856,0.594543,0.518897,2,146.72301,scenario_003,medium
2508,134,7.670138,0.688558,0.735151,1,150.299917,scenario_003,medium
2509,134,1.893646,0.448436,0.509651,1,137.828381,scenario_003,short
2510,134,8.363127,0.519641,0.447232,0,162.849217,scenario_003,medium
2511,134,2.869834,0.328066,0.463376,0,147.837199,scenario_003,short
2512,134,12.736728,0.256075,0.368611,0,174.341984,scenario_003,medium
2513,134,11.980262,0.413867,0.716824,1,161.886531,scenario_003,medium
2514,134,1.46791,0.35615,0.100886,1,136.954801,scenario_003,short
2515,134,29.172854,0.833192,0.405555,1,185.199043,scenario_003,medium
2516,134,10.772332,0.478183,0.676333,2,150.93167,scenario_003,medium
2517,134,7.193852,0.382666,0.380715,0,169.505678,scenario_003,medium
2518,134,1.488942,0.090628,0.423204,1,136.714363,scenario_003,short
2519,134,1.148174,0.435209,0.855693,2,135.496125,scenario_003,short
2520,134,0.649934,0.785489,0.359986,0,137.426026,scenario_003,short
2521,134,20.861472,0.708944,0.146497,1,178.366074,scenario_003,medium
2522,134,13.306174,0.478906,0.416446,1,158.696534,scenario_003,medium
2523,134,1.912004,0.1632,0.100214,1,138.031003,scenario_003,short
2524,134,18.815621,1.0,0.734168,1,184.742977,scenario_003,long
2525,134,1.523866,0.100511,1.0,0,140.471062,scenario_003,short
2526,135,2.052378,0.442179,0.664328,2,138.191663,scenario_003,short
2527,135,12.662094,0.671525,0.600802,0,196.26393,scenario_003,medium
2528,135,1.427466,0.102129,0.166954,0,142.188761,scenario_003,short
2529,135,16.928436,0.667375,0.593506,0,197.637135,scenario_003,medium
2530,135,1.033615,0.242325,0.05,1,137.602318,scenario_003,short
2531,135,48.552077,0.545491,0.458947,1,279.59136,scenario_003,long
2532,135,1.039423,0.294011,0.58754,2,136.998911,scenario_003,short
2533,135,1.316264,0.398769,0.380131,0,141.740797,scenario_003,short
2534,135,1.452044,0.323139,0.499603,0,139.676277,scenario_003,short
2535,135,1.979493,0.071636,0.625607,0,141.739958,scenario_003,short
2536,135,9.797493,0.163754,0.573576,0,171.154591,scenario_003,medium
2537,135,1.741654,0.435284,0.516862,0,143.720227,scenario_003,short
2538,135,1.430925,0.310875,0.704642,0,141.630452,scenario_003,short
2539,135,11.618558,0.940867,0.551243,0,190.250667,scenario_003,medium
2540,135,0.967539,0.303773,1.0,0,139.287842,scenario_003,short
2541,135,10.770232,0.790928,0.372537,0,168.999455,scenario_003,medium
2542,136,0.76694,0.33695,0.926118,1,138.182037,scenario_003,short
2543,136,8.179829,0.685894,0.668796,1,152.826845,scenario_003,medium
2544,136,1.364788,0.416318,0.279022,0,140.608411,scenario_003,short
2545,136,11.937963,0.615492,1.0,0,201.450036,scenario_003,medium
2546,136,0.763002,0.397856,0.815917,1,137.887298,scenario_003,short
2547,136,4.658111,0.708247,0.61618,0,156.631463,scenario_003,medium
2548,136,1.670538,0.051896,1.0,1,140.457108,scenario_003,short
2549,136,22.544022,0.892878,0.338596,0,209.94132,scenario_003,long
2550,136,1.595595,0.388964,1.0,1,139.638149,scenario_003,short
2551,136,1.120087,0.267018,0.270781,2,137.721016,scenario_003,short
2552,136,6.796956,0.933363,0.915558,0,169.796601,scenario_003,medium
2553,136,0.945162,0.055344,0.25562,2,137.415702,scenario_003,short
2554,136,0.706669,0.588815,0.372373,0,139.449985,scenario_003,short
2555,136,1.024336,0.297704,0.718583,0,140.576484,scenario_003,short
2556,136,1.016998,0.417594,0.130371,1,138.883542,scenario_003,short
2557,136,0.781096,0.166065,0.467016,2,137.524434,scenario_003,short
2558,136,0.397238,0.104417,0.104773,1,137.0,scenario_003,short
2559,136,8.189424,0.200044,0.811471,1,154.538127,scenario_003,medium
2560,136,1.70133,0.193814,0.787761,1,139.971198,scenario_003,short
2561,136,1.07341,0.092846,0.376949,1,139.181563,scenario_003,short
2562,136,19.927575,0.732491,0.817256,0,201.516733,scenario_003,medium
2563,137,10.437918,0.910806,0.279041,0,170.701904,scenario_003,medium
2564,137,1.275352,0.401944,0.647601,0,142.381772,scenario_003,short
2565,137,8.362013,0.259119,0.76664,1,160.654007,scenario_003,medium
2566,137,21.739252,0.967373,0.754585,1,183.490221,scenario_003,long
2567,137,2.319881,0.723578,0.677459,0,144.240483,scenario_003,short
2568,137,1.196494,0.781569,0.764635,0,143.551397,scenario_003,short
2569,137,14.176758,0.60536,0.450498,0,211.591453,scenario_003,medium
2570,137,1.791224,0.138676,0.478069,1,141.765914,scenario_003,short
2571,137,11.488325,0.401378,0.603769,1,165.20797,scenario_003,medium
2572,137,4.563165,0.652864,1.0,2,142.674589,scenario_003,medium
2573,137,1.364873,0.334946,0.287745,0,143.843705,scenario_003,short
2574,137,1.864208,0.313698,0.740248,0,146.353577,scenario_003,short
2575,137,11.959454,0.4841,0.738772,2,152.619541,scenario_003,medium
2576,137,2.685375,0.130407,0.21303,2,141.714648,scenario_003,short
2577,137,17.583123,0.36208,0.402485,0,209.340286,scenario_003,medium
2578,137,16.827012,0.969727,0.66444,1,177.995474,scenario_003,long
2579,138,1.050806,0.599723,0.914202,0,143.520479,scenario_003,short
2580,138,0.642292,0.211122,0.607784,2,139.0,scenario_003,short
2581,138,1.335816,0.280301,0.427069,2,139.964967,scenario_003,short
2582,138,0.959237,0.431258,1.0,0,142.739446,scenario_003,short
2583,138,2.67692,0.394302,0.925343,0,149.707131,scenario_003,short
2584,138,7.606678,0.542205,0.918326,0,179.754675,scenario_003,medium
2585,138,6.278528,0.605555,0.370007,1,155.686536,scenario_003,medium
2586,138,0.543772,0.587243,0.284603,1,139.007074,scenario_003,short
2587,138,8.150194,0.600454,0.184471,0,173.798382,scenario_003,medium
2588,138,1.508801,0.191808,0.096761,0,145.429679,scenario_003,short
2589,138,10.790446,0.318378,0.621428,2,152.277979,scenario_003,medium
2590,138,2.656832,0.425099,0.750064,1,145.085625,scenario_003,short
2591,138,1.078614,0.483183,0.09832,1,139.816048,scenario_003,short
2592,138,18.309881,0.43759,0.421301,2,170.391808,scenario_003,medium
2593,138,1.805933,0.430121,0.398338,0,143.886112,scenario_003,short
2594,138,9.943969,0.578012,1.0,0,174.709698,scenario_003,medium
2595,138,15.645426,0.496656,0.514325,0,205.773684,scenario_003,medium
2596,138,8.844256,0.716553,0.757129,0,179.520845,scenario_003,medium
2597,138,7.1817,0.137165,0.631467,0,170.369972,scenario_003,medium
2598,138,1.748862,0.732921,0.782219,0,146.874571,scenario_003,short
2599,138,5.152171,0.726143,1.0,1,149.21,scenario_003,medium
2600,138,1.527885,0.084958,1.0,1,141.137162,scenario_003,short
2601,138,1.980135,0.203292,0.710206,0,148.456667,scenario_003,short
2602,138,23.285833,0.677446,0.147969,0,239.633557,scenario_003,long
2603,139,1.21251,0.667706,0.629002,1,141.388105,scenario_003,short
2604,139,12.921968,0.574576,0.651414,2,159.268641,scenario_003,long
2605,139,16.934875,0.152933,0.248475,0,224.689702,scenario_003,medium
2606,139,7.423148,0.255176,0.561734,0,166.6146,scenario_003,medium
2607,139,3.125034,0.099705,0.780939,1,147.873766,scenario_003,short
2608,139,6.119151,0.537399,0.455019,1,155.161671,scenario_003,medium
2609,139,2.127566,0.647318,1.0,1,145.29871,scenario_003,short
2610,139,1.501704,0.126229,0.383052,1,142.333088,scenario_003,short
2611,139,1.206793,0.248071,0.284469,0,144.579277,scenario_003,short
2612,139,1.314223,0.15813,0.232868,1,141.98117,scenario_003,short
2613,139,0.719366,0.193996,0.64191,0,142.804465,scenario_003,short
2614,139,1.379537,0.226828,0.764613,0,146.548214,scenario_003,short
2615,139,1.332352,0.708712,0.627982,1,142.379138,scenario_003,short
2616,139,9.747092,0.587805,0.679551,1,167.515196,scenario_003,medium
2617,139,1.524742,0.833396,0.295801,0,144.893313,scenario_003,short
2618,139,16.005987,0.832912,0.92071,1,173.789672,scenario_003,long
2619,139,1.708656,0.190319,1.0,0,146.851607,scenario_003,short
2620,139,5.535744,0.654212,0.486122,1,149.287108,scenario_003,medium
2621,139,1.052403,0.58681,0.574121,0,144.343479,scenario_003,short
2622,140,1.893961,0.111264,0.269446,1,145.104101,scenario_003,short
2623,140,7.995858,0.481582,0.546008,2,155.728622,scenario_003,medium
2624,140,1.361724,0.428298,0.69714,1,143.301233,scenario_003,short
2625,140,7.586448,0.47533,0.500594,1,161.783725,scenario_003,long
2626,140,12.848612,0.56888,0.914678,0,190.42098,scenario_003,medium
2627,140,1.503887,0.541114,0.825196,1,144.278696,scenario_003,short
2628,140,8.535193,0.57272,0.87238,1,161.101138,scenario_003,long
2629,140,1.44139,0.148418,0.72402,1,144.291662,scenario_003,short
2630,140,1.177486,0.375422,0.959445,1,142.211763,scenario_003,short
2631,140,1.246669,0.292085,0.562985,0,144.896415,scenario_003,short
2632,140,1.799487,0.217698,0.891222,2,142.258949,scenario_003,short
2633,140,14.62346,0.558428,0.258111,2,164.583154,scenario_003,medium
2634,140,1.008239,0.4493,0.475071,1,141.935706,scenario_003,short
2635,140,1.732191,0.401833,0.7789,1,143.884939,scenario_003,short
2636,140,1.979947,0.161329,0.05,1,145.228155,scenario_003,short
2637,140,1.514106,0.069333,0.077876,0,146.526457,scenario_003,short
2638,140,1.757421,0.618419,0.264602,1,144.337897,scenario_003,short
2639,140,0.774865,0.408234,0.914804,1,141.758865,scenario_003,short
2640,140,1.133903,0.705149,0.502915,0,145.000365,scenario_003,short
2641,140,1.704314,0.368249,0.432505,1,144.605357,scenario_003,short
2642,140,1.220963,0.128646,1.0,2,142.048372,scenario_003,short
2643,140,0.897505,0.446126,0.398534,0,144.558093,scenario_003,short
2644,140,0.991682,0.664553,0.142683,0,143.396982,scenario_003,short
2645,140,1.644812,0.348781,0.486319,1,144.382986,scenario_003,short
2646,140,1.694767,0.088154,0.162625,2,143.009516,scenario_003,short
2647,140,2.173825,0.435672,0.3913,0,149.377642,scenario_003,short
2648,140,1.268179,0.502895,0.248679,0,144.064306,scenario_003,short
2649,140,7.427444,0.199935,0.285949,1,152.74974,scenario_003,medium
2650,140,9.375183,0.186223,0.443667,1,161.964095,scenario_003,medium
2651,140,2.585943,0.159993,0.716505,2,142.952187,scenario_003,short
2652,140,1.164346,0.120977,0.114986,1,142.529572,scenario_003,short
2653,140,1.484895,0.395749,0.537668,1,143.03056,scenario_003,short
2654,140,1.490847,0.241947,0.739745,0,146.677144,scenario_003,short
2655,140,1.054112,0.125842,0.764547,0,143.766092,scenario_003,short
2656,140,16.532034,0.619174,0.283046,1,169.831232,scenario_003,medium
2657,140,1.341802,0.390169,0.73297,2,141.662401,scenario_003,short
2658,140,0.996204,0.32142,0.387632,1,142.830554,scenario_003,short
2659,140,1.018644,0.372367,0.663501,1,142.894452,scenario_003,short
2660,140,1.098081,0.079319,0.903779,1,141.946558,scenario_003,short
2661,140,6.101941,0.343476,0.893987,1,154.549664,scenario_003,medium
2662,140,12.777593,0.473149,1.0,0,182.975812,scenario_003,medium
2663,140,10.642294,0.322697,0.36594,0,187.654307,scenario_003,medium
2664,140,20.353152,0.571641,0.108041,0,230.78168,scenario_003,long
2665,140,17.060992,0.24072,0.465976,2,163.455176,scenario_003,medium
2666,140,1.474479,0.343244,0.734945,2,142.449717,scenario_003,short
2667,140,13.861339,0.445903,0.724333,2,156.201774,scenario_003,long
2668,140,8.473963,0.697259,0.350866,0,171.942103,scenario_003,medium
2669,140,17.791886,0.63552,0.449686,0,215.77651,scenario_003,medium
2670,140,0.837008,0.094269,0.49793,1,141.550763,scenario_003,short
2671,140,25.746053,0.8135,0.55697,1,189.577776,scenario_003,long
2672,140,3.318732,0.703806,0.735073,0,150.449999,scenario_003,short
2673,140,27.720587,0.35597,0.204724,2,195.036889,scenario_003,long
2674,140,2.50913,0.636547,0.440001,2,143.865449,scenario_003,short
2675,140,10.877842,0.54091,0.75938,0,179.31943,scenario_003,medium
2676,140,0.775993,0.071709,0.368624,0,143.117327,scenario_003,short
2677,140,1.662275,0.300965,0.333476,0,147.533998,scenario_003,short
2678,141,8.508505,0.306514,0.299851,0,178.657802,scenario_003,medium
2679,141,5.295612,0.239279,1.0,1,155.532498,scenario_003,medium
2680,141,16.341554,0.634918,0.400118,0,233.004296,scenario_003,medium
2681,141,12.095815,0.321033,0.439944,1,163.191478,scenario_003,medium
2682,141,1.42912,0.389868,0.618417,0,148.857925,scenario_003,short
2683,141,1.877581,0.132198,0.991234,1,145.482522,scenario_003,short
2684,141,1.613866,0.382325,0.261801,1,145.6687,scenario_003,short
2685,141,2.524528,0.105019,0.914482,1,146.80325,scenario_003,short
2686,141,3.051619,0.132304,0.661417,1,149.739893,scenario_003,short
2687,141,2.903217,0.224235,0.762509,0,155.054753,scenario_003,short
2688,141,0.87648,0.3289,0.536967,0,143.982823,scenario_003,short
2689,141,1.071661,0.199927,0.886221,2,142.438799,scenario_003,short
2690,141,23.301424,0.264448,0.838944,0,269.688266,scenario_003,long
2691,141,2.252124,0.423092,0.741267,0,153.683939,scenario_003,short
2692,141,6.995703,0.932627,0.575435,1,162.003689,scenario_003,medium
2693,141,1.670838,0.54459,0.859709,0,149.323672,scenario_003,short
2694,141,18.066192,0.818581,0.774903,0,198.401112,scenario_003,long
2695,141,0.853284,0.211172,0.204314,1,143.100079,scenario_003,short
2696,141,1.039439,0.230327,1.0,0,146.120394,scenario_003,short
2697,141,4.533563,0.597174,0.831329,0,156.928282,scenario_003,medium
2698,141,11.853391,0.31644,0.82769,1,166.878673,scenario_003,medium
2699,141,21.000069,1.0,0.662222,1,186.621867,scenario_003,long
2700,141,1.327062,0.372683,0.673844,0,147.660308,scenario_003,short
2701,141,10.646951,0.515584,0.927844,0,183.058238,scenario_003,medium
2702,141,1.745009,0.417676,0.254972,1,146.107404,scenario_003,short
2703,141,14.292074,0.507389,0.337103,0,212.821026,scenario_003,medium
2704,141,13.764672,0.181399,0.890721,1,170.826187,scenario_003,medium
2705,141,0.961147,0.18793,0.686341,2,142.147858,scenario_003,short
2706,141,0.895477,0.336821,0.885844,1,142.99013,scenario_003,short
2707,141,29.196861,0.263146,0.874361,0,248.413402,scenario_003,long
2708,141,1.769011,0.091732,1.0,1,145.384876,scenario_003,short
2709,141,1.645131,0.311633,0.109661,2,143.215014,scenario_003,short
2710,141,9.570656,0.242042,0.814689,2,156.264234,scenario_003,medium
2711,141,1.255243,0.345132,0.46042,2,143.404912,scenario_003,short
2712,141,15.469519,0.582056,0.767094,2,158.760442,scenario_003,long
2713,141,3.779121,0.179186,0.70625,0,155.337503,scenario_003,medium
2714,141,1.717911,0.438952,1.0,0,148.043943,scenario_003,short
2715,141,1.161013,0.111756,0.396578,0,145.438723,scenario_003,short
2716,141,39.628284,0.402689,0.169744,0,336.456771,scenario_003,long
2717,141,24.692674,0.885164,0.688844,0,223.652037,scenario_003,long
2718,141,0.827468,0.132772,0.854909,2,142.096376,scenario_003,short
2719,141,1.606364,0.327962,0.994209,0,146.016764,scenario_003,short
2720,141,4.957127,0.523377,0.584226,1,153.640959,scenario_003,medium
2721,141,1.188681,0.232092,0.573469,0,145.424126,scenario_003,short
2722,141,1.310007,0.081782,0.848636,1,144.013297,scenario_003,short
2723,141,15.185036,0.129652,0.157441,1,182.018008,scenario_003,medium
2724,141,1.244571,0.516613,0.830553,1,143.319637,scenario_003,short
2725,141,1.883182,0.063755,0.590515,1,144.331212,scenario_003,short
2726,141,1.210317,0.755256,0.071123,0,147.732942,scenario_003,short
2727,141,1.296223,0.37154,0.420395,0,145.754774,scenario_003,short
2728,141,1.689194,0.139924,0.908961,0,147.283817,scenario_003,short
2729,141,11.213076,0.701654,0.659858,0,179.339168,scenario_003,medium
2730,141,1.359103,0.294126,0.522513,2,143.338989,scenario_003,short
2731,141,7.909435,0.679241,0.833401,0,168.480007,scenario_003,medium
2732,141,15.496939,0.573472,0.414354,0,196.385812,scenario_003,medium
2733,141,30.345543,0.533275,0.734112,1,223.547826,scenario_003,medium
2734,141,1.083293,0.646817,0.248417,0,146.101098,scenario_003,short
2735,141,2.474037,0.0746,0.758192,2,144.54513,scenario_003,short
2736,141,1.072573,0.139258,0.110274,0,145.150945,scenario_003,short
2737,141,6.330182,0.49804,0.531621,0,172.203117,scenario_003,medium
2738,141,61.697155,0.278547,0.444268,0,367.928223,scenario_003,long
2739,141,1.255785,0.288396,0.555069,1,143.894083,scenario_003,short
2740,142,0.992741,0.312197,0.669568,1,144.609684,scenario_003,short
2741,142,1.932123,0.092722,0.922371,0,149.403937,scenario_003,short
2742,142,1.230295,0.329959,0.520978,0,147.119289,scenario_003,short
2743,142,0.667973,0.088614,0.452965,0,145.052055,scenario_003,short
2744,142,0.897006,0.448284,0.829364,0,145.08139,scenario_003,short
2745,142,3.110666,0.623735,0.562305,0,158.076272,scenario_003,short
2746,142,2.646113,0.264795,1.0,0,155.487591,scenario_003,short
2747,142,1.580295,0.692412,0.860953,0,150.446561,scenario_003,short
2748,142,1.709356,0.258834,0.994655,0,151.655267,scenario_003,short
2749,142,15.171619,0.807525,0.678427,1,174.978732,scenario_003,medium
2750,142,22.056575,0.734123,0.555839,1,187.590413,scenario_003,long
2751,142,2.421714,0.171561,0.844123,1,146.7377,scenario_003,short
2752,142,4.096886,0.62684,0.444969,0,159.686997,scenario_003,short
2753,142,12.644111,0.45305,0.556126,0,185.464035,scenario_003,medium
2754,142,0.952889,0.341183,0.124869,1,143.992143,scenario_003,short
2755,142,13.863207,0.912966,0.534963,1,180.024543,scenario_003,medium
2756,142,1.334806,0.256042,0.175244,0,148.719135,scenario_003,short
2757,142,20.026287,0.878935,0.89956,1,195.225898,scenario_003,long
2758,142,10.328148,0.540614,0.224487,1,160.168987,scenario_003,medium
2759,142,1.341451,0.338145,0.813287,0,148.846419,scenario_003,short
2760,142,1.484057,0.091219,0.634488,0,148.702334,scenario_003,short
2761,142,8.987408,0.43653,0.407896,0,189.697819,scenario_003,medium
2762,142,1.042336,0.227752,0.335719,1,145.033572,scenario_003,short
2763,142,17.895129,0.402198,0.41176,0,202.877323,scenario_003,long
2764,142,15.507972,0.455185,0.607333,0,192.602175,scenario_003,medium
2765,142,1.737619,0.21302,0.648287,1,145.937569,scenario_003,short
2766,142,1.675738,0.644769,0.690521,0,150.462675,scenario_003,short
2767,142,1.037153,0.609473,0.290993,1,143.964122,scenario_003,short
2768,142,0.895121,0.34135,0.445124,2,143.552412,scenario_003,short
2769,142,1.177949,0.552427,1.0,0,146.727532,scenario_003,short
2770,142,0.589307,0.243877,0.283039,1,143.60422,scenario_003,short
2771,142,16.392244,0.402571,0.298743,0,200.100173,scenario_003,long
2772,142,0.804946,0.391246,0.736849,1,143.819804,scenario_003,short
2773,142,8.813153,0.59101,0.430523,0,183.443518,scenario_003,medium
2774,142,11.619729,0.700934,0.991647,1,163.157937,scenario_003,medium
2775,142,12.725121,0.600678,0.894198,2,161.584928,scenario_003,medium
2776,142,1.529272,0.18866,0.60428,0,150.021499,scenario_003,short
2777,142,17.334174,1.0,0.645466,0,222.629996,scenario_003,medium
2778,142,1.060517,0.587031,0.460372,0,147.648303,scenario_003,short
2779,142,1.276928,0.584032,0.491737,0,146.777141,scenario_003,short
2780,142,1.287215,0.524131,0.655404,1,145.499406,scenario_003,short
2781,142,1.818432,0.232146,0.198981,1,147.23396,scenario_003,short
2782,142,1.490827,0.442064,0.708224,0,147.607915,scenario_003,short
2783,142,1.264971,0.238268,1.0,0,147.815977,scenario_003,short
2784,142,0.892954,0.169128,0.55238,0,146.727495,scenario_003,short
2785,142,0.958272,0.095047,0.334265,2,143.338539,scenario_003,short
2786,142,14.197176,0.558214,0.132187,0,217.141463,scenario_003,medium
2787,142,7.854461,0.579984,0.172239,0,174.195468,scenario_003,medium
2788,142,2.696182,0.497494,0.362995,1,149.043134,scenario_003,short
2789,142,1.53772,0.443223,0.194346,0,150.142917,scenario_003,short
2790,142,2.193382,0.174227,0.781149,0,149.253197,scenario_003,short
2791,142,2.293728,0.097103,0.167812,1,148.247384,scenario_003,short
2792,142,4.552536,0.435488,0.406596,0,162.889394,scenario_003,medium
2793,142,0.593563,0.566053,0.537628,2,143.0,scenario_003,short
2794,142,8.244966,0.907159,0.883457,0,175.842433,scenario_003,medium
2795,142,1.779304,0.439196,0.725841,0,149.592088,scenario_003,short
2796,142,1.796505,0.15623,0.697988,1,145.849666,scenario_003,short
2797,142,1.832954,0.701882,0.688506,2,144.798686,scenario_003,short
2798,142,9.207346,0.705624,0.135642,0,180.138435,scenario_003,medium
2799,142,1.421363,0.373491,0.844828,0,146.574906,scenario_003,short
2800,142,4.034044,0.843496,0.361678,1,148.932031,scenario_003,short
2801,142,2.568147,0.172657,0.181835,1,148.424245,scenario_003,short
2802,142,1.519299,0.421336,0.599674,1,145.554612,scenario_003,short
2803,143,1.217388,0.613902,0.829759,2,145.431808,scenario_003,short
2804,143,30.889478,0.752502,0.688554,0,263.008972,scenario_003,long
2805,143,8.257479,0.38318,1.0,0,171.299438,scenario_003,medium
2806,143,1.307566,0.301198,0.88901,0,148.888138,scenario_003,short
2807,143,3.041716,0.178251,0.513176,2,148.680394,scenario_003,short
2808,143,7.244681,0.440845,0.41963,0,181.030209,scenario_003,medium
2809,143,1.137821,0.403656,0.743535,1,146.178457,scenario_003,short
2810,143,8.221402,0.122185,0.437132,1,164.716251,scenario_003,medium
2811,143,8.05622,0.253821,0.464734,2,153.290204,scenario_003,medium
2812,143,21.972426,0.435987,0.718789,0,222.246246,scenario_003,medium
2813,143,13.066336,0.686554,0.522189,0,197.893283,scenario_003,medium
2814,143,6.72406,0.644013,0.726009,0,180.159457,scenario_003,medium
2815,143,1.01746,0.457804,0.882267,0,146.351671,scenario_003,short
2816,143,7.051005,0.476105,0.355191,2,157.141233,scenario_003,medium
2817,143,1.738809,0.233115,0.704875,1,146.507366,scenario_003,short
2818,143,0.663306,0.095824,0.546688,0,145.920163,scenario_003,short
2819,143,2.200371,0.260873,0.420366,2,145.468249,scenario_003,short
2820,143,10.951764,0.17678,0.188367,0,179.221227,scenario_003,medium
2821,143,1.175288,0.306677,0.378173,0,148.892317,scenario_003,short
2822,143,1.599466,0.223064,0.569559,1,145.827858,scenario_003,short
2823,143,14.708682,0.304389,0.74778,2,159.08753,scenario_003,medium
2824,143,1.029899,0.181,0.324186,0,146.79331,scenario_003,short
2825,143,1.910143,0.360111,0.23871,0,153.207686,scenario_003,short
2826,143,0.636573,0.142758,0.478852,0,146.492297,scenario_003,short
2827,143,14.474015,0.16528,0.952219,1,178.11615,scenario_003,medium
2828,143,35.431669,0.345975,0.89174,0,342.130212,scenario_003,long
2829,143,11.18857,0.439781,0.707649,0,183.315518,scenario_003,medium
2830,143,7.349779,0.616019,0.861673,1,159.4259,scenario_003,medium
2831,143,0.659221,0.475158,0.729121,1,144.170129,scenario_003,short
2832,143,1.948331,0.41553,1.0,1,146.39131,scenario_003,short
2833,143,1.826271,0.195101,0.988781,1,146.832422,scenario_003,short
2834,143,9.329095,0.585916,0.825543,0,172.775704,scenario_003,medium
2835,143,1.142107,0.35658,0.298794,0,147.898617,scenario_003,short
2836,143,1.887642,0.212599,0.36344,2,145.629592,scenario_003,short
2837,143,1.314533,0.23285,0.192203,2,144.631993,scenario_003,short
2838,143,1.287819,0.49571,0.734705,1,145.5963,scenario_003,short
2839,143,1.648083,0.40672,0.659602,0,148.710196,scenario_003,short
2840,143,13.631401,0.755505,0.880417,1,168.242193,scenario_003,long
2841,143,0.959706,0.259429,0.219553,1,144.925849,scenario_003,short
2842,143,1.091806,0.162369,0.449125,2,144.302471,scenario_003,short
2843,143,0.98375,0.650831,0.433559,0,146.658389,scenario_003,short
2844,143,48.943439,0.611546,0.659261,2,198.396623,scenario_003,long
2845,143,1.741124,0.623554,0.238467,0,149.443226,scenario_003,short
2846,143,29.359113,0.838474,0.584042,0,305.139138,scenario_003,long
2847,143,10.200445,0.122544,0.495307,1,164.46272,scenario_003,medium
2848,143,4.518947,0.182453,0.354358,0,159.398721,scenario_003,medium
2849,143,6.088419,0.634048,0.595506,1,155.76629,scenario_003,medium
2850,143,1.225049,0.153118,0.269364,0,149.128026,scenario_003,short
2851,143,1.159441,0.374548,0.788082,0,148.183783,scenario_003,short
2852,143,21.117444,0.634135,0.305579,0,242.8259,scenario_003,medium
2853,143,1.472021,0.166582,0.276844,1,146.406644,scenario_003,short
2854,143,1.522655,0.292373,0.423526,1,147.027767,scenario_003,short
2855,143,1.209829,0.114825,0.529783,1,146.504023,scenario_003,short
2856,143,10.553117,0.741721,0.456207,1,170.14455,scenario_003,medium
2857,143,1.575717,0.108656,0.229658,0,149.645587,scenario_003,short
2858,143,1.225299,0.270262,0.448845,0,146.832463,scenario_003,short
2859,143,11.053878,0.694673,0.937311,1,173.597179,scenario_003,medium
2860,143,2.433758,0.251284,0.478214,2,145.956302,scenario_003,short
2861,143,1.434503,0.395667,0.776341,0,148.24762,scenario_003,short
2862,143,13.962262,0.349348,0.569684,2,168.857127,scenario_003,long
2863,143,1.502043,0.330514,0.297291,0,149.476392,scenario_003,short
2864,143,13.740979,0.86079,1.0,1,178.559052,scenario_003,medium
2865,143,13.748723,0.523747,0.682691,0,189.283309,scenario_003,medium
2866,143,1.043505,0.334965,0.765188,0,148.43328,scenario_003,short
2867,143,0.838888,0.276288,0.080651,0,146.736065,scenario_003,short
2868,143,1.64453,0.212164,0.540478,1,145.838965,scenario_003,short
2869,143,6.839856,0.542584,0.521256,1,159.024129,scenario_003,medium
2870,143,1.709342,0.312029,0.922174,0,152.490748,scenario_003,short
2871,143,1.16412,0.148187,0.571624,2,145.193775,scenario_003,short
2872,143,0.591865,0.32306,0.317902,0,145.781102,scenario_003,short
2873,143,8.95617,0.5788,0.853819,0,184.335912,scenario_003,medium
2874,143,1.265078,0.31121,0.791586,1,145.22582,scenario_003,short
2875,143,12.93659,0.864814,0.862892,2,168.52411,scenario_003,medium
2876,143,11.881216,0.477894,0.501639,0,201.691713,scenario_003,long
2877,143,55.391261,0.853541,0.804421,0,315.044744,scenario_003,long
2878,143,12.383819,0.407281,0.771505,0,195.640064,scenario_003,medium
2879,143,0.655705,0.130013,0.061061,1,144.226995,scenario_003,short
2880,144,1.079776,0.124884,0.351229,0,147.892009,scenario_003,short
2881,144,1.150364,0.225362,0.923923,0,149.563423,scenario_003,short
2882,144,2.024022,0.377293,0.620259,0,150.813322,scenario_003,short
2883,144,1.649359,0.275136,0.276881,1,148.966035,scenario_003,short
2884,144,1.846691,0.585125,0.436229,2,146.143971,scenario_003,short
2885,144,1.480677,0.170377,1.0,0,149.970612,scenario_003,short
2886,144,1.286186,0.410269,0.60208,1,147.752462,scenario_003,short
2887,144,2.412334,0.352907,0.942725,1,150.855326,scenario_003,short
2888,144,6.158557,0.610873,0.969822,1,162.495412,scenario_003,medium
2889,144,0.971389,0.40094,0.250119,0,149.265817,scenario_003,short
2890,144,1.366929,0.50454,0.62053,2,145.704296,scenario_003,short
2891,144,1.635512,0.17582,0.179876,0,151.228752,scenario_003,short
2892,144,9.005378,0.302776,0.730639,0,180.314873,scenario_003,medium
2893,144,0.933827,0.122177,0.486397,2,145.425394,scenario_003,short
2894,144,9.418977,0.590024,0.739672,0,190.307701,scenario_003,long
2895,144,16.192358,0.584668,0.86197,0,194.812015,scenario_003,medium
2896,144,2.344542,0.592511,0.566456,0,153.118763,scenario_003,short
2897,144,0.985629,0.357954,0.652566,0,147.16074,scenario_003,short
2898,144,1.090632,0.232685,0.089635,2,146.054203,scenario_003,short
2899,144,0.982935,0.050395,0.634333,1,146.367752,scenario_003,short
2900,144,1.612517,0.220889,0.07579,0,150.362513,scenario_003,short
2901,144,1.186851,0.160604,0.286227,0,149.218799,scenario_003,short
2902,144,5.402338,0.702719,0.552664,1,156.92867,scenario_003,medium
2903,144,19.82552,0.589403,0.613209,0,231.174279,scenario_003,long
2904,144,13.139536,0.440136,0.326898,0,196.726871,scenario_003,medium
2905,144,2.636397,0.618918,0.490533,1,151.71901,scenario_003,short
2906,144,1.060961,0.066415,0.233406,1,146.577048,scenario_003,short
2907,144,1.014041,0.434113,0.742379,1,146.136415,scenario_003,short
2908,144,0.881868,0.338609,0.563825,0,147.362695,scenario_003,short
2909,144,1.806631,0.072655,0.223677,0,152.71623,scenario_003,short
2910,144,29.189997,0.701599,0.631459,0,263.07832,scenario_003,long
2911,144,1.551358,0.403036,0.636805,0,152.284799,scenario_003,short
2912,144,0.800976,0.295873,0.649038,0,147.661134,scenario_003,short
2913,144,15.616724,0.450581,0.389478,1,172.22744,scenario_003,long
2914,144,8.619214,0.362896,0.46052,0,185.264863,scenario_003,medium
2915,144,10.059886,0.318577,0.780942,0,189.216754,scenario_003,long
2916,144,1.833426,0.121343,0.403844,0,151.682952,scenario_003,short
2917,144,1.238253,0.705854,0.747648,1,146.65349,scenario_003,short
2918,144,2.311361,0.09125,0.298643,2,147.476077,scenario_003,short
2919,144,0.956583,0.684598,0.292652,2,145.223707,scenario_003,short
2920,144,1.371255,0.12858,0.318863,1,147.735235,scenario_003,short
2921,144,22.510585,0.796982,0.834142,1,203.649382,scenario_003,long
2922,144,1.21594,0.533373,0.392366,1,147.0951,scenario_003,short
2923,144,1.473331,0.451678,0.568508,2,145.959304,scenario_003,short
2924,144,1.367324,0.67868,0.259822,1,147.360535,scenario_003,short
2925,144,1.588927,0.156449,0.079479,0,152.086773,scenario_003,short
2926,144,1.226532,0.244835,0.783163,1,146.996501,scenario_003,short
2927,144,1.336183,0.420921,1.0,1,146.413332,scenario_003,short
2928,144,1.268284,0.187364,0.728941,0,148.225926,scenario_003,short
2929,144,1.670904,0.112789,0.300901,0,149.330164,scenario_003,short
2930,144,2.516504,0.61676,1.0,2,147.895116,scenario_003,short
2931,144,11.269301,0.217952,0.05,1,168.955477,scenario_003,medium
2932,144,1.494065,0.630492,1.0,1,148.479304,scenario_003,short
2933,144,1.197142,0.058744,0.572083,1,146.928602,scenario_003,short
2934,144,1.561947,0.05795,0.665839,0,149.76548,scenario_003,short
2935,144,0.781319,0.431501,0.934769,2,145.506265,scenario_003,short
2936,144,28.133238,0.657976,0.848213,2,181.679425,scenario_003,long
2937,144,0.830016,0.795523,0.91704,1,145.853452,scenario_003,short
2938,144,1.018925,0.490305,0.487496,1,146.712199,scenario_003,short
2939,144,1.529325,0.410479,0.442586,0,150.94117,scenario_003,short
2940,144,23.826309,0.5374,0.155804,0,260.31338,scenario_003,medium
2941,145,2.524542,0.10623,1.0,1,150.732624,scenario_003,short
2942,145,2.286955,0.262128,0.578452,0,153.25466,scenario_003,short
2943,145,1.462143,0.288441,0.146703,0,149.725222,scenario_003,short
2944,145,7.375534,0.226131,0.565228,1,160.373613,scenario_003,medium
2945,145,0.924655,0.325752,0.832528,0,149.710654,scenario_003,short
2946,145,0.907492,0.217608,0.16886,0,148.727253,scenario_003,short
2947,145,1.065285,0.170105,0.192644,0,150.235367,scenario_003,short
2948,145,1.645303,0.294203,0.74314,2,147.911491,scenario_003,short
2949,145,10.26458,0.461299,0.853906,1,172.818256,scenario_003,medium
2950,145,0.937042,0.236371,0.05,0,150.252774,scenario_003,short
2951,145,1.264205,0.08567,0.303706,2,146.559088,scenario_003,short
2952,145,1.318276,0.64864,0.756272,0,151.97811,scenario_003,short
2953,145,0.740076,0.322577,0.89,0,148.743018,scenario_003,short
2954,145,23.264229,1.0,0.441294,1,187.748522,scenario_003,long
2955,145,1.058903,0.313004,0.563468,0,149.022717,scenario_003,short
2956,145,1.722026,0.524829,0.647449,2,148.335484,scenario_003,short
2957,145,3.029011,0.350244,0.295366,0,156.557675,scenario_003,short
2958,145,2.011519,0.389994,0.784069,1,148.813795,scenario_003,short
2959,145,0.837056,0.14949,0.880578,0,147.732347,scenario_003,short
2960,145,0.853906,0.088047,0.439601,2,146.306639,scenario_003,short
2961,145,15.158629,1.0,0.998681,0,221.812386,scenario_003,long
2962,145,1.30673,0.414504,0.221741,1,148.269371,scenario_003,short
2963,145,5.201264,0.985345,0.208636,0,163.226169,scenario_003,long
2964,145,2.817159,0.181112,0.05,1,151.892892,scenario_003,short
2965,145,1.26735,0.448377,1.0,0,150.357557,scenario_003,short
2966,145,1.557779,0.440174,0.050225,1,148.266341,scenario_003,short
2967,145,2.608367,0.374216,0.997291,0,154.812325,scenario_003,short
2968,145,0.914219,0.425399,0.71804,2,146.007963,scenario_003,short
2969,145,1.977627,0.368418,0.430016,1,150.619169,scenario_003,short
2970,145,12.30971,0.178694,0.505733,1,174.59194,scenario_003,medium
2971,145,1.376216,0.444047,0.708302,0,151.808976,scenario_003,short
2972,145,12.232347,0.254744,0.128558,0,189.242327,scenario_003,medium
2973,145,17.519048,0.214618,1.0,1,187.380913,scenario_003,medium
2974,145,1.033947,0.403675,0.449215,1,147.559757,scenario_003,short
2975,145,11.063728,0.918097,1.0,0,186.461287,scenario_003,medium
2976,145,1.212172,0.253125,0.428853,0,150.515035,scenario_003,short
2977,145,18.364116,0.807579,0.588469,1,197.266389,scenario_003,medium
2978,145,2.818806,0.662973,0.589268,0,160.868354,scenario_003,short
2979,145,0.741176,0.645941,0.567241,0,148.967666,scenario_003,short
2980,145,11.172145,0.545773,0.138174,0,198.678942,scenario_003,medium
2981,145,0.803518,0.079239,0.507666,2,146.0,scenario_003,short
2982,145,1.231639,0.165306,0.583802,1,147.2504,scenario_003,short
2983,145,1.776493,0.177687,0.987677,0,151.730566,scenario_003,short
2984,145,0.853803,0.165331,0.05,1,146.9828,scenario_003,short
2985,145,2.471811,0.462993,1.0,0,152.846313,scenario_003,short
2986,145,4.837027,0.494189,0.854054,0,161.874214,scenario_003,medium
2987,145,14.560546,0.470625,0.659474,1,182.904563,scenario_003,medium
2988,145,16.714538,0.7447,0.479825,0,206.29746,scenario_003,long
2989,145,1.384636,0.724395,0.701827,0,151.126552,scenario_003,short
2990,145,12.937675,0.38577,0.072323,1,182.229969,scenario_003,medium
2991,145,14.898736,0.309194,0.841124,1,176.85886,scenario_003,long
2992,145,4.208751,0.327569,0.597429,0,164.720678,scenario_003,short
2993,145,18.290977,0.511255,0.218317,0,243.548436,scenario_003,long
2994,145,1.669463,0.052866,0.514291,1,149.081866,scenario_003,short
2995,145,1.203223,0.073354,0.765433,2,147.176507,scenario_003,short
2996,145,1.4702,0.247892,0.728143,0,152.898636,scenario_003,short
2997,145,14.220936,0.133478,0.568223,1,175.466365,scenario_003,medium
2998,145,4.56877,0.206491,1.0,1,157.093676,scenario_003,medium
2999,145,1.466853,0.142741,0.444189,0,150.829396,scenario_003,short
3000,145,29.630143,1.0,0.390866,0,246.296627,scenario_003,long
3001,145,1.043836,0.068361,0.697436,0,149.345932,scenario_003,short
3002,145,1.590154,0.626043,0.624842,0,153.442469,scenario_003,short
3003,145,1.165958,0.7939,0.477848,2,146.686318,scenario_003,short
3004,145,0.877487,0.649973,0.800285,0,148.088711,scenario_003,short
3005,145,5.845723,0.595321,0.624157,0,173.796348,scenario_003,medium
3006,145,5.746013,0.128647,0.767548,1,157.886995,scenario_003,medium
3007,145,1.573215,0.307997,0.498239,1,149.740082,scenario_003,short
3008,145,13.627275,0.130491,0.904522,2,171.091149,scenario_003,medium
3009,145,0.81114,0.153215,0.480084,0,148.017616,scenario_003,short
3010,145,0.812148,0.088534,0.320918,0,148.854165,scenario_003,short
3011,145,17.343202,0.882699,1.0,0,236.639581,scenario_003,medium
3012,145,1.262914,0.199009,0.939791,1,147.527513,scenario_003,short
3013,145,6.800355,0.567639,1.0,0,174.450339,scenario_003,medium
3014,145,0.680116,0.304588,0.822227,2,146.166118,scenario_003,short
3015,145,10.62511,0.347853,0.607792,1,163.536224,scenario_003,medium
3016,146,1.399431,0.422242,0.501606,1,150.100647,scenario_003,short
3017,146,1.530254,0.291268,0.490824,1,150.342623,scenario_003,short
3018,146,1.166713,0.435055,0.368486,1,149.015749,scenario_003,short
3019,146,13.805343,0.693542,0.475905,0,205.797369,scenario_003,medium
3020,146,1.534824,0.204956,0.802343,0,153.450365,scenario_003,short
3021,146,1.820893,0.415409,0.454386,0,155.418727,scenario_003,short
3022,146,1.900077,0.427697,0.809247,2,149.190483,scenario_003,short
3023,146,1.360643,0.24673,0.472038,0,150.654499,scenario_003,short
3024,146,10.555691,0.427626,0.576372,1,165.641022,scenario_003,medium
3025,146,1.076727,0.186575,0.75306,2,147.205838,scenario_003,short
3026,146,7.618657,0.629127,0.488891,0,181.572532,scenario_003,medium
3027,146,13.052242,0.668348,0.454827,0,189.458677,scenario_003,medium
3028,146,1.081047,0.111086,0.200052,1,149.160941,scenario_003,short
3029,146,6.093982,0.538201,0.177976,1,163.22366,scenario_003,medium
3030,146,6.474832,0.440291,0.815325,2,156.027719,scenario_003,medium
3031,146,1.692711,0.173368,0.682079,0,151.292314,scenario_003,short
3032,146,0.969666,0.114708,0.825911,0,150.177582,scenario_003,short
3033,146,0.712457,0.320691,0.245141,0,149.081605,scenario_003,short
3034,146,1.287155,0.24124,0.733047,0,151.994935,scenario_003,short
3035,146,8.214482,0.452134,0.850545,0,180.238367,scenario_003,medium
3036,146,8.541651,0.548671,0.260359,2,157.882869,scenario_003,medium
3037,146,11.819768,0.440125,0.473995,0,194.622377,scenario_003,medium
3038,146,12.78478,0.151158,0.817991,2,171.435373,scenario_003,medium
3039,146,1.60458,0.371782,0.890512,1,150.354992,scenario_003,short
3040,146,1.286487,0.409209,0.266296,1,148.29418,scenario_003,short
3041,146,1.677758,0.386267,0.331642,1,149.206479,scenario_003,short
3042,146,1.807846,0.183268,0.532824,2,149.333833,scenario_003,short
3043,146,6.540741,0.586697,0.794315,0,176.507634,scenario_003,medium
3044,146,0.576896,0.323748,0.788131,2,147.0,scenario_003,short
3045,146,1.277937,0.422705,0.442459,1,148.260921,scenario_003,short
3046,146,1.81031,0.219975,0.610981,1,150.30636,scenario_003,short
3047,146,1.283501,0.38464,0.44563,0,150.079631,scenario_003,short
3048,146,1.788187,0.316927,0.689021,0,155.745223,scenario_003,short
3049,146,10.266733,0.34314,0.884355,1,174.640842,scenario_003,medium
3050,146,17.490689,0.230104,0.57532,1,192.50357,scenario_003,medium
3051,146,5.956359,0.571091,0.686633,0,178.510904,scenario_003,medium
3052,146,1.631572,0.08112,0.613239,0,152.939499,scenario_003,short
3053,146,1.658979,0.220817,0.143237,0,153.259402,scenario_003,short
3054,146,1.529554,0.474429,0.682585,0,153.902229,scenario_003,short
3055,146,29.888175,0.315093,0.315047,0,298.736774,scenario_003,long
3056,146,0.911053,0.129113,0.376413,0,150.677265,scenario_003,short
3057,146,1.177839,0.586933,0.279948,1,149.063226,scenario_003,short
3058,146,5.242216,0.380287,0.378474,1,156.042519,scenario_003,medium
3059,146,2.082527,0.586548,0.725679,2,148.840042,scenario_003,short
3060,146,1.658565,0.092307,0.378222,1,149.991416,scenario_003,short
3061,146,27.740789,0.936089,0.334316,0,255.117545,scenario_003,long
3062,146,6.532806,0.377783,0.47243,0,180.808629,scenario_003,long
3063,146,1.87632,0.29462,0.63903,1,150.331906,scenario_003,short
3064,146,5.861419,1.0,1.0,0,165.199044,scenario_003,long
3065,146,50.959832,0.639746,0.376094,0,305.060937,scenario_003,long
3066,146,18.973288,0.743368,0.570769,1,192.055025,scenario_003,long
3067,146,1.269293,0.088833,0.300272,0,150.880477,scenario_003,short
3068,146,1.962802,0.2725,0.213071,0,154.080612,scenario_003,short
3069,146,8.149231,0.686354,0.56991,1,167.412789,scenario_003,medium
3070,146,2.815066,0.575842,0.199128,1,153.280742,scenario_003,short
3071,146,12.224324,0.456604,0.150203,1,179.983576,scenario_003,medium
3072,146,1.088536,0.208611,0.627608,1,148.805693,scenario_003,short
3073,146,1.365331,0.129521,0.901913,0,152.561235,scenario_003,short
3074,146,6.448603,0.837598,0.316594,2,153.422604,scenario_003,long
3075,146,1.585307,0.393062,0.928095,0,153.407778,scenario_003,short
3076,146,1.510737,0.199672,0.116789,2,148.449675,scenario_003,short
3077,146,8.994804,0.363173,0.497334,2,161.042217,scenario_003,medium
3078,146,7.001658,0.232344,0.984701,0,175.616083,scenario_003,medium
3079,146,0.933925,0.07982,0.823267,0,150.053633,scenario_003,short
3080,146,13.2838,0.68471,0.88643,1,174.797423,scenario_003,medium
3081,146,8.379449,0.14155,0.536366,1,162.687917,scenario_003,medium
3082,146,32.203327,0.297563,0.267649,0,307.35372,scenario_003,long
3083,146,1.015432,0.343595,0.141434,1,147.974529,scenario_003,short
3084,146,1.311038,0.371785,0.260314,2,147.659685,scenario_003,short
3085,146,0.937654,0.736007,0.506296,0,150.165673,scenario_003,short
3086,146,1.1854,0.172387,0.367837,1,148.285782,scenario_003,short
3087,146,2.564781,0.229771,0.913064,2,151.006829,scenario_003,short
3088,146,25.554314,0.554885,0.593626,2,182.52212,scenario_003,long
3089,146,7.468439,0.607065,0.744788,0,174.989037,scenario_003,medium
3090,146,0.902941,0.413326,0.384765,0,149.174852,scenario_003,short
3091,146,6.645251,0.669266,1.0,0,168.94516,scenario_003,medium
3092,146,2.189012,0.806635,0.593312,0,156.654358,scenario_003,short
3093,146,7.580848,0.444066,0.676208,0,175.502867,scenario_003,medium
3094,146,1.484672,0.288443,0.738972,0,153.629579,scenario_003,short
3095,146,8.573836,0.376896,0.234694,0,180.342616,scenario_003,medium
3096,146,18.050468,0.774304,1.0,2,181.356211,scenario_003,medium
3097,146,12.779361,0.601634,0.662883,2,170.98904,scenario_003,medium
3098,146,1.232335,0.370711,0.829031,0,151.685015,scenario_003,short
3099,146,6.704526,0.556037,0.345217,1,157.594453,scenario_003,medium
3100,146,2.054618,0.327695,0.410737,2,149.221251,scenario_003,short
3101,147,12.74925,0.461283,0.37733,0,217.791176,scenario_003,medium
3102,147,8.534769,1.0,0.555092,0,176.20268,scenario_003,long
3103,147,1.630075,0.213402,0.721092,2,149.531951,scenario_003,short
3104,147,1.22974,0.171739,0.570809,0,152.136362,scenario_003,short
3105,147,1.196131,0.166047,0.523449,2,149.043574,scenario_003,short
3106,147,1.419053,0.447933,0.723936,0,155.030008,scenario_003,short
3107,147,9.438244,0.386499,0.48203,2,157.524172,scenario_003,medium
3108,147,13.982923,0.160644,0.582766,0,208.291182,scenario_003,medium
3109,147,9.615884,0.389388,0.616372,1,166.462476,scenario_003,medium
3110,147,3.765286,0.126041,0.627696,2,151.501533,scenario_003,medium
3111,147,0.818244,0.571579,0.804175,2,148.524367,scenario_003,short
3112,147,13.699657,0.859537,0.565169,0,196.547022,scenario_003,medium
3113,147,1.036557,0.268252,0.385669,1,149.750245,scenario_003,short
3114,147,1.907819,0.718364,0.321224,1,152.468381,scenario_003,short
3115,147,1.254086,0.236008,0.616245,0,153.060403,scenario_003,short
3116,147,0.94488,0.436461,0.59273,0,151.069884,scenario_003,short
3117,147,0.759078,0.417823,0.605914,1,148.582679,scenario_003,short
3118,147,2.72313,0.56664,0.187699,0,160.695992,scenario_003,short
3119,147,1.087242,0.196919,0.73082,0,152.643116,scenario_003,short
3120,147,2.275857,0.13357,0.423793,0,156.476084,scenario_003,short
3121,147,10.410625,0.315015,0.35444,0,205.516243,scenario_003,medium
3122,147,1.466851,0.387819,0.858157,0,153.988461,scenario_003,short
3123,147,1.072329,0.200959,0.953998,1,150.007282,scenario_003,short
3124,147,1.848232,0.647838,0.8423,0,154.396315,scenario_003,short
3125,147,1.768621,0.610316,0.629548,0,153.093775,scenario_003,short
3126,147,5.609956,0.827169,0.899535,0,172.935632,scenario_003,long
3127,147,16.365661,0.661086,0.271627,0,199.341382,scenario_003,medium
3128,147,1.41409,0.730223,0.786675,0,152.95682,scenario_003,short
3129,147,1.65561,0.584924,0.52192,2,149.090199,scenario_003,short
3130,147,19.049887,0.757838,0.225905,0,239.201614,scenario_003,long
3131,147,6.939192,0.608698,0.337475,0,176.54178,scenario_003,medium
3132,147,1.398224,0.203569,0.240824,2,149.612091,scenario_003,short
3133,147,22.59512,0.869869,0.949117,2,174.733715,scenario_003,long
3134,147,70.892311,0.310399,0.196475,0,534.968549,scenario_003,long
3135,147,1.300568,0.054973,0.372609,1,149.410347,scenario_003,short
3136,147,19.537506,0.126371,0.232238,1,188.375621,scenario_003,medium
3137,147,11.54951,0.661681,0.260744,2,165.710256,scenario_003,medium
3138,147,2.586228,0.192454,0.62462,0,155.914618,scenario_003,short
3139,147,0.838961,0.123097,0.608041,1,148.551786,scenario_003,short
3140,147,11.361289,0.682507,0.654236,1,166.19232,scenario_003,medium
3141,147,26.50294,0.709285,0.716118,0,275.846818,scenario_003,long
3142,147,1.612722,0.581229,0.958702,0,154.548882,scenario_003,short
3143,147,9.106469,0.480646,0.771767,1,172.708918,scenario_003,medium
3144,147,11.731891,0.273604,0.299936,2,162.715332,scenario_003,medium
3145,147,14.70038,0.929206,0.702462,0,220.086716,scenario_003,medium
3146,147,2.060169,0.080779,0.705232,0,156.530572,scenario_003,short
3147,147,1.315193,0.478821,0.214297,1,149.577386,scenario_003,short
3148,147,1.433734,0.523003,0.767394,0,153.930082,scenario_003,short
3149,147,17.401161,0.955874,0.315344,2,174.804569,scenario_003,medium
3150,147,1.966148,0.366205,0.131261,1,152.796959,scenario_003,short
3151,147,24.658847,0.273039,0.921126,0,264.812088,scenario_003,long
3152,147,1.178507,0.393266,1.0,0,152.617483,scenario_003,short
3153,147,1.141619,0.427102,0.578462,0,150.879329,scenario_003,short
3154,147,9.245513,0.239057,0.751524,1,164.02604,scenario_003,medium
3155,147,1.464566,0.161483,0.602195,1,150.295234,scenario_003,short
3156,147,1.567674,0.323022,0.993349,0,153.886964,scenario_003,short
3157,147,2.131013,0.436242,0.506164,0,156.825455,scenario_003,short
3158,147,0.91286,0.539873,0.580551,0,151.773672,scenario_003,short
3159,147,11.212015,0.239285,0.790469,0,190.055128,scenario_003,medium
3160,147,24.654303,0.444235,0.583135,0,237.65498,scenario_003,medium
3161,147,1.021592,0.205775,0.645585,0,151.132571,scenario_003,short
3162,147,1.533062,0.354079,0.430208,1,150.087957,scenario_003,short
3163,147,0.885054,0.293633,0.379344,0,151.366362,scenario_003,short
3164,147,1.307459,0.206282,0.471377,1,150.5084,scenario_003,short
3165,147,1.257627,0.582802,0.165271,0,151.310712,scenario_003,short
3166,147,7.685864,0.704884,0.338579,1,166.261785,scenario_003,medium
3167,147,1.219244,0.687191,0.848191,1,149.22578,scenario_003,short
3168,147,1.731792,0.255958,0.361931,2,149.434162,scenario_003,short
3169,147,1.689148,0.361456,0.247142,0,155.680808,scenario_003,short
3170,147,2.1135,0.436857,0.280924,0,155.984335,scenario_003,short
3171,147,13.915069,0.441776,0.134044,0,205.57511,scenario_003,medium
3172,147,1.359844,0.260041,0.257843,2,149.684709,scenario_003,short
3173,148,1.266435,0.139715,0.690958,0,152.825401,scenario_003,short
3174,148,1.67191,0.200379,0.137058,1,151.937014,scenario_003,short
3175,148,16.7277,0.661271,0.82116,1,194.884731,scenario_003,medium
3176,148,1.055728,0.090746,0.519883,0,153.150614,scenario_003,short
3177,148,1.944322,0.787842,0.746724,0,157.07359,scenario_003,short
3178,148,1.386391,0.4352,0.687182,0,154.060834,scenario_003,short
3179,148,1.179179,0.720879,0.911831,0,152.051071,scenario_003,short
3180,148,1.487048,0.354759,0.6567,0,154.805195,scenario_003,short
3181,148,1.269614,0.263804,0.234916,0,154.174864,scenario_003,short
3182,148,0.987103,0.186346,0.500343,0,152.073014,scenario_003,short
3183,148,36.674781,0.920385,0.26384,0,295.347438,scenario_003,long
3184,148,21.990703,0.687226,0.843599,1,197.312278,scenario_003,medium
3185,148,0.951106,0.388245,0.617681,0,150.969685,scenario_003,short
3186,148,0.801476,0.380745,0.418307,1,150.335486,scenario_003,short
3187,148,3.447672,0.274446,0.524368,2,154.002605,scenario_003,medium
3188,148,2.320667,0.306504,0.549122,0,157.616939,scenario_003,short
3189,148,0.895202,0.10926,0.743702,1,149.805714,scenario_003,short
3190,148,2.283254,0.605298,0.593432,1,154.668297,scenario_003,short
3191,148,16.376907,0.669987,0.620124,0,199.044001,scenario_003,long
3192,148,12.149247,0.487285,0.397128,1,181.454235,scenario_003,medium
3193,148,1.228188,0.183853,0.173708,0,154.685532,scenario_003,short
3194,148,1.099907,0.353101,0.674167,0,153.917247,scenario_003,short
3195,148,1.753007,0.653298,0.361846,0,154.055663,scenario_003,short
3196,148,1.944196,0.145082,0.484769,0,158.382507,scenario_003,short
3197,148,1.52403,0.355589,0.622944,1,152.370175,scenario_003,short
3198,148,1.423682,0.330497,0.210512,1,151.736484,scenario_003,short
3199,148,1.948979,0.299285,0.12679,0,155.246088,scenario_003,short
3200,148,31.709404,1.0,1.0,2,201.873763,scenario_003,long
3201,148,6.106307,0.496124,0.919032,1,163.938129,scenario_003,medium
3202,148,8.379262,0.696561,0.619823,2,162.483402,scenario_003,medium
3203,148,26.103269,1.0,0.599656,1,226.151987,scenario_003,long
3204,148,10.148251,0.131129,0.1011,0,202.171722,scenario_003,medium
3205,148,0.662408,0.553583,0.504429,0,150.423258,scenario_003,short
3206,148,13.71788,0.506751,0.631043,1,173.589967,scenario_003,medium
3207,148,1.835138,0.679631,0.720109,0,154.261412,scenario_003,short
3208,148,8.096341,0.57714,0.494052,0,186.53218,scenario_003,medium
3209,149,9.308389,0.199068,0.745191,0,191.285695,scenario_003,medium
3210,149,0.97307,0.371133,1.0,0,152.443665,scenario_003,short
3211,149,8.689566,0.884424,0.177304,1,171.240575,scenario_003,long
3212,149,43.170127,0.286404,0.589245,0,344.344947,scenario_003,long
3213,149,0.85742,0.642492,0.994281,1,150.744359,scenario_003,short
3214,149,8.125469,0.515768,0.074347,0,181.936181,scenario_003,medium
3215,149,8.69268,0.933338,0.520363,1,163.39194,scenario_003,medium
3216,149,10.605494,0.329304,0.492684,0,206.120975,scenario_003,medium
3217,149,3.1124,0.248596,0.610382,1,156.013328,scenario_003,short
3218,149,7.773844,0.409996,1.0,0,177.111248,scenario_003,medium
3219,149,11.353727,0.476006,0.415338,0,192.387156,scenario_003,medium
3220,149,1.07445,0.391663,0.615852,1,152.00147,scenario_003,short
3221,149,1.409471,0.410401,0.210065,2,151.537958,scenario_003,short
3222,149,2.111011,0.385687,0.388562,0,155.636344,scenario_003,short
3223,149,10.09197,0.913986,0.829528,0,189.171077,scenario_003,medium
3224,149,1.107606,0.633004,0.862241,1,151.405001,scenario_003,short
3225,149,1.233503,0.105675,0.287867,0,153.214599,scenario_003,short
3226,149,55.633975,0.76181,0.61747,1,259.688826,scenario_003,long
3227,149,12.281361,0.443171,0.354405,0,208.939339,scenario_003,medium
3228,149,1.029268,0.485651,0.368372,1,151.359172,scenario_003,short
3229,149,2.289704,0.66053,0.672474,2,152.787396,scenario_003,short
3230,149,2.055393,0.334917,0.884199,0,156.303576,scenario_003,short
3231,149,1.63496,0.41967,0.854823,0,157.408009,scenario_003,short
3232,149,19.174692,0.606632,0.844035,1,193.564936,scenario_003,medium
3233,149,1.342198,0.329437,0.907624,1,152.035199,scenario_003,short
3234,149,15.711735,0.578873,0.701712,1,192.386426,scenario_003,long
3235,149,12.066599,0.533909,0.939441,0,188.686708,scenario_003,medium
3236,149,11.229306,0.349178,0.135232,1,179.135435,scenario_003,medium
3237,149,11.006823,0.192252,0.448366,2,165.97485,scenario_003,medium
3238,149,3.483832,0.198146,0.763542,0,160.481756,scenario_003,short
3239,149,1.406624,0.230052,1.0,2,150.79762,scenario_003,short
3240,149,1.417593,0.357002,0.322722,1,153.223447,scenario_003,short
3241,149,2.231023,0.243061,0.735282,1,153.235124,scenario_003,short
3242,149,19.696412,0.143408,0.908813,0,255.773785,scenario_003,medium
3243,150,1.652622,0.138532,0.20424,0,155.33841,scenario_003,short
3244,150,1.648366,0.091901,0.073802,2,153.034221,scenario_003,short
3245,150,2.284068,0.124969,1.0,1,155.549181,scenario_003,short
3246,150,9.183368,0.346598,0.143465,1,175.870618,scenario_003,medium
3247,150,1.231337,0.238462,1.0,1,152.921621,scenario_003,short
3248,150,28.854198,0.951658,0.496013,0,292.939602,scenario_003,long
3249,150,3.651972,0.054442,0.266768,1,159.998899,scenario_003,short
3250,150,2.972893,0.651692,1.0,2,153.825205,scenario_003,medium
3251,150,1.249491,0.611887,0.73584,0,154.162281,scenario_003,short
3252,150,1.498731,0.34881,0.498441,2,152.08897,scenario_003,short
3253,150,7.427532,0.327684,0.233488,1,169.527013,scenario_003,medium
3254,150,16.624769,0.693449,0.790395,1,199.354652,scenario_003,medium
3255,150,1.667583,0.057758,0.499247,0,156.638727,scenario_003,short
3256,150,16.093081,0.264915,0.69822,0,215.56431,scenario_003,medium
3257,150,20.795296,0.705372,0.616217,0,237.126383,scenario_003,medium
3258,150,0.92402,0.240168,0.857958,2,151.148684,scenario_003,short
3259,150,1.714939,0.688111,0.521761,0,157.332268,scenario_003,short
3260,150,24.125895,0.386604,0.443512,2,177.268121,scenario_003,long
3261,150,9.555129,0.702011,0.689888,0,192.657583,scenario_003,medium
3262,150,7.797357,1.0,0.527158,1,173.407631,scenario_003,medium
3263,150,1.260853,0.484951,0.318847,0,156.818291,scenario_003,short
3264,150,8.930076,0.818114,0.465936,2,167.570678,scenario_003,medium
3265,150,0.947239,0.308598,0.515116,0,154.266359,scenario_003,short
3266,150,7.355422,0.591691,1.0,1,169.649259,scenario_003,medium
3267,150,2.016418,0.25607,0.594222,2,152.211631,scenario_003,short
3268,150,1.631406,0.661561,0.734149,1,154.396725,scenario_003,short
3269,150,1.084681,0.210124,0.140701,1,153.189444,scenario_003,short
3270,150,13.336435,0.560423,0.512641,0,221.599609,scenario_003,medium
3271,150,1.576177,0.067854,0.194284,0,158.014676,scenario_003,short
3272,150,2.84895,0.680409,1.0,0,163.975851,scenario_003,short
3273,150,1.606251,0.370965,0.417895,0,157.373572,scenario_003,short
3274,150,7.009603,0.568979,0.55698,0,172.989306,scenario_003,medium
3275,150,1.073713,0.502944,0.336543,1,152.032185,scenario_003,short
3276,150,58.954723,0.745135,0.554929,1,309.828201,scenario_003,long
3277,150,1.427646,0.63127,0.409557,0,157.363475,scenario_003,short
3278,150,1.151837,0.077655,0.501764,1,152.228455,scenario_003,short
3279,150,2.418257,0.325992,0.393206,0,162.758496,scenario_003,short
3280,150,1.326146,0.364838,0.865991,2,151.455072,scenario_003,short
3281,150,11.309079,0.245961,0.05,0,188.869282,scenario_003,medium
3282,150,1.382418,0.329271,0.398475,0,154.622357,scenario_003,short
3283,151,1.968011,0.338282,0.961087,0,157.1673,scenario_003,short
3284,151,0.756279,0.68056,0.93312,0,154.545657,scenario_003,short
3285,151,11.550346,0.648634,0.888383,1,171.023212,scenario_003,medium
3286,151,10.211531,0.702736,0.535771,1,175.95619,scenario_003,medium
3287,151,17.61215,0.755604,0.791877,0,231.736361,scenario_003,medium
3288,151,2.22572,0.424596,0.739393,0,157.958718,scenario_003,short
3289,151,0.926113,0.310741,1.0,1,153.345448,scenario_003,short
3290,151,1.885985,0.263135,0.692125,1,154.485061,scenario_003,short
3291,151,12.825261,0.70727,0.587056,0,204.01376,scenario_003,medium
3292,151,1.800131,0.301424,0.737471,0,158.899706,scenario_003,short
3293,151,6.258301,0.207204,0.552572,1,168.564224,scenario_003,medium
3294,151,1.118557,0.501234,0.904829,2,153.109645,scenario_003,short
3295,151,0.811076,0.70172,0.162831,1,152.673319,scenario_003,short
3296,151,5.109473,0.450475,0.875299,0,176.425812,scenario_003,medium
3297,151,1.718387,0.622162,0.549918,0,157.508212,scenario_003,short
3298,151,15.278548,0.259253,0.581971,1,183.712266,scenario_003,medium
3299,151,2.564743,0.376511,0.585958,0,164.706445,scenario_003,short
3300,151,1.659951,0.069796,0.166048,1,154.42026,scenario_003,short
3301,151,15.06247,0.633971,0.480207,1,177.451646,scenario_003,medium
3302,151,1.945349,0.350817,0.199438,0,158.454164,scenario_003,short
3303,151,1.791926,0.216901,0.342295,1,155.883149,scenario_003,short
3304,151,12.66136,0.211968,0.224583,1,188.17133,scenario_003,medium
3305,151,30.197735,0.290668,0.936963,1,241.382847,scenario_003,long
3306,151,5.854497,0.283228,0.746154,0,174.654149,scenario_003,medium
3307,151,0.901603,0.459157,0.088336,1,152.861275,scenario_003,short
3308,151,2.014088,0.130625,0.505688,1,154.477462,scenario_003,short
3309,151,1.749106,0.320914,0.459918,1,154.67518,scenario_003,short
3310,151,11.694052,0.332183,0.435162,2,170.632522,scenario_003,medium
3311,151,2.928254,0.209619,0.681633,1,156.661745,scenario_003,short
3312,151,1.373468,0.672838,0.276756,0,156.153163,scenario_003,short
3313,151,14.484436,0.921428,0.787733,1,190.834234,scenario_003,long
3314,151,0.887217,0.412736,0.338732,1,153.461671,scenario_003,short
3315,151,1.207639,0.41029,0.777477,1,153.775287,scenario_003,short
3316,152,1.341985,0.734146,0.73494,1,155.67235,scenario_003,short
3317,152,8.827948,0.170071,0.365255,2,168.189393,scenario_003,medium
3318,152,0.775449,0.348782,0.085649,0,156.325443,scenario_003,short
3319,152,1.754432,0.341925,0.406208,0,158.671023,scenario_003,short
3320,152,1.028598,0.823849,0.819526,0,157.191802,scenario_003,short
3321,152,11.674292,0.703708,0.901865,2,170.610748,scenario_003,medium
3322,152,1.291438,0.756699,0.636236,0,159.201178,scenario_003,short
3323,152,0.95895,0.21631,1.0,0,157.284748,scenario_003,short
3324,152,1.89325,0.269776,0.876631,1,157.308211,scenario_003,short
3325,152,47.256891,0.958696,0.649231,0,309.536882,scenario_003,long
3326,152,0.940504,0.163301,0.499781,1,154.676894,scenario_003,short
3327,152,18.614808,0.557882,0.804302,1,207.240968,scenario_003,medium
3328,152,1.079471,0.275176,0.247781,0,157.775602,scenario_003,short
3329,152,28.747973,0.41937,0.615439,0,244.309999,scenario_003,long
3330,152,1.810196,0.258331,0.513996,1,155.983892,scenario_003,short
3331,152,1.692209,0.255241,0.774399,0,157.478665,scenario_003,short
3332,152,1.811308,0.078667,0.768112,0,161.546349,scenario_003,short
3333,152,1.497505,0.125785,0.345079,1,155.165306,scenario_003,short
3334,152,11.286262,0.156496,0.352102,0,201.29991,scenario_003,medium
3335,152,1.994456,0.38661,0.54427,1,156.322163,scenario_003,short
3336,152,17.360955,0.418862,0.405626,0,219.817284,scenario_003,medium
3337,152,12.922401,0.286018,0.93023,1,181.590524,scenario_003,medium
3338,153,1.885445,0.336661,0.782064,1,157.65079,scenario_003,short
3339,153,1.297804,0.151333,0.166776,2,154.928851,scenario_003,short
3340,153,2.387049,0.340093,0.606233,1,157.658821,scenario_003,short
3341,153,8.504298,0.472095,0.322008,1,173.255634,scenario_003,medium
3342,153,1.812905,0.098097,0.988634,2,156.251731,scenario_003,short
3343,153,15.680958,0.785063,0.368508,0,236.796612,scenario_003,medium
3344,153,1.986653,0.487531,0.770805,0,163.863091,scenario_003,short
3345,153,1.672095,0.194538,0.657577,0,159.592218,scenario_003,short
3346,153,1.172279,0.498722,0.736224,1,155.624412,scenario_003,short
3347,153,6.440647,0.429792,0.664476,2,164.417906,scenario_003,medium
3348,153,16.041115,0.541897,0.890882,1,200.394236,scenario_003,medium
3349,153,0.684729,0.311944,0.140556,0,155.523569,scenario_003,short
3350,153,10.257452,0.477863,0.365465,1,175.558367,scenario_003,medium
3351,153,1.562176,0.433964,0.721187,1,156.591101,scenario_003,short
3352,153,3.320233,0.206608,0.163925,0,168.013527,scenario_003,short
3353,153,1.567721,0.475678,0.899622,1,156.857165,scenario_003,short
3354,153,1.522585,0.13236,0.758934,2,155.280229,scenario_003,short
3355,153,7.927844,0.557951,0.23174,1,172.805927,scenario_003,medium
3356,153,3.282609,0.516228,0.827237,2,159.340438,scenario_003,short
3357,153,11.563977,0.812055,0.09755,0,190.064556,scenario_003,medium
3358,153,1.377932,0.415114,0.191887,1,155.524408,scenario_003,short
3359,153,1.965148,0.543284,0.258905,2,156.516251,scenario_003,short
3360,153,1.707084,0.367093,0.469836,1,157.191807,scenario_003,short
3361,153,1.517068,0.090332,0.143124,2,155.465239,scenario_003,short
3362,153,1.746538,0.385436,0.729432,2,155.104474,scenario_003,short
3363,153,0.977254,0.133589,1.0,1,154.622572,scenario_003,short
3364,153,1.545524,0.577643,0.9207,0,161.537176,scenario_003,short
3365,153,32.353212,0.717384,0.427331,1,222.52702,scenario_003,long
3366,153,0.608989,0.522646,0.704948,1,154.365797,scenario_003,short
3367,153,2.419898,0.447033,0.446342,0,164.13658,scenario_003,short
3368,153,14.412755,0.258288,0.760894,2,179.594113,scenario_003,medium
3369,153,0.852035,0.146751,0.770299,0,157.066717,scenario_003,short
3370,153,37.111852,0.48147,0.793757,1,252.226836,scenario_003,long
3371,153,9.128563,0.901275,1.0,0,185.866005,scenario_003,long
3372,153,20.091805,0.835055,0.960795,1,194.441764,scenario_003,long
3373,153,0.993066,0.366507,0.946549,0,157.583624,scenario_003,short
3374,154,1.055538,0.101255,0.20168,2,155.398099,scenario_003,short
3375,154,0.84212,0.400972,0.60919,1,156.500613,scenario_003,short
3376,154,0.680605,0.511695,0.962004,0,157.806741,scenario_003,short
3377,154,1.401113,0.147874,0.670428,2,156.326281,scenario_003,short
3378,154,1.911724,0.158252,1.0,0,161.864646,scenario_003,short
3379,154,1.205329,0.410962,0.25025,2,156.014161,scenario_003,short
3380,154,1.673173,0.454579,0.558829,1,158.76822,scenario_003,short
3381,154,1.826283,0.668164,0.43542,1,157.231085,scenario_003,short
3382,154,6.219479,0.203032,0.260073,0,182.856979,scenario_003,medium
3383,154,1.028946,0.473621,0.479701,1,156.387752,scenario_003,short
3384,154,2.305648,0.239935,0.61414,0,163.475604,scenario_003,short
3385,154,1.836099,0.547303,0.674175,0,160.560266,scenario_003,short
3386,154,9.881974,0.700506,0.36167,0,200.857066,scenario_003,medium
3387,154,10.286219,0.791145,1.0,0,196.88416,scenario_003,long
3388,154,6.282678,0.354762,1.0,0,173.74813,scenario_003,medium
3389,154,4.866115,0.356303,0.789208,0,174.686785,scenario_003,medium
3390,154,31.218885,0.761218,0.533462,2,196.244708,scenario_003,long
3391,154,1.157465,0.71304,0.866898,0,158.664708,scenario_003,short
3392,154,3.357874,0.2185,0.482079,0,170.489517,scenario_003,short
3393,154,20.591975,0.437757,0.79184,2,189.172566,scenario_003,medium
3394,154,0.808431,0.275809,0.093246,0,157.773628,scenario_003,short
3395,154,1.215648,0.416172,0.596259,2,155.65293,scenario_003,short
3396,154,7.517311,0.3198,0.6644,1,168.633693,scenario_003,medium
3397,154,1.838829,0.332556,0.265311,0,162.465664,scenario_003,short
3398,154,0.878436,0.479542,0.483596,1,156.431929,scenario_003,short
3399,154,1.23065,0.725712,0.981199,0,158.238691,scenario_003,short
3400,154,10.030579,0.753957,0.911041,0,185.177651,scenario_003,medium
3401,154,10.130283,0.645638,0.180809,0,185.967821,scenario_003,medium
3402,154,8.846948,0.298351,0.276757,0,183.694741,scenario_003,medium
3403,154,0.824268,0.10514,0.190651,1,155.408486,scenario_003,short
3404,154,1.011443,0.341763,0.364983,0,158.117205,scenario_003,short
3405,155,1.410158,0.230222,0.447518,0,162.68121,scenario_003,short
3406,155,1.37042,0.324172,0.255021,0,161.952438,scenario_003,short
3407,155,3.13575,0.065717,0.05,0,165.661645,scenario_003,short
3408,155,1.683816,0.312747,0.6162,1,158.970223,scenario_003,short
3409,155,1.462501,0.264838,0.530487,0,160.617043,scenario_003,short
3410,155,2.293411,0.20071,0.679297,0,164.691854,scenario_003,short
3411,155,27.407707,0.471353,0.688447,1,205.006059,scenario_003,long
3412,155,1.327737,0.149312,0.469909,0,160.69999,scenario_003,short
3413,155,2.214459,0.301868,0.405526,0,164.822565,scenario_003,short
3414,155,4.917821,0.556028,0.182272,0,173.772596,scenario_003,medium
3415,155,1.424567,0.266819,0.875669,2,156.880613,scenario_003,short
3416,155,9.64745,0.397026,0.929461,0,185.132214,scenario_003,medium
3417,155,0.9264,0.242533,0.70372,0,158.134558,scenario_003,short
3418,155,11.047435,0.644563,1.0,0,210.075839,scenario_003,long
3419,155,14.344985,0.521838,0.493066,0,227.648698,scenario_003,medium
3420,155,1.610724,0.232727,0.403836,1,159.557025,scenario_003,short
3421,155,0.538569,0.500327,0.74788,0,157.452434,scenario_003,short
3422,155,22.634003,0.140476,0.449748,0,230.654051,scenario_003,medium
3423,155,20.671567,0.427778,0.58493,0,243.960384,scenario_003,long
3424,155,1.935875,0.304194,0.357316,1,159.653039,scenario_003,short
3425,155,1.100952,0.312107,0.858851,0,160.874449,scenario_003,short
3426,155,1.36916,0.20972,0.138337,1,159.069544,scenario_003,short
3427,155,1.013522,0.597783,0.596214,0,159.672499,scenario_003,short
3428,155,1.566214,0.373808,0.591938,0,161.993475,scenario_003,short
3429,155,21.833574,0.726836,1.0,1,195.962037,scenario_003,medium
3430,155,1.916461,0.211349,0.730079,2,157.657517,scenario_003,short
3431,155,1.544769,0.239955,0.690835,1,157.749973,scenario_003,short
3432,155,21.102662,1.0,0.469898,0,261.40368,scenario_003,long
3433,155,1.37661,0.621923,0.298301,0,159.6737,scenario_003,short
3434,155,14.149637,0.218714,0.439856,0,234.975949,scenario_003,medium
3435,155,28.087667,0.217519,0.661165,2,198.209568,scenario_003,medium
3436,155,1.715019,0.251297,0.820002,1,158.229583,scenario_003,short
3437,156,1.041311,0.156847,0.432119,0,161.772062,scenario_003,short
3438,156,11.855875,0.435986,0.123872,0,206.808138,scenario_003,medium
3439,156,13.539501,0.153098,0.670622,0,205.947197,scenario_003,medium
3440,156,1.535723,0.212891,0.283147,0,164.184583,scenario_003,short
3441,156,0.702795,0.43862,0.190735,0,158.476049,scenario_003,short
3442,156,1.508016,0.302583,0.271202,0,161.063081,scenario_003,short
3443,156,0.863947,0.343009,0.699773,0,160.870322,scenario_003,short
3444,156,1.995437,0.109726,0.766878,1,161.819381,scenario_003,short
3445,156,5.205454,0.520042,0.666562,0,183.094906,scenario_003,medium
3446,156,0.705061,0.089528,0.155982,0,158.904994,scenario_003,short
3447,156,7.659917,0.504394,0.489389,0,194.810195,scenario_003,medium
3448,156,9.218556,0.220088,0.812328,1,180.556947,scenario_003,medium
3449,156,7.344528,0.491517,0.297482,1,174.820178,scenario_003,medium
3450,156,3.638259,0.557347,0.210155,0,173.922512,scenario_003,short
3451,156,10.457697,0.361182,0.694355,0,211.701171,scenario_003,medium
3452,156,6.99969,0.671949,0.749448,0,188.996113,scenario_003,medium
3453,156,1.542673,0.21765,0.630825,0,163.775035,scenario_003,short
3454,156,1.10316,0.206347,0.479382,1,158.344182,scenario_003,short
3455,156,0.81697,0.174958,0.684722,1,157.425482,scenario_003,short
3456,156,10.920905,0.556938,0.249786,1,183.836691,scenario_003,medium
3457,156,9.069165,0.617931,0.215132,0,189.890914,scenario_003,medium
3458,156,10.10137,0.595735,0.695528,2,174.585346,scenario_003,medium
3459,156,17.579942,0.694307,0.472563,2,186.878661,scenario_003,long
3460,156,50.688821,1.0,1.0,0,389.448662,scenario_003,long
3461,156,35.847807,0.664087,0.59919,1,255.049811,scenario_003,long
3462,156,3.081373,0.2236,0.531322,1,163.210473,scenario_003,short
3463,156,0.974717,0.077071,0.853201,1,157.676959,scenario_003,short
3464,156,1.134341,0.266593,0.521385,0,160.578693,scenario_003,short
3465,156,1.54873,0.300713,0.574765,1,160.224708,scenario_003,short
3466,156,1.047553,0.078008,0.317706,0,161.514758,scenario_003,short
3467,156,6.184168,0.833136,0.83816,0,175.924004,scenario_003,medium
3468,156,12.311272,0.980933,0.771399,0,219.086007,scenario_003,medium
3469,156,23.952601,0.504498,0.955401,0,283.149729,scenario_003,medium
3470,156,1.569769,0.433346,0.460208,2,158.791934,scenario_003,short
3471,156,9.616768,0.69265,0.537898,0,196.829597,scenario_003,medium
3472,156,0.797477,0.419468,0.130259,0,159.41813,scenario_003,short
3473,157,2.655264,0.159636,0.355756,0,165.790301,scenario_003,short
3474,157,1.355566,0.065449,0.181861,0,161.29244,scenario_003,short
3475,157,0.909064,0.43372,0.664396,2,158.194063,scenario_003,short
3476,157,2.157771,0.866948,0.342728,0,168.254268,scenario_003,short
3477,157,14.570397,0.494885,0.646743,1,181.497377,scenario_003,medium
3478,157,49.203935,0.89573,0.942994,2,230.840473,scenario_003,long
3479,157,1.21949,0.159532,0.223192,0,161.321552,scenario_003,short
3480,157,0.844163,0.145886,0.889978,1,159.444051,scenario_003,short
3481,157,1.04137,0.061513,0.627856,0,161.864183,scenario_003,short
3482,157,0.549935,0.398822,0.58332,1,158.141733,scenario_003,short
3483,157,11.680644,0.922571,0.96942,0,201.877769,scenario_003,medium
3484,157,1.78213,0.437323,0.174757,0,166.1515,scenario_003,short
3485,157,10.433482,0.6158,0.34104,0,211.440629,scenario_003,medium
3486,157,9.674319,0.352793,0.832402,0,204.161543,scenario_003,medium
3487,157,1.88892,0.616532,0.878596,2,160.410675,scenario_003,short
3488,157,0.878959,0.417728,0.131839,0,160.301596,scenario_003,short
3489,157,1.210591,0.158119,0.739523,1,159.884124,scenario_003,short
3490,157,2.300046,0.291254,0.78314,0,166.230304,scenario_003,short
3491,157,17.607362,1.0,0.548932,1,204.493886,scenario_003,long
3492,157,0.931834,0.436772,0.854377,0,160.820874,scenario_003,short
3493,157,26.127816,0.382057,0.70647,0,269.011728,scenario_003,long
3494,157,5.837084,1.0,1.0,0,187.004651,scenario_003,medium
3495,157,1.459546,0.362327,0.151336,0,162.01269,scenario_003,short
3496,157,7.271424,0.169884,0.714281,0,185.946774,scenario_003,medium
3497,157,1.554001,0.059074,0.710477,0,164.873705,scenario_003,short
3498,157,1.590331,0.375814,0.728294,1,161.274947,scenario_003,short
3499,157,13.833194,0.927553,0.12471,1,182.111466,scenario_003,long
3500,157,2.481786,0.087805,0.713772,0,169.334749,scenario_003,short
3501,158,9.684738,1.0,0.965231,0,212.408325,scenario_003,long
3502,158,1.69,0.057326,0.651337,1,162.808025,scenario_003,short
3503,158,17.12028,0.158086,0.67851,0,225.468601,scenario_003,medium
3504,158,33.028136,0.505496,0.222636,2,208.595386,scenario_003,long
3505,158,3.130583,0.324039,0.811305,1,165.026204,scenario_003,short
3506,158,2.299431,0.202953,0.85788,0,167.646229,scenario_003,short
3507,158,8.931226,0.186272,0.582063,0,200.99922,scenario_003,medium
3508,158,1.072734,0.223896,0.536512,0,162.779441,scenario_003,short
3509,158,17.894024,0.270465,0.940252,1,190.51024,scenario_003,medium
3510,158,1.277579,0.490609,0.252564,0,162.718372,scenario_003,short
3511,158,1.868525,0.56481,0.275515,0,164.397107,scenario_003,short
3512,158,1.085707,0.478346,0.801888,0,163.767066,scenario_003,short
3513,158,25.872343,0.681015,0.81738,2,204.262171,scenario_003,medium
3514,158,4.001742,0.310114,0.645411,0,178.644836,scenario_003,short
3515,158,1.337396,0.253138,0.731756,0,162.399044,scenario_003,short
3516,158,12.723412,0.386253,0.705777,0,215.836773,scenario_003,long
3517,158,1.660773,0.538504,0.581162,2,161.0541,scenario_003,short
3518,158,1.222815,0.386336,0.051747,2,160.057072,scenario_003,short
3519,158,20.89727,0.629109,0.266013,0,243.708481,scenario_003,medium
3520,158,10.392717,0.42567,0.733222,0,205.061037,scenario_003,medium
3521,158,1.428928,0.308749,0.561571,0,162.829675,scenario_003,short
3522,158,1.244602,0.090395,0.181302,1,161.457809,scenario_003,short
3523,158,1.381637,0.148523,0.73833,1,160.675863,scenario_003,short
3524,159,2.459454,0.107546,0.866824,2,163.097476,scenario_003,short
3525,159,1.783235,0.101702,0.211815,0,166.667581,scenario_003,short
3526,159,1.702275,0.176407,1.0,0,165.349424,scenario_003,short
3527,159,17.503866,0.549958,0.242402,1,208.976607,scenario_003,medium
3528,159,0.995416,0.192176,0.28174,0,164.412315,scenario_003,short
3529,159,1.439985,0.317612,0.15485,0,164.020392,scenario_003,short
3530,159,12.692558,0.494084,0.61823,0,220.169387,scenario_003,medium
3531,159,1.624645,0.269755,0.304163,2,161.80366,scenario_003,short
3532,159,0.951411,0.159594,0.92948,0,163.232006,scenario_003,short
3533,159,3.996958,0.273906,1.0,0,178.536547,scenario_003,short
3534,159,0.954287,0.439495,0.954432,1,161.187529,scenario_003,short
3535,159,1.716123,0.217671,0.835701,0,165.768139,scenario_003,short
3536,159,1.543239,0.289927,0.08447,1,161.585266,scenario_003,short
3537,159,1.631895,0.120511,1.0,0,167.341017,scenario_003,short
3538,159,1.272069,0.403933,0.67325,0,163.694638,scenario_003,short
3539,159,0.952101,0.292936,0.448552,1,161.423159,scenario_003,short
3540,159,14.987339,0.450844,0.747516,0,234.140449,scenario_003,medium
3541,159,2.130228,0.37587,0.320464,0,168.013422,scenario_003,short
3542,159,1.437273,0.260683,0.377968,0,166.415724,scenario_003,short
3543,159,23.945029,0.508895,0.80029,0,274.064453,scenario_003,medium
3544,159,15.54358,0.363536,0.396132,0,234.107928,scenario_003,medium
3545,159,1.278315,0.204563,0.918133,0,165.388113,scenario_003,short
3546,159,20.627271,0.587096,0.286717,1,202.561761,scenario_003,long
3547,159,0.730494,0.369367,0.654839,2,160.142973,scenario_003,short
3548,160,0.839721,0.59542,0.394276,1,162.15446,scenario_003,short
3549,160,11.11392,0.284295,0.659232,2,180.866155,scenario_003,medium
3550,160,12.07053,0.200431,0.565743,1,185.093002,scenario_003,medium
3551,160,1.157882,0.12114,0.05,0,165.161862,scenario_003,short
3552,160,31.628741,0.281672,0.646579,1,224.238448,scenario_003,medium
3553,160,0.739279,0.131428,0.45495,0,162.537932,scenario_003,short
3554,160,0.952465,0.347656,0.197652,1,162.091596,scenario_003,short
3555,160,12.703584,0.391113,0.418489,0,228.723106,scenario_003,medium
3556,160,1.703123,0.358872,0.47176,2,163.209319,scenario_003,short
3557,160,1.446486,0.224443,0.442483,0,166.789568,scenario_003,short
3558,160,1.828867,0.356181,0.117676,1,165.359571,scenario_003,short
3559,160,1.721037,0.44402,0.241162,0,166.653021,scenario_003,short
3560,160,9.468075,0.451849,0.359033,2,174.767785,scenario_003,long
3561,160,15.612187,0.58221,0.325829,0,219.181035,scenario_003,medium
3562,160,17.757018,0.945549,0.69854,0,243.373747,scenario_003,long
3563,160,1.845661,0.171559,0.711971,2,162.878695,scenario_003,short
3564,160,1.019438,0.612524,0.377397,0,163.558935,scenario_003,short
3565,160,12.821952,0.938568,0.797521,1,197.340804,scenario_003,medium
3566,160,1.032016,0.264899,0.509429,0,165.762028,scenario_003,short
3567,160,1.601122,0.321395,0.22318,0,166.865855,scenario_003,short
3568,160,12.649386,0.195021,0.91516,0,218.872958,scenario_003,medium
3569,160,1.255003,0.19149,0.262103,1,163.566821,scenario_003,short
3570,160,12.445216,0.824888,0.742012,1,192.502167,scenario_003,long
3571,161,1.040734,0.332149,0.662316,1,162.962929,scenario_003,short
3572,161,2.170692,0.232571,0.177634,1,165.010463,scenario_003,short
3573,161,0.843347,0.158194,0.425686,1,162.947106,scenario_003,short
3574,161,1.160192,0.645119,0.235527,0,165.13987,scenario_003,short
3575,161,3.271238,0.533703,0.19207,0,177.135171,scenario_003,short
3576,161,13.280084,0.752457,0.230906,2,183.055847,scenario_003,medium
3577,161,6.804199,0.684171,0.318257,0,199.502561,scenario_003,medium
3578,161,9.407524,0.152562,0.823762,0,213.463597,scenario_003,medium
3579,161,0.895382,0.403446,1.0,0,164.640295,scenario_003,short
3580,161,0.968931,0.095174,0.782145,1,163.494922,scenario_003,short
3581,161,7.726189,0.152491,0.154966,0,199.196765,scenario_003,medium
3582,161,10.820848,0.191328,0.707857,0,218.20206,scenario_003,medium
3583,161,1.339295,0.100975,0.810696,0,167.517098,scenario_003,short
3584,161,2.809478,0.0936,0.494295,1,168.961928,scenario_003,short
3585,161,0.925227,0.103898,0.770304,0,165.971337,scenario_003,short
3586,161,1.43984,0.286009,0.69538,0,166.833019,scenario_003,short
3587,161,7.61903,0.358375,0.475475,1,176.292644,scenario_003,medium
3588,161,12.73353,0.937295,0.626857,1,186.125048,scenario_003,medium
3589,161,1.349945,0.663223,0.615327,0,166.00014,scenario_003,short
3590,161,0.922174,0.689988,0.996054,1,163.573649,scenario_003,short
3591,161,1.703879,0.394882,1.0,1,165.904282,scenario_003,short
3592,161,0.718397,0.236452,0.536254,0,163.562084,scenario_003,short
3593,161,7.946369,0.462383,0.835042,1,174.839576,scenario_003,long
3594,161,37.300676,0.93645,0.325267,1,244.805621,scenario_003,long
3595,161,1.741138,0.14528,0.05,0,168.510436,scenario_003,short
3596,161,1.306266,0.095139,0.343913,1,163.470221,scenario_003,short
3597,161,1.451057,0.505855,0.463796,0,165.984966,scenario_003,short
3598,161,1.198116,0.28537,0.905824,0,166.749036,scenario_003,short
3599,161,10.464174,0.98223,0.413338,0,205.857963,scenario_003,medium
3600,161,12.086166,0.416992,0.198683,1,187.480786,scenario_003,medium
3601,161,2.522236,0.438771,0.127248,0,172.243604,scenario_003,short
3602,161,1.961363,0.257972,0.606941,1,166.37299,scenario_003,short
3603,161,1.956567,0.492116,0.586861,1,166.439695,scenario_003,short
3604,161,1.052067,0.43723,0.59505,0,166.62348,scenario_003,short
3605,161,1.189165,0.385222,0.243706,0,167.421069,scenario_003,short
3606,162,1.54797,0.087109,0.05,0,168.951155,scenario_003,short
3607,162,1.045309,0.125549,0.179926,0,166.403512,scenario_003,short
3608,162,0.736501,0.841818,0.440922,2,163.411603,scenario_003,short
3609,162,1.392845,0.367035,0.604218,1,165.964806,scenario_003,short
3610,162,1.291423,0.284845,0.996783,0,168.908682,scenario_003,short
3611,162,2.265086,0.143139,0.12875,1,165.878117,scenario_003,short
3612,162,0.770288,0.070614,0.151647,2,163.0,scenario_003,short
3613,162,12.475723,0.359892,0.789962,0,205.006767,scenario_003,medium
3614,162,16.332949,0.383827,0.532508,2,186.630607,scenario_003,long
3615,162,1.035478,0.639206,0.649348,1,163.75035,scenario_003,short
3616,162,1.062382,0.420716,0.382835,1,163.956836,scenario_003,short
3617,162,0.960162,0.245335,0.923025,1,164.048026,scenario_003,short
3618,162,1.176872,0.416626,0.626809,0,167.363525,scenario_003,short
3619,162,11.195195,0.512503,0.800656,1,187.654532,scenario_003,medium
3620,162,1.622071,0.264895,0.484478,1,166.701786,scenario_003,short
3621,162,1.707095,0.219319,0.151477,1,165.435258,scenario_003,short
3622,163,1.458843,0.383697,0.801923,2,164.990158,scenario_003,short
3623,163,1.399556,0.191544,0.972482,0,170.795113,scenario_003,short
3624,163,1.202826,0.381474,0.528599,0,168.484368,scenario_003,short
3625,163,9.586706,0.809288,0.570499,0,199.552765,scenario_003,medium
3626,163,0.933014,0.177796,0.307757,0,166.055459,scenario_003,short
3627,163,0.947787,0.615031,1.0,0,168.027603,scenario_003,short
3628,163,1.099562,0.365442,0.688031,0,168.822882,scenario_003,short
3629,163,2.440663,0.380927,0.548485,0,174.001046,scenario_003,short
3630,163,1.184027,0.069079,0.723406,0,169.657497,scenario_003,short
3631,163,1.196217,0.271007,0.660972,0,168.083364,scenario_003,short
3632,163,12.876241,0.667862,0.644177,1,191.102844,scenario_003,medium
3633,163,2.450619,0.447516,0.561615,2,166.766705,scenario_003,short
3634,163,23.930171,1.0,0.964967,0,266.648678,scenario_003,long
3635,163,1.848122,0.114919,0.471151,1,166.333719,scenario_003,short
3636,163,15.677357,0.165782,0.38601,1,199.970622,scenario_003,medium
3637,163,1.869429,0.424976,0.05489,0,170.285252,scenario_003,short
3638,163,11.025692,0.304379,0.743151,0,215.194997,scenario_003,medium
3639,163,0.860922,0.437405,0.545374,0,166.108818,scenario_003,short
3640,163,0.991883,0.786397,0.729849,0,167.75143,scenario_003,short
3641,163,1.228214,0.114923,0.200681,1,165.073352,scenario_003,short
3642,163,1.143703,0.205445,0.55763,1,166.391888,scenario_003,short
3643,163,9.751319,0.94912,0.594003,1,183.310964,scenario_003,long
3644,163,10.451344,0.710604,0.543954,0,199.369726,scenario_003,medium
3645,163,1.488186,0.082793,0.616521,2,164.958901,scenario_003,short
3646,163,1.565681,0.354912,0.354805,0,168.468311,scenario_003,short
3647,163,1.810582,0.40184,0.540058,0,170.249209,scenario_003,short
3648,163,12.956796,0.644533,0.279594,0,230.40319,scenario_003,medium
3649,164,8.827952,0.330842,0.527106,2,178.789118,scenario_003,medium
3650,164,11.044291,0.473548,1.0,0,200.136786,scenario_003,medium
3651,164,1.090748,0.739353,0.961047,0,167.953153,scenario_003,short
3652,164,1.062069,0.091801,0.291645,1,167.205422,scenario_003,short
3653,164,10.37858,0.496366,0.555008,0,199.603283,scenario_003,medium
3654,164,1.368436,0.19358,1.0,0,170.145388,scenario_003,short
3655,164,1.099984,0.119621,0.31018,2,166.01961,scenario_003,short
3656,164,22.607598,0.892883,0.909646,1,215.880169,scenario_003,long
3657,164,7.450102,0.856106,0.661695,1,180.846989,scenario_003,medium
3658,164,1.977327,0.822133,0.462148,1,167.695091,scenario_003,short
3659,164,1.846347,0.28365,1.0,0,173.689659,scenario_003,short
3660,164,8.378629,0.985615,1.0,2,177.267136,scenario_003,medium
3661,164,2.086539,0.18717,0.465954,1,169.040862,scenario_003,short
3662,164,1.394534,0.421014,0.664646,1,166.919256,scenario_003,short
3663,164,1.581427,0.393324,0.765684,0,171.292694,scenario_003,short
3664,164,2.061948,0.192798,0.603752,2,167.815088,scenario_003,short
3665,164,0.935768,0.481948,0.455631,1,166.560968,scenario_003,short
3666,164,9.410977,0.579547,0.884492,1,190.015628,scenario_003,medium
3667,164,1.631881,0.07762,0.737988,2,166.185785,scenario_003,short
3668,164,10.240309,0.139743,0.168642,0,203.688563,scenario_003,medium
3669,164,1.911502,0.102932,0.387486,2,166.260791,scenario_003,short
3670,164,10.269938,0.725433,0.415287,1,183.496329,scenario_003,medium
3671,164,7.421464,0.387099,0.775742,0,188.523496,scenario_003,medium
3672,164,0.80843,0.413281,0.653124,0,168.146214,scenario_003,short
3673,164,1.207118,0.831105,0.828174,1,167.353202,scenario_003,short
3674,164,0.77208,0.276033,0.21251,2,165.283666,scenario_003,short
3675,164,2.017857,0.366564,0.362831,1,168.662349,scenario_003,short
3676,164,0.991559,0.23009,0.767379,1,165.806958,scenario_003,short
3677,165,1.570522,0.340395,0.080885,2,167.060067,scenario_003,short
3678,165,10.832523,0.644647,0.742364,0,208.595537,scenario_003,medium
3679,165,12.811148,0.122271,0.909497,0,213.660237,scenario_003,medium
3680,165,1.743954,0.703058,0.717984,2,166.994675,scenario_003,short
3681,165,18.443356,0.748733,0.179794,0,223.005095,scenario_003,medium
3682,165,1.148795,0.309215,0.943672,1,167.88027,scenario_003,short
3683,165,6.043303,0.639349,0.861934,0,198.018284,scenario_003,medium
3684,165,1.367757,0.161515,0.673501,2,167.638162,scenario_003,short
3685,165,2.525957,0.392745,0.480206,0,175.264181,scenario_003,short
3686,165,9.874383,0.806491,0.206757,0,212.188047,scenario_003,medium
3687,165,1.174071,0.162436,0.515076,0,171.323666,scenario_003,short
3688,165,1.067623,0.086375,0.650955,1,167.727219,scenario_003,short
3689,165,17.836349,0.329213,0.770423,1,199.111626,scenario_003,medium
3690,165,1.499051,0.262035,0.563501,2,167.418269,scenario_003,short
3691,165,1.317736,0.08347,0.901327,0,170.17673,scenario_003,short
3692,165,6.871763,0.321969,0.505116,0,200.47763,scenario_003,medium
3693,165,7.890519,0.325725,0.584747,0,200.179448,scenario_003,medium
3694,165,1.295376,0.202141,0.763028,0,169.143297,scenario_003,short
3695,165,1.145336,0.446372,0.871773,0,170.735771,scenario_003,short
3696,165,1.163338,0.373575,0.685875,1,167.352773,scenario_003,short
3697,165,12.859196,0.29312,0.242909,1,200.478019,scenario_003,medium
3698,165,18.662618,0.566261,0.255306,1,197.867684,scenario_003,medium
3699,165,1.468167,0.315592,0.558817,0,172.069396,scenario_003,short
3700,165,1.256405,0.258668,0.433735,0,169.253124,scenario_003,short
3701,165,0.820104,0.220826,0.993446,0,169.235789,scenario_003,short
3702,165,3.836393,0.176331,0.07123,1,174.413171,scenario_003,short
3703,165,1.872285,0.178787,0.724143,0,174.163694,scenario_003,short
3704,165,1.138254,0.421545,0.503183,1,166.969071,scenario_003,short
3705,165,1.204083,0.471873,0.340523,1,167.928546,scenario_003,short
3706,165,0.655901,0.64916,0.655711,0,167.436041,scenario_003,short
3707,165,1.640873,0.291465,0.315883,0,173.912854,scenario_003,short
3708,165,7.450308,0.990199,1.0,0,196.33762,scenario_003,medium
3709,166,0.933474,0.491843,0.452379,0,168.999795,scenario_003,short
3710,166,17.936498,0.199129,0.464201,1,217.922986,scenario_003,medium
3711,166,9.65156,0.32563,0.395485,1,186.148761,scenario_003,medium
3712,166,15.195839,0.155513,1.0,0,250.775609,scenario_003,medium
3713,166,2.519284,0.360608,0.354642,1,173.315092,scenario_003,short
3714,166,2.050346,0.213357,0.584872,1,171.663591,scenario_003,short
3715,166,4.07888,0.490956,0.661537,2,171.995832,scenario_003,medium
3716,166,9.802686,1.0,0.67392,0,213.853456,scenario_003,long
3717,166,39.662025,0.642621,1.0,1,284.448812,scenario_003,long
3718,166,1.991089,0.076344,0.332283,1,170.321076,scenario_003,short
3719,166,1.337085,0.428037,0.638311,2,167.553117,scenario_003,short
3720,166,7.033697,0.592922,0.195637,1,181.360199,scenario_003,medium
3721,166,1.537649,0.275212,0.719649,1,169.381797,scenario_003,short
3722,166,0.909681,0.232798,0.602002,0,168.926222,scenario_003,short
3723,166,0.811201,0.437982,0.939306,1,167.962285,scenario_003,short
3724,166,16.498453,0.269017,0.879088,1,200.160529,scenario_003,medium
3725,166,1.250623,0.218288,0.879979,1,168.594022,scenario_003,short
3726,166,12.110357,0.327125,0.254087,2,183.404848,scenario_003,medium
3727,166,2.936865,0.234008,0.627333,1,173.772039,scenario_003,short
3728,166,2.269362,0.452948,0.413326,0,173.434634,scenario_003,short
3729,166,14.036855,0.483574,0.821862,0,229.109538,scenario_003,medium
3730,166,1.579872,0.306857,0.079019,2,168.52291,scenario_003,short
3731,167,15.755803,0.401235,0.274524,0,249.525191,scenario_003,medium
3732,167,0.917915,0.529512,0.242523,1,169.591046,scenario_003,short
3733,167,1.38872,0.110468,0.584797,0,173.09725,scenario_003,short
3734,167,1.064024,0.339719,0.961375,2,168.340608,scenario_003,short
3735,167,0.917376,0.447269,0.219955,1,168.565475,scenario_003,short
3736,167,0.869956,0.449962,0.269394,1,169.061784,scenario_003,short
3737,167,1.957203,0.439326,0.497536,0,177.751473,scenario_003,short
3738,167,9.504851,0.537762,0.563032,0,216.242868,scenario_003,medium
3739,167,1.650842,0.518983,0.511507,0,173.140025,scenario_003,short
3740,167,0.661132,0.077856,0.259703,0,169.832306,scenario_003,short
3741,167,0.98219,0.405829,0.687384,0,172.426807,scenario_003,short
3742,167,7.03308,0.467475,0.765843,1,183.866773,scenario_003,medium
3743,167,0.954019,0.229257,0.63741,1,169.329083,scenario_003,short
3744,167,1.074583,0.33355,0.86677,0,171.801877,scenario_003,short
3745,167,8.02222,0.642536,0.741458,2,178.760378,scenario_003,medium
3746,167,2.523687,0.433282,0.800561,0,180.438939,scenario_003,short
3747,167,12.171815,0.237841,0.825293,1,193.380942,scenario_003,medium
3748,167,1.897968,0.384862,0.232358,0,177.58926,scenario_003,short
3749,167,8.641886,0.750925,0.583293,2,184.142341,scenario_003,medium
3750,167,2.169689,0.316967,0.407296,0,176.799097,scenario_003,short
3751,167,1.468115,0.126255,0.474236,1,169.729281,scenario_003,short
3752,167,1.030295,0.124737,0.399358,2,168.724739,scenario_003,short
3753,167,13.481642,0.379849,0.317599,1,196.530254,scenario_003,medium
3754,167,2.095826,0.232384,0.351618,1,172.65696,scenario_003,short
3755,167,17.755326,0.637489,1.0,1,199.539567,scenario_003,medium
3756,167,1.199137,0.15259,0.425394,0,172.214787,scenario_003,short
3757,167,1.654415,0.450309,0.173614,1,171.363418,scenario_003,short
3758,167,2.601247,0.363532,0.275968,2,171.010788,scenario_003,short
3759,168,1.502864,0.386846,0.468186,1,171.511906,scenario_003,short
3760,168,15.649157,0.159263,0.237449,1,207.609554,scenario_003,medium
3761,168,32.812315,0.341332,0.311219,0,285.17009,scenario_003,long
3762,168,8.515185,0.356183,0.820509,1,189.572717,scenario_003,medium
3763,168,13.662807,0.483802,0.796811,1,195.498856,scenario_003,medium
3764,168,1.623298,0.164289,0.407663,0,173.246023,scenario_003,short
3765,168,0.782307,0.422704,0.242801,1,169.768633,scenario_003,short
3766,168,16.301439,0.47177,0.41713,0,252.778194,scenario_003,medium
3767,168,2.759299,0.297574,0.50305,2,172.561576,scenario_003,short
3768,168,2.405155,0.304893,0.694133,1,172.759462,scenario_003,short
3769,168,1.206579,0.076085,0.117155,0,174.344868,scenario_003,short
3770,168,9.111489,0.652645,0.614246,1,185.797183,scenario_003,medium
3771,168,3.465376,0.444846,0.811428,0,183.977371,scenario_003,short
3772,168,12.258183,0.373723,1.0,1,197.078315,scenario_003,medium
3773,168,1.544933,0.180571,0.05,1,172.395445,scenario_003,short
3774,168,1.599638,0.230503,0.053583,1,170.751871,scenario_003,short
3775,168,1.61049,0.355113,0.53164,1,172.12047,scenario_003,short
3776,168,8.306589,0.249616,0.142127,1,187.155223,scenario_003,medium
3777,168,0.668124,0.401603,0.612203,0,171.576331,scenario_003,short
3778,168,0.862208,0.147664,0.728945,2,169.347908,scenario_003,short
3779,168,1.294877,0.420256,0.938505,1,171.062828,scenario_003,short
3780,168,0.815702,0.459411,0.547751,2,169.26273,scenario_003,short
3781,168,1.371071,0.439308,0.671763,0,172.891715,scenario_003,short
3782,168,6.713973,0.320276,0.606965,0,203.592866,scenario_003,medium
3783,168,1.069347,0.300349,1.0,0,172.300532,scenario_003,short
3784,168,0.844888,0.155785,0.740098,0,172.338373,scenario_003,short
3785,168,4.933281,0.319228,0.667508,1,181.107166,scenario_003,medium
3786,168,19.592917,0.396498,0.329193,0,253.343236,scenario_003,long
3787,168,7.848498,0.795754,0.977984,0,208.79005,scenario_003,long
3788,168,14.041228,0.51031,0.484382,1,209.384954,scenario_003,medium
3789,168,0.862206,0.467428,0.793945,0,171.630351,scenario_003,short
3790,168,1.578499,0.304649,0.976689,0,175.418098,scenario_003,short
3791,168,10.304648,0.557903,0.641311,0,224.459875,scenario_003,medium
3792,168,1.494818,0.293584,1.0,1,170.753866,scenario_003,short
3793,168,1.102156,0.146916,0.545817,0,171.878522,scenario_003,short
3794,168,1.260853,0.263886,0.469455,0,175.04227,scenario_003,short
3795,168,7.12608,0.534599,0.687334,0,208.297763,scenario_003,medium
3796,168,1.601047,0.693096,0.543662,1,172.441817,scenario_003,short
3797,169,1.649255,0.449818,0.813079,1,173.96254,scenario_003,short
3798,169,11.024101,0.157091,0.199609,0,206.130348,scenario_003,medium
3799,169,1.229243,0.186288,0.911179,2,170.696724,scenario_003,short
3800,169,7.090977,1.0,0.94981,0,205.179736,scenario_003,medium
3801,169,11.355188,1.0,0.9827,0,217.244957,scenario_003,long
3802,169,1.140752,0.158364,0.798228,0,175.005977,scenario_003,short
3803,169,4.405289,0.591744,0.979144,0,187.570533,scenario_003,medium
3804,169,0.967324,0.378192,1.0,0,172.065547,scenario_003,short
3805,169,1.529704,0.433112,0.460694,0,176.390591,scenario_003,short
3806,169,1.187162,0.685972,0.429297,0,173.659233,scenario_003,short
3807,169,2.32708,0.203356,0.579672,1,175.113967,scenario_003,short
3808,169,2.307957,0.249,0.285845,0,180.308727,scenario_003,short
3809,169,1.045525,0.171298,0.178799,0,174.286622,scenario_003,short
3810,169,6.401627,0.217718,0.696214,0,191.442233,scenario_003,medium
3811,169,6.448149,0.297976,1.0,0,201.847386,scenario_003,medium
3812,169,12.831944,0.687507,0.404238,1,202.295804,scenario_003,medium
3813,169,1.113784,0.389595,0.77837,0,173.06869,scenario_003,short
3814,169,9.209824,0.125053,0.739736,0,211.038441,scenario_003,medium
3815,169,10.625484,1.0,0.83781,1,192.203915,scenario_003,medium
3816,169,1.823015,0.431258,0.176905,0,175.022066,scenario_003,short
3817,169,1.392641,0.33655,0.84255,2,170.95944,scenario_003,short
3818,169,12.916905,0.492644,0.681478,0,210.777382,scenario_003,medium
3819,169,0.810981,0.703876,0.366676,1,170.681329,scenario_003,short
3820,169,30.31075,0.428366,0.521444,1,219.914729,scenario_003,long
3821,169,1.889754,0.396874,0.503048,0,179.62655,scenario_003,short
3822,169,7.012536,0.270462,0.433809,2,177.347515,scenario_003,medium
3823,169,2.005495,0.655267,0.542166,1,175.016708,scenario_003,short
3824,169,1.98519,0.341649,0.465907,0,176.909131,scenario_003,short
3825,169,1.660286,0.339287,0.136231,2,171.943655,scenario_003,short
3826,169,1.103501,0.54344,0.05,0,174.005785,scenario_003,short
3827,169,0.704826,0.384017,0.936326,0,171.214573,scenario_003,short
3828,170,1.213664,0.423947,0.898425,2,171.509854,scenario_003,short
3829,170,0.626184,0.143204,0.574938,0,173.020571,scenario_003,short
3830,170,7.390761,0.494932,0.516786,1,191.903315,scenario_003,medium
3831,170,1.462361,0.3848,0.36847,0,176.134858,scenario_003,short
3832,170,1.234764,0.425908,0.530145,0,176.021676,scenario_003,short
3833,170,18.326141,0.665927,0.737948,0,248.107373,scenario_003,medium
3834,170,1.1427,0.131021,0.68929,1,172.308997,scenario_003,short
3835,170,4.572641,0.667375,0.183208,0,190.349567,scenario_003,medium
3836,170,9.858027,0.388074,0.390123,1,197.919218,scenario_003,medium
3837,170,1.195212,0.138113,0.092293,1,173.400518,scenario_003,short
3838,170,19.360146,0.534427,1.0,1,216.817206,scenario_003,medium
3839,170,2.07738,0.173235,0.606914,0,179.048078,scenario_003,short
3840,170,1.294957,0.202346,0.408218,1,173.669997,scenario_003,short
3841,170,1.398362,0.369311,0.209776,1,173.173668,scenario_003,short
3842,170,1.658609,0.219979,0.339609,0,176.467118,scenario_003,short
3843,170,6.133926,0.460932,0.392765,2,179.024014,scenario_003,medium
3844,170,1.01567,0.815081,0.918432,2,171.524925,scenario_003,short
3845,170,1.796081,0.309131,0.167595,1,173.391507,scenario_003,short
3846,170,1.276043,0.204552,0.168734,0,176.719357,scenario_003,short
3847,170,8.258192,0.312433,0.627994,0,213.728905,scenario_003,medium
3848,170,0.85904,0.260411,0.593908,1,171.804885,scenario_003,short
3849,170,7.332917,0.43777,0.683947,2,179.698745,scenario_003,medium
3850,170,11.0801,0.669087,0.249206,0,204.754128,scenario_003,medium
3851,170,19.706321,0.927161,0.603718,0,265.539334,scenario_003,medium
3852,170,1.049497,0.270748,0.637914,2,171.880186,scenario_003,short
3853,170,1.605128,0.470143,0.933387,2,172.386935,scenario_003,short
3854,170,0.928347,0.189921,0.735121,0,175.145726,scenario_003,short
3855,170,1.146433,0.319352,0.390629,0,176.132364,scenario_003,short
3856,170,26.653052,0.677522,0.350949,1,249.410307,scenario_003,medium
3857,171,1.515402,0.517712,0.387214,1,174.966381,scenario_003,short
3858,171,1.015957,0.449615,0.086833,0,174.486849,scenario_003,short
3859,171,13.317353,0.253593,0.857771,1,207.754979,scenario_003,medium
3860,171,3.960934,0.278563,0.680341,0,192.263767,scenario_003,short
3861,171,2.456303,0.058434,1.0,0,184.820121,scenario_003,short
3862,171,2.874221,0.175687,0.347001,0,185.905886,scenario_003,short
3863,171,0.959825,0.29394,1.0,0,175.223426,scenario_003,short
3864,171,1.870851,0.226956,0.256153,0,181.150008,scenario_003,short
3865,171,1.181661,0.402315,0.671402,0,177.154549,scenario_003,short
3866,171,1.601401,0.595601,0.113595,0,179.977877,scenario_003,short
3867,171,1.436778,0.50564,0.590439,0,176.603579,scenario_003,short
3868,171,1.725691,0.24269,0.055207,0,179.495796,scenario_003,short
3869,171,1.133661,0.148268,0.31161,0,174.930667,scenario_003,short
3870,171,17.007618,0.912918,0.598214,2,201.528257,scenario_003,medium
3871,171,1.506016,0.21098,0.967509,0,177.372145,scenario_003,short
3872,171,1.058924,0.091581,0.141396,1,174.139105,scenario_003,short
3873,171,12.288833,0.252706,0.269172,0,237.099328,scenario_003,medium
3874,171,10.351335,0.392075,0.210224,2,184.918561,scenario_003,medium
3875,171,1.397859,0.299888,0.540781,2,173.329779,scenario_003,short
3876,171,7.080262,0.488871,0.236549,0,203.230966,scenario_003,medium
3877,171,1.288502,0.406962,0.727287,0,176.899775,scenario_003,short
3878,171,1.71054,0.188036,0.051976,0,179.699601,scenario_003,short
3879,171,1.061021,0.24354,0.264646,0,174.601044,scenario_003,short
3880,171,1.920893,0.683695,0.572588,1,176.080235,scenario_003,short
3881,171,9.892739,0.897376,0.427912,0,204.270201,scenario_003,medium
3882,171,1.534143,0.569261,0.604211,1,175.602765,scenario_003,short
3883,171,1.556661,0.369247,0.447315,1,173.750996,scenario_003,short
3884,171,0.837316,0.433073,0.517563,0,173.719994,scenario_003,short
3885,171,8.672012,0.909608,0.561105,1,194.905867,scenario_003,medium
3886,171,35.563268,0.772818,0.914192,1,259.281535,scenario_003,long
3887,171,11.195701,0.480002,0.549428,2,192.504531,scenario_003,medium
3888,171,14.663034,0.198174,0.251089,0,251.00362,scenario_003,medium
3889,171,8.85773,0.949452,0.470874,0,213.616722,scenario_003,medium
3890,171,1.16704,0.115072,0.5157,0,177.296527,scenario_003,short
3891,171,1.625854,0.096896,0.206931,0,178.05568,scenario_003,short
3892,171,0.645754,0.151884,0.391779,1,172.923093,scenario_003,short
3893,172,1.471112,0.643671,0.699957,0,178.386005,scenario_003,short
3894,172,1.305858,0.279179,0.478673,1,174.483028,scenario_003,short
3895,172,1.352545,0.151704,0.366292,0,176.403959,scenario_003,short
3896,172,20.903478,0.299088,0.613341,0,241.537782,scenario_003,long
3897,172,16.165643,0.709197,0.955719,1,203.63804,scenario_003,medium
3898,172,1.197113,0.656712,0.456347,2,173.370019,scenario_003,short
3899,172,1.207321,0.401398,0.445174,0,178.141121,scenario_003,short
3900,172,8.423223,0.278933,0.315304,2,182.437551,scenario_003,medium
3901,172,0.821009,0.255683,0.444175,0,175.012627,scenario_003,short
3902,172,21.927801,0.893175,0.654674,1,222.289752,scenario_003,medium
3903,172,6.479279,0.637622,0.764117,0,200.425005,scenario_003,medium
3904,172,3.441814,0.264501,0.808881,2,178.052888,scenario_003,short
3905,172,1.769176,0.196981,0.917481,1,176.107356,scenario_003,short
3906,172,2.030081,0.298878,0.178607,0,180.137488,scenario_003,short
3907,172,12.123377,0.60682,0.094167,1,192.535121,scenario_003,long
3908,172,1.379813,0.591304,0.094165,1,175.460035,scenario_003,short
3909,172,0.957503,0.305635,0.676564,0,175.995852,scenario_003,short
3910,172,1.841989,0.412562,0.728778,1,175.826805,scenario_003,short
3911,172,0.678732,0.500754,0.761038,1,173.918168,scenario_003,short
3912,172,1.031678,0.374199,0.684955,0,177.577021,scenario_003,short
3913,172,12.501617,0.655509,1.0,0,223.109647,scenario_003,medium
3914,172,1.571117,0.268347,0.838486,0,179.131368,scenario_003,short
3915,172,1.049569,0.689465,0.908317,0,176.359078,scenario_003,short
3916,172,1.457151,0.708446,0.747766,1,175.671614,scenario_003,short
3917,172,22.090122,0.930552,0.524713,0,250.138125,scenario_003,long
3918,172,12.282324,0.713768,0.95233,0,227.033997,scenario_003,medium
3919,172,13.4258,0.294956,0.657383,0,242.591721,scenario_003,medium
3920,172,1.091991,0.155588,0.523303,2,173.956827,scenario_003,short
3921,172,1.520038,0.35172,0.859584,0,180.100964,scenario_003,short
3922,172,9.289541,0.28364,1.0,0,206.00396,scenario_003,medium
3923,172,0.783229,0.293945,0.719568,1,173.987774,scenario_003,short
3924,172,1.570919,0.077987,0.300064,0,180.633214,scenario_003,short
3925,172,41.564205,0.355495,0.756353,1,297.201763,scenario_003,long
3926,172,15.942237,0.527481,1.0,1,209.860846,scenario_003,medium
3927,172,6.238523,0.969855,0.910448,1,188.298142,scenario_003,medium
3928,172,3.71843,0.622624,0.229464,0,191.956182,scenario_003,short
3929,172,0.921474,0.504157,0.815895,0,176.120319,scenario_003,short
3930,173,2.28099,0.279936,0.398613,2,176.52804,scenario_003,short
3931,173,0.762838,0.494833,0.654836,0,177.300258,scenario_003,short
3932,173,1.632032,0.423822,0.263858,0,180.05253,scenario_003,short
3933,173,23.157457,0.657143,1.0,2,198.966422,scenario_003,long
3934,173,1.059918,0.321962,0.626362,2,175.042654,scenario_003,short
3935,173,1.262818,0.391428,0.395782,1,175.826734,scenario_003,short
3936,173,1.320853,0.2101,0.067974,0,179.712907,scenario_003,short
3937,173,22.428035,0.418862,0.217341,0,251.610505,scenario_003,long
3938,173,1.422193,0.566074,0.409664,0,178.669252,scenario_003,short
3939,173,2.33335,0.273151,0.74571,1,177.014849,scenario_003,short
3940,173,2.186422,0.681018,0.562178,1,177.90114,scenario_003,short
3941,173,1.157479,0.227225,0.913676,0,176.828397,scenario_003,short
3942,173,23.331561,0.557314,0.216987,1,224.321873,scenario_003,medium
3943,173,0.907057,0.299871,0.780822,2,174.031378,scenario_003,short
3944,173,2.289985,0.590244,0.720349,2,176.675046,scenario_003,short
3945,173,1.315918,0.599682,1.0,1,175.401228,scenario_003,short
3946,173,7.296228,0.502575,0.75221,0,206.808427,scenario_003,medium
3947,173,1.26166,0.110078,0.840992,0,177.277806,scenario_003,short
3948,173,0.830601,0.287933,0.507197,0,176.74864,scenario_003,short
3949,173,1.004294,0.494413,0.175049,1,175.014916,scenario_003,short
3950,173,2.147196,0.235094,0.209547,0,184.99678,scenario_003,short
3951,173,1.834822,0.104855,0.370263,1,178.107393,scenario_003,short
3952,173,2.0111,0.402854,0.338997,0,183.023423,scenario_003,short
3953,173,11.420916,0.361181,0.343323,1,203.455849,scenario_003,medium
3954,173,1.099062,0.457191,0.549157,1,175.850919,scenario_003,short
3955,173,11.622542,0.673602,0.549033,0,221.814774,scenario_003,medium
3956,173,3.060109,0.563477,0.376052,0,186.511164,scenario_003,short
3957,173,0.831177,0.621154,0.333686,0,175.730849,scenario_003,short
3958,173,1.405494,0.302455,0.646669,0,178.946707,scenario_003,short
3959,173,0.7823,0.856532,0.39784,2,174.409152,scenario_003,short
3960,173,10.761629,0.15353,0.329182,1,196.025009,scenario_003,medium
3961,173,16.512326,0.294394,0.057878,1,207.88451,scenario_003,medium
3962,173,16.450798,0.268214,0.55037,1,205.340227,scenario_003,medium
3963,173,2.918152,0.163775,0.72017,2,176.644243,scenario_003,short
3964,173,2.467567,0.256418,0.413863,1,178.368988,scenario_003,short
3965,173,8.807022,0.546417,0.549222,0,222.610957,scenario_003,medium
3966,173,1.42848,0.28423,0.399248,0,178.114937,scenario_003,short
3967,173,1.743584,0.627424,0.88312,0,178.876464,scenario_003,short
3968,173,13.730205,0.555369,0.82285,1,204.089265,scenario_003,medium
3969,173,0.63181,0.372773,0.466448,0,175.527834,scenario_003,short
3970,173,0.621816,0.296122,0.295429,0,176.02797,scenario_003,short
3971,174,7.20516,0.672046,0.618687,0,201.348631,scenario_003,medium
3972,174,1.74127,0.203268,0.85528,0,182.499595,scenario_003,short
3973,174,0.831014,0.364639,0.724689,2,175.492817,scenario_003,short
3974,174,0.900479,0.404177,0.056447,0,177.72502,scenario_003,short
3975,174,1.731547,0.213206,0.720791,1,178.921365,scenario_003,short
3976,174,1.714623,0.287678,0.474039,1,178.594296,scenario_003,short
3977,174,2.589659,0.276004,0.19429,0,182.492148,scenario_003,short
3978,174,16.979302,0.78004,0.610343,1,217.626385,scenario_003,long
3979,174,1.343621,0.441332,0.414003,1,176.403897,scenario_003,short
3980,174,1.246234,0.800736,1.0,0,179.148708,scenario_003,short
3981,174,0.967591,0.43954,0.143583,1,176.815564,scenario_003,short
3982,174,3.377899,0.425897,0.05,1,182.130828,scenario_003,short
3983,174,15.53049,0.594061,0.297652,0,250.436167,scenario_003,medium
3984,174,6.894783,0.702577,0.929089,0,203.5794,scenario_003,medium
3985,174,0.7816,0.411968,0.659533,0,177.658559,scenario_003,short
3986,174,1.568846,0.329552,0.541257,1,177.341332,scenario_003,short
3987,174,23.543872,0.660014,1.0,0,274.134024,scenario_003,medium
3988,174,1.755789,0.353704,1.0,0,180.595835,scenario_003,short
3989,174,13.187203,0.164445,0.4389,0,236.294361,scenario_003,medium
3990,174,1.707561,0.635421,0.598231,0,181.152942,scenario_003,short
3991,174,17.98334,0.440374,0.761055,0,231.686106,scenario_003,medium
3992,174,1.809701,0.268775,0.126802,0,183.537333,scenario_003,short
3993,174,8.858934,0.631619,0.838557,0,222.234913,scenario_003,medium
3994,174,1.448855,0.184401,0.626826,1,177.152998,scenario_003,short
3995,174,5.741651,0.481824,0.135542,0,205.987253,scenario_003,medium
3996,174,1.543628,0.147323,0.153146,0,181.150016,scenario_003,short
3997,174,1.260354,0.201493,0.450861,2,175.721954,scenario_003,short
3998,174,0.983937,0.386709,0.71757,1,176.615607,scenario_003,short
3999,174,0.934793,0.398648,0.677427,0,177.437275,scenario_003,short
4000,174,1.85759,0.24517,0.758739,0,180.997842,scenario_003,short
4001,175,0.958397,0.345058,0.986364,0,179.889567,scenario_003,short
4002,175,1.677279,0.33318,0.301451,1,179.232331,scenario_003,short
4003,175,1.458883,0.643847,0.83947,0,180.037578,scenario_003,short
4004,175,0.741012,0.556294,0.491391,0,179.122181,scenario_003,short
4005,175,1.014355,0.401705,0.561029,0,180.039679,scenario_003,short
4006,175,17.30452,0.269592,0.722129,0,246.541854,scenario_003,long
4007,175,1.434065,0.389699,0.882479,0,181.064513,scenario_003,short
4008,175,1.508853,0.718539,0.676164,0,180.627584,scenario_003,short
4009,175,15.119257,0.684576,0.828473,1,212.378769,scenario_003,medium
4010,175,1.846548,0.345893,0.269818,1,178.475459,scenario_003,short
4011,175,3.175078,0.178232,0.620954,0,186.777022,scenario_003,short
4012,175,1.51323,0.700183,0.812258,1,178.655366,scenario_003,short
4013,175,1.208416,0.42819,0.710104,1,177.072342,scenario_003,short
4014,175,1.264602,0.202498,0.77946,0,179.246753,scenario_003,short
4015,175,1.802931,0.678725,0.482843,0,182.441227,scenario_003,short
4016,175,0.550118,0.416874,0.484645,2,176.0,scenario_003,short
4017,175,1.742299,0.332832,0.214416,0,183.302769,scenario_003,short
4018,175,0.873691,0.376566,0.231266,0,177.807704,scenario_003,short
4019,175,1.407276,0.057613,0.49226,1,178.900125,scenario_003,short
4020,175,1.688738,0.424418,0.607687,1,179.371906,scenario_003,short
4021,175,0.929259,0.388986,0.981197,1,176.620653,scenario_003,short
4022,176,0.836591,0.414816,0.432913,1,177.446298,scenario_003,short
4023,176,29.573661,1.0,0.941507,0,334.358448,scenario_003,long
4024,176,28.430464,0.575842,0.452948,0,268.025472,scenario_003,medium
4025,176,1.015969,0.206161,0.374759,1,178.838586,scenario_003,short
4026,176,1.46513,0.175123,1.0,0,181.409837,scenario_003,short
4027,176,10.293517,0.521812,0.687566,1,194.452507,scenario_003,long
4028,176,6.338035,0.663753,1.0,0,210.317756,scenario_003,medium
4029,176,0.790282,0.580523,0.216996,0,178.692526,scenario_003,short
4030,176,1.585793,0.185514,0.507919,2,178.074092,scenario_003,short
4031,176,9.131588,0.700864,0.95026,0,210.126253,scenario_003,medium
4032,176,6.078764,1.0,0.8482,0,201.172734,scenario_003,medium
4033,176,1.24303,0.268009,0.416312,2,178.489553,scenario_003,short
4034,176,1.089824,0.055312,0.753356,2,177.527374,scenario_003,short
4035,176,15.654015,0.437832,0.722969,1,211.831984,scenario_003,medium
4036,176,1.93223,0.613565,0.872651,0,182.05022,scenario_003,short
4037,176,7.459106,1.0,0.375402,1,193.676018,scenario_003,medium
4038,176,1.346387,0.386859,0.643055,0,182.998501,scenario_003,short
4039,176,2.834464,0.362544,0.880052,0,188.194837,scenario_003,short
4040,176,1.145316,0.517562,0.226292,0,181.902054,scenario_003,short
4041,176,2.76529,0.224614,0.940904,1,183.699377,scenario_003,short
4042,176,0.92358,0.415612,0.402533,1,177.536646,scenario_003,short
4043,176,10.031871,0.159155,0.595382,1,199.229276,scenario_003,medium
4044,176,1.039085,0.378008,0.905825,0,180.83887,scenario_003,short
4045,176,6.707676,0.184243,0.095981,2,187.148103,scenario_003,medium
4046,176,1.348924,0.286802,0.544353,1,178.726337,scenario_003,short
4047,177,11.114882,0.752329,0.656358,0,214.601113,scenario_003,long
4048,177,14.74903,0.584552,0.743513,1,215.381705,scenario_003,medium
4049,177,2.537858,0.245029,0.666275,1,181.727057,scenario_003,short
4050,177,1.084035,0.352883,0.593198,1,178.946929,scenario_003,short
4051,177,1.596291,0.22687,0.661895,1,180.871331,scenario_003,short
4052,177,1.068013,0.173317,0.344508,0,180.821326,scenario_003,short
4053,177,13.476968,0.808351,0.942008,1,214.522829,scenario_003,long
4054,177,1.646666,0.381414,0.787553,0,183.04872,scenario_003,short
4055,177,1.545066,0.507817,0.813103,1,180.770902,scenario_003,short
4056,177,1.525145,0.141476,0.42151,1,180.554546,scenario_003,short
4057,177,12.334299,0.504468,1.0,1,203.072205,scenario_003,medium
4058,177,8.064681,0.509457,0.08261,1,195.368244,scenario_003,medium
4059,177,0.672966,0.248358,0.187047,0,179.814839,scenario_003,short
4060,177,0.704718,0.058645,0.162034,0,180.650889,scenario_003,short
4061,177,12.436622,0.616847,1.0,1,208.346081,scenario_003,medium
4062,177,1.091976,0.285031,0.83146,0,181.898016,scenario_003,short
4063,177,2.444157,0.572069,0.779254,0,184.594026,scenario_003,short
4064,177,20.517751,0.639326,0.721161,2,199.808217,scenario_003,medium
4065,177,0.913252,0.458153,0.121636,0,180.786598,scenario_003,short
4066,177,1.013325,0.261821,0.655291,0,180.229073,scenario_003,short
4067,177,1.702085,0.26671,0.05186,2,179.766568,scenario_003,short
4068,177,2.680103,0.359606,0.430254,0,189.45315,scenario_003,short
4069,177,1.837115,0.626032,0.32933,0,184.599136,scenario_003,short
4070,177,13.527858,0.602689,0.92049,0,226.119021,scenario_003,medium
4071,177,2.17838,0.249461,0.840895,0,183.854079,scenario_003,short
4072,177,1.573927,0.267499,0.18328,0,183.557308,scenario_003,short
4073,177,9.35214,0.914302,0.286846,2,190.00769,scenario_003,medium
4074,177,2.689472,0.444081,0.454514,1,182.839495,scenario_003,short
4075,177,0.799324,0.767906,1.0,0,181.271813,scenario_003,short
4076,177,1.491373,0.38549,0.272225,0,183.192769,scenario_003,short
4077,177,1.210202,0.566737,0.771908,1,180.637983,scenario_003,short
4078,177,1.939806,0.060097,0.55079,1,182.185151,scenario_003,short
4079,177,1.214568,0.348339,0.747367,0,183.687889,scenario_003,short
4080,178,26.60548,0.409048,0.719522,0,306.830348,scenario_003,medium
4081,178,54.534595,0.69339,0.619887,1,338.084336,scenario_003,long
4082,178,1.097539,0.575001,0.313109,2,180.143725,scenario_003,short
4083,178,11.119646,0.944142,0.263767,0,215.163396,scenario_003,medium
4084,178,0.89148,0.681259,0.209555,2,179.51667,scenario_003,short
4085,178,1.136387,0.222066,0.443578,0,182.645472,scenario_003,short
4086,178,7.353691,0.129168,0.161504,2,189.86172,scenario_003,medium
4087,178,13.799036,0.918406,0.414559,2,195.651906,scenario_003,medium
4088,178,31.276639,0.30125,0.112759,1,244.474772,scenario_003,long
4089,178,1.042542,0.648943,0.889579,2,179.503196,scenario_003,short
4090,178,13.175549,0.623725,0.77711,0,252.156065,scenario_003,medium
4091,178,0.981898,0.515624,0.781542,0,181.033766,scenario_003,short
4092,178,13.900011,0.447287,0.807463,0,226.51052,scenario_003,medium
4093,178,24.796997,0.535062,0.371016,2,224.181684,scenario_003,long
4094,178,12.884839,0.900419,0.452294,1,208.653031,scenario_003,medium
4095,178,11.13518,0.681251,0.612438,1,206.391279,scenario_003,medium
4096,178,1.340287,0.26442,0.239707,2,179.926324,scenario_003,short
4097,178,1.34133,0.389522,0.224041,1,180.583787,scenario_003,short
4098,178,16.555393,0.417918,0.49254,2,196.906533,scenario_003,medium
4099,178,0.819437,0.31551,0.185076,1,179.681446,scenario_003,short
4100,178,13.825432,0.544086,0.336602,0,238.634807,scenario_003,medium
4101,178,1.698323,0.075064,0.340634,1,181.570151,scenario_003,short
4102,178,1.189401,0.223792,0.61914,0,184.263111,scenario_003,short
4103,178,1.565878,0.056084,0.522914,0,183.437631,scenario_003,short
4104,178,0.708287,0.303032,0.85401,0,180.831531,scenario_003,short
4105,178,37.812681,0.562641,0.259223,2,238.779062,scenario_003,long
4106,178,1.536823,0.331185,0.642619,0,182.881684,scenario_003,short
4107,178,1.246537,0.387056,0.19615,2,179.717217,scenario_003,short
4108,178,1.742109,0.228705,0.347272,0,183.521908,scenario_003,short
4109,178,1.61235,0.068584,0.403392,2,181.01669,scenario_003,short
4110,178,1.565615,0.416695,0.634935,0,185.098301,scenario_003,short
4111,179,10.454352,0.557925,0.973825,1,196.259691,scenario_003,medium
4112,179,83.811906,0.907349,0.869508,0,566.019951,scenario_003,long
4113,179,12.099634,0.383491,0.243856,0,234.068294,scenario_003,medium
4114,179,28.1911,0.401885,0.731173,2,212.473597,scenario_003,medium
4115,179,14.303345,0.23332,0.388654,1,217.897472,scenario_003,medium
4116,179,0.897243,0.268418,0.455622,1,181.164209,scenario_003,short
4117,179,1.837591,0.31838,0.617064,1,182.868954,scenario_003,short
4118,179,10.623498,0.993085,1.0,1,209.510012,scenario_003,long
4119,179,1.214035,0.14054,0.802766,2,180.958046,scenario_003,short
4120,179,1.335061,0.112687,0.513352,0,183.297443,scenario_003,short
4121,179,0.882359,0.293985,0.342045,0,183.646302,scenario_003,short
4122,179,1.626385,0.435216,0.741918,0,186.935311,scenario_003,short
4123,179,1.911177,0.334506,0.71236,2,181.341761,scenario_003,short
4124,179,12.374098,0.256301,0.567241,0,242.647649,scenario_003,long
4125,179,1.100112,0.694304,0.485342,0,184.280014,scenario_003,short
4126,179,0.989909,0.193033,0.568553,0,184.532682,scenario_003,short
4127,179,13.403817,0.592326,1.0,0,221.024243,scenario_003,medium
4128,179,4.112661,0.269526,0.446101,0,201.019604,scenario_003,short
4129,179,12.549187,0.434765,0.604725,2,195.850842,scenario_003,medium
4130,179,1.806238,0.736071,0.372204,1,183.94975,scenario_003,short
4131,179,0.858056,0.082085,0.282677,0,183.189156,scenario_003,short
4132,179,36.17764,0.4193,0.348287,0,364.084849,scenario_003,long
4133,179,0.980937,0.393093,0.220315,0,183.757161,scenario_003,short
4134,179,1.350383,0.402535,0.137028,0,185.637654,scenario_003,short
4135,179,0.771886,0.37787,0.353251,2,180.0,scenario_003,short
4136,179,1.426858,0.123847,0.249087,1,182.502792,scenario_003,short
4137,179,1.868706,0.292828,0.537062,1,182.169823,scenario_003,short
4138,179,30.201531,0.708961,0.846472,1,269.441442,scenario_003,long
4139,179,2.462422,0.14359,0.503158,0,187.377282,scenario_003,short
4140,179,1.220453,0.412101,1.0,0,185.008276,scenario_003,short
4141,179,0.845778,0.436066,0.724145,0,182.732503,scenario_003,short
4142,180,5.179649,0.834183,0.479504,2,189.833595,scenario_003,medium
4143,180,18.805356,0.213189,0.733487,2,205.2642,scenario_003,medium
4144,180,2.147434,0.138206,0.345209,0,187.896315,scenario_003,short
4145,180,8.180584,0.5323,0.844609,0,214.431098,scenario_003,medium
4146,180,1.396656,0.1057,0.588873,1,182.839908,scenario_003,short
4147,180,1.276977,0.504525,0.943493,1,182.965954,scenario_003,short
4148,180,0.91312,0.100508,0.508872,0,184.127508,scenario_003,short
4149,180,2.099759,0.177419,0.460211,1,184.250933,scenario_003,short
4150,180,0.819727,0.367563,0.381113,2,181.0,scenario_003,short
4151,180,1.371252,0.708682,0.70773,1,184.064229,scenario_003,short
4152,180,1.37932,0.535345,0.490861,1,184.077791,scenario_003,short
4153,180,0.976167,0.144362,0.220733,2,181.102144,scenario_003,short
4154,180,9.842719,0.526838,1.0,1,197.914907,scenario_003,medium
4155,180,9.614736,0.52095,0.622242,0,227.933654,scenario_003,medium
4156,180,6.181473,0.461492,0.800473,2,190.055643,scenario_003,medium
4157,180,2.912109,0.326907,0.50605,1,187.792951,scenario_003,short
4158,180,1.308594,0.243943,0.172318,0,187.286794,scenario_003,short
4159,180,1.727951,0.321112,0.536554,0,188.212556,scenario_003,short
4160,180,1.112597,0.412201,0.648789,0,183.695661,scenario_003,short
4161,180,2.057791,0.409591,0.407748,0,191.636376,scenario_003,short
4162,180,0.886484,0.248498,0.54885,2,181.327364,scenario_003,short
4163,180,1.083479,0.236312,1.0,2,181.794374,scenario_003,short
4164,180,0.890651,0.169484,0.843492,2,181.160295,scenario_003,short
4165,180,6.583892,0.640731,0.84257,0,202.718797,scenario_003,medium
4166,180,1.021844,0.082339,0.723189,0,185.057792,scenario_003,short
4167,180,8.518347,0.527562,0.553207,0,216.254253,scenario_003,medium
4168,180,0.937442,0.692821,0.187803,1,182.087248,scenario_003,short
4169,180,0.924597,0.336756,0.973472,0,184.311896,scenario_003,short
4170,180,7.887159,0.14428,0.688278,2,195.707035,scenario_003,medium
4171,180,10.021156,0.43535,0.905716,0,231.030946,scenario_003,medium
4172,180,1.349278,0.11653,0.629911,0,186.943958,scenario_003,short
4173,180,9.342835,0.68635,0.336154,1,206.60898,scenario_003,medium
4174,181,2.263894,0.171987,0.233662,1,185.646879,scenario_003,short
4175,181,20.642125,0.880518,0.816973,1,222.151059,scenario_003,medium
4176,181,1.38148,0.128903,0.889052,0,186.689119,scenario_003,short
4177,181,1.147502,0.344793,0.292112,1,183.09091,scenario_003,short
4178,181,10.837524,0.237923,1.0,1,202.780477,scenario_003,medium
4179,181,17.177665,0.685206,0.311434,1,209.365118,scenario_003,medium
4180,181,7.834848,0.593272,0.526889,1,196.15123,scenario_003,medium
4181,181,11.842803,0.305154,0.316337,0,241.083487,scenario_003,medium
4182,181,27.346848,0.710076,0.703748,2,214.535528,scenario_003,long
4183,181,7.097769,0.451835,0.621799,2,193.000723,scenario_003,medium
4184,181,1.488528,0.675294,0.764744,1,184.265663,scenario_003,short
4185,181,7.844091,0.208635,0.855899,1,202.705458,scenario_003,medium
4186,181,0.969828,0.308963,0.644841,2,182.891168,scenario_003,short
4187,181,1.205129,0.415729,0.458166,0,185.806801,scenario_003,short
4188,181,1.949292,0.355123,0.873728,0,190.959481,scenario_003,short
4189,181,17.001166,0.208304,0.411068,1,229.61905,scenario_003,medium
4190,181,1.088083,0.579982,0.727538,0,185.085876,scenario_003,short
4191,181,1.513943,0.608706,0.61279,1,183.954709,scenario_003,short
4192,181,1.356063,0.171994,0.314979,0,187.681655,scenario_003,short
4193,181,15.013355,0.534374,0.503147,0,237.589242,scenario_003,medium
4194,181,1.268137,0.253143,0.235501,1,184.132342,scenario_003,short
4195,181,10.272856,0.271379,0.262295,1,208.287537,scenario_003,medium
4196,181,7.79326,0.410164,0.462052,1,198.465987,scenario_003,medium
4197,181,1.221354,0.229782,0.780264,0,186.695889,scenario_003,short
4198,181,1.545013,0.438426,0.549995,0,187.565856,scenario_003,short
4199,181,17.172367,0.554768,1.0,0,259.443973,scenario_003,medium
4200,181,1.340979,0.337042,0.447694,2,182.979148,scenario_003,short
4201,181,10.607009,0.213258,0.112775,1,209.88642,scenario_003,medium
4202,181,8.115754,0.439683,0.288858,0,225.185487,scenario_003,medium
4203,181,0.912275,0.400794,0.55388,0,185.730047,scenario_003,short
4204,181,8.850208,0.717386,1.0,1,199.507172,scenario_003,medium
4205,181,2.203984,0.100535,0.586002,1,186.942839,scenario_003,short
4206,182,1.931702,0.394678,0.696882,1,186.341524,scenario_003,short
4207,182,2.324905,0.526254,0.791503,1,188.552423,scenario_003,short
4208,182,12.31951,0.483011,0.368686,1,203.667415,scenario_003,medium
4209,182,7.269039,0.645504,0.297141,0,211.332915,scenario_003,medium
4210,182,9.125931,0.441558,0.790766,0,217.192087,scenario_003,medium
4211,182,1.690257,0.12818,0.378443,0,188.810124,scenario_003,short
4212,182,1.084823,0.322069,0.629247,2,184.099603,scenario_003,short
4213,182,1.597719,0.468202,0.57118,0,187.785163,scenario_003,short
4214,182,10.581103,0.270682,0.586335,0,240.078416,scenario_003,medium
4215,182,0.966322,0.283405,0.456097,0,187.448805,scenario_003,short
4216,182,1.127266,0.21256,0.455398,2,183.612321,scenario_003,short
4217,182,1.197253,0.275418,0.895278,0,186.990774,scenario_003,short
4218,182,1.17066,0.140267,0.865464,0,185.764929,scenario_003,short
4219,182,1.312936,0.183336,0.851946,0,187.605606,scenario_003,short
4220,182,1.350976,0.609626,0.207954,2,184.078808,scenario_003,short
4221,182,0.885208,0.179159,0.726553,0,185.735671,scenario_003,short
4222,182,2.449333,0.092066,0.943638,0,192.414653,scenario_003,short
4223,182,1.963282,0.065737,1.0,0,189.700481,scenario_003,short
4224,182,0.972601,0.696052,0.05,0,186.09737,scenario_003,short
4225,182,1.259614,0.499377,0.637722,0,187.512837,scenario_003,short
4226,182,14.09376,0.19851,0.232956,0,228.027212,scenario_003,medium
4227,182,1.733312,0.675822,0.141668,0,189.222919,scenario_003,short
4228,182,1.155195,0.714198,0.210319,1,184.290045,scenario_003,short
4229,182,2.783824,0.059049,0.522174,0,194.481637,scenario_003,short
4230,182,1.687444,0.122492,0.763814,2,185.213401,scenario_003,short
4231,182,14.129063,0.591329,0.449522,0,246.238066,scenario_003,medium
4232,182,1.066297,0.400292,0.08439,0,186.342288,scenario_003,short
4233,182,0.812975,0.857756,0.785727,0,185.376696,scenario_003,short
4234,183,13.234703,0.530103,0.31449,1,215.516161,scenario_003,medium
4235,183,1.273845,0.39534,0.939658,2,185.431982,scenario_003,short
4236,183,24.505799,0.435552,0.726789,0,289.050495,scenario_003,long
4237,183,1.142635,0.234555,0.248811,2,185.280704,scenario_003,short
4238,183,2.601714,0.395805,0.11768,1,189.77906,scenario_003,short
4239,183,0.972639,0.061659,0.619821,1,184.790905,scenario_003,short
4240,183,1.451651,0.196241,0.611232,1,187.065409,scenario_003,short
4241,183,2.443017,0.588459,0.43147,2,187.76214,scenario_003,short
4242,183,8.971723,0.712001,0.460238,0,223.187953,scenario_003,medium
4243,183,1.986058,0.314579,0.529669,1,186.768051,scenario_003,short
4244,183,2.936796,0.379487,0.472562,0,193.863743,scenario_003,short
4245,183,1.570639,0.357961,0.511906,0,187.967485,scenario_003,short
4246,183,1.079361,0.568069,0.972762,0,186.586584,scenario_003,short
4247,183,1.529204,0.057089,0.99518,0,191.232504,scenario_003,short
4248,183,1.873024,0.508617,0.355158,1,186.773519,scenario_003,short
4249,183,6.569497,0.545337,0.320598,0,209.097377,scenario_003,medium
4250,183,1.222456,0.105794,0.09396,0,187.436544,scenario_003,short
4251,183,0.905023,0.392028,1.0,1,184.612652,scenario_003,short
4252,183,2.220159,0.112093,0.418184,0,190.784913,scenario_003,short
4253,183,0.788522,0.66352,0.395359,1,184.321935,scenario_003,short
4254,183,12.061687,0.303108,0.601139,1,213.847104,scenario_003,medium
4255,183,1.376893,0.257192,0.244646,1,186.039209,scenario_003,short
4256,183,1.663108,0.168038,0.569785,2,185.309672,scenario_003,short
4257,183,1.376909,0.247771,0.698259,1,186.081906,scenario_003,short
4258,183,7.64786,0.596455,0.53148,0,213.97988,scenario_003,long
4259,183,1.83151,0.062708,0.353873,2,186.179132,scenario_003,short
4260,183,1.296114,0.345963,0.286184,2,185.030517,scenario_003,short
4261,183,9.42034,0.200461,0.494054,1,209.74599,scenario_003,medium
4262,183,1.454894,0.274583,0.852584,0,189.294806,scenario_003,short
4263,183,6.67357,0.685563,0.424792,0,219.705981,scenario_003,medium
4264,183,22.215336,0.21418,0.15226,0,308.254096,scenario_003,medium
4265,183,2.599527,0.255429,1.0,1,188.048369,scenario_003,short
4266,183,15.872386,0.698459,0.189566,0,261.705654,scenario_003,medium
4267,184,1.215564,0.123836,0.401616,0,188.466929,scenario_003,short
4268,184,7.947245,0.69185,0.712986,1,204.583455,scenario_003,medium
4269,184,1.557811,0.19526,0.42266,0,189.026736,scenario_003,short
4270,184,2.0881,0.324752,0.825297,0,195.146577,scenario_003,short
4271,184,1.065002,0.430614,0.791619,0,189.099431,scenario_003,short
4272,184,13.088271,0.691186,0.685307,1,216.811814,scenario_003,medium
4273,184,9.651289,0.163303,0.43929,1,201.769308,scenario_003,medium
4274,184,1.462667,0.126667,0.342324,0,190.410409,scenario_003,short
4275,184,1.644724,0.43128,0.734238,1,187.583155,scenario_003,short
4276,184,1.207445,0.169046,0.43696,0,188.307897,scenario_003,short
4277,184,1.246281,0.197416,0.801339,0,191.038778,scenario_003,short
4278,184,3.172997,0.656983,1.0,1,190.802586,scenario_003,short
4279,184,1.347295,0.606936,1.0,0,189.81954,scenario_003,short
4280,184,1.904626,0.377402,0.818703,0,191.172223,scenario_003,short
4281,184,1.317928,0.432999,0.703878,0,190.74532,scenario_003,short
4282,184,2.277605,0.275509,1.0,0,194.403406,scenario_003,short
4283,184,23.6777,0.523746,0.19845,0,277.887748,scenario_003,medium
4284,184,2.34336,0.163066,1.0,0,194.491371,scenario_003,short
4285,184,5.469352,0.654047,0.262889,1,199.283019,scenario_003,medium
4286,184,1.179894,0.364038,0.717378,2,185.996183,scenario_003,short
4287,184,1.043099,0.367615,0.613664,1,186.369752,scenario_003,short
4288,184,1.085507,0.348523,0.632188,0,187.615926,scenario_003,short
4289,184,1.608917,0.564527,0.684106,0,190.928966,scenario_003,short
4290,184,27.570541,0.589232,0.67587,0,294.407949,scenario_003,medium
4291,184,2.24139,0.332187,0.970218,0,194.032105,scenario_003,short
4292,184,1.960357,0.223752,0.312004,0,193.28603,scenario_003,short
4293,184,1.503367,0.59085,0.858245,0,191.874693,scenario_003,short
4294,184,15.19193,0.558251,0.136635,0,238.047971,scenario_003,medium
4295,184,17.969237,0.486622,0.175857,0,261.724656,scenario_003,medium
4296,184,1.951267,0.405011,0.755911,1,187.811874,scenario_003,short
4297,184,2.166671,0.32642,0.453927,0,191.733762,scenario_003,short
4298,185,1.389012,0.585122,0.713936,0,189.606653,scenario_003,short
4299,185,0.797915,0.683467,1.0,0,187.492294,scenario_003,short
4300,185,1.580271,0.237598,0.111432,0,191.398157,scenario_003,short
4301,185,15.716046,0.262199,0.461148,0,261.83505,scenario_003,medium
4302,185,8.567102,0.794606,0.975842,1,209.355428,scenario_003,medium
4303,185,1.573089,0.204554,0.638864,1,188.812894,scenario_003,short
4304,185,13.674322,0.529941,0.72716,2,208.705284,scenario_003,medium
4305,185,8.277027,0.464202,0.721336,0,229.2266,scenario_003,medium
4306,185,1.987657,0.273954,0.160032,0,196.123323,scenario_003,short
4307,185,1.215735,0.443874,0.599733,0,191.751783,scenario_003,short
4308,185,7.380787,0.139036,0.759144,1,197.18788,scenario_003,medium
4309,185,21.110325,0.426675,0.763952,1,236.731266,scenario_003,long
4310,185,0.728255,0.088399,0.685924,2,186.397762,scenario_003,short
4311,185,8.413955,0.921738,0.886336,1,200.425567,scenario_003,medium
4312,185,0.774875,0.120918,0.844304,0,187.926195,scenario_003,short
4313,185,1.280324,0.562494,0.835732,2,186.716776,scenario_003,short
4314,185,1.476696,0.338479,0.814633,0,189.7247,scenario_003,short
4315,185,23.164856,0.693126,0.637367,0,289.233317,scenario_003,medium
4316,185,0.749151,0.135686,0.573873,0,188.37642,scenario_003,short
4317,185,0.612485,0.668837,0.355802,1,186.3358,scenario_003,short
4318,185,1.214025,0.3433,0.651354,2,187.279441,scenario_003,short
4319,185,11.237561,0.356691,0.790882,0,233.265456,scenario_003,medium
4320,185,24.537815,0.965619,0.264694,1,245.972258,scenario_003,long
4321,186,2.58654,0.434286,0.753853,0,198.320254,scenario_003,short
4322,186,2.382647,0.437281,0.726202,0,196.929758,scenario_003,short
4323,186,1.648878,0.432909,0.380933,1,189.333275,scenario_003,short
4324,186,1.392149,0.265544,1.0,0,193.666735,scenario_003,short
4325,186,1.13659,0.098053,0.719233,1,188.581919,scenario_003,short
4326,186,1.43864,0.127094,0.239848,2,188.119047,scenario_003,short
4327,186,9.326633,0.772686,0.917241,2,201.385443,scenario_003,medium
4328,186,10.09855,0.655577,0.803238,0,235.397434,scenario_003,medium
4329,186,1.331332,0.106909,0.526243,0,191.659918,scenario_003,short
4330,186,1.496098,0.179562,0.251393,0,193.907282,scenario_003,short
4331,186,2.205869,0.097586,0.878309,0,196.582472,scenario_003,short
4332,186,1.172847,0.070485,0.855675,0,190.747474,scenario_003,short
4333,186,1.621619,0.176962,0.142534,0,192.859761,scenario_003,short
4334,186,2.694617,0.092943,0.66666,0,198.543954,scenario_003,short
4335,186,10.067076,0.535797,0.892094,0,227.675158,scenario_003,medium
4336,186,0.987979,0.180806,0.094981,0,191.072781,scenario_003,short
4337,186,1.337922,0.385137,0.242985,0,190.269332,scenario_003,short
4338,186,1.876673,0.093594,0.400556,0,193.45507,scenario_003,short
4339,186,1.852288,0.091682,0.196844,2,189.046328,scenario_003,short
4340,186,1.853666,0.352201,0.365061,1,189.757612,scenario_003,short
4341,186,1.408368,0.431958,0.829708,2,188.586453,scenario_003,short
4342,186,0.604009,0.391364,0.710797,1,187.350249,scenario_003,short
4343,186,1.013305,0.420352,0.363298,1,187.789669,scenario_003,short
4344,186,8.086053,0.425007,0.909469,0,215.172866,scenario_003,medium
4345,187,8.031641,0.492017,0.778321,0,228.551891,scenario_003,medium
4346,187,17.815575,0.908893,0.121805,0,266.878451,scenario_003,long
4347,187,19.090941,0.27663,0.495558,1,237.985006,scenario_003,long
4348,187,11.328964,0.971841,0.458228,1,209.012237,scenario_003,medium
4349,187,1.279817,0.056485,1.0,1,190.086592,scenario_003,short
4350,187,8.664088,0.242641,0.05,1,213.150636,scenario_003,medium
4351,187,1.146235,0.54961,0.807466,1,189.969922,scenario_003,short
4352,187,0.913708,0.092692,0.114837,1,188.549822,scenario_003,short
4353,187,9.474258,0.612411,0.574014,0,219.152574,scenario_003,medium
4354,187,2.485201,0.310117,0.680461,0,199.340276,scenario_003,short
4355,187,1.064764,0.29635,0.381485,2,188.408109,scenario_003,short
4356,187,1.172589,0.392523,0.467532,1,190.111784,scenario_003,short
4357,187,3.945523,0.536702,0.754986,1,195.840905,scenario_003,short
4358,187,1.474841,0.084113,0.33213,1,189.48742,scenario_003,short
4359,187,2.036088,0.057041,0.258976,0,198.323946,scenario_003,short
4360,187,1.09388,0.412378,0.657771,1,189.070735,scenario_003,short
4361,187,1.40194,0.054915,0.829218,0,194.508716,scenario_003,short
4362,187,1.650787,0.219304,1.0,1,191.456046,scenario_003,short
4363,187,1.331524,0.201501,0.440929,1,190.131672,scenario_003,short
4364,187,19.070532,0.316395,0.33789,0,268.976534,scenario_003,medium
4365,187,1.759281,0.753449,0.807968,0,196.86007,scenario_003,short
4366,187,7.913677,0.52182,0.74716,0,222.71977,scenario_003,medium
4367,187,1.193528,0.42826,0.493773,2,189.231749,scenario_003,short
4368,187,11.436308,0.628258,0.218866,1,210.216779,scenario_003,medium
4369,187,16.253292,0.921563,1.0,0,257.234569,scenario_003,long
4370,187,17.396127,0.777696,0.716891,0,274.639899,scenario_003,medium
4371,187,2.258485,0.396184,0.225438,1,193.741984,scenario_003,short
4372,187,1.671828,0.293837,0.5367,0,192.312204,scenario_003,short
4373,187,2.023978,0.421399,0.406984,0,197.128409,scenario_003,short
4374,187,1.085822,0.251545,0.798781,1,189.457462,scenario_003,short
4375,187,15.989931,0.232198,0.422302,0,266.255059,scenario_003,medium
4376,187,0.917887,0.120664,0.189662,2,188.294417,scenario_003,short
4377,187,1.284934,0.308249,0.531812,2,188.978595,scenario_003,short
4378,188,1.012758,0.190545,0.225886,0,192.625205,scenario_003,short
4379,188,2.159823,0.388098,0.228498,0,200.091155,scenario_003,short
4380,188,18.878528,0.337851,0.079833,0,276.440525,scenario_003,medium
4381,188,2.314401,0.328611,0.29604,1,193.381918,scenario_003,short
4382,188,1.291905,0.570673,1.0,0,193.058912,scenario_003,short
4383,188,1.093737,0.416157,0.198892,2,189.365815,scenario_003,short
4384,188,1.665115,0.318585,0.378154,0,195.803388,scenario_003,short
4385,188,1.605378,0.287039,1.0,0,193.292415,scenario_003,short
4386,188,2.440671,0.25534,0.677261,1,192.183123,scenario_003,short
4387,188,17.530775,0.326343,0.503591,0,245.614739,scenario_003,long
4388,188,0.771263,0.190949,0.05,0,191.148233,scenario_003,short
4389,188,2.821777,0.613638,1.0,2,193.385235,scenario_003,short
4390,188,8.985255,0.543276,0.440772,2,201.522202,scenario_003,medium
4391,188,0.946646,0.384159,0.381953,0,192.715826,scenario_003,short
4392,188,11.64026,0.264275,0.272388,0,229.705493,scenario_003,medium
4393,188,0.718551,0.161249,0.809722,1,189.948597,scenario_003,short
4394,188,14.916104,0.314132,0.28094,1,221.978337,scenario_003,medium
4395,188,0.930047,0.389035,0.282561,0,191.466875,scenario_003,short
4396,188,1.782864,0.650422,0.71418,2,191.52874,scenario_003,short
4397,188,1.639873,0.497444,0.287564,1,192.282307,scenario_003,short
4398,188,8.995473,0.988043,1.0,1,205.971853,scenario_003,long
4399,188,2.221384,0.396754,0.783806,0,198.513504,scenario_003,short
4400,188,9.217271,0.693446,0.875024,1,213.839422,scenario_003,medium
4401,188,1.708483,0.35448,0.271933,0,193.709644,scenario_003,short
4402,188,1.049354,0.097644,0.664549,1,190.238117,scenario_003,short
4403,188,2.062466,0.067903,0.744993,0,198.134649,scenario_003,short
4404,188,1.011828,0.269643,0.783415,1,190.402631,scenario_003,short
4405,188,2.137867,0.194876,0.612823,1,191.664349,scenario_003,short
4406,188,1.571402,0.180353,0.660799,2,189.757033,scenario_003,short
4407,188,2.117855,0.05531,0.947968,0,198.951037,scenario_003,short
4408,189,9.599328,0.491141,0.302183,0,234.572163,scenario_003,medium
4409,189,12.811234,0.556033,1.0,2,203.865058,scenario_003,medium
4410,189,2.659015,0.250931,0.268825,2,193.595245,scenario_003,short
4411,189,12.105455,0.355106,0.593705,2,210.246949,scenario_003,medium
4412,189,14.975557,0.857965,0.533463,0,242.849375,scenario_003,medium
4413,189,1.868521,0.629598,0.960908,2,191.788443,scenario_003,short
4414,189,7.230372,0.362534,0.568291,2,200.2865,scenario_003,medium
4415,189,1.772576,0.167848,0.329436,1,192.266733,scenario_003,short
4416,189,1.852152,0.445378,0.113795,0,196.703557,scenario_003,short
4417,189,2.082592,0.394437,0.710818,0,199.500243,scenario_003,short
4418,189,7.710503,0.64001,0.284695,0,231.103686,scenario_003,medium
4419,189,1.648135,0.351386,0.887402,1,192.613201,scenario_003,short
4420,189,1.975714,0.229393,0.685108,0,199.157169,scenario_003,short
4421,189,57.751023,0.764412,0.504974,0,370.336424,scenario_003,long
4422,189,24.494319,0.846161,0.68582,0,316.384969,scenario_003,long
4423,189,1.383682,0.4002,0.376669,0,194.623641,scenario_003,short
4424,189,57.462745,0.929371,0.308994,1,297.443807,scenario_003,long
4425,189,0.724789,0.456737,0.57707,1,190.862677,scenario_003,short
4426,189,0.658625,0.270963,0.442409,1,190.930683,scenario_003,short
4427,189,23.776085,0.738907,0.551834,0,308.216064,scenario_003,long
4428,189,17.633362,0.796486,0.761346,0,274.18194,scenario_003,long
4429,189,11.59134,0.66213,0.966917,0,242.874445,scenario_003,medium
4430,189,0.938143,0.310326,0.434488,2,190.051657,scenario_003,short
4431,189,1.310254,0.072828,0.331759,0,195.390927,scenario_003,short
4432,189,2.437228,0.357588,0.163418,1,194.666176,scenario_003,short
4433,189,9.624091,0.368759,0.699216,0,226.209216,scenario_003,medium
4434,189,0.991455,0.311709,0.299596,0,192.375395,scenario_003,short
4435,190,1.537688,0.076748,0.611687,0,198.627384,scenario_003,short
4436,190,1.463186,0.443412,1.0,0,197.214067,scenario_003,short
4437,190,17.85361,0.593873,0.564208,0,248.066112,scenario_003,medium
4438,190,1.162134,0.729931,0.98093,0,196.132626,scenario_003,short
4439,190,1.721571,0.118528,0.411857,0,199.372972,scenario_003,short
4440,190,1.871896,0.07423,0.147168,0,200.183928,scenario_003,short
4441,190,1.511786,0.438833,0.712119,1,192.648861,scenario_003,short
4442,190,1.177614,0.449687,0.433876,1,192.587534,scenario_003,short
4443,190,8.135881,0.550526,0.595631,1,209.268146,scenario_003,medium
4444,190,1.443829,0.105415,0.715868,0,195.699734,scenario_003,short
4445,190,14.67931,0.606627,0.97823,1,227.023187,scenario_003,medium
4446,190,6.960266,0.168214,0.394664,1,204.622505,scenario_003,medium
4447,190,1.210308,0.424401,0.7824,0,195.909109,scenario_003,short
4448,190,1.619594,0.273769,0.725015,1,194.398221,scenario_003,short
4449,190,1.732688,0.575971,0.493217,0,196.277839,scenario_003,short
4450,190,7.087279,0.190479,0.697421,1,207.491652,scenario_003,medium
4451,190,1.143935,0.304223,0.780146,1,191.963768,scenario_003,short
4452,190,1.32372,0.431702,0.197258,0,195.349033,scenario_003,short
4453,190,0.814225,0.400746,0.536613,0,193.403021,scenario_003,short
4454,190,1.331548,0.395943,0.850202,1,192.918766,scenario_003,short
4455,190,0.793632,0.266841,0.343604,1,191.693788,scenario_003,short
4456,190,18.021952,0.774076,0.69601,0,261.811193,scenario_003,medium
4457,190,1.269255,0.196106,0.825302,0,196.285679,scenario_003,short
4458,190,6.442455,0.471042,0.200033,1,209.238445,scenario_003,medium
4459,190,1.881015,0.47757,1.0,0,195.819453,scenario_003,short
4460,190,1.176335,0.160721,0.492103,0,196.608847,scenario_003,short
4461,190,2.431921,0.269713,0.218962,1,195.393407,scenario_003,short
4462,190,18.666128,0.588898,0.965455,0,272.757978,scenario_003,medium
4463,190,1.093709,0.08918,0.585788,1,193.10627,scenario_003,short
4464,190,12.12548,0.699564,0.98706,1,215.315602,scenario_003,medium
4465,190,12.572861,1.0,1.0,1,218.920443,scenario_003,medium
4466,190,1.021925,0.608166,0.331365,0,194.449962,scenario_003,short
4467,190,2.499435,0.11384,0.908301,1,195.940179,scenario_003,short
4468,190,9.141932,0.310347,0.787487,2,207.293012,scenario_003,medium
4469,190,2.108886,0.399229,0.291778,1,194.445283,scenario_003,short
4470,190,1.189985,0.620958,0.922502,1,193.22837,scenario_003,short
4471,190,1.581632,0.162456,0.910405,0,198.942265,scenario_003,short
4472,190,0.969452,0.20635,0.508805,1,192.315939,scenario_003,short
4473,191,0.747849,0.114303,0.05,2,192.115058,scenario_003,short
4474,191,1.309569,0.098209,0.459162,0,196.736638,scenario_003,short
4475,191,1.208618,0.170888,0.231406,0,194.999793,scenario_003,short
4476,191,1.685276,0.232357,0.619326,0,199.398256,scenario_003,short
4477,191,1.190958,0.12443,0.581759,0,196.748173,scenario_003,short
4478,191,1.347222,0.698252,1.0,0,196.123214,scenario_003,short
4479,191,1.544622,0.255695,0.489376,1,194.388945,scenario_003,short
4480,191,25.720676,0.699905,0.4723,1,251.426347,scenario_003,medium
4481,191,11.784056,0.443798,0.455246,1,212.001289,scenario_003,medium
4482,191,1.281149,0.388306,0.846761,0,197.989969,scenario_003,short
4483,191,1.310829,0.217498,0.697979,2,193.108035,scenario_003,short
4484,191,1.828282,0.20589,0.537056,0,198.592198,scenario_003,short
4485,191,1.229784,0.563323,0.246108,0,194.928304,scenario_003,short
4486,191,8.712859,0.861799,0.654292,2,208.377196,scenario_003,medium
4487,191,1.217101,0.480585,0.877193,2,192.985405,scenario_003,short
4488,191,1.150911,0.273124,0.420284,0,194.738495,scenario_003,short
4489,191,0.987961,0.864567,0.938444,1,193.800335,scenario_003,short
4490,191,7.41579,0.439376,0.232477,1,209.200207,scenario_003,medium
4491,191,4.498538,0.741464,1.0,1,203.684142,scenario_003,short
4492,191,34.263433,0.577559,0.164103,0,323.524386,scenario_003,long
4493,191,1.020388,0.250015,0.867749,0,195.040369,scenario_003,short
4494,191,28.932678,0.658444,0.354224,0,321.287339,scenario_003,medium
4495,191,0.645996,0.131384,0.734259,0,194.063267,scenario_003,short
4496,191,8.24566,0.515555,0.418843,2,205.65546,scenario_003,medium
4497,191,1.224336,0.236165,0.05,1,193.647518,scenario_003,short
4498,191,1.793989,0.12865,0.61094,0,200.268063,scenario_003,short
4499,191,0.909064,0.68608,0.169663,0,196.021695,scenario_003,short
4500,191,3.352769,0.608681,0.969587,1,198.122842,scenario_003,short
4501,192,14.607874,0.629672,0.741322,0,250.300968,scenario_003,long
4502,192,21.837279,0.761414,0.516345,0,272.986592,scenario_003,long
4503,192,8.935262,0.220937,0.801934,1,207.444454,scenario_003,medium
4504,192,19.670536,0.660008,0.225694,0,274.280251,scenario_003,medium
4505,192,20.267514,0.771925,0.162383,1,226.252976,scenario_003,long
4506,192,0.939402,0.269805,0.655273,0,196.777031,scenario_003,short
4507,192,2.345432,0.344984,0.603668,0,199.648031,scenario_003,short
4508,192,1.643708,0.130168,0.789683,1,196.202578,scenario_003,short
4509,192,0.90875,0.211534,0.560485,2,193.640287,scenario_003,short
4510,192,8.55749,0.592069,0.403241,2,201.695861,scenario_003,medium
4511,192,9.114756,0.954468,0.738708,1,211.067868,scenario_003,medium
4512,192,15.046594,0.783915,1.0,0,276.16719,scenario_003,medium
4513,192,0.866661,0.272676,0.921338,0,194.789066,scenario_003,short
4514,192,9.729697,0.869179,1.0,0,223.399817,scenario_003,medium
4515,192,1.745985,0.270119,0.7193,1,195.606831,scenario_003,short
4516,192,1.188946,0.389917,0.796476,1,194.981152,scenario_003,short
4517,192,0.672533,0.216515,0.616833,0,194.957787,scenario_003,short
4518,192,1.272508,0.398216,0.270144,1,195.748929,scenario_003,short
4519,192,0.7773,0.656825,0.737025,0,196.223145,scenario_003,short
4520,192,2.072029,0.476563,0.849947,2,194.318248,scenario_003,short
4521,192,16.344854,0.975183,0.791455,1,223.642432,scenario_003,medium
4522,192,8.053725,0.349214,0.412321,0,228.808978,scenario_003,medium
4523,192,11.005611,0.94047,0.451861,2,211.555335,scenario_003,medium
4524,192,1.406731,0.167371,0.550724,0,196.412373,scenario_003,short
4525,192,7.674794,0.369532,1.0,0,217.744866,scenario_003,medium
4526,192,15.670221,0.357096,0.278377,0,264.967279,scenario_003,medium
4527,192,1.842533,0.188275,0.762886,1,197.407261,scenario_003,short
4528,192,1.515805,0.619585,0.354826,0,197.458122,scenario_003,short
4529,192,1.186355,0.412262,0.422738,0,198.573179,scenario_003,short
4530,192,1.823532,0.600697,0.953336,1,196.943521,scenario_003,short
4531,192,14.086867,0.519392,0.668606,0,241.988501,scenario_003,medium
4532,192,10.432372,0.121204,0.125558,1,217.175216,scenario_003,medium
4533,192,6.6267,0.307812,0.547065,2,202.835473,scenario_003,medium
4534,192,3.075547,0.16371,0.184993,0,206.243402,scenario_003,short
4535,192,0.912496,0.392931,0.406024,0,196.46987,scenario_003,short
4536,192,0.583431,0.331254,0.857939,2,193.0,scenario_003,short
4537,192,16.137884,0.364526,0.871694,1,232.953875,scenario_003,medium
4538,192,0.99945,0.272629,1.0,0,196.703931,scenario_003,short
4539,192,1.421199,0.44269,0.214155,2,193.964195,scenario_003,short
4540,192,7.590179,0.444312,1.0,0,218.917115,scenario_003,medium
4541,192,4.112732,0.17263,0.760796,2,197.780573,scenario_003,short
4542,192,1.829359,0.303134,0.433197,1,196.061578,scenario_003,short
4543,192,1.235521,0.241421,0.440707,1,195.655446,scenario_003,short
4544,193,10.034492,0.642249,0.903206,0,243.028528,scenario_003,medium
4545,193,1.307373,0.154835,0.426036,0,198.575413,scenario_003,short
4546,193,1.345527,0.446799,0.385968,2,194.488153,scenario_003,short
4547,193,2.215384,0.290321,0.17465,0,203.982833,scenario_003,short
4548,193,11.072653,0.581214,0.29358,2,211.976553,scenario_003,medium
4549,193,1.218424,0.203726,0.730324,1,195.689051,scenario_003,short
4550,193,10.24049,0.48293,0.896917,1,215.124887,scenario_003,medium
4551,193,1.540093,0.121702,0.166172,0,197.9617,scenario_003,short
4552,193,1.177329,0.22747,0.740182,0,199.022863,scenario_003,short
4553,193,1.519372,0.180841,0.28501,0,197.868276,scenario_003,short
4554,193,1.828477,0.315114,0.604327,1,198.380946,scenario_003,short
4555,193,11.732637,0.425132,0.75059,1,216.636267,scenario_003,medium
4556,193,11.07609,0.487668,0.436009,0,237.894467,scenario_003,medium
4557,193,6.852679,0.618004,0.878266,2,203.866553,scenario_003,medium
4558,193,21.346499,0.467818,0.778364,0,297.873809,scenario_003,long
4559,193,17.590089,0.496387,0.287622,0,283.467026,scenario_003,medium
4560,193,1.197996,0.223305,0.684459,0,199.384432,scenario_003,short
4561,193,0.885078,0.442451,0.466106,0,196.049127,scenario_003,short
4562,193,1.104446,0.090926,0.540542,2,195.132747,scenario_003,short
4563,193,1.002377,0.43552,0.744787,1,195.414985,scenario_003,short
4564,193,1.34818,0.258345,0.480198,1,196.360886,scenario_003,short
4565,193,10.164259,0.480742,0.517238,0,245.799094,scenario_003,medium
4566,193,8.139607,0.652319,0.135418,0,219.937004,scenario_003,medium
4567,193,18.864369,0.587422,0.338624,0,261.889104,scenario_003,medium
4568,193,1.971961,0.059043,0.92694,0,201.113548,scenario_003,short
4569,193,1.157104,0.125357,0.872503,0,197.998231,scenario_003,short
4570,193,10.495586,0.549661,0.536447,1,214.907193,scenario_003,medium
4571,193,2.560177,0.09885,0.588701,0,203.810576,scenario_003,short
4572,193,14.549838,0.225556,0.543654,0,250.217763,scenario_003,medium
4573,193,1.167652,0.097216,0.209652,0,197.736952,scenario_003,short
4574,193,1.168294,0.368366,0.428135,0,198.811491,scenario_003,short
4575,193,1.243729,0.6759,0.79118,1,196.458639,scenario_003,short
4576,193,2.027728,0.238736,0.43964,0,199.533737,scenario_003,short
4577,193,1.079896,0.730519,0.78452,2,194.510903,scenario_003,short
4578,193,1.140733,0.799997,0.727121,0,199.241359,scenario_003,short
4579,194,14.103748,0.578369,0.643414,1,232.265756,scenario_003,medium
4580,194,1.355514,0.428506,0.940777,0,201.200243,scenario_003,short
4581,194,2.247943,0.114364,0.143927,0,203.608181,scenario_003,short
4582,194,7.079673,0.656519,0.399773,0,224.809952,scenario_003,medium
4583,194,1.794987,0.638147,0.535465,1,199.006627,scenario_003,short
4584,194,0.955311,0.173443,0.331772,0,198.478187,scenario_003,short
4585,194,7.983703,0.541322,0.144411,1,208.000813,scenario_003,medium
4586,194,1.432941,0.451446,0.795072,0,199.951055,scenario_003,short
4587,194,7.544559,0.373315,0.23774,2,206.999694,scenario_003,medium
4588,194,19.125398,0.717677,0.918741,2,215.653602,scenario_003,medium
4589,194,1.138772,0.228265,0.765873,0,199.129374,scenario_003,short
4590,194,9.61485,0.197453,0.923039,0,233.837992,scenario_003,medium
4591,194,1.65003,0.377357,0.783868,0,201.880677,scenario_003,short
4592,194,1.450908,0.283779,0.945782,0,198.692543,scenario_003,short
4593,194,2.122406,0.311366,0.640417,0,202.757339,scenario_003,short
4594,194,1.126316,0.135933,0.763062,0,198.515789,scenario_003,short
4595,194,1.057776,0.646183,0.293406,2,195.406455,scenario_003,short
4596,194,1.470516,0.429207,0.473944,0,200.002891,scenario_003,short
4597,194,1.290624,0.192477,0.792679,0,200.270976,scenario_003,short
4598,194,14.065329,0.220622,0.823905,0,259.655598,scenario_003,medium
4599,194,1.258439,0.464153,0.501101,0,199.124713,scenario_003,short
4600,194,1.201461,0.433302,0.881747,2,196.300432,scenario_003,short
4601,194,1.400479,0.499678,0.241686,0,200.053575,scenario_003,short
4602,194,1.822065,0.372061,0.786148,1,198.29569,scenario_003,short
4603,194,1.395432,0.290925,0.297068,1,197.616933,scenario_003,short
4604,194,1.826492,0.351049,0.698544,0,203.895253,scenario_003,short
4605,194,31.467368,0.334943,0.364099,1,268.253786,scenario_003,long
4606,194,1.447553,0.395126,0.342701,0,199.653681,scenario_003,short
4607,195,0.837929,0.250631,0.396833,1,196.666406,scenario_003,short
4608,195,67.994092,0.60757,0.276704,0,459.070478,scenario_003,long
4609,195,1.235564,0.407367,0.330641,1,198.35311,scenario_003,short
4610,195,2.298484,0.520414,0.919481,0,207.863561,scenario_003,short
4611,195,13.013657,0.906219,0.626322,1,229.89501,scenario_003,medium
4612,195,1.189086,0.677636,0.282728,0,200.166615,scenario_003,short
4613,195,0.813186,0.32009,0.545806,0,198.924272,scenario_003,short
4614,195,8.171706,0.667198,0.111917,1,210.516382,scenario_003,medium
4615,195,1.854313,0.377412,0.458585,1,200.505576,scenario_003,short
4616,195,0.548978,0.295961,0.536919,1,196.640659,scenario_003,short
4617,195,1.513071,0.494947,0.482698,0,201.774421,scenario_003,short
4618,195,24.106203,0.609112,0.857598,0,310.899242,scenario_003,long
4619,195,1.733278,0.18496,0.111198,1,199.268852,scenario_003,short
4620,195,1.12483,0.264171,0.721096,1,197.137228,scenario_003,short
4621,195,0.883677,0.128322,0.723689,1,196.858012,scenario_003,short
4622,195,1.536563,0.154751,0.40132,0,203.295035,scenario_003,short
4623,195,15.30306,0.418862,0.655465,0,267.33929,scenario_003,medium
4624,195,8.596807,0.607128,0.672557,0,225.560923,scenario_003,medium
4625,195,2.793608,0.426622,0.490091,1,202.751032,scenario_003,short
4626,195,9.127623,0.177416,0.479586,1,210.509017,scenario_003,medium
4627,195,35.264746,1.0,0.635702,2,248.414879,scenario_003,long
4628,195,1.780448,0.234436,0.903169,1,198.78209,scenario_003,short
4629,195,6.73928,0.234903,0.226857,0,219.680659,scenario_003,medium
4630,195,9.735652,0.740617,0.631635,0,235.939077,scenario_003,medium
4631,195,0.805896,0.165635,0.212651,2,196.471635,scenario_003,short
4632,195,1.372284,0.135431,0.771743,1,197.674713,scenario_003,short
4633,195,2.872624,0.152055,0.265725,0,206.876262,scenario_003,short
4634,195,12.241551,0.228318,0.6378,0,238.473573,scenario_003,medium
4635,195,2.108098,0.176387,0.85443,0,202.675593,scenario_003,short
4636,195,11.096678,0.550748,0.861272,0,249.171411,scenario_003,medium
4637,195,0.913705,0.283018,0.901289,1,197.346535,scenario_003,short
4638,195,1.376146,0.336444,0.311783,2,196.63497,scenario_003,short
4639,195,1.269051,0.273326,0.616794,0,201.316918,scenario_003,short
4640,195,0.764337,0.401009,0.595494,0,197.672156,scenario_003,short
4641,195,10.550955,0.378914,0.209268,0,246.154035,scenario_003,medium
4642,195,1.540706,0.820272,0.856378,1,199.140793,scenario_003,short
4643,195,1.353922,0.129671,0.713872,1,197.619478,scenario_003,short
4644,196,0.700398,0.734413,1.0,1,197.958798,scenario_003,short
4645,196,1.203529,0.302669,0.710037,0,201.268755,scenario_003,short
4646,196,1.497286,0.695441,0.638651,1,198.92867,scenario_003,short
4647,196,2.383215,0.133234,0.257156,0,206.221,scenario_003,short
4648,196,1.365587,0.438555,0.766582,0,202.217487,scenario_003,short
4649,196,1.61975,0.404836,0.748968,1,199.848632,scenario_003,short
4650,196,4.64504,0.367931,0.724444,0,221.248105,scenario_003,medium
4651,196,13.37574,0.382963,0.382843,1,231.757957,scenario_003,medium
4652,196,1.958058,0.60764,0.292511,0,203.472635,scenario_003,short
4653,196,1.21734,0.077974,0.621559,1,198.645137,scenario_003,short
4654,196,1.499144,0.426358,0.460969,1,200.04812,scenario_003,short
4655,196,1.693225,0.232005,0.25821,2,198.611965,scenario_003,short
4656,196,1.622474,0.645557,0.62506,1,200.45374,scenario_003,short
4657,196,0.94483,0.509063,0.308102,2,197.522521,scenario_003,short
4658,196,1.417895,0.382462,0.679228,1,199.112741,scenario_003,short
4659,196,1.171231,0.297496,0.570755,1,199.063275,scenario_003,short
4660,196,1.652263,0.325147,0.065159,2,198.309262,scenario_003,short
4661,196,12.516516,0.502507,0.16727,1,229.250945,scenario_003,medium
4662,196,1.177037,0.62706,0.235103,0,199.694321,scenario_003,short
4663,196,2.339375,0.307648,0.774523,0,207.783453,scenario_003,short
4664,196,14.048911,0.781237,0.753186,2,217.579663,scenario_003,medium
4665,196,4.846996,0.486924,0.121116,1,205.976139,scenario_003,medium
4666,196,1.3124,0.4479,0.440303,1,198.322711,scenario_003,short
4667,196,11.181415,0.18524,0.528654,1,221.592734,scenario_003,medium
4668,196,19.062397,0.257843,0.845568,1,238.016654,scenario_003,medium
4669,196,11.09734,0.561502,0.188714,2,216.179835,scenario_003,medium
4670,196,8.965873,0.343119,0.787701,0,226.380603,scenario_003,medium
4671,196,0.640249,0.075421,0.075461,2,197.0,scenario_003,short
4672,196,2.372648,0.323228,0.719653,0,207.705804,scenario_003,short
4673,197,10.491255,1.0,1.0,0,256.125936,scenario_003,medium
4674,197,11.036759,0.586891,0.409366,1,216.01638,scenario_003,medium
4675,197,7.082779,1.0,0.89445,0,220.385071,scenario_003,medium
4676,197,1.214886,0.761102,0.71249,0,202.574691,scenario_003,short
4677,197,8.452148,0.526401,0.420928,0,236.571478,scenario_003,long
4678,197,1.956037,0.102543,0.346402,0,206.831335,scenario_003,short
4679,197,0.56328,0.123172,0.687679,0,199.539922,scenario_003,short
4680,197,1.249933,0.762107,0.674198,0,203.90531,scenario_003,short
4681,197,0.982495,0.380105,0.730481,0,200.956073,scenario_003,short
4682,197,1.495865,0.487874,0.956827,1,199.976671,scenario_003,short
4683,197,1.1958,0.141721,0.496505,1,200.172742,scenario_003,short
4684,197,1.501188,0.230566,0.354354,0,203.547656,scenario_003,short
4685,197,1.450617,0.699406,0.802491,0,203.988593,scenario_003,short
4686,197,4.775642,0.695346,0.580186,2,202.69044,scenario_003,medium
4687,197,9.653693,1.0,0.494964,0,230.711371,scenario_003,medium
4688,197,1.704729,0.099182,0.098264,1,201.568712,scenario_003,short
4689,197,1.205214,0.301876,0.735098,0,202.656018,scenario_003,short
4690,197,6.974607,0.965682,0.416447,1,217.991615,scenario_003,medium
4691,197,19.752926,1.0,0.580221,0,263.219276,scenario_003,long
4692,197,1.071292,0.108587,0.05621,1,198.834118,scenario_003,short
4693,197,1.238302,0.127389,0.303546,0,203.851941,scenario_003,short
4694,197,8.448962,0.617001,0.937623,0,227.676416,scenario_003,medium
4695,197,0.942923,0.156658,0.985658,0,200.388271,scenario_003,short
4696,197,16.390586,0.386487,0.865375,0,250.71297,scenario_003,medium
4697,197,0.689239,0.231665,0.510243,0,200.607458,scenario_003,short
4698,197,8.771497,0.464899,0.369822,0,232.813326,scenario_003,medium
4699,197,1.588261,0.123563,0.742617,2,198.892967,scenario_003,short
4700,197,1.48635,0.603457,0.355277,0,201.933352,scenario_003,short
4701,197,1.635175,0.795197,0.816441,0,202.281287,scenario_003,short
4702,197,1.093425,0.077954,0.522625,0,200.862438,scenario_003,short
4703,197,2.691805,0.400797,0.612734,1,202.915702,scenario_003,short
4704,197,1.283266,0.060293,0.769569,1,199.894286,scenario_003,short
4705,197,9.945942,1.0,1.0,0,229.896201,scenario_003,medium
4706,197,8.31523,1.0,0.410088,2,206.31742,scenario_003,medium
4707,197,21.792556,1.0,1.0,0,288.459699,scenario_003,long
4708,197,0.953955,0.278149,0.167066,2,198.46973,scenario_003,short
4709,197,12.44493,0.383949,0.882523,0,243.31412,scenario_003,medium
4710,197,11.521108,0.789396,0.598322,0,250.47438,scenario_003,medium
4711,197,14.490705,0.421182,0.884782,2,222.494114,scenario_003,medium
4712,197,2.388399,0.350984,0.971849,0,204.763025,scenario_003,short
4713,197,1.15161,0.760039,0.88975,1,199.333526,scenario_003,short
4714,197,1.00706,0.622771,0.517721,0,201.60197,scenario_003,short
4715,197,1.007524,0.238618,0.344989,2,198.472188,scenario_003,short
4716,197,17.808497,0.880033,0.344986,2,218.499096,scenario_003,medium
4717,197,0.766995,0.354316,0.951785,2,198.0,scenario_003,short
4718,197,1.319425,0.379659,0.42192,2,198.995647,scenario_003,short
4719,197,11.427646,0.580131,0.936195,0,246.11813,scenario_003,medium
4720,197,21.680623,0.533386,0.471032,0,315.64724,scenario_003,medium
4721,197,5.766226,0.622672,0.824984,0,229.639988,scenario_003,medium
4722,197,2.016768,0.167679,0.620147,0,206.737219,scenario_003,short
4723,197,1.238059,0.059269,0.432333,0,202.265997,scenario_003,short
4724,197,10.004724,0.855739,0.86534,2,208.613651,scenario_003,medium
4725,197,1.80938,0.180015,1.0,1,200.731763,scenario_003,short
4726,197,1.227181,0.21219,0.839725,0,200.917458,scenario_003,short
4727,197,1.019085,0.193067,0.412888,0,200.363038,scenario_003,short
4728,197,6.832332,0.875256,0.480174,2,207.751247,scenario_003,long
4729,197,1.785721,0.118414,0.662145,1,200.994283,scenario_003,short
4730,197,1.658337,0.38232,0.842808,1,200.406773,scenario_003,short
4731,197,17.055741,0.606984,0.51684,0,266.51978,scenario_003,long
4732,197,0.674552,0.29429,0.397413,0,199.360529,scenario_003,short
4733,197,9.689555,0.378834,0.606935,1,224.251178,scenario_003,medium
4734,197,1.033496,0.198385,0.825734,0,201.393587,scenario_003,short
4735,197,2.038339,0.599773,0.55718,0,206.320406,scenario_003,short
4736,197,51.944818,0.285379,0.629257,0,468.664184,scenario_003,long
4737,197,7.809814,0.594074,0.485284,1,214.881076,scenario_003,medium
4738,197,12.47883,0.513329,0.735171,1,226.62304,scenario_003,medium
4739,197,19.81239,0.653043,0.526975,0,308.835438,scenario_003,long
4740,197,2.148633,0.179363,0.53115,1,202.013406,scenario_003,short
4741,197,9.780454,0.26543,0.158331,1,215.08179,scenario_003,medium
4742,197,1.068268,0.298647,0.595344,0,200.871655,scenario_003,short
4743,197,1.175617,0.166989,0.346985,0,201.73193,scenario_003,short
4744,197,1.279105,0.44545,0.402367,1,200.464434,scenario_003,short
4745,197,1.489395,0.171987,0.40517,1,201.083984,scenario_003,short
4746,197,1.149763,0.075263,0.646974,0,203.40232,scenario_003,short
4747,197,13.306678,0.627649,0.622506,1,222.644481,scenario_003,long
4748,197,1.823042,0.495961,0.582747,0,205.425955,scenario_003,short
4749,197,1.836044,0.333052,0.487761,1,201.853685,scenario_003,short
4750,197,31.55176,0.637751,0.479585,1,272.030102,scenario_003,long
4751,197,0.515213,0.117303,0.186778,0,199.053141,scenario_003,short
4752,197,32.807895,0.753557,0.798852,0,358.061482,scenario_003,long
4753,197,1.192934,0.36588,0.185211,0,200.757293,scenario_003,short
4754,197,1.337802,0.193615,0.137272,0,204.032506,scenario_003,short
4755,197,1.994068,0.240898,0.642441,1,201.2342,scenario_003,short
4756,197,0.963925,0.149231,0.817367,1,199.862849,scenario_003,short
4757,197,1.431329,0.251142,0.366119,1,199.612081,scenario_003,short
4758,197,1.17102,0.060842,0.673634,1,199.572706,scenario_003,short
4759,197,2.565936,0.222399,0.186373,0,205.908823,scenario_003,short
4760,197,1.275409,0.32285,0.251827,1,200.83977,scenario_003,short
4761,197,1.209947,0.095474,0.706276,0,201.868634,scenario_003,short
4762,197,1.578696,0.195943,0.413203,2,199.43568,scenario_003,short
4763,197,1.512949,0.408113,0.549669,0,202.306472,scenario_003,short
4764,197,2.145192,0.068582,0.774201,0,207.744751,scenario_003,short
4765,197,1.311011,0.29037,0.876532,1,199.298104,scenario_003,short
4766,198,6.691039,0.29054,0.17332,0,227.725771,scenario_003,medium
4767,198,1.955614,0.112978,0.712483,0,204.754564,scenario_003,short
4768,198,2.094308,0.056556,0.698132,1,201.623547,scenario_003,short
4769,198,1.51036,0.253927,0.301868,0,205.839359,scenario_003,short
4770,198,2.014111,0.426032,0.657872,2,201.552202,scenario_003,short
4771,198,8.462599,0.382721,0.717536,2,209.803455,scenario_003,medium
4772,198,0.79648,0.25024,0.947425,0,200.478001,scenario_003,short
4773,198,1.93346,0.267499,0.78667,2,200.334748,scenario_003,short
4774,198,2.088177,0.090666,0.215819,0,209.155279,scenario_003,short
4775,198,0.919869,0.182146,0.316806,1,200.370391,scenario_003,short
4776,198,1.023627,0.267966,0.780196,0,202.743175,scenario_003,short
4777,198,1.226917,0.299828,0.789053,1,200.882447,scenario_003,short
4778,198,16.176078,0.774168,0.591238,0,264.991906,scenario_003,medium
4779,198,1.248248,0.516799,0.809233,0,203.834243,scenario_003,short
4780,198,11.470917,0.507605,0.908176,0,241.946414,scenario_003,medium
4781,198,2.317429,0.768643,0.323299,0,207.052068,scenario_003,short
4782,198,1.283095,0.259104,0.4693,0,204.455644,scenario_003,short
4783,198,1.481768,0.262332,0.874025,0,203.19996,scenario_003,short
4784,198,15.166433,0.901547,0.655468,0,269.417619,scenario_003,medium
4785,198,11.29958,0.388266,0.636329,0,243.717332,scenario_003,medium
4786,198,1.807823,0.655095,0.662799,1,203.202991,scenario_003,short
4787,198,27.389409,0.735612,0.505218,0,323.488437,scenario_003,long
4788,198,0.801748,0.679272,0.618912,1,200.336699,scenario_003,short
4789,198,1.300705,0.4383,0.508448,2,200.435736,scenario_003,short
4790,198,0.992668,0.48534,0.66452,0,202.44222,scenario_003,short
4791,198,1.630982,0.226263,0.647269,1,201.62141,scenario_003,short
4792,198,5.271028,0.51795,0.398507,1,211.279492,scenario_003,medium
4793,198,1.365152,0.573833,0.433837,0,205.25223,scenario_003,short
4794,198,2.471205,0.435576,0.782943,0,211.282611,scenario_003,short
4795,198,1.222381,0.358058,0.438297,2,200.347771,scenario_003,short
4796,198,1.967868,0.347573,0.748018,0,204.252864,scenario_003,short
4797,198,13.392179,0.319661,0.121339,0,268.351644,scenario_003,medium
4798,198,2.703578,0.601881,0.849195,1,205.127632,scenario_003,short
4799,198,11.884115,0.609855,0.719293,2,218.775699,scenario_003,medium
4800,198,1.102429,0.067708,0.175758,2,199.667601,scenario_003,short
4801,198,11.791601,0.375172,0.425427,0,240.412955,scenario_003,medium
4802,198,1.745097,0.403661,0.625489,1,203.166789,scenario_003,short
4803,198,0.966824,0.317411,0.18512,2,199.408153,scenario_003,short
4804,198,1.625947,0.305602,0.805222,0,205.603806,scenario_003,short
4805,198,8.41482,0.898408,0.496485,2,210.493735,scenario_003,medium
4806,198,15.244548,0.413644,0.871016,0,283.81579,scenario_003,medium
4807,198,11.130519,0.993563,0.952588,0,248.781108,scenario_003,medium
4808,198,1.985901,0.179911,0.138951,1,203.014639,scenario_003,short
4809,198,18.66064,0.455837,1.0,1,233.104375,scenario_003,long
4810,198,1.190006,0.060245,0.537384,0,204.311187,scenario_003,short
4811,198,1.189454,0.138895,0.50412,1,200.151521,scenario_003,short
4812,198,6.284794,0.907789,1.0,1,210.657725,scenario_003,medium
4813,198,1.773771,0.545301,0.624953,0,207.58884,scenario_003,short
4814,198,1.284234,0.665998,0.918425,0,202.960605,scenario_003,short
4815,198,0.978944,0.278929,0.755135,2,199.525707,scenario_003,short
4816,198,0.892649,0.432782,0.293573,2,199.666546,scenario_003,short
4817,198,3.130572,0.517563,0.384636,0,213.73574,scenario_003,short
4818,198,1.865906,0.325451,1.0,1,201.864287,scenario_003,short
4819,198,1.165754,0.469009,0.128451,2,199.31472,scenario_003,short
4820,198,2.06321,0.78457,0.443085,0,204.990264,scenario_003,short
4821,198,7.154286,0.648683,1.0,1,216.290829,scenario_003,medium
4822,198,16.07709,0.705567,0.429177,0,271.442306,scenario_003,medium
4823,198,3.882576,0.267011,0.057243,0,216.648389,scenario_003,short
4824,198,2.034252,0.661177,0.821899,2,200.457665,scenario_003,short
4825,198,14.106894,0.380764,0.895843,1,231.624167,scenario_003,long
4826,198,1.587422,0.330315,0.899748,0,204.148293,scenario_003,short
4827,198,1.058557,0.056737,0.510789,1,200.849395,scenario_003,short
4828,198,0.926375,0.157111,0.697079,1,199.95254,scenario_003,short
4829,198,2.168697,0.103624,0.901318,2,202.152521,scenario_003,short
4830,198,1.31525,0.052733,0.160149,0,202.425,scenario_003,short
4831,198,1.985228,0.267674,0.725764,0,205.103339,scenario_003,short
4832,198,1.46357,0.123959,0.917848,2,200.668652,scenario_003,short
4833,198,9.705341,0.790632,0.871849,0,232.823778,scenario_003,medium
4834,198,1.212358,0.324644,0.444487,0,204.264346,scenario_003,short
4835,198,0.785391,0.151902,0.160995,0,201.6855,scenario_003,short
4836,198,0.617331,0.107368,0.271922,0,200.811782,scenario_003,short
4837,198,1.504423,0.666943,0.304175,1,201.398641,scenario_003,short
4838,198,9.191828,0.554122,0.310958,1,216.750559,scenario_003,medium
4839,198,10.307997,0.427633,0.647424,0,254.584692,scenario_003,medium
4840,198,1.689187,0.645591,0.244861,1,202.176632,scenario_003,short
4841,198,1.710542,0.485891,0.542686,0,205.327366,scenario_003,short
4842,198,1.871392,0.309074,0.779178,0,204.747183,scenario_003,short
4843,198,1.057707,0.259759,0.627594,1,200.33882,scenario_003,short
4844,198,6.944689,0.561178,0.899729,2,209.972277,scenario_003,medium
4845,198,1.271338,0.405239,0.202371,0,204.629267,scenario_003,short
4846,198,10.400844,0.820555,0.739462,0,245.050047,scenario_003,medium
4847,198,10.136172,0.61387,0.661843,0,253.297596,scenario_003,medium
4848,198,1.570281,0.228705,0.697265,0,203.79077,scenario_003,short
4849,198,5.547073,0.704754,0.237046,0,222.473524,scenario_003,medium
4850,198,1.191084,0.522166,1.0,0,203.034641,scenario_003,short
4851,198,0.940822,0.158522,0.696141,0,201.527307,scenario_003,short
4852,198,1.853606,0.123244,0.743012,1,202.671685,scenario_003,short
4853,198,12.540112,0.596281,0.496313,1,233.306988,scenario_003,medium
4854,198,0.875513,0.132874,0.204313,1,200.135914,scenario_003,short
4855,198,0.8175,0.366424,0.543761,1,200.225472,scenario_003,short
4856,198,0.822065,0.065262,0.142019,0,202.136703,scenario_003,short
4857,198,11.131473,0.463557,0.862226,1,219.52075,scenario_003,medium
4858,198,13.721029,0.523163,0.236641,0,255.321802,scenario_003,medium
4859,198,1.490708,0.300675,0.28629,2,200.052588,scenario_003,short
4860,198,2.553616,0.108734,0.392652,0,209.005785,scenario_003,short
4861,198,2.225128,0.40256,0.249624,0,206.738681,scenario_003,short
4862,198,1.246377,0.165953,0.656424,0,201.945893,scenario_003,short
4863,198,32.532108,0.603927,0.433835,0,356.280098,scenario_003,medium
4864,198,10.282302,0.460274,0.664213,0,252.184894,scenario_003,medium
4865,198,1.769796,0.269772,0.442956,0,203.784814,scenario_003,short
4866,198,5.431744,0.354776,0.771984,0,223.92852,scenario_003,medium
4867,198,1.522179,0.107037,0.498173,1,202.490262,scenario_003,short
4868,198,0.921314,0.413824,0.578348,0,203.043753,scenario_003,short
4869,198,1.540124,0.768577,0.17517,1,202.167449,scenario_003,short
4870,198,50.580365,0.736783,0.976485,1,308.86063,scenario_003,long
4871,198,2.327626,0.348922,0.428762,0,209.544724,scenario_003,short
4872,198,0.80312,0.500521,0.271819,2,199.411538,scenario_003,short
4873,198,14.193331,0.497271,0.795533,1,235.562173,scenario_003,medium
4874,198,5.721277,0.422978,0.48369,0,216.106197,scenario_003,medium
4875,198,14.199549,0.411436,0.361963,0,268.202338,scenario_003,medium
4876,198,1.500606,0.489837,0.239646,0,203.495591,scenario_003,short
4877,198,1.060599,0.186957,0.364599,0,203.693096,scenario_003,short
4878,198,1.546069,0.225232,0.502165,0,203.409935,scenario_003,short
4879,198,2.177978,0.682466,0.853753,0,207.422761,scenario_003,short
4880,198,1.441517,0.262799,0.445599,0,204.690527,scenario_003,short
4881,198,1.854815,0.548399,0.817557,1,202.270477,scenario_003,short
4882,198,1.318862,0.529014,0.575253,0,203.206036,scenario_003,short
4883,198,1.602077,0.397988,0.347526,0,204.846409,scenario_003,short
4884,198,8.75731,0.801183,0.441444,0,228.953169,scenario_003,medium
4885,198,2.619046,0.864636,0.963132,0,206.52037,scenario_003,short
4886,199,1.389285,0.292289,0.544869,0,206.845137,scenario_003,short
4887,199,13.504384,0.311731,0.198863,0,269.794352,scenario_003,medium
4888,199,5.1418,0.304149,0.443064,0,216.147586,scenario_003,medium
4889,199,10.539443,0.758056,0.80707,0,236.64533,scenario_003,medium
4890,199,15.561964,0.282589,0.44678,1,229.24775,scenario_003,long
4891,199,7.380066,0.371902,0.840563,0,239.508824,scenario_003,medium
4892,199,10.309846,0.549341,0.648305,0,237.090023,scenario_003,medium
4893,199,1.288942,0.342189,0.691995,0,204.552609,scenario_003,short
4894,199,0.716687,0.615863,0.496256,1,200.507089,scenario_003,short
4895,199,10.266821,0.6586,0.11278,0,247.234983,scenario_003,medium
4896,199,1.095262,0.238473,0.874056,0,203.016524,scenario_003,short
4897,199,7.087564,0.818995,0.681733,0,228.804377,scenario_003,medium
4898,199,1.389814,0.415712,0.374966,2,201.684283,scenario_003,short
4899,199,31.535164,0.784546,0.665938,1,289.421623,scenario_003,long
4900,199,24.287306,0.905269,0.404181,1,245.617734,scenario_003,long
4901,199,1.525765,0.243899,0.05,2,200.715951,scenario_003,short
4902,199,1.217057,0.241646,0.574885,2,200.78372,scenario_003,short
4903,199,1.661231,0.376083,0.677559,2,201.988835,scenario_003,short
4904,199,13.461762,0.375432,0.173495,0,257.782201,scenario_003,medium
4905,199,1.693781,0.139856,0.388994,0,207.331642,scenario_003,short
4906,199,10.396274,0.224552,0.886183,1,217.646887,scenario_003,medium
4907,199,1.884729,0.626249,0.713524,1,204.541648,scenario_003,short
4908,199,1.80139,0.222215,0.538705,2,201.095013,scenario_003,short
4909,199,0.596441,0.709512,0.739362,1,200.026854,scenario_003,short
4910,199,1.292942,0.214749,0.606414,1,201.589649,scenario_003,short
4911,199,4.238432,0.8284,1.0,0,214.941073,scenario_003,medium
4912,199,1.510131,0.682517,0.660018,1,201.594586,scenario_003,short
4913,199,1.310331,0.725922,0.344403,1,202.686888,scenario_003,short
4914,199,1.193108,0.494722,0.322415,0,205.339125,scenario_003,short
4915,199,50.976644,0.948469,0.713297,0,403.803521,scenario_003,long
4916,199,0.86775,0.702091,0.641923,1,201.38394,scenario_003,short
4917,199,1.282246,0.071974,0.650562,1,202.611045,scenario_003,short
4918,199,16.880001,0.772679,0.530911,0,272.685881,scenario_003,medium
4919,199,2.36499,0.816903,0.826476,1,204.033825,scenario_003,short
4920,199,1.575844,0.091217,0.733778,0,204.544113,scenario_003,short
4921,199,1.774844,0.335324,0.323934,2,201.023511,scenario_003,short
4922,199,1.69581,0.59589,0.927798,0,208.35465,scenario_003,short
4923,199,1.270501,0.058266,0.109899,1,201.588124,scenario_003,short
4924,199,1.494097,0.057785,0.176538,2,201.320574,scenario_003,short
4925,199,2.347642,0.33067,0.380892,0,211.854819,scenario_003,short
4926,199,6.117597,0.818195,0.261827,0,225.63516,scenario_003,medium
4927,199,1.137462,0.505408,0.774265,0,205.038032,scenario_003,short
4928,199,2.379882,0.276632,0.090112,1,203.574681,scenario_003,short
4929,199,0.918764,0.757559,0.988134,2,200.238184,scenario_003,short
4930,199,1.461024,0.727089,0.34041,1,202.135845,scenario_003,short
4931,199,1.047517,0.213373,0.719647,0,202.836197,scenario_003,short
4932,199,0.862214,0.211705,0.578084,0,203.166202,scenario_003,short
4933,199,14.170786,0.564814,0.573053,2,224.177217,scenario_003,medium
4934,199,13.770555,0.558001,0.219305,1,239.079803,scenario_003,medium
4935,199,7.911418,0.394512,0.17139,0,223.444692,scenario_003,medium
4936,199,9.806322,0.68309,0.56295,0,236.73753,scenario_003,medium
4937,199,2.168381,0.597318,0.760523,0,209.17506,scenario_003,short
4938,199,8.467486,0.746,0.243188,0,230.308344,scenario_003,long
4939,199,1.715434,0.331338,1.0,1,203.280519,scenario_003,short
4940,199,0.927194,0.276624,0.167999,1,200.719745,scenario_003,short
4941,199,1.323915,0.246681,0.193453,0,205.311701,scenario_003,short
4942,199,8.79034,0.57828,0.255902,0,230.203936,scenario_003,medium
4943,199,1.282209,0.228437,0.990624,0,203.880616,scenario_003,short
4944,199,0.996714,0.06376,0.475356,1,200.75393,scenario_003,short
4945,199,2.858247,0.316252,0.935116,1,204.470479,scenario_003,short
4946,199,7.762928,0.649104,0.53514,2,213.51992,scenario_003,medium
4947,199,1.740738,0.133771,0.942352,1,203.315289,scenario_003,short
4948,199,0.864602,0.526891,0.67935,0,202.931838,scenario_003,short
4949,199,1.206857,0.708945,0.892535,0,203.759287,scenario_003,short
4950,199,7.059613,0.226951,0.812714,1,213.058961,scenario_003,medium
4951,199,1.381074,0.274865,0.451307,0,203.388924,scenario_003,short
4952,199,1.647155,0.27658,0.489644,1,203.267821,scenario_003,short
4953,199,10.511871,0.253023,0.1984,1,220.807479,scenario_003,long
4954,199,1.444146,0.372838,0.755233,0,206.146515,scenario_003,short
4955,199,18.161715,0.553935,0.06482,2,229.563091,scenario_003,medium
4956,199,5.019858,0.380792,0.935268,0,223.959978,scenario_003,medium
4957,199,1.239295,0.423886,0.635787,0,203.12857,scenario_003,short
4958,199,17.374216,0.161299,0.071756,0,284.594651,scenario_003,medium
4959,199,7.727913,0.608913,0.66696,2,211.774224,scenario_003,medium
4960,199,2.051238,0.207112,0.257233,1,203.186992,scenario_003,short
4961,199,1.21837,0.384758,0.925684,1,201.996943,scenario_003,short
4962,199,2.298802,0.10911,0.752322,0,209.339802,scenario_003,short
4963,199,11.015681,0.370435,0.720303,1,225.338101,scenario_003,medium
4964,199,1.553168,0.364744,0.07402,1,201.619327,scenario_003,short
4965,199,11.525124,0.909214,0.234804,2,216.080205,scenario_003,long
4966,199,5.905523,0.378101,0.868457,1,210.313622,scenario_003,medium
4967,199,1.734648,0.305021,0.239835,1,202.463053,scenario_003,short
4968,199,12.420967,0.856844,0.954171,0,266.748563,scenario_003,long
4969,199,1.18904,0.304034,0.750312,1,201.348755,scenario_003,short
4970,199,1.130942,0.366264,0.622686,0,202.924257,scenario_003,short
4971,199,1.356805,0.332569,0.683969,2,200.926473,scenario_003,short
4972,199,10.495905,0.260892,0.343127,1,230.151831,scenario_003,medium
4973,199,4.121091,0.238065,0.482332,0,213.90084,scenario_003,short
4974,200,28.239592,0.683187,0.974607,1,274.335535,scenario_003,long
4975,200,1.418494,0.428873,0.640319,2,201.917839,scenario_003,short
4976,200,4.295172,0.196637,0.729113,1,212.277315,scenario_003,medium
4977,200,1.564238,0.266068,0.478173,1,204.328515,scenario_003,short
4978,200,8.422103,0.537998,0.299783,0,244.957294,scenario_003,medium
4979,200,3.351848,0.372716,0.635554,0,212.810401,scenario_003,short
4980,200,2.762786,0.713525,0.940937,1,206.278618,scenario_003,short
4981,200,5.946677,0.551425,0.296434,0,223.159447,scenario_003,medium
4982,200,1.084754,0.211921,0.384251,1,203.251853,scenario_003,short
4983,200,7.861167,0.160333,0.391778,0,238.684436,scenario_003,medium
4984,200,9.069349,0.257897,0.784189,1,221.437107,scenario_003,medium
4985,200,26.10571,0.984237,0.527501,1,254.657753,scenario_003,long
4986,200,2.372177,0.221783,0.875161,0,208.377303,scenario_003,short
4987,200,8.86739,0.358402,0.597996,0,238.761688,scenario_003,medium
4988,200,2.311745,0.055113,1.0,1,204.067467,scenario_003,short
4989,200,1.454179,0.164198,0.652787,0,204.511892,scenario_003,short
4990,200,1.888006,0.085477,0.05,1,204.43957,scenario_003,short
4991,200,0.974106,0.266216,0.58278,2,201.495689,scenario_003,short
4992,200,0.867186,0.611414,0.275732,0,203.962425,scenario_003,short
4993,200,1.10392,0.416485,0.495315,0,205.446094,scenario_003,short
4994,200,9.282943,0.65362,0.525983,1,219.515708,scenario_003,medium
4995,200,1.162727,0.505573,0.329254,0,205.732388,scenario_003,short
4996,200,1.774731,0.729164,0.577765,1,203.920438,scenario_003,short
4997,200,2.87421,0.067615,0.193189,1,207.169283,scenario_003,short
4998,200,12.493111,0.588016,0.733079,2,217.622255,scenario_003,medium
4999,200,1.1988,0.236162,0.095687,1,202.318338,scenario_003,short
5000,200,2.73298,0.279872,0.807235,0,213.318712,scenario_003,short
5001,200,1.547107,0.188714,0.193896,1,203.385046,scenario_003,short
5002,200,12.947989,0.836692,0.742355,2,217.271665,scenario_003,medium
5003,200,1.176534,0.430595,0.649434,1,202.904662,scenario_003,short
5004,200,1.858177,0.123128,0.542345,0,210.000292,scenario_003,short
5005,200,2.274063,0.678361,0.807322,1,204.914355,scenario_003,short
5006,200,1.358864,0.098949,1.0,0,204.494011,scenario_003,short
5007,200,0.848221,0.218198,0.888874,2,201.0,scenario_003,short
5008,200,1.294863,0.066147,0.402353,1,203.528944,scenario_003,short
5009,200,1.840396,0.245595,1.0,1,205.356807,scenario_003,short
5010,200,12.419533,0.657651,0.173282,0,240.64647,scenario_003,long
5011,200,26.328382,0.493544,0.904929,0,295.782009,scenario_003,medium
5012,200,13.953247,0.961219,0.940677,1,238.620698,scenario_003,long
5013,200,1.53349,0.697047,0.543911,1,203.970345,scenario_003,short
5014,200,1.223597,0.06157,0.400061,0,204.876231,scenario_003,short
5015,200,0.84673,0.24139,0.835065,1,201.903812,scenario_003,short
5016,200,1.155659,0.159955,0.6883,1,203.280858,scenario_003,short
5017,200,1.488236,0.126224,0.66662,0,208.058235,scenario_003,short
5018,200,6.958144,0.636979,1.0,0,229.602154,scenario_003,medium
5019,200,1.372547,0.267902,0.239327,0,206.737163,scenario_003,short
5020,200,1.079198,0.174741,0.705824,0,205.279011,scenario_003,short
5021,200,1.234909,0.068385,0.735897,1,203.235915,scenario_003,short
5022,200,1.732807,0.268264,0.747525,0,206.033307,scenario_003,short
5023,200,15.285423,1.0,0.631456,0,262.369723,scenario_003,medium
5024,200,7.134928,0.191964,0.38025,1,219.696418,scenario_003,medium
5025,200,2.217946,0.407346,0.703443,0,212.113444,scenario_003,short
5026,200,13.822633,0.423981,0.219215,2,225.933641,scenario_003,medium
5027,200,7.756748,0.346648,0.782578,1,216.017022,scenario_003,medium
5028,200,1.328732,0.28712,0.689735,0,204.620844,scenario_003,short
5029,200,1.237396,0.107184,0.479246,0,204.614903,scenario_003,short
5030,200,13.564428,0.566537,0.571022,0,246.558896,scenario_003,medium
5031,200,2.003431,0.166947,0.131465,1,204.016725,scenario_003,short
5032,200,3.35507,0.448329,0.428706,1,207.787772,scenario_003,short
5033,200,20.954631,0.253979,0.622514,0,290.790124,scenario_003,medium
5034,200,26.15228,0.65914,0.179032,0,342.110109,scenario_003,long
5035,200,2.05351,0.259281,0.78181,0,210.373084,scenario_003,short
5036,200,1.659682,0.184672,0.405891,1,204.333878,scenario_003,short
5037,200,1.631169,0.490762,0.749627,0,206.026948,scenario_003,short
5038,200,1.496591,0.319025,0.846024,0,207.285439,scenario_003,short
5039,200,7.880809,0.694349,0.859732,0,239.337364,scenario_003,medium
5040,200,8.483837,0.610739,0.480705,0,230.545847,scenario_003,medium
5041,200,1.606898,0.148133,0.05,0,206.378622,scenario_003,short
5042,200,10.181926,0.940197,0.872858,1,225.61644,scenario_003,medium
5043,200,0.97053,0.748647,0.656096,1,202.474447,scenario_003,short
5044,200,0.803198,0.474809,0.431278,0,203.287764,scenario_003,short
5045,200,1.893311,0.410755,0.868904,0,207.738865,scenario_003,short
5046,200,11.266212,0.167425,0.950268,2,217.063725,scenario_003,medium
5047,200,0.867517,0.527512,1.0,0,204.621205,scenario_003,short
5048,200,1.744323,0.101407,0.565463,1,204.979628,scenario_003,short
5049,200,1.727369,0.210351,0.704109,0,207.664024,scenario_003,short
5050,200,1.216263,0.417367,0.879029,0,204.176179,scenario_003,short
5051,200,3.335225,0.210737,0.100595,1,205.969148,scenario_003,short
5052,200,0.405155,0.581453,0.709887,0,201.500012,scenario_003,short
5053,200,7.753098,0.889569,0.966115,1,221.048523,scenario_003,medium
5054,200,1.578717,0.081744,0.609895,0,206.656964,scenario_003,short
5055,200,1.574752,0.445179,0.653339,0,208.036221,scenario_003,short
5056,200,10.918119,0.713862,0.378965,2,218.422979,scenario_003,medium
5057,200,9.527816,0.229178,0.33718,1,219.535705,scenario_003,medium
5058,200,11.917917,0.363109,0.911189,0,252.571471,scenario_003,medium
5059,200,1.966282,0.155301,0.330561,0,207.369611,scenario_003,short
5060,200,19.820244,0.398554,0.889699,0,302.84763,scenario_003,long
5061,200,1.405728,0.116503,0.124638,0,207.869482,scenario_003,short
5062,200,2.379048,0.369484,1.0,1,205.921517,scenario_003,short
5063,200,1.085824,0.724401,0.50666,2,201.207783,scenario_003,short
5064,200,1.714892,0.109444,0.604527,0,207.332863,scenario_003,short
5065,200,18.990908,0.283975,0.581267,0,281.555551,scenario_003,long
5066,200,1.355446,0.404417,0.58256,0,206.923071,scenario_003,short
5067,200,24.272006,0.333622,0.53544,2,247.67887,scenario_003,long
5068,200,2.073862,0.136987,0.633637,1,206.145009,scenario_003,short
5069,200,2.783367,0.399465,0.274521,0,212.571178,scenario_003,short
5070,200,0.613678,0.348353,0.962507,0,202.839747,scenario_003,short
5071,200,1.189758,0.444437,0.419711,1,203.378283,scenario_003,short
5072,200,1.888759,0.075629,0.308878,1,205.37478,scenario_003,short
5073,200,0.472042,0.411685,0.770901,0,201.637834,scenario_003,short
5074,200,11.097662,0.947858,0.751199,1,230.417704,scenario_003,medium
5075,201,3.228486,0.772612,0.642981,0,215.160049,scenario_003,short
5076,201,75.957374,0.909016,0.231531,0,577.999887,scenario_003,long
5077,201,1.383949,0.272412,0.398771,1,205.031729,scenario_003,short
5078,201,6.435495,0.34631,0.416298,0,237.321142,scenario_003,medium
5079,201,11.09322,0.409626,0.267029,1,224.224111,scenario_003,medium
5080,201,11.145563,0.442489,0.2284,0,237.603647,scenario_003,medium
5081,201,12.501524,0.620351,0.536043,1,237.360696,scenario_003,medium
5082,201,0.695808,0.290054,0.205921,0,203.837674,scenario_003,short
5083,201,1.46196,0.174033,0.953143,0,208.563158,scenario_003,short
5084,201,7.42572,0.211303,0.719793,0,239.595394,scenario_003,medium
5085,201,8.114466,0.549416,0.332684,0,242.910176,scenario_003,medium
5086,201,1.750979,0.147218,0.639891,0,208.947359,scenario_003,short
5087,201,1.46348,0.248897,0.482936,2,203.038019,scenario_003,short
5088,201,0.942501,0.346967,0.282503,1,202.861958,scenario_003,short
5089,201,9.073682,0.543283,0.605021,2,213.236256,scenario_003,medium
5090,201,2.459668,0.099374,0.297534,0,214.857709,scenario_003,short
5091,201,20.029921,0.478654,0.70749,0,302.97239,scenario_003,medium
5092,201,1.844431,0.162806,0.508681,2,203.367876,scenario_003,short
5093,201,18.516955,0.688467,0.467607,0,278.132218,scenario_003,medium
5094,201,13.479,0.20349,0.063704,1,240.232303,scenario_003,medium
5095,201,11.259199,0.27338,0.650018,0,246.122409,scenario_003,medium
5096,201,1.963017,0.122376,0.642002,1,205.617157,scenario_003,short
5097,201,7.853989,0.311957,0.677773,0,234.25102,scenario_003,medium
5098,201,6.829358,0.732169,0.279484,2,211.900753,scenario_003,medium
5099,201,1.344307,0.273707,0.824636,1,204.122447,scenario_003,short
5100,201,17.536277,0.21277,1.0,0,263.754276,scenario_003,medium
5101,201,18.261304,0.920613,0.386203,0,268.133821,scenario_003,medium
5102,201,7.149292,0.743273,0.418709,1,216.53883,scenario_003,medium
5103,201,1.346977,0.069387,0.48773,0,208.069289,scenario_003,short
5104,201,1.3542,0.117051,0.276919,1,204.854371,scenario_003,short
5105,201,1.956114,0.213528,0.125752,1,206.626752,scenario_003,short
5106,201,8.252184,0.514988,0.946502,0,242.82853,scenario_003,medium
5107,201,2.200701,0.435895,0.248397,0,208.04839,scenario_003,short
5108,201,0.840854,0.241377,0.424952,2,202.54476,scenario_003,short
5109,201,0.827796,0.359148,0.113443,0,204.643388,scenario_003,short
5110,201,1.623993,0.259608,0.828171,1,205.452954,scenario_003,short
5111,201,2.080959,0.071489,0.480838,1,204.731206,scenario_003,short
5112,201,40.596974,0.872439,0.918514,0,355.630551,scenario_003,long
5113,201,0.767725,0.233922,0.781097,0,204.125059,scenario_003,short
5114,201,13.237792,0.936446,0.866944,0,252.911849,scenario_003,long
5115,201,1.053504,0.318299,0.55091,0,205.693683,scenario_003,short
5116,201,0.798544,0.265003,0.336493,1,202.809113,scenario_003,short
5117,201,1.940374,0.373621,0.05,1,205.827287,scenario_003,short
5118,201,22.205074,0.956721,0.558332,0,273.374497,scenario_003,long
5119,201,5.545463,0.198649,0.259296,2,207.394216,scenario_003,medium
5120,201,2.029973,0.169903,0.134012,1,204.709524,scenario_003,short
5121,201,1.521025,0.330159,0.66013,0,207.302247,scenario_003,short
5122,201,2.295699,0.57813,0.598998,0,212.999337,scenario_003,short
5123,201,1.239705,0.435986,0.562448,0,205.272852,scenario_003,short
5124,201,10.084469,0.38373,0.703942,0,248.228236,scenario_003,medium
5125,201,8.163945,0.343355,0.259265,0,231.147749,scenario_003,medium
5126,201,14.036624,0.350035,0.243062,0,252.088947,scenario_003,medium
5127,201,28.522437,0.562624,0.510301,0,316.796598,scenario_003,long
5128,201,0.787134,0.787235,0.677902,0,203.461372,scenario_003,short
5129,201,1.845603,0.129643,0.079567,0,207.184121,scenario_003,short
5130,201,5.584557,0.584606,0.557185,1,215.080757,scenario_003,medium
5131,201,8.50536,0.257369,0.915291,0,239.652018,scenario_003,medium
5132,201,9.427163,0.122571,0.665361,1,224.728921,scenario_003,medium
5133,201,1.38507,0.308379,0.784318,2,202.573409,scenario_003,short
5134,201,1.182364,0.082098,0.90938,1,203.924696,scenario_003,short
5135,201,10.290044,0.47315,1.0,0,247.28911,scenario_003,medium
5136,201,1.743746,0.433576,0.831837,1,204.890834,scenario_003,short
5137,201,0.797338,0.258986,0.212286,0,203.935857,scenario_003,short
5138,201,2.416512,0.259345,0.376384,1,208.225474,scenario_003,short
5139,201,1.47895,0.09898,0.762602,0,208.918615,scenario_003,short
5140,201,2.624043,0.202446,0.70628,1,205.390675,scenario_003,short
5141,201,1.774124,0.073905,0.672607,1,205.529942,scenario_003,short
5142,201,13.993378,0.813293,0.657613,2,228.356445,scenario_003,medium
5143,201,5.318698,0.280167,0.492622,0,222.211071,scenario_003,medium
5144,201,6.630748,0.349531,0.157212,0,224.862171,scenario_003,medium
5145,201,11.62804,0.53882,0.415807,0,250.119789,scenario_003,medium
5146,201,4.041313,0.409616,0.457769,0,213.543693,scenario_003,short
5147,201,19.223632,0.131923,0.779412,2,230.932819,scenario_003,medium
5148,201,10.123055,0.386058,0.862338,0,246.261084,scenario_003,medium
5149,201,13.828179,0.553683,0.699247,1,240.165648,scenario_003,long
5150,201,19.871726,0.690682,0.119253,0,272.377981,scenario_003,medium
5151,201,1.533712,0.272205,0.624069,1,204.300598,scenario_003,short
5152,201,21.665709,0.4792,0.719135,2,233.844079,scenario_003,medium
5153,201,1.210813,0.386256,0.714383,0,205.744447,scenario_003,short
5154,201,7.776887,0.943766,0.639145,0,240.550593,scenario_003,medium
5155,201,8.059507,0.568749,0.076048,0,235.810005,scenario_003,medium
5156,201,1.907803,0.286692,0.609003,0,209.398059,scenario_003,short
5157,201,1.022077,0.180175,0.238608,0,205.025601,scenario_003,short
5158,201,1.227799,0.125918,0.606369,1,204.318713,scenario_003,short
5159,201,11.095018,0.613494,0.725913,0,261.715964,scenario_003,long
5160,201,0.422807,0.199629,0.622414,0,202.959276,scenario_003,short
5161,201,1.060881,0.154571,0.347402,2,202.209526,scenario_003,short
5162,201,29.504881,0.740785,0.436224,0,359.298751,scenario_003,long
5163,201,1.231258,0.418808,0.192145,1,204.038148,scenario_003,short
5164,201,1.743156,0.418409,0.460453,2,204.000977,scenario_003,short
5165,201,0.842255,0.632959,0.871342,0,204.643459,scenario_003,short
5166,201,1.124734,0.107423,0.05,1,203.764634,scenario_003,short
5167,201,1.141719,0.418581,0.82911,2,203.129739,scenario_003,short
5168,201,12.081924,0.587383,0.441414,2,219.96109,scenario_003,medium
5169,201,1.050653,0.145413,0.266904,2,202.964219,scenario_003,short
5170,201,1.250101,0.241803,0.471734,1,204.268942,scenario_003,short
5171,201,1.684299,0.22188,0.911939,0,206.310193,scenario_003,short
5172,201,15.679203,0.342495,0.555703,1,231.139865,scenario_003,long
5173,201,1.432249,0.229439,0.5726,0,208.880505,scenario_003,short
5174,201,2.242445,0.260525,0.25945,0,212.770599,scenario_003,short
5175,201,9.853398,0.37864,0.499194,0,252.5308,scenario_003,medium
5176,201,4.781597,0.694617,0.101398,0,220.679082,scenario_003,medium
5177,201,1.06086,0.297894,0.859623,0,204.869986,scenario_003,short
5178,201,16.966031,0.270951,0.775703,1,249.494829,scenario_003,medium
5179,201,8.699505,0.667421,0.516541,0,245.382343,scenario_003,medium
5180,201,1.257901,0.406745,0.290894,1,203.570445,scenario_003,short
5181,201,7.415274,0.729169,0.850356,0,238.567319,scenario_003,medium
5182,201,16.235979,0.355002,1.0,0,277.152349,scenario_003,medium
5183,201,1.733254,0.383949,0.618796,0,210.099223,scenario_003,short
5184,201,0.838412,0.353229,1.0,1,202.716262,scenario_003,short
5185,202,0.762344,0.148381,0.58124,0,204.973265,scenario_003,short
5186,202,2.041711,0.191905,0.812313,1,206.969253,scenario_003,short
5187,202,1.641959,0.123242,0.375942,1,205.75974,scenario_003,short
5188,202,1.268886,0.472351,0.1079,1,204.358912,scenario_003,short
5189,202,2.078193,0.236083,0.419639,1,207.101486,scenario_003,short
5190,202,7.443641,0.291079,0.546467,2,214.299748,scenario_003,medium
5191,202,0.606191,0.560515,0.982711,0,204.229521,scenario_003,short
5192,202,0.965756,0.154632,0.05,0,205.336479,scenario_003,short
5193,202,0.843173,0.414902,0.412662,0,206.627943,scenario_003,short
5194,202,0.812262,0.142139,0.266742,0,206.450681,scenario_003,short
5195,202,1.016408,0.323627,0.119949,0,205.907705,scenario_003,short
5196,202,0.634415,0.659113,0.51284,0,205.271035,scenario_003,short
5197,202,1.137122,0.196052,0.408642,0,207.031529,scenario_003,short
5198,202,1.875548,0.427068,0.486501,1,205.573381,scenario_003,short
5199,202,0.925819,0.222711,0.970232,2,203.328123,scenario_003,short
5200,202,1.400166,0.515539,0.441874,0,206.360339,scenario_003,short
5201,202,12.466287,0.892265,0.227507,1,235.821459,scenario_003,medium
5202,202,1.551184,0.172393,0.818534,0,208.922974,scenario_003,short
5203,202,16.303381,0.435277,0.372447,0,275.180057,scenario_003,medium
5204,202,5.040758,0.574473,1.0,1,210.613685,scenario_003,medium
5205,202,1.900071,0.397944,0.698305,1,206.533599,scenario_003,short
5206,202,8.101387,0.329412,0.531404,1,225.265181,scenario_003,medium
5207,202,0.949908,0.244625,0.161325,0,206.605858,scenario_003,short
5208,202,0.901839,0.368384,1.0,1,204.237514,scenario_003,short
5209,202,40.29416,0.307865,0.168777,0,334.001307,scenario_003,long
5210,202,1.585908,0.37732,0.50151,1,206.507623,scenario_003,short
5211,202,2.032061,0.446454,0.211636,0,208.926138,scenario_003,short
5212,202,1.430125,0.358766,0.484176,0,208.700787,scenario_003,short
5213,202,16.346288,0.748411,0.777907,2,221.800427,scenario_003,long
5214,202,1.335908,0.221197,0.600149,1,205.196961,scenario_003,short
5215,202,16.954541,0.727928,0.948448,0,286.943795,scenario_003,medium
5216,202,6.896302,0.244339,0.748673,2,212.55455,scenario_003,medium
5217,202,0.856319,0.728006,0.27147,0,206.46924,scenario_003,short
5218,202,16.850797,0.45542,0.649719,2,233.091133,scenario_003,medium
5219,202,0.814191,0.058543,0.60933,2,203.0,scenario_003,short
5220,202,1.52578,0.311557,0.934641,1,204.654827,scenario_003,short
5221,202,5.147489,0.575678,0.648786,0,223.436208,scenario_003,medium
5222,202,8.426442,0.55114,0.525319,0,229.75595,scenario_003,medium
5223,202,2.056596,0.37286,0.917447,0,211.314164,scenario_003,short
5224,202,1.76312,0.268915,0.415791,2,204.06373,scenario_003,short
5225,202,1.584755,0.609894,0.155847,1,204.909592,scenario_003,short
5226,202,1.926314,0.348071,0.1796,0,212.245735,scenario_003,short
5227,202,1.133684,0.358226,0.532545,0,207.663226,scenario_003,short
5228,202,35.36033,1.0,0.557278,1,277.052135,scenario_003,long
5229,202,1.594007,0.201177,0.642527,0,208.701548,scenario_003,short
5230,202,1.345963,0.203958,0.447361,0,206.763796,scenario_003,short
5231,202,1.571377,0.098016,0.228194,1,206.662214,scenario_003,short
5232,202,13.7419,0.560887,0.28225,0,260.832575,scenario_003,medium
5233,202,1.022368,0.152203,0.336755,0,206.310587,scenario_003,short
5234,202,1.146167,0.421382,0.6716,0,207.046034,scenario_003,short
5235,202,13.212982,0.251672,0.80808,0,269.998645,scenario_003,medium
5236,202,0.783991,0.31885,0.222026,0,204.692041,scenario_003,short
5237,202,6.293693,0.620545,0.11263,1,217.006652,scenario_003,medium
5238,202,1.15786,0.067887,0.522688,1,205.403716,scenario_003,short
5239,202,1.494601,0.19284,0.243873,1,205.374034,scenario_003,short
5240,202,2.008461,0.395115,0.242452,0,212.238276,scenario_003,short
5241,202,1.884142,0.221657,0.334141,2,205.05385,scenario_003,short
5242,202,1.977581,0.342388,1.0,0,211.898537,scenario_003,short
5243,202,1.09021,0.362059,0.958752,0,207.701105,scenario_003,short
5244,202,8.732444,0.94683,0.326649,0,237.032204,scenario_003,medium
5245,202,20.259984,0.363409,0.654281,0,287.849067,scenario_003,medium
5246,202,1.347693,0.398929,0.620166,0,208.387038,scenario_003,short
5247,202,18.718143,0.605019,0.89517,1,258.056251,scenario_003,medium
5248,202,11.83802,0.553505,0.660455,2,220.287382,scenario_003,medium
5249,202,6.432312,0.565335,0.866682,0,225.202077,scenario_003,medium
5250,202,3.086507,0.250611,0.05,2,207.474205,scenario_003,short
5251,202,1.662194,0.409636,0.73679,0,211.362247,scenario_003,short
5252,202,1.048489,0.202919,0.551886,0,205.350183,scenario_003,short
5253,202,1.034172,0.291595,0.86103,0,207.287184,scenario_003,short
5254,202,8.675958,0.193675,0.556942,0,249.846002,scenario_003,medium
5255,202,1.975077,0.201946,0.248556,0,212.436514,scenario_003,short
5256,202,2.953385,0.390233,0.468072,1,210.583681,scenario_003,short
5257,202,9.319049,0.211324,0.695505,0,243.91368,scenario_003,medium
5258,202,1.080846,0.223477,0.875012,0,207.207027,scenario_003,short
5259,202,4.037752,0.590869,0.529331,1,209.980659,scenario_003,short
5260,202,1.921714,0.174186,0.137632,2,205.505144,scenario_003,short
5261,202,10.041456,0.536566,0.339822,0,240.375087,scenario_003,medium
5262,202,1.992499,0.263645,0.192455,1,207.789016,scenario_003,short
5263,202,2.086114,0.267531,0.293308,1,207.177664,scenario_003,short
5264,202,0.690669,0.439919,0.647347,0,204.647533,scenario_003,short
5265,202,1.814879,0.291599,0.226539,0,209.275294,scenario_003,short
5266,202,0.991165,0.604699,0.43108,0,206.396468,scenario_003,short
5267,202,15.875893,0.902204,0.343108,2,224.918484,scenario_003,medium
5268,202,1.542938,0.122747,0.530389,2,204.241918,scenario_003,short
5269,202,1.345196,0.60631,0.722479,2,204.616735,scenario_003,short
5270,202,2.781521,0.218915,0.852155,1,209.978261,scenario_003,short
5271,202,1.229918,0.377188,0.088428,2,203.758211,scenario_003,short
5272,202,1.056688,0.529777,0.7324,2,203.363894,scenario_003,short
5273,202,0.690242,0.669412,0.673375,0,205.736952,scenario_003,short
5274,202,2.163544,0.54558,1.0,0,213.319697,scenario_003,short
5275,202,11.349357,0.424469,0.829338,1,231.361396,scenario_003,medium
5276,202,2.821297,0.269594,0.318505,1,208.789787,scenario_003,short
5277,203,1.314688,0.095539,0.478826,0,208.708663,scenario_003,short
5278,203,12.502689,0.633753,1.0,1,235.452296,scenario_003,medium
5279,203,0.806978,0.174276,0.889045,0,206.715422,scenario_003,short
5280,203,1.338416,0.372513,0.112037,0,207.271201,scenario_003,short
5281,203,1.068498,0.702539,0.359645,0,209.009955,scenario_003,short
5282,203,0.733293,0.254762,0.682663,1,204.529836,scenario_003,short
5283,203,0.797999,0.209747,0.461749,1,204.999888,scenario_003,short
5284,203,15.793848,0.715489,0.632813,1,248.836236,scenario_003,medium
5285,203,1.294715,0.597545,0.852888,1,206.042537,scenario_003,short
5286,203,1.317177,0.363905,0.583253,1,205.823776,scenario_003,short
5287,203,9.411285,0.42759,0.95689,0,252.766948,scenario_003,medium
5288,203,1.209574,0.530846,0.660843,0,206.74836,scenario_003,short
5289,203,4.891469,0.322939,0.827106,2,210.196518,scenario_003,medium
5290,203,5.01353,0.26209,0.657128,0,222.873887,scenario_003,medium
5291,203,5.214891,0.702745,0.786166,0,222.331326,scenario_003,medium
5292,203,1.223305,0.329413,0.754956,0,207.420681,scenario_003,short
5293,203,0.854867,0.166386,0.65872,1,204.868473,scenario_003,short
5294,203,6.027833,0.972132,0.280339,0,236.932647,scenario_003,medium
5295,203,1.042471,0.215745,0.635892,0,207.489261,scenario_003,short
5296,203,12.241842,0.809376,0.720746,2,221.361632,scenario_003,medium
5297,203,2.14666,0.298569,0.418797,0,213.417453,scenario_003,short
5298,203,1.332134,0.551503,0.755125,0,208.673212,scenario_003,short
5299,203,10.537885,0.136126,0.844411,1,223.701016,scenario_003,medium
5300,203,1.438529,0.299613,0.231131,2,205.827476,scenario_003,short
5301,203,31.651123,0.985003,0.810418,1,290.526868,scenario_003,long
5302,203,1.160241,0.277363,0.593495,0,208.118353,scenario_003,short
5303,203,2.064524,0.255915,0.423666,0,211.094109,scenario_003,short
5304,203,5.671318,0.678018,0.118294,1,215.168239,scenario_003,medium
5305,203,4.409039,0.081313,0.83843,1,214.121227,scenario_003,short
5306,203,1.450152,0.286769,0.221554,0,207.639921,scenario_003,short
5307,203,2.290348,0.379185,0.081795,1,206.924605,scenario_003,short
5308,203,5.012467,0.482398,0.440494,1,211.804366,scenario_003,short
5309,203,1.164931,0.114968,0.142398,0,207.00342,scenario_003,short
5310,203,7.92166,0.672005,0.950432,0,236.681997,scenario_003,medium
5311,203,1.546438,0.132741,0.759191,2,204.806295,scenario_003,short
5312,203,1.337346,0.82291,0.424478,0,208.620197,scenario_003,short
5313,203,1.483269,0.136939,0.827665,1,205.806732,scenario_003,short
5314,203,8.107974,0.524043,0.657109,1,221.992673,scenario_003,medium
5315,203,8.131755,0.175119,0.543659,1,223.757812,scenario_003,medium
5316,203,1.556501,0.423856,1.0,1,205.892311,scenario_003,short
5317,203,3.664758,0.170573,0.554275,0,216.025085,scenario_003,medium
5318,203,1.495448,0.156887,0.443262,0,209.449581,scenario_003,short
5319,203,34.04014,0.950007,0.342755,0,347.27628,scenario_003,long
5320,203,16.067386,0.71068,1.0,1,229.482746,scenario_003,medium
5321,203,12.401155,0.511013,0.754692,1,225.420491,scenario_003,medium
5322,203,0.726503,0.05073,0.251382,0,205.658449,scenario_003,short
5323,203,1.180627,0.417784,0.152352,2,204.997075,scenario_003,short
5324,203,19.284583,1.0,0.256173,0,310.078805,scenario_003,long
5325,203,12.170626,0.680118,1.0,1,229.162468,scenario_003,medium
5326,203,1.58413,0.177861,0.399687,0,208.957013,scenario_003,short
5327,203,1.386104,0.28155,0.594959,1,206.095387,scenario_003,short
5328,203,0.934346,0.632711,0.829316,0,208.117627,scenario_003,short
5329,203,9.89194,1.0,0.674377,0,254.009386,scenario_003,medium
5330,203,20.145412,0.544956,0.752412,2,235.457696,scenario_003,medium
5331,203,2.722953,0.444832,0.581693,0,212.635059,scenario_003,medium
5332,203,21.491739,0.655083,0.638209,0,291.791601,scenario_003,medium
5333,203,1.690888,0.145141,0.774025,2,205.051654,scenario_003,short
5334,203,5.361547,0.29905,0.20915,0,223.416862,scenario_003,medium
5335,203,2.170059,0.080624,0.550142,0,214.33043,scenario_003,short
5336,203,2.333409,0.292048,0.156748,0,214.711491,scenario_003,short
5337,203,18.75635,0.599182,0.437015,1,248.179787,scenario_003,medium
5338,203,12.800839,0.127432,0.582784,0,257.580775,scenario_003,medium
5339,203,1.446801,0.373968,0.789801,2,204.730421,scenario_003,short
5340,203,9.419909,0.952759,0.648196,0,235.885868,scenario_003,long
5341,203,1.841207,0.631837,0.628559,1,208.101256,scenario_003,short
5342,203,0.8886,0.22625,0.0695,0,206.082994,scenario_003,short
5343,203,1.844713,0.085076,0.950551,0,213.253249,scenario_003,short
5344,203,0.963569,0.396536,0.422686,1,204.89104,scenario_003,short
5345,203,1.314518,0.332731,0.115038,1,205.872437,scenario_003,short
5346,203,0.817346,0.446584,0.216726,1,205.206656,scenario_003,short
5347,203,16.941255,0.401419,0.843255,1,234.075573,scenario_003,medium
5348,203,1.768012,0.64633,0.849615,1,205.946544,scenario_003,short
5349,203,1.185806,0.559855,0.86825,2,204.770435,scenario_003,short
5350,203,1.871986,0.06235,0.05,0,210.774551,scenario_003,short
5351,203,0.783137,0.122117,0.36028,0,205.914455,scenario_003,short
5352,203,1.358794,0.086849,0.52674,0,210.238699,scenario_003,short
5353,203,9.245658,0.857411,0.148905,0,238.555061,scenario_003,long
5354,203,2.440456,0.173665,0.584677,0,213.856008,scenario_003,short
5355,203,2.50502,0.089114,0.36233,1,208.160295,scenario_003,short
5356,203,0.94831,0.44766,0.296578,2,204.037839,scenario_003,short
5357,203,0.83803,0.376371,0.358618,2,204.053762,scenario_003,short
5358,203,1.050592,0.455949,0.526633,2,204.184776,scenario_003,short
5359,203,10.563017,0.210939,0.615663,0,258.099469,scenario_003,medium
5360,203,0.769424,0.747012,0.39785,0,205.967386,scenario_003,short
5361,203,1.93281,0.071901,0.751645,0,209.720719,scenario_003,short
5362,203,15.158872,0.707179,0.459648,1,233.084469,scenario_003,medium
5363,203,9.180842,0.198806,0.853718,0,244.918418,scenario_003,medium
5364,203,1.338572,0.380333,0.415423,0,209.016702,scenario_003,short
5365,203,2.215055,0.347909,0.19531,1,207.324694,scenario_003,short
5366,203,11.071107,0.263931,0.656629,2,221.659057,scenario_003,medium
5367,203,2.214385,0.160201,0.271212,0,211.522302,scenario_003,short
5368,203,14.206051,0.394791,0.689859,0,270.903638,scenario_003,medium
5369,203,22.028278,0.354047,1.0,0,307.607495,scenario_003,long
5370,203,0.98841,0.393705,0.805537,0,208.512047,scenario_003,short
5371,203,2.382313,0.530636,0.823681,0,211.372039,scenario_003,short
5372,203,2.911375,0.511714,0.272665,0,212.626205,scenario_003,short
5373,203,1.360072,0.100523,0.168015,2,205.411304,scenario_003,short
5374,203,1.468683,0.097428,0.76604,1,205.682706,scenario_003,short
5375,203,8.567014,0.14167,0.982857,0,250.768925,scenario_003,medium
5376,203,3.796503,0.421155,0.476071,1,210.987136,scenario_003,short
5377,203,1.535844,0.388295,0.934815,0,211.084001,scenario_003,short
5378,203,1.007038,0.326416,0.661179,0,208.209831,scenario_003,short
5379,203,3.399142,0.325897,0.906411,0,218.976394,scenario_003,short
5380,203,0.947756,0.101499,0.184519,1,204.900422,scenario_003,short
5381,203,10.186128,0.18422,0.291107,0,246.557755,scenario_003,medium
5382,203,2.129442,0.338077,1.0,0,214.06325,scenario_003,short
5383,203,1.039463,0.354358,0.648333,0,207.899116,scenario_003,short
5384,203,20.763428,1.0,0.655528,0,312.658157,scenario_003,medium
5385,204,13.106376,0.684454,0.936773,1,237.753376,scenario_003,medium
5386,204,8.174664,0.406713,0.524521,1,220.349025,scenario_003,medium
5387,204,16.46353,0.589087,1.0,0,267.74585,scenario_003,medium
5388,204,1.105752,0.659116,0.590927,1,206.545177,scenario_003,short
5389,204,9.750783,0.62383,0.747663,1,223.526717,scenario_003,medium
5390,204,11.708841,0.189861,0.511465,2,223.826215,scenario_003,medium
5391,204,1.475331,0.122202,0.448932,0,209.442451,scenario_003,short
5392,204,1.437958,0.276466,0.750622,1,206.565463,scenario_003,short
5393,204,1.990979,0.3653,0.380483,0,214.679019,scenario_003,short
5394,204,8.281069,0.579116,0.415172,0,244.398348,scenario_003,medium
5395,204,1.171462,0.329404,0.188341,1,207.150907,scenario_003,short
5396,204,1.109281,0.205472,0.580872,0,207.544064,scenario_003,short
5397,204,1.584436,0.378164,1.0,0,211.488137,scenario_003,short
5398,204,23.926092,0.464725,0.435948,0,307.410792,scenario_003,long
5399,204,20.280498,0.608353,0.825464,0,305.86809,scenario_003,medium
5400,204,22.493861,0.800843,0.886759,1,252.067287,scenario_003,long
5401,204,1.574168,0.757081,1.0,0,210.705685,scenario_003,short
5402,204,1.707894,0.389345,0.327525,0,211.921573,scenario_003,short
5403,204,1.264435,0.313202,0.605526,1,206.911235,scenario_003,short
5404,204,1.078381,0.182803,0.32734,1,206.558605,scenario_003,short
5405,204,0.525846,0.37564,0.558532,1,205.205611,scenario_003,short
5406,204,1.165891,0.321598,0.487671,1,206.030284,scenario_003,short
5407,204,0.973267,0.097219,0.543636,0,209.081151,scenario_003,short
5408,204,2.597925,0.348187,0.05,1,211.028342,scenario_003,short
5409,204,0.988224,0.088556,0.277141,0,207.954675,scenario_003,short
5410,204,11.05805,0.497923,0.207583,2,219.216442,scenario_003,medium
5411,204,1.425825,0.386293,0.209602,1,207.769262,scenario_003,short
5412,204,15.111793,0.96263,0.760512,0,277.047151,scenario_003,long
5413,204,1.065078,0.122893,0.133172,1,206.527027,scenario_003,short
5414,204,5.14452,0.455558,0.685213,0,222.548628,scenario_003,medium
5415,204,19.400239,0.500887,0.199589,0,310.796869,scenario_003,medium
5416,204,11.027551,0.130555,0.875901,0,252.422216,scenario_003,medium
5417,204,10.249053,0.929555,0.831479,0,236.46819,scenario_003,long
5418,204,2.588501,0.065979,0.550227,0,215.720832,scenario_003,short
5419,204,10.384743,0.641296,0.720611,0,240.485442,scenario_003,medium
5420,204,1.983036,0.245305,0.345251,1,208.336331,scenario_003,short
5421,204,12.800088,0.772778,1.0,0,249.497327,scenario_003,medium
5422,204,11.477704,0.165698,0.17934,0,266.609585,scenario_003,medium
5423,204,1.257115,0.749496,0.988009,0,210.828265,scenario_003,short
5424,204,1.721573,0.414842,0.105968,0,213.30633,scenario_003,short
5425,204,16.767333,0.569829,0.934212,1,231.87256,scenario_003,medium
5426,204,1.00664,0.066306,0.166209,1,206.936439,scenario_003,short
5427,204,1.210027,0.527255,0.481065,2,205.471867,scenario_003,short
5428,204,6.985779,0.56782,0.411409,2,215.957903,scenario_003,medium
5429,204,0.641427,0.204946,0.220279,1,205.070264,scenario_003,short
5430,204,0.540025,0.138144,0.975674,0,206.280899,scenario_003,short
5431,204,23.17462,0.443718,0.211329,0,313.66436,scenario_003,medium
5432,204,1.16899,0.254655,1.0,1,206.19399,scenario_003,short
5433,204,2.304857,0.711754,0.890669,1,210.00031,scenario_003,short
5434,204,9.745677,0.672042,0.480802,1,220.403658,scenario_003,medium
5435,204,1.215302,0.290174,0.443029,0,209.110703,scenario_003,short
5436,204,1.913973,0.37083,0.724571,2,207.130592,scenario_003,short
5437,204,1.829537,0.556874,0.711154,1,207.690364,scenario_003,short
5438,204,1.498614,0.411317,0.712549,2,205.871272,scenario_003,short
5439,204,1.340458,0.346625,0.660861,1,207.774929,scenario_003,short
5440,204,7.674223,0.309563,0.077758,2,213.619792,scenario_003,medium
5441,204,1.109513,0.094315,0.478189,0,208.749568,scenario_003,short
5442,204,16.56834,0.624801,0.753703,1,237.941688,scenario_003,medium
5443,204,11.357095,0.334712,0.506605,1,225.358125,scenario_003,medium
5444,204,1.560387,0.312117,0.713202,0,208.928361,scenario_003,short
5445,204,0.772651,0.368925,0.89207,0,206.928106,scenario_003,short
5446,204,1.557241,0.262592,0.05,0,209.376137,scenario_003,short
5447,204,10.628433,0.703256,0.531659,0,263.495388,scenario_003,medium
5448,204,0.952642,0.359182,0.763828,0,209.279419,scenario_003,short
5449,204,2.546741,0.151006,0.464768,1,209.043686,scenario_003,short
5450,204,0.922728,0.359945,0.706753,0,207.221135,scenario_003,short
5451,204,2.561145,0.13696,0.677667,1,209.772033,scenario_003,short
5452,204,9.77425,0.232805,0.586675,0,241.684008,scenario_003,medium
5453,204,5.887283,0.938017,0.145249,0,223.959051,scenario_003,medium
5454,204,1.08981,0.379269,0.903549,0,207.930919,scenario_003,short
5455,204,1.147212,0.416804,0.146848,1,206.967177,scenario_003,short
5456,204,2.017175,0.073869,0.845189,1,209.273717,scenario_003,short
5457,204,11.91167,0.661355,0.556275,1,236.36242,scenario_003,long
5458,204,0.767256,0.2831,0.412947,1,205.742232,scenario_003,short
5459,204,24.913887,0.286666,0.473767,0,318.117293,scenario_003,medium
5460,204,1.477087,0.158576,0.28789,2,206.878805,scenario_003,short
5461,204,27.334079,0.186559,0.676704,1,277.279816,scenario_003,medium
5462,204,12.591979,0.310922,0.822408,1,226.396916,scenario_003,medium
5463,204,6.01275,0.611385,0.268723,0,225.251085,scenario_003,medium
5464,204,3.122193,0.326744,0.05,1,212.065412,scenario_003,short
5465,204,1.887209,0.414579,0.790342,1,209.167197,scenario_003,short
5466,205,0.969401,0.055156,0.96868,0,208.330823,scenario_003,short
5467,205,27.413821,0.675766,0.424103,0,290.063265,scenario_003,long
5468,205,2.434011,0.280609,0.971573,0,214.984244,scenario_003,short
5469,205,1.813343,0.282203,0.751066,1,208.275744,scenario_003,short
5470,205,7.937253,0.401501,0.247856,0,238.441908,scenario_003,medium
5471,205,1.487613,0.627105,0.34781,1,209.273433,scenario_003,short
5472,205,5.0027,0.207238,0.644154,0,223.238383,scenario_003,medium
5473,205,8.220714,0.705536,1.0,0,232.025799,scenario_003,medium
5474,205,1.72594,0.262261,0.131479,0,214.37966,scenario_003,short
5475,205,14.403181,0.979821,0.219688,0,257.213367,scenario_003,medium
5476,205,9.390526,0.425977,0.272305,0,248.700833,scenario_003,medium
5477,205,1.854673,0.252222,0.208943,0,210.845363,scenario_003,short
5478,205,1.692975,0.32734,0.636596,0,213.704973,scenario_003,short
5479,205,25.213428,1.0,0.403997,1,263.254932,scenario_003,long
5480,205,1.068973,0.687353,0.280199,1,207.365435,scenario_003,short
5481,205,7.645941,1.0,0.789016,1,218.598567,scenario_003,medium
5482,205,12.979553,0.575959,0.321709,1,237.924817,scenario_003,medium
5483,205,12.989362,0.294871,0.30424,1,232.634333,scenario_003,medium
5484,205,7.395218,0.707751,0.699592,1,225.367932,scenario_003,medium
5485,205,15.109613,0.862973,0.452926,2,229.417621,scenario_003,medium
5486,205,22.6312,0.47387,0.199599,0,317.942815,scenario_003,medium
5487,205,1.139418,0.073815,0.843644,0,208.88921,scenario_003,short
5488,205,0.938222,0.366837,0.541563,0,208.261965,scenario_003,short
5489,205,1.196769,0.418687,0.837457,0,209.844393,scenario_003,short
5490,205,6.96722,0.557111,0.587987,0,235.454778,scenario_003,medium
5491,205,10.572622,0.414848,0.609951,1,236.788224,scenario_003,medium
5492,205,0.817839,0.250584,0.177567,1,206.408105,scenario_003,short
5493,205,1.04959,0.089555,0.82341,1,206.840802,scenario_003,short
5494,205,16.981746,0.49018,0.775376,0,266.928081,scenario_003,medium
5495,205,1.250312,0.149896,0.639005,0,211.78247,scenario_003,short
5496,205,0.77803,0.136808,0.612414,2,206.301045,scenario_003,short
5497,205,2.152125,0.326775,0.476799,1,209.07751,scenario_003,short
5498,205,0.960274,0.656696,0.093667,1,207.519048,scenario_003,short
5499,205,1.156443,0.273468,0.321621,0,210.799723,scenario_003,short
5500,205,1.260961,0.284246,0.523693,0,211.378453,scenario_003,short
5501,205,21.198546,0.358515,0.095968,1,267.508604,scenario_003,medium
5502,205,1.984609,0.205724,0.523431,0,211.156402,scenario_003,short
5503,205,0.605978,0.291621,0.815003,1,206.156817,scenario_003,short
5504,205,23.009327,0.56381,0.508243,1,247.108607,scenario_003,medium
5505,205,8.152517,0.367958,0.309403,1,226.483504,scenario_003,medium
5506,205,1.565839,0.501832,0.580246,0,213.172135,scenario_003,short
5507,205,0.678692,0.330672,1.0,1,206.236178,scenario_003,short
5508,205,2.135896,0.087488,0.462849,0,215.764138,scenario_003,short
5509,205,8.210941,0.435275,0.178514,0,245.555257,scenario_003,medium
5510,205,14.724505,0.504755,1.0,1,234.160701,scenario_003,long
5511,205,1.618495,0.228698,0.648157,1,207.81148,scenario_003,short
5512,205,1.504638,0.405932,0.659378,0,211.414586,scenario_003,short
5513,205,11.060428,0.828149,0.830148,0,248.892144,scenario_003,medium
5514,205,1.915913,0.259404,0.14447,0,210.967709,scenario_003,short
5515,205,11.400097,0.553865,0.633744,0,249.518053,scenario_003,medium
5516,205,1.848777,0.236405,0.81002,0,213.530687,scenario_003,short
5517,205,1.308719,0.298698,0.467982,0,211.770243,scenario_003,short
5518,205,1.669763,0.104875,0.799197,1,208.122209,scenario_003,short
5519,205,28.204856,0.774521,0.58275,0,309.77948,scenario_003,long
5520,205,1.117918,0.429349,0.881927,0,208.596744,scenario_003,short
5521,205,5.651815,0.577319,0.537448,1,216.909663,scenario_003,medium
5522,205,1.923343,0.052232,0.192109,0,214.706516,scenario_003,short
5523,205,2.771742,0.097739,0.566617,2,208.59764,scenario_003,short
5524,205,10.439712,0.233567,0.234049,1,224.479367,scenario_003,medium
5525,205,13.842391,0.128693,0.386543,2,222.803662,scenario_003,medium
5526,205,1.014362,0.104933,0.138028,1,206.764415,scenario_003,short
5527,205,13.795396,0.128777,0.05,1,241.864036,scenario_003,medium
5528,205,2.349186,0.620485,0.379832,1,209.886675,scenario_003,short
5529,205,1.893787,0.229654,0.730418,0,213.288631,scenario_003,short
5530,205,17.664481,0.744445,0.280544,0,261.599575,scenario_003,medium
5531,205,9.559924,0.532354,0.643848,2,215.888443,scenario_003,medium
5532,205,16.127627,0.547929,0.505399,0,286.97258,scenario_003,medium
5533,205,0.974197,0.127868,0.096014,0,209.586674,scenario_003,short
5534,205,1.058555,0.295747,0.74268,0,209.091354,scenario_003,short
5535,205,1.665747,0.442974,0.630487,0,211.138268,scenario_003,short
5536,205,9.915644,0.57191,0.625709,0,242.353919,scenario_003,medium
5537,205,1.122318,0.447176,0.559963,0,209.447442,scenario_003,short
5538,205,1.223675,0.563151,1.0,0,210.445527,scenario_003,short
5539,205,12.491732,0.225842,0.681738,0,259.880386,scenario_003,medium
5540,205,13.147642,0.450038,0.530708,0,255.541046,scenario_003,long
5541,205,0.916505,0.500704,0.735908,0,210.123949,scenario_003,short
5542,205,1.177527,0.387804,0.495081,0,209.553513,scenario_003,short
5543,205,10.033034,0.615202,0.223048,0,260.851228,scenario_003,medium
5544,205,9.865085,0.605579,0.73022,2,216.69308,scenario_003,medium
5545,205,12.42427,0.772825,0.569947,0,262.568398,scenario_003,medium
5546,206,1.263881,0.256661,0.302033,0,213.150586,scenario_003,short
5547,206,0.941653,0.184059,0.475059,1,207.754591,scenario_003,short
5548,206,1.246986,0.15024,0.305916,2,207.785087,scenario_003,short
5549,206,0.911549,0.205629,0.574864,0,210.774506,scenario_003,short
5550,206,1.151592,0.160596,0.54915,0,210.617697,scenario_003,short
5551,206,2.088161,0.341468,0.851652,2,209.471352,scenario_003,short
5552,206,11.335251,0.603148,0.836709,0,268.263784,scenario_003,medium
5553,206,1.707001,0.338323,0.951199,1,209.996123,scenario_003,short
5554,206,16.782139,0.206514,0.481313,0,259.540443,scenario_003,medium
5555,206,2.700749,0.116881,0.212995,1,213.496808,scenario_003,short
5556,206,0.946519,0.185519,0.508703,0,211.283912,scenario_003,short
5557,206,1.316695,0.239665,0.276034,1,209.266106,scenario_003,short
5558,206,17.042401,0.438839,0.540355,0,268.581593,scenario_003,medium
5559,206,1.72258,0.25198,0.661511,1,210.278356,scenario_003,short
5560,206,10.433611,0.285595,0.783329,1,236.669288,scenario_003,medium
5561,206,1.011942,0.361646,1.0,0,211.399897,scenario_003,short
5562,206,1.623586,0.236842,0.384279,0,213.097974,scenario_003,short
5563,206,10.691561,0.460015,0.782422,0,244.103367,scenario_003,medium
5564,206,1.325047,0.350299,0.431505,0,211.122283,scenario_003,short
5565,206,9.795902,0.610755,0.255825,0,245.802186,scenario_003,medium
5566,206,5.826663,0.143535,0.361223,1,219.118116,scenario_003,medium
5567,206,1.066664,0.412835,0.314526,0,211.691587,scenario_003,short
5568,206,2.018255,0.393317,0.269389,1,209.939345,scenario_003,short
5569,206,9.056296,0.409899,0.1408,0,256.063367,scenario_003,medium
5570,206,5.177609,0.136035,0.814948,0,228.027918,scenario_003,medium
5571,206,6.648789,0.383606,0.792817,1,224.756927,scenario_003,medium
5572,206,11.289295,0.383776,0.733153,0,263.445848,scenario_003,medium
5573,206,1.627655,0.324616,0.520622,2,207.97745,scenario_003,short
5574,206,17.294713,0.120604,0.05,0,271.328921,scenario_003,medium
5575,206,1.345284,0.379638,0.641369,2,208.079785,scenario_003,short
5576,206,10.930515,0.921668,0.977065,2,218.85233,scenario_003,medium
5577,206,31.269699,1.0,0.921139,2,265.656094,scenario_003,long
5578,206,8.153063,0.785448,0.809728,0,233.301089,scenario_003,medium
5579,206,11.499165,0.48539,1.0,0,246.90472,scenario_003,medium
5580,206,5.892971,0.492778,0.83776,0,235.672899,scenario_003,medium
5581,206,15.414149,0.497148,0.789111,0,278.327556,scenario_003,medium
5582,206,1.325583,0.365513,0.05,0,213.138202,scenario_003,short
5583,206,10.499776,0.507229,0.825781,0,249.970166,scenario_003,medium
5584,206,8.011218,0.868232,0.638853,1,219.340168,scenario_003,medium
5585,206,2.535674,0.236567,0.479045,1,211.167537,scenario_003,short
5586,206,2.327382,0.254106,0.515407,0,213.827788,scenario_003,short
5587,206,9.094137,0.397582,0.155621,2,219.056563,scenario_003,medium
5588,206,1.758038,0.702886,0.29068,2,208.415326,scenario_003,short
5589,206,1.084742,0.302152,0.524607,1,208.55101,scenario_003,short
5590,206,2.411597,0.264346,0.512431,0,214.434607,scenario_003,short
5591,206,1.354688,0.166007,0.19427,0,211.788508,scenario_003,short
5592,206,100.628924,0.801563,0.757201,1,469.837718,scenario_003,long
5593,206,1.151595,0.466963,0.837058,0,211.288471,scenario_003,short
5594,206,14.937241,0.438123,0.424627,0,270.503786,scenario_003,medium
5595,206,1.243689,0.272397,0.761662,2,208.395672,scenario_003,short
5596,206,5.071968,0.212419,0.270278,2,215.257554,scenario_003,medium
5597,206,2.262069,0.105796,0.466629,0,215.647344,scenario_003,short
5598,206,1.984732,0.286785,0.838743,0,213.0543,scenario_003,short
5599,206,1.31707,0.407891,0.826841,1,208.654349,scenario_003,short
5600,206,1.118252,0.300474,0.784139,0,210.408668,scenario_003,short
5601,206,14.940837,0.258872,0.322242,1,250.485481,scenario_003,medium
5602,206,3.181756,0.584507,0.426861,1,213.639108,scenario_003,short
5603,206,1.992737,0.733768,1.0,0,215.865857,scenario_003,short
5604,206,11.220191,0.326588,0.960604,2,222.050674,scenario_003,medium
5605,206,1.048274,0.234029,0.775819,0,210.460555,scenario_003,short
5606,206,38.761544,0.975096,0.575288,1,282.239146,scenario_003,long
5607,206,1.144595,0.100804,0.305407,1,208.672043,scenario_003,short
5608,206,1.986809,0.317537,0.578369,1,211.797099,scenario_003,short
5609,206,1.661754,0.080293,0.626335,0,214.187231,scenario_003,short
5610,206,0.823332,0.175246,0.863469,0,209.805491,scenario_003,short
5611,206,1.364749,0.485714,0.061722,0,211.13219,scenario_003,short
5612,206,1.165309,0.303885,1.0,1,209.449667,scenario_003,short
5613,206,14.314096,0.303498,1.0,0,278.037071,scenario_003,medium
5614,206,8.005328,0.470835,0.63801,0,248.70679,scenario_003,medium
5615,206,1.108247,0.345211,1.0,0,212.194202,scenario_003,short
5616,206,1.460205,0.555102,1.0,1,208.907052,scenario_003,short
5617,206,1.565171,0.054763,0.613345,1,208.868975,scenario_003,short
5618,206,39.097496,0.285206,0.603639,0,327.233527,scenario_003,long
5619,206,15.57641,0.359157,0.05,1,244.531263,scenario_003,medium
5620,206,15.174168,0.592561,0.093683,0,264.095825,scenario_003,medium
5621,206,5.238498,0.404702,0.594267,0,231.863908,scenario_003,medium
5622,206,27.167315,0.559969,0.156424,2,255.864417,scenario_003,medium
5623,206,13.242832,0.668613,0.793018,1,238.298399,scenario_003,medium
5624,206,0.789324,0.446496,1.0,0,210.15715,scenario_003,short
5625,206,14.126947,0.506737,0.706813,0,268.736925,scenario_003,long
5626,206,1.503847,0.147853,0.770173,1,209.302314,scenario_003,short
5627,206,0.865973,0.329895,0.682023,1,207.820079,scenario_003,short
5628,206,1.137906,0.061021,0.625136,0,211.432642,scenario_003,short
5629,206,1.557982,0.473445,0.769718,1,210.112234,scenario_003,short
5630,206,1.738754,0.112328,0.339001,0,215.247588,scenario_003,short
5631,206,1.706699,0.367737,0.49905,0,211.278399,scenario_003,short
5632,206,19.46893,0.91045,0.379931,2,232.412029,scenario_003,medium
5633,206,1.842154,0.205326,0.247295,0,213.675728,scenario_003,short
5634,206,8.804721,0.462856,0.670611,2,216.690228,scenario_003,medium
5635,206,2.05641,0.797044,0.847519,0,212.657971,scenario_003,short
5636,206,10.492405,0.367927,0.326866,1,226.835161,scenario_003,medium
5637,206,2.261036,0.370853,0.06348,1,210.704295,scenario_003,short
5638,206,31.321807,0.283527,0.71892,1,266.659497,scenario_003,medium
5639,206,13.112622,0.190524,0.497869,0,253.171901,scenario_003,medium
5640,206,14.056931,0.67544,0.603311,1,242.083645,scenario_003,long
5641,206,0.790487,0.204455,0.714684,0,209.783505,scenario_003,short
5642,206,11.790057,0.670115,0.499184,0,260.156457,scenario_003,medium
5643,206,9.291187,0.213082,1.0,1,223.926034,scenario_003,medium
5644,206,2.296276,0.334175,0.143651,1,211.646436,scenario_003,short
5645,206,0.867472,0.525369,0.324003,1,208.567679,scenario_003,short
5646,207,1.123107,0.388142,0.328926,1,209.860495,scenario_003,short
5647,207,1.706973,0.792109,1.0,2,208.87199,scenario_003,short
5648,207,1.204733,0.342779,0.904714,1,209.042806,scenario_003,short
5649,207,5.227197,0.718294,1.0,1,220.53579,scenario_003,medium
5650,207,0.742095,0.055473,0.36185,1,208.381658,scenario_003,short
5651,207,2.135663,0.511798,0.361919,1,213.235465,scenario_003,short
5652,207,27.866383,0.512974,0.275729,0,339.11466,scenario_003,long
5653,207,18.164316,0.589137,0.86059,0,304.327238,scenario_003,medium
5654,207,14.228141,0.353671,0.134527,0,282.121563,scenario_003,medium
5655,207,0.840055,0.098083,0.230545,1,209.532052,scenario_003,short
5656,207,1.181074,0.579606,0.193612,2,208.660941,scenario_003,short
5657,207,1.413972,0.17527,0.186703,1,210.264271,scenario_003,short
5658,207,1.847956,0.631261,0.851365,0,213.635125,scenario_003,short
5659,207,1.52662,0.173056,0.742236,0,215.182204,scenario_003,short
5660,207,25.708113,0.741236,0.655901,0,290.477155,scenario_003,long
5661,207,2.495485,0.315674,0.91463,0,217.968251,scenario_003,short
5662,207,26.84859,0.625396,1.0,1,259.095181,scenario_003,long
5663,207,19.95063,0.630487,0.442652,0,309.711143,scenario_003,long
5664,207,21.612921,0.363029,0.226598,0,277.791308,scenario_003,medium
5665,207,2.225314,0.56334,1.0,0,219.345431,scenario_003,short
5666,207,2.156239,0.404295,0.050882,1,211.865585,scenario_003,short
5667,207,36.540607,0.736847,0.346941,1,297.665024,scenario_003,long
5668,207,0.953985,0.166314,0.645978,0,212.107142,scenario_003,short
5669,207,1.884201,0.368173,0.318005,1,212.636863,scenario_003,short
5670,207,2.417749,0.093217,0.251975,0,215.456795,scenario_003,short
5671,207,0.802475,0.27449,0.329208,1,208.749997,scenario_003,short
5672,207,9.979889,0.660435,0.432098,0,242.126951,scenario_003,medium
5673,207,12.121269,0.659917,0.915199,0,274.817061,scenario_003,medium
5674,207,1.993519,0.418177,0.893117,0,214.966785,scenario_003,short
5675,207,0.92894,0.098889,0.915718,2,208.57654,scenario_003,short
5676,207,23.204256,0.947562,0.550704,2,243.82117,scenario_003,long
5677,207,11.148864,0.615271,0.661477,0,259.393299,scenario_003,medium
5678,207,1.394183,0.785769,0.264911,2,209.499606,scenario_003,short
5679,207,1.240277,0.332734,1.0,0,213.133699,scenario_003,short
5680,207,10.336114,0.635797,0.593012,0,258.15158,scenario_003,medium
5681,207,9.352986,0.161785,0.410845,1,225.541532,scenario_003,medium
5682,207,0.776124,0.636818,0.462158,1,208.994282,scenario_003,short
5683,207,1.195928,0.397472,0.305071,1,209.104423,scenario_003,short
5684,207,7.584242,0.787541,0.168422,0,231.801408,scenario_003,medium
5685,207,8.053631,0.225532,0.554103,0,250.346958,scenario_003,medium
5686,207,1.40291,0.327443,0.419165,2,209.339908,scenario_003,short
5687,207,1.351668,0.156372,0.613009,1,210.455292,scenario_003,short
5688,207,1.568436,0.659623,0.684355,2,209.776716,scenario_003,short
5689,207,8.440439,0.649328,0.637463,1,221.730372,scenario_003,medium
5690,207,19.553881,0.797246,1.0,1,263.626594,scenario_003,long
5691,207,1.832425,0.237493,0.455762,0,213.044815,scenario_003,short
5692,207,2.135776,0.124667,0.11842,1,210.518578,scenario_003,short
5693,207,1.265564,0.302057,0.173337,1,209.441991,scenario_003,short
5694,207,1.89826,0.191307,0.183292,0,217.441827,scenario_003,short
5695,207,7.382692,0.213632,0.664669,1,227.991428,scenario_003,medium
5696,207,14.433093,0.92088,0.334504,0,262.604358,scenario_003,long
5697,207,48.332668,0.790112,0.509893,1,339.974396,scenario_003,long
5698,207,1.148822,0.185814,0.867445,1,210.067106,scenario_003,short
5699,207,1.042921,0.73051,0.515801,0,212.816987,scenario_003,short
5700,207,3.092835,0.17609,0.350725,0,222.58396,scenario_003,short
5701,207,10.432305,0.878733,0.258774,0,253.251973,scenario_003,medium
5702,207,1.313221,0.35155,0.19802,2,209.564983,scenario_003,short
5703,207,10.953766,0.409702,0.785274,0,267.574344,scenario_003,long
5704,207,17.4768,0.633613,0.234399,1,247.099957,scenario_003,medium
5705,207,1.478938,0.715022,0.050937,1,210.94424,scenario_003,short
5706,207,7.963608,0.284173,0.803094,1,221.571162,scenario_003,medium
5707,207,20.790998,0.296254,0.306963,1,248.559735,scenario_003,long
5708,207,19.721179,0.253865,0.469518,0,304.313738,scenario_003,medium
5709,207,0.615641,0.377412,0.481461,0,209.266013,scenario_003,short
5710,207,1.156467,0.103062,0.595504,1,208.909748,scenario_003,short
5711,207,9.368174,0.642117,1.0,1,223.536973,scenario_003,medium
5712,207,1.30823,0.629,0.229539,0,212.030305,scenario_003,short
5713,207,0.9108,0.371188,0.571276,1,209.717404,scenario_003,short
5714,207,23.556836,0.476133,0.50085,2,239.697555,scenario_003,medium
5715,207,1.079251,0.489693,0.838379,2,208.727782,scenario_003,short
5716,207,0.983199,0.166609,0.395948,1,209.626355,scenario_003,short
5717,207,4.676463,0.683544,0.12678,2,214.499705,scenario_003,medium
5718,207,1.17381,0.181407,0.892846,0,212.253139,scenario_003,short
5719,207,1.132214,0.369885,0.721745,0,211.748072,scenario_003,short
5720,207,1.599099,0.48915,0.669681,0,215.349782,scenario_003,short
5721,207,1.560007,0.275896,0.416933,1,211.053915,scenario_003,short
5722,207,9.102115,0.5595,0.536258,1,224.981095,scenario_003,medium
5723,207,1.188385,0.072096,0.839364,2,208.429156,scenario_003,short
5724,207,9.00788,0.173335,0.533461,0,237.189432,scenario_003,medium
5725,207,1.281295,0.117902,0.294782,0,213.736939,scenario_003,short
5726,207,1.630536,0.09831,0.366391,0,215.324487,scenario_003,short
5727,207,1.813912,0.441069,0.36791,0,213.201645,scenario_003,short
5728,207,1.692167,0.384877,0.343649,0,214.536124,scenario_003,short
5729,207,24.322179,0.908977,0.913578,1,252.920481,scenario_003,long
5730,207,2.27984,0.10899,0.920361,0,214.885707,scenario_003,short
5731,207,6.185869,0.547549,0.209382,1,222.193889,scenario_003,medium
5732,207,2.1669,0.402724,0.654039,2,210.545875,scenario_003,short
5733,207,6.864066,0.579125,0.178355,0,239.134978,scenario_003,medium
5734,207,8.507505,0.231561,0.181457,2,219.736442,scenario_003,medium
5735,207,1.239484,0.373746,0.482922,0,212.449506,scenario_003,short
5736,207,28.362059,0.908794,0.674483,0,347.279677,scenario_003,long
5737,207,1.294341,0.490477,0.656372,2,209.236685,scenario_003,short
5738,207,1.750579,0.31813,0.423416,0,215.38464,scenario_003,short
5739,207,10.950699,0.498908,0.546924,0,248.277584,scenario_003,medium
5740,208,17.961719,0.164996,1.0,0,268.727677,scenario_003,medium
5741,208,33.5249,0.781597,0.835915,0,350.19074,scenario_003,long
5742,208,0.819286,0.385908,0.872806,0,212.133034,scenario_003,short
5743,208,17.99719,0.212041,0.95221,0,283.27765,scenario_003,medium
5744,208,12.984448,0.536115,0.847487,0,271.181126,scenario_003,medium
5745,208,1.867215,0.061775,0.578002,0,215.185358,scenario_003,short
5746,208,0.990385,0.22451,0.096364,0,212.606338,scenario_003,short
5747,208,1.287753,0.460111,0.330512,0,212.715702,scenario_003,short
5748,208,13.406873,0.53595,0.208882,1,240.961533,scenario_003,medium
5749,208,1.127872,0.067434,0.566937,0,212.658877,scenario_003,short
5750,208,2.416355,0.235273,0.474594,1,213.103472,scenario_003,short
5751,208,7.743535,0.614497,0.734192,0,244.939613,scenario_003,medium
5752,208,14.768285,0.483969,0.627659,0,281.054017,scenario_003,medium
5753,208,1.709564,0.154212,0.799393,0,213.814644,scenario_003,short
5754,208,2.539318,0.44855,0.108558,0,218.372966,scenario_003,short
5755,208,1.228786,0.176761,0.629547,0,214.927668,scenario_003,short
5756,208,8.905566,0.56205,0.500954,1,223.957723,scenario_003,long
5757,208,29.647197,0.610794,0.065092,0,335.238694,scenario_003,long
5758,208,0.712999,0.540697,0.441752,1,209.7396,scenario_003,short
5759,208,1.560491,0.36018,0.286379,0,212.927672,scenario_003,short
5760,208,1.469183,0.434822,1.0,2,210.190177,scenario_003,short
5761,208,0.929414,0.676807,0.572452,0,211.913794,scenario_003,short
5762,208,11.600847,0.379843,0.882866,1,228.387029,scenario_003,medium
5763,208,11.064552,0.994255,0.538342,0,249.336099,scenario_003,medium
5764,208,2.353561,0.443603,0.274479,0,219.504898,scenario_003,short
5765,208,14.356446,0.634313,0.51636,0,274.089765,scenario_003,medium
5766,208,1.525507,0.061771,0.402465,0,216.474591,scenario_003,short
5767,208,1.271249,0.400657,0.246573,2,209.544136,scenario_003,short
5768,208,10.714823,0.632004,0.450487,0,250.597206,scenario_003,medium
5769,208,1.313626,0.148434,0.145798,0,214.27306,scenario_003,short
5770,208,1.801584,0.287347,0.801428,1,213.018597,scenario_003,short
5771,208,0.95174,0.100601,0.296695,0,212.196511,scenario_003,short
5772,208,1.407196,0.133286,0.912638,0,212.747186,scenario_003,short
5773,208,0.876363,0.71127,0.924698,0,211.583341,scenario_003,short
5774,208,0.89959,0.449444,0.298635,0,211.192952,scenario_003,short
5775,208,1.537147,0.396952,0.507726,1,211.18511,scenario_003,short
5776,208,2.01625,0.420877,0.703864,0,214.664842,scenario_003,short
5777,208,9.369797,0.738226,0.439205,1,226.318132,scenario_003,medium
5778,208,1.382111,0.444617,0.536086,1,210.457225,scenario_003,short
5779,208,1.184833,0.064785,0.959101,1,211.220918,scenario_003,short
5780,208,1.595864,0.419911,0.473733,0,213.209214,scenario_003,short
5781,208,0.69268,0.573259,0.807873,0,210.372046,scenario_003,short
5782,208,1.443399,0.389068,0.316596,0,214.797988,scenario_003,short
5783,208,5.00728,0.300827,0.529498,2,216.090158,scenario_003,medium
5784,208,9.828685,0.887145,0.708213,0,255.418863,scenario_003,medium
5785,208,8.534008,1.0,0.832974,0,247.107599,scenario_003,medium
5786,208,15.879436,0.431185,0.75355,1,246.161771,scenario_003,medium
5787,208,1.749117,0.206291,0.368866,0,215.329364,scenario_003,short
5788,208,1.750445,0.716565,0.63197,1,212.372457,scenario_003,short
5789,208,13.308156,0.665521,0.410968,0,249.40449,scenario_003,medium
5790,208,0.939912,0.243203,1.0,0,212.095498,scenario_003,short
5791,208,6.318054,0.630505,0.759249,1,220.507883,scenario_003,medium
5792,208,1.789642,0.070107,0.244129,1,212.50766,scenario_003,short
5793,208,14.222096,0.536895,1.0,1,239.166108,scenario_003,medium
5794,208,10.021494,0.533868,0.659469,0,242.955362,scenario_003,medium
5795,208,7.681459,0.448346,0.134503,2,220.27282,scenario_003,medium
5796,208,22.344594,0.818688,1.0,1,244.94412,scenario_003,long
5797,208,14.113728,0.688556,0.434979,2,235.146625,scenario_003,medium
5798,208,1.465126,0.149376,0.571133,2,210.638005,scenario_003,short
5799,208,2.084766,0.398349,0.284886,0,216.400574,scenario_003,short
5800,208,24.158355,0.680547,0.443649,2,242.019633,scenario_003,medium
5801,208,1.230959,0.397932,0.262953,1,210.951202,scenario_003,short
5802,208,2.61061,0.169092,1.0,1,213.098832,scenario_003,short
5803,208,9.551652,0.269051,0.281313,0,244.933569,scenario_003,medium
5804,208,1.465565,0.183805,0.493054,0,212.960481,scenario_003,short
5805,208,1.001358,0.165742,0.590809,0,212.248184,scenario_003,short
5806,208,18.692529,0.989783,0.712753,0,273.764113,scenario_003,long
5807,208,0.984598,0.109559,0.540913,0,213.333186,scenario_003,short
5808,208,25.44145,0.519617,0.39808,1,268.03474,scenario_003,medium
5809,208,1.055419,0.11949,0.635118,0,212.647593,scenario_003,short
5810,208,1.568742,0.274419,0.380034,1,212.558281,scenario_003,short
5811,208,0.929931,0.832474,0.797698,1,209.905165,scenario_003,short
5812,208,1.169547,0.635079,0.882599,1,211.272084,scenario_003,short
5813,208,1.93355,0.198585,0.916547,1,211.863646,scenario_003,short
5814,208,13.888638,0.309723,0.154998,0,273.3044,scenario_003,medium
5815,208,1.128645,0.418608,0.642043,1,211.377638,scenario_003,short
5816,208,16.368078,1.0,0.831352,0,294.618157,scenario_003,long
5817,208,7.337899,0.480782,0.578328,0,244.755647,scenario_003,medium
5818,208,1.019194,0.396993,0.763425,1,209.995043,scenario_003,short
5819,208,1.373061,0.65694,0.740065,0,213.019107,scenario_003,short
5820,208,1.205876,0.649547,0.852907,1,210.99031,scenario_003,short
5821,208,1.610057,0.275145,0.145566,1,211.798602,scenario_003,short
5822,208,1.450083,0.437555,0.190755,0,212.479564,scenario_003,short
5823,208,17.261318,0.537108,0.639279,0,303.57204,scenario_003,medium
5824,208,1.694325,0.082072,0.512745,0,217.142111,scenario_003,short
5825,208,8.558057,0.794176,0.190084,1,228.359324,scenario_003,medium
5826,208,22.14609,0.584719,0.777755,2,245.322105,scenario_003,long
5827,208,1.187452,0.234884,0.405313,0,212.736735,scenario_003,short
5828,208,1.174116,0.69882,0.906123,1,211.160843,scenario_003,short
5829,208,1.426421,0.242333,0.35987,0,212.945866,scenario_003,short
5830,208,1.31177,0.204255,0.749008,2,210.153691,scenario_003,short
5831,208,5.889647,0.203138,0.651384,0,240.833793,scenario_003,medium
5832,208,3.164487,0.265301,0.483485,0,220.585563,scenario_003,short
5833,208,31.364833,0.58517,0.976614,2,254.988972,scenario_003,long
5834,208,1.47804,0.230986,0.908017,0,213.637114,scenario_003,short
5835,208,1.848474,0.337949,0.379689,1,212.746759,scenario_003,short
5836,208,15.294183,0.332425,0.930767,0,277.730044,scenario_003,medium
5837,208,7.952546,0.12423,0.129946,0,249.837961,scenario_003,medium
5838,208,2.850005,0.256614,0.617799,1,215.863463,scenario_003,short
5839,209,1.644315,0.518305,1.0,1,213.603582,scenario_003,short
5840,209,0.909698,0.742893,0.527378,0,213.526795,scenario_003,short
5841,209,1.660373,0.112694,0.852197,1,213.878803,scenario_003,short
5842,209,1.067044,0.429144,0.475591,0,212.755671,scenario_003,short
5843,209,3.956603,0.438497,0.691477,1,217.893269,scenario_003,short
5844,209,26.41784,0.556927,0.789436,1,255.173014,scenario_003,medium
5845,209,1.364062,0.142505,0.214744,0,213.311078,scenario_003,short
5846,209,8.714821,0.700146,0.984179,0,240.012012,scenario_003,medium
5847,209,0.739823,0.168308,0.75832,0,211.296898,scenario_003,short
5848,209,1.390931,0.330612,0.24489,2,211.071612,scenario_003,short
5849,209,28.654042,0.761514,1.0,0,357.405708,scenario_003,long
5850,209,0.87491,0.053607,0.180479,1,210.809745,scenario_003,short
5851,209,1.185128,0.304683,1.0,0,214.740948,scenario_003,short
5852,209,1.304541,0.421968,1.0,0,214.563636,scenario_003,short
5853,209,13.417465,0.661382,0.696569,1,233.921886,scenario_003,medium
5854,209,8.215985,0.493084,0.852216,1,230.614835,scenario_003,medium
5855,209,16.439072,0.443853,0.841341,0,268.849022,scenario_003,long
5856,209,1.671551,0.186962,0.943834,0,214.875072,scenario_003,short
5857,209,1.112206,0.121557,0.441355,1,211.190018,scenario_003,short
5858,209,1.025388,0.449939,0.511571,1,211.01228,scenario_003,short
5859,209,1.937123,0.061439,1.0,1,213.723793,scenario_003,short
5860,209,0.777852,0.117008,0.896508,0,212.00244,scenario_003,short
5861,209,0.723823,0.165603,0.67897,0,211.418758,scenario_003,short
5862,209,8.437956,0.309233,0.627512,1,228.256645,scenario_003,medium
5863,209,1.358959,0.592503,1.0,2,211.2521,scenario_003,short
5864,209,1.681923,0.245501,0.464379,0,215.656451,scenario_003,short
5865,209,1.497409,0.601605,0.082042,1,212.651519,scenario_003,short
5866,209,1.464427,0.332855,0.483171,0,216.660035,scenario_003,short
5867,209,1.365613,0.441823,0.751139,2,210.928565,scenario_003,short
5868,209,0.999481,0.326945,0.711245,1,210.677647,scenario_003,short
5869,209,2.078648,0.256886,0.08584,2,212.151759,scenario_003,short
5870,209,1.071101,0.579773,0.833814,1,212.130927,scenario_003,short
5871,209,12.631699,0.496368,0.627815,0,263.873156,scenario_003,long
5872,209,8.244645,0.150472,0.723598,0,238.032403,scenario_003,medium
5873,209,26.541903,0.329493,0.395842,0,316.932133,scenario_003,medium
5874,209,13.342219,0.540982,0.38016,1,246.343259,scenario_003,medium
5875,209,0.623842,0.306606,0.863234,2,210.045483,scenario_003,short
5876,209,1.123,0.104851,0.330376,1,211.720109,scenario_003,short
5877,209,11.659385,0.678127,0.390703,0,250.14875,scenario_003,medium
5878,209,0.970327,0.324553,0.503758,0,213.748403,scenario_003,short
5879,209,1.884523,0.482954,0.566979,2,212.445846,scenario_003,short
5880,209,7.105679,0.231569,0.522172,0,234.848032,scenario_003,medium
5881,209,1.209256,0.649484,0.339326,0,214.73927,scenario_003,short
5882,209,7.452218,0.453208,0.916448,1,221.358318,scenario_003,medium
5883,209,1.45705,0.26491,0.745099,1,211.551332,scenario_003,short
5884,209,1.198882,0.596678,0.377955,0,214.256387,scenario_003,short
5885,209,1.327671,0.396659,0.69963,0,215.936315,scenario_003,short
5886,209,13.186711,0.422077,1.0,2,225.38544,scenario_003,medium
5887,209,8.749822,0.352979,0.179125,0,250.593526,scenario_003,medium
5888,209,1.673681,0.07138,0.811265,0,218.461252,scenario_003,short
5889,209,8.527889,0.225317,0.734382,0,247.80322,scenario_003,medium
5890,209,1.034738,0.080046,0.31216,1,210.890279,scenario_003,short
5891,209,2.157908,0.333754,0.719501,0,217.137996,scenario_003,short
5892,209,0.942686,0.091146,0.36167,0,212.398123,scenario_003,short
5893,209,19.485644,0.707423,0.89876,2,233.735041,scenario_003,medium
5894,209,15.700662,0.40663,0.567157,1,252.352381,scenario_003,medium
5895,209,1.256368,0.514141,0.359735,0,214.707346,scenario_003,short
5896,209,1.4047,0.148734,0.079999,1,211.746701,scenario_003,short
5897,209,1.146253,0.403625,0.605538,0,214.24942,scenario_003,short
5898,209,10.106416,0.604358,0.720776,0,241.422017,scenario_003,medium
5899,209,1.723951,0.187042,0.315864,0,214.883289,scenario_003,short
5900,209,1.212956,0.819314,0.594237,2,210.451459,scenario_003,short
5901,209,3.419511,0.357926,0.705239,0,220.219779,scenario_003,short
5902,209,10.988554,0.291477,0.138588,2,226.5306,scenario_003,long
5903,209,14.071692,0.467341,0.796612,1,240.481496,scenario_003,medium
5904,209,1.185631,0.152022,0.746026,1,211.288527,scenario_003,short
5905,209,1.141179,0.423717,0.532384,0,212.610474,scenario_003,short
5906,209,2.798575,0.050066,0.846401,1,214.459028,scenario_003,short
5907,209,2.076112,0.308473,0.775195,1,214.861356,scenario_003,short
5908,209,1.254415,0.332859,0.783585,1,211.192849,scenario_003,short
5909,209,1.721341,0.10597,0.275051,0,217.257643,scenario_003,short
5910,209,14.612339,0.441734,0.145784,1,236.293269,scenario_003,medium
5911,209,15.124846,0.33616,0.821562,2,226.778081,scenario_003,medium
5912,209,1.955361,0.639165,0.101614,1,214.70457,scenario_003,short
5913,209,1.120515,0.339422,0.291227,1,212.372991,scenario_003,short
5914,209,11.644015,0.283453,0.85388,1,228.533083,scenario_003,medium
5915,209,2.08171,0.308214,0.35649,1,214.234894,scenario_003,short
5916,209,6.161267,0.763366,0.336741,0,239.68432,scenario_003,medium
5917,209,1.270941,0.073323,0.653139,0,216.136597,scenario_003,short
5918,209,1.510882,0.40647,0.940742,2,211.399092,scenario_003,short
5919,209,14.488841,0.476267,0.305176,0,272.7059,scenario_003,medium
5920,209,2.551298,0.340095,0.387356,2,213.137156,scenario_003,short
5921,209,2.97699,0.282239,0.72662,2,214.017083,scenario_003,short
5922,209,12.032126,0.486355,0.459237,0,261.913124,scenario_003,medium
5923,209,18.197825,0.487696,0.938216,0,277.886097,scenario_003,long
5924,209,12.921249,1.0,0.319753,0,252.527154,scenario_003,long
5925,209,5.839093,0.591609,0.928017,0,228.732645,scenario_003,medium
5926,209,12.044809,0.219316,0.724101,2,228.402472,scenario_003,medium
5927,209,1.815445,0.347531,0.213415,0,217.051006,scenario_003,short
5928,209,1.265216,0.348917,0.647322,0,214.932293,scenario_003,short
5929,209,6.567064,0.222766,0.3947,1,222.100832,scenario_003,medium
5930,209,1.742657,0.22516,0.738502,1,213.602922,scenario_003,short
5931,209,2.115714,0.576302,0.868482,1,215.019872,scenario_003,short
5932,209,13.791959,0.442976,0.725558,2,235.036724,scenario_003,medium
5933,209,2.784697,0.436261,0.184701,1,216.893527,scenario_003,short
5934,209,1.769978,0.304256,0.162256,0,215.660448,scenario_003,short
5935,209,1.000149,0.42301,0.430905,0,212.370396,scenario_003,short
5936,209,1.436208,0.221574,0.689416,0,216.421501,scenario_003,short
5937,209,10.661935,0.491955,0.776014,0,254.439622,scenario_003,medium
5938,210,6.427383,0.882507,0.511361,2,221.118247,scenario_003,medium
5939,210,18.539285,0.420712,0.678707,2,245.024915,scenario_003,medium
5940,210,17.390189,0.340069,0.512908,0,302.60023,scenario_003,medium
5941,210,1.352354,0.42002,0.809689,1,213.503531,scenario_003,short
5942,210,1.321964,0.194999,0.584181,0,214.532648,scenario_003,short
5943,210,2.866438,0.439392,0.992144,0,223.840404,scenario_003,short
5944,210,10.98856,0.751893,0.973883,0,257.047065,scenario_003,long
5945,210,1.924991,0.46727,0.535374,1,213.448151,scenario_003,short
5946,210,15.347702,0.135768,0.05,2,235.710637,scenario_003,medium
5947,210,1.184455,0.347812,0.386118,1,212.2621,scenario_003,short
5948,210,31.322807,0.646797,0.206497,1,298.884752,scenario_003,long
5949,210,17.827799,0.706555,0.558277,0,296.841231,scenario_003,long
5950,210,13.259277,0.581748,0.321772,2,226.987081,scenario_003,medium
5951,210,1.898258,0.093429,0.680558,1,213.990356,scenario_003,short
5952,210,12.272148,0.340683,0.293245,0,275.421251,scenario_003,medium
5953,210,20.947883,0.216901,0.29174,0,324.884452,scenario_003,medium
5954,210,1.837591,0.394296,0.261952,0,216.347433,scenario_003,short
5955,210,1.707045,0.322394,0.211811,0,218.567177,scenario_003,short
5956,210,1.228301,0.472046,0.606566,0,215.044777,scenario_003,short
5957,210,0.699502,0.363969,0.463799,1,211.963595,scenario_003,short
5958,210,0.958909,0.195204,0.572026,1,212.622665,scenario_003,short
5959,210,16.705956,0.494579,0.706863,0,299.611574,scenario_003,medium
5960,210,1.528743,0.64191,0.662172,0,215.900479,scenario_003,short
5961,210,2.201159,0.359471,0.867122,2,213.040276,scenario_003,short
5962,210,0.924809,0.122007,0.862473,0,214.764121,scenario_003,short
5963,210,0.866588,0.464984,0.282865,0,212.985436,scenario_003,short
5964,210,1.761386,0.341242,0.46528,0,215.92102,scenario_003,short
5965,210,2.291548,0.525856,0.197957,0,220.339455,scenario_003,short
5966,210,0.922169,0.619261,0.660817,0,214.341673,scenario_003,short
5967,210,2.096364,0.792605,0.246696,1,214.870785,scenario_003,short
5968,210,4.991144,0.596509,0.210012,0,237.395061,scenario_003,medium
5969,210,1.084724,0.252052,0.414026,0,213.765921,scenario_003,short
5970,210,8.283709,0.997235,0.308727,2,221.623094,scenario_003,medium
5971,210,1.452346,0.395609,0.882094,0,216.484208,scenario_003,short
5972,210,7.096291,0.227044,0.375081,0,235.047464,scenario_003,medium
5973,210,10.063435,0.44963,0.940757,0,263.851831,scenario_003,medium
5974,210,15.716736,0.570164,0.418303,0,264.254484,scenario_003,medium
5975,210,6.241711,0.479755,0.37009,1,226.40103,scenario_003,medium
5976,210,1.16032,0.426461,0.891183,0,215.736842,scenario_003,short
5977,210,1.541862,0.551264,0.430931,1,213.250526,scenario_003,short
5978,210,15.094661,0.417205,0.810063,0,293.316054,scenario_003,long
5979,210,11.496144,0.484448,0.338434,0,272.807038,scenario_003,medium
5980,210,9.058862,0.982579,0.759611,0,260.392488,scenario_003,long
5981,210,1.714568,0.301265,0.87669,0,217.901333,scenario_003,short
5982,210,1.697735,0.302893,0.286242,0,216.104084,scenario_003,short
5983,210,11.699851,0.412487,0.065456,0,267.422237,scenario_003,medium
5984,210,0.881281,0.708826,0.573884,0,214.212539,scenario_003,short
5985,210,0.823647,0.194396,0.715126,1,211.528491,scenario_003,short
5986,210,18.293594,0.634743,0.371972,0,293.822339,scenario_003,medium
5987,210,14.347917,0.881203,1.0,0,255.555025,scenario_003,medium
5988,210,1.228953,0.451612,0.49133,0,215.711178,scenario_003,short
5989,210,9.082059,0.30108,0.897001,0,247.657211,scenario_003,medium
5990,210,1.068992,0.300114,0.710725,0,214.350567,scenario_003,short
5991,210,1.373326,0.330744,0.420409,1,213.335158,scenario_003,short
5992,210,1.040429,0.828095,0.671863,0,213.79333,scenario_003,short
5993,210,15.062141,0.42741,0.410476,1,250.165963,scenario_003,medium
5994,210,0.815826,0.425858,0.251828,1,212.27205,scenario_003,short
5995,210,1.258127,0.254359,1.0,2,212.276296,scenario_003,short
5996,210,1.724185,0.330596,0.277544,1,214.847682,scenario_003,short
5997,210,1.041405,0.132355,0.755081,1,212.948569,scenario_003,short
5998,210,1.317217,0.442064,0.260637,2,212.170344,scenario_003,short
5999,210,1.423327,0.186162,0.940244,2,212.632981,scenario_003,short
6000,210,1.425111,0.301697,0.239303,0,214.806624,scenario_003,short
6001,210,1.676087,0.337413,0.661443,2,213.199606,scenario_003,short
6002,210,1.025549,0.230441,0.974716,0,215.595593,scenario_003,short
6003,210,1.421319,0.104177,0.830116,0,215.267864,scenario_003,short
6004,210,11.841965,0.559302,0.231246,0,255.434945,scenario_003,medium
6005,210,2.023611,0.275048,0.412448,1,216.074002,scenario_003,short
6006,210,19.423964,0.480748,0.681759,0,287.087481,scenario_003,medium
6007,210,0.998632,0.127561,0.403528,2,211.548735,scenario_003,short
6008,210,11.949521,0.559675,0.62771,1,240.544712,scenario_003,medium
6009,210,1.442439,0.237812,0.13454,2,212.861189,scenario_003,short
6010,210,1.621145,0.213996,0.26795,0,215.09543,scenario_003,short
6011,210,1.232008,0.631186,0.628166,1,213.081227,scenario_003,short
6012,210,7.680718,0.756068,0.241706,0,253.274678,scenario_003,medium
6013,210,1.68771,0.070792,0.372114,0,218.559476,scenario_003,short
6014,210,5.746579,0.307221,0.151152,2,218.940855,scenario_003,medium
6015,210,1.314769,0.078432,0.637296,1,213.357834,scenario_003,short
6016,210,1.384727,0.240108,0.491469,2,211.813178,scenario_003,short
6017,210,1.504934,0.23172,0.759513,0,216.466479,scenario_003,short
6018,210,13.797938,0.522247,0.632157,1,241.396364,scenario_003,medium
6019,210,14.574694,0.32242,0.307365,0,259.585037,scenario_003,medium
6020,210,0.826432,0.157135,0.061751,2,211.40794,scenario_003,short
6021,210,1.380458,0.335302,0.557314,0,217.772896,scenario_003,short
6022,210,49.60344,0.570106,0.716443,1,307.789701,scenario_003,medium
6023,210,0.833508,0.070381,0.05,0,214.668496,scenario_003,short
6024,210,14.855701,0.627828,0.769692,0,266.140414,scenario_003,medium
6025,210,1.676507,0.301455,0.53904,0,218.608612,scenario_003,short
6026,210,1.019388,0.581073,0.613991,0,215.709521,scenario_003,short
6027,210,55.498255,1.0,0.535866,1,331.387917,scenario_003,long
6028,210,20.090203,0.648001,0.705266,1,267.018363,scenario_003,medium
6029,210,1.273466,0.414898,0.891823,1,213.781992,scenario_003,short
6030,210,1.351911,0.146871,0.214452,0,217.545091,scenario_003,short
6031,210,2.389589,0.349583,0.689378,0,222.716439,scenario_003,short
6032,210,0.906919,0.310449,0.326145,1,211.93485,scenario_003,short
6033,210,2.14338,0.26443,0.444809,1,214.218777,scenario_003,short
6034,210,1.456694,0.666846,0.749345,1,213.478857,scenario_003,short
6035,210,8.058203,0.909985,0.384149,0,245.539906,scenario_003,medium
6036,210,0.799437,0.299198,0.154417,0,213.703124,scenario_003,short
6037,210,0.871004,0.219968,0.252303,2,211.293376,scenario_003,short
6038,210,25.902232,0.818573,0.586235,2,244.298392,scenario_003,long
6039,210,30.958732,0.582684,0.771369,1,264.191771,scenario_003,long
6040,210,2.746422,0.354095,0.646202,1,216.495448,scenario_003,short
6041,210,1.850244,0.411878,0.990547,0,219.211803,scenario_003,short
6042,210,0.830183,0.714766,0.338483,1,212.295027,scenario_003,short
6043,210,1.22798,0.305899,0.406303,0,213.819107,scenario_003,short
6044,210,1.068782,0.055663,1.0,2,211.205821,scenario_003,short
6045,210,1.255142,0.262747,0.528804,2,211.379346,scenario_003,short
6046,210,1.04942,0.562192,0.838821,0,214.706698,scenario_003,short
6047,210,1.649135,0.56767,0.733972,2,212.272938,scenario_003,short
6048,210,0.965432,0.618216,1.0,1,211.591989,scenario_003,short
6049,210,0.862675,0.299168,1.0,0,213.82087,scenario_003,short
6050,210,1.68871,0.300956,0.247611,0,216.293728,scenario_003,short
6051,210,0.987192,0.367556,0.568697,0,215.498739,scenario_003,short
6052,210,18.650982,1.0,0.3566,0,294.160004,scenario_003,long
6053,210,9.171792,0.643427,0.481128,0,244.694276,scenario_003,medium
6054,210,1.597613,0.065797,0.448676,0,219.030472,scenario_003,short
6055,210,9.765612,0.159343,0.545897,1,229.398996,scenario_003,medium
6056,210,1.570701,0.419004,0.306679,1,213.532304,scenario_003,short
6057,210,10.913113,0.186908,0.653517,0,265.390155,scenario_003,medium
6058,211,0.647748,0.106924,0.305498,0,213.932287,scenario_003,short
6059,211,2.5181,0.206231,0.180136,0,224.651936,scenario_003,short
6060,211,1.07457,0.224334,0.09656,0,216.971017,scenario_003,short
6061,211,12.78979,0.525179,0.591959,1,238.53283,scenario_003,medium
6062,211,1.473186,0.334351,0.05,2,213.491649,scenario_003,short
6063,211,10.731452,0.55352,0.576716,1,239.932413,scenario_003,medium
6064,211,4.706466,0.543529,0.336988,1,223.362448,scenario_003,medium
6065,211,35.988048,0.26771,1.0,1,274.320483,scenario_003,medium
6066,211,17.272924,0.496675,1.0,0,281.06373,scenario_003,medium
6067,211,0.911469,0.38935,1.0,0,216.141848,scenario_003,short
6068,211,19.47892,0.148758,1.0,2,240.564204,scenario_003,medium
6069,211,21.343628,0.884608,1.0,0,281.843348,scenario_003,long
6070,211,8.673289,0.229088,0.510972,1,227.87795,scenario_003,medium
6071,211,0.864271,0.534495,0.933988,0,213.738112,scenario_003,short
6072,211,1.659173,0.136416,0.782236,0,219.667034,scenario_003,short
6073,211,16.104793,0.60507,0.571991,1,250.482531,scenario_003,long
6074,211,1.365461,0.293192,0.534719,2,212.856079,scenario_003,short
6075,211,8.431127,0.202326,0.734411,1,229.866607,scenario_003,medium
6076,211,3.272374,0.213182,0.618837,0,227.444949,scenario_003,short
6077,211,8.401612,0.614469,0.605834,0,237.19416,scenario_003,medium
6078,211,17.077205,0.126249,0.612504,0,301.715127,scenario_003,medium
6079,211,1.301893,0.480233,0.604657,0,216.39981,scenario_003,short
6080,211,2.7342,0.553694,0.34921,2,215.898457,scenario_003,short
6081,211,0.828578,0.146107,0.078771,2,212.019813,scenario_003,short
6082,211,1.787885,0.13064,0.452799,2,213.37265,scenario_003,short
6083,211,6.741893,0.5151,0.474322,1,225.066446,scenario_003,medium
6084,211,2.212273,0.447553,0.667891,1,217.548378,scenario_003,short
6085,211,1.50973,0.341082,1.0,1,213.918693,scenario_003,short
6086,211,11.388013,0.783725,0.595017,0,261.12955,scenario_003,medium
6087,211,1.058885,0.274459,0.928543,2,212.454782,scenario_003,short
6088,211,1.428614,0.27707,0.506929,0,217.968972,scenario_003,short
6089,211,1.534015,0.299423,0.235867,0,219.069107,scenario_003,short
6090,211,1.08715,0.268325,0.891962,0,216.72423,scenario_003,short
6091,211,1.097203,0.235603,0.920313,0,216.898404,scenario_003,short
6092,211,6.268968,0.907377,0.205604,1,222.154769,scenario_003,long
6093,211,2.846981,0.257866,0.296913,0,223.570909,scenario_003,short
6094,211,7.548967,0.684231,0.320527,0,245.342809,scenario_003,medium
6095,211,1.600911,0.323645,0.052346,2,213.753752,scenario_003,short
6096,211,1.248295,0.176563,0.212049,0,217.161402,scenario_003,short
6097,211,1.634112,0.273567,0.387034,2,213.62039,scenario_003,short
6098,211,1.669353,0.225197,0.666211,1,215.57936,scenario_003,short
6099,211,19.846846,0.562878,0.767398,1,263.255818,scenario_003,medium
6100,211,12.470728,0.245864,0.433892,1,239.144472,scenario_003,medium
6101,211,10.001308,0.577852,0.517217,1,240.42438,scenario_003,medium
6102,211,1.258304,0.437896,0.722987,1,213.580216,scenario_003,short
6103,211,1.411851,0.700809,0.292982,0,216.250744,scenario_003,short
6104,211,26.452931,0.323036,0.778932,0,307.810326,scenario_003,medium
6105,211,18.398468,0.472231,0.852355,1,241.535742,scenario_003,medium
6106,211,5.722647,0.486519,0.384384,0,235.151616,scenario_003,medium
6107,211,13.261906,0.633359,0.938181,1,244.9662,scenario_003,medium
6108,211,12.274106,0.652221,0.474451,1,246.141145,scenario_003,medium
6109,211,0.556362,0.105855,0.440054,1,212.497858,scenario_003,short
6110,211,12.889977,0.36471,0.89888,0,261.955747,scenario_003,medium
6111,211,7.486074,0.933224,0.844849,1,228.008186,scenario_003,medium
6112,211,0.949641,0.083274,0.926146,0,215.23336,scenario_003,short
6113,211,10.753613,0.466014,0.274323,1,241.338218,scenario_003,medium
6114,211,111.242233,0.847885,0.331669,2,334.966081,scenario_003,long
6115,211,8.166262,0.523456,0.827191,0,238.559484,scenario_003,long
6116,211,1.025421,0.113932,0.141751,1,213.654476,scenario_003,short
6117,211,0.850038,0.400934,0.166329,1,212.418433,scenario_003,short
6118,211,5.958364,0.98344,1.0,1,228.703131,scenario_003,medium
6119,211,1.293615,0.584288,1.0,2,212.968372,scenario_003,short
6120,211,1.328649,0.275554,0.907709,2,213.114854,scenario_003,short
6121,211,1.639763,0.10892,0.942527,1,214.269328,scenario_003,short
6122,211,1.142943,0.060011,0.545047,2,212.382535,scenario_003,short
6123,211,1.546872,0.103832,0.591933,0,216.289478,scenario_003,short
6124,211,1.864728,0.402568,0.572956,0,219.328451,scenario_003,short
6125,211,19.276285,0.574918,0.445235,1,262.655252,scenario_003,medium
6126,211,1.948867,0.172994,0.14807,0,218.08486,scenario_003,short
6127,211,10.847991,0.324804,0.732085,0,268.4766,scenario_003,medium
6128,211,0.968434,0.276991,0.848114,2,212.212544,scenario_003,short
6129,211,1.137979,0.154538,0.602262,0,215.880273,scenario_003,short
6130,211,1.25657,0.202469,0.814128,1,213.969107,scenario_003,short
6131,211,6.358603,0.853312,0.730634,1,225.373056,scenario_003,medium
6132,211,2.19755,0.535186,0.271073,1,215.050271,scenario_003,short
6133,211,12.795713,0.642566,0.417787,0,256.745179,scenario_003,medium
6134,211,29.733481,1.0,0.260942,0,348.798196,scenario_003,long
6135,211,2.09324,0.132442,0.683059,0,217.790493,scenario_003,short
6136,211,0.528548,0.143576,0.640465,1,212.584419,scenario_003,short
6137,211,21.667635,0.521771,0.991583,0,318.426922,scenario_003,medium
6138,211,1.979877,0.54538,0.447199,0,217.290927,scenario_003,short
6139,211,0.993791,0.442681,0.095448,1,213.876202,scenario_003,short
6140,211,13.575002,0.728055,0.606733,0,268.037131,scenario_003,long
6141,211,1.406913,0.387067,0.595138,1,214.344755,scenario_003,short
6142,211,2.304396,0.378492,0.668154,0,220.67305,scenario_003,short
6143,211,2.06772,0.32406,0.182486,0,219.197845,scenario_003,short
6144,211,9.392521,0.694732,1.0,1,233.157357,scenario_003,medium
6145,211,1.380757,0.693518,0.486089,0,217.410844,scenario_003,short
6146,211,3.551879,0.350778,0.23575,0,225.418533,scenario_003,short
6147,211,1.694187,0.161279,0.214276,1,214.611497,scenario_003,short
6148,211,7.940812,0.523289,0.783375,0,242.221868,scenario_003,medium
6149,211,0.861094,0.311687,0.351314,0,215.732628,scenario_003,short
6150,211,0.825392,0.205088,0.277202,0,215.286672,scenario_003,short
6151,211,3.236723,0.460946,0.638604,1,218.709282,scenario_003,short
6152,211,0.98932,0.666366,0.575512,0,215.339119,scenario_003,short
6153,211,1.021442,0.179016,0.236122,1,213.867386,scenario_003,short
6154,211,1.311322,0.187158,0.294045,2,212.612923,scenario_003,short
6155,211,11.50203,0.78422,0.704916,1,234.361571,scenario_003,long
6156,211,19.91465,0.258203,0.633323,0,296.816817,scenario_003,medium
6157,211,11.470378,0.479989,0.534519,0,268.489397,scenario_003,long
6158,211,1.836752,0.390004,0.347436,0,221.262537,scenario_003,short
6159,211,3.060731,0.319311,0.195257,1,218.035025,scenario_003,short
6160,212,1.891828,0.247813,0.48967,0,220.597024,scenario_003,short
6161,212,0.692958,0.774622,0.293262,1,213.177427,scenario_003,short
6162,212,1.134942,0.304494,0.649895,1,214.224416,scenario_003,short
6163,212,7.543884,0.234991,0.554255,1,233.575214,scenario_003,medium
6164,212,12.824757,1.0,0.340578,0,270.012757,scenario_003,medium
6165,212,0.716097,0.506387,0.959512,0,214.659706,scenario_003,short
6166,212,8.824809,0.315001,0.805001,0,253.708397,scenario_003,medium
6167,212,2.117744,0.43918,0.624708,1,216.542163,scenario_003,short
6168,212,0.983597,0.114764,0.369362,1,214.103432,scenario_003,short
6169,212,1.062494,0.702763,0.760936,0,217.189457,scenario_003,short
6170,212,7.431319,0.843891,1.0,0,242.292511,scenario_003,long
6171,212,0.853969,0.244508,1.0,0,215.401459,scenario_003,short
6172,212,1.333764,0.310404,0.346349,0,218.620865,scenario_003,short
6173,212,10.863768,1.0,0.375934,0,255.655681,scenario_003,long
6174,212,1.378495,0.36626,0.254811,1,215.57963,scenario_003,short
6175,212,1.955672,0.277551,1.0,1,215.413795,scenario_003,short
6176,212,1.77269,0.085031,0.722672,0,219.893094,scenario_003,short
6177,212,15.647422,0.983486,0.783516,1,247.679939,scenario_003,medium
6178,212,0.868785,0.767728,0.431585,1,213.885682,scenario_003,short
6179,212,13.466556,0.397087,0.263773,0,287.010494,scenario_003,medium
6180,212,0.991628,0.281586,0.154441,0,216.3743,scenario_003,short
6181,212,1.294741,0.114924,0.55075,0,217.339989,scenario_003,short
6182,212,1.622037,0.175194,0.798167,2,214.006697,scenario_003,short
6183,212,2.009642,0.210868,0.911085,1,217.283352,scenario_003,short
6184,212,11.702411,0.692338,0.929793,0,265.957183,scenario_003,medium
6185,212,18.719848,0.352447,0.69077,0,315.158234,scenario_003,medium
6186,212,2.129019,0.252643,0.513479,1,218.100398,scenario_003,short
6187,212,9.239874,0.643933,0.529647,0,256.42603,scenario_003,medium
6188,212,16.262974,0.589022,0.07874,0,283.456531,scenario_003,medium
6189,212,1.298218,0.423019,0.516946,2,214.30955,scenario_003,short
6190,212,1.194613,0.768123,0.437511,0,218.364135,scenario_003,short
6191,212,11.160546,0.851523,0.356994,1,245.452043,scenario_003,medium
6192,212,1.507764,0.124042,0.891488,1,216.016403,scenario_003,short
6193,212,1.609343,0.200985,0.650533,0,219.08655,scenario_003,short
6194,212,15.848862,0.685648,0.655959,0,288.11758,scenario_003,medium
6195,212,1.8949,0.181361,0.60434,0,222.361605,scenario_003,short
6196,212,0.979737,0.287259,0.082502,1,214.377648,scenario_003,short
6197,212,1.062006,0.322574,0.717672,0,216.566755,scenario_003,short
6198,212,1.205575,0.151271,0.941067,1,214.940438,scenario_003,short
6199,212,1.563212,0.099629,0.749893,2,214.448995,scenario_003,short
6200,212,1.029057,0.166891,0.442561,2,213.247388,scenario_003,short
6201,212,1.298978,0.273857,0.741042,0,216.327093,scenario_003,short
6202,212,2.813671,0.440193,0.515945,1,218.553867,scenario_003,short
6203,212,1.76939,0.307673,0.226958,0,219.429093,scenario_003,short
6204,212,2.487765,0.423722,0.503169,1,218.310129,scenario_003,short
6205,212,1.316353,0.665286,0.481896,0,218.14318,scenario_003,short
6206,212,6.696137,0.539197,0.22916,1,225.143369,scenario_003,medium
6207,212,0.922721,0.381499,0.340179,0,215.039151,scenario_003,short
6208,212,1.54183,0.099518,0.531374,0,218.57296,scenario_003,short
6209,212,1.639467,0.294541,0.656834,0,219.470111,scenario_003,short
6210,212,1.520084,0.350181,0.15872,1,214.962741,scenario_003,short
6211,212,1.431634,0.219546,0.424609,0,220.082005,scenario_003,short
6212,212,1.202334,0.218751,0.557996,1,215.076417,scenario_003,short
6213,212,1.576279,0.525982,0.358722,0,217.815663,scenario_003,short
6214,212,4.294221,0.408448,0.690653,0,232.230583,scenario_003,short
6215,212,1.882998,0.1548,0.383465,1,216.449273,scenario_003,short
6216,212,1.528165,0.06278,0.882277,0,217.163965,scenario_003,short
6217,212,0.671207,0.075489,0.750481,0,214.125264,scenario_003,short
6218,212,9.193793,0.994908,0.204667,0,240.853863,scenario_003,medium
6219,212,1.249711,0.218952,0.887664,0,218.699262,scenario_003,short
6220,212,17.299593,0.1445,1.0,0,288.031874,scenario_003,medium
6221,212,1.140576,0.403046,0.880845,0,216.363102,scenario_003,short
6222,212,1.843909,0.426886,0.268876,1,217.331858,scenario_003,short
6223,212,1.80456,0.683375,0.841777,0,218.801607,scenario_003,short
6224,212,1.649815,0.135588,0.05,1,216.68922,scenario_003,short
6225,212,2.330636,0.113305,0.444456,0,219.364331,scenario_003,short
6226,212,0.890883,0.270179,0.911189,0,215.47566,scenario_003,short
6227,212,7.077492,0.495349,0.48138,1,233.145476,scenario_003,medium
6228,212,0.83364,0.387593,0.4599,2,213.0,scenario_003,short
6229,212,0.949249,0.643076,0.931556,1,214.344508,scenario_003,short
6230,212,1.546732,0.606048,0.849016,2,213.947139,scenario_003,short
6231,212,1.915769,0.341579,0.169599,0,220.234406,scenario_003,short
6232,212,13.166344,0.305536,0.344864,2,230.666103,scenario_003,medium
6233,212,7.634762,0.542513,0.571792,0,245.351968,scenario_003,medium
6234,212,0.87031,0.423291,0.65146,1,214.000032,scenario_003,short
6235,212,18.807355,0.672506,0.695035,1,259.149185,scenario_003,medium
6236,212,1.535328,0.242863,0.55501,2,213.890322,scenario_003,short
6237,212,0.962275,0.679145,0.715271,0,216.830703,scenario_003,short
6238,212,2.603796,0.320498,0.371626,0,220.195577,scenario_003,short
6239,212,9.927173,0.328699,0.505268,2,223.564527,scenario_003,medium
6240,212,1.00764,0.59842,0.786734,0,217.664598,scenario_003,short
6241,212,1.496934,0.104948,0.062248,1,215.561364,scenario_003,short
6242,212,1.029343,0.444015,0.612709,0,216.937675,scenario_003,short
6243,212,1.270482,0.383285,0.547285,0,216.18255,scenario_003,short
6244,212,8.082482,0.533545,0.135942,0,245.91666,scenario_003,medium
6245,212,1.931698,0.439736,0.654647,0,219.741681,scenario_003,short
6246,212,0.99032,0.562724,0.796363,1,214.885848,scenario_003,short
6247,212,1.126061,0.265972,0.255432,0,217.53631,scenario_003,short
6248,212,2.086712,0.332981,0.431556,0,219.617807,scenario_003,short
6249,212,0.731263,0.621396,0.333208,0,214.813131,scenario_003,short
6250,212,0.998546,0.441924,0.603329,0,217.520556,scenario_003,short
6251,212,1.119464,0.257299,0.930464,0,217.359562,scenario_003,short
6252,212,24.246053,0.634955,0.793183,2,239.099761,scenario_003,long
6253,212,16.089778,0.634288,0.422199,1,244.073396,scenario_003,medium
6254,212,1.599329,0.462269,0.938116,2,214.961996,scenario_003,short
6255,212,0.786862,0.355008,0.730235,0,216.077179,scenario_003,short
6256,212,13.424526,0.200984,0.186872,1,248.511354,scenario_003,medium
6257,212,20.746976,0.827368,0.501908,0,292.012885,scenario_003,medium
6258,212,5.97899,0.229916,0.341148,0,241.443678,scenario_003,medium
6259,212,1.447092,0.380231,0.186617,1,215.772084,scenario_003,short
6260,212,1.171643,0.146968,0.688112,0,215.981451,scenario_003,short
6261,212,8.260164,0.365193,0.15344,0,254.267884,scenario_003,medium
6262,212,1.858903,0.300556,0.380457,1,216.30622,scenario_003,short
6263,212,8.046773,0.969602,0.585608,2,227.420713,scenario_003,medium
6264,212,1.355812,0.131472,0.712514,1,214.315561,scenario_003,short
6265,212,1.003831,0.26896,0.498087,1,214.513792,scenario_003,short
6266,212,1.046437,0.372345,0.517794,1,215.128308,scenario_003,short
6267,212,20.66032,0.531884,0.318469,0,289.79374,scenario_003,medium
6268,212,8.627269,0.622787,0.693905,1,235.740248,scenario_003,medium
6269,212,9.404778,0.323071,0.602856,2,222.444768,scenario_003,medium
6270,212,1.505174,0.173348,0.849134,0,218.015257,scenario_003,short
6271,212,7.369706,0.754982,0.103205,1,227.029625,scenario_003,medium
6272,212,1.154814,0.389017,0.655238,1,214.987273,scenario_003,short
6273,212,6.357562,0.577629,0.550268,0,244.102601,scenario_003,medium
6274,212,2.012816,0.592456,0.867774,0,222.806187,scenario_003,short
6275,213,1.68092,0.40483,0.281914,0,220.828151,scenario_003,short
6276,213,6.316533,0.897541,0.54069,0,243.328937,scenario_003,medium
6277,213,0.774929,0.116757,0.741946,0,216.291473,scenario_003,short
6278,213,1.867014,0.116341,0.639363,2,215.866386,scenario_003,short
6279,213,20.477611,1.0,1.0,0,278.810478,scenario_003,long
6280,213,2.340244,0.689607,0.460982,1,220.050295,scenario_003,short
6281,213,4.131367,0.12917,1.0,0,234.735721,scenario_003,short
6282,213,1.998778,0.397483,0.657275,2,215.279142,scenario_003,short
6283,213,1.988611,0.086901,0.322114,0,223.968033,scenario_003,short
6284,213,14.375924,0.211707,0.564065,0,277.751897,scenario_003,medium
6285,213,1.429929,0.10562,1.0,0,219.12616,scenario_003,short
6286,213,1.819558,0.247735,0.076824,0,219.83084,scenario_003,short
6287,213,1.094975,0.394178,0.786735,0,217.136983,scenario_003,short
6288,213,1.320231,0.121497,0.611264,0,219.995458,scenario_003,short
6289,213,0.918744,0.655674,0.204448,0,217.415055,scenario_003,short
6290,213,2.551193,0.675966,1.0,0,224.617501,scenario_003,short
6291,213,9.286917,0.501448,0.805908,0,261.915566,scenario_003,medium
6292,213,1.085793,0.446733,1.0,0,217.923795,scenario_003,short
6293,213,1.6397,0.236224,0.534796,0,219.037733,scenario_003,short
6294,213,1.1447,0.748074,0.919533,0,218.714285,scenario_003,short
6295,213,1.505056,0.153549,0.748985,1,216.488105,scenario_003,short
6296,213,1.345508,0.145508,0.607954,0,219.470934,scenario_003,short
6297,213,1.15859,0.097144,0.471315,2,214.823827,scenario_003,short
6298,213,7.367837,0.658082,0.884279,1,230.804114,scenario_003,medium
6299,213,1.410503,0.276056,0.964546,0,220.541073,scenario_003,short
6300,213,1.899819,0.085348,0.538669,1,216.622182,scenario_003,short
6301,213,8.574684,0.991109,0.711531,0,251.048971,scenario_003,medium
6302,213,1.499638,0.290735,0.128228,0,220.306268,scenario_003,short
6303,213,1.129446,0.387505,0.779266,1,215.583283,scenario_003,short
6304,213,1.392627,0.40798,0.365697,0,220.377238,scenario_003,short
6305,213,1.595772,0.138494,0.372513,2,215.136113,scenario_003,short
6306,213,1.128091,0.261124,0.433772,2,215.069703,scenario_003,short
6307,213,0.628743,0.263193,0.38398,0,214.967476,scenario_003,short
6308,213,1.02408,0.425407,1.0,1,215.091775,scenario_003,short
6309,213,1.15103,0.161588,0.331166,0,216.895777,scenario_003,short
6310,213,1.847514,0.237684,1.0,0,220.655914,scenario_003,short
6311,213,2.065224,0.206734,0.613291,2,216.585041,scenario_003,short
6312,213,6.654657,0.601756,0.72655,1,225.800294,scenario_003,medium
6313,213,19.516706,0.883246,0.783646,0,281.851332,scenario_003,long
6314,213,2.516924,0.594637,0.772739,0,225.094702,scenario_003,short
6315,213,1.114036,0.062173,0.184373,1,215.205519,scenario_003,short
6316,213,1.022367,0.080379,0.675795,0,217.848594,scenario_003,short
6317,213,17.67222,0.611886,0.341307,1,243.09617,scenario_003,medium
6318,213,9.671987,0.574607,0.268509,0,254.324903,scenario_003,medium
6319,213,1.526617,0.331347,0.79469,1,217.198562,scenario_003,short
6320,213,0.97781,0.21537,0.23448,0,217.405184,scenario_003,short
6321,213,1.845477,0.361183,0.719078,0,220.72245,scenario_003,short
6322,213,8.610062,0.577542,0.44759,0,256.311549,scenario_003,medium
6323,213,1.729082,0.495789,0.629386,0,219.402909,scenario_003,short
6324,213,1.567162,0.1191,0.33155,1,216.479284,scenario_003,short
6325,213,0.562935,0.13607,0.839257,1,214.049827,scenario_003,short
6326,213,12.089228,0.40666,0.318296,1,235.536715,scenario_003,medium
6327,213,15.773129,0.33507,0.786241,0,289.283515,scenario_003,medium
6328,213,16.597401,0.741443,1.0,0,280.461708,scenario_003,long
6329,213,1.900706,0.251335,0.468128,1,216.437941,scenario_003,short
6330,213,0.964206,0.112878,0.61818,1,215.866957,scenario_003,short
6331,213,2.357148,0.267727,0.431435,1,219.519142,scenario_003,short
6332,213,1.022571,0.44153,0.069017,1,215.840724,scenario_003,short
6333,213,0.85909,0.446754,0.464564,0,217.063493,scenario_003,short
6334,213,1.622909,0.365362,0.086402,0,218.301388,scenario_003,short
6335,213,1.843085,0.407329,0.598192,1,217.493922,scenario_003,short
6336,213,1.711818,0.303936,0.598464,0,221.262901,scenario_003,short
6337,213,15.050168,0.621353,0.408881,0,274.716591,scenario_003,medium
6338,213,1.231118,0.22771,1.0,0,217.745482,scenario_003,short
6339,213,1.606205,0.095799,0.316133,1,216.435911,scenario_003,short
6340,213,9.57721,0.623692,0.564819,0,263.033,scenario_003,medium
6341,213,1.827987,0.468925,0.720137,2,215.718246,scenario_003,short
6342,213,57.102541,0.643881,0.710394,0,420.295774,scenario_003,long
6343,213,8.91299,0.27159,0.523461,1,235.910449,scenario_003,medium
6344,213,1.824716,0.190496,0.205885,0,222.922701,scenario_003,short
6345,213,1.065982,0.351619,0.539661,0,217.856796,scenario_003,short
6346,213,1.420672,0.166325,0.145776,1,216.412278,scenario_003,short
6347,213,9.383293,0.829092,0.767869,1,231.613815,scenario_003,long
6348,213,16.392584,0.383901,1.0,0,302.778746,scenario_003,medium
6349,213,1.024816,0.112799,0.05,0,217.511999,scenario_003,short
6350,213,27.006754,0.615314,0.19731,0,305.231493,scenario_003,medium
6351,213,2.873516,0.12607,0.198624,0,228.078645,scenario_003,short
6352,213,16.069172,0.751685,0.194391,2,231.193844,scenario_003,long
6353,213,1.438566,0.637375,0.536593,0,218.447589,scenario_003,short
6354,213,1.524907,0.30887,0.584659,1,216.157579,scenario_003,short
6355,213,1.802639,0.441412,0.785441,0,221.133153,scenario_003,short
6356,213,6.302553,0.599139,0.273515,2,223.317738,scenario_003,long
6357,213,12.265681,0.657956,0.533131,0,258.569358,scenario_003,long
6358,213,42.100195,0.331723,0.858395,0,438.454398,scenario_003,long
6359,213,8.978598,0.681503,0.512628,1,239.302816,scenario_003,medium
6360,213,13.03818,0.595488,0.398209,0,285.278675,scenario_003,medium
6361,213,1.044293,0.626718,0.8681,1,215.568588,scenario_003,short
6362,213,22.207925,0.290785,0.600056,1,257.080764,scenario_003,long
6363,213,1.441215,0.585912,0.801082,1,216.340129,scenario_003,short
6364,213,1.634581,0.090905,0.750612,1,217.239891,scenario_003,short
6365,213,5.855191,0.411679,0.426305,0,236.113934,scenario_003,medium
6366,213,8.191334,0.36639,0.638543,1,231.923424,scenario_003,medium
6367,213,1.445212,0.438455,0.153316,0,217.531266,scenario_003,short
6368,213,2.289177,0.308114,0.31196,0,221.302617,scenario_003,short
6369,214,8.226298,0.148744,0.824159,1,228.440357,scenario_003,medium
6370,214,0.973612,0.179883,0.449626,0,218.322483,scenario_003,short
6371,214,16.083467,0.389078,0.59641,0,302.071253,scenario_003,medium
6372,214,1.392034,0.406839,0.932967,0,218.951587,scenario_003,short
6373,214,1.532571,0.41106,0.549079,2,216.469698,scenario_003,short
6374,214,2.125734,0.317809,0.127195,0,225.16972,scenario_003,short
6375,214,1.886674,0.780467,0.490796,0,223.856688,scenario_003,short
6376,214,1.048514,0.282305,0.422803,2,215.181876,scenario_003,short
6377,214,30.200396,0.621026,0.827697,0,325.876406,scenario_003,long
6378,214,8.174272,0.614048,0.685316,1,228.055631,scenario_003,medium
6379,214,1.446607,0.278027,0.646839,1,217.80031,scenario_003,short
6380,214,1.652544,0.406207,0.179348,1,218.451276,scenario_003,short
6381,214,1.81668,0.632869,0.915657,0,220.406696,scenario_003,short
6382,214,11.798004,0.511966,0.450169,0,275.869944,scenario_003,medium
6383,214,0.998065,0.293741,0.895941,1,216.453029,scenario_003,short
6384,214,1.381145,0.082671,0.1212,1,216.792685,scenario_003,short
6385,214,1.095322,0.154555,0.686924,0,218.849705,scenario_003,short
6386,214,14.469199,0.139514,0.516447,0,274.995963,scenario_003,medium
6387,214,26.921132,0.890671,0.891593,0,345.732693,scenario_003,medium
6388,214,4.090053,0.504602,0.83653,0,235.528233,scenario_003,short
6389,214,12.064722,0.230592,1.0,2,234.328915,scenario_003,medium
6390,214,1.248167,0.677224,0.479064,0,220.11107,scenario_003,short
6391,214,1.444983,0.462884,0.564962,0,221.279806,scenario_003,short
6392,214,44.378812,0.500411,0.315703,1,313.848946,scenario_003,long
6393,214,2.083937,0.174941,0.106132,0,222.346331,scenario_003,short
6394,214,3.069099,0.384088,0.543338,2,220.021786,scenario_003,short
6395,214,0.993351,0.574977,0.188955,0,217.421781,scenario_003,short
6396,214,1.245465,0.117504,0.531001,1,217.268874,scenario_003,short
6397,214,1.406817,0.339915,0.16939,0,219.180446,scenario_003,short
6398,214,0.963799,0.731834,0.150866,1,216.874994,scenario_003,short
6399,214,1.145964,0.460388,0.230747,1,217.015572,scenario_003,short
6400,214,2.290089,0.084341,0.418407,0,221.625079,scenario_003,short
6401,214,0.953808,0.276762,0.977737,2,215.085119,scenario_003,short
6402,214,1.037355,0.443276,0.722577,1,215.747684,scenario_003,short
6403,214,1.547201,0.115504,0.360747,1,217.430412,scenario_003,short
6404,214,1.184243,0.797241,0.849912,0,219.738572,scenario_003,short
6405,214,25.162295,0.594083,1.0,0,336.651474,scenario_003,long
6406,214,2.695207,0.212431,0.843522,0,226.597556,scenario_003,short
6407,214,10.105333,0.861054,0.696234,0,255.48828,scenario_003,long
6408,214,1.690072,0.449631,0.792696,0,221.517446,scenario_003,short
6409,214,30.029532,0.924466,0.793178,0,368.829602,scenario_003,long
6410,214,1.974433,0.517864,0.154016,1,219.440209,scenario_003,short
6411,214,1.551606,0.360378,0.923192,0,219.721438,scenario_003,short
6412,214,1.814982,0.639065,0.536938,1,218.170334,scenario_003,short
6413,214,2.886684,0.206488,0.490799,0,225.030524,scenario_003,short
6414,214,11.400046,0.405695,0.208022,0,263.553951,scenario_003,medium
6415,214,1.204352,0.293269,0.378844,2,215.803186,scenario_003,short
6416,214,2.007611,0.399964,1.0,0,223.741745,scenario_003,short
6417,214,2.427116,0.335501,0.65146,0,223.07577,scenario_003,short
6418,214,1.563878,0.322064,0.376681,0,219.298791,scenario_003,short
6419,214,16.31178,0.358312,0.216214,0,305.113216,scenario_003,medium
6420,214,1.719902,0.38452,0.338366,1,217.879638,scenario_003,short
6421,214,1.016646,0.157364,0.474193,0,219.678653,scenario_003,short
6422,214,13.231862,0.486165,0.258037,1,241.512777,scenario_003,long
6423,214,1.469497,0.318089,0.842345,2,216.141585,scenario_003,short
6424,214,14.206399,0.444574,0.562619,0,265.597171,scenario_003,medium
6425,214,1.214922,0.591687,0.973658,1,216.382264,scenario_003,short
6426,214,0.948758,0.115743,0.713597,2,215.409736,scenario_003,short
6427,214,1.144909,0.074309,0.721601,0,219.696203,scenario_003,short
6428,214,1.395149,0.197478,0.809316,0,221.174153,scenario_003,short
6429,214,1.221901,0.438915,0.417834,1,216.60954,scenario_003,short
6430,214,0.992444,0.368103,0.434263,0,219.591666,scenario_003,short
6431,214,1.024609,0.214424,1.0,0,218.503634,scenario_003,short
6432,214,9.566326,0.708695,0.436418,2,227.719779,scenario_003,medium
6433,214,6.749991,0.324768,0.709778,0,243.916916,scenario_003,medium
6434,214,0.853122,0.238185,0.393586,1,215.451774,scenario_003,short
6435,214,9.878896,0.280072,0.05,1,239.153986,scenario_003,medium
6436,214,7.780571,0.51665,0.84511,0,254.764886,scenario_003,medium
6437,214,25.783226,0.732085,0.839452,0,352.372109,scenario_003,long
6438,214,17.248206,0.523783,0.372383,0,277.448673,scenario_003,medium
6439,214,7.472355,0.128804,0.727193,0,239.460013,scenario_003,medium
6440,214,21.806961,0.877347,0.387072,0,281.932071,scenario_003,long
6441,214,7.575738,0.920106,0.628492,1,228.576442,scenario_003,medium
6442,214,1.563455,0.055567,0.506433,1,217.768734,scenario_003,short
6443,214,1.44266,0.459637,0.244405,0,221.848995,scenario_003,short
6444,214,0.850197,0.525943,1.0,0,217.025184,scenario_003,short
6445,214,1.246098,0.407779,0.345196,1,217.350408,scenario_003,short
6446,214,1.957025,0.363438,0.821198,0,220.236779,scenario_003,short
6447,214,1.875662,0.082494,0.803899,0,224.350775,scenario_003,short
6448,214,17.495862,0.452842,0.63065,1,252.649906,scenario_003,medium
6449,214,1.313842,0.385031,0.663622,0,218.862294,scenario_003,short
6450,214,11.870287,0.881559,0.859384,0,268.393358,scenario_003,long
6451,214,2.245246,0.149553,0.081274,1,217.858992,scenario_003,short
6452,214,12.156023,0.624006,0.336615,1,246.975363,scenario_003,long
6453,214,2.505987,0.531635,1.0,0,227.926906,scenario_003,short
6454,214,6.067925,0.957145,0.517737,0,236.970781,scenario_003,long
6455,214,1.540431,0.083634,0.263169,1,217.283937,scenario_003,short
6456,214,2.932352,0.533529,0.420236,0,229.870155,scenario_003,short
6457,214,11.484567,0.24748,0.575236,1,237.016405,scenario_003,medium
6458,214,9.287814,0.62738,0.82294,1,233.528254,scenario_003,medium
6459,214,6.373067,0.164517,0.683971,0,243.666493,scenario_003,medium
6460,214,1.483925,0.209521,0.474898,0,219.3657,scenario_003,short
6461,214,3.299525,0.446695,0.745897,0,227.114785,scenario_003,short
6462,214,45.331017,0.543997,0.95174,1,343.384179,scenario_003,long
6463,214,1.122084,0.366188,0.792856,1,216.34887,scenario_003,short
6464,214,6.861317,0.88287,0.283889,2,227.551087,scenario_003,medium
6465,214,12.729357,0.292069,0.917943,0,279.00798,scenario_003,medium
6466,214,0.611471,0.325265,0.242768,1,215.749678,scenario_003,short
6467,214,12.153392,0.778005,1.0,1,238.614544,scenario_003,medium
6468,214,3.131136,0.563164,0.444722,0,224.231019,scenario_003,short
6469,214,1.944604,0.193888,0.558519,2,217.843558,scenario_003,short
6470,214,16.73329,0.278398,0.854481,0,270.187691,scenario_003,medium
6471,215,14.49109,0.431221,0.421746,1,245.444323,scenario_003,medium
6472,215,1.374846,0.054167,0.626178,0,220.72201,scenario_003,short
6473,215,12.534697,0.260006,0.352573,0,260.962056,scenario_003,medium
6474,215,1.019609,0.130539,0.813618,1,217.906108,scenario_003,short
6475,215,1.223394,0.375456,0.438766,1,218.475652,scenario_003,short
6476,215,1.031441,0.314293,0.870639,0,220.006352,scenario_003,short
6477,215,2.237944,0.523099,0.600944,0,225.951844,scenario_003,short
6478,215,0.747666,0.27079,0.680039,1,216.792778,scenario_003,short
6479,215,1.179183,0.609424,0.467544,0,219.403742,scenario_003,short
6480,215,2.425449,0.414829,0.211884,1,222.185269,scenario_003,short
6481,215,0.807329,0.224987,0.586825,0,218.262925,scenario_003,short
6482,215,8.729765,0.654049,0.139427,1,230.581203,scenario_003,medium
6483,215,1.316784,0.257593,0.683344,0,222.043887,scenario_003,short
6484,215,1.210106,0.092623,0.617982,1,217.617709,scenario_003,short
6485,215,17.00091,1.0,1.0,1,263.144202,scenario_003,long
6486,215,1.851606,0.377014,0.144787,1,219.360886,scenario_003,short
6487,215,13.082576,0.190212,0.262645,1,252.115009,scenario_003,medium
6488,215,1.390682,0.32305,0.570438,0,222.704834,scenario_003,short
6489,215,9.253374,0.752293,0.780694,1,240.246917,scenario_003,medium
6490,215,26.77155,0.381536,0.256826,0,314.763775,scenario_003,long
6491,215,13.455274,0.811189,1.0,0,287.125631,scenario_003,long
6492,215,8.62618,0.168704,0.264369,0,262.900566,scenario_003,medium
6493,215,8.758686,0.425525,0.697203,0,244.058263,scenario_003,medium
6494,215,1.419977,0.308392,0.378235,0,222.657976,scenario_003,short
6495,215,9.714802,0.713576,0.565849,1,232.067839,scenario_003,medium
6496,215,38.718144,0.931504,0.730058,0,412.365653,scenario_003,long
6497,215,1.629286,0.390368,0.967114,1,218.367934,scenario_003,short
6498,215,1.2797,0.631784,0.054135,0,219.706614,scenario_003,short
6499,215,85.44515,0.482964,0.208936,1,438.598167,scenario_003,long
6500,215,1.20203,0.421134,0.634542,1,218.58763,scenario_003,short
6501,215,17.99901,0.362574,0.669872,1,254.594065,scenario_003,long
6502,215,1.212409,0.225414,0.717534,0,220.343998,scenario_003,short
6503,215,1.007866,0.171919,0.775387,0,218.22842,scenario_003,short
6504,215,0.85472,0.447978,0.282819,2,216.24067,scenario_003,short
6505,215,11.850792,0.180249,1.0,0,266.761044,scenario_003,medium
6506,215,22.040493,0.724623,0.192322,2,247.690767,scenario_003,long
6507,215,1.175687,0.581372,0.470215,0,220.898546,scenario_003,short
6508,215,1.931888,0.440211,0.446378,0,225.627185,scenario_003,short
6509,215,1.999353,0.180987,0.05,1,220.61168,scenario_003,short
6510,215,2.015918,0.302628,0.546555,1,220.308818,scenario_003,short
6511,215,19.991366,1.0,0.904807,0,287.702256,scenario_003,long
6512,215,33.777437,0.877603,0.81082,0,337.586202,scenario_003,long
6513,215,12.91543,0.847694,0.460587,2,229.301575,scenario_003,long
6514,215,0.868903,0.467472,0.392275,2,216.662398,scenario_003,short
6515,215,1.449035,0.311001,0.700432,1,217.420156,scenario_003,short
6516,215,1.080785,0.306219,0.05,0,219.713556,scenario_003,short
6517,215,9.969716,0.543374,0.210169,0,269.316102,scenario_003,medium
6518,215,1.703045,0.382646,0.802275,1,219.441977,scenario_003,short
6519,215,1.118105,0.408434,0.677105,0,218.530642,scenario_003,short
6520,215,1.875846,0.294303,0.352416,0,225.300047,scenario_003,short
6521,215,1.702869,0.337093,0.343216,0,223.924952,scenario_003,short
6522,215,0.827908,0.417605,0.462865,1,216.58533,scenario_003,short
6523,215,1.371797,0.372933,0.821732,2,216.644946,scenario_003,short
6524,215,10.485748,0.282706,0.380874,0,270.276527,scenario_003,medium
6525,215,1.008261,0.305766,1.0,2,216.855139,scenario_003,short
6526,215,1.800904,0.180025,0.94041,0,221.843397,scenario_003,short
6527,215,1.515285,0.421014,0.453804,0,222.46758,scenario_003,short
6528,215,1.750815,0.162243,0.826485,2,217.260801,scenario_003,short
6529,215,0.93308,0.291916,0.608641,0,219.778408,scenario_003,short
6530,215,0.60044,0.209617,0.33679,1,216.167245,scenario_003,short
6531,215,1.474268,0.388926,0.156091,0,221.704848,scenario_003,short
6532,215,13.2413,0.672673,0.948531,0,262.307254,scenario_003,medium
6533,215,2.174394,0.125419,0.428554,1,220.599077,scenario_003,short
6534,215,10.688463,0.452531,0.644662,1,244.824493,scenario_003,medium
6535,215,1.43134,0.074155,0.569246,0,219.495291,scenario_003,short
6536,215,1.164143,0.75306,0.807178,2,217.189751,scenario_003,short
6537,215,1.462358,0.220452,0.467241,1,219.402679,scenario_003,short
6538,215,2.013973,0.419105,0.175258,2,218.91308,scenario_003,short
6539,215,4.362419,0.276968,0.111631,2,222.074036,scenario_003,medium
6540,215,11.010282,0.311971,0.524332,1,242.795907,scenario_003,medium
6541,215,15.850217,0.656666,0.944648,1,251.281668,scenario_003,medium
6542,215,0.850395,0.258743,0.246364,1,217.456153,scenario_003,short
6543,215,1.427191,0.151469,0.16364,1,219.292099,scenario_003,short
6544,215,2.112839,0.295562,0.917806,1,219.700911,scenario_003,short
6545,215,5.599382,0.769864,0.641551,1,224.298169,scenario_003,medium
6546,215,29.267244,0.476112,0.758618,2,267.219745,scenario_003,long
6547,215,0.788551,0.68217,0.218893,0,219.286212,scenario_003,short
6548,215,0.94431,0.173603,0.842146,0,218.261516,scenario_003,short
6549,215,13.818875,0.123451,0.60299,1,251.753931,scenario_003,medium
6550,215,12.882893,0.981249,0.482682,0,279.203836,scenario_003,long
6551,215,0.789121,0.157457,0.325092,1,217.216279,scenario_003,short
6552,215,1.292886,0.43759,0.506771,1,217.58347,scenario_003,short
6553,215,12.622802,0.715758,1.0,0,278.426572,scenario_003,long
6554,215,8.488917,0.942168,0.423777,0,261.493125,scenario_003,medium
6555,215,2.391321,0.429348,0.718031,1,221.311647,scenario_003,short
6556,215,12.699666,0.642291,0.967777,2,232.05743,scenario_003,medium
6557,215,1.462125,0.660399,0.194527,0,221.676495,scenario_003,short
6558,215,0.79736,0.29817,0.27823,2,216.300958,scenario_003,short
6559,215,15.986592,0.257882,0.957203,0,283.147921,scenario_003,medium
6560,215,0.978668,0.249052,0.360206,1,217.054086,scenario_003,short
6561,215,7.21938,0.943673,0.262376,0,252.878887,scenario_003,medium
6562,215,1.317963,0.350219,0.642603,0,221.82607,scenario_003,short
6563,215,1.026792,0.316191,0.440503,1,216.937135,scenario_003,short
6564,215,1.104981,0.364623,0.637168,1,217.210757,scenario_003,short
6565,215,0.819743,0.05091,0.735265,1,216.866127,scenario_003,short
6566,215,14.721988,0.769359,0.218616,0,268.314115,scenario_003,medium
6567,215,3.227998,0.389539,0.832595,1,221.706254,scenario_003,short
6568,215,1.612667,0.622654,0.27391,0,220.201714,scenario_003,short
6569,215,1.607869,0.406977,0.829587,0,223.211531,scenario_003,short
6570,216,1.130236,0.402066,0.121802,0,220.683526,scenario_003,short
6571,216,1.269238,0.448437,0.322655,2,218.360852,scenario_003,short
6572,216,1.724471,0.488815,0.78095,0,222.898841,scenario_003,short
6573,216,21.330944,0.883185,0.466899,0,334.922045,scenario_003,medium
6574,216,10.846719,0.357507,0.258273,0,275.861521,scenario_003,medium
6575,216,2.108685,0.135429,0.461085,0,224.027817,scenario_003,short
6576,216,1.781544,0.524064,0.569362,1,220.975081,scenario_003,short
6577,216,9.67285,0.706874,0.364877,0,257.984645,scenario_003,medium
6578,216,20.068596,0.390997,0.690613,0,281.284415,scenario_003,medium
6579,216,1.351735,0.170678,0.750709,1,219.543317,scenario_003,short
6580,216,14.991161,0.677218,0.30493,1,260.525617,scenario_003,medium
6581,216,16.493748,0.346479,0.47255,1,263.868185,scenario_003,long
6582,216,1.707292,0.085769,0.565975,0,224.985307,scenario_003,short
6583,216,2.326963,0.235328,0.432822,2,219.562278,scenario_003,short
6584,216,1.125453,0.218453,0.268265,0,221.029861,scenario_003,short
6585,216,2.83004,0.076104,0.739039,1,221.725364,scenario_003,short
6586,216,1.015553,0.699752,0.998992,1,217.844917,scenario_003,short
6587,216,12.209667,0.859043,1.0,0,254.136271,scenario_003,long
6588,216,2.033929,0.050268,0.447661,0,224.028505,scenario_003,short
6589,216,6.516907,0.1761,0.16567,1,233.913878,scenario_003,medium
6590,216,9.133014,0.498955,0.582453,0,251.048175,scenario_003,medium
6591,216,1.551235,0.155759,0.453614,0,223.579575,scenario_003,short
6592,216,3.454003,0.550301,0.429657,0,230.379199,scenario_003,short
6593,216,1.01127,0.247089,0.390405,0,219.781969,scenario_003,short
6594,216,8.206222,0.694217,0.701443,0,246.691963,scenario_003,medium
6595,216,15.664443,0.40402,0.665503,0,277.832618,scenario_003,medium
6596,216,27.875918,0.506134,0.81617,1,266.784805,scenario_003,long
6597,216,12.029163,0.402885,0.932435,1,246.19341,scenario_003,long
6598,216,10.384037,0.572078,0.95405,0,268.9634,scenario_003,medium
6599,216,1.630882,0.342894,0.362368,0,221.967089,scenario_003,short
6600,216,18.538473,0.539242,0.503488,0,273.323414,scenario_003,medium
6601,216,12.041487,0.899149,0.646754,0,263.461681,scenario_003,medium
6602,216,0.981922,0.433621,0.991333,1,218.124072,scenario_003,short
6603,216,16.649027,0.177438,0.888261,0,297.441298,scenario_003,medium
6604,216,7.14765,0.704589,0.473745,2,229.743887,scenario_003,medium
6605,216,2.80082,0.133748,0.39379,1,221.053139,scenario_003,short
6606,216,2.143849,0.837945,0.97354,0,225.485959,scenario_003,short
6607,216,5.779727,0.367505,0.608858,0,241.467188,scenario_003,medium
6608,216,1.07987,0.331752,0.640532,1,218.346182,scenario_003,short
6609,216,2.125473,0.080751,0.881164,0,227.01513,scenario_003,short
6610,216,11.980897,0.138673,0.317176,2,230.327734,scenario_003,medium
6611,216,1.175804,0.297397,0.790511,0,221.268378,scenario_003,short
6612,216,9.034115,0.201142,0.695068,1,235.776779,scenario_003,medium
6613,216,14.361677,0.246291,0.510883,2,240.573563,scenario_003,medium
6614,216,1.890464,0.204024,0.63352,1,219.337006,scenario_003,short
6615,216,1.915504,0.175192,0.267491,1,220.983186,scenario_003,short
6616,216,0.839448,0.151249,0.608925,2,217.0,scenario_003,short
6617,216,1.959633,0.425499,0.504039,1,220.178119,scenario_003,short
6618,216,1.220769,0.065965,0.932465,2,217.656527,scenario_003,short
6619,216,1.376369,0.083864,0.900739,0,222.01916,scenario_003,short
6620,216,20.159426,0.343806,0.27131,0,327.313833,scenario_003,medium
6621,216,14.387599,0.742257,0.877245,1,248.77605,scenario_003,medium
6622,216,10.870849,0.698529,0.35575,0,259.189623,scenario_003,medium
6623,216,1.724634,0.431071,0.509647,0,223.363535,scenario_003,short
6624,216,2.184732,0.111119,0.721946,0,225.676619,scenario_003,short
6625,216,0.893044,0.136395,0.18141,0,219.814259,scenario_003,short
6626,216,1.30837,0.536179,0.445159,0,221.584175,scenario_003,short
6627,216,1.387942,0.182669,0.764444,0,222.76544,scenario_003,short
6628,216,1.040425,0.087319,0.904201,0,220.18909,scenario_003,short
6629,216,1.381015,0.374914,0.221923,0,222.814514,scenario_003,short
6630,216,5.488009,0.766372,0.368677,0,240.654795,scenario_003,medium
6631,216,10.312969,0.748338,0.466048,0,247.849362,scenario_003,medium
6632,216,1.494767,0.346372,0.401285,1,218.619073,scenario_003,short
6633,216,1.06874,0.398648,1.0,1,218.025368,scenario_003,short
6634,216,11.238839,0.922335,0.829258,2,235.429484,scenario_003,medium
6635,216,41.003657,0.34137,1.0,0,347.60599,scenario_003,medium
6636,216,0.750481,0.273876,0.764024,0,219.948306,scenario_003,short
6637,216,1.448098,0.665846,0.341498,0,222.868395,scenario_003,short
6638,216,0.725078,0.146411,0.335266,0,219.644873,scenario_003,short
6639,216,14.838366,0.208882,0.82359,0,293.467477,scenario_003,medium
6640,216,0.986526,0.374398,0.272321,2,217.198718,scenario_003,short
6641,216,14.243368,0.140619,1.0,1,255.717087,scenario_003,medium
6642,216,0.893398,0.377532,0.341942,1,218.231377,scenario_003,short
6643,216,8.803941,1.0,1.0,1,233.846444,scenario_003,medium
6644,216,1.988648,0.539951,0.480729,0,226.956307,scenario_003,short
6645,216,1.916964,0.327647,0.474921,0,226.076717,scenario_003,short
6646,216,10.313149,0.166853,0.140428,0,269.224121,scenario_003,medium
6647,216,44.638534,0.8717,0.274916,0,426.259773,scenario_003,long
6648,216,3.768392,0.393914,1.0,0,237.118471,scenario_003,medium
6649,216,0.826168,0.210039,0.665503,0,220.152107,scenario_003,short
6650,216,14.040591,0.518376,0.746839,1,250.235513,scenario_003,medium
6651,216,16.958545,0.687106,1.0,1,245.794823,scenario_003,medium
6652,216,1.736925,0.1022,0.17584,2,218.849567,scenario_003,short
6653,216,18.207232,0.720864,0.524673,0,272.938409,scenario_003,medium
6654,216,12.585937,0.526317,0.191819,1,238.747634,scenario_003,medium
6655,216,1.083399,0.785487,0.584047,0,221.426493,scenario_003,short
6656,216,2.869541,0.288967,0.274493,1,221.582515,scenario_003,short
6657,216,0.771435,0.494373,0.637769,1,217.507953,scenario_003,short
6658,216,1.015206,0.436922,0.376385,0,219.681767,scenario_003,short
6659,216,7.60382,0.371843,0.118405,0,243.00334,scenario_003,medium
6660,216,2.139959,0.603869,0.302976,0,222.943873,scenario_003,short
6661,216,1.12982,0.467399,0.985776,0,221.39276,scenario_003,short
6662,216,12.562,0.750899,0.414476,0,261.578675,scenario_003,long
6663,216,11.262476,0.529569,0.837351,1,235.783031,scenario_003,medium
6664,216,1.728787,0.503416,0.750123,1,220.339685,scenario_003,short
6665,216,0.550142,0.355548,0.729665,1,217.081947,scenario_003,short
6666,216,3.547776,0.56129,0.509634,0,233.654852,scenario_003,medium
6667,216,18.510505,0.494176,0.283479,0,276.802021,scenario_003,medium
6668,216,7.480267,0.175073,0.215543,0,253.513621,scenario_003,medium
6669,216,15.035045,0.577104,0.193626,2,239.499903,scenario_003,medium
6670,216,0.674452,0.380718,0.275342,0,218.518213,scenario_003,short
6671,216,0.858307,0.264071,0.16563,0,219.364613,scenario_003,short
6672,216,7.333405,0.196609,0.317518,0,246.991453,scenario_003,medium
6673,216,0.900054,0.103314,0.05,0,219.019014,scenario_003,short
6674,216,1.733318,0.810606,0.905283,2,218.269145,scenario_003,short
6675,216,9.608956,0.954904,0.829112,0,250.321508,scenario_003,medium
6676,216,1.796508,0.325473,0.598274,1,220.58354,scenario_003,short
6677,216,2.111851,0.324838,0.197891,1,221.5295,scenario_003,short
6678,216,1.250203,0.427926,0.593243,0,221.46738,scenario_003,short
6679,216,13.897188,0.394396,0.637894,1,257.923482,scenario_003,medium
6680,216,1.107972,0.602701,0.896472,2,217.901938,scenario_003,short
6681,216,11.294341,0.555485,0.851395,2,236.145562,scenario_003,medium
6682,216,2.336471,0.136775,0.638036,1,221.764066,scenario_003,short
6683,216,8.115187,0.336235,0.628682,1,239.657841,scenario_003,medium
6684,217,1.30258,0.780246,1.0,2,219.325899,scenario_003,short
6685,217,14.084567,0.512585,0.277015,1,251.458762,scenario_003,medium
6686,217,14.565365,0.142986,0.893979,0,265.40757,scenario_003,medium
6687,217,1.685563,0.627941,0.363031,0,224.371084,scenario_003,short
6688,217,7.914793,0.783295,0.253821,2,230.488192,scenario_003,long
6689,217,85.473585,0.477094,0.185909,1,362.93783,scenario_003,long
6690,217,0.56619,0.372721,0.352324,0,219.465971,scenario_003,short
6691,217,15.687567,0.878558,0.901162,2,238.119935,scenario_003,medium
6692,217,1.695715,0.090098,0.432916,0,224.550964,scenario_003,short
6693,217,15.422743,0.686244,0.601832,1,248.582447,scenario_003,medium
6694,217,1.644867,0.582975,0.249174,1,220.117658,scenario_003,short
6695,217,1.712868,0.742654,0.397154,2,219.265362,scenario_003,short
6696,217,1.864321,0.185246,0.618985,2,220.052118,scenario_003,short
6697,217,10.003055,0.943863,0.603436,1,243.117753,scenario_003,medium
6698,217,0.678981,0.303996,0.650338,0,219.464029,scenario_003,short
6699,217,2.301063,0.618048,0.259872,1,223.517218,scenario_003,short
6700,217,12.507314,0.229485,0.222088,0,275.93704,scenario_003,medium
6701,217,11.411235,0.35638,1.0,0,254.015748,scenario_003,medium
6702,217,15.722385,0.27037,0.260716,0,275.494399,scenario_003,medium
6703,217,1.146286,0.388806,0.353126,0,222.724155,scenario_003,short
6704,217,2.097469,0.162745,0.538145,2,220.038894,scenario_003,short
6705,217,2.0339,0.184514,0.409149,0,227.687766,scenario_003,short
6706,217,33.996328,0.780308,0.791121,0,341.141151,scenario_003,long
6707,217,9.88124,0.723855,0.535365,0,252.42688,scenario_003,long
6708,217,15.808491,0.451865,0.823648,1,250.132134,scenario_003,medium
6709,217,2.09517,0.126665,1.0,0,225.473825,scenario_003,short
6710,217,8.650809,0.71181,0.681289,1,237.762233,scenario_003,medium
6711,217,1.122363,0.401407,0.186592,2,219.093106,scenario_003,short
6712,217,23.15637,1.0,0.851104,0,341.85497,scenario_003,long
6713,217,8.584518,0.286123,0.426432,1,232.971843,scenario_003,medium
6714,217,0.927524,0.300756,0.071282,0,221.498422,scenario_003,short
6715,217,1.768459,0.247488,0.366764,0,224.551339,scenario_003,short
6716,217,0.938745,0.425485,0.242847,1,218.888739,scenario_003,short
6717,217,0.733749,0.321645,1.0,1,218.52694,scenario_003,short
6718,217,7.762791,0.687546,0.385701,1,238.121004,scenario_003,medium
6719,217,16.758766,0.715191,0.750683,0,292.553384,scenario_003,medium
6720,217,0.699449,0.751009,0.761817,0,220.300436,scenario_003,short
6721,217,46.917076,0.77203,1.0,1,349.659315,scenario_003,long
6722,217,2.727538,0.407151,0.84476,0,226.016074,scenario_003,short
6723,217,1.267753,0.113646,0.368357,2,218.890948,scenario_003,short
6724,217,0.829415,0.442728,0.464516,1,219.209888,scenario_003,short
6725,217,15.800466,0.428902,0.920915,0,272.223067,scenario_003,medium
6726,217,1.032563,0.553844,0.635997,0,221.278257,scenario_003,short
6727,217,1.046907,0.219214,0.295397,0,220.687374,scenario_003,short
6728,217,19.350223,0.445621,0.511643,0,314.338094,scenario_003,medium
6729,217,0.791438,0.187917,0.961505,2,218.213583,scenario_003,short
6730,217,12.816143,1.0,0.657064,1,243.478945,scenario_003,medium
6731,217,1.912316,0.169309,0.422079,0,223.636524,scenario_003,short
6732,217,1.465839,0.363067,0.692341,1,219.484281,scenario_003,short
6733,217,0.6287,0.481381,0.711526,0,219.167965,scenario_003,short
6734,217,0.828354,0.431633,0.19391,0,220.733056,scenario_003,short
6735,217,15.011511,0.463856,0.430799,0,281.953259,scenario_003,medium
6736,217,1.491838,0.301351,0.241182,0,223.535209,scenario_003,short
6737,217,1.928027,0.190777,0.887987,0,225.191694,scenario_003,short
6738,217,7.261457,0.961097,0.248488,1,231.383786,scenario_003,medium
6739,217,1.348174,0.367597,0.37835,0,224.229402,scenario_003,short
6740,217,15.580655,0.563002,0.302877,2,241.550032,scenario_003,medium
6741,217,9.437212,0.441317,0.614417,1,236.271265,scenario_003,medium
6742,217,6.001212,0.404033,0.279143,0,246.048583,scenario_003,medium
6743,217,0.890594,0.433691,0.648878,1,219.380597,scenario_003,short
6744,217,0.857546,0.199621,0.747893,0,220.178671,scenario_003,short
6745,217,1.401112,0.273974,0.375265,1,220.723548,scenario_003,short
6746,217,1.946653,0.398369,0.197499,1,220.702409,scenario_003,short
6747,217,5.028572,0.186717,0.658202,1,227.616104,scenario_003,medium
6748,217,8.275186,0.633204,0.832813,0,263.340469,scenario_003,medium
6749,217,1.763001,0.445488,0.518523,1,220.138714,scenario_003,short
6750,217,9.367983,0.406604,0.876754,2,228.226477,scenario_003,medium
6751,217,1.60494,0.46806,0.845927,0,225.580654,scenario_003,short
6752,217,8.851894,0.528325,1.0,2,228.922919,scenario_003,medium
6753,217,12.408449,0.372633,0.217278,1,252.382705,scenario_003,medium
6754,217,1.425924,0.123699,0.737597,1,219.347125,scenario_003,short
6755,217,1.458813,0.657847,0.694891,1,221.327392,scenario_003,short
6756,217,22.252156,0.193509,0.256814,0,318.610944,scenario_003,medium
6757,217,7.713598,0.427729,0.060889,0,245.857025,scenario_003,medium
6758,217,1.632934,0.350396,0.423321,1,221.850306,scenario_003,short
6759,217,1.940857,0.272054,0.403465,0,227.126779,scenario_003,short
6760,217,8.808795,0.295523,0.443352,0,250.573445,scenario_003,medium
6761,217,13.959194,0.95873,0.721223,1,248.366315,scenario_003,medium
6762,217,0.67545,0.364619,0.280233,0,219.855954,scenario_003,short
6763,217,16.599571,1.0,0.542992,0,297.507078,scenario_003,medium
6764,217,14.771876,0.300778,0.722851,1,249.158448,scenario_003,medium
6765,217,13.893459,0.339986,0.988828,0,264.169057,scenario_003,medium
6766,217,0.901285,0.800734,0.576756,1,219.51071,scenario_003,short
6767,217,1.756855,0.204303,0.758292,0,225.60066,scenario_003,short
6768,217,1.526642,0.364134,0.42652,0,225.482589,scenario_003,short
6769,217,1.553597,0.266541,0.832652,1,221.238776,scenario_003,short
6770,217,1.975575,0.115081,0.286884,1,222.472858,scenario_003,short
6771,217,11.157131,0.457061,0.251225,1,243.105184,scenario_003,medium
6772,217,1.660698,0.248784,0.644275,0,224.860967,scenario_003,short
6773,217,0.635197,0.440286,0.523381,1,218.236771,scenario_003,short
6774,217,1.52397,0.22484,0.912901,1,219.942209,scenario_003,short
6775,217,1.842662,0.067968,0.779555,0,222.883992,scenario_003,short
6776,217,1.041084,0.763336,0.172038,1,218.737318,scenario_003,short
6777,217,13.179445,0.635064,1.0,1,240.213616,scenario_003,medium
6778,217,1.205242,0.197897,0.532431,2,219.192585,scenario_003,short
6779,217,1.393919,0.416065,0.209122,0,223.35374,scenario_003,short
6780,217,0.949687,0.238473,0.102838,2,218.518181,scenario_003,short
6781,217,5.09582,0.764144,0.450288,0,233.551103,scenario_003,medium
6782,217,0.99054,0.257653,0.366896,0,221.177722,scenario_003,short
6783,217,1.442911,0.331321,0.652958,0,224.992617,scenario_003,short
6784,217,1.132819,0.527078,0.884967,1,219.433871,scenario_003,short
6785,217,16.376183,0.738446,0.941164,0,277.107272,scenario_003,medium
6786,217,1.227372,0.131349,0.833553,1,219.628926,scenario_003,short
6787,217,2.161532,0.36015,0.566141,0,224.802669,scenario_003,short
6788,217,1.418242,0.646628,0.23653,0,222.416608,scenario_003,short
6789,217,15.415672,0.293473,0.195161,1,257.080292,scenario_003,long
6790,218,19.230865,0.743644,1.0,1,275.263349,scenario_003,medium
6791,218,2.543499,0.395724,0.688497,0,230.786826,scenario_003,short
6792,218,1.823552,0.493515,0.361948,0,226.439805,scenario_003,short
6793,218,1.016323,0.430309,0.762965,2,219.160274,scenario_003,short
6794,218,14.607686,0.623008,0.988673,1,247.573085,scenario_003,medium
6795,218,16.840704,0.567821,0.418924,1,256.375215,scenario_003,medium
6796,218,1.93631,0.218454,0.825812,0,226.94022,scenario_003,short
6797,218,12.947546,0.177629,1.0,0,278.018424,scenario_003,medium
6798,218,1.80646,0.345987,0.894987,0,224.594529,scenario_003,short
6799,218,1.15364,0.223148,0.612359,0,223.250258,scenario_003,short
6800,218,0.938892,0.72707,0.390219,1,220.00344,scenario_003,short
6801,218,1.223945,0.341165,0.217968,0,222.110123,scenario_003,short
6802,218,1.48728,0.432549,0.844587,1,221.141833,scenario_003,short
6803,218,1.283381,0.37672,1.0,0,223.062931,scenario_003,short
6804,218,18.190885,0.587216,0.283794,0,303.088574,scenario_003,long
6805,218,0.741269,0.750001,0.866573,1,219.55131,scenario_003,short
6806,218,1.723556,0.573053,0.710516,0,226.668993,scenario_003,short
6807,218,1.650621,0.258564,0.725273,0,223.996618,scenario_003,short
6808,218,1.115062,0.201474,0.598321,0,222.280192,scenario_003,short
6809,218,1.210306,0.170219,0.245166,1,221.125154,scenario_003,short
6810,218,10.453786,0.166159,0.053726,0,270.698503,scenario_003,medium
6811,218,0.984932,0.188025,0.53977,1,220.21024,scenario_003,short
6812,218,0.85743,0.103275,0.4042,0,222.699009,scenario_003,short
6813,218,0.742496,0.304275,0.568802,0,221.723597,scenario_003,short
6814,218,1.953503,0.83289,0.313474,1,221.97805,scenario_003,short
6815,218,13.987697,0.648067,1.0,2,233.579679,scenario_003,medium
6816,218,9.084693,0.699111,0.36032,0,265.928908,scenario_003,medium
6817,218,10.942025,0.456136,0.084264,0,276.767571,scenario_003,medium
6818,218,1.883473,0.410554,0.527909,0,223.871524,scenario_003,short
6819,218,11.096615,0.778008,0.784352,2,231.369569,scenario_003,long
6820,218,1.17544,0.291535,0.405547,0,223.696504,scenario_003,short
6821,218,18.059512,0.424232,0.855063,1,268.620254,scenario_003,medium
6822,218,0.849862,0.119167,0.645249,0,222.714065,scenario_003,short
6823,218,15.219121,0.164442,0.232641,1,245.661489,scenario_003,medium
6824,218,0.792731,0.695774,0.725274,1,219.846747,scenario_003,short
6825,218,3.600183,0.253504,0.174455,0,231.402463,scenario_003,medium
6826,218,10.666723,0.14735,1.0,2,231.162131,scenario_003,medium
6827,218,1.320455,0.328145,0.126881,1,221.882945,scenario_003,short
6828,218,8.524468,0.370481,0.696605,2,234.981114,scenario_003,medium
6829,218,13.969016,0.975191,0.552661,0,271.138004,scenario_003,long
6830,218,2.016865,0.056326,0.643074,0,225.283417,scenario_003,short
6831,218,2.023039,0.577499,0.453192,2,220.517436,scenario_003,short
6832,218,0.921036,0.060863,0.055577,2,219.161679,scenario_003,short
6833,218,19.069083,0.850201,1.0,1,274.644731,scenario_003,long
6834,218,0.802392,0.143579,0.444091,0,220.685433,scenario_003,short
6835,218,1.131137,0.325939,0.251782,2,220.249562,scenario_003,short
6836,218,21.179663,0.58172,0.731022,1,254.077796,scenario_003,long
6837,218,1.234445,0.565118,0.993177,0,224.712008,scenario_003,short
6838,218,17.146029,0.603982,0.278752,0,306.679933,scenario_003,medium
6839,218,1.211912,0.12977,0.819223,1,221.634942,scenario_003,short
6840,218,1.454991,0.337802,0.8294,1,220.563197,scenario_003,short
6841,218,1.85568,0.365853,0.852633,0,227.457695,scenario_003,short
6842,218,1.620883,0.326992,0.672609,0,224.227265,scenario_003,short
6843,218,5.610497,0.17665,0.649157,0,248.837704,scenario_003,medium
6844,218,13.449331,0.157921,0.508817,1,251.224777,scenario_003,medium
6845,218,14.797606,1.0,1.0,2,242.201994,scenario_003,medium
6846,218,1.529814,0.524987,0.642268,0,224.575773,scenario_003,short
6847,218,1.246398,0.21846,0.224532,0,223.584805,scenario_003,short
6848,218,3.898968,0.197548,0.832963,0,232.744285,scenario_003,short
6849,218,19.159878,0.492994,0.395673,0,279.703756,scenario_003,medium
6850,218,11.168467,0.339856,0.47227,1,238.866409,scenario_003,medium
6851,218,1.55921,0.197587,0.778134,0,224.01081,scenario_003,short
6852,218,10.164092,0.680183,0.770947,0,267.656607,scenario_003,medium
6853,218,1.191553,0.19769,0.342459,0,224.276055,scenario_003,short
6854,218,1.068251,0.430124,0.899152,0,223.430753,scenario_003,short
6855,218,0.822361,0.667803,0.237412,2,219.02244,scenario_003,short
6856,218,15.404156,0.556809,0.335545,1,251.097462,scenario_003,medium
6857,218,0.945435,0.062711,1.0,2,219.615475,scenario_003,short
6858,218,1.603815,0.252699,0.350826,0,226.038084,scenario_003,short
6859,218,16.67858,0.748571,0.757516,1,260.136574,scenario_003,medium
6860,218,10.260029,0.492077,0.230098,1,244.398713,scenario_003,medium
6861,218,0.794744,0.136017,0.650305,1,220.156313,scenario_003,short
6862,218,1.474881,0.299041,0.439285,0,224.661658,scenario_003,short
6863,218,1.195792,0.172509,0.728112,0,221.795582,scenario_003,short
6864,218,5.858609,0.203958,0.762683,2,226.275563,scenario_003,medium
6865,218,8.216612,0.510385,0.831349,0,259.961792,scenario_003,medium
6866,218,0.80736,0.275445,0.769699,1,219.967175,scenario_003,short
6867,218,43.49223,0.623406,0.682726,2,273.088157,scenario_003,long
6868,218,1.574295,0.418183,0.773124,0,226.639467,scenario_003,short
6869,218,12.572994,0.16294,0.398266,1,249.208643,scenario_003,medium
6870,218,10.638626,0.648463,0.452023,0,273.72007,scenario_003,medium
6871,218,7.61792,1.0,0.629324,0,251.896084,scenario_003,medium
6872,218,0.864636,0.332209,0.133227,0,221.012048,scenario_003,short
6873,218,2.087241,0.274679,0.498864,0,227.756558,scenario_003,short
6874,218,11.364119,0.8552,0.781305,1,250.04094,scenario_003,medium
6875,218,15.153393,0.446516,0.196335,1,247.800526,scenario_003,long
6876,218,0.620012,0.72747,0.41795,2,219.0,scenario_003,short
6877,218,1.442549,0.406011,0.91964,0,222.830557,scenario_003,short
6878,218,1.00569,0.361483,0.50766,0,221.288158,scenario_003,short
6879,218,11.612778,0.274578,0.402965,0,274.766282,scenario_003,medium
6880,218,1.611701,0.224769,0.781189,0,224.163999,scenario_003,short
6881,218,8.24604,1.0,0.633768,0,255.273543,scenario_003,medium
6882,218,10.29697,0.580277,0.543734,0,263.602219,scenario_003,medium
6883,218,23.297342,1.0,1.0,2,247.079276,scenario_003,long
6884,218,1.746845,0.557676,0.958958,1,222.512199,scenario_003,short
6885,218,1.932438,0.426271,0.666573,1,221.46119,scenario_003,short
6886,219,10.049262,0.727726,1.0,1,238.929374,scenario_003,medium
6887,219,2.041823,0.443894,0.331692,1,222.408979,scenario_003,short
6888,219,0.911222,0.293832,0.491325,1,220.817187,scenario_003,short
6889,219,1.891675,0.653514,0.684504,1,224.007488,scenario_003,short
6890,219,1.897096,0.166533,0.452091,0,227.401999,scenario_003,short
6891,219,0.972523,0.104442,0.157104,0,223.918956,scenario_003,short
6892,219,8.699766,0.37345,0.080612,1,245.169117,scenario_003,medium
6893,219,1.899394,0.345355,0.161176,0,224.966453,scenario_003,short
6894,219,16.855442,0.56343,0.191271,1,269.393236,scenario_003,medium
6895,219,8.636173,0.695857,0.169744,0,262.775429,scenario_003,medium
6896,219,0.692711,0.383018,0.859819,0,221.359604,scenario_003,short
6897,219,2.324552,0.543155,0.861256,0,231.005873,scenario_003,short
6898,219,10.786412,0.288698,0.465929,0,255.56013,scenario_003,medium
6899,219,1.204868,0.214085,0.552238,0,224.792365,scenario_003,short
6900,219,1.046807,0.414633,0.477603,1,221.736051,scenario_003,short
6901,219,0.856571,0.426959,0.589131,0,221.720734,scenario_003,short
6902,219,10.990047,0.213249,0.434934,1,242.03981,scenario_003,medium
6903,219,3.104395,0.422589,0.739437,1,227.50048,scenario_003,short
6904,219,2.228998,0.298423,0.607057,2,222.008555,scenario_003,short
6905,219,2.18379,0.219601,0.230884,1,222.723117,scenario_003,short
6906,219,1.093857,0.197406,0.77409,2,220.56303,scenario_003,short
6907,219,2.17323,0.694189,0.085608,1,224.190435,scenario_003,short
6908,219,1.117039,0.422262,0.461469,0,223.173751,scenario_003,short
6909,219,1.136783,0.421724,0.311766,1,221.499409,scenario_003,short
6910,219,0.975387,0.225346,0.070845,1,221.710418,scenario_003,short
6911,219,1.171021,0.305447,0.241686,2,221.263224,scenario_003,short
6912,219,0.934703,0.216889,0.117389,2,220.427374,scenario_003,short
6913,219,22.674542,0.354044,0.062756,0,299.507828,scenario_003,medium
6914,219,7.859381,0.134252,0.369157,2,232.905679,scenario_003,medium
6915,219,0.768073,0.326786,0.427498,1,220.552873,scenario_003,short
6916,219,1.182191,0.63593,0.686533,0,223.75975,scenario_003,short
6917,219,1.308139,0.793615,0.795954,1,222.671408,scenario_003,short
6918,219,26.949411,0.844797,0.439019,0,309.84041,scenario_003,medium
6919,219,18.586748,1.0,0.937617,0,322.391284,scenario_003,long
6920,219,7.664968,0.793784,0.445871,1,240.648481,scenario_003,medium
6921,219,2.980505,0.184968,0.090207,2,222.4335,scenario_003,short
6922,219,1.309963,0.369896,0.257956,0,225.021266,scenario_003,short
6923,219,1.050939,0.614041,0.143941,1,221.443762,scenario_003,short
6924,219,2.70762,0.792647,0.486111,0,233.121092,scenario_003,short
6925,219,7.959996,0.981288,0.638341,0,258.773186,scenario_003,medium
6926,219,10.776444,0.792718,0.230066,0,263.312347,scenario_003,medium
6927,219,50.703667,0.264038,0.845815,0,462.356151,scenario_003,long
6928,219,1.159023,0.321316,0.618192,1,222.47449,scenario_003,short
6929,219,45.149909,0.581474,0.663046,0,414.242538,scenario_003,long
6930,220,15.237398,0.45068,0.618713,2,241.495197,scenario_003,medium
6931,220,15.765762,0.171409,0.61538,0,270.821704,scenario_003,medium
6932,220,1.105115,0.657633,0.476856,0,225.899122,scenario_003,short
6933,220,1.204749,0.196102,0.34011,1,223.310665,scenario_003,short
6934,220,1.429404,0.199995,0.263849,0,226.932712,scenario_003,short
6935,220,14.165621,0.144606,0.583965,2,237.408145,scenario_003,medium
6936,220,1.195359,0.331832,0.797503,0,223.832785,scenario_003,short
6937,220,10.703535,0.12021,0.415,0,254.624134,scenario_003,medium
6938,220,0.677595,0.20311,0.169123,0,222.362221,scenario_003,short
6939,220,1.139467,0.421434,0.440781,0,224.554331,scenario_003,short
6940,220,12.647535,0.595919,0.879791,2,239.690201,scenario_003,medium
6941,220,69.939437,0.506675,0.463702,1,358.411875,scenario_003,long
6942,220,2.252324,0.058575,0.545394,0,231.110074,scenario_003,short
6943,220,6.953647,0.249867,0.514215,2,229.705657,scenario_003,medium
6944,220,1.07213,0.864801,0.377795,0,224.176169,scenario_003,short
6945,220,23.690086,0.264092,0.428615,0,333.042008,scenario_003,medium
6946,220,1.266478,0.170258,0.05,0,225.328146,scenario_003,short
6947,220,1.75561,0.141036,0.157272,0,228.729734,scenario_003,short
6948,220,9.3876,0.288836,0.6655,0,254.04396,scenario_003,medium
6949,220,1.897841,0.256411,0.788786,2,222.946705,scenario_003,short
6950,220,1.536629,0.5299,0.859989,0,228.108194,scenario_003,short
6951,220,2.121648,0.056021,0.703379,0,230.105366,scenario_003,short
6952,220,8.110511,0.939815,0.923255,0,249.254863,scenario_003,medium
6953,220,0.739914,0.268363,0.716053,0,223.683679,scenario_003,short
6954,220,2.105122,0.336591,0.644675,2,223.193879,scenario_003,short
6955,220,1.915234,0.329047,0.743917,0,228.453433,scenario_003,short
6956,220,8.106268,0.253255,0.313021,0,259.222118,scenario_003,medium
6957,220,37.085634,0.465609,0.149395,0,372.326686,scenario_003,medium
6958,220,1.330801,0.220686,0.676579,0,226.677427,scenario_003,short
6959,220,12.523486,0.691327,0.717271,0,267.793605,scenario_003,medium
6960,220,15.704867,0.131355,0.688455,1,263.699237,scenario_003,medium
6961,220,1.564279,0.083281,0.443995,1,224.520477,scenario_003,short
6962,220,2.250656,0.054699,0.11174,1,226.079894,scenario_003,short
6963,220,24.294318,0.901581,0.856117,0,349.592663,scenario_003,medium
6964,220,13.876673,0.427167,0.242525,0,297.41708,scenario_003,medium
6965,220,0.940253,0.272548,0.372441,0,224.917868,scenario_003,short
6966,220,1.831939,0.283323,0.227756,1,225.076857,scenario_003,short
6967,220,0.798487,0.496984,0.729443,0,223.391332,scenario_003,short
6968,220,12.183527,0.469126,0.209861,1,252.050867,scenario_003,medium
6969,220,1.172034,0.13075,0.266402,1,222.388047,scenario_003,short
6970,220,1.178291,0.217174,0.084294,0,226.204115,scenario_003,short
6971,220,1.24615,0.1445,0.869141,0,226.901295,scenario_003,short
6972,221,1.631708,0.416773,0.186248,0,227.310257,scenario_003,short
6973,221,6.385997,0.673389,0.538088,0,256.485514,scenario_003,medium
6974,221,1.617411,0.325119,0.514383,1,223.910104,scenario_003,short
6975,221,0.937217,0.30222,0.488866,1,222.760792,scenario_003,short
6976,221,9.384657,0.374027,0.166599,0,253.497238,scenario_003,medium
6977,221,7.904914,0.387174,0.850816,0,250.765008,scenario_003,medium
6978,221,1.586508,0.109785,0.710171,1,224.137741,scenario_003,short
6979,221,27.388037,0.397851,0.09065,1,284.788022,scenario_003,medium
6980,221,23.315647,0.75425,0.552345,2,253.412477,scenario_003,long
6981,221,2.088004,0.169422,0.207826,2,224.415566,scenario_003,short
6982,221,16.886503,0.467324,1.0,0,292.77147,scenario_003,medium
6983,221,11.257734,0.943565,0.462419,0,256.43484,scenario_003,medium
6984,221,1.982882,0.435939,0.715418,0,232.229939,scenario_003,short
6985,221,1.972181,0.448189,0.855035,0,229.553955,scenario_003,short
6986,221,0.745485,0.306011,0.584159,0,224.277884,scenario_003,short
6987,221,11.229003,0.542754,0.38324,1,243.603551,scenario_003,medium
6988,221,2.077128,0.393342,0.695212,1,226.778187,scenario_003,short
6989,221,1.046941,0.317858,0.704818,0,224.497183,scenario_003,short
6990,221,1.096133,0.600221,0.709928,0,226.048031,scenario_003,short
6991,221,1.396767,0.587517,0.94836,1,223.330883,scenario_003,short
6992,221,2.016954,0.121261,0.520522,1,226.823185,scenario_003,short
6993,221,1.373213,0.355424,0.281424,0,225.883774,scenario_003,short
6994,221,9.63195,0.86014,0.819561,0,256.670226,scenario_003,medium
6995,221,1.449337,0.176559,0.548385,0,228.567252,scenario_003,short
6996,221,1.565531,0.712664,0.246837,1,223.846333,scenario_003,short
6997,221,0.973017,0.193734,0.705143,0,225.691417,scenario_003,short
6998,221,8.020055,0.392048,0.248368,0,262.428682,scenario_003,medium
6999,221,2.343029,0.122222,0.478453,0,230.430331,scenario_003,short
7000,221,2.462499,0.477051,0.881685,0,229.011209,scenario_003,short
7001,221,7.489585,0.168787,0.935618,1,243.337603,scenario_003,medium
7002,221,1.521209,0.474583,0.619891,0,228.922693,scenario_003,short
7003,221,12.575986,0.486687,0.522084,0,280.673597,scenario_003,medium
7004,221,9.655868,0.489211,0.678403,0,273.834286,scenario_003,medium
7005,221,12.596478,0.67618,0.114917,0,290.056313,scenario_003,medium
7006,221,2.581017,0.262246,0.421188,2,225.669208,scenario_003,short
7007,221,0.540152,0.675135,0.748564,0,222.731651,scenario_003,short
7008,221,1.400789,0.396187,1.0,1,223.583893,scenario_003,short
7009,222,9.796624,0.381735,0.626037,0,265.265011,scenario_003,medium
7010,222,1.575993,0.364414,0.351106,0,230.393815,scenario_003,short
7011,222,1.151635,0.39206,0.561007,0,228.452875,scenario_003,short
7012,222,17.939153,0.392175,0.375189,0,296.619118,scenario_003,medium
7013,222,8.598204,0.584337,0.514937,0,269.295822,scenario_003,medium
7014,222,14.689421,0.659396,0.686206,0,297.367232,scenario_003,medium
7015,222,1.191425,0.06959,0.163345,0,227.066156,scenario_003,short
7016,222,7.206926,0.631853,0.360132,0,260.593245,scenario_003,medium
7017,222,0.93285,0.435886,0.721731,0,225.551942,scenario_003,short
7018,222,9.069264,0.69423,0.555726,1,243.414607,scenario_003,medium
7019,222,1.595175,0.826797,0.607011,0,227.811361,scenario_003,short
7020,222,31.114448,0.7054,0.8294,0,364.638146,scenario_003,long
7021,222,1.170375,0.703709,0.715682,0,226.825444,scenario_003,short
7022,222,10.73747,0.383089,1.0,1,246.605318,scenario_003,medium
7023,222,19.462828,0.866869,0.323574,1,259.917497,scenario_003,long
7024,222,1.390092,0.147488,0.28069,0,227.97712,scenario_003,short
7025,222,0.946165,0.053302,0.606718,1,224.663813,scenario_003,short
7026,222,12.75058,0.890041,0.974402,2,242.728691,scenario_003,medium
7027,222,21.196213,0.300089,0.857075,0,308.511705,scenario_003,medium
7028,222,1.04496,0.056659,0.227351,1,224.468196,scenario_003,short
7029,222,7.291353,1.0,0.65776,0,257.401217,scenario_003,medium
7030,222,3.030291,0.06862,0.549879,1,227.710861,scenario_003,short
7031,222,8.527605,0.889213,0.440005,0,249.907648,scenario_003,medium
7032,222,1.712652,0.219197,0.720161,0,227.450591,scenario_003,short
7033,222,7.502691,0.596972,1.0,0,261.782432,scenario_003,medium
7034,222,1.501892,0.299266,0.431371,0,226.790138,scenario_003,short
7035,222,0.931562,0.548835,0.526329,1,223.98061,scenario_003,short
7036,222,1.691862,0.381418,1.0,0,231.53181,scenario_003,short
7037,222,5.035702,0.218768,0.413224,0,240.903744,scenario_003,medium
7038,222,12.777763,0.447701,1.0,0,266.890789,scenario_003,medium
7039,222,1.372356,0.526467,0.537012,2,223.579469,scenario_003,short
7040,222,2.689477,0.065765,0.550324,0,233.140596,scenario_003,short
7041,222,8.765881,0.483432,0.639347,1,242.820316,scenario_003,long
7042,222,1.205699,0.375516,0.321417,1,224.401062,scenario_003,short
7043,222,6.837602,0.922824,0.379894,1,241.828116,scenario_003,medium
7044,222,1.382284,0.335504,0.524421,0,229.597957,scenario_003,short
7045,222,1.687187,0.093289,0.739966,0,230.976948,scenario_003,short
7046,222,2.760004,0.161183,0.401726,0,232.387347,scenario_003,short
7047,222,1.073638,0.120397,0.630502,0,225.319758,scenario_003,short
7048,222,6.886495,0.419915,0.263896,0,252.23506,scenario_003,medium
7049,222,0.857066,0.296583,0.179736,1,224.421962,scenario_003,short
7050,222,1.887166,0.48365,0.735189,1,225.756546,scenario_003,short
7051,222,10.324581,0.513809,0.600847,0,257.091043,scenario_003,medium
7052,222,1.127326,0.315431,0.369067,0,225.908244,scenario_003,short
7053,222,0.978848,0.74177,0.367916,0,225.600584,scenario_003,short
7054,223,14.856819,0.249655,0.264016,1,251.702772,scenario_003,medium
7055,223,10.637923,0.482121,0.815709,0,262.256783,scenario_003,medium
7056,223,1.281807,0.57999,0.999054,0,228.753915,scenario_003,short
7057,223,12.089059,0.365386,0.642584,1,251.992227,scenario_003,medium
7058,223,2.820122,0.348669,0.589422,0,232.108285,scenario_003,short
7059,223,1.490855,0.56158,0.444016,0,229.207772,scenario_003,short
7060,223,1.018911,0.325471,0.401162,0,226.731126,scenario_003,short
7061,223,1.644469,0.100375,0.126184,0,230.331013,scenario_003,short
7062,223,1.428766,0.604482,0.382757,0,229.240206,scenario_003,short
7063,223,2.441568,0.393996,0.392133,0,234.000074,scenario_003,short
7064,223,21.128849,0.505208,0.124436,0,323.263227,scenario_003,medium
7065,223,2.429459,0.668064,0.337175,1,229.13038,scenario_003,short
7066,223,1.289732,0.306408,0.700017,0,227.164936,scenario_003,short
7067,223,1.544705,0.403508,0.376799,2,225.724852,scenario_003,short
7068,223,4.779811,0.64555,1.0,1,234.920027,scenario_003,medium
7069,223,2.086938,0.40264,0.471264,1,228.993212,scenario_003,short
7070,223,1.485473,0.180472,0.32675,1,226.876469,scenario_003,short
7071,223,1.407661,0.399691,0.48445,2,225.755147,scenario_003,short
7072,223,1.779208,0.335783,1.0,2,225.217365,scenario_003,short
7073,223,0.970165,0.066911,0.705564,0,227.609425,scenario_003,short
7074,223,1.756162,0.361681,0.246784,0,230.96798,scenario_003,short
7075,223,1.409704,0.322308,0.89492,0,227.804363,scenario_003,short
7076,223,4.685325,0.868163,0.464094,1,232.838808,scenario_003,medium
7077,223,19.657395,0.373199,0.29002,0,294.825852,scenario_003,medium
7078,223,1.411354,0.434153,0.547515,0,229.231877,scenario_003,short
7079,223,1.280548,0.322514,0.749912,0,229.355649,scenario_003,short
7080,223,0.693198,0.41582,0.596956,2,224.071366,scenario_003,short
7081,223,1.517985,0.308624,0.739937,0,229.973927,scenario_003,short
7082,223,1.024715,0.607765,0.426478,2,224.989677,scenario_003,short
7083,223,14.323487,1.0,0.846678,0,274.097807,scenario_003,medium
7084,223,11.197011,0.126929,0.348738,0,278.388441,scenario_003,medium
7085,223,7.058577,1.0,0.877886,2,231.518363,scenario_003,medium
7086,223,7.211872,0.441805,0.398993,2,231.528302,scenario_003,medium
7087,223,1.715855,0.08981,0.471689,1,226.351287,scenario_003,short
7088,223,1.494757,0.476863,0.155016,0,229.526035,scenario_003,short
7089,223,0.910756,0.27645,0.81297,0,226.76446,scenario_003,short
7090,223,1.971608,0.523184,1.0,1,226.776422,scenario_003,short
7091,223,0.966606,0.379789,1.0,1,225.356406,scenario_003,short
7092,223,1.468504,0.387399,0.905561,2,225.742972,scenario_003,short
7093,223,0.838617,0.330033,0.354026,1,224.942219,scenario_003,short
7094,223,1.001376,0.158383,0.828276,0,227.209165,scenario_003,short
7095,223,8.741257,0.642468,0.109583,2,235.487253,scenario_003,medium
7096,223,47.13896,0.448009,0.0659,2,281.740755,scenario_003,medium
7097,224,10.637501,0.143021,0.05,1,244.330177,scenario_003,medium
7098,224,1.192708,0.468198,0.45724,0,230.273361,scenario_003,short
7099,224,0.653085,0.346262,0.21437,2,225.0,scenario_003,short
7100,224,1.227679,0.156504,0.965793,1,227.68501,scenario_003,short
7101,224,1.768444,0.38427,0.546738,1,227.285086,scenario_003,short
7102,224,2.445976,0.233621,0.779371,0,235.296609,scenario_003,short
7103,224,1.906305,0.379021,0.763817,0,232.006808,scenario_003,short
7104,224,1.62845,0.35675,0.962806,1,227.754485,scenario_003,short
7105,224,1.866805,0.053894,0.430746,0,233.563971,scenario_003,short
7106,224,1.42267,0.553675,1.0,1,227.418828,scenario_003,short
7107,224,1.287696,0.153859,0.656701,1,226.995836,scenario_003,short
7108,224,1.345705,0.316813,0.152373,0,228.674347,scenario_003,short
7109,224,18.250009,0.469981,0.518418,0,318.494139,scenario_003,long
7110,224,24.457295,0.690183,0.403623,2,255.656004,scenario_003,medium
7111,224,2.311774,0.279135,0.945588,0,235.983684,scenario_003,short
7112,224,1.268899,0.733073,0.764848,1,226.989718,scenario_003,short
7113,224,1.012697,0.33547,0.28296,1,226.478974,scenario_003,short
7114,224,2.498029,0.419287,0.718423,0,236.781431,scenario_003,short
7115,224,2.601091,0.279374,0.605167,0,235.932906,scenario_003,short
7116,224,2.212469,0.263992,0.396205,1,227.919451,scenario_003,short
7117,224,14.229408,0.308478,0.977922,1,253.637357,scenario_003,medium
7118,224,1.659061,0.317362,0.265287,0,232.979359,scenario_003,short
7119,224,1.44326,0.122492,0.641759,0,231.272684,scenario_003,short
7120,224,8.356598,0.419182,0.705188,0,250.085888,scenario_003,medium
7121,224,15.988292,0.491942,0.815594,0,281.932567,scenario_003,medium
7122,224,18.064169,0.361534,0.802373,0,300.856527,scenario_003,medium
7123,224,0.97655,0.443423,0.16193,1,225.992396,scenario_003,short
7124,224,26.092378,0.617802,0.676599,0,315.856981,scenario_003,medium
7125,224,1.267308,0.434237,0.551767,0,228.367557,scenario_003,short
7126,224,2.065559,0.11538,0.644737,0,231.260961,scenario_003,short
7127,224,1.123334,0.228703,0.343194,0,228.654154,scenario_003,short
7128,224,12.758926,0.568455,0.732995,2,239.807395,scenario_003,long
7129,224,1.088537,0.790461,0.527224,1,225.833529,scenario_003,short
7130,224,0.783107,0.092901,0.902755,0,227.79867,scenario_003,short
7131,224,14.67171,0.996853,1.0,1,250.947848,scenario_003,medium
7132,224,1.827441,0.159086,0.788476,0,232.178319,scenario_003,short
7133,224,13.259977,0.802953,0.352248,0,278.938288,scenario_003,long
7134,225,1.618715,0.311293,0.881042,1,228.96428,scenario_003,short
7135,225,1.677107,0.667347,0.311669,0,234.061676,scenario_003,short
7136,225,1.584253,0.535961,0.05,0,232.886399,scenario_003,short
7137,225,12.031489,0.156129,0.438447,1,257.284043,scenario_003,medium
7138,225,0.998301,0.657248,0.498523,1,227.390065,scenario_003,short
7139,225,2.13402,0.408074,0.748856,2,228.66341,scenario_003,short
7140,225,1.448061,0.411335,0.624789,0,230.520554,scenario_003,short
7141,225,13.907156,0.995543,1.0,0,301.06379,scenario_003,long
7142,225,0.628572,0.436835,0.209999,0,228.336335,scenario_003,short
7143,225,6.036984,0.345173,0.18765,2,235.639929,scenario_003,medium
7144,225,34.086265,0.412158,0.964403,0,377.255566,scenario_003,long
7145,225,3.521056,0.225786,0.09204,1,234.41383,scenario_003,short
7146,225,0.943752,0.627481,0.337301,2,226.283397,scenario_003,short
7147,225,15.543532,0.971044,0.677963,1,268.779883,scenario_003,medium
7148,225,1.105194,0.426412,0.787891,0,230.86868,scenario_003,short
7149,225,1.824385,0.090276,0.59939,0,234.530616,scenario_003,short
7150,225,2.147465,0.37926,0.780464,0,237.002447,scenario_003,short
7151,225,23.145668,0.53952,0.693732,1,294.39713,scenario_003,long
7152,225,4.045597,0.718775,0.493429,1,236.086209,scenario_003,medium
7153,225,22.874464,0.644854,0.658242,1,293.688937,scenario_003,medium
7154,225,1.513738,0.084132,0.686722,0,230.819836,scenario_003,short
7155,225,10.927106,0.621616,0.628063,1,252.813156,scenario_003,medium
7156,225,2.067548,0.266039,0.401979,0,234.457292,scenario_003,short
7157,225,1.906604,0.779827,0.391572,1,229.520761,scenario_003,short
7158,225,1.471778,0.435412,0.730169,0,230.167014,scenario_003,short
7159,225,0.937799,0.335854,1.0,1,226.986402,scenario_003,short
7160,225,12.189186,0.739818,0.776989,2,247.371593,scenario_003,medium
7161,225,10.859279,0.350016,0.230632,1,251.212568,scenario_003,medium
7162,225,2.120344,0.102962,0.299589,1,230.200142,scenario_003,short
7163,225,0.866532,0.33625,0.293675,1,226.946359,scenario_003,short
7164,225,1.777906,0.122634,0.448954,1,228.977602,scenario_003,short
7165,225,18.395218,0.824569,0.780693,0,322.425279,scenario_003,long
7166,225,18.797937,0.415112,0.548086,1,281.26492,scenario_003,medium
7167,225,9.351049,0.591511,0.708373,0,268.058897,scenario_003,medium
7168,226,1.425052,0.518614,0.093735,2,227.692833,scenario_003,short
7169,226,7.714475,0.945834,0.146636,2,238.038344,scenario_003,long
7170,226,1.619766,0.44915,0.135693,2,229.103163,scenario_003,short
7171,226,2.28372,0.661939,0.267416,0,233.600204,scenario_003,short
7172,226,6.09279,0.209869,0.393683,0,256.761342,scenario_003,medium
7173,226,2.077301,0.363564,0.565884,1,230.904511,scenario_003,short
7174,226,2.453563,0.412356,0.434045,1,230.923979,scenario_003,short
7175,226,1.673923,0.519097,0.498636,0,234.793875,scenario_003,short
7176,226,11.89015,1.0,0.707682,0,269.828533,scenario_003,medium
7177,226,2.078042,0.404792,0.784745,1,230.994685,scenario_003,short
7178,226,1.200864,0.334466,1.0,0,232.5827,scenario_003,short
7179,226,16.595596,0.922552,0.422674,0,280.081333,scenario_003,long
7180,226,1.506491,0.408536,0.560626,0,234.046343,scenario_003,short
7181,226,1.034956,0.054578,0.851697,1,227.713945,scenario_003,short
7182,226,0.967852,0.416319,0.900301,0,231.419288,scenario_003,short
7183,226,1.330745,0.18558,0.943564,1,228.800662,scenario_003,short
7184,226,1.259552,0.274969,0.622978,0,230.937586,scenario_003,short
7185,226,2.934733,0.141936,0.361795,0,236.612409,scenario_003,short
7186,226,2.151105,0.074984,0.520554,2,228.625699,scenario_003,short
7187,226,9.024692,0.694391,1.0,0,257.09697,scenario_003,medium
7188,226,7.071073,0.552449,0.650365,0,255.903248,scenario_003,medium
7189,226,21.267904,1.0,0.805729,0,335.774207,scenario_003,medium
7190,226,2.831281,0.791208,0.607721,1,234.319538,scenario_003,short
7191,226,0.677319,0.748879,0.247862,1,227.906096,scenario_003,short
7192,226,1.416458,0.185981,0.745233,1,229.663301,scenario_003,short
7193,226,10.241839,0.236459,0.868435,0,272.960556,scenario_003,medium
7194,226,1.450629,0.565307,0.232106,0,231.293427,scenario_003,short
7195,226,9.679459,0.926715,0.608504,0,278.592105,scenario_003,medium
7196,227,0.691202,0.162946,0.323993,0,230.272487,scenario_003,short
7197,227,1.108809,0.089338,0.83859,1,229.128455,scenario_003,short
7198,227,13.758511,0.547161,0.717767,2,248.551504,scenario_003,medium
7199,227,14.172071,0.5831,0.494956,1,254.243958,scenario_003,medium
7200,227,1.576613,0.274038,0.446347,0,235.077605,scenario_003,short
7201,227,1.238484,0.305278,0.826352,2,228.601938,scenario_003,short
7202,227,9.639752,0.700359,0.540657,1,243.959325,scenario_003,medium
7203,227,1.025234,0.183614,0.853433,1,229.046692,scenario_003,short
7204,227,2.577587,0.361026,0.882261,0,235.74164,scenario_003,short
7205,227,2.05726,0.30146,0.480071,0,237.011761,scenario_003,short
7206,227,1.192025,0.76285,0.792342,0,233.040549,scenario_003,short
7207,227,1.322719,0.771278,0.674502,1,230.721189,scenario_003,short
7208,227,1.387484,0.235745,0.515775,2,229.701759,scenario_003,short
7209,227,20.755557,0.862291,0.759884,1,275.639729,scenario_003,long
7210,227,5.920464,0.689825,0.755106,1,241.175564,scenario_003,medium
7211,227,1.667258,0.321813,0.177332,1,231.052343,scenario_003,short
7212,227,13.842169,0.254029,0.599407,2,248.624708,scenario_003,long
7213,227,11.312046,0.485279,0.290594,1,253.809777,scenario_003,long
7214,227,43.538031,0.634802,0.706274,2,299.064548,scenario_003,long
7215,227,1.187575,0.34119,0.725019,1,229.389044,scenario_003,short
7216,227,1.665369,0.270522,0.438211,2,230.31597,scenario_003,short
7217,227,2.470898,0.379608,1.0,1,231.511491,scenario_003,short
7218,227,0.947409,0.279628,0.842739,0,229.982322,scenario_003,short
7219,227,9.969259,0.708484,0.76811,2,244.823725,scenario_003,medium
7220,227,12.680756,0.713869,1.0,1,255.900188,scenario_003,medium
7221,227,1.384931,0.686828,0.648896,1,230.428572,scenario_003,short
7222,227,13.727377,0.722153,0.416416,2,242.433043,scenario_003,long
7223,227,1.21411,0.355434,0.584989,0,231.122231,scenario_003,short
7224,227,15.784219,0.171163,0.676768,0,304.713516,scenario_003,medium
7225,227,9.98986,0.136292,0.436738,1,248.994265,scenario_003,medium
7226,227,1.750421,0.43621,0.715952,1,230.499049,scenario_003,short
7227,227,1.451203,0.14215,0.667691,1,230.463944,scenario_003,short
7228,228,13.24069,0.575281,0.580425,1,267.535024,scenario_003,medium
7229,228,0.860642,0.206188,0.942291,0,232.838926,scenario_003,short
7230,228,1.22009,0.496667,0.993094,0,234.478474,scenario_003,short
7231,228,7.230302,0.517118,0.179187,0,262.118062,scenario_003,medium
7232,228,11.053059,0.217162,0.634452,0,288.736627,scenario_003,medium
7233,228,11.104133,0.414224,1.0,2,247.003949,scenario_003,medium
7234,228,11.362967,0.905175,0.457036,0,283.747477,scenario_003,long
7235,228,11.179361,0.304587,0.992156,1,261.109982,scenario_003,medium
7236,228,6.437764,0.619664,0.375093,0,256.43668,scenario_003,medium
7237,228,22.184909,0.759223,0.157262,2,255.468208,scenario_003,long
7238,228,7.541803,0.532172,0.791778,1,241.739677,scenario_003,medium
7239,228,1.65545,0.266396,0.356242,2,231.022967,scenario_003,short
7240,228,7.110196,0.634941,0.306175,0,265.461747,scenario_003,long
7241,228,0.488693,0.40621,0.46053,0,230.112838,scenario_003,short
7242,228,12.020259,0.42239,0.263295,0,295.424851,scenario_003,medium
7243,228,1.493934,0.082815,0.608515,2,230.166482,scenario_003,short
7244,228,1.498576,0.291381,0.05,1,232.489703,scenario_003,short
7245,228,1.515541,0.326328,0.930405,0,234.358571,scenario_003,short
7246,228,1.866576,0.336912,0.424436,0,238.25872,scenario_003,short
7247,228,0.858337,0.220155,0.381273,1,230.042373,scenario_003,short
7248,228,1.428631,0.454444,0.907867,0,233.945836,scenario_003,short
7249,228,0.695284,0.439079,0.355785,0,230.166964,scenario_003,short
7250,228,1.188018,0.379373,1.0,1,230.176764,scenario_003,short
7251,228,12.001702,0.691265,0.398516,0,286.466334,scenario_003,medium
7252,228,1.395347,0.26368,0.137055,0,234.812956,scenario_003,short
7253,228,1.887238,0.61715,0.861207,1,232.577967,scenario_003,short
7254,228,1.719298,0.134261,0.248298,1,232.25208,scenario_003,short
7255,228,4.627386,0.886192,1.0,1,235.762511,scenario_003,medium
7256,228,1.412625,0.295174,0.928343,0,234.879001,scenario_003,short
7257,228,1.163218,0.642392,0.572731,1,230.937157,scenario_003,short
7258,228,10.480589,0.459518,0.581867,0,270.668882,scenario_003,medium
7259,228,1.772454,0.294662,0.66059,2,230.891382,scenario_003,short
7260,228,3.2165,0.163979,0.518812,2,232.679394,scenario_003,short
7261,228,9.85225,0.49886,0.600581,0,271.623365,scenario_003,medium
7262,228,9.373037,0.946129,0.867155,1,251.699765,scenario_003,medium
7263,228,0.684987,0.280129,0.736262,1,229.574466,scenario_003,short
7264,228,1.384493,0.244115,0.219067,0,235.507974,scenario_003,short
7265,228,1.471145,0.430446,0.667592,0,235.598439,scenario_003,short
7266,228,1.071396,0.610584,0.750864,0,232.403866,scenario_003,short
7267,228,26.616976,0.88427,0.81657,0,360.023672,scenario_003,long
7268,228,0.762204,0.113584,0.87654,1,229.811751,scenario_003,short
7269,228,1.720203,0.252932,0.091925,2,229.919297,scenario_003,short
7270,228,0.711507,0.206051,0.308731,1,230.027143,scenario_003,short
7271,228,29.464559,0.930647,0.699125,1,279.369337,scenario_003,long
7272,228,8.302624,1.0,0.430716,1,244.008047,scenario_003,medium
7273,228,1.094904,0.577479,0.4868,2,229.762719,scenario_003,short
7274,228,1.465599,0.111616,0.202025,0,235.243436,scenario_003,short
7275,228,2.289638,0.377776,0.697507,0,237.05214,scenario_003,short
7276,228,18.83934,0.491979,0.325964,0,321.927524,scenario_003,medium
7277,228,1.15318,0.421443,0.483048,0,233.189929,scenario_003,short
7278,228,1.588022,0.153179,0.395862,0,236.691031,scenario_003,short
7279,228,1.551772,0.371967,0.846717,1,231.943339,scenario_003,short
7280,228,1.976548,0.836414,0.799924,0,236.712998,scenario_003,short
7281,228,31.533257,0.304777,0.889732,0,396.000683,scenario_003,long
7282,228,7.194321,0.805678,1.0,1,244.515281,scenario_003,medium
7283,228,1.318905,0.549325,0.713005,0,232.740583,scenario_003,short
7284,228,1.080308,0.098238,0.150053,2,229.391638,scenario_003,short
7285,228,1.015079,0.232494,0.360176,0,232.468581,scenario_003,short
7286,228,1.044699,0.834926,0.367687,0,233.352156,scenario_003,short
7287,228,2.563688,0.361954,0.478094,0,238.601692,scenario_003,short
7288,228,1.137216,0.281692,0.922266,1,230.008132,scenario_003,short
7289,228,8.069139,0.432162,0.772012,1,249.12372,scenario_003,medium
7290,228,1.054463,0.171362,0.579968,0,233.495367,scenario_003,short
7291,228,3.392941,0.052052,0.504721,0,239.698354,scenario_003,short
7292,228,1.212768,0.417692,0.299725,0,232.483763,scenario_003,short
7293,228,1.453426,0.581335,0.196956,1,231.201409,scenario_003,short
7294,228,0.889451,0.347193,0.05,0,233.027916,scenario_003,short
7295,228,0.719725,0.603846,0.761228,1,230.083797,scenario_003,short
7296,228,2.117264,0.177259,0.699691,1,232.682686,scenario_003,short
7297,228,0.890811,0.382008,0.464252,0,231.299389,scenario_003,short
7298,228,1.136287,0.350957,0.498499,2,229.463633,scenario_003,short
7299,228,9.437489,0.383465,0.48458,1,243.532365,scenario_003,medium
7300,228,15.637759,0.199723,0.725239,1,269.541439,scenario_003,medium
7301,228,2.726279,0.185795,0.897914,0,239.166798,scenario_003,short
7302,228,2.749505,0.085918,0.368323,1,233.078596,scenario_003,short
7303,228,20.169499,0.640359,0.591795,1,282.993578,scenario_003,medium
7304,228,10.346998,0.788032,0.674388,0,285.737322,scenario_003,medium
7305,228,7.702162,0.454006,0.330846,2,241.501787,scenario_003,medium
7306,228,10.078332,0.513893,0.530662,1,244.84483,scenario_003,medium
7307,228,21.383959,0.848027,0.558887,1,278.12911,scenario_003,medium
7308,228,6.303124,0.287676,0.366209,0,252.576502,scenario_003,medium
7309,228,2.401764,0.187973,0.212944,0,237.250607,scenario_003,short
7310,228,1.283096,0.350028,0.561444,1,231.68349,scenario_003,short
7311,228,1.173708,0.459228,0.273465,0,234.526711,scenario_003,short
7312,228,44.221141,0.978243,0.862177,0,387.483498,scenario_003,long
7313,228,0.656402,0.670493,0.580902,1,229.357663,scenario_003,short
7314,228,0.860858,0.512451,0.419745,0,232.73064,scenario_003,short
7315,228,1.681252,0.713069,0.130676,1,232.926725,scenario_003,short
7316,228,1.490605,0.349084,0.596964,1,231.07141,scenario_003,short
7317,228,1.150064,0.687573,0.195645,1,230.90506,scenario_003,short
7318,228,9.408434,0.638198,0.288441,1,250.8583,scenario_003,medium
7319,228,2.158009,0.22653,0.531363,0,236.761216,scenario_003,short
7320,228,15.006392,0.234329,0.45048,1,272.342719,scenario_003,medium
7321,228,0.877057,0.33331,0.589452,0,232.127261,scenario_003,short
7322,228,7.028242,0.143101,0.24501,0,265.409436,scenario_003,medium
7323,229,2.614212,0.365774,0.623435,0,240.357457,scenario_003,short
7324,229,9.467582,0.324111,0.626746,0,280.99942,scenario_003,medium
7325,229,1.636921,0.337238,0.188731,1,233.379609,scenario_003,short
7326,229,1.267702,0.141026,0.621098,1,232.578166,scenario_003,short
7327,229,1.199015,0.650046,0.915895,1,232.071241,scenario_003,short
7328,229,15.749264,0.425998,0.392004,0,285.193966,scenario_003,long
7329,229,0.881566,0.151007,0.33481,2,230.683642,scenario_003,short
7330,229,12.014094,0.473506,0.544708,0,290.000972,scenario_003,medium
7331,229,15.349514,0.434897,0.669744,0,313.067811,scenario_003,medium
7332,229,1.805102,0.054835,0.235823,0,237.13565,scenario_003,short
7333,229,1.706643,0.672435,0.211199,0,235.85587,scenario_003,short
7334,229,10.865074,0.532145,1.0,1,247.45964,scenario_003,medium
7335,229,0.881912,0.428017,0.17925,0,233.381808,scenario_003,short
7336,229,1.52523,0.244951,0.681789,0,235.776692,scenario_003,short
7337,229,1.280291,0.283228,0.652278,2,231.173832,scenario_003,short
7338,229,1.449217,0.355098,0.336208,0,236.288404,scenario_003,short
7339,229,1.498139,0.330984,0.492308,2,231.101024,scenario_003,short
7340,229,10.169499,0.372805,0.194604,0,261.371138,scenario_003,medium
7341,229,1.771858,0.095558,0.892853,1,232.839655,scenario_003,short
7342,229,7.710238,0.608463,0.866966,0,254.023934,scenario_003,medium
7343,229,1.09962,0.334357,0.280501,1,231.819612,scenario_003,short
7344,229,0.810623,0.261393,0.463521,0,233.018939,scenario_003,short
7345,229,10.751078,1.0,1.0,0,284.82734,scenario_003,medium
7346,229,1.158771,0.297465,0.577074,1,231.869495,scenario_003,short
7347,229,1.378695,0.447224,0.389016,2,231.278152,scenario_003,short
7348,229,12.846834,0.362454,0.341311,0,280.911556,scenario_003,medium
7349,229,13.614564,0.298322,0.103186,1,265.604548,scenario_003,medium
7350,229,1.680394,0.576488,0.411328,2,231.59233,scenario_003,short
7351,229,1.562531,0.299332,0.605163,0,236.919416,scenario_003,short
7352,229,9.882928,0.580494,0.313041,1,245.287116,scenario_003,medium
7353,229,8.998916,0.462619,0.60453,0,274.744142,scenario_003,long
7354,229,1.202066,0.502374,0.288351,0,234.594462,scenario_003,short
7355,229,8.779542,1.0,0.755125,1,250.350818,scenario_003,medium
7356,229,16.738526,0.666982,0.252395,1,272.179336,scenario_003,medium
7357,229,1.146352,0.644128,0.360687,0,234.072131,scenario_003,short
7358,229,1.528031,0.271383,0.147856,0,237.153196,scenario_003,short
7359,229,1.193695,0.249745,0.383293,0,234.989032,scenario_003,short
7360,229,13.835387,0.253299,0.418014,0,306.938618,scenario_003,medium
7361,229,10.90588,0.813976,0.301639,2,248.134985,scenario_003,medium
7362,229,18.246483,0.386121,0.644072,1,271.818904,scenario_003,medium
7363,229,21.428873,0.324061,0.468208,0,328.957648,scenario_003,long
7364,229,1.652728,0.482886,0.215375,0,236.579721,scenario_003,short
7365,229,15.104959,0.704627,0.839806,2,247.125386,scenario_003,medium
7366,229,1.686514,0.73741,0.876258,2,232.191366,scenario_003,short
7367,229,0.831512,0.063806,0.608401,1,230.5112,scenario_003,short
7368,229,1.237793,0.515021,0.539974,2,231.069171,scenario_003,short
7369,229,1.332742,0.092047,0.150609,0,234.809291,scenario_003,short
7370,229,1.803033,0.408284,0.650488,0,237.074353,scenario_003,short
7371,229,10.505856,0.353573,0.267547,0,283.677492,scenario_003,medium
7372,229,1.72523,0.255286,0.997732,1,232.610575,scenario_003,short
7373,229,20.389782,0.25347,0.457147,1,273.837978,scenario_003,medium
7374,229,1.354662,0.605875,0.269538,0,233.291973,scenario_003,short
7375,229,19.002964,0.858843,0.619001,0,291.193483,scenario_003,medium
7376,229,0.975673,0.687344,0.550695,0,232.456424,scenario_003,short
7377,229,5.638069,0.867557,0.399715,1,244.737315,scenario_003,medium
7378,229,13.164071,0.859272,0.611382,1,254.069485,scenario_003,long
7379,229,1.189097,0.26008,0.452184,1,232.442088,scenario_003,short
7380,229,1.349152,0.078381,0.392964,0,234.93473,scenario_003,short
7381,229,1.686146,0.353303,0.90017,0,236.111523,scenario_003,short
7382,229,15.259752,0.964587,0.428019,0,307.031545,scenario_003,long
7383,229,1.408607,0.198536,0.660961,2,231.198393,scenario_003,short
7384,229,1.830717,0.381848,0.454611,0,237.670203,scenario_003,short
7385,229,4.185409,0.430755,0.216101,0,249.950884,scenario_003,medium
7386,229,1.225673,0.59112,0.729996,0,234.347744,scenario_003,short
7387,229,1.330762,0.442427,0.419722,1,231.77484,scenario_003,short
7388,229,2.226839,0.442367,0.417072,0,241.076255,scenario_003,short
7389,229,1.567453,0.474119,0.901552,1,232.88197,scenario_003,short
7390,229,20.678183,0.836961,0.922344,2,268.816343,scenario_003,medium
7391,229,1.060373,0.413098,0.259495,0,233.256108,scenario_003,short
7392,229,7.249756,0.683561,1.0,1,249.408243,scenario_003,medium
7393,229,3.9264,0.104951,0.905202,0,242.623087,scenario_003,short
7394,229,3.489101,0.410286,0.094478,2,234.893658,scenario_003,medium
7395,229,1.842817,0.162839,0.932962,0,236.910933,scenario_003,short
7396,229,1.39307,0.672656,0.91224,1,232.744587,scenario_003,short
7397,229,0.842931,0.323626,0.721491,1,230.787787,scenario_003,short
7398,229,1.50709,0.102815,1.0,0,235.047572,scenario_003,short
7399,229,1.184671,0.323254,0.394525,2,231.349143,scenario_003,short
7400,229,9.489304,0.609475,0.596152,1,248.707493,scenario_003,medium
7401,229,11.45914,0.666372,0.679681,0,287.660215,scenario_003,medium
7402,229,15.458433,0.23418,0.625004,2,255.800199,scenario_003,medium
7403,229,2.064052,0.701044,0.335677,0,237.167686,scenario_003,short
7404,229,2.695636,0.534718,1.0,0,240.599153,scenario_003,short
7405,229,3.3718,0.361659,0.671973,2,232.85539,scenario_003,short
7406,229,1.741193,0.516819,0.836254,0,236.231307,scenario_003,short
7407,229,17.464515,0.306271,0.510106,0,306.911527,scenario_003,medium
7408,229,3.839931,0.120487,0.753848,0,249.296391,scenario_003,short
7409,229,13.922036,0.30502,0.576612,0,303.915369,scenario_003,medium
7410,229,0.970214,0.424899,0.813617,0,233.796078,scenario_003,short
7411,229,1.106915,0.278824,0.477483,0,233.335691,scenario_003,short
7412,229,1.92626,0.144886,1.0,0,237.903084,scenario_003,short
7413,229,8.457961,0.33581,0.549993,0,261.808751,scenario_003,medium
7414,229,1.09381,0.351918,0.371491,0,232.603858,scenario_003,short
7415,229,32.545341,0.846043,0.081169,1,307.97329,scenario_003,long
7416,229,6.464266,0.309789,0.805375,1,242.434184,scenario_003,medium
7417,229,1.379554,0.340374,0.054472,1,231.804669,scenario_003,short
7418,229,1.488839,0.61903,0.571841,1,232.295012,scenario_003,short
7419,229,10.04242,0.170079,0.712358,0,283.130365,scenario_003,medium
7420,229,7.561922,0.321217,0.940295,2,240.952177,scenario_003,medium
7421,229,1.072412,0.136335,0.320687,1,231.636008,scenario_003,short
7422,229,2.722227,0.300145,0.975647,2,233.193368,scenario_003,short
7423,229,2.505971,0.40929,0.262238,1,233.248474,scenario_003,short
7424,229,8.851781,0.608411,0.81812,0,277.682374,scenario_003,medium
7425,229,0.927553,0.365544,0.198255,2,230.393398,scenario_003,short
7426,229,17.154177,0.326404,0.490067,0,305.459219,scenario_003,long
7427,229,1.002512,0.203942,0.433772,2,230.695989,scenario_003,short
7428,229,0.836019,0.424158,0.740255,1,231.398334,scenario_003,short
7429,229,14.311695,0.628861,0.849741,0,296.269169,scenario_003,medium
7430,230,2.312274,0.144015,0.822285,0,239.69411,scenario_003,short
7431,230,1.221381,0.171458,0.082334,0,235.771526,scenario_003,short
7432,230,1.54246,0.114939,0.161543,0,236.910304,scenario_003,short
7433,230,7.106235,0.77603,0.094818,1,243.246568,scenario_003,medium
7434,230,0.862951,0.061834,0.649524,0,234.233802,scenario_003,short
7435,230,1.481863,0.070136,0.258616,1,233.378782,scenario_003,short
7436,230,1.675986,0.746135,0.725162,1,234.236036,scenario_003,short
7437,230,1.821015,0.082938,0.791101,0,239.239549,scenario_003,short
7438,230,1.430015,0.330197,0.717972,0,234.651386,scenario_003,short
7439,230,1.345403,0.416205,0.791803,0,236.554698,scenario_003,short
7440,230,1.213666,0.536269,0.581231,0,235.29144,scenario_003,short
7441,230,1.366283,0.399016,0.894053,0,235.074854,scenario_003,short
7442,230,2.171577,0.29755,0.186158,0,238.951677,scenario_003,short
7443,230,2.219458,0.734216,0.689264,0,237.456402,scenario_003,short
7444,230,7.824061,0.308753,0.743499,0,268.330626,scenario_003,medium
7445,230,12.454738,0.311618,0.637784,0,281.336507,scenario_003,medium
7446,230,2.129883,0.052634,0.637422,0,242.030508,scenario_003,short
7447,230,23.078035,0.133702,1.0,2,256.828462,scenario_003,medium
7448,230,1.102463,0.4163,0.322786,1,232.481025,scenario_003,short
7449,230,12.429914,0.564606,0.623731,0,293.488088,scenario_003,medium
7450,230,1.95655,0.403469,0.732677,2,233.095535,scenario_003,short
7451,230,2.058935,0.183839,0.140826,2,233.632084,scenario_003,short
7452,230,13.370448,0.343748,0.118525,0,304.461192,scenario_003,medium
7453,230,1.025382,0.435505,0.160894,1,231.903709,scenario_003,short
7454,230,1.958558,0.367206,0.3731,1,234.361568,scenario_003,short
7455,230,2.027841,0.064068,0.546613,2,233.244454,scenario_003,short
7456,230,25.79367,1.0,0.208941,1,295.482273,scenario_003,long
7457,230,4.618719,0.765235,0.977251,1,238.146781,scenario_003,short
7458,230,10.322469,0.535467,0.520053,1,256.401725,scenario_003,medium
7459,230,1.024876,0.216091,0.183698,0,234.595613,scenario_003,short
7460,230,19.576458,0.559407,0.681928,0,334.465838,scenario_003,long
7461,230,1.451649,0.612887,0.625844,0,236.19384,scenario_003,short
7462,230,12.331838,0.204994,0.828347,0,284.546612,scenario_003,medium
7463,230,9.076557,0.634654,0.90142,0,258.699721,scenario_003,medium
7464,230,8.746647,0.217283,0.369688,0,257.577511,scenario_003,medium
7465,230,1.668222,0.348621,0.996926,0,239.276717,scenario_003,short
7466,230,25.321851,0.306782,0.457593,0,316.384415,scenario_003,medium
7467,230,2.208334,0.435005,0.835883,1,233.891774,scenario_003,short
7468,230,1.196058,0.333898,0.704674,1,233.581559,scenario_003,short
7469,230,0.813413,0.439065,0.164117,1,231.567493,scenario_003,short
7470,230,1.866804,0.114088,0.512679,1,234.992251,scenario_003,short
7471,230,23.237594,0.420122,0.464684,0,314.961443,scenario_003,medium
7472,230,1.834602,0.264482,0.777003,1,234.339346,scenario_003,short
7473,230,6.701521,0.445979,0.758747,1,247.315455,scenario_003,medium
7474,230,8.168327,0.712241,0.420563,2,242.338818,scenario_003,medium
7475,230,0.648484,0.366889,0.287411,0,232.086991,scenario_003,short
7476,230,1.001004,0.158746,0.188298,0,235.503219,scenario_003,short
7477,230,9.121769,0.54135,0.874226,0,275.921243,scenario_003,medium
7478,230,1.928313,0.218873,0.62537,1,234.078442,scenario_003,short
7479,230,1.588426,0.620012,0.421524,0,236.746255,scenario_003,short
7480,230,1.072176,0.092539,0.949474,0,235.863124,scenario_003,short
7481,230,2.233435,0.694787,0.683886,2,234.193378,scenario_003,short
7482,230,0.896036,0.28236,0.206588,0,234.14607,scenario_003,short
7483,230,9.396634,0.645408,0.533801,0,259.19929,scenario_003,medium
7484,230,25.340584,0.519105,0.565184,0,317.314484,scenario_003,medium
7485,230,12.398561,0.402644,0.70983,1,258.52658,scenario_003,medium
7486,230,1.230819,0.293021,0.669932,0,234.974249,scenario_003,short
7487,230,7.221889,0.560104,0.993153,1,249.959869,scenario_003,medium
7488,230,2.282447,0.110714,0.717711,2,233.48219,scenario_003,short
7489,230,13.403072,0.571375,0.98863,0,299.94052,scenario_003,medium
7490,230,1.045069,0.179949,0.218298,1,231.781635,scenario_003,short
7491,230,1.599122,0.663761,0.591191,0,238.289087,scenario_003,short
7492,230,1.059455,0.154786,0.765949,1,232.584569,scenario_003,short
7493,230,2.539507,0.655386,0.886629,0,239.21676,scenario_003,short
7494,230,32.350388,0.307465,0.686771,0,360.825944,scenario_003,long
7495,230,1.978988,0.379064,0.558835,0,237.428878,scenario_003,short
7496,230,2.146603,0.159116,0.6439,0,239.972311,scenario_003,short
7497,230,9.95617,0.626551,0.447006,2,248.888144,scenario_003,medium
7498,230,15.864958,0.284529,0.678681,1,269.320729,scenario_003,medium
7499,230,1.721143,0.605887,0.720962,0,236.460307,scenario_003,short
7500,230,2.14884,0.224887,0.510901,0,239.673817,scenario_003,short
7501,230,0.995696,0.444795,0.320259,0,233.742451,scenario_003,short
7502,230,16.270718,0.592161,0.951619,0,290.71739,scenario_003,medium
7503,230,12.600585,0.183941,0.690553,0,269.724544,scenario_003,medium
7504,230,10.016979,0.310145,0.735016,0,275.48415,scenario_003,medium
7505,230,0.670609,0.253845,0.564607,0,233.171616,scenario_003,short
7506,230,21.563572,0.5051,0.309276,2,262.581291,scenario_003,long
7507,230,6.657212,0.220503,0.586995,2,239.244978,scenario_003,medium
7508,230,40.266857,0.906414,0.480877,0,421.320426,scenario_003,medium
7509,230,0.797222,0.612357,0.272598,0,232.831047,scenario_003,short
7510,230,1.817588,0.728281,0.278922,1,234.516681,scenario_003,short
7511,230,1.31107,0.440928,1.0,0,236.618432,scenario_003,short
7512,230,9.867147,0.632332,0.35087,1,247.270276,scenario_003,medium
7513,230,0.504404,0.436303,0.664043,0,232.618074,scenario_003,short
7514,230,24.40062,0.90745,0.82399,0,334.475298,scenario_003,long
7515,230,2.029262,0.183441,0.577886,0,240.81816,scenario_003,short
7516,230,1.336013,0.535984,0.821858,0,235.928263,scenario_003,short
7517,230,13.234196,0.165449,0.186239,0,288.451867,scenario_003,medium
7518,230,12.160182,0.368272,0.296725,1,266.143792,scenario_003,long
7519,230,9.31851,0.38189,0.833095,0,261.760409,scenario_003,medium
7520,230,1.175814,0.63394,0.525987,1,232.797913,scenario_003,short
7521,230,0.687153,0.17807,0.568059,0,233.20071,scenario_003,short
7522,230,1.841394,0.408764,0.632561,1,233.578733,scenario_003,short
7523,230,0.514861,0.549426,0.735453,2,231.0,scenario_003,short
7524,230,1.297023,0.293207,0.129125,0,236.964402,scenario_003,short
7525,230,1.451543,0.258205,0.176566,2,232.882667,scenario_003,short
7526,230,2.175115,0.34476,0.586846,0,238.789212,scenario_003,short
7527,230,2.254831,0.288422,0.749317,1,233.808023,scenario_003,short
7528,230,0.8422,0.344502,0.355991,2,231.095604,scenario_003,short
7529,230,15.183098,0.651336,0.453815,1,259.422565,scenario_003,medium
7530,230,1.815333,0.318067,0.590624,0,235.716409,scenario_003,short
7531,230,36.510306,0.363635,0.58252,1,322.956454,scenario_003,long
7532,230,19.626952,0.580004,0.812453,1,266.204784,scenario_003,long
7533,230,11.474527,0.287939,0.962075,1,262.678091,scenario_003,medium
7534,231,1.112329,0.128214,0.235982,0,236.764576,scenario_003,short
7535,231,7.074612,0.745954,0.238576,0,255.540306,scenario_003,long
7536,231,8.718419,0.661004,0.530694,0,259.56127,scenario_003,medium
7537,231,1.327009,0.1352,0.225017,2,232.78129,scenario_003,short
7538,231,2.56576,0.132009,0.155474,2,233.851495,scenario_003,short
7539,231,1.487344,0.536316,0.262039,0,237.178035,scenario_003,short
7540,231,1.552116,0.243037,0.184929,0,239.652665,scenario_003,short
7541,231,7.648704,0.645425,0.692094,2,245.505204,scenario_003,medium
7542,231,0.798727,0.078268,1.0,0,233.838693,scenario_003,short
7543,231,1.804549,0.391439,0.558055,1,236.326745,scenario_003,short
7544,231,1.260581,0.601514,0.463883,2,233.173073,scenario_003,short
7545,231,2.027709,0.143192,0.599723,2,234.535379,scenario_003,short
7546,231,5.380091,1.0,0.686153,0,260.635006,scenario_003,medium
7547,231,1.587794,0.223729,0.768582,1,235.740571,scenario_003,short
7548,231,1.468185,0.296457,0.656273,1,233.555047,scenario_003,short
7549,231,1.780805,0.382242,0.712376,0,240.485204,scenario_003,short
7550,231,7.662836,0.812984,0.830913,0,254.704129,scenario_003,medium
7551,231,1.988276,0.370798,0.904487,0,241.510016,scenario_003,short
7552,231,47.942515,0.465648,0.68068,1,361.394817,scenario_003,long
7553,231,2.583874,0.237475,0.906701,0,244.004378,scenario_003,short
7554,231,2.261552,0.238521,0.354662,0,240.408449,scenario_003,short
7555,231,19.475896,0.532093,0.395167,1,277.40519,scenario_003,medium
7556,231,1.32131,0.249912,0.837677,2,233.519448,scenario_003,short
7557,231,1.493614,0.207201,0.572756,0,238.794127,scenario_003,short
7558,231,5.66009,0.714088,0.424734,1,247.311811,scenario_003,medium
7559,231,1.248988,0.141415,0.627022,1,233.122236,scenario_003,short
7560,231,12.624243,0.487852,0.580713,1,268.321047,scenario_003,long
7561,231,2.190231,0.366873,0.65666,0,242.491521,scenario_003,short
7562,231,5.233185,0.237529,0.271496,0,253.494058,scenario_003,medium
7563,231,29.147276,0.266604,0.492688,0,395.169223,scenario_003,long
7564,231,0.923159,0.41238,0.773681,0,233.962093,scenario_003,short
7565,231,18.759683,0.176873,0.803674,2,267.783982,scenario_003,medium
7566,231,10.485115,0.561731,0.170435,0,275.788269,scenario_003,medium
7567,231,23.791778,0.774825,0.477751,0,322.298044,scenario_003,long
7568,231,1.692932,0.318936,0.420447,0,239.285549,scenario_003,short
7569,231,1.386733,0.421582,0.680411,1,234.349408,scenario_003,short
7570,231,6.771268,0.548588,0.311889,0,257.570012,scenario_003,medium
7571,231,2.741689,0.712325,0.449892,1,239.238928,scenario_003,short
7572,231,13.697401,0.496227,0.785271,1,269.314153,scenario_003,long
7573,231,7.788077,0.992576,0.672083,0,271.929162,scenario_003,long
7574,231,10.818429,0.538308,0.886746,2,250.835,scenario_003,medium
7575,231,1.468855,0.807236,0.730536,0,237.343661,scenario_003,short
7576,231,14.203555,0.602795,0.158691,0,287.651139,scenario_003,medium
7577,231,0.638305,0.635678,1.0,1,232.087928,scenario_003,short
7578,231,8.843739,0.484608,0.800295,0,276.628744,scenario_003,medium
7579,231,1.576526,0.204459,0.536258,1,234.287067,scenario_003,short
7580,231,10.13638,0.673192,0.834608,0,273.090154,scenario_003,medium
7581,231,1.507838,0.148514,0.73933,2,233.171275,scenario_003,short
7582,231,10.3755,0.784074,0.507745,1,250.84252,scenario_003,medium
7583,231,1.150138,0.176155,0.394482,0,237.084395,scenario_003,short
7584,231,2.410232,0.164204,0.139438,0,238.660158,scenario_003,short
7585,231,31.296613,0.590454,0.1421,1,296.532333,scenario_003,long
7586,231,7.917654,0.544631,0.738578,0,256.753661,scenario_003,medium
7587,231,2.417431,0.394528,0.799275,1,236.760824,scenario_003,short
7588,231,1.61243,0.486314,0.593784,0,239.447424,scenario_003,short
7589,231,32.791188,0.276455,0.105063,0,334.925852,scenario_003,long
7590,231,1.24565,0.513036,0.329,0,237.596333,scenario_003,short
7591,231,23.755201,0.611151,0.192872,0,347.221056,scenario_003,medium
7592,231,19.120975,0.861968,0.310553,0,328.268208,scenario_003,long
7593,231,14.783742,0.690993,0.197361,1,262.093164,scenario_003,medium
7594,231,1.747691,0.1861,0.592383,0,238.905979,scenario_003,short
7595,231,0.924732,0.111037,0.547553,0,234.576355,scenario_003,short
7596,231,0.970971,0.398246,0.588748,1,233.143158,scenario_003,short
7597,231,1.589261,0.53722,0.255156,2,232.993535,scenario_003,short
7598,231,8.086882,0.203127,0.241851,0,256.335539,scenario_003,medium
7599,231,1.068798,0.110623,0.336844,0,236.051428,scenario_003,short
7600,231,17.188945,0.19566,1.0,0,301.687033,scenario_003,medium
7601,231,12.957315,0.393532,0.072945,1,258.29369,scenario_003,medium
7602,231,4.747516,0.485867,0.553575,1,244.937365,scenario_003,medium
7603,231,16.826733,0.358106,1.0,0,315.674238,scenario_003,medium
7604,231,2.730824,0.344585,0.374293,0,244.684666,scenario_003,short
7605,231,0.745582,0.296643,0.051228,0,234.699623,scenario_003,short
7606,231,1.486684,0.390637,0.839821,2,233.897593,scenario_003,short
7607,231,1.27373,0.43833,0.442894,0,236.240828,scenario_003,short
7608,231,11.471007,0.376241,0.423833,1,260.410775,scenario_003,medium
7609,231,1.091122,0.285884,0.829316,0,235.485544,scenario_003,short
7610,231,8.458778,0.421758,0.106201,0,265.636506,scenario_003,medium
7611,231,13.662322,0.598359,0.3841,0,280.946344,scenario_003,medium
7612,231,16.84604,0.694938,0.848506,1,268.729287,scenario_003,medium
7613,231,1.119115,0.215315,0.331688,0,236.578772,scenario_003,short
7614,231,1.206867,0.295689,0.171322,0,236.582962,scenario_003,short
7615,231,1.319261,0.177386,0.601444,0,237.907554,scenario_003,short
7616,231,8.458628,0.154764,0.088988,0,272.330123,scenario_003,medium
7617,231,1.462348,0.713994,0.783306,0,237.890973,scenario_003,short
7618,231,1.143776,0.425794,0.451814,0,236.508955,scenario_003,short
7619,231,1.303287,0.187342,0.73209,0,235.750105,scenario_003,short
7620,231,9.492904,1.0,0.250442,0,272.553662,scenario_003,medium
7621,231,6.762752,0.370183,0.428452,1,244.252738,scenario_003,medium
7622,231,1.118782,0.189986,1.0,0,234.969346,scenario_003,short
7623,231,1.904557,0.581425,0.830609,0,238.288215,scenario_003,short
7624,231,13.788187,0.120867,0.293004,0,286.538863,scenario_003,medium
7625,231,10.156045,0.443815,1.0,1,258.027526,scenario_003,medium
7626,231,22.80183,0.51228,0.473749,0,307.174009,scenario_003,medium
7627,231,1.714802,0.206321,0.757129,0,237.799482,scenario_003,short
7628,231,2.467012,0.482682,0.605818,1,237.924962,scenario_003,short
7629,231,0.965323,0.143549,0.384928,1,232.785484,scenario_003,short
7630,231,1.753836,0.577625,0.670584,2,233.694846,scenario_003,short
7631,231,5.360735,0.699974,0.735379,0,248.033664,scenario_003,medium
7632,231,1.014952,0.553359,0.25945,2,232.2569,scenario_003,short
7633,231,0.692639,0.275685,0.654347,1,232.421384,scenario_003,short
7634,231,2.263138,0.393118,0.688483,0,240.187004,scenario_003,short
7635,231,14.002893,0.360496,0.101862,0,309.074931,scenario_003,medium
7636,231,1.304731,0.446966,0.839915,0,237.80616,scenario_003,short
7637,231,1.997174,0.638143,0.67268,1,235.580274,scenario_003,short
7638,231,1.405977,0.548118,0.813524,0,236.317706,scenario_003,short
7639,231,12.401357,0.318792,0.648252,0,293.662629,scenario_003,medium
7640,231,14.914864,0.676952,0.577552,1,264.320378,scenario_003,medium
7641,231,9.674503,0.64344,0.265582,1,253.852635,scenario_003,medium
7642,231,1.705705,0.066411,0.67456,2,233.340382,scenario_003,short
7643,231,1.544784,0.614984,0.481102,0,238.518382,scenario_003,short
7644,231,2.922934,0.379844,0.695289,2,235.824634,scenario_003,short
7645,231,7.258968,0.209035,0.640561,1,243.435664,scenario_003,medium
7646,231,8.850725,1.0,0.581307,0,275.339079,scenario_003,medium
7647,232,2.876696,0.173803,0.222854,1,239.387146,scenario_003,short
7648,232,1.537793,0.326533,0.506501,0,240.145052,scenario_003,short
7649,232,1.186164,0.345294,0.716565,1,234.115045,scenario_003,short
7650,232,0.938844,0.069339,0.162845,0,237.311642,scenario_003,short
7651,232,19.918764,0.725935,0.31694,0,317.812737,scenario_003,long
7652,232,49.170987,0.37335,0.680189,1,359.055513,scenario_003,long
7653,232,1.153555,0.188571,0.913586,1,234.750826,scenario_003,short
7654,232,1.215981,0.386241,0.556723,0,236.592761,scenario_003,short
7655,232,1.319234,0.33744,1.0,2,234.527728,scenario_003,short
7656,232,12.544266,0.50985,0.434274,1,262.652647,scenario_003,medium
7657,232,1.020522,0.15584,0.854433,1,233.828241,scenario_003,short
7658,232,0.451493,0.447033,0.966249,0,233.485523,scenario_003,short
7659,232,1.539054,0.677929,0.360302,0,240.348097,scenario_003,short
7660,232,0.892461,0.582105,0.354364,0,235.245636,scenario_003,short
7661,232,1.094428,0.733537,0.4201,1,235.13042,scenario_003,short
7662,232,17.692714,0.335344,0.389275,0,289.014195,scenario_003,long
7663,232,11.209591,0.307719,1.0,1,250.926812,scenario_003,medium
7664,232,11.809568,0.711259,0.785307,0,286.981912,scenario_003,medium
7665,232,32.370207,1.0,0.652163,0,399.781793,scenario_003,long
7666,232,0.634676,0.243791,0.113578,0,234.871985,scenario_003,short
7667,232,1.752926,0.345701,0.402692,0,241.84294,scenario_003,short
7668,232,1.245708,0.569502,0.355748,0,237.83029,scenario_003,short
7669,232,1.562114,0.297904,0.376458,2,235.114939,scenario_003,short
7670,232,4.999702,0.606106,0.54986,2,239.378376,scenario_003,medium
7671,232,2.052314,0.688506,0.432258,0,241.950657,scenario_003,short
7672,232,20.39148,0.709827,0.533367,1,268.900358,scenario_003,medium
7673,232,10.520932,0.150911,0.474295,0,275.407979,scenario_003,medium
7674,232,1.431771,0.28246,0.151073,0,236.581024,scenario_003,short
7675,232,1.207104,0.079384,0.888285,1,234.392443,scenario_003,short
7676,232,1.402686,0.115378,0.324962,0,236.796872,scenario_003,short
7677,232,1.281086,0.371925,0.594308,0,236.231472,scenario_003,short
7678,232,1.16417,0.3649,0.776921,0,236.246731,scenario_003,short
7679,232,1.413131,0.164708,0.768285,0,239.366549,scenario_003,short
7680,232,0.816858,0.283856,0.63489,0,234.691184,scenario_003,short
7681,232,1.461943,0.188815,0.352159,0,240.051498,scenario_003,short
7682,232,17.357107,0.81929,0.73107,0,288.614689,scenario_003,long
7683,232,2.234756,0.588813,0.578383,0,240.112665,scenario_003,short
7684,232,1.507132,0.103379,0.580058,0,236.943995,scenario_003,short
7685,232,1.505558,0.387187,0.826754,0,236.649858,scenario_003,short
7686,232,2.245917,0.15111,0.349985,0,242.044459,scenario_003,short
7687,232,1.157244,0.278117,0.444138,0,236.825174,scenario_003,short
7688,232,8.945491,0.179673,0.77124,0,268.794081,scenario_003,medium
7689,232,1.306475,0.418912,0.975156,1,235.730131,scenario_003,short
7690,232,8.219495,0.352585,0.494873,1,249.658457,scenario_003,medium
7691,232,11.647206,0.30195,0.619663,2,252.684,scenario_003,medium
7692,232,0.747793,0.310824,1.0,1,233.390325,scenario_003,short
7693,232,1.024911,0.134978,0.2695,1,234.263491,scenario_003,short
7694,232,1.097144,0.223983,0.946152,0,236.784561,scenario_003,short
7695,232,8.890978,0.54317,0.106458,0,264.308705,scenario_003,medium
7696,232,1.832132,0.339665,0.808408,1,237.121678,scenario_003,short
7697,232,3.81531,0.188899,0.05,2,239.046246,scenario_003,short
7698,232,7.337246,0.617805,0.644841,2,243.37248,scenario_003,medium
7699,232,1.066951,0.355758,0.692823,1,234.346628,scenario_003,short
7700,232,0.817915,0.061606,0.66149,0,235.525454,scenario_003,short
7701,232,22.449182,0.778937,0.970812,0,308.512473,scenario_003,medium
7702,232,3.291685,0.601411,0.230798,1,238.698055,scenario_003,short
7703,232,4.114002,0.474211,0.36271,0,246.548248,scenario_003,short
7704,232,25.02761,0.631421,0.480418,0,340.287408,scenario_003,long
7705,232,0.770825,0.326367,0.372555,0,236.108321,scenario_003,short
7706,232,1.617924,0.798421,0.492879,1,234.968399,scenario_003,short
7707,232,0.677372,0.196148,0.602774,1,233.805301,scenario_003,short
7708,232,0.783948,0.210031,0.730743,0,234.997684,scenario_003,short
7709,232,1.483648,0.424835,0.588188,1,234.992848,scenario_003,short
7710,232,11.766109,0.451897,0.309829,2,249.329364,scenario_003,medium
7711,232,13.619539,0.415431,0.962773,0,277.848812,scenario_003,medium
7712,232,4.229567,0.541463,0.800689,0,245.921171,scenario_003,medium
7713,232,35.791261,0.627821,0.320975,0,350.266194,scenario_003,long
7714,232,19.127991,0.745862,0.705004,1,288.670024,scenario_003,long
7715,232,1.52171,0.259687,0.891087,1,235.44755,scenario_003,short
7716,232,0.811834,0.406196,1.0,0,235.741776,scenario_003,short
7717,232,0.862452,0.734794,0.557833,0,235.674229,scenario_003,short
7718,232,0.858144,0.649483,0.675543,0,236.51036,scenario_003,short
7719,232,8.473324,0.224263,0.218592,1,248.709488,scenario_003,medium
7720,232,20.048681,0.618569,0.411433,0,335.736355,scenario_003,medium
7721,232,1.254602,0.457265,0.633064,1,235.415048,scenario_003,short
7722,232,1.434297,0.258958,0.468784,1,234.703741,scenario_003,short
7723,232,2.763744,0.25872,0.337805,0,245.437912,scenario_003,short
7724,232,1.663372,0.202466,1.0,2,234.988129,scenario_003,short
7725,232,1.336176,0.317975,0.853507,1,235.491517,scenario_003,short
7726,232,0.950558,0.405163,0.267685,0,236.529612,scenario_003,short
7727,232,1.830133,0.301711,0.613244,2,235.049268,scenario_003,short
7728,232,4.818152,0.42817,0.910364,2,237.768238,scenario_003,medium
7729,232,1.720547,0.133923,0.208847,2,235.047843,scenario_003,short
7730,232,1.627648,0.183464,0.536971,0,240.878128,scenario_003,short
7731,232,0.934392,0.630473,0.516407,0,235.686409,scenario_003,short
7732,233,15.553442,0.445733,0.422705,0,320.212988,scenario_003,medium
7733,233,6.876068,0.360216,0.211958,1,247.016414,scenario_003,medium
7734,233,19.466641,0.90532,0.582772,1,267.850738,scenario_003,long
7735,233,1.129218,0.053641,0.337825,0,238.154844,scenario_003,short
7736,233,10.858048,0.402153,0.781943,2,246.944839,scenario_003,medium
7737,233,1.152178,0.376489,0.190098,0,236.78012,scenario_003,short
7738,233,8.145024,0.237067,0.124214,0,264.718719,scenario_003,medium
7739,233,17.908233,0.502297,0.557401,1,266.627597,scenario_003,long
7740,233,10.124745,0.364746,0.640608,0,270.225878,scenario_003,medium
7741,233,2.402832,0.443449,0.470353,1,240.175433,scenario_003,short
7742,233,2.511935,0.332574,0.401381,0,245.38251,scenario_003,short
7743,233,9.474055,0.184211,0.1344,0,269.662932,scenario_003,medium
7744,233,12.988314,0.955594,0.111687,1,269.711159,scenario_003,long
7745,233,1.407877,0.197719,0.31784,0,239.73314,scenario_003,short
7746,233,1.199753,0.444167,0.271905,0,239.39452,scenario_003,short
7747,233,1.694563,0.312792,0.736364,0,241.833706,scenario_003,short
7748,233,2.994117,0.295449,0.278884,1,237.932183,scenario_003,short
7749,233,1.843211,0.402195,0.631394,2,236.046547,scenario_003,short
7750,233,0.957049,0.06342,0.782301,0,237.858617,scenario_003,short
7751,233,6.998312,0.387642,0.522863,1,248.069885,scenario_003,medium
7752,233,2.285672,0.056018,0.57491,1,238.230934,scenario_003,short
7753,233,1.213003,0.308566,1.0,1,235.537025,scenario_003,short
7754,233,1.204663,0.193589,0.723751,2,234.484945,scenario_003,short
7755,233,1.135198,0.077288,0.976196,0,239.099691,scenario_003,short
7756,233,13.693511,0.521259,0.76419,1,270.511008,scenario_003,medium
7757,233,1.438035,0.274561,0.82003,0,239.308223,scenario_003,short
7758,233,31.969613,0.69457,0.26593,1,300.678402,scenario_003,long
7759,233,1.903104,0.078684,0.320745,0,242.765602,scenario_003,short
7760,233,7.715964,0.418466,0.660025,0,276.227663,scenario_003,medium
7761,233,1.820321,0.088868,0.493446,0,239.938515,scenario_003,short
7762,233,1.032431,0.309873,0.394647,2,234.915541,scenario_003,short
7763,233,6.461516,0.310575,0.703892,0,259.680258,scenario_003,medium
7764,233,1.483699,0.588555,0.357142,0,241.327439,scenario_003,short
7765,233,1.15745,0.281118,0.42024,0,238.496317,scenario_003,short
7766,233,1.60405,0.711661,0.353806,0,241.561264,scenario_003,short
7767,233,12.212048,0.413157,0.7862,0,272.740326,scenario_003,medium
7768,233,1.295366,0.147511,0.358136,1,235.443683,scenario_003,short
7769,233,4.182262,0.317255,0.711453,0,248.468026,scenario_003,medium
7770,233,2.239951,0.345618,0.48053,0,243.080597,scenario_003,short
7771,233,1.570756,0.077025,1.0,0,240.563795,scenario_003,short
7772,233,0.829314,0.21804,0.836271,0,237.108258,scenario_003,short
7773,233,3.218862,0.407714,0.61713,0,250.182892,scenario_003,short
7774,233,1.089787,0.329478,0.739758,1,236.041552,scenario_003,short
7775,233,1.220793,0.288583,0.511075,0,238.50072,scenario_003,short
7776,233,9.151797,0.375669,0.297586,1,252.895893,scenario_003,medium
7777,233,8.432796,0.349731,0.746563,0,263.931383,scenario_003,medium
7778,233,1.313212,0.402374,1.0,0,239.922771,scenario_003,short
7779,233,12.259194,0.713223,0.430308,1,257.42679,scenario_003,medium
7780,233,2.026271,0.587737,0.335637,1,238.158189,scenario_003,short
7781,233,13.453064,0.806956,0.554923,0,290.682535,scenario_003,medium
7782,233,0.947529,0.813698,0.252171,0,238.081491,scenario_003,short
7783,233,7.204217,0.418045,0.515406,0,256.245032,scenario_003,medium
7784,233,1.388733,0.308897,0.969443,2,235.746207,scenario_003,short
7785,233,1.161174,0.325422,0.659711,2,234.525751,scenario_003,short
7786,233,2.485845,0.261773,0.299509,1,237.354116,scenario_003,short
7787,233,0.662628,0.831141,1.0,1,234.173561,scenario_003,short
7788,233,6.303141,0.512025,0.426958,0,263.023021,scenario_003,medium
7789,233,29.873614,0.649346,0.828623,0,349.212106,scenario_003,long
7790,233,2.071854,0.300627,0.254401,0,244.387324,scenario_003,short
7791,233,1.30468,0.423712,0.622384,0,238.288927,scenario_003,short
7792,233,10.795118,0.778671,0.965553,1,252.788046,scenario_003,long
7793,233,8.729085,0.199385,0.678978,1,255.712837,scenario_003,medium
7794,233,1.355511,0.072148,0.75349,0,239.17523,scenario_003,short
7795,233,0.635334,0.199652,0.583357,0,236.147569,scenario_003,short
7796,233,13.762338,0.488258,0.536959,0,298.661782,scenario_003,medium
7797,233,1.040875,0.337308,0.836027,1,235.643159,scenario_003,short
7798,233,1.237567,0.209346,0.441991,2,235.323671,scenario_003,short
7799,233,0.892476,0.523958,0.254717,0,236.10741,scenario_003,short
7800,233,2.207266,0.286758,0.388616,0,242.606396,scenario_003,short
7801,233,2.186215,0.364509,0.208674,0,243.59454,scenario_003,short
7802,233,14.764868,0.3461,0.488728,0,281.617309,scenario_003,medium
7803,233,1.561061,0.385095,0.866614,1,236.386493,scenario_003,short
7804,233,5.915608,0.865094,0.34356,0,253.928288,scenario_003,medium
7805,233,2.628145,0.279254,0.44183,0,246.113641,scenario_003,short
7806,233,8.646571,0.520412,0.87053,0,269.342926,scenario_003,medium
7807,233,1.387866,0.233733,0.493918,2,235.381322,scenario_003,short
7808,233,0.79438,0.435645,0.644679,0,236.163055,scenario_003,short
7809,233,1.767769,0.677513,0.794907,2,235.319075,scenario_003,short
7810,233,1.165864,0.083591,0.430538,2,235.042623,scenario_003,short
7811,233,1.548601,0.08259,0.822943,0,237.947311,scenario_003,short
7812,233,6.076172,0.252139,0.919252,1,250.041339,scenario_003,medium
7813,233,5.690146,0.15648,0.377718,0,256.084612,scenario_003,medium
7814,233,1.091285,0.378441,0.316531,0,237.84096,scenario_003,short
7815,233,21.450993,0.254043,0.774529,0,334.520846,scenario_003,medium
7816,233,1.375639,0.43173,0.501572,1,235.74583,scenario_003,short
7817,233,1.651271,0.496039,0.354701,1,236.31011,scenario_003,short
7818,233,1.17782,0.679231,0.638989,0,238.905788,scenario_003,short
7819,233,9.809855,0.298799,0.462052,0,267.796787,scenario_003,medium
7820,233,11.597086,0.673928,0.113785,0,271.625667,scenario_003,medium
7821,233,0.992012,0.243937,0.259302,1,234.745555,scenario_003,short
7822,233,1.743587,0.178103,0.719018,0,241.496865,scenario_003,short
7823,233,8.348691,0.387162,0.641382,1,248.275969,scenario_003,medium
7824,233,1.828146,0.354881,0.800974,1,237.20191,scenario_003,short
7825,233,2.823495,0.236632,0.496832,1,240.090479,scenario_003,short
7826,233,5.77234,0.1965,0.695647,1,246.006227,scenario_003,medium
7827,233,1.151191,0.277946,0.396535,0,236.780478,scenario_003,short
7828,233,9.886747,0.268452,0.603566,0,280.014121,scenario_003,medium
7829,233,2.43613,0.147318,0.660704,2,237.56851,scenario_003,short
7830,233,37.835631,0.318363,0.383861,0,392.650443,scenario_003,long
7831,233,2.11044,0.470554,0.718176,1,238.043138,scenario_003,short
7832,233,3.729499,0.440716,0.988011,0,249.486049,scenario_003,short
7833,233,6.40289,0.6405,0.748052,2,242.44208,scenario_003,medium
7834,233,0.983292,0.074723,0.804443,0,237.165856,scenario_003,short
7835,233,1.241765,0.476215,0.260521,0,238.363673,scenario_003,short
7836,233,13.557969,0.713639,0.590924,0,294.785706,scenario_003,medium
7837,233,1.664149,0.708403,0.355069,1,237.484856,scenario_003,short
7838,233,1.054438,0.399348,0.38103,0,238.799677,scenario_003,short
7839,233,1.027569,0.335156,1.0,0,237.319048,scenario_003,short
7840,233,7.310502,0.601906,0.068387,0,257.566199,scenario_003,medium
7841,233,6.034497,0.1201,0.906719,0,260.953277,scenario_003,medium
7842,234,1.857241,0.363346,0.623283,0,240.192383,scenario_003,short
7843,234,0.890695,0.295967,0.399519,1,235.891732,scenario_003,short
7844,234,1.196977,0.510171,0.16833,2,235.538613,scenario_003,short
7845,234,16.491403,0.368439,0.534116,1,271.543101,scenario_003,medium
7846,234,1.896406,0.540653,0.566811,2,237.747783,scenario_003,short
7847,234,19.249505,0.476611,0.837655,2,257.443487,scenario_003,medium
7848,234,2.098315,0.194001,0.404385,0,241.701408,scenario_003,short
7849,234,20.367661,0.615958,0.136733,0,327.314394,scenario_003,medium
7850,234,2.13156,0.392096,0.299198,1,238.745334,scenario_003,short
7851,234,1.368869,0.398828,0.247823,0,241.607959,scenario_003,short
7852,234,13.815179,0.457618,0.822136,2,256.348505,scenario_003,medium
7853,234,8.975767,0.430292,0.84093,0,267.33354,scenario_003,long
7854,234,16.787388,0.444763,0.234374,0,302.264042,scenario_003,long
7855,234,1.88131,0.367515,0.229878,0,243.003301,scenario_003,short
7856,234,1.220929,0.377609,0.377178,1,237.361869,scenario_003,short
7857,234,15.319723,0.236307,0.258045,0,311.536112,scenario_003,medium
7858,234,10.480846,0.636238,0.836321,2,254.334937,scenario_003,medium
7859,234,0.845764,0.192348,0.831798,0,238.485494,scenario_003,short
7860,234,2.394683,0.340575,0.684401,0,241.913175,scenario_003,short
7861,234,0.870436,0.601765,0.120839,0,237.741219,scenario_003,short
7862,234,1.240727,0.595894,0.414995,1,237.391438,scenario_003,short
7863,234,1.492171,0.184352,0.511051,0,241.955758,scenario_003,short
7864,234,19.059316,0.644895,0.11362,1,285.051292,scenario_003,medium
7865,234,1.33216,0.293027,0.46757,1,236.471554,scenario_003,short
7866,234,11.656635,0.554899,0.707233,1,254.19402,scenario_003,medium
7867,234,1.718725,0.380975,0.070268,0,242.238525,scenario_003,short
7868,234,1.016726,0.23208,0.878399,0,238.160678,scenario_003,short
7869,234,1.038301,0.642207,0.405887,0,239.162329,scenario_003,short
7870,234,1.96813,0.26723,0.72544,0,241.738163,scenario_003,short
7871,234,2.505054,0.245529,0.543987,0,245.774499,scenario_003,short
7872,234,2.221036,0.225859,0.926277,2,236.889193,scenario_003,short
7873,234,1.214547,0.292451,0.307087,0,238.709151,scenario_003,short
7874,234,8.450063,0.237036,0.36856,2,247.6973,scenario_003,medium
7875,234,6.095725,0.435314,0.76238,1,249.943147,scenario_003,medium
7876,234,1.127088,0.213763,0.581404,0,240.245012,scenario_003,short
7877,234,1.586202,0.489622,0.510539,0,240.543534,scenario_003,short
7878,234,2.075829,0.241702,0.536019,0,243.452116,scenario_003,short
7879,234,1.997564,0.114251,0.426859,0,243.385136,scenario_003,short
7880,234,1.342527,0.41592,0.693242,0,239.378729,scenario_003,short
7881,234,1.39441,0.151986,0.158939,0,240.362785,scenario_003,short
7882,234,1.669514,0.076905,0.635578,2,237.045687,scenario_003,short
7883,234,1.047994,0.113694,0.478466,1,236.907553,scenario_003,short
7884,234,13.569005,0.747544,0.413246,0,276.115341,scenario_003,medium
7885,234,9.023664,0.349316,0.220303,1,259.485801,scenario_003,medium
7886,234,18.474104,0.716803,0.698619,2,254.612839,scenario_003,medium
7887,234,16.247801,0.509251,0.220974,0,313.936778,scenario_003,medium
7888,234,7.448972,0.500028,0.730438,1,247.758362,scenario_003,long
7889,234,0.852698,0.222477,0.240313,0,237.986823,scenario_003,short
7890,234,2.077656,0.185527,0.181197,1,239.722942,scenario_003,short
7891,234,0.878269,0.542851,0.687541,2,235.238604,scenario_003,short
7892,234,8.418538,0.490323,0.303334,0,273.29784,scenario_003,medium
7893,234,11.092856,0.515058,0.454665,0,268.365287,scenario_003,medium
7894,234,0.940803,0.077162,0.752565,2,235.804559,scenario_003,short
7895,234,8.269189,0.690096,0.788379,0,262.46529,scenario_003,medium
7896,234,1.524766,0.406915,0.160561,1,238.017321,scenario_003,short
7897,234,0.79768,0.338045,0.880618,1,236.112431,scenario_003,short
7898,234,1.949681,0.107663,0.20202,0,245.04236,scenario_003,short
7899,234,0.965862,0.075054,0.656634,1,236.877476,scenario_003,short
7900,234,2.834897,0.754064,0.40252,0,245.796644,scenario_003,short
7901,234,12.2338,0.632094,0.651483,0,279.511485,scenario_003,medium
7902,234,1.695614,0.244418,0.277511,1,236.926527,scenario_003,short
7903,234,0.902682,0.507848,0.607204,0,238.038019,scenario_003,short
7904,234,7.776144,0.646857,0.570903,0,261.622241,scenario_003,medium
7905,234,12.707902,0.397394,0.626098,2,249.111884,scenario_003,medium
7906,234,2.797259,0.191518,0.702438,0,247.445137,scenario_003,short
7907,234,1.56804,0.435541,0.651317,2,235.884356,scenario_003,short
7908,234,1.513012,0.072967,0.495056,0,240.418048,scenario_003,short
7909,234,3.476321,0.351325,1.0,1,242.842682,scenario_003,short
7910,234,0.833868,0.641466,0.500116,1,235.854332,scenario_003,short
7911,234,1.550293,0.095383,0.612485,1,237.129713,scenario_003,short
7912,234,10.455074,0.126663,0.896719,2,245.438363,scenario_003,medium
7913,234,1.869578,0.275742,0.382263,0,244.535735,scenario_003,short
7914,234,8.320475,0.361813,0.368557,2,247.663966,scenario_003,medium
7915,234,1.105083,0.356999,0.14074,1,236.135094,scenario_003,short
7916,234,1.585657,0.336443,0.798371,0,240.222448,scenario_003,short
7917,234,2.370343,0.073548,0.164704,0,246.079561,scenario_003,short
7918,234,1.04411,0.054953,0.879813,1,236.484942,scenario_003,short
7919,234,1.772413,0.213638,0.840598,2,236.339531,scenario_003,short
7920,234,1.043116,0.51798,0.338847,0,237.920434,scenario_003,short
7921,234,0.661563,0.370807,0.724966,1,235.546904,scenario_003,short
7922,234,4.981184,0.620402,0.399385,2,243.882807,scenario_003,medium
7923,234,5.235394,0.57118,0.523685,1,249.474619,scenario_003,medium
7924,234,1.401035,0.407393,0.22713,2,236.442093,scenario_003,short
7925,234,2.388303,0.362893,1.0,0,244.845249,scenario_003,short
7926,234,1.632523,0.121529,0.593128,1,237.352555,scenario_003,short
7927,234,0.747603,0.530261,0.121871,0,237.837747,scenario_003,short
7928,234,0.894953,0.209787,0.121109,1,236.339082,scenario_003,short
7929,234,2.328849,0.425316,0.246775,1,239.235582,scenario_003,short
7930,234,1.854286,0.315192,0.054278,1,239.199525,scenario_003,short
7931,234,22.387838,0.639452,1.0,1,284.408326,scenario_003,medium
7932,234,1.665538,0.262015,0.647333,0,239.409777,scenario_003,short
7933,234,10.713608,0.796768,0.110002,2,249.037706,scenario_003,medium
7934,234,0.882015,0.083937,0.390235,0,238.97974,scenario_003,short
7935,234,2.539725,0.051886,0.451469,1,240.528132,scenario_003,short
7936,234,1.471641,0.334807,0.690253,1,237.405262,scenario_003,short
7937,234,1.73846,0.617977,0.387269,1,237.672657,scenario_003,short
7938,234,0.863695,0.352325,0.560621,0,238.811995,scenario_003,short
7939,234,9.380962,0.476994,0.714675,0,268.528533,scenario_003,medium
7940,234,1.212686,0.32814,0.4362,1,236.623848,scenario_003,short
7941,234,13.987999,0.169526,0.766402,2,260.302282,scenario_003,medium
7942,234,1.435452,0.309859,0.465434,2,236.719884,scenario_003,short
7943,234,15.058651,0.605507,1.0,2,254.263278,scenario_003,medium
7944,234,1.502027,0.259403,0.679455,2,235.767864,scenario_003,short
7945,234,0.784047,0.392307,0.401603,2,235.0,scenario_003,short
7946,234,2.517412,0.442524,0.353162,1,240.879405,scenario_003,short
7947,234,1.561635,0.440969,0.264767,2,236.027935,scenario_003,short
7948,234,1.442273,0.730129,0.624427,0,241.466826,scenario_003,short
7949,234,0.934967,0.110865,0.146978,1,236.408873,scenario_003,short
7950,234,1.862186,0.093867,0.088047,2,237.289269,scenario_003,short
7951,234,1.739449,0.161759,1.0,0,241.926444,scenario_003,short
7952,234,14.109383,0.363016,0.280463,0,280.323515,scenario_003,medium
7953,235,1.566332,0.320241,0.772857,2,237.235108,scenario_003,short
7954,235,3.277578,0.409581,0.106747,1,242.793388,scenario_003,short
7955,235,1.957798,0.060394,0.565362,0,244.3895,scenario_003,short
7956,235,1.67136,0.098638,0.168549,1,239.901674,scenario_003,short
7957,235,0.984916,0.084202,0.470276,2,236.3966,scenario_003,short
7958,235,8.114783,0.56956,0.505128,1,253.82453,scenario_003,medium
7959,235,14.444208,0.538849,0.770845,2,253.76578,scenario_003,long
7960,235,3.645276,0.267108,0.280367,0,246.838431,scenario_003,short
7961,235,1.402251,0.241474,0.43054,0,240.657532,scenario_003,short
7962,235,1.330611,0.11855,0.083155,0,241.981124,scenario_003,short
7963,235,9.378132,0.3756,1.0,0,286.25061,scenario_003,medium
7964,235,1.23254,0.28949,0.797007,1,237.798652,scenario_003,short
7965,235,1.535454,0.326196,0.478589,0,240.398983,scenario_003,short
7966,235,2.144372,0.290551,1.0,0,242.569919,scenario_003,short
7967,235,2.515204,0.335672,0.879476,2,239.067301,scenario_003,short
7968,235,1.081924,0.398685,0.809495,2,236.58345,scenario_003,short
7969,235,9.072206,0.574957,0.429203,2,252.410508,scenario_003,medium
7970,235,1.67115,0.248545,0.423252,1,238.729965,scenario_003,short
7971,235,1.247392,0.111265,0.57069,0,240.615242,scenario_003,short
7972,235,17.158426,0.169513,0.053875,1,284.865911,scenario_003,medium
7973,235,1.485157,0.141384,0.461089,0,243.225791,scenario_003,short
7974,235,1.501002,0.162977,0.976567,2,237.176919,scenario_003,short
7975,235,0.863334,0.329806,0.706023,0,238.792122,scenario_003,short
7976,235,1.116214,0.060445,0.634591,0,240.650408,scenario_003,short
7977,235,1.936291,0.198876,0.584027,1,240.332227,scenario_003,short
7978,235,12.916426,0.259198,0.643471,2,249.617838,scenario_003,medium
7979,235,11.156326,0.344452,1.0,0,294.995051,scenario_003,medium
7980,235,1.561241,0.096342,0.602038,1,239.491982,scenario_003,short
7981,235,0.938753,0.424583,0.819943,2,236.282076,scenario_003,short
7982,235,52.71563,0.4181,0.755046,0,517.569464,scenario_003,long
7983,235,3.58653,0.265602,0.973044,1,243.126664,scenario_003,short
7984,235,1.22687,0.268619,0.934169,0,240.052147,scenario_003,short
7985,235,14.626294,0.911774,0.878647,0,293.607742,scenario_003,medium
7986,235,1.558421,0.66059,0.704789,2,237.410244,scenario_003,short
7987,235,1.00311,0.177672,0.150245,2,236.826504,scenario_003,short
7988,235,6.969735,0.313392,0.939241,1,248.012047,scenario_003,medium
7989,235,1.230094,0.06562,0.841,0,240.516915,scenario_003,short
7990,235,2.828565,0.435051,0.86659,2,239.125388,scenario_003,short
7991,235,0.785294,0.084651,0.326591,0,238.300493,scenario_003,short
7992,235,1.3825,0.154753,0.950224,0,240.585202,scenario_003,short
7993,235,7.529266,0.150231,0.455691,0,262.610733,scenario_003,medium
7994,235,1.062416,0.234793,0.716383,0,239.859511,scenario_003,short
7995,235,1.055277,0.372052,0.67216,0,238.320576,scenario_003,short
7996,235,1.61652,0.301862,0.583405,0,242.811989,scenario_003,short
7997,235,0.792874,0.354923,0.733679,2,236.282833,scenario_003,short
7998,235,2.254967,0.054907,0.46671,0,246.384843,scenario_003,short
7999,235,2.094998,0.881818,0.702013,1,240.655644,scenario_003,short
8000,235,1.106875,0.256562,0.584183,0,239.026431,scenario_003,short
8001,235,1.767029,0.130298,0.964625,1,238.377532,scenario_003,short
8002,235,1.447546,0.067087,0.550067,1,238.932198,scenario_003,short
8003,235,12.181916,0.237406,0.650695,0,286.032111,scenario_003,medium
8004,235,1.814892,0.343945,0.34603,1,239.7467,scenario_003,short
8005,235,1.591171,0.069454,0.835719,0,241.929799,scenario_003,short
8006,235,6.529693,0.967242,0.903157,2,245.243549,scenario_003,medium
8007,235,1.732157,0.422159,0.627426,0,244.722517,scenario_003,short
8008,235,1.886516,0.707707,0.473091,0,242.00889,scenario_003,short
8009,235,5.890858,0.571981,0.407186,0,259.66131,scenario_003,medium
8010,235,16.084892,0.689465,0.529129,1,267.776557,scenario_003,medium
8011,235,2.010848,0.413663,0.457151,1,239.113551,scenario_003,short
8012,235,1.174241,0.177051,0.45229,0,239.767033,scenario_003,short
8013,235,1.083041,0.335305,0.675416,0,240.856748,scenario_003,short
8014,235,2.533425,0.316989,0.424002,2,239.437456,scenario_003,short
8015,235,1.534133,0.265428,0.757662,1,238.818484,scenario_003,short
8016,235,0.910707,0.790637,0.346243,0,239.71045,scenario_003,short
8017,235,1.065655,0.354578,0.556639,2,236.26241,scenario_003,short
8018,235,13.533107,0.211672,0.177485,0,276.798661,scenario_003,medium
8019,235,12.194751,0.700882,0.537089,0,285.114332,scenario_003,medium
8020,235,6.19329,0.702348,0.458174,0,265.055748,scenario_003,medium
8021,235,2.143713,0.349229,0.882736,0,242.740929,scenario_003,short
8022,235,9.695891,0.214705,0.960319,0,273.30641,scenario_003,medium
8023,235,1.508736,0.188487,0.784878,1,237.68832,scenario_003,short
8024,235,3.591492,0.082367,0.695172,0,253.013731,scenario_003,short
8025,235,9.306984,0.568267,0.450864,0,272.654178,scenario_003,long
8026,235,1.546142,0.526391,1.0,1,238.840879,scenario_003,short
8027,235,0.559227,0.211834,0.624635,0,237.869631,scenario_003,short
8028,235,1.389545,0.380845,0.241624,0,239.793861,scenario_003,short
8029,235,0.586463,0.511579,0.520463,0,237.657135,scenario_003,short
8030,235,1.517702,0.306883,0.277923,2,237.317478,scenario_003,short
8031,235,1.245232,0.672667,0.404721,0,239.231578,scenario_003,short
8032,235,14.34315,1.0,0.9834,0,282.732133,scenario_003,medium
8033,235,1.63874,0.345262,0.93409,1,239.280458,scenario_003,short
8034,235,1.837875,0.37454,0.549279,1,239.960695,scenario_003,short
8035,235,12.717993,0.395131,1.0,0,297.412029,scenario_003,medium
8036,235,0.991878,0.613183,0.585188,2,236.725145,scenario_003,short
8037,235,0.879735,0.445107,0.932324,1,237.536575,scenario_003,short
8038,235,1.587065,0.535642,0.349808,0,243.868572,scenario_003,short
8039,235,9.687777,0.552568,0.354684,1,259.559129,scenario_003,medium
8040,235,1.110776,0.313839,0.270084,0,239.770122,scenario_003,short
8041,235,2.221582,0.580558,0.555242,0,243.327601,scenario_003,short
8042,235,8.031877,0.656086,0.668865,1,249.443334,scenario_003,medium
8043,235,11.95027,0.281036,1.0,2,252.739645,scenario_003,medium
8044,235,0.886267,0.082633,0.318674,1,236.541989,scenario_003,short
8045,235,1.458551,0.673929,0.695938,1,239.303676,scenario_003,short
8046,235,1.004713,0.412517,0.24145,0,238.694503,scenario_003,short
8047,235,1.464791,0.315559,0.440949,0,240.404898,scenario_003,short
8048,235,1.575283,0.41689,0.332428,1,239.676483,scenario_003,short
8049,235,1.607468,0.054593,0.05,0,243.490278,scenario_003,short
8050,235,4.094217,0.288254,0.164691,0,252.615026,scenario_003,short
8051,235,7.924029,0.545782,0.651058,0,279.007224,scenario_003,medium
8052,235,0.986131,0.645929,1.0,0,239.253812,scenario_003,short
8053,235,1.963793,0.2858,0.560985,1,240.741901,scenario_003,short
8054,235,13.289973,0.727215,0.213165,0,306.571589,scenario_003,medium
8055,235,1.596827,0.428879,0.506032,0,240.320538,scenario_003,short
8056,235,12.955128,0.492147,0.380397,0,298.074884,scenario_003,medium
8057,235,1.777392,0.122904,0.752456,2,238.442001,scenario_003,short
8058,235,10.718368,1.0,0.748647,0,273.75482,scenario_003,medium
8059,235,2.460268,0.341998,0.347052,0,244.816986,scenario_003,short
8060,235,1.014199,0.72108,1.0,1,237.704748,scenario_003,short
8061,236,9.435547,0.681057,0.659976,0,276.002536,scenario_003,medium
8062,236,1.888345,0.713367,0.392781,0,242.64801,scenario_003,short
8063,236,0.990699,0.370165,0.373149,0,240.787955,scenario_003,short
8064,236,0.915548,0.136113,0.363133,2,237.467553,scenario_003,short
8065,236,10.440801,0.279165,0.371303,0,289.346088,scenario_003,medium
8066,236,1.250879,0.454072,0.512628,0,243.025602,scenario_003,short
8067,236,1.504973,0.303026,0.417481,1,239.045648,scenario_003,short
8068,236,2.079369,0.118286,0.854298,1,241.802799,scenario_003,short
8069,236,2.430531,0.142801,0.217427,0,244.996389,scenario_003,short
8070,236,1.72714,0.28946,0.211623,0,243.848602,scenario_003,short
8071,236,10.132541,0.9108,0.321117,0,271.711439,scenario_003,medium
8072,236,1.105797,0.218361,0.611089,0,241.970116,scenario_003,short
8073,236,0.868423,0.764664,0.659715,2,237.320631,scenario_003,short
8074,236,1.445037,0.074863,0.647764,1,238.460977,scenario_003,short
8075,236,1.126566,0.85307,0.872093,0,240.611746,scenario_003,short
8076,236,1.441032,0.411758,0.543841,2,238.346203,scenario_003,short
8077,236,30.068764,0.479127,0.717249,1,292.509915,scenario_003,long
8078,236,11.668757,0.609284,0.982758,0,281.697993,scenario_003,medium
8079,236,2.712488,0.418871,0.424351,1,243.338965,scenario_003,short
8080,236,2.285334,0.374533,0.379353,0,246.483781,scenario_003,short
8081,236,2.131423,0.131522,0.960469,1,241.178039,scenario_003,short
8082,236,1.821274,0.167311,0.409801,1,241.237937,scenario_003,short
8083,236,1.783198,0.17127,0.890397,1,240.303999,scenario_003,short
8084,236,1.342897,0.353774,0.428591,1,239.614302,scenario_003,short
8085,236,4.283395,0.257365,0.514164,1,246.732399,scenario_003,medium
8086,236,1.923869,0.325799,0.901284,0,245.262137,scenario_003,short
8087,236,2.439609,0.156827,0.204254,0,249.730412,scenario_003,short
8088,236,10.056619,0.523087,0.43042,0,271.617302,scenario_003,medium
8089,236,11.773211,0.567651,0.065387,0,287.720575,scenario_003,medium
8090,236,36.467523,0.907848,0.143239,0,365.60418,scenario_003,long
8091,236,1.503796,0.19728,0.406993,2,237.690011,scenario_003,short
8092,236,1.406748,0.167615,0.460878,0,241.525214,scenario_003,short
8093,236,9.314066,0.583326,0.51088,1,252.609957,scenario_003,medium
8094,236,8.010208,0.717457,0.971935,1,257.209817,scenario_003,medium
8095,236,1.053192,0.737663,1.0,0,241.937456,scenario_003,short
8096,236,1.507727,0.322706,0.301425,1,238.844342,scenario_003,short
8097,236,1.550091,0.120407,0.719434,0,242.359785,scenario_003,short
8098,237,2.157112,0.208807,0.430502,0,246.224774,scenario_003,short
8099,237,1.501933,0.642099,0.238784,0,245.045914,scenario_003,short
8100,237,0.808331,0.272278,0.706723,0,240.872668,scenario_003,short
8101,237,20.483382,0.969511,1.0,0,311.468868,scenario_003,long
8102,237,0.973768,0.251698,0.385325,1,238.999772,scenario_003,short
8103,237,1.763958,0.165729,0.53157,2,240.324001,scenario_003,short
8104,237,8.956845,0.301909,0.681283,1,256.625683,scenario_003,medium
8105,237,0.966724,0.25226,0.173482,0,240.987061,scenario_003,short
8106,237,12.110097,0.431437,0.682194,0,296.15069,scenario_003,medium
8107,237,15.147782,0.507517,0.509567,1,276.457336,scenario_003,medium
8108,237,2.063733,0.369133,0.634306,0,248.622043,scenario_003,short
8109,237,17.344757,0.657191,0.665969,1,276.42831,scenario_003,long
8110,237,8.182568,0.514884,0.902374,1,255.390555,scenario_003,medium
8111,237,6.815552,0.600178,1.0,1,250.217899,scenario_003,medium
8112,237,1.424835,0.093275,0.675067,1,240.323528,scenario_003,short
8113,237,0.87052,0.380125,0.487897,2,238.245023,scenario_003,short
8114,237,1.598724,0.230586,0.431576,0,243.522239,scenario_003,short
8115,237,0.685569,0.284702,0.722533,0,240.82908,scenario_003,short
8116,237,1.218033,0.445798,0.325919,1,239.600087,scenario_003,short
8117,237,1.587727,0.100207,0.693578,0,244.262279,scenario_003,short
8118,237,1.257435,0.116984,0.773478,0,243.611106,scenario_003,short
8119,237,8.171075,0.24189,0.543076,1,252.302417,scenario_003,medium
8120,237,6.936836,0.666302,0.90218,0,259.956466,scenario_003,medium
8121,237,1.605629,0.47705,0.762349,0,242.086938,scenario_003,short
8122,237,1.553365,0.445787,0.604588,0,244.099549,scenario_003,short
8123,237,1.455777,0.635016,0.102664,0,241.661045,scenario_003,short
8124,237,0.922131,0.208699,0.287789,0,242.051277,scenario_003,short
8125,237,1.097835,0.378682,0.260581,0,242.902156,scenario_003,short
8126,237,1.047545,0.095027,0.337298,2,239.083153,scenario_003,short
8127,237,0.972358,0.618853,0.36966,0,240.306402,scenario_003,short
8128,237,16.295682,0.70138,0.667574,0,317.339066,scenario_003,long
8129,237,1.56913,0.303197,0.657464,1,240.177501,scenario_003,short
8130,237,2.605095,0.741054,0.583021,0,251.028819,scenario_003,short
8131,237,1.249959,0.25115,0.574562,0,244.007676,scenario_003,short
8132,237,17.098155,0.21914,0.335746,2,264.051012,scenario_003,medium
8133,237,1.244782,0.434552,0.945088,0,241.106968,scenario_003,short
8134,237,1.683883,0.248028,0.823054,0,243.549661,scenario_003,short
8135,237,2.165137,0.432669,0.396224,1,241.37956,scenario_003,short
8136,237,1.101131,0.083831,0.680928,0,241.109843,scenario_003,short
8137,237,17.838403,0.214222,0.488674,1,278.968907,scenario_003,medium
8138,237,1.172381,0.25197,0.193474,1,239.342566,scenario_003,short
8139,237,0.926115,0.738182,0.90369,2,238.829055,scenario_003,short
8140,237,15.325203,0.390246,0.751892,0,288.657414,scenario_003,medium
8141,237,6.940459,0.515982,0.340858,2,245.411345,scenario_003,medium
8142,237,7.758862,0.298141,0.175632,0,280.277165,scenario_003,medium
8143,237,2.451138,0.279632,0.674503,1,241.16117,scenario_003,short
8144,237,1.843751,0.392593,0.309606,0,242.929554,scenario_003,short
8145,237,1.781771,0.385318,0.910159,0,243.306124,scenario_003,short
8146,237,30.560293,0.660325,0.265934,0,374.066161,scenario_003,long
8147,238,21.559375,0.373668,0.322511,1,274.185675,scenario_003,medium
8148,238,11.205141,0.402484,0.643195,0,300.213638,scenario_003,medium
8149,238,12.740024,0.717159,0.576399,1,261.056507,scenario_003,medium
8150,238,1.862422,0.319091,0.334884,2,240.661437,scenario_003,short
8151,238,1.346215,0.42153,0.378187,1,241.793713,scenario_003,short
8152,238,1.096679,0.311043,0.419023,1,240.731559,scenario_003,short
8153,238,0.854519,0.376651,0.5019,1,240.222617,scenario_003,short
8154,238,2.879564,0.147833,0.638196,0,253.541905,scenario_003,short
8155,238,1.028513,0.238784,0.39682,1,240.310308,scenario_003,short
8156,238,1.117016,0.119856,0.762133,1,241.201185,scenario_003,short
8157,238,20.414171,0.585662,0.220482,1,271.83199,scenario_003,medium
8158,238,11.583156,0.617686,0.121631,1,265.202641,scenario_003,medium
8159,238,1.692673,0.210587,0.168351,1,242.269138,scenario_003,short
8160,238,1.131801,0.508718,0.606195,0,241.546377,scenario_003,short
8161,238,7.599107,0.575202,0.45685,2,246.693946,scenario_003,medium
8162,238,1.245093,0.328403,1.0,0,242.694115,scenario_003,short
8163,238,30.883496,0.637014,0.288007,0,357.403192,scenario_003,long
8164,238,0.944652,0.268073,0.756435,0,241.147809,scenario_003,short
8165,238,0.942347,0.64495,0.679204,0,241.189275,scenario_003,short
8166,238,0.664762,0.506506,0.905413,0,241.458139,scenario_003,short
8167,238,0.958945,0.363594,0.793985,0,242.947534,scenario_003,short
8168,238,1.520847,0.38774,1.0,0,245.996109,scenario_003,short
8169,238,1.483688,0.429541,0.320931,2,240.137268,scenario_003,short
8170,238,0.816243,0.641616,0.510943,1,240.27083,scenario_003,short
8171,238,6.560156,0.674662,0.804399,1,257.341156,scenario_003,medium
8172,238,6.20725,0.471263,0.46138,2,248.795217,scenario_003,medium
8173,238,0.711571,0.281709,1.0,2,239.312927,scenario_003,short
8174,238,0.878278,0.314939,0.785963,0,241.024108,scenario_003,short
8175,238,0.938161,0.423521,0.735622,0,242.066557,scenario_003,short
8176,238,1.172075,0.482681,0.846339,0,243.223465,scenario_003,short
8177,238,18.712969,0.711346,0.785563,0,326.283503,scenario_003,long
8178,238,13.224484,0.39155,0.265115,1,266.971579,scenario_003,medium
8179,238,15.684667,0.772844,0.703409,0,312.766251,scenario_003,medium
8180,238,0.845802,0.640287,0.682386,1,239.654718,scenario_003,short
8181,238,1.363157,0.396788,0.39559,2,239.59469,scenario_003,short
8182,238,1.64824,0.391711,0.250761,2,240.393073,scenario_003,short
8183,238,1.35574,0.190683,0.589517,0,242.59598,scenario_003,short
8184,238,2.093852,0.426636,0.653467,0,244.817128,scenario_003,short
8185,238,15.093029,0.653326,0.82333,0,316.439397,scenario_003,medium
8186,238,4.96542,0.528862,0.914818,0,257.238279,scenario_003,medium
8187,238,0.831997,0.276303,0.676176,1,239.865778,scenario_003,short
8188,238,16.071941,0.405013,0.638939,2,263.053016,scenario_003,medium
8189,238,0.908106,0.382587,1.0,1,239.520612,scenario_003,short
8190,238,14.777093,0.595721,0.739719,0,309.790239,scenario_003,medium
8191,238,1.855145,0.355686,0.305641,1,242.094762,scenario_003,short
8192,238,14.483706,0.318669,0.126265,2,258.307566,scenario_003,medium
8193,238,3.088481,0.239734,0.202393,2,243.827099,scenario_003,short
8194,238,2.059716,0.256937,0.322571,0,246.833795,scenario_003,short
8195,238,1.062279,0.094766,0.242885,0,243.372379,scenario_003,short
8196,238,0.947491,0.274075,0.814932,2,239.187199,scenario_003,short
8197,238,2.023032,0.439427,0.221633,0,248.0227,scenario_003,short
8198,238,23.863085,0.241594,0.55868,1,286.226377,scenario_003,medium
8199,238,1.244738,0.058539,0.772954,1,241.131431,scenario_003,short
8200,238,1.72792,0.147903,0.240852,0,244.133609,scenario_003,short
8201,238,1.037822,0.434139,0.44166,1,240.426992,scenario_003,short
8202,239,1.016791,0.22511,0.216807,1,240.991867,scenario_003,short
8203,239,1.198485,0.167179,0.679912,0,244.106988,scenario_003,short
8204,239,1.4491,0.218901,0.132023,0,246.912179,scenario_003,short
8205,239,1.036984,0.056224,0.574052,0,244.624495,scenario_003,short
8206,239,19.632771,0.970674,0.582548,1,284.914985,scenario_003,long
8207,239,1.476257,0.542369,0.702419,0,246.418819,scenario_003,short
8208,239,10.890429,0.716109,0.803684,2,253.339551,scenario_003,medium
8209,239,10.538268,0.258643,0.374126,1,265.755605,scenario_003,medium
8210,239,7.438404,0.622516,0.83432,1,256.344645,scenario_003,medium
8211,239,1.56855,0.46439,0.373299,1,242.948036,scenario_003,short
8212,239,15.397967,0.694248,0.594876,0,314.043556,scenario_003,long
8213,239,1.869098,0.079556,0.412367,1,243.614677,scenario_003,short
8214,239,8.009719,0.714554,0.737077,2,250.783434,scenario_003,medium
8215,239,1.52712,0.467061,0.497079,0,244.955888,scenario_003,short
8216,239,0.793835,0.182718,0.092962,1,241.061047,scenario_003,short
8217,239,6.005068,0.202403,0.222499,1,253.78747,scenario_003,medium
8218,239,1.743703,0.423715,1.0,0,248.099569,scenario_003,short
8219,239,1.989336,0.273944,0.670446,0,248.243494,scenario_003,short
8220,239,2.054893,0.547989,0.416113,0,246.434289,scenario_003,short
8221,239,1.942166,0.384674,0.747426,0,249.784024,scenario_003,short
8222,239,0.75273,0.813689,0.609966,0,243.102936,scenario_003,short
8223,239,6.416091,0.514519,0.195173,0,265.257936,scenario_003,medium
8224,239,18.732123,0.333329,0.682513,0,328.341016,scenario_003,medium
8225,239,2.666622,0.347492,0.346301,0,249.126703,scenario_003,short
8226,239,1.605332,0.407692,0.472941,0,244.270042,scenario_003,short
8227,239,7.972762,0.979178,0.600048,1,252.172392,scenario_003,long
8228,239,11.961783,0.477111,0.918635,0,302.33331,scenario_003,medium
8229,239,1.001784,0.340545,0.323894,0,243.980211,scenario_003,short
8230,239,1.139352,0.060475,0.450572,1,241.720574,scenario_003,short
8231,239,1.311016,0.724467,1.0,1,242.604834,scenario_003,short
8232,239,1.054309,0.250725,0.615067,2,240.764753,scenario_003,short
8233,239,1.124731,0.405901,0.572191,0,244.772221,scenario_003,short
8234,239,7.783078,0.598822,0.775459,1,256.594345,scenario_003,medium
8235,239,2.205963,0.155745,0.286525,2,243.178821,scenario_003,short
8236,239,6.500756,0.282798,0.50475,0,268.432041,scenario_003,long
8237,239,1.144876,0.562062,1.0,2,240.738691,scenario_003,short
8238,239,18.970044,0.612485,0.237043,0,321.804813,scenario_003,medium
8239,239,1.186534,0.612644,0.836588,0,243.520551,scenario_003,short
8240,239,13.430254,0.567568,0.535313,2,265.432283,scenario_003,medium
8241,239,10.925375,0.395751,0.938373,0,275.637055,scenario_003,medium
8242,239,1.211867,0.316301,0.730807,1,242.640992,scenario_003,short
8243,239,1.418808,0.252822,0.364257,1,241.399039,scenario_003,short
8244,240,1.374594,0.123927,0.378424,0,247.384772,scenario_003,short
8245,240,2.197609,0.252405,0.328468,0,248.314295,scenario_003,short
8246,240,5.36291,0.673224,0.230104,0,266.530888,scenario_003,medium
8247,240,0.85502,0.348674,0.507787,1,241.747758,scenario_003,short
8248,240,12.029007,0.641943,0.276162,0,305.845269,scenario_003,medium
8249,240,9.855212,0.648941,0.481332,2,253.881595,scenario_003,medium
8250,240,2.548358,0.379981,0.705185,0,253.04571,scenario_003,short
8251,240,18.449293,0.303156,0.264555,0,306.491206,scenario_003,medium
8252,240,7.861344,0.385439,0.993981,1,262.603731,scenario_003,medium
8253,240,8.077723,0.949185,0.532577,1,257.134992,scenario_003,medium
8254,240,7.959977,1.0,0.809802,0,268.671887,scenario_003,medium
8255,240,11.516285,0.242097,0.667538,2,257.206267,scenario_003,medium
8256,240,9.170114,0.378357,0.74914,0,275.530607,scenario_003,medium
8257,240,0.79774,0.314592,0.503129,0,242.474887,scenario_003,short
8258,240,12.291146,0.641894,0.45555,0,305.124287,scenario_003,medium
8259,240,1.24228,0.098308,0.918819,1,243.2244,scenario_003,short
8260,240,1.459547,0.387645,0.05,2,242.169905,scenario_003,short
8261,240,10.617842,0.194175,0.158343,0,297.180083,scenario_003,medium
8262,240,1.202422,0.343943,0.485981,2,242.341892,scenario_003,short
8263,240,1.192583,0.097209,0.813796,1,242.101834,scenario_003,short
8264,240,1.577816,0.489393,0.635152,0,248.462018,scenario_003,short
8265,240,1.534418,0.864708,0.742064,0,245.907574,scenario_003,short
8266,240,5.186607,0.31722,0.251276,0,261.310748,scenario_003,medium
8267,240,10.362293,0.322697,0.214241,1,258.888478,scenario_003,medium
8268,240,0.765692,0.426005,0.255752,0,243.829426,scenario_003,short
8269,240,0.891315,0.326887,0.204443,0,243.35833,scenario_003,short
8270,240,2.064795,0.207953,0.890801,0,248.346803,scenario_003,short
8271,240,16.44994,0.654111,0.672921,1,280.393962,scenario_003,medium
8272,240,0.938234,0.627823,0.669114,2,241.159312,scenario_003,short
8273,240,1.150984,0.227179,1.0,2,241.275044,scenario_003,short
8274,240,3.639373,0.677623,0.558598,0,259.263741,scenario_003,short
8275,240,1.553622,0.195001,0.704736,0,246.125845,scenario_003,short
8276,240,2.279619,0.089693,0.628254,1,243.757608,scenario_003,short
8277,240,5.471452,0.605067,0.891941,0,268.786477,scenario_003,medium
8278,240,2.237776,0.351546,0.714178,1,246.532232,scenario_003,short
8279,240,6.915524,0.120057,0.32119,2,251.227177,scenario_003,medium
8280,241,0.938305,0.653819,0.907242,2,242.337597,scenario_003,short
8281,241,9.987645,0.521778,0.613506,1,269.808013,scenario_003,medium
8282,241,1.453401,0.43856,0.616366,0,248.746596,scenario_003,short
8283,241,7.913381,0.336789,1.0,0,273.923458,scenario_003,medium
8284,241,14.713663,0.282381,0.76911,2,267.276329,scenario_003,medium
8285,241,13.656204,0.584044,0.843468,0,313.756858,scenario_003,medium
8286,241,1.676115,0.376189,0.244246,0,248.188441,scenario_003,short
8287,241,7.839298,0.686568,0.936384,0,280.117279,scenario_003,medium
8288,241,15.271735,0.27501,0.626021,0,294.759908,scenario_003,medium
8289,241,9.225463,0.976886,0.920518,1,264.620721,scenario_003,long
8290,241,14.55425,0.351473,0.392344,0,305.769448,scenario_003,long
8291,241,1.887234,0.406353,0.165829,0,248.820833,scenario_003,short
8292,241,8.253831,0.356798,0.758159,1,255.894811,scenario_003,medium
8293,241,15.499604,0.553432,0.731386,0,297.453499,scenario_003,long
8294,241,1.330161,0.667038,0.434159,0,248.047081,scenario_003,short
8295,241,1.413558,0.700985,0.97219,0,246.862303,scenario_003,short
8296,241,1.045716,0.390318,0.620606,0,246.455241,scenario_003,short
8297,241,11.960161,0.953471,0.550841,0,306.965092,scenario_003,medium
8298,241,1.23752,0.294195,0.300894,1,244.669011,scenario_003,short
8299,241,10.810992,0.234285,0.773957,1,262.017511,scenario_003,medium
8300,241,1.340159,0.112168,0.05,0,247.929191,scenario_003,short
8301,241,16.068609,0.134829,0.789564,0,294.398544,scenario_003,medium
8302,241,11.099446,0.581472,1.0,1,269.662967,scenario_003,medium
8303,241,1.558003,0.317922,0.245233,2,243.508644,scenario_003,short
8304,241,2.439795,0.279091,0.345961,0,252.916015,scenario_003,short
8305,241,11.666332,0.884398,0.760833,0,298.027614,scenario_003,medium
8306,241,2.344267,0.348861,1.0,2,245.237058,scenario_003,short
8307,241,1.628992,0.266637,0.318402,1,245.448025,scenario_003,short
8308,241,1.306818,0.413023,0.416098,0,245.295338,scenario_003,short
8309,241,10.84267,0.878839,0.729533,2,255.936346,scenario_003,medium
8310,241,5.09104,0.280785,0.735363,1,255.951847,scenario_003,medium
8311,241,13.583488,0.683636,0.521103,0,306.154969,scenario_003,medium
8312,241,1.359417,0.430812,0.769675,1,243.330738,scenario_003,short
8313,241,13.220968,0.437894,0.803505,0,295.655845,scenario_003,medium
8314,242,1.443198,0.405847,0.250531,1,244.449523,scenario_003,short
8315,242,1.602582,0.433114,0.438434,0,249.853482,scenario_003,short
8316,242,1.829887,0.377285,0.773068,1,247.509432,scenario_003,short
8317,242,5.953701,0.627806,0.822807,0,266.578228,scenario_003,medium
8318,242,4.064693,0.71487,0.964918,2,249.029124,scenario_003,medium
8319,242,10.882308,0.357852,0.161806,0,300.611417,scenario_003,long
8320,242,1.743485,0.465158,0.553066,0,249.885218,scenario_003,short
8321,242,2.033533,0.078342,0.15603,0,252.573295,scenario_003,short
8322,242,7.460335,0.224948,0.487394,0,269.72773,scenario_003,medium
8323,242,43.785934,0.511756,0.44877,1,364.752976,scenario_003,long
8324,242,1.241334,0.259238,0.523162,0,245.853168,scenario_003,short
8325,242,1.908937,0.085816,0.319931,0,252.772192,scenario_003,short
8326,242,74.492586,0.523192,0.568384,2,365.463328,scenario_003,long
8327,242,15.609402,0.595809,0.684417,1,279.634759,scenario_003,medium
8328,242,0.884334,0.146941,0.691656,0,246.136006,scenario_003,short
8329,242,1.126226,0.247917,0.586216,1,245.140838,scenario_003,short
8330,242,0.82075,0.077161,0.519599,1,244.082143,scenario_003,short
8331,242,7.233531,0.923553,0.339247,0,281.460203,scenario_003,long
8332,242,0.752953,0.254393,1.0,0,245.847699,scenario_003,short
8333,242,2.038324,0.376317,0.842606,1,246.312226,scenario_003,short
8334,242,29.707503,0.634243,1.0,0,346.984782,scenario_003,long
8335,242,1.589547,0.100852,0.521406,1,245.272509,scenario_003,short
8336,242,16.517622,0.6881,0.983124,1,277.695131,scenario_003,medium
8337,242,1.433792,0.392314,0.533731,0,247.828719,scenario_003,short
8338,242,11.382486,0.218443,0.495324,1,262.708525,scenario_003,medium
8339,242,1.341783,0.380924,0.6173,0,248.569299,scenario_003,short
8340,242,21.965939,0.597878,0.333563,0,331.54534,scenario_003,medium
8341,242,2.714811,0.118366,0.666146,0,252.268187,scenario_003,short
8342,242,4.102596,0.159642,0.845404,1,249.622191,scenario_003,medium
8343,242,0.972673,0.312685,0.668719,0,246.579811,scenario_003,short
8344,242,1.01095,0.282304,0.280594,0,247.477613,scenario_003,short
8345,242,1.725155,0.211641,0.521584,1,246.226551,scenario_003,short
8346,242,0.879546,0.082428,0.05,0,246.451859,scenario_003,short
8347,242,15.951854,0.543306,0.47185,0,312.468597,scenario_003,medium
8348,242,1.111082,0.354413,0.674624,1,245.093138,scenario_003,short
8349,242,6.284961,0.953074,0.162485,0,264.136194,scenario_003,medium
8350,243,8.950881,0.451177,0.81409,1,259.844673,scenario_003,long
8351,243,3.520414,0.227235,0.524001,0,260.506614,scenario_003,short
8352,243,1.040721,0.667138,1.0,1,244.779169,scenario_003,short
8353,243,0.797268,0.795355,0.090681,0,246.159967,scenario_003,short
8354,243,6.408449,0.261566,0.56978,2,251.23502,scenario_003,medium
8355,243,1.708692,0.206265,0.478203,2,245.69704,scenario_003,short
8356,243,9.646801,0.623744,0.270269,0,276.947368,scenario_003,medium
8357,243,1.687643,0.281044,0.59843,1,246.964559,scenario_003,short
8358,243,1.116527,0.652765,0.431178,0,247.780042,scenario_003,short
8359,243,1.960383,0.135351,0.464094,0,251.942302,scenario_003,short
8360,243,2.535573,0.117263,0.498428,0,251.450272,scenario_003,short
8361,243,0.846812,0.347822,0.900111,2,244.011119,scenario_003,short
8362,243,6.240384,0.713939,0.721412,1,258.392443,scenario_003,medium
8363,243,24.423334,0.970261,0.466766,1,312.914864,scenario_003,medium
8364,243,12.463082,0.525186,0.542845,0,298.830257,scenario_003,medium
8365,243,1.167167,0.083012,0.636009,1,245.624152,scenario_003,short
8366,243,0.743809,0.089233,0.344539,1,244.349844,scenario_003,short
8367,243,1.393855,0.090446,0.437575,0,250.175656,scenario_003,short
8368,243,1.162188,0.316709,0.11482,2,245.089757,scenario_003,short
8369,243,1.800693,0.432296,0.554354,0,249.663402,scenario_003,short
8370,243,25.011469,0.417037,0.662718,1,302.456329,scenario_003,medium
8371,243,12.181834,0.481822,0.741885,0,284.648141,scenario_003,medium
8372,243,1.645417,0.207976,0.306199,0,249.840663,scenario_003,short
8373,243,11.916953,0.581152,0.193961,0,290.364051,scenario_003,medium
8374,243,11.040419,0.672858,0.692464,1,261.772493,scenario_003,medium
8375,243,0.750952,0.189789,0.430308,0,246.243295,scenario_003,short
8376,243,1.770946,0.176814,0.144404,0,252.782232,scenario_003,short
8377,243,1.040518,0.180426,0.721131,2,245.032215,scenario_003,short
8378,243,17.267922,0.268466,0.862293,1,276.296382,scenario_003,medium
8379,243,0.646222,0.478264,0.704777,0,246.43576,scenario_003,short
8380,243,1.402255,0.546269,0.208526,0,250.327664,scenario_003,short
8381,243,7.368625,0.618188,0.354726,0,273.888444,scenario_003,medium
8382,243,15.777564,0.533917,0.591067,1,285.556326,scenario_003,medium
8383,243,1.593772,0.61999,0.1935,1,245.894852,scenario_003,short
8384,243,1.307815,0.740279,0.258675,1,245.83229,scenario_003,short
8385,243,36.6771,0.977357,0.85207,0,415.166449,scenario_003,long
8386,243,1.893727,0.127834,0.633322,1,247.587261,scenario_003,short
8387,243,1.370809,0.84917,0.132669,0,250.086887,scenario_003,short
8388,243,1.822145,0.357279,0.571011,0,252.645457,scenario_003,short
8389,243,8.139193,0.52327,0.428975,2,257.736357,scenario_003,medium
8390,243,2.245096,0.27406,0.316353,1,247.009448,scenario_003,short
8391,244,1.091943,0.198054,0.203943,1,245.889859,scenario_003,short
8392,244,8.79916,0.789476,0.432479,1,260.466099,scenario_003,long
8393,244,1.602309,0.36449,0.235275,2,246.66617,scenario_003,short
8394,244,1.251587,0.413745,0.598245,0,249.317296,scenario_003,short
8395,244,42.347793,0.782771,0.619215,0,474.024461,scenario_003,long
8396,244,8.005868,0.594871,0.537589,0,272.894453,scenario_003,medium
8397,244,0.760267,0.28053,0.32101,0,248.294674,scenario_003,short
8398,244,1.757932,0.362942,0.467472,1,248.971154,scenario_003,short
8399,244,11.302564,0.335653,0.869861,0,280.324353,scenario_003,long
8400,244,1.375047,0.104154,0.191829,0,248.480701,scenario_003,short
8401,244,0.991742,0.3956,0.724088,1,246.624025,scenario_003,short
8402,244,1.192875,0.051052,0.690143,1,246.076509,scenario_003,short
8403,244,0.997969,0.134272,0.270442,1,246.878422,scenario_003,short
8404,244,11.755177,0.220119,0.537439,0,286.474936,scenario_003,medium
8405,244,1.351434,0.432133,0.540108,0,250.507021,scenario_003,short
8406,244,0.966939,0.605643,0.617139,2,245.599658,scenario_003,short
8407,244,0.831775,0.190663,0.772125,1,246.490077,scenario_003,short
8408,244,6.641965,0.172538,0.449503,2,256.712065,scenario_003,medium
8409,244,1.116372,0.135383,0.353038,2,245.557507,scenario_003,short
8410,244,1.092027,0.33928,0.759721,1,246.434905,scenario_003,short
8411,244,1.749944,0.59952,0.531979,1,248.960621,scenario_003,short
8412,244,6.476192,0.243401,0.982882,1,258.83834,scenario_003,medium
8413,244,2.112481,0.313084,0.489788,1,248.247823,scenario_003,short
8414,244,1.958416,0.241345,0.590033,1,247.776376,scenario_003,short
8415,244,9.782421,0.99248,0.622033,0,282.884647,scenario_003,medium
8416,244,5.791007,0.586777,0.510461,1,254.317905,scenario_003,medium
8417,244,14.6485,0.434544,0.714952,1,281.46811,scenario_003,long
8418,244,11.936968,0.171723,0.092306,0,296.891301,scenario_003,medium
8419,244,1.437265,0.250747,0.153563,0,248.923766,scenario_003,short
8420,244,1.361388,0.30033,1.0,1,246.968853,scenario_003,short
8421,244,1.214797,0.449091,0.610369,1,246.722404,scenario_003,short
8422,244,10.83233,0.578024,1.0,1,265.026179,scenario_003,medium
8423,244,2.010618,0.20899,0.54863,1,247.373063,scenario_003,short
8424,244,2.015969,0.223376,0.438304,0,251.743625,scenario_003,short
8425,244,1.051024,0.274168,0.511498,0,248.788631,scenario_003,short
8426,244,20.22063,0.552617,0.672974,0,345.977218,scenario_003,long
8427,244,0.925464,0.299972,0.652771,0,248.706824,scenario_003,short
8428,244,6.109235,0.178489,0.907901,0,276.117801,scenario_003,medium
8429,245,9.9989,0.579678,0.379419,1,262.902101,scenario_003,long
8430,245,1.404587,0.232944,0.99929,1,248.01137,scenario_003,short
8431,245,10.035351,0.516257,0.109452,0,296.843508,scenario_003,long
8432,245,13.101741,0.25182,0.396923,2,261.430205,scenario_003,medium
8433,245,27.484959,0.641647,0.462938,1,293.336594,scenario_003,long
8434,245,2.853949,0.138386,0.084004,0,254.896191,scenario_003,short
8435,245,0.776368,0.392978,0.635118,1,247.34051,scenario_003,short
8436,245,1.245783,0.384426,0.336268,0,250.647749,scenario_003,short
8437,245,17.892588,0.233993,0.363669,1,286.394467,scenario_003,medium
8438,245,14.180942,0.973332,0.271225,1,286.697572,scenario_003,medium
8439,245,0.965957,0.445071,0.226392,0,248.400416,scenario_003,short
8440,245,0.985498,0.240608,0.6011,0,248.051191,scenario_003,short
8441,245,1.235111,0.426865,0.382057,0,250.581743,scenario_003,short
8442,245,12.666116,0.520079,0.17552,1,282.280003,scenario_003,medium
8443,245,0.66424,0.402962,0.664967,0,247.569522,scenario_003,short
8444,245,11.85473,0.70766,0.778224,0,285.044267,scenario_003,medium
8445,245,1.509872,0.425374,0.351813,1,249.067052,scenario_003,short
8446,245,1.706748,0.699103,0.733057,2,247.83851,scenario_003,short
8447,245,9.472174,0.787216,1.0,2,257.747989,scenario_003,medium
8448,245,2.604039,0.27354,0.64085,0,256.566175,scenario_003,short
8449,245,1.007388,0.728258,0.591751,2,246.974441,scenario_003,short
8450,245,1.016217,0.310083,0.718777,0,250.04498,scenario_003,short
8451,245,0.946976,0.097112,0.475025,0,249.457414,scenario_003,short
8452,245,0.973829,0.335549,0.563829,0,248.332227,scenario_003,short
8453,245,9.225499,0.919169,0.875597,1,260.304716,scenario_003,medium
8454,245,1.569999,0.098195,0.56208,0,253.607542,scenario_003,short
8455,245,1.262871,0.207672,0.691668,1,248.758897,scenario_003,short
8456,245,1.434681,0.39283,0.541286,2,246.926307,scenario_003,short
8457,245,2.016232,0.083991,0.771305,1,249.674844,scenario_003,short
8458,245,1.231098,0.440904,0.978273,1,247.099155,scenario_003,short
8459,245,1.968477,0.417733,0.536205,0,252.169309,scenario_003,short
8460,245,2.088337,0.436321,0.411958,0,254.127403,scenario_003,short
8461,245,2.019463,0.348563,0.493158,2,247.662977,scenario_003,short
8462,245,2.299546,0.315362,0.572451,0,254.300211,scenario_003,short
8463,245,1.702163,0.421365,0.601817,1,249.015409,scenario_003,short
8464,245,8.241236,0.791425,1.0,2,256.461576,scenario_003,medium
8465,245,2.733309,0.605295,0.827356,1,251.10338,scenario_003,short
8466,246,0.911007,0.838528,0.854465,1,247.531796,scenario_003,short
8467,246,1.013709,0.270836,0.545388,1,247.67099,scenario_003,short
8468,246,15.973658,0.64588,0.318015,2,264.823027,scenario_003,long
8469,246,1.198909,0.12874,0.561372,1,249.236129,scenario_003,short
8470,246,2.140445,0.07808,0.787386,1,249.763621,scenario_003,short
8471,246,1.670558,0.266997,0.927068,1,250.125354,scenario_003,short
8472,246,21.615983,0.316412,0.352368,1,287.070057,scenario_003,long
8473,246,31.048128,1.0,0.988688,0,352.96572,scenario_003,long
8474,246,1.081191,0.05288,0.876998,1,248.634359,scenario_003,short
8475,246,0.883708,0.433728,0.503156,0,249.140946,scenario_003,short
8476,246,15.702158,0.691059,0.252138,0,310.490368,scenario_003,long
8477,246,12.926042,0.210366,0.427662,1,270.166881,scenario_003,medium
8478,246,1.40213,0.338632,0.607401,1,249.979169,scenario_003,short
8479,246,1.146014,0.386521,1.0,0,252.33024,scenario_003,short
8480,246,1.397324,0.344794,1.0,0,253.024783,scenario_003,short
8481,246,10.185649,1.0,0.56314,1,273.951057,scenario_003,medium
8482,246,0.639705,0.320045,0.86406,2,247.0,scenario_003,short
8483,246,28.708492,0.922618,0.595858,0,348.285377,scenario_003,long
8484,246,1.003726,0.382852,0.664478,1,247.779562,scenario_003,short
8485,246,1.156307,0.23919,0.749044,1,248.96817,scenario_003,short
8486,246,0.915161,0.646529,0.993298,0,250.406995,scenario_003,short
8487,246,13.050367,0.645986,0.749889,0,302.268319,scenario_003,medium
8488,246,14.85758,0.533038,0.303724,0,300.78806,scenario_003,medium
8489,246,9.484429,0.354429,1.0,1,273.923749,scenario_003,medium
8490,246,1.198455,0.755875,0.133523,0,251.346314,scenario_003,short
8491,246,1.893727,0.386597,0.83421,0,255.448885,scenario_003,short
8492,246,2.229628,0.370384,0.834828,0,255.572118,scenario_003,short
8493,246,9.488566,0.367543,0.775951,0,286.775369,scenario_003,medium
8494,246,1.118306,0.487708,0.766775,0,252.241559,scenario_003,short
8495,246,11.821339,0.177863,0.96289,1,278.604547,scenario_003,medium
8496,246,15.165026,0.396098,0.576355,1,279.049658,scenario_003,medium
8497,246,10.425253,0.277692,0.346842,2,266.124689,scenario_003,medium
8498,246,2.509955,0.590622,0.460814,0,259.69419,scenario_003,short
8499,247,1.548257,0.230357,0.73796,0,251.941897,scenario_003,short
8500,247,1.430582,0.135921,0.196928,1,250.456958,scenario_003,short
8501,247,1.554649,0.152626,0.401598,2,249.076868,scenario_003,short
8502,247,1.420625,0.14502,0.378634,2,249.648183,scenario_003,short
8503,247,2.506614,0.160554,0.831159,1,252.782424,scenario_003,short
8504,247,23.172855,0.556146,0.698988,1,309.845503,scenario_003,medium
8505,247,2.135586,0.796045,0.579571,0,254.861646,scenario_003,short
8506,247,2.173768,0.199702,0.199272,0,254.299869,scenario_003,short
8507,247,5.806821,0.358071,0.384753,0,274.197336,scenario_003,medium
8508,247,1.236017,0.640174,0.761933,1,249.913696,scenario_003,short
8509,247,1.619841,0.074017,0.262654,0,255.325829,scenario_003,short
8510,247,1.095824,0.375497,0.383458,0,251.121505,scenario_003,short
8511,247,8.04042,0.400961,0.328675,1,266.621313,scenario_003,medium
8512,247,18.204097,0.128441,0.330435,1,299.359995,scenario_003,medium
8513,247,24.967305,0.38231,0.334581,0,330.444362,scenario_003,medium
8514,247,0.974089,0.463854,0.925424,1,249.170066,scenario_003,short
8515,247,1.314437,0.620143,0.240695,1,250.595614,scenario_003,short
8516,247,0.904495,0.286746,0.727356,0,250.550101,scenario_003,short
8517,247,0.790683,0.303719,0.939356,0,251.195924,scenario_003,short
8518,247,8.452346,0.691927,0.330884,0,274.233676,scenario_003,medium
8519,247,3.204922,0.187895,0.555906,0,261.044133,scenario_003,short
8520,247,19.588701,0.436775,0.562303,2,269.397558,scenario_003,medium
8521,247,10.466129,0.312231,0.549828,1,270.399837,scenario_003,medium
8522,247,0.829007,0.563625,0.681925,0,250.500913,scenario_003,short
8523,247,1.647849,0.071806,0.512134,1,251.677559,scenario_003,short
8524,247,0.908446,0.098929,0.526281,0,250.306208,scenario_003,short
8525,247,2.947816,0.11308,0.089022,0,261.996661,scenario_003,short
8526,247,0.652957,0.271323,0.348051,2,248.0,scenario_003,short
8527,247,0.951084,0.213718,0.718453,1,249.67296,scenario_003,short
8528,247,13.078619,0.648557,0.923905,0,308.641701,scenario_003,medium
8529,247,0.989443,0.074824,0.184173,1,248.963444,scenario_003,short
8530,247,13.542115,0.82678,0.409884,1,285.09367,scenario_003,long
8531,247,1.935841,0.076519,0.733551,2,249.532222,scenario_003,short
8532,247,14.559279,0.562941,1.0,0,293.435028,scenario_003,medium
8533,247,0.831803,0.500588,0.59172,0,250.214834,scenario_003,short
8534,247,1.003236,0.079999,0.329272,0,250.182257,scenario_003,short
8535,247,1.425892,0.06321,0.46477,1,250.583799,scenario_003,short
8536,247,0.76933,0.064296,0.596519,2,248.269258,scenario_003,short
8537,247,1.434746,0.078342,0.60707,0,251.804936,scenario_003,short
8538,247,1.260155,0.394961,0.881321,1,249.267908,scenario_003,short
8539,247,1.018,0.218222,0.868128,0,250.230389,scenario_003,short
8540,247,13.012788,0.642498,0.969551,0,313.516988,scenario_003,medium
8541,247,8.745062,0.565855,0.394191,0,274.866768,scenario_003,medium
8542,247,0.53484,0.830167,0.836055,0,249.362689,scenario_003,short
8543,247,0.95881,0.255314,0.679434,1,248.985375,scenario_003,short
8544,247,6.290137,0.278801,0.103515,0,282.008026,scenario_003,medium
8545,247,1.424548,0.47178,0.488722,0,252.269675,scenario_003,short
8546,247,17.31793,0.874666,0.995212,2,280.500301,scenario_003,medium
8547,247,1.046815,0.210628,0.193257,0,252.175285,scenario_003,short
8548,248,11.605633,0.407687,0.957055,0,300.308895,scenario_003,medium
8549,248,8.228752,0.241668,0.707296,0,280.618993,scenario_003,medium
8550,248,10.911363,0.477803,0.064568,2,260.70175,scenario_003,medium
8551,248,0.853926,0.191237,0.748383,0,252.59414,scenario_003,short
8552,248,1.094237,0.095468,0.503909,2,250.110818,scenario_003,short
8553,248,1.546686,0.323531,0.737745,1,250.679381,scenario_003,short
8554,248,1.195587,0.379704,0.485857,0,252.947686,scenario_003,short
8555,248,2.85961,0.453513,1.0,1,253.819688,scenario_003,short
8556,248,11.331022,0.535917,0.972016,1,281.337987,scenario_003,long
8557,248,0.950515,0.088266,0.60129,0,251.839056,scenario_003,short
8558,248,1.525138,0.341072,0.614659,2,250.507308,scenario_003,short
8559,248,2.149029,0.245747,0.488584,0,259.471314,scenario_003,short
8560,248,1.074996,0.247345,0.05,0,252.425733,scenario_003,short
8561,248,10.963898,0.174778,0.259831,2,260.237558,scenario_003,medium
8562,248,15.362536,0.870661,0.996616,1,273.285363,scenario_003,medium
8563,248,7.908987,0.258126,0.803858,2,260.802818,scenario_003,medium
8564,248,1.948568,0.229682,0.398404,1,252.983508,scenario_003,short
8565,248,1.308498,0.333767,0.301639,0,254.379721,scenario_003,short
8566,248,8.432248,0.632105,0.387467,0,289.523018,scenario_003,medium
8567,248,2.443115,0.316438,0.624391,0,257.642389,scenario_003,short
8568,248,0.980092,0.676298,0.766145,0,251.946987,scenario_003,short
8569,248,23.079595,0.949837,0.322986,0,326.828302,scenario_003,medium
8570,248,12.783077,0.547397,0.725785,1,269.957985,scenario_003,medium
8571,248,2.941215,0.67834,0.624309,0,262.861564,scenario_003,medium
8572,248,9.239175,0.129993,0.762375,0,281.641583,scenario_003,medium
8573,248,6.837485,0.455197,1.0,1,266.201489,scenario_003,medium
8574,248,1.637464,0.224244,0.703293,0,255.74687,scenario_003,short
8575,248,1.268712,0.385383,0.882839,2,249.998669,scenario_003,short
8576,248,24.822415,0.408827,0.64657,1,302.891229,scenario_003,long
8577,248,10.164022,0.719896,0.506102,2,260.795806,scenario_003,medium
8578,248,0.865194,0.400435,0.05,0,251.309267,scenario_003,short
8579,248,0.941444,0.529862,0.309312,1,250.295011,scenario_003,short
8580,248,36.232583,0.900798,0.207422,0,412.260513,scenario_003,long
8581,248,3.017899,0.377632,0.125823,1,254.027401,scenario_003,short
8582,248,1.21338,0.347667,0.312804,0,252.460894,scenario_003,short
8583,248,0.538853,0.38948,0.823995,2,249.0,scenario_003,short
8584,248,22.196323,0.261217,0.53875,0,339.09913,scenario_003,medium
8585,248,1.130657,0.429719,0.227262,0,252.595033,scenario_003,short
8586,248,1.173677,0.356948,0.835548,0,253.917501,scenario_003,short
8587,248,1.54905,0.412036,0.598228,0,253.249881,scenario_003,short
8588,248,2.285633,0.742426,0.697813,0,260.533838,scenario_003,short
8589,249,2.221129,0.387922,0.526726,0,256.280206,scenario_003,short
8590,249,15.116759,0.449239,0.866322,1,284.336857,scenario_003,medium
8591,249,12.181923,0.157391,0.361215,1,280.23942,scenario_003,medium
8592,249,8.937264,0.494008,0.680444,0,294.711461,scenario_003,medium
8593,249,1.187554,0.444075,0.487888,0,254.447432,scenario_003,short
8594,249,15.758133,0.247403,0.701537,2,274.644703,scenario_003,medium
8595,249,8.987477,0.294294,0.364266,2,263.980195,scenario_003,medium
8596,249,1.849927,0.356125,0.852673,0,255.167784,scenario_003,short
8597,249,15.337212,0.528366,0.58535,0,332.981335,scenario_003,medium
8598,249,0.98889,0.430363,0.63259,0,254.276859,scenario_003,short
8599,249,1.156848,0.444711,0.784905,1,252.342437,scenario_003,short
8600,249,15.360867,0.197824,0.214854,0,304.879425,scenario_003,medium
8601,249,1.282003,0.321921,0.789459,2,251.539281,scenario_003,short
8602,249,13.019675,0.328025,0.720761,2,270.789854,scenario_003,long
8603,249,9.166578,0.482763,0.691974,0,298.048949,scenario_003,medium
8604,249,9.046076,0.539335,0.244381,0,295.396815,scenario_003,medium
8605,249,14.140291,0.419996,0.237013,1,291.079296,scenario_003,medium
8606,249,2.400803,0.799419,0.443711,0,261.337331,scenario_003,short
8607,249,17.832611,0.593217,1.0,2,282.453184,scenario_003,long
8608,249,2.344359,0.659724,0.952476,0,256.918317,scenario_003,short
8609,249,12.920772,0.625295,0.480335,0,311.61289,scenario_003,medium
8610,249,6.041947,0.363465,0.151621,1,264.041394,scenario_003,medium
8611,249,1.564142,0.389923,0.316318,0,255.487249,scenario_003,short
8612,249,1.417953,0.356687,0.571695,0,256.093545,scenario_003,short
8613,249,2.113064,0.135418,0.194287,1,252.805001,scenario_003,short
8614,249,10.578674,0.606477,0.482325,1,269.925537,scenario_003,medium
8615,249,12.201157,0.307948,0.460563,1,276.926745,scenario_003,medium
8616,249,13.985577,0.417468,0.54174,0,314.146157,scenario_003,medium
8617,249,1.150259,0.29677,0.069888,2,250.742299,scenario_003,short
8618,249,2.603767,0.225711,0.703803,0,257.160247,scenario_003,short
8619,249,2.181743,0.444655,0.747975,1,254.322954,scenario_003,short
8620,249,1.925267,0.264189,0.782015,0,259.74668,scenario_003,short
8621,249,1.402569,0.371357,0.654486,0,253.640342,scenario_003,short
8622,249,1.424106,0.333429,0.702176,0,254.724743,scenario_003,short
8623,249,14.993924,0.598876,0.399955,1,276.618024,scenario_003,medium
8624,249,13.11237,0.390967,0.698425,0,301.042762,scenario_003,medium
8625,249,1.388594,0.475358,0.357823,0,256.103828,scenario_003,short
8626,249,1.525586,0.757562,0.538275,1,251.985083,scenario_003,short
8627,249,10.110395,0.298535,0.561484,0,287.269849,scenario_003,medium
8628,249,6.557274,0.568409,0.144783,0,282.250611,scenario_003,medium
8629,249,1.543627,0.712172,0.952934,0,256.037404,scenario_003,short
8630,249,4.696459,0.197052,0.768193,0,265.233715,scenario_003,medium
8631,249,2.424635,0.361198,0.882469,2,252.435723,scenario_003,short
8632,249,8.072524,0.496827,0.692623,2,264.672159,scenario_003,medium
8633,249,2.222708,0.173804,0.654007,0,257.493844,scenario_003,short
8634,250,5.705497,0.388622,0.990397,1,262.752483,scenario_003,medium
8635,250,1.992164,0.079673,0.232011,1,253.402175,scenario_003,short
8636,250,0.884374,0.072836,0.334518,1,252.03376,scenario_003,short
8637,250,16.237609,0.395352,0.8767,0,309.608241,scenario_003,medium
8638,250,13.781844,0.372933,1.0,2,266.208259,scenario_003,medium
8639,250,1.657368,0.515143,1.0,0,259.205413,scenario_003,short
8640,250,1.418988,0.424784,1.0,1,253.696525,scenario_003,short
8641,250,0.77977,0.091696,0.717857,1,251.478596,scenario_003,short
8642,250,1.811682,0.107046,0.259932,0,257.549,scenario_003,short
8643,250,0.836719,0.268642,0.164168,0,253.168278,scenario_003,short
8644,250,10.12406,0.153788,0.849041,0,306.045526,scenario_003,medium
8645,250,3.237173,0.618001,0.810919,0,263.750619,scenario_003,short
8646,250,1.387016,0.189648,0.95064,2,251.861907,scenario_003,short
8647,250,1.004965,0.68236,0.816934,0,253.308746,scenario_003,short
8648,250,1.067171,0.152238,0.510669,2,251.97218,scenario_003,short
8649,250,1.684359,0.195303,0.235338,2,252.404797,scenario_003,short
8650,250,1.795877,0.326941,0.295748,1,253.589619,scenario_003,short
8651,250,9.933776,0.675253,0.65679,2,262.044526,scenario_003,medium
8652,250,1.080787,0.392207,0.8026,2,251.658412,scenario_003,short
8653,250,1.478473,0.184558,0.799453,1,253.799426,scenario_003,short
8654,250,8.445704,0.180362,0.487636,2,265.945889,scenario_003,medium
8655,250,1.564493,0.115913,0.786036,0,257.10774,scenario_003,short
8656,250,59.40412,0.353625,0.239547,1,416.161922,scenario_003,long
8657,250,8.159941,0.233918,0.419056,0,286.424007,scenario_003,medium
8658,250,1.098802,0.603085,0.924763,0,254.63649,scenario_003,short
8659,250,25.565151,0.933538,0.849122,0,337.070248,scenario_003,long
8660,250,1.297182,0.581254,0.391085,1,253.563089,scenario_003,short
8661,250,2.736525,0.247615,0.674899,1,256.86946,scenario_003,short
8662,250,1.041128,0.59938,0.585157,0,254.627424,scenario_003,short
8663,250,12.418425,0.525389,0.795926,0,288.663195,scenario_003,medium
8664,250,1.197001,0.322029,0.864937,0,256.469093,scenario_003,short
8665,250,2.942665,0.511985,0.853778,1,254.865291,scenario_003,short
8666,251,1.411186,0.196646,0.986242,1,254.660833,scenario_003,short
8667,251,1.805616,0.386125,0.991224,0,259.179676,scenario_003,short
8668,251,1.184174,0.09433,0.528148,0,255.047887,scenario_003,short
8669,251,7.953084,0.559163,0.840382,1,266.078731,scenario_003,medium
8670,251,15.529166,0.515039,1.0,1,293.000739,scenario_003,long
8671,251,14.670944,0.918991,0.271746,0,302.027669,scenario_003,medium
8672,251,1.25628,0.277849,0.643708,1,254.310694,scenario_003,short
8673,251,1.057987,0.211748,0.728568,1,252.771755,scenario_003,short
8674,251,10.732239,0.151496,0.746768,0,298.203324,scenario_003,medium
8675,251,1.246637,0.180825,0.301763,0,257.38983,scenario_003,short
8676,251,1.602869,0.427924,0.118755,1,254.693825,scenario_003,short
8677,251,7.059639,0.389992,0.31518,0,283.413213,scenario_003,medium
8678,251,15.225084,0.303486,0.821431,0,326.692865,scenario_003,medium
8679,251,0.815089,0.151959,0.527845,0,253.921734,scenario_003,short
8680,251,1.68956,0.32206,1.0,2,253.903539,scenario_003,short
8681,251,14.630015,0.269579,0.05,1,276.752546,scenario_003,medium
8682,251,16.419339,0.433697,0.949687,0,324.020611,scenario_003,medium
8683,251,3.30497,0.341629,0.382533,0,268.778327,scenario_003,short
8684,251,1.549962,0.825756,1.0,0,258.521203,scenario_003,short
8685,251,7.724451,0.893698,0.56433,0,283.567269,scenario_003,medium
8686,251,38.663066,0.605469,1.0,0,455.05006,scenario_003,long
8687,251,0.912019,0.242754,0.164332,0,254.79326,scenario_003,short
8688,251,0.802148,0.250481,0.397149,0,254.457608,scenario_003,short
8689,251,6.537108,0.51215,0.245879,0,277.115479,scenario_003,medium
8690,251,1.430762,0.359649,0.624841,2,253.259507,scenario_003,short
8691,251,19.87284,0.495792,0.794551,0,330.69013,scenario_003,medium
8692,251,0.854288,0.373776,0.625363,1,253.058054,scenario_003,short
8693,251,18.217802,0.702043,0.274405,0,350.586008,scenario_003,long
8694,251,1.794588,0.336534,0.724257,1,254.615197,scenario_003,short
8695,251,3.936296,0.098205,1.0,0,268.110769,scenario_003,short
8696,251,2.836493,0.500693,0.08576,1,256.660422,scenario_003,short
8697,251,11.125832,0.626388,0.635152,0,299.847804,scenario_003,medium
8698,251,61.913913,0.516217,1.0,1,422.658238,scenario_003,long
8699,251,1.391699,0.107392,0.771343,0,255.950513,scenario_003,short
8700,251,7.113625,0.357018,0.128856,2,261.666699,scenario_003,medium
8701,251,1.45851,0.304267,0.786795,0,257.795041,scenario_003,short
8702,251,1.940808,0.367912,0.905591,0,258.032697,scenario_003,short
8703,252,2.528938,0.530935,0.285379,0,261.535289,scenario_003,short
8704,252,1.060864,0.401563,0.470445,1,255.004788,scenario_003,short
8705,252,11.156745,0.627371,1.0,0,300.620001,scenario_003,medium
8706,252,15.153545,0.519743,0.28533,0,311.207259,scenario_003,medium
8707,252,7.3955,0.556211,0.624881,0,279.723635,scenario_003,medium
8708,252,10.197235,0.140251,1.0,1,270.129258,scenario_003,medium
8709,252,7.284056,0.256977,0.496022,0,277.992115,scenario_003,medium
8710,252,2.73009,0.406607,0.180137,0,260.926793,scenario_003,short
8711,252,9.475204,0.558624,1.0,0,295.384132,scenario_003,medium
8712,252,1.745789,0.723007,0.9419,0,260.132129,scenario_003,short
8713,252,1.881198,0.090743,0.57545,1,255.405434,scenario_003,short
8714,252,2.336096,0.68692,0.344522,2,255.373635,scenario_003,short
8715,252,10.01381,0.18905,0.607437,0,305.867172,scenario_003,medium
8716,252,1.241355,0.544409,0.487514,0,256.055395,scenario_003,short
8717,252,1.57476,0.120216,0.421636,1,255.403098,scenario_003,short
8718,252,1.200382,0.525763,0.544869,0,257.25975,scenario_003,short
8719,252,10.911296,0.651462,0.481656,0,307.415943,scenario_003,medium
8720,252,1.849093,0.067241,0.48027,0,260.508571,scenario_003,short
8721,252,7.481777,0.573321,0.29301,0,289.183922,scenario_003,medium
8722,252,1.446152,0.477215,0.624476,1,254.408038,scenario_003,short
8723,252,9.858808,0.339868,0.684919,0,284.291848,scenario_003,medium
8724,252,2.105254,0.099483,0.806125,0,260.918487,scenario_003,short
8725,252,1.029836,0.709291,0.310059,0,256.484462,scenario_003,short
8726,252,6.571777,0.422675,0.687846,1,271.575734,scenario_003,medium
8727,252,14.562631,0.55331,1.0,0,302.860783,scenario_003,medium
8728,252,0.861105,0.512955,0.722952,1,253.491755,scenario_003,short
8729,252,0.76206,0.315511,0.769256,0,255.138965,scenario_003,short
8730,252,6.296347,0.696446,0.234928,0,285.808205,scenario_003,medium
8731,252,12.572074,0.856974,0.688071,1,289.712628,scenario_003,medium
8732,252,8.390777,0.578235,0.481495,0,282.16249,scenario_003,medium
8733,252,1.000869,0.252121,0.425806,1,253.681356,scenario_003,short
8734,252,11.505935,0.23517,0.408825,0,308.914716,scenario_003,medium
8735,252,8.088815,0.690954,0.624262,1,274.40695,scenario_003,medium
8736,252,1.831501,0.268415,0.709409,2,254.690069,scenario_003,short
8737,252,0.427084,0.29792,0.739529,0,253.499583,scenario_003,short
8738,252,1.240749,0.244124,0.157961,2,254.187635,scenario_003,short
8739,253,10.464911,0.569468,0.225244,2,268.135212,scenario_003,medium
8740,253,1.626073,0.070086,1.0,0,259.143586,scenario_003,short
8741,253,1.64232,0.443418,0.817713,0,258.69809,scenario_003,short
8742,253,2.029324,0.429698,0.509704,0,259.464307,scenario_003,short
8743,253,6.740077,0.703043,0.823224,0,286.105869,scenario_003,medium
8744,253,1.091502,0.119422,0.291675,1,255.655422,scenario_003,short
8745,253,1.001708,0.369213,0.851179,0,256.584526,scenario_003,short
8746,253,2.262699,0.105787,0.495992,0,260.363807,scenario_003,short
8747,253,8.114502,0.829013,0.860907,1,268.336402,scenario_003,medium
8748,253,14.539856,0.183662,0.732211,1,283.695263,scenario_003,medium
8749,253,1.05943,0.243353,0.358742,0,257.513617,scenario_003,short
8750,253,1.246934,0.440454,0.337213,0,257.603854,scenario_003,short
8751,253,1.039379,0.420011,0.639166,0,258.83549,scenario_003,short
8752,253,2.376153,0.243065,0.469146,0,264.11187,scenario_003,short
8753,253,6.751873,0.185072,0.800166,0,287.194637,scenario_003,medium
8754,253,16.587837,0.640214,0.244945,1,301.924322,scenario_003,medium
8755,253,1.772162,0.117843,0.253772,1,257.055611,scenario_003,short
8756,253,1.047391,0.735056,0.081853,0,257.46726,scenario_003,short
8757,253,1.108702,0.346028,0.417366,0,257.660227,scenario_003,short
8758,253,1.146951,0.147668,0.652886,0,256.635743,scenario_003,short
8759,253,0.709435,0.490453,0.71766,2,254.0,scenario_003,short
8760,253,0.703689,0.400669,0.32167,2,254.300513,scenario_003,short
8761,253,1.203987,0.334006,0.640727,0,257.159506,scenario_003,short
8762,253,1.349744,0.244875,0.583418,1,255.41935,scenario_003,short
8763,253,9.826019,0.199198,0.8458,2,270.504517,scenario_003,medium
8764,253,7.231752,0.460845,0.807605,0,289.831771,scenario_003,medium
8765,253,1.646513,0.330271,0.569456,0,260.90571,scenario_003,short
8766,253,20.080719,1.0,0.310567,1,286.943363,scenario_003,long
8767,253,0.877628,0.390397,1.0,1,255.256361,scenario_003,short
8768,253,1.3978,0.83524,1.0,0,257.638809,scenario_003,short
8769,253,2.177508,0.175015,0.2606,1,258.276491,scenario_003,short
8770,253,1.489998,0.166397,0.949835,0,258.010463,scenario_003,short
8771,253,1.383243,0.214669,0.273124,1,257.134013,scenario_003,short
8772,253,19.117636,1.0,0.416862,2,284.088729,scenario_003,long
8773,253,1.614662,0.323625,0.712843,0,261.480866,scenario_003,short
8774,253,1.225437,0.292906,0.678443,0,259.218012,scenario_003,short
8775,253,1.671134,0.552846,0.811516,0,262.408178,scenario_003,short
8776,253,2.555685,0.073749,0.21953,2,257.474606,scenario_003,short
8777,253,1.738139,0.197591,0.614548,0,261.170495,scenario_003,short
8778,254,2.363565,0.615943,0.440388,2,258.519126,scenario_003,short
8779,254,1.457201,0.18023,0.252265,1,256.828681,scenario_003,short
8780,254,9.874459,0.502065,0.347853,0,305.844048,scenario_003,medium
8781,254,1.408202,0.296793,0.777487,0,259.487921,scenario_003,short
8782,254,2.079795,0.351136,0.444765,0,265.461034,scenario_003,short
8783,254,8.863715,0.624162,0.317177,1,269.759277,scenario_003,medium
8784,254,7.923825,0.419907,0.658469,1,269.257193,scenario_003,medium
8785,254,1.374132,0.4922,0.189544,2,256.709126,scenario_003,short
8786,254,6.214521,0.688166,0.334889,0,277.601087,scenario_003,medium
8787,254,1.544359,0.349472,0.717735,1,256.752393,scenario_003,short
8788,254,7.96589,0.721771,1.0,1,274.740299,scenario_003,medium
8789,254,12.141134,0.291708,0.602408,1,283.217582,scenario_003,medium
8790,254,10.794193,0.128831,0.364128,0,298.544856,scenario_003,medium
8791,254,9.506044,0.568587,0.380434,0,295.187979,scenario_003,medium
8792,254,1.290979,0.722123,0.272242,1,256.987332,scenario_003,short
8793,254,1.941731,0.397758,0.708298,0,260.832255,scenario_003,short
8794,254,1.349603,0.199802,0.17553,0,259.873922,scenario_003,short
8795,254,1.709111,0.208623,0.686485,2,255.989933,scenario_003,short
8796,254,7.436926,0.155963,0.322667,2,264.630359,scenario_003,medium
8797,254,1.7653,0.586748,1.0,0,259.890336,scenario_003,short
8798,254,4.63692,0.214053,0.397284,2,259.326672,scenario_003,medium
8799,254,2.399682,0.325686,0.196387,0,264.392641,scenario_003,short
8800,254,16.269005,0.285763,0.858194,1,294.406887,scenario_003,medium
8801,254,2.317573,0.161029,0.16223,0,264.89814,scenario_003,short
8802,254,1.120247,0.465808,0.915486,2,255.522914,scenario_003,short
8803,254,1.571033,0.408708,0.42482,1,256.63289,scenario_003,short
8804,254,0.927578,0.227383,0.75251,0,259.004339,scenario_003,short
8805,254,1.049186,0.314617,0.218813,0,259.637609,scenario_003,short
8806,254,2.122937,0.06377,0.319402,1,260.080086,scenario_003,short
8807,254,1.12503,0.647718,0.742009,0,258.269308,scenario_003,short
8808,254,12.305529,0.933122,0.628275,0,321.383532,scenario_003,medium
8809,254,1.678148,0.225608,0.628204,1,257.389307,scenario_003,short
8810,254,10.793684,0.158091,0.94136,2,266.951534,scenario_003,medium
8811,254,2.780113,0.39208,0.05971,0,265.26922,scenario_003,short
8812,254,1.013774,0.367696,0.535803,0,257.960693,scenario_003,short
8813,254,1.473295,0.377738,0.33754,0,262.215629,scenario_003,short
8814,254,1.180908,0.361843,0.226881,1,256.650269,scenario_003,short
8815,254,1.929568,0.128914,0.187256,1,257.691853,scenario_003,short
8816,254,2.185799,0.208051,0.686518,1,259.447586,scenario_003,short
8817,254,1.169385,0.445116,0.738384,1,256.997006,scenario_003,short
8818,254,0.855258,0.300087,0.64262,0,257.366745,scenario_003,short
8819,254,2.1644,0.648225,0.784112,0,263.811436,scenario_003,short
8820,254,1.4419,0.63934,0.528469,1,257.971788,scenario_003,short
8821,255,1.276834,0.104683,0.787033,1,257.240257,scenario_003,short
8822,255,1.778159,0.74753,0.66786,1,260.241174,scenario_003,short
8823,255,1.34059,0.295516,0.732815,1,258.210408,scenario_003,short
8824,255,2.59445,0.230056,0.682761,1,260.998845,scenario_003,short
8825,255,31.513973,0.444351,0.303237,2,290.010973,scenario_003,long
8826,255,1.640205,0.764394,1.0,2,257.918978,scenario_003,short
8827,255,10.55713,0.169735,1.0,0,295.39302,scenario_003,medium
8828,255,1.780471,0.369982,0.550034,0,264.624914,scenario_003,short
8829,255,1.546015,0.552961,0.587296,0,260.327871,scenario_003,short
8830,255,1.892661,0.575102,0.820907,0,264.487112,scenario_003,short
8831,255,2.230846,0.142053,0.461154,1,260.471332,scenario_003,short
8832,255,1.047256,0.725643,0.696094,0,259.212136,scenario_003,short
8833,255,8.527858,0.851373,0.864545,0,299.771189,scenario_003,medium
8834,255,25.649716,0.228025,0.211349,1,315.732906,scenario_003,medium
8835,255,1.919701,0.365356,0.219463,0,261.66783,scenario_003,short
8836,255,1.444952,0.215934,0.790366,0,262.403579,scenario_003,short
8837,255,2.264398,0.309472,0.596357,0,266.169891,scenario_003,short
8838,255,38.298496,1.0,0.549969,1,351.185021,scenario_003,long
8839,255,0.768968,0.418295,0.838617,2,256.0,scenario_003,short
8840,255,10.550593,0.505784,0.630246,0,312.922863,scenario_003,medium
8841,255,8.264288,0.719706,0.294146,1,269.240832,scenario_003,medium
8842,255,0.753072,0.26731,0.763653,0,259.139801,scenario_003,short
8843,255,0.978834,0.370782,0.518133,2,256.764435,scenario_003,short
8844,255,1.046579,0.111363,0.69266,0,260.07402,scenario_003,short
8845,255,12.938091,0.444449,1.0,0,295.440981,scenario_003,medium
8846,255,0.938381,0.390807,0.790683,0,258.42358,scenario_003,short
8847,255,0.637363,0.163706,0.860967,2,256.0,scenario_003,short
8848,255,1.395563,0.303026,0.415535,0,261.486825,scenario_003,short
8849,255,11.884484,0.918114,0.438254,1,276.281854,scenario_003,medium
8850,255,14.52834,0.17275,0.552584,0,323.681515,scenario_003,medium
8851,255,6.936818,0.545435,0.480114,2,264.155815,scenario_003,medium
8852,255,1.033384,0.79034,0.613679,0,258.781576,scenario_003,short
8853,255,8.744301,0.477601,0.262629,0,295.105533,scenario_003,medium
8854,255,39.56226,0.961232,0.77044,0,390.183963,scenario_003,long
8855,256,7.456096,0.67878,0.742481,0,292.670469,scenario_003,medium
8856,256,12.010474,0.482571,0.559796,2,276.348353,scenario_003,medium
8857,256,1.872449,0.47031,0.527813,1,259.680589,scenario_003,short
8858,256,3.345834,0.164998,0.906028,0,267.889397,scenario_003,short
8859,256,1.78095,0.3471,0.654986,0,261.790215,scenario_003,short
8860,256,1.034328,0.411031,0.929728,1,258.810764,scenario_003,short
8861,256,0.848612,0.390174,1.0,0,260.01878,scenario_003,short
8862,256,0.939703,0.409214,0.779627,2,257.637515,scenario_003,short
8863,256,1.753841,0.342375,0.27357,0,262.267151,scenario_003,short
8864,256,0.946014,0.519112,1.0,1,257.928611,scenario_003,short
8865,256,15.399608,0.929546,0.483877,0,338.715747,scenario_003,long
8866,256,1.57488,0.479165,0.286571,1,259.910114,scenario_003,short
8867,256,12.460756,0.701022,0.338667,0,297.452743,scenario_003,medium
8868,256,10.374816,0.868403,0.843141,2,274.400052,scenario_003,medium
8869,256,3.336547,0.342401,0.48643,0,267.646641,scenario_003,short
8870,256,19.823382,0.663009,0.775219,1,297.597551,scenario_003,medium
8871,256,0.972489,0.523977,0.635003,1,258.502023,scenario_003,short
8872,256,35.433367,0.646231,0.885351,1,349.403334,scenario_003,long
8873,256,1.195306,0.373541,0.451618,1,258.794448,scenario_003,short
8874,256,2.033036,0.766548,0.165156,1,259.382562,scenario_003,short
8875,256,0.740771,0.091958,0.462413,0,259.09984,scenario_003,short
8876,256,0.748455,0.839116,0.172245,1,257.265402,scenario_003,short
8877,256,15.916881,0.506487,0.784399,2,284.796588,scenario_003,medium
8878,256,1.032938,0.424246,0.205219,1,258.955313,scenario_003,short
8879,256,10.683871,0.793508,0.53223,0,297.444793,scenario_003,medium
8880,256,1.770628,0.670001,0.164742,0,263.799415,scenario_003,short
8881,256,1.669614,0.236309,1.0,0,264.869957,scenario_003,short
8882,256,8.436641,0.66286,0.850429,1,275.613414,scenario_003,medium
8883,256,4.421324,0.381292,0.876534,1,264.44285,scenario_003,long
8884,256,1.649924,0.141071,0.355874,0,264.672386,scenario_003,short
8885,256,1.127099,0.429117,0.619365,1,259.061737,scenario_003,short
8886,256,1.171615,0.210678,0.75349,0,259.814756,scenario_003,short
8887,256,1.270088,0.352917,1.0,0,262.623812,scenario_003,short
8888,256,6.893891,0.285759,0.673066,1,271.156418,scenario_003,medium
8889,256,1.682646,0.479164,0.702163,1,260.511109,scenario_003,short
8890,256,1.246729,0.510264,0.266368,1,259.4762,scenario_003,short
8891,257,1.222786,0.35783,0.62699,0,261.397878,scenario_003,short
8892,257,19.774207,0.903994,0.329847,0,366.054717,scenario_003,medium
8893,257,2.212626,0.056916,0.962608,1,260.763536,scenario_003,short
8894,257,1.246021,0.38028,0.980848,0,261.829299,scenario_003,short
8895,257,0.539561,0.559856,0.300817,1,258.3199,scenario_003,short
8896,257,0.878575,0.690609,0.656173,0,260.460449,scenario_003,short
8897,257,1.556014,0.07907,0.581691,1,259.691053,scenario_003,short
8898,257,1.230519,0.166079,0.05,0,260.829834,scenario_003,short
8899,257,2.449958,0.415342,1.0,2,260.408505,scenario_003,short
8900,257,12.527558,0.166626,0.629751,0,313.532732,scenario_003,medium
8901,257,9.508884,0.428697,0.588718,0,304.082835,scenario_003,medium
8902,257,7.481517,0.983997,0.694136,1,278.906172,scenario_003,medium
8903,257,13.001405,0.537227,0.646311,0,309.027832,scenario_003,medium
8904,257,9.176025,0.150225,0.083063,1,276.562995,scenario_003,medium
8905,257,0.994385,0.379594,0.201286,0,260.728629,scenario_003,short
8906,257,0.844529,0.531113,0.823337,2,258.128435,scenario_003,short
8907,257,1.150642,0.171373,0.328465,1,259.46659,scenario_003,short
8908,257,2.167621,0.394236,0.527873,0,268.207519,scenario_003,short
8909,257,2.157572,0.280677,0.282402,1,261.785318,scenario_003,short
8910,257,15.83326,0.292549,0.83877,0,330.484135,scenario_003,medium
8911,257,13.693743,0.548419,0.305388,1,295.68494,scenario_003,medium
8912,257,5.67791,0.495352,0.404013,0,276.086035,scenario_003,medium
8913,257,15.43948,0.554245,0.530356,0,341.963579,scenario_003,medium
8914,257,13.415253,0.157857,0.128763,1,285.248962,scenario_003,medium
8915,257,9.911656,0.431863,0.398593,1,273.695942,scenario_003,medium
8916,257,1.217929,0.124821,0.610515,0,262.165948,scenario_003,short
8917,257,0.712745,0.426991,0.258177,0,259.750139,scenario_003,short
8918,257,1.62149,0.672323,0.398718,0,265.500416,scenario_003,short
8919,257,1.790649,0.35919,0.756434,0,266.391928,scenario_003,short
8920,257,1.340758,0.581247,0.087693,2,258.985523,scenario_003,short
8921,257,1.745475,0.102639,0.058933,1,261.139116,scenario_003,short
8922,257,2.12248,0.098531,1.0,0,266.294474,scenario_003,short
8923,257,11.568211,0.201722,0.131405,1,288.06685,scenario_003,medium
8924,257,1.37127,0.351902,0.532702,0,263.730103,scenario_003,short
8925,257,10.457935,0.70719,0.38448,0,300.564513,scenario_003,medium
8926,257,23.528305,0.221665,0.326051,0,385.586617,scenario_003,medium
8927,257,25.531924,0.292937,0.368259,1,331.861274,scenario_003,medium
8928,257,12.084833,0.3106,0.598244,0,316.885709,scenario_003,medium
8929,257,1.691392,0.506285,0.767438,0,264.826087,scenario_003,short
8930,257,1.017852,0.515309,0.804979,0,261.594623,scenario_003,short
8931,257,20.76972,0.447271,0.22251,0,346.553373,scenario_003,long
8932,257,1.303636,0.762494,0.983375,1,259.576304,scenario_003,short
8933,257,11.928397,0.898209,1.0,0,296.734746,scenario_003,long
8934,257,18.902313,0.478617,0.857835,0,323.830607,scenario_003,long
8935,257,24.999796,0.667841,0.757938,1,301.72208,scenario_003,long
8936,257,2.014481,0.803104,0.749449,0,264.77766,scenario_003,short
8937,257,1.720917,0.4978,0.202061,1,260.162832,scenario_003,short
8938,257,45.417708,0.379259,0.4983,1,368.599294,scenario_003,long
8939,257,1.273308,0.20285,0.886065,0,262.762726,scenario_003,short
8940,257,13.068895,0.644129,0.822393,1,287.088229,scenario_003,medium
8941,257,15.099203,0.159472,0.854478,0,342.425419,scenario_003,medium
8942,258,4.909236,0.474941,0.30339,0,280.760906,scenario_003,medium
8943,258,20.362141,0.553532,1.0,1,311.907394,scenario_003,medium
8944,258,10.474145,0.153595,0.370694,1,285.748618,scenario_003,medium
8945,258,5.699589,0.288065,0.273314,0,285.579185,scenario_003,medium
8946,258,2.042001,0.127909,0.496247,0,266.938928,scenario_003,short
8947,258,9.599848,0.659837,0.721609,2,273.334042,scenario_003,medium
8948,258,1.839611,0.269335,0.534354,2,260.995601,scenario_003,short
8949,258,1.428802,0.592215,0.315001,1,261.092049,scenario_003,short
8950,258,1.343932,0.278215,0.672072,1,260.514093,scenario_003,short
8951,258,2.171707,0.256038,0.673377,0,266.23099,scenario_003,short
8952,258,26.768968,0.30285,0.727207,1,323.194172,scenario_003,long
8953,258,1.727984,0.068427,0.886928,0,264.116641,scenario_003,short
8954,258,1.55238,0.505798,0.093063,0,263.946286,scenario_003,short
8955,258,13.305552,0.632203,0.229753,0,300.113564,scenario_003,medium
8956,258,12.859851,0.450545,0.489778,1,290.057684,scenario_003,medium
8957,258,1.873755,0.813278,0.958535,1,263.584035,scenario_003,short
8958,258,32.972843,0.740677,0.647188,0,410.628618,scenario_003,long
8959,258,1.670969,0.331319,0.590454,0,263.22519,scenario_003,short
8960,258,1.879146,0.125241,0.438538,0,266.514518,scenario_003,short
8961,258,5.675721,0.574997,0.699261,0,284.614961,scenario_003,medium
8962,258,9.742164,0.668146,0.863854,0,312.244562,scenario_003,medium
8963,258,1.016362,0.137711,0.377168,1,260.89449,scenario_003,short
8964,258,0.788884,0.408355,0.863108,1,260.208108,scenario_003,short
8965,258,1.176958,0.387086,0.614166,1,260.594388,scenario_003,short
8966,258,1.498198,0.341256,0.735131,0,264.123423,scenario_003,short
8967,258,1.049279,0.61506,0.704028,2,259.199804,scenario_003,short
8968,258,1.088771,0.317182,0.684878,2,259.723995,scenario_003,short
8969,258,1.553297,0.430164,0.247151,0,264.835977,scenario_003,short
8970,258,0.848289,0.2051,0.817433,0,261.903589,scenario_003,short
8971,258,11.443172,0.355681,0.261671,2,277.140511,scenario_003,medium
8972,258,1.039491,0.262408,0.622979,2,259.816206,scenario_003,short
8973,258,0.841758,0.055983,0.756725,1,260.214668,scenario_003,short
8974,258,1.633108,0.134049,0.140397,0,263.245598,scenario_003,short
8975,258,2.706441,0.539565,0.460441,0,269.582764,scenario_003,short
8976,258,2.77245,0.14392,0.303032,2,261.60033,scenario_003,short
8977,258,0.94611,0.389339,0.515388,0,261.946193,scenario_003,short
8978,258,1.045364,0.60365,0.641404,0,261.847457,scenario_003,short
8979,259,1.169591,0.344655,0.505732,0,264.280728,scenario_003,short
8980,259,1.568855,0.362062,0.43619,0,265.609822,scenario_003,short
8981,259,2.409231,0.184899,0.770816,1,264.698555,scenario_003,short
8982,259,11.766328,0.955874,0.538138,1,289.758023,scenario_003,long
8983,259,26.370764,0.575886,0.831513,0,394.085862,scenario_003,long
8984,259,11.502248,0.494709,0.684822,0,314.046883,scenario_003,medium
8985,259,1.143437,0.164545,0.245458,1,262.17157,scenario_003,short
8986,259,7.77761,0.382814,0.545826,0,292.757408,scenario_003,medium
8987,259,14.029145,0.259777,0.424761,1,297.959916,scenario_003,medium
8988,259,0.825651,0.675463,0.330477,0,263.562916,scenario_003,short
8989,259,2.143073,0.327048,0.237315,0,267.86986,scenario_003,short
8990,259,1.606253,0.610576,0.829343,1,263.617928,scenario_003,short
8991,259,2.14531,0.395154,0.818684,1,264.617231,scenario_003,short
8992,259,1.541062,0.338195,0.660143,0,267.213856,scenario_003,short
8993,259,1.882729,0.231351,0.104633,0,265.153332,scenario_003,short
8994,259,0.893976,0.071171,0.718106,0,263.613719,scenario_003,short
8995,259,12.014841,0.185912,0.425165,0,323.477549,scenario_003,medium
8996,259,2.17617,0.28773,0.646272,0,265.773925,scenario_003,short
8997,259,1.645918,0.457582,0.314381,0,265.573385,scenario_003,short
8998,259,0.835284,0.208219,0.632264,0,263.123235,scenario_003,short
8999,259,12.040207,0.714447,0.814912,0,318.823964,scenario_003,medium
9000,259,1.215266,0.273171,0.167131,2,260.742082,scenario_003,short
9001,259,9.186753,0.37464,0.076063,2,274.457261,scenario_003,medium
9002,259,9.4491,0.610046,1.0,1,279.831976,scenario_003,medium
9003,259,13.970831,0.536104,0.251403,1,287.979487,scenario_003,medium
9004,259,2.409852,0.095572,0.25305,1,263.879781,scenario_003,short
9005,259,10.697779,0.561419,0.73998,1,279.995943,scenario_003,medium
9006,259,0.838436,0.189576,0.436046,0,262.191019,scenario_003,short
9007,259,16.750112,0.135744,0.764794,1,300.603419,scenario_003,medium
9008,259,10.889142,0.714325,0.576606,0,320.158089,scenario_003,medium
9009,259,0.922584,0.49078,0.4666,0,262.048982,scenario_003,short
9010,259,1.595249,0.319051,0.947193,1,261.97181,scenario_003,short
9011,259,1.659684,0.25872,0.309627,1,263.127272,scenario_003,short
9012,259,1.802954,0.276878,0.56011,0,264.989507,scenario_003,short
9013,259,19.715789,0.900708,0.662423,1,316.836713,scenario_003,long
9014,259,5.060537,0.403901,0.787073,1,274.156825,scenario_003,medium
9015,259,9.685707,0.180759,0.749753,0,310.634553,scenario_003,medium
9016,259,1.828025,0.652399,0.556367,0,267.152599,scenario_003,short
9017,259,19.835874,0.444858,0.201292,1,301.951741,scenario_003,medium
9018,259,2.207385,0.465256,0.583157,0,266.564365,scenario_003,short
9019,259,2.425405,0.446218,0.308084,0,267.214166,scenario_003,short
9020,259,16.012551,0.348954,0.860016,0,333.64676,scenario_003,medium
9021,259,0.962298,0.422803,0.618963,1,260.9913,scenario_003,short
9022,259,1.427536,0.724176,1.0,1,262.517019,scenario_003,short
9023,259,7.742951,1.0,0.45807,2,267.928789,scenario_003,medium
9024,259,1.600826,0.463825,0.581705,0,266.677558,scenario_003,short
9025,259,25.010759,0.85094,0.414823,1,324.383586,scenario_003,long
9026,259,15.270239,0.271995,0.551298,1,295.923224,scenario_003,medium
9027,259,2.04403,0.257924,0.639793,1,263.046655,scenario_003,short
9028,259,1.109654,0.574017,0.521987,1,261.446749,scenario_003,short
9029,259,0.879464,0.320723,0.643172,0,263.540183,scenario_003,short
9030,259,1.073479,0.073246,0.38058,2,260.299467,scenario_003,short
9031,259,7.482307,0.834368,0.718706,1,281.273032,scenario_003,medium
9032,260,7.288001,0.644204,1.0,0,292.742547,scenario_003,medium
9033,260,1.231977,0.262131,0.507559,0,265.408661,scenario_003,short
9034,260,3.848576,0.672376,0.56846,0,277.704312,scenario_003,medium
9035,260,1.076381,0.654106,0.443456,0,264.473139,scenario_003,short
9036,260,3.296598,0.087022,0.58133,1,266.12456,scenario_003,short
9037,260,20.841923,0.64124,0.256015,0,330.940158,scenario_003,medium
9038,260,1.308647,0.146238,0.568983,0,267.219938,scenario_003,short
9039,260,10.812947,0.358731,0.995696,1,284.958803,scenario_003,medium
9040,260,1.62217,0.376828,0.643133,0,267.338763,scenario_003,short
9041,260,2.282001,0.352571,0.568327,0,267.819911,scenario_003,short
9042,260,12.646911,0.53712,0.58526,0,307.885094,scenario_003,medium
9043,260,2.650073,0.205624,0.857024,0,269.12903,scenario_003,short
9044,260,2.562811,0.60201,0.450103,0,269.791955,scenario_003,short
9045,260,2.56867,0.516351,0.053289,1,265.455147,scenario_003,short
9046,260,1.092189,0.388372,0.725455,2,261.319124,scenario_003,short
9047,260,6.13266,0.702115,0.308327,0,292.468382,scenario_003,medium
9048,260,1.22126,0.412236,0.500102,0,264.456128,scenario_003,short
9049,260,1.387224,0.402333,0.664805,2,262.027003,scenario_003,short
9050,260,7.891022,0.317483,0.282058,2,270.722768,scenario_003,medium
9051,260,15.865652,0.584461,0.09457,0,344.631251,scenario_003,medium
9052,260,1.892554,0.274326,1.0,1,263.774245,scenario_003,short
9053,260,1.321122,0.217937,0.069999,0,265.904162,scenario_003,short
9054,260,1.557891,0.437383,0.327698,0,268.632171,scenario_003,short
9055,260,1.056345,0.385901,0.539289,0,265.36027,scenario_003,short
9056,260,1.328464,0.170622,0.744078,0,265.909371,scenario_003,short
9057,260,8.425933,0.662477,0.969311,0,304.454036,scenario_003,medium
9058,260,9.733337,0.685285,0.771133,0,313.881036,scenario_003,medium
9059,260,1.088129,0.322933,0.431128,2,262.017784,scenario_003,short
9060,260,0.730538,0.110981,0.876679,2,261.0,scenario_003,short
9061,260,0.888192,0.106405,0.900516,0,264.985295,scenario_003,short
9062,260,1.121925,0.26689,0.457297,1,263.277555,scenario_003,short
9063,260,1.179724,0.247957,0.333928,1,263.045657,scenario_003,short
9064,260,2.766341,0.636181,0.383914,2,264.730184,scenario_003,short
9065,260,1.288888,0.266251,0.631899,1,263.315837,scenario_003,short
9066,260,2.401594,0.168939,0.479913,2,263.439993,scenario_003,short
9067,260,0.843675,0.357379,0.232089,0,264.253168,scenario_003,short
9068,260,12.800269,0.692908,0.985337,1,295.880078,scenario_003,medium
9069,260,0.854721,0.755811,0.296281,0,264.407589,scenario_003,short
9070,261,1.430995,0.137705,0.159998,1,263.923332,scenario_003,short
9071,261,1.347368,0.642619,0.580112,1,263.340849,scenario_003,short
9072,261,14.969117,0.740503,0.728228,0,338.658632,scenario_003,long
9073,261,2.119566,0.168534,0.70779,2,264.177359,scenario_003,short
9074,261,1.289903,0.357984,1.0,0,266.858233,scenario_003,short
9075,261,73.054222,0.794458,0.265053,1,443.468695,scenario_003,long
9076,261,23.641996,1.0,0.745249,1,299.949521,scenario_003,long
9077,261,15.033308,0.815716,0.828548,1,293.172532,scenario_003,long
9078,261,1.689422,0.647148,0.626334,1,263.850861,scenario_003,short
9079,261,12.057387,0.685167,0.841891,0,326.851264,scenario_003,medium
9080,261,10.032339,0.415286,0.372383,2,272.058119,scenario_003,medium
9081,261,4.884552,0.649933,1.0,0,286.76139,scenario_003,medium
9082,261,6.597849,0.715272,0.440268,1,274.155079,scenario_003,medium
9083,261,0.961491,0.164555,0.935389,0,265.310373,scenario_003,short
9084,261,9.220655,0.573314,1.0,1,277.068773,scenario_003,medium
9085,261,15.443884,0.30984,0.99453,0,336.85626,scenario_003,medium
9086,261,21.054169,0.696907,0.74846,1,318.804473,scenario_003,medium
9087,261,1.506406,0.075783,0.320683,1,265.278906,scenario_003,short
9088,261,1.28979,0.214132,0.709175,0,266.493065,scenario_003,short
9089,261,1.530007,0.339007,0.924066,0,268.737572,scenario_003,short
9090,261,0.874114,0.211709,0.875272,0,264.238928,scenario_003,short
9091,261,3.747656,0.658457,0.314984,0,280.219151,scenario_003,short
9092,261,1.218698,0.40168,0.563279,0,267.17199,scenario_003,short
9093,261,12.530529,0.851699,0.767105,0,324.005505,scenario_003,medium
9094,261,0.868939,0.212009,0.538334,1,263.449488,scenario_003,short
9095,261,1.773432,0.318803,0.482784,1,265.135668,scenario_003,short
9096,261,1.071247,0.443002,0.882287,0,265.686541,scenario_003,short
9097,261,1.74147,0.274744,0.452068,0,270.690316,scenario_003,short
9098,261,1.994893,0.116571,0.767305,0,269.870642,scenario_003,short
9099,261,9.803493,0.621308,1.0,0,295.983481,scenario_003,medium
9100,261,21.172287,0.717857,1.0,0,337.066926,scenario_003,medium
9101,261,6.779605,0.558992,1.0,0,283.410706,scenario_003,medium
9102,261,1.508227,0.248715,0.750538,1,264.17983,scenario_003,short
9103,261,10.564899,0.745297,0.558826,0,313.292339,scenario_003,medium
9104,261,10.312363,0.25562,0.43108,1,285.633633,scenario_003,medium
9105,261,2.26101,0.524432,0.409018,0,268.341237,scenario_003,short
9106,261,1.389409,0.194923,0.239311,0,267.428052,scenario_003,short
9107,261,1.199332,0.157906,0.687823,2,262.61308,scenario_003,short
9108,261,7.275495,0.319631,0.303598,0,297.228482,scenario_003,medium
9109,261,0.677872,0.336158,0.633722,0,263.564415,scenario_003,short
9110,261,1.327791,0.068689,0.573126,0,268.336554,scenario_003,short
9111,261,7.856016,0.217791,0.474468,0,288.070345,scenario_003,medium
9112,261,15.688544,1.0,0.884376,1,289.039441,scenario_003,medium
9113,261,18.938088,0.615414,0.646929,1,317.374656,scenario_003,medium
9114,262,11.956594,0.143769,1.0,0,325.84415,scenario_003,medium
9115,262,1.52335,0.216744,0.553198,0,269.909466,scenario_003,short
9116,262,1.749073,0.884834,0.213067,1,266.73978,scenario_003,short
9117,262,0.945868,0.124077,0.735802,0,266.971274,scenario_003,short
9118,262,1.632237,0.185125,0.230788,1,265.175225,scenario_003,short
9119,262,7.976043,0.710759,0.38774,2,274.698745,scenario_003,long
9120,262,0.854998,0.756895,0.927379,0,265.577143,scenario_003,short
9121,262,12.363056,0.288127,0.440528,2,279.243594,scenario_003,medium
9122,262,1.855048,0.742012,0.682536,2,264.310241,scenario_003,short
9123,262,1.468592,0.068468,0.470266,1,265.812256,scenario_003,short
9124,262,1.346054,0.440715,0.419855,0,268.93794,scenario_003,short
9125,262,1.101977,0.441748,0.495074,1,263.820389,scenario_003,short
9126,262,0.903845,0.152838,0.258573,0,264.815668,scenario_003,short
9127,262,1.5989,0.468498,1.0,0,270.725232,scenario_003,short
9128,262,20.294803,0.478971,0.666883,0,333.16325,scenario_003,medium
9129,262,7.394869,0.360269,0.788704,0,291.921627,scenario_003,medium
9130,262,11.199844,0.703917,0.555057,1,294.544809,scenario_003,medium
9131,262,2.478856,0.353758,1.0,0,271.448451,scenario_003,short
9132,262,9.362406,0.626531,0.206749,0,292.444527,scenario_003,medium
9133,262,1.089213,0.293932,0.775529,1,263.837599,scenario_003,short
9134,262,0.946495,0.51187,0.565927,0,266.048939,scenario_003,short
9135,262,1.903519,0.26915,0.595589,0,269.268639,scenario_003,short
9136,262,2.409256,0.531866,1.0,0,271.471949,scenario_003,short
9137,262,1.17714,0.134022,0.712641,2,263.293371,scenario_003,short
9138,262,1.35338,0.28521,0.514437,1,265.267395,scenario_003,short
9139,262,0.991778,0.29693,0.478653,2,263.914761,scenario_003,short
9140,262,1.416699,0.391091,0.284363,0,269.076396,scenario_003,short
9141,262,1.124467,0.293518,0.466057,0,267.678687,scenario_003,short
9142,262,1.644998,0.590638,0.206101,0,270.903672,scenario_003,short
9143,262,1.030476,0.763356,0.420323,0,267.395992,scenario_003,short
9144,262,14.148858,0.940739,0.462113,0,315.429613,scenario_003,medium
9145,262,12.249927,0.401747,0.465888,0,308.744995,scenario_003,medium
9146,262,1.750088,0.168732,0.946897,1,267.033309,scenario_003,short
9147,262,1.530768,0.143699,0.523555,0,270.391411,scenario_003,short
9148,262,2.092949,0.29378,0.577212,1,265.502083,scenario_003,short
9149,262,1.283972,0.175974,0.402753,0,267.657877,scenario_003,short
9150,262,1.046287,0.350791,0.324234,1,263.722715,scenario_003,short
9151,262,2.430611,0.526145,0.637542,2,266.384965,scenario_003,short
9152,262,1.449144,0.239182,0.757828,1,265.498147,scenario_003,short
9153,262,1.590148,0.181059,0.709295,0,268.18429,scenario_003,short
9154,262,1.903281,0.650302,0.708579,0,268.734935,scenario_003,short
9155,262,11.740664,0.604931,0.494172,0,318.1973,scenario_003,medium
9156,262,1.535942,0.152234,0.696104,0,269.581173,scenario_003,short
9157,262,0.889106,0.232363,0.776248,0,265.732047,scenario_003,short
9158,262,13.445912,0.22782,0.134775,2,287.175305,scenario_003,medium
9159,262,0.462297,0.272534,0.275364,0,264.153459,scenario_003,short
9160,262,1.77118,0.292406,0.884904,1,267.221041,scenario_003,short
9161,262,13.424121,0.349147,0.79485,0,324.644401,scenario_003,medium
9162,262,10.624857,0.259766,0.407749,0,309.192727,scenario_003,medium
9163,262,1.377399,0.214944,0.465233,0,268.790541,scenario_003,short
9164,262,0.949994,0.411262,0.106396,0,265.037567,scenario_003,short
9165,262,1.211591,0.089351,0.460162,2,263.612845,scenario_003,short
9166,262,6.152978,0.191829,0.34414,0,288.131257,scenario_003,medium
9167,262,10.49046,0.519522,0.81535,0,305.736434,scenario_003,medium
9168,262,0.831155,0.432602,0.476619,2,263.099751,scenario_003,short
9169,262,0.698166,0.412168,0.255983,0,265.627499,scenario_003,short
9170,262,1.317383,0.478413,0.480999,0,266.523725,scenario_003,short
9171,262,1.96108,0.208143,0.548688,0,270.732404,scenario_003,short
9172,262,1.551298,0.09969,0.721385,1,266.604067,scenario_003,short
9173,262,3.444199,0.435057,0.320111,2,266.41274,scenario_003,short
9174,262,2.532425,0.478231,0.848149,2,265.147452,scenario_003,short
9175,262,0.972653,0.160682,0.587207,0,265.136978,scenario_003,short
9176,262,1.920457,0.646548,0.991348,0,269.626146,scenario_003,short
9177,262,8.329072,0.699912,0.68658,2,274.933663,scenario_003,medium
9178,262,11.185608,0.357606,0.644491,1,282.474343,scenario_003,medium
9179,262,14.010151,0.329551,0.535196,1,297.589247,scenario_003,medium
9180,262,1.290261,0.58502,0.132716,0,266.841174,scenario_003,short
9181,262,6.022577,0.339392,0.103373,1,271.96054,scenario_003,medium
9182,262,1.071992,0.134598,0.459348,0,266.686564,scenario_003,short
9183,262,8.882012,0.164571,0.904577,1,284.958634,scenario_003,medium
9184,262,1.52015,0.18207,0.05,1,264.938451,scenario_003,short
9185,262,7.974386,0.764151,0.572765,2,274.478162,scenario_003,medium
9186,262,2.808623,0.22359,0.166649,0,276.606786,scenario_003,short
9187,262,10.231621,0.584155,0.168951,0,308.688633,scenario_003,medium
9188,262,1.445308,0.084933,0.571427,0,267.770852,scenario_003,short
9189,262,1.329944,0.197233,0.817299,0,267.751757,scenario_003,short
9190,262,1.009099,0.209278,0.291667,1,264.588667,scenario_003,short
9191,262,2.047267,0.345704,0.256408,1,267.465392,scenario_003,short
9192,262,1.364021,0.693934,0.802819,0,269.193362,scenario_003,short
9193,262,6.532726,0.568352,1.0,2,270.115048,scenario_003,medium
9194,262,10.156248,0.189854,0.513677,2,277.514783,scenario_003,medium
9195,262,1.448537,0.596592,0.930513,0,268.167789,scenario_003,short
9196,262,21.834971,0.466902,0.584591,1,313.120566,scenario_003,long
9197,262,0.758744,0.394694,0.437551,0,265.592174,scenario_003,short
9198,262,0.734985,0.096433,0.848631,0,265.922172,scenario_003,short
9199,262,1.52914,0.2907,0.650016,2,264.558931,scenario_003,short
9200,262,1.846742,0.256655,0.793026,2,264.932326,scenario_003,short
9201,262,24.565984,0.346398,0.356103,1,311.715493,scenario_003,medium
9202,262,32.073194,0.305446,1.0,2,321.797442,scenario_003,long
9203,262,1.128451,0.300043,0.82286,1,265.050294,scenario_003,short
9204,262,1.257686,0.195752,0.745706,0,268.846815,scenario_003,short
9205,262,1.873623,0.449233,0.270005,1,267.149612,scenario_003,short
9206,262,1.088025,0.542362,0.79169,0,268.049773,scenario_003,short
9207,262,1.936789,0.083051,0.478979,0,271.739305,scenario_003,short
9208,262,1.225392,0.555855,0.384288,1,264.364159,scenario_003,short
9209,262,0.91627,0.444865,0.837934,0,266.721156,scenario_003,short
9210,262,1.512357,0.250078,0.348993,1,266.063437,scenario_003,short
9211,262,1.417158,0.331072,0.594747,0,267.081817,scenario_003,short
9212,262,10.777036,0.689901,0.966789,0,301.157824,scenario_003,medium
9213,262,10.918564,0.243671,0.639395,0,306.520405,scenario_003,medium
9214,262,1.263609,0.548081,1.0,0,266.003816,scenario_003,short
9215,262,1.839794,0.081502,0.590918,0,269.474085,scenario_003,short
9216,262,10.435263,0.415154,0.696067,0,318.209476,scenario_003,medium
9217,262,1.705336,0.47739,0.659147,0,268.408143,scenario_003,short
9218,262,7.278719,0.433054,0.991118,0,292.969857,scenario_003,medium
9219,262,1.500509,0.265837,0.605019,2,264.389348,scenario_003,short
9220,262,9.208911,0.195833,0.839051,2,277.705902,scenario_003,medium
9221,262,1.818472,0.081114,0.078764,0,272.039918,scenario_003,short
9222,262,1.458639,0.278055,0.066694,0,266.51817,scenario_003,short
9223,262,1.294705,0.131678,0.260478,2,263.880508,scenario_003,short
9224,262,8.84346,0.596862,0.766144,1,282.972676,scenario_003,medium
9225,262,1.472658,0.055543,0.277774,1,265.676214,scenario_003,short
9226,262,21.516256,0.29493,0.580257,0,358.285227,scenario_003,medium
9227,262,1.530702,0.378562,0.230155,1,266.491629,scenario_003,short
9228,262,14.460684,0.405524,0.464913,0,328.120589,scenario_003,medium
9229,262,12.563612,0.254121,0.998715,0,301.909398,scenario_003,long
9230,262,1.431719,0.537226,0.051629,0,270.06252,scenario_003,short
9231,262,5.027891,0.58867,0.766175,0,284.451306,scenario_003,medium
9232,262,2.356501,0.08789,0.454155,0,271.180398,scenario_003,short
9233,262,1.256887,0.530845,0.855888,0,267.471317,scenario_003,short
9234,262,9.514772,0.404744,0.837316,0,301.064311,scenario_003,long
9235,262,2.838663,0.253242,0.098927,0,277.976086,scenario_003,short
9236,262,0.817327,0.410214,0.91906,1,263.801943,scenario_003,short
9237,262,1.494883,0.651365,1.0,1,266.259265,scenario_003,short
9238,262,9.359758,0.881064,0.49806,2,280.330193,scenario_003,medium
9239,262,1.11206,0.43343,0.531667,1,264.041757,scenario_003,short
9240,262,1.017005,0.161017,0.395481,0,267.058168,scenario_003,short
9241,262,7.146512,0.548258,0.737744,0,294.865734,scenario_003,long
9242,262,1.477255,0.510817,0.736238,0,270.12379,scenario_003,short
9243,262,15.08568,0.168416,0.610763,1,295.728959,scenario_003,medium
9244,262,1.138535,0.160649,0.367217,1,265.237708,scenario_003,short
9245,262,0.974675,0.276231,0.353975,0,266.697018,scenario_003,short
9246,262,1.633687,0.411344,0.300486,2,264.708906,scenario_003,short
9247,262,1.85761,0.146122,0.295884,0,268.49814,scenario_003,short
9248,262,2.637359,0.050668,0.618387,0,276.751568,scenario_003,short
9249,262,8.960345,0.673698,0.215923,1,280.851308,scenario_003,medium
9250,262,1.599907,0.207506,0.872434,1,265.985304,scenario_003,short
9251,262,1.352614,0.163347,0.655757,2,264.482556,scenario_003,short
9252,262,21.346783,0.312762,0.731519,0,339.713534,scenario_003,long
9253,263,1.132654,0.412802,1.0,0,268.20519,scenario_003,short
9254,263,18.663357,0.602532,0.237599,1,311.151829,scenario_003,medium
9255,263,0.828431,0.384258,0.598565,0,267.159474,scenario_003,short
9256,263,18.820306,0.606072,0.795245,0,326.505226,scenario_003,long
9257,263,2.744105,0.398243,0.863435,2,268.399876,scenario_003,short
9258,263,10.519433,0.36218,1.0,1,288.509123,scenario_003,medium
9259,263,1.950289,0.213738,0.680946,0,271.04658,scenario_003,short
9260,263,10.593181,0.923301,0.674777,1,285.399745,scenario_003,long
9261,263,1.809795,0.111394,0.426953,1,266.835588,scenario_003,short
9262,263,1.923107,0.412204,0.387129,0,270.795242,scenario_003,short
9263,263,35.774194,0.41682,0.831195,0,381.70227,scenario_003,long
9264,263,31.627275,0.606881,0.471642,0,366.755955,scenario_003,long
9265,263,8.799539,0.651376,0.388687,1,286.304255,scenario_003,medium
9266,263,0.923487,0.061722,0.302634,1,264.615429,scenario_003,short
9267,263,10.949406,0.455735,0.245863,2,279.888999,scenario_003,medium
9268,263,19.266354,0.40437,0.188795,0,357.573288,scenario_003,medium
9269,263,0.87396,0.191718,1.0,2,264.29532,scenario_003,short
9270,263,1.48353,0.607455,0.883741,1,267.251821,scenario_003,short
9271,263,12.541892,0.437224,0.569349,1,294.397096,scenario_003,medium
9272,263,0.841097,0.084718,0.149829,0,266.642312,scenario_003,short
9273,263,1.687811,0.241409,0.860351,1,265.977001,scenario_003,short
9274,263,34.278508,0.723915,0.530749,1,350.404611,scenario_003,long
9275,263,1.129002,0.618477,0.96792,0,269.147278,scenario_003,short
9276,263,1.800548,0.296068,0.134652,2,266.164394,scenario_003,short
9277,263,2.099364,0.285527,0.736217,0,270.704819,scenario_003,short
9278,263,25.792963,0.329514,0.763878,0,350.178902,scenario_003,long
9279,263,14.394968,0.561875,0.796207,1,304.879043,scenario_003,medium
9280,263,2.354048,0.306997,1.0,1,269.072739,scenario_003,short
9281,263,9.633761,0.19737,0.373755,0,308.590823,scenario_003,medium
9282,263,1.598863,0.343549,0.628951,1,266.509167,scenario_003,short
9283,263,1.350624,0.097421,0.596801,1,266.509619,scenario_003,short
9284,263,10.7646,0.206914,0.697338,0,313.454146,scenario_003,medium
9285,263,6.899492,0.158817,0.228323,0,290.870707,scenario_003,medium
9286,263,0.85761,0.285515,0.611419,1,264.568926,scenario_003,short
9287,263,11.897719,0.550604,0.233653,1,296.912336,scenario_003,medium
9288,263,1.283302,0.557639,0.604031,0,267.5748,scenario_003,short
9289,263,5.873249,0.681934,0.877292,0,282.272262,scenario_003,medium
9290,263,1.604733,0.656914,0.205306,0,269.964567,scenario_003,short
9291,263,7.767899,0.40036,0.43777,0,297.951869,scenario_003,medium
9292,263,0.997592,0.589767,0.843643,1,264.785021,scenario_003,short
9293,263,2.543579,0.073529,0.486952,0,277.093592,scenario_003,short
9294,263,1.095273,0.297682,0.399271,0,267.472621,scenario_003,short
9295,263,0.876085,0.078287,0.426232,0,267.407678,scenario_003,short
9296,263,1.578118,0.330541,0.545931,1,267.330794,scenario_003,short
9297,263,2.533057,0.679788,1.0,1,269.648921,scenario_003,short
9298,263,1.954283,0.633508,0.56455,2,265.249686,scenario_003,short
9299,263,13.855774,0.459528,0.737154,0,322.592602,scenario_003,medium
9300,263,19.676647,0.615424,0.80695,0,331.507878,scenario_003,medium
9301,263,7.984496,0.483314,0.321515,0,307.13268,scenario_003,medium
9302,263,12.292242,0.327379,0.050735,1,293.233772,scenario_003,medium
9303,263,13.319967,0.677519,0.585577,1,298.976923,scenario_003,medium
9304,263,1.157729,0.22228,0.130733,0,267.108957,scenario_003,short
9305,263,1.784066,0.094387,0.730405,0,270.940244,scenario_003,short
9306,263,3.295387,0.620184,0.627853,0,280.588537,scenario_003,medium
9307,263,1.329604,0.20754,0.981915,1,266.621142,scenario_003,short
9308,263,2.682077,0.407816,0.262775,0,276.602571,scenario_003,short
9309,263,0.941062,0.084155,0.719903,0,267.003143,scenario_003,short
9310,263,1.663591,0.202775,0.83453,0,270.285812,scenario_003,short
9311,263,10.922671,0.487449,0.394852,0,305.683903,scenario_003,medium
9312,263,0.58159,0.199692,0.150419,0,265.399023,scenario_003,short
9313,263,2.235359,0.739619,0.857007,1,268.332308,scenario_003,short
9314,263,1.429235,0.235118,0.821252,0,268.217252,scenario_003,short
9315,263,8.242975,0.406861,0.82823,2,272.2014,scenario_003,medium
9316,263,1.945485,0.183906,0.470933,2,265.145465,scenario_003,short
9317,263,1.62082,0.490962,0.169385,1,266.23407,scenario_003,short
9318,263,2.72824,0.502116,0.864097,0,277.088159,scenario_003,short
9319,263,11.304057,0.134467,1.0,0,317.478652,scenario_003,medium
9320,263,0.980278,0.274222,0.526939,0,266.117015,scenario_003,short
9321,263,1.090703,0.417315,1.0,2,265.14522,scenario_003,short
9322,263,13.594857,0.279993,0.41083,0,325.611575,scenario_003,long
9323,263,8.283396,0.161011,0.493682,0,308.678834,scenario_003,medium
9324,263,2.121868,0.550734,0.288539,2,265.385911,scenario_003,short
9325,263,7.851243,0.214193,0.436289,2,278.735377,scenario_003,medium
9326,263,15.140286,0.181985,0.596253,0,313.042048,scenario_003,medium
9327,263,4.620154,0.844197,0.326827,2,270.821786,scenario_003,medium
9328,263,18.923643,0.672832,0.079365,1,311.882655,scenario_003,medium
9329,263,1.358329,0.404964,0.543029,0,268.832679,scenario_003,short
9330,263,1.984713,0.364593,0.566135,1,266.93284,scenario_003,short
9331,263,1.217587,0.558726,0.486183,0,267.642354,scenario_003,short
9332,263,0.769602,0.124416,0.606446,1,265.322903,scenario_003,short
9333,263,2.234446,0.367545,0.990205,0,272.094035,scenario_003,short
9334,263,15.361919,0.714002,0.06784,0,322.173609,scenario_003,medium
9335,263,1.467637,0.414501,0.841046,2,265.740099,scenario_003,short
9336,263,1.028583,0.061605,0.405924,1,265.439244,scenario_003,short
9337,263,1.175402,0.151418,0.797164,1,266.481225,scenario_003,short
9338,263,1.654542,0.409219,1.0,1,266.73132,scenario_003,short
9339,263,1.477282,0.462674,0.590306,0,270.940058,scenario_003,short
9340,263,11.603477,0.350235,0.741719,2,278.7035,scenario_003,medium
9341,263,1.1161,0.690661,0.505859,0,267.738177,scenario_003,short
9342,263,28.404568,0.179551,1.0,1,311.147916,scenario_003,medium
9343,263,11.99348,0.699768,0.744604,0,327.877803,scenario_003,medium
9344,263,2.792564,0.322143,0.307188,0,277.247079,scenario_003,short
9345,263,1.303795,0.068784,0.343103,2,265.423363,scenario_003,short
9346,263,0.920869,0.515672,0.131779,0,266.478754,scenario_003,short
9347,263,1.227134,0.423086,0.17764,0,269.932798,scenario_003,short
9348,263,0.916215,0.227139,0.37252,0,267.860846,scenario_003,short
9349,263,1.978989,0.12508,0.58223,2,266.329914,scenario_003,short
9350,263,2.250392,0.783547,1.0,0,271.76702,scenario_003,short
9351,263,1.67496,0.090953,1.0,0,271.351104,scenario_003,short
9352,263,2.318281,0.388781,0.348419,2,267.474798,scenario_003,short
9353,263,12.439153,0.617367,0.936584,0,305.336081,scenario_003,medium
9354,263,11.719137,0.610739,0.47623,0,306.472862,scenario_003,medium
9355,263,22.434464,0.72072,0.339259,0,358.516631,scenario_003,medium
9356,263,1.433188,0.122447,0.225485,1,266.919394,scenario_003,short
9357,263,2.284535,0.548176,0.793107,0,272.192938,scenario_003,short
9358,263,2.747896,0.090443,0.568805,1,267.532472,scenario_003,short
9359,263,28.952886,0.746592,0.755741,0,408.698261,scenario_003,long
9360,263,1.181292,0.352864,0.739781,1,265.311202,scenario_003,short
9361,263,22.883709,0.651959,0.92438,0,342.464494,scenario_003,long
9362,263,52.97239,0.809537,0.924715,1,404.953726,scenario_003,long
9363,263,1.107822,0.07356,0.191918,0,268.188793,scenario_003,short
9364,263,36.124414,0.917977,1.0,2,304.463354,scenario_003,long
9365,263,0.967321,0.389386,0.472824,2,264.224299,scenario_003,short
9366,263,2.319189,0.341941,0.452113,0,274.923307,scenario_003,short
9367,263,20.969735,0.36061,1.0,0,350.541664,scenario_003,medium
9368,264,2.349571,0.279159,0.536011,1,270.751263,scenario_003,short
9369,264,17.198252,0.585442,0.136462,1,292.603056,scenario_003,medium
9370,264,22.663148,0.585761,0.596642,0,390.207611,scenario_003,medium
9371,264,8.621073,0.352352,1.0,1,282.113673,scenario_003,medium
9372,264,1.204065,0.365616,0.456827,2,265.595194,scenario_003,short
9373,264,17.324696,0.485376,0.403893,0,347.610098,scenario_003,medium
9374,264,1.214432,0.186796,0.575049,1,266.374441,scenario_003,short
9375,264,1.138667,0.345445,0.931483,0,269.135398,scenario_003,short
9376,264,0.993072,0.346053,0.411556,1,266.154749,scenario_003,short
9377,264,15.286778,0.303535,0.366993,1,298.552851,scenario_003,medium
9378,264,32.750578,0.431371,0.971447,1,355.458331,scenario_003,long
9379,264,12.894916,0.925185,0.735304,2,286.79839,scenario_003,long
9380,264,1.33707,0.316348,0.152449,1,267.236382,scenario_003,short
9381,264,18.803018,0.488227,0.779601,0,357.381294,scenario_003,medium
9382,264,1.274787,0.312337,0.620161,1,266.837358,scenario_003,short
9383,264,14.43303,0.903609,0.441787,1,302.545284,scenario_003,long
9384,264,11.374564,0.669035,0.348389,1,288.517389,scenario_003,medium
9385,264,53.807165,1.0,1.0,0,564.210557,scenario_003,long
9386,264,1.931471,0.131974,0.0527,0,271.772007,scenario_003,short
9387,264,7.896088,0.177971,0.611016,0,307.406562,scenario_003,medium
9388,264,0.791241,0.267023,0.697247,0,267.926039,scenario_003,short
9389,264,1.630304,0.200048,0.597043,0,271.744009,scenario_003,short
9390,264,1.625111,0.372847,0.3371,0,270.761511,scenario_003,short
9391,264,9.810496,0.709646,0.661334,1,282.040533,scenario_003,medium
9392,264,1.38128,0.173645,0.778189,1,267.716071,scenario_003,short
9393,264,14.39108,0.79972,1.0,2,280.182137,scenario_003,long
9394,264,2.442939,0.366044,0.748922,1,269.352475,scenario_003,short
9395,264,1.505208,0.531935,0.791212,0,269.628437,scenario_003,short
9396,264,1.622354,0.480764,0.169474,1,267.923334,scenario_003,short
9397,264,9.453515,0.259605,0.43688,0,302.243448,scenario_003,medium
9398,264,8.260868,0.164712,0.184838,0,296.461476,scenario_003,medium
9399,264,2.38742,0.176915,0.826087,1,270.8486,scenario_003,short
9400,264,9.615237,0.179254,0.482839,1,291.311588,scenario_003,medium
9401,264,1.241848,0.220753,0.367522,0,268.000607,scenario_003,short
9402,264,14.63629,0.395323,0.423345,0,345.970276,scenario_003,medium
9403,264,2.180237,0.068286,0.448393,0,275.26851,scenario_003,short
9404,264,1.549734,0.576618,0.855096,1,267.233625,scenario_003,short
9405,264,1.978616,0.742851,0.624982,1,269.965158,scenario_003,short
9406,264,1.589133,0.560649,1.0,1,268.743158,scenario_003,short
9407,264,43.051253,0.684409,0.874335,1,361.800675,scenario_003,long
9408,264,1.210309,0.23054,0.141141,0,268.388589,scenario_003,short
9409,264,2.010687,0.057611,0.05,1,269.631933,scenario_003,short
9410,264,16.278264,0.661202,0.956066,1,309.08538,scenario_003,medium
9411,264,18.251839,0.287221,0.48463,0,358.716587,scenario_003,medium
9412,264,1.688009,0.852543,0.529986,2,266.545792,scenario_003,short
9413,264,12.967581,0.952917,0.178912,2,288.719429,scenario_003,medium
9414,264,2.863837,0.735397,0.258751,0,278.22538,scenario_003,short
9415,264,0.972829,0.800295,0.313838,0,269.228067,scenario_003,short
9416,264,0.680387,0.241294,0.624591,1,265.818521,scenario_003,short
9417,264,9.393653,0.628789,0.898506,0,312.465958,scenario_003,medium
9418,264,11.895858,0.417261,0.709499,2,287.613989,scenario_003,medium
9419,264,2.667358,0.083643,0.355348,0,276.103796,scenario_003,short
9420,264,14.043118,0.401917,1.0,0,321.153694,scenario_003,medium
9421,264,1.201119,0.115791,0.796894,0,268.334321,scenario_003,short
9422,264,1.200633,0.131725,0.492835,0,269.105365,scenario_003,short
9423,264,0.954071,0.143135,0.585766,0,267.965889,scenario_003,short
9424,264,6.670675,0.86222,0.73282,0,287.963368,scenario_003,medium
9425,264,5.480631,0.212357,0.750078,0,294.556143,scenario_003,medium
9426,264,10.978705,0.511296,0.759932,1,284.043662,scenario_003,medium
9427,264,0.722379,0.400436,0.496871,1,266.042996,scenario_003,short
9428,264,13.757843,0.743222,0.658703,0,333.758504,scenario_003,medium
9429,264,0.7632,0.194494,0.530493,1,265.718326,scenario_003,short
9430,264,5.764317,0.675189,0.767712,2,273.745504,scenario_003,medium
9431,264,11.257836,0.68606,0.294615,0,317.51031,scenario_003,medium
9432,264,1.171825,0.066735,0.54378,2,265.376888,scenario_003,short
9433,264,1.423469,0.42513,0.517158,0,270.03441,scenario_003,short
9434,264,1.493295,0.242181,0.488443,0,271.039709,scenario_003,short
9435,264,1.236885,0.270555,0.053159,0,270.762316,scenario_003,short
9436,264,1.513342,0.30882,0.55627,0,269.503228,scenario_003,short
9437,264,0.872965,0.290732,0.596148,0,267.2624,scenario_003,short
9438,264,1.030943,0.325844,0.705189,1,266.325228,scenario_003,short
9439,264,1.17082,0.077079,0.707183,1,266.175476,scenario_003,short
9440,264,1.319508,0.420584,0.717576,0,270.714082,scenario_003,short
9441,264,14.543921,0.480163,1.0,0,326.534619,scenario_003,long
9442,264,1.39066,0.102063,0.694029,0,271.027813,scenario_003,short
9443,264,2.309493,0.271218,0.075782,1,268.499553,scenario_003,short
9444,264,6.4131,0.388337,0.834669,0,284.455307,scenario_003,medium
9445,264,2.800758,0.263343,0.301833,0,276.1308,scenario_003,short
9446,264,1.715971,0.427439,0.702789,1,268.224238,scenario_003,short
9447,264,1.415151,0.328413,0.548542,0,271.677332,scenario_003,short
9448,264,7.491853,0.642547,0.412517,0,299.203125,scenario_003,medium
9449,264,2.64577,0.095828,0.142519,2,267.730501,scenario_003,short
9450,264,1.268555,0.373307,0.375748,0,268.483985,scenario_003,short
9451,264,1.279768,0.434856,0.648776,2,265.484533,scenario_003,short
9452,264,0.937173,0.714266,0.157724,1,265.898274,scenario_003,short
9453,264,12.18048,0.892965,0.294701,1,290.455603,scenario_003,medium
9454,264,2.524951,0.206328,0.277021,0,275.744582,scenario_003,short
9455,264,1.908183,0.384867,0.882932,0,272.569507,scenario_003,short
9456,264,1.132803,0.418345,1.0,0,269.212625,scenario_003,short
9457,264,1.268129,0.419945,0.769109,0,269.316941,scenario_003,short
9458,264,12.032315,0.502458,0.269322,0,303.769273,scenario_003,medium
9459,264,0.816826,0.336327,0.597491,0,266.863479,scenario_003,short
9460,264,34.721864,1.0,0.483479,0,398.043885,scenario_003,long
9461,264,0.723256,0.256383,0.548775,0,267.799959,scenario_003,short
9462,264,1.497535,0.219229,0.665397,1,267.484725,scenario_003,short
9463,264,1.167134,0.429765,0.81906,2,265.312446,scenario_003,short
9464,264,2.274389,0.162262,0.761071,0,273.776331,scenario_003,short
9465,264,0.864493,0.183555,0.558019,2,265.0,scenario_003,short
9466,264,1.166525,0.309396,0.49636,1,266.086541,scenario_003,short
9467,264,11.212591,0.166477,0.609938,0,321.844675,scenario_003,medium
9468,264,18.683981,0.850938,0.957343,0,356.641251,scenario_003,long
9469,264,9.734846,0.638525,0.895907,0,304.647973,scenario_003,medium
9470,264,11.841745,0.831453,0.733222,0,320.846728,scenario_003,medium
9471,264,1.56822,0.14448,0.455348,0,271.839724,scenario_003,short
9472,264,1.995609,0.198621,0.89101,2,267.042643,scenario_003,short
9473,264,4.420979,0.802397,0.983631,1,271.460989,scenario_003,medium
9474,264,14.380296,0.847776,1.0,0,330.031601,scenario_003,long
9475,264,0.934333,0.623534,1.0,0,267.876532,scenario_003,short
9476,264,2.331383,0.103529,0.620828,0,274.350106,scenario_003,short
9477,264,9.337952,0.328815,0.127851,0,297.15316,scenario_003,medium
9478,264,1.160693,0.191591,0.807969,2,265.551685,scenario_003,short
9479,264,9.511923,0.491558,0.687012,0,294.799456,scenario_003,long
9480,264,2.394371,0.366679,0.38435,0,277.324174,scenario_003,short
9481,264,1.898225,0.491631,0.623331,0,272.584083,scenario_003,short
9482,264,15.661576,0.190876,0.758389,1,294.58836,scenario_003,medium
9483,265,1.934169,0.545898,0.344988,0,275.821278,scenario_003,short
9484,265,3.269183,0.402727,0.157578,0,282.58544,scenario_003,short
9485,265,1.039389,0.279055,0.344104,1,267.674924,scenario_003,short
9486,265,17.968362,0.273345,0.288956,0,328.232271,scenario_003,medium
9487,265,8.946037,0.886118,0.511518,0,303.802665,scenario_003,medium
9488,265,1.082311,0.084974,0.315825,0,270.315009,scenario_003,short
9489,265,0.879463,0.213506,0.318176,0,267.984706,scenario_003,short
9490,265,1.181603,0.21208,0.55599,0,270.295635,scenario_003,short
9491,265,22.263784,0.520649,0.79076,1,310.982301,scenario_003,long
9492,265,6.246578,0.233986,0.48273,0,295.60281,scenario_003,medium
9493,265,2.557257,0.155878,0.717075,1,269.556898,scenario_003,short
9494,265,1.040422,0.12367,0.384039,0,268.954873,scenario_003,short
9495,265,1.52768,0.197574,0.705427,0,271.763989,scenario_003,short
9496,265,0.813291,0.642188,0.414953,0,268.631475,scenario_003,short
9497,265,1.738636,0.126337,0.622304,1,267.953499,scenario_003,short
9498,265,12.218672,0.543941,0.169778,2,288.225484,scenario_003,medium
9499,265,0.879881,0.263068,0.460309,0,269.404284,scenario_003,short
9500,265,1.544032,0.244514,0.640778,1,269.595214,scenario_003,short
9501,265,1.434536,0.124506,0.408205,2,266.670887,scenario_003,short
9502,265,2.726245,0.138062,1.0,0,278.340799,scenario_003,short
9503,265,2.002402,0.183172,0.675278,2,268.114779,scenario_003,short
9504,265,0.999382,0.364102,0.226685,2,266.855193,scenario_003,short
9505,265,1.826008,0.184221,1.0,1,269.532331,scenario_003,short
9506,265,17.25445,0.180296,0.44212,1,307.012725,scenario_003,medium
9507,265,17.769397,0.534675,0.223869,1,313.677061,scenario_003,medium
9508,265,1.212745,0.346712,1.0,0,271.779619,scenario_003,short
9509,265,0.629555,0.458745,0.46358,1,266.653906,scenario_003,short
9510,265,11.023513,0.624471,0.731131,1,292.455266,scenario_003,medium
9511,265,1.920246,0.442151,0.312648,1,268.532539,scenario_003,short
9512,265,19.029169,0.815417,0.625084,2,299.617796,scenario_003,medium
9513,265,1.242108,0.058803,0.144564,1,268.00757,scenario_003,short
9514,265,0.553827,0.560976,1.0,2,266.0,scenario_003,short
9515,265,2.395777,0.207621,0.257624,1,269.625572,scenario_003,short
9516,265,3.981868,0.449684,0.945217,2,271.706452,scenario_003,short
9517,265,1.340908,0.152171,0.334234,0,271.485346,scenario_003,short
9518,265,2.243726,0.057296,0.820134,0,274.267631,scenario_003,short
9519,265,1.936812,0.200545,0.707554,0,274.63057,scenario_003,short
9520,265,1.373349,0.804016,0.635511,0,270.964996,scenario_003,short
9521,265,2.101266,0.141751,0.701688,1,270.979875,scenario_003,short
9522,265,2.132266,0.109312,1.0,2,268.191173,scenario_003,short
9523,265,1.246072,0.145928,0.474846,0,270.134704,scenario_003,short
9524,265,2.065674,0.332712,0.951374,1,269.502619,scenario_003,short
9525,265,22.036496,0.639279,0.390071,2,302.877683,scenario_003,medium
9526,265,1.519064,0.44277,0.6802,0,271.464022,scenario_003,short
9527,265,1.278967,0.169392,0.765165,1,268.597022,scenario_003,short
9528,265,2.417408,0.08831,0.645297,0,275.212393,scenario_003,short
9529,265,8.671131,0.972165,0.346085,0,291.856399,scenario_003,medium
9530,265,7.283108,0.321878,0.626066,0,296.542394,scenario_003,medium
9531,265,1.368456,0.387725,1.0,0,269.534333,scenario_003,short
9532,265,9.344946,0.609488,0.342282,0,307.717683,scenario_003,medium
9533,265,1.352277,0.071936,0.801815,0,272.294253,scenario_003,short
9534,265,0.984419,0.120025,0.871508,1,266.883145,scenario_003,short
9535,265,1.03253,0.459869,0.676206,2,266.629851,scenario_003,short
9536,265,6.663137,0.491758,0.63815,1,283.567949,scenario_003,medium
9537,265,1.182325,0.469202,0.704769,0,269.737361,scenario_003,short
9538,265,0.807151,0.091225,0.335585,1,266.346902,scenario_003,short
9539,265,12.544014,0.448866,0.777228,1,291.048783,scenario_003,medium
9540,265,1.486394,0.546682,0.966629,1,269.007003,scenario_003,short
9541,265,2.277446,0.429411,0.394769,0,276.2556,scenario_003,short
9542,265,10.248901,0.518837,0.871794,0,314.45843,scenario_003,medium
9543,265,12.625309,0.656743,0.549652,0,313.984238,scenario_003,medium
9544,265,16.604529,0.719385,0.650696,0,345.074422,scenario_003,medium
9545,265,7.978934,0.71478,0.632385,1,279.764509,scenario_003,long
9546,265,1.50059,0.388975,0.235084,1,268.476391,scenario_003,short
9547,265,1.574909,0.394824,0.59079,1,268.030015,scenario_003,short
9548,265,6.878634,0.581645,0.262951,1,277.45727,scenario_003,medium
9549,265,1.346572,0.339565,0.07436,0,270.42381,scenario_003,short
9550,265,1.755461,0.297415,0.396694,0,270.825486,scenario_003,short
9551,265,1.621808,0.428614,0.584129,1,268.383484,scenario_003,short
9552,265,1.496912,0.271392,0.209479,0,270.883346,scenario_003,short
9553,265,0.703881,0.370554,0.760403,0,268.413098,scenario_003,short
9554,265,18.781717,0.478166,0.338639,2,287.579758,scenario_003,long
9555,265,0.807177,0.304995,0.535957,0,269.113434,scenario_003,short
9556,265,16.188441,0.350543,0.704326,0,320.618085,scenario_003,medium
9557,265,1.144121,0.193072,0.679276,1,267.777432,scenario_003,short
9558,265,0.786523,0.194012,0.684968,0,267.734157,scenario_003,short
9559,265,1.911619,0.331394,0.754932,1,270.631381,scenario_003,short
9560,265,2.119095,0.111664,0.152035,2,269.250444,scenario_003,short
9561,265,1.103648,0.420739,0.869638,0,269.073096,scenario_003,short
9562,265,1.406249,0.33178,0.359272,2,267.691506,scenario_003,short
9563,265,1.787825,0.119491,0.577375,0,271.99593,scenario_003,short
9564,265,1.310631,0.087168,0.601018,1,268.258597,scenario_003,short
9565,265,0.863813,0.544825,0.633915,0,268.964364,scenario_003,short
9566,265,1.078296,0.446504,0.692912,2,266.675288,scenario_003,short
9567,265,1.173732,0.446218,0.338111,0,269.820877,scenario_003,short
9568,265,1.240472,0.437465,0.485527,2,267.288857,scenario_003,short
9569,265,17.647222,0.342216,0.488096,1,308.243879,scenario_003,medium
9570,265,8.741715,0.643602,0.416789,0,292.58634,scenario_003,medium
9571,265,33.996676,0.926347,0.480056,0,394.385649,scenario_003,long
9572,265,17.098397,0.410667,1.0,0,321.629296,scenario_003,medium
9573,265,19.472692,0.557669,1.0,1,321.551983,scenario_003,long
9574,265,1.797197,0.116246,0.466437,1,268.10496,scenario_003,short
9575,265,6.176126,0.522007,0.31106,2,272.558125,scenario_003,medium
9576,265,1.734995,0.069852,0.473252,1,268.803816,scenario_003,short
9577,265,1.940907,0.252954,0.826053,1,269.765392,scenario_003,short
9578,265,10.957771,0.37612,0.827313,2,283.531031,scenario_003,medium
9579,265,17.74614,0.156568,0.06261,2,291.373853,scenario_003,medium
9580,265,7.714564,0.592836,0.714592,1,283.433759,scenario_003,medium
9581,265,0.944916,0.654468,0.943065,1,267.411257,scenario_003,short
9582,265,1.244124,0.100773,0.516705,0,269.292501,scenario_003,short
9583,265,63.771677,1.0,0.748785,1,446.208574,scenario_003,long
9584,265,1.087121,0.056637,0.522525,1,268.17252,scenario_003,short
9585,265,1.188954,0.172144,0.266472,0,270.755433,scenario_003,short
9586,265,0.545872,0.568663,0.311731,0,267.759322,scenario_003,short
9587,265,0.803639,0.088352,0.48061,0,268.414518,scenario_003,short
9588,265,2.329749,0.581987,0.530758,1,271.169785,scenario_003,short
9589,265,1.382028,0.455054,0.590666,0,270.274978,scenario_003,short
9590,265,8.735095,0.613665,0.50723,0,312.796634,scenario_003,long
9591,265,2.54296,0.221833,0.280225,0,274.864387,scenario_003,short
9592,265,1.419575,0.052641,0.62437,1,268.599596,scenario_003,short
9593,265,15.461155,0.569073,0.607586,0,327.309101,scenario_003,long
9594,265,17.27307,0.552616,0.411291,0,339.192011,scenario_003,medium
9595,265,6.566567,0.779729,0.471459,0,298.224479,scenario_003,medium
9596,265,1.006872,0.457626,0.374981,0,270.287207,scenario_003,short
9597,265,1.394669,0.386717,0.78311,2,267.003728,scenario_003,short
9598,265,0.940546,0.365307,0.433064,1,267.028664,scenario_003,short
9599,265,6.982665,0.292624,0.762371,0,302.547706,scenario_003,long
9600,265,1.557737,0.220296,0.744484,1,268.605144,scenario_003,short
9601,265,1.424407,0.291398,0.571278,1,269.276528,scenario_003,short
9602,265,37.797714,0.418158,0.676021,2,315.274254,scenario_003,medium
9603,265,1.121704,0.447912,0.720241,2,266.583002,scenario_003,short
9604,265,14.200543,0.809125,0.859263,2,289.832413,scenario_003,medium
9605,265,1.96619,0.198128,0.422896,1,270.890445,scenario_003,short
9606,265,1.215768,0.114981,0.419742,0,270.789293,scenario_003,short
9607,265,11.76516,0.123501,0.552172,2,287.794084,scenario_003,medium
9608,265,1.147865,0.68352,0.207076,2,266.391017,scenario_003,short
9609,266,3.858183,0.808098,0.283204,0,283.32465,scenario_003,medium
9610,266,1.12965,0.681131,0.142161,2,267.946102,scenario_003,short
9611,266,1.108126,0.137671,0.557302,1,268.717822,scenario_003,short
9612,266,2.856038,0.262321,1.0,1,273.555765,scenario_003,short
9613,266,0.758868,0.0864,0.205076,0,268.793721,scenario_003,short
9614,266,1.479093,0.383296,0.709025,1,269.385732,scenario_003,short
9615,266,11.361691,0.257143,0.590321,2,287.992725,scenario_003,medium
9616,266,2.818403,0.565436,0.554377,1,273.468608,scenario_003,short
9617,266,1.274924,0.42298,0.67148,0,271.498282,scenario_003,short
9618,266,8.791779,0.484559,1.0,0,307.524693,scenario_003,medium
9619,266,12.74193,0.679566,0.688994,1,287.44909,scenario_003,medium
9620,266,2.184565,0.370457,0.190019,0,278.240672,scenario_003,short
9621,266,1.008493,0.159498,0.453428,0,269.195447,scenario_003,short
9622,266,0.899318,0.215857,0.380207,0,270.16547,scenario_003,short
9623,266,1.286771,0.337299,0.575934,0,271.083119,scenario_003,short
9624,266,2.472014,0.222665,0.089413,1,271.476021,scenario_003,short
9625,266,13.744917,0.38206,0.93396,0,315.734208,scenario_003,medium
9626,266,25.874937,0.546832,0.663258,0,396.460321,scenario_003,long
9627,266,2.10326,0.736398,0.32496,1,270.22783,scenario_003,short
9628,266,1.443105,0.174172,0.232279,0,274.15303,scenario_003,short
9629,266,1.711706,0.08292,0.790443,0,275.556815,scenario_003,short
9630,266,1.604398,0.13202,0.21327,0,273.730582,scenario_003,short
9631,266,1.56216,0.188013,0.429128,1,269.977741,scenario_003,short
9632,266,0.529208,0.227559,0.362289,0,268.052448,scenario_003,short
9633,266,12.933147,0.315422,0.50263,0,320.115176,scenario_003,long
9634,266,1.434441,0.457759,0.755295,1,269.613414,scenario_003,short
9635,266,2.055193,0.333529,0.288543,1,271.819779,scenario_003,short
9636,266,1.351437,0.728712,0.686378,0,272.653144,scenario_003,short
9637,266,12.976688,0.502503,0.732377,0,328.957966,scenario_003,medium
9638,266,13.641893,0.420656,0.729876,2,289.749189,scenario_003,medium
9639,266,1.454673,0.423809,0.437277,0,271.002112,scenario_003,short
9640,266,1.315788,0.432168,0.294574,1,268.518486,scenario_003,short
9641,266,13.080995,1.0,0.391672,0,323.703597,scenario_003,medium
9642,266,2.435829,0.401264,0.778096,0,275.836295,scenario_003,short
9643,266,4.824607,0.512834,0.62938,0,288.704273,scenario_003,medium
9644,266,1.369025,0.358299,0.347306,0,271.464994,scenario_003,short
9645,266,0.996201,0.739772,0.577703,0,270.144594,scenario_003,short
9646,266,1.514604,0.109463,0.79452,2,268.517827,scenario_003,short
9647,266,1.273865,0.117282,0.724086,0,271.235965,scenario_003,short
9648,266,18.622132,0.966976,0.38803,0,346.894843,scenario_003,medium
9649,266,1.011733,0.426326,0.39052,1,268.860377,scenario_003,short
9650,266,1.818502,0.366284,0.426586,0,272.60487,scenario_003,short
9651,266,1.241283,0.671208,0.369105,0,270.837987,scenario_003,short
9652,266,0.720013,0.211328,0.717118,1,268.009881,scenario_003,short
9653,266,1.212077,0.209447,0.475463,0,271.182923,scenario_003,short
9654,266,1.473954,0.347755,0.330729,0,272.352584,scenario_003,short
9655,266,33.745649,0.601911,0.908497,0,415.69672,scenario_003,medium
9656,266,8.472695,0.173867,0.569421,1,287.388653,scenario_003,medium
9657,266,4.884174,0.42459,0.672423,0,286.116866,scenario_003,medium
9658,266,17.115975,0.419417,0.421313,1,311.993205,scenario_003,long
9659,266,1.952768,0.717959,1.0,1,271.722738,scenario_003,short
9660,266,10.911796,0.189406,0.05,0,313.441605,scenario_003,medium
9661,266,2.898722,0.312245,0.465212,0,276.775671,scenario_003,short
9662,266,19.081397,0.756327,0.839232,0,360.123344,scenario_003,long
9663,266,26.485329,0.279489,0.555493,0,380.808274,scenario_003,medium
9664,266,13.518688,0.416152,0.197047,2,292.579916,scenario_003,medium
9665,266,1.442832,0.37678,0.232734,0,271.434149,scenario_003,short
9666,266,1.858374,0.269727,0.269501,0,275.384391,scenario_003,short
9667,266,0.82746,0.242092,0.187386,0,269.194911,scenario_003,short
9668,266,1.242167,0.077614,1.0,0,270.504801,scenario_003,short
9669,266,1.637464,0.219024,0.444394,0,273.400124,scenario_003,short
9670,266,1.25147,0.460239,0.455874,0,270.404727,scenario_003,short
9671,266,2.248128,0.312,0.361827,0,278.096423,scenario_003,short
9672,266,3.437008,0.152519,0.824438,0,283.275362,scenario_003,short
9673,266,8.333043,0.881302,0.888599,1,286.764508,scenario_003,medium
9674,266,21.40943,0.952356,0.996189,0,341.474622,scenario_003,long
9675,266,0.652218,0.299738,0.395809,0,268.425642,scenario_003,short
9676,266,1.263473,0.19853,0.588861,1,268.88338,scenario_003,short
9677,266,1.175467,0.178104,0.241586,2,267.336044,scenario_003,short
9678,266,4.248581,0.265164,0.148469,0,287.639576,scenario_003,short
9679,266,0.923621,0.348062,0.11505,0,269.526701,scenario_003,short
9680,266,3.191374,0.474891,0.451929,0,282.812535,scenario_003,medium
9681,266,13.050713,0.469642,0.80496,0,317.072814,scenario_003,medium
9682,266,0.926788,0.150764,0.844775,1,268.105983,scenario_003,short
9683,266,0.921238,0.434982,0.234303,0,270.697816,scenario_003,short
9684,266,9.826074,0.19829,0.321338,2,280.171089,scenario_003,medium
9685,266,1.182126,0.242604,0.111708,2,267.363232,scenario_003,short
9686,266,0.986237,0.064331,0.608206,2,267.973961,scenario_003,short
9687,266,1.189561,0.408034,0.988524,2,267.321783,scenario_003,short
9688,266,10.771801,0.313922,0.689325,0,316.922166,scenario_003,medium
9689,266,1.810975,0.369235,1.0,0,273.749326,scenario_003,short
9690,266,0.728985,0.343201,1.0,0,269.540236,scenario_003,short
9691,266,4.24065,0.610168,0.500546,1,273.654125,scenario_003,medium
9692,266,2.154743,0.282108,0.1619,1,270.566445,scenario_003,short
9693,266,0.824608,0.355363,0.661343,0,268.928433,scenario_003,short
9694,266,2.932901,0.710316,1.0,0,281.564309,scenario_003,short
9695,266,0.61604,0.085198,0.243726,1,267.305417,scenario_003,short
9696,266,1.386151,0.478345,0.704944,1,268.977345,scenario_003,short
9697,266,9.022174,0.253209,1.0,1,285.336043,scenario_003,medium
9698,266,1.716933,0.120848,0.528593,0,273.011105,scenario_003,short
9699,266,1.198617,0.47619,0.841576,0,271.983304,scenario_003,short
9700,266,0.799905,0.38253,0.984228,1,267.77797,scenario_003,short
9701,266,1.683376,0.245468,0.684497,0,275.003737,scenario_003,short
9702,266,1.438369,0.572178,0.998275,1,270.194123,scenario_003,short
9703,266,12.185447,1.0,0.459052,0,311.203274,scenario_003,medium
9704,266,1.007027,0.236252,0.380898,0,269.663725,scenario_003,short
9705,266,0.408789,0.152574,0.174423,0,268.106656,scenario_003,short
9706,266,1.179206,0.19757,0.881053,0,271.906688,scenario_003,short
9707,266,1.164075,0.376976,0.168213,0,272.458506,scenario_003,short
9708,266,15.15923,0.20832,0.881406,0,344.479484,scenario_003,medium
9709,266,2.228639,0.295829,0.603866,0,275.658774,scenario_003,short
9710,266,1.421722,0.160255,0.134562,1,268.472309,scenario_003,short
9711,266,1.247273,0.331924,0.453494,0,272.254268,scenario_003,short
9712,266,1.105714,0.637728,0.49213,0,271.002126,scenario_003,short
9713,266,22.906385,0.461294,0.370501,1,332.232086,scenario_003,long
9714,266,2.270524,0.385129,0.602734,0,276.033057,scenario_003,short
9715,266,1.446611,0.343902,0.486253,0,272.438095,scenario_003,short
9716,267,13.674163,0.453837,0.962451,0,336.944939,scenario_003,medium
9717,267,10.141421,0.596153,0.370601,1,297.070024,scenario_003,medium
9718,267,9.265276,0.591741,0.274231,1,282.600885,scenario_003,medium
9719,267,1.227304,0.368382,0.173689,0,271.707923,scenario_003,short
9720,267,1.868857,0.246884,0.840011,0,276.1014,scenario_003,short
9721,267,1.628116,0.489069,0.068457,2,269.547666,scenario_003,short
9722,267,12.856431,0.705805,0.957337,1,298.887098,scenario_003,medium
9723,267,9.977427,0.822798,0.827486,0,323.233579,scenario_003,medium
9724,267,1.313073,0.232869,0.69015,0,272.139623,scenario_003,short
9725,267,8.759479,0.406183,0.13564,1,288.478282,scenario_003,medium
9726,267,0.889837,0.160616,0.787176,0,271.636084,scenario_003,short
9727,267,0.531191,0.651457,0.840858,1,268.405389,scenario_003,short
9728,267,7.232977,0.141642,0.931925,2,277.629718,scenario_003,medium
9729,267,18.046862,0.152472,1.0,1,314.499936,scenario_003,medium
9730,267,4.289158,0.300309,0.388052,0,283.990587,scenario_003,short
9731,267,2.010167,0.603662,0.627718,2,270.278326,scenario_003,short
9732,267,9.105896,0.616023,0.763333,0,312.944401,scenario_003,medium
9733,267,16.347403,0.356676,0.29772,1,310.09515,scenario_003,long
9734,267,11.21587,0.33264,1.0,1,297.65794,scenario_003,medium
9735,267,1.546437,0.095105,0.125334,0,274.101234,scenario_003,short
9736,267,0.669708,0.126603,0.520305,1,268.901202,scenario_003,short
9737,267,0.798105,0.423938,0.174164,1,268.719123,scenario_003,short
9738,267,2.105084,0.538875,0.753185,1,271.450584,scenario_003,short
9739,267,1.468551,0.127474,0.218316,1,270.71949,scenario_003,short
9740,267,1.29418,0.136599,0.198001,1,269.2057,scenario_003,short
9741,267,10.656247,0.619144,0.474925,2,281.75538,scenario_003,medium
9742,267,1.202752,0.206809,0.436337,0,272.979868,scenario_003,short
9743,267,0.793458,0.556234,0.663948,1,268.853247,scenario_003,short
9744,267,10.260199,0.269903,0.605823,1,294.665808,scenario_003,medium
9745,267,19.498844,0.150403,0.05,0,330.055877,scenario_003,medium
9746,267,10.381304,0.208105,0.529854,0,304.622532,scenario_003,medium
9747,267,6.711302,0.223939,0.287753,0,301.61969,scenario_003,medium
9748,267,1.715343,0.336826,1.0,0,274.668182,scenario_003,short
9749,267,2.659774,0.581827,0.652674,0,280.393412,scenario_003,short
9750,267,1.631723,0.501047,0.645205,2,269.510601,scenario_003,short
9751,267,30.505331,0.857245,0.921442,1,322.931208,scenario_003,long
9752,267,16.648616,0.626948,1.0,0,341.529979,scenario_003,medium
9753,267,1.741007,0.444231,0.857363,2,269.930218,scenario_003,short
9754,267,2.048893,0.393928,0.42489,1,271.185342,scenario_003,short
9755,267,1.397376,0.292154,0.897323,0,271.557877,scenario_003,short
9756,267,1.147037,0.506919,0.232637,1,268.927154,scenario_003,short
9757,267,31.557245,0.275812,0.05,1,325.411336,scenario_003,long
9758,267,1.400328,0.784193,0.927354,1,270.189232,scenario_003,short
9759,267,1.173411,0.468469,0.701469,1,270.406472,scenario_003,short
9760,267,1.124107,0.206724,0.789195,1,269.256679,scenario_003,short
9761,267,11.559919,0.44375,0.589765,1,301.805333,scenario_003,medium
9762,267,1.324864,0.27568,0.317527,0,273.047562,scenario_003,short
9763,267,1.016451,0.567924,0.394867,1,268.760296,scenario_003,short
9764,267,1.41845,0.327294,0.366883,1,269.607151,scenario_003,short
9765,267,0.925751,0.693081,1.0,2,268.407972,scenario_003,short
9766,267,8.093014,0.204983,0.255768,2,282.515171,scenario_003,medium
9767,267,1.086944,0.177713,0.268808,1,268.978455,scenario_003,short
9768,267,1.932303,0.091502,0.187609,2,269.165057,scenario_003,short
9769,267,0.731889,0.343236,0.678197,1,269.115726,scenario_003,short
9770,267,6.07897,0.500798,0.266567,2,277.532867,scenario_003,medium
9771,267,5.078682,0.354736,0.452541,1,276.227777,scenario_003,medium
9772,267,1.603056,0.21543,0.480957,0,273.877319,scenario_003,short
9773,267,1.855329,0.128867,0.543472,0,274.914694,scenario_003,short
9774,267,11.551685,0.475863,0.556392,0,309.198772,scenario_003,medium
9775,267,32.314621,0.573557,0.671491,1,362.670599,scenario_003,medium
9776,267,1.388523,0.324196,0.346449,1,270.248867,scenario_003,short
9777,267,22.685351,0.1202,0.761415,0,368.073091,scenario_003,medium
9778,267,14.173731,0.254691,0.630736,1,297.350551,scenario_003,medium
9779,267,14.343448,0.689658,0.617244,0,320.179199,scenario_003,medium
9780,267,8.44976,0.880823,0.650702,0,314.438688,scenario_003,medium
9781,267,1.927683,0.336432,0.123968,1,271.256323,scenario_003,short
9782,267,1.816254,0.413739,0.785738,1,270.209798,scenario_003,short
9783,267,1.972713,0.826627,0.219025,2,270.639489,scenario_003,short
9784,267,17.069084,0.140988,0.695543,0,319.812542,scenario_003,medium
9785,267,6.422989,0.233282,0.433347,0,301.434813,scenario_003,medium
9786,267,1.447451,0.647709,1.0,0,272.421612,scenario_003,short
9787,267,7.601355,0.209902,0.490586,0,291.623591,scenario_003,medium
9788,267,16.238299,0.252409,0.135211,1,310.259078,scenario_003,long
9789,267,1.711409,0.526932,0.966901,2,268.915946,scenario_003,short
9790,267,7.678902,0.642948,0.278923,1,284.872615,scenario_003,medium
9791,267,11.933158,0.741018,0.3249,0,308.626226,scenario_003,long
9792,267,0.942915,0.188254,0.439292,1,269.653172,scenario_003,short
9793,267,1.43086,0.051187,0.600406,1,270.693891,scenario_003,short
9794,267,17.437941,0.328785,0.697042,1,308.311653,scenario_003,long
9795,267,2.220194,0.629147,0.866463,1,270.973154,scenario_003,short
9796,267,1.301568,0.31664,0.274038,0,271.377736,scenario_003,short
9797,267,1.484639,0.549055,1.0,0,273.299308,scenario_003,short
9798,267,19.560025,0.623891,0.576293,0,356.856564,scenario_003,medium
9799,267,12.724241,0.571124,0.627344,0,312.092631,scenario_003,long
9800,267,27.12181,0.951793,0.200408,0,359.254116,scenario_003,long
9801,267,22.751366,0.808903,0.97111,0,356.45636,scenario_003,medium
9802,267,5.687774,0.279349,0.62196,2,273.29981,scenario_003,medium
9803,267,2.261415,0.431072,0.643358,0,274.526138,scenario_003,short
9804,267,1.441697,0.360892,0.231883,2,269.687659,scenario_003,short
9805,267,1.615083,0.223177,0.964499,0,275.438347,scenario_003,short
9806,267,1.217743,0.213593,0.775736,1,269.025904,scenario_003,short
9807,267,0.9418,0.773068,0.507199,0,270.243398,scenario_003,short
9808,267,11.887479,1.0,0.49123,1,286.567292,scenario_003,medium
9809,267,5.917778,0.436281,0.792256,1,278.770542,scenario_003,medium
9810,267,8.325828,1.0,0.61477,1,286.401834,scenario_003,medium
9811,267,13.088735,0.590415,0.72257,2,283.658801,scenario_003,medium
9812,267,0.883106,0.501484,0.939627,1,268.758533,scenario_003,short
9813,267,1.3633,0.621841,0.933176,1,270.502827,scenario_003,short
9814,267,1.497344,0.446952,0.676633,0,272.260969,scenario_003,short
9815,267,9.113996,0.616775,0.975998,1,282.628793,scenario_003,medium
9816,267,1.90461,0.256197,0.315285,0,273.306976,scenario_003,short
9817,267,1.054041,0.495677,0.668043,1,269.770652,scenario_003,short
9818,267,1.464306,0.403268,0.708655,0,272.84566,scenario_003,short
9819,267,2.600695,0.199132,0.205437,0,279.551258,scenario_003,short
9820,267,0.88413,0.306505,0.158926,1,269.595038,scenario_003,short
9821,267,1.891913,0.134698,0.532475,1,270.974272,scenario_003,short
9822,267,1.479471,0.254202,0.194139,0,273.992912,scenario_003,short
9823,267,16.729233,0.816663,0.551184,0,333.656419,scenario_003,medium
9824,267,1.029262,0.280209,0.151418,1,269.975484,scenario_003,short
9825,267,2.224211,0.626362,0.420112,1,271.342153,scenario_003,short
9826,267,1.443207,0.31519,0.05,0,274.426299,scenario_003,short
9827,267,9.242094,0.573372,0.530452,0,305.47472,scenario_003,medium
9828,267,1.673604,0.053136,0.868883,0,274.533196,scenario_003,short
9829,267,7.75636,0.62032,0.182606,0,302.806714,scenario_003,medium
9830,267,1.698938,0.200967,0.443884,0,274.982352,scenario_003,short
9831,267,1.597321,0.0683,0.219853,1,270.865455,scenario_003,short
9832,267,14.973968,0.566012,0.685858,1,307.475335,scenario_003,medium
9833,268,2.978291,0.247648,0.698737,1,272.974082,scenario_003,short
9834,268,1.319883,0.438107,0.617859,1,270.279276,scenario_003,short
9835,268,1.420207,0.265592,0.185919,1,272.094567,scenario_003,short
9836,268,1.007666,0.125728,0.577488,2,269.494482,scenario_003,short
9837,268,33.160622,0.621238,0.500745,1,322.62482,scenario_003,long
9838,268,2.934295,0.212969,0.534086,1,275.641945,scenario_003,short
9839,268,1.662358,0.142322,0.504171,0,273.752573,scenario_003,short
9840,268,1.03764,0.839271,1.0,0,272.382708,scenario_003,short
9841,268,19.774185,0.636866,0.763898,2,304.838657,scenario_003,medium
9842,268,1.580121,0.751443,0.923259,2,270.745509,scenario_003,short
9843,268,21.642317,0.809581,0.739889,0,372.746189,scenario_003,long
9844,268,1.250252,0.41685,1.0,0,274.034788,scenario_003,short
9845,268,1.225839,0.433226,0.49553,0,274.785792,scenario_003,short
9846,268,6.548969,0.948269,0.961002,0,300.129901,scenario_003,medium
9847,268,1.220983,0.073031,0.738962,1,270.496884,scenario_003,short
9848,268,1.455892,0.503825,0.692557,1,272.037729,scenario_003,short
9849,268,52.558259,0.499064,0.960085,2,368.821881,scenario_003,long
9850,268,0.711976,0.566566,0.606127,2,269.02608,scenario_003,short
9851,268,1.549306,0.26117,0.247226,0,272.846456,scenario_003,short
9852,268,0.748301,0.225372,1.0,0,271.098984,scenario_003,short
9853,268,28.244827,0.941018,1.0,2,312.391704,scenario_003,long
9854,268,2.13044,0.072785,0.220003,1,272.85751,scenario_003,short
9855,268,20.577033,0.94981,0.793903,0,343.772849,scenario_003,long
9856,268,1.267874,0.497264,0.645865,1,271.491772,scenario_003,short
9857,268,1.59724,0.112978,0.318851,1,270.915159,scenario_003,short
9858,268,0.55428,0.191157,0.84157,1,269.630805,scenario_003,short
9859,268,1.137585,0.364983,0.499862,1,271.23276,scenario_003,short
9860,268,1.569777,0.448819,0.871894,1,272.621411,scenario_003,short
9861,268,1.005702,0.675498,0.735133,2,269.912653,scenario_003,short
9862,268,0.604735,0.375605,0.233609,1,269.632175,scenario_003,short
9863,268,10.222586,1.0,0.743751,0,309.28294,scenario_003,medium
9864,269,0.384689,0.728744,0.84068,1,270.0,scenario_003,short
9865,269,1.135095,0.174141,0.626508,0,274.889753,scenario_003,short
9866,269,1.176381,0.439757,0.719476,1,272.409357,scenario_003,short
9867,269,2.110436,0.386438,0.260894,2,272.390071,scenario_003,short
9868,269,9.462774,0.138323,0.131025,0,304.462295,scenario_003,medium
9869,269,0.921826,0.199887,0.47968,0,272.398239,scenario_003,short
9870,269,1.625321,0.187808,0.211965,2,271.593959,scenario_003,short
9871,269,9.020824,0.168194,0.216118,0,306.474146,scenario_003,medium
9872,269,2.503301,0.170057,0.651415,0,277.229367,scenario_003,short
9873,269,4.432133,0.190442,0.710491,1,278.656886,scenario_003,short
9874,269,1.065436,0.156185,0.423837,0,272.886769,scenario_003,short
9875,269,0.932156,0.364436,1.0,0,272.991977,scenario_003,short
9876,269,8.947009,0.374196,0.844309,1,295.143744,scenario_003,medium
9877,269,2.186374,0.396145,0.416192,2,271.570178,scenario_003,short
9878,269,24.900447,1.0,0.720722,1,334.81638,scenario_003,long
9879,269,11.702888,0.248214,0.696757,0,324.4386,scenario_003,medium
9880,269,1.235408,0.275772,0.719402,0,274.513927,scenario_003,short
9881,269,2.601807,0.203983,0.600844,0,279.600935,scenario_003,short
9882,269,1.458677,0.157649,0.129942,0,276.413896,scenario_003,short
9883,269,1.738066,0.337063,0.512065,2,272.33846,scenario_003,short
9884,269,9.548117,0.407269,0.436025,0,304.50829,scenario_003,medium
9885,269,12.348911,0.479447,0.978683,0,330.551363,scenario_003,medium
9886,269,1.538819,0.723877,0.583249,0,275.997256,scenario_003,short
9887,269,0.958977,0.174098,0.134075,0,273.5445,scenario_003,short
9888,269,18.74051,0.368917,0.865027,0,372.890573,scenario_003,medium
9889,269,1.328467,0.13234,0.286213,2,271.047832,scenario_003,short
9890,269,2.136204,0.068324,0.446644,0,276.289549,scenario_003,short
9891,269,1.326196,0.182232,0.141485,0,274.831717,scenario_003,short
9892,269,1.324523,0.181715,0.898753,1,271.946697,scenario_003,short
9893,269,17.050359,0.562471,1.0,0,322.125039,scenario_003,medium
9894,269,1.713233,0.470624,0.686768,0,275.697002,scenario_003,short
9895,269,1.313133,0.292092,0.493103,1,272.246282,scenario_003,short
9896,269,1.837806,0.057162,0.819918,2,272.465057,scenario_003,short
9897,269,7.353019,0.675961,0.530947,1,290.437866,scenario_003,medium
9898,269,1.139429,0.377361,0.971871,0,273.438857,scenario_003,short
9899,269,0.925816,0.526073,0.83444,2,270.277181,scenario_003,short
9900,269,0.804821,0.766027,0.736382,1,270.901447,scenario_003,short
9901,269,1.132461,0.519282,0.663829,1,271.090997,scenario_003,short
9902,269,10.874829,0.207682,0.900332,1,300.36449,scenario_003,medium
9903,269,6.224828,0.727108,0.277496,2,276.416805,scenario_003,medium
9904,269,1.632817,0.650517,1.0,1,272.359413,scenario_003,short
9905,269,2.107447,0.28086,0.930297,1,273.59949,scenario_003,short
9906,270,1.818663,0.647308,0.244682,0,276.699116,scenario_003,short
9907,270,12.308258,0.45253,1.0,0,337.814635,scenario_003,medium
9908,270,30.962447,0.691639,1.0,2,311.355417,scenario_003,long
9909,270,0.869933,0.520363,0.601569,0,274.219256,scenario_003,short
9910,270,0.774755,0.440351,0.308737,1,271.744619,scenario_003,short
9911,270,9.954004,0.577437,0.681375,1,288.629524,scenario_003,long
9912,270,2.552962,0.346106,0.448592,1,274.576488,scenario_003,short
9913,270,2.172547,0.744855,0.160181,2,272.857849,scenario_003,short
9914,270,6.187,0.535651,0.31134,2,277.819841,scenario_003,medium
9915,270,1.362487,0.418349,0.822889,0,276.529578,scenario_003,short
9916,270,1.516575,0.381703,0.389651,0,276.505456,scenario_003,short
9917,270,16.648132,0.87318,0.61428,2,296.811276,scenario_003,medium
9918,270,18.38936,0.716139,0.382812,1,300.674741,scenario_003,long
9919,270,1.282269,0.250174,0.457363,0,274.197563,scenario_003,short
9920,270,1.664381,0.084904,0.430521,1,273.608678,scenario_003,short
9921,270,1.223707,0.39677,0.205096,2,272.141019,scenario_003,short
9922,270,9.892924,0.270206,0.863237,0,306.297274,scenario_003,medium
9923,270,0.850404,0.424424,0.327073,0,274.089067,scenario_003,short
9924,270,1.367641,0.340579,0.744169,0,276.513456,scenario_003,short
9925,270,4.714358,0.879811,0.74931,0,289.571196,scenario_003,medium
9926,270,8.97134,0.612505,0.328632,1,287.422816,scenario_003,medium
9927,270,8.922163,0.224041,0.486337,0,314.226754,scenario_003,medium
9928,270,27.066497,0.445814,0.611804,1,332.044328,scenario_003,medium
9929,270,0.699936,0.22037,0.485336,0,273.234975,scenario_003,short
9930,270,2.42092,0.095097,0.073002,0,281.306733,scenario_003,short
9931,270,1.600803,0.306459,0.585979,0,276.420171,scenario_003,short
9932,270,8.455631,0.225953,0.334645,0,298.55759,scenario_003,medium
9933,270,4.99694,0.678178,0.900636,2,278.756099,scenario_003,medium
9934,270,1.214759,0.350115,0.710911,2,272.103245,scenario_003,short
9935,270,1.292691,0.117904,0.83771,1,272.347982,scenario_003,short
9936,270,1.475713,0.176459,0.873431,0,275.230783,scenario_003,short
9937,270,9.512221,0.126544,0.415869,0,311.49304,scenario_003,medium
9938,270,1.462864,0.784414,0.24555,2,271.934109,scenario_003,short
9939,270,12.627698,0.236451,0.143059,0,320.903263,scenario_003,medium
9940,270,11.576094,0.174619,0.05,0,315.31357,scenario_003,medium
9941,270,26.491507,0.462166,0.609535,1,325.78227,scenario_003,medium
9942,270,11.267778,0.426809,0.222445,0,318.479445,scenario_003,medium
9943,270,1.462629,0.427733,0.845161,2,272.759121,scenario_003,short
9944,270,1.377281,0.08631,0.340532,0,275.905464,scenario_003,short
9945,270,1.787701,0.562974,0.681206,0,276.629935,scenario_003,short
9946,270,36.626245,1.0,0.675404,1,345.646288,scenario_003,long
9947,270,8.87019,0.638606,0.431185,0,306.599237,scenario_003,medium
9948,270,18.929708,0.623763,0.270611,0,354.158138,scenario_003,medium
9949,271,1.10078,0.33592,0.932604,0,277.04692,scenario_003,short
9950,271,1.273874,0.399609,0.462974,1,273.715609,scenario_003,short
9951,271,0.687164,0.338096,0.16727,1,272.31394,scenario_003,short
9952,271,26.960995,0.708492,0.58965,1,333.329979,scenario_003,long
9953,271,1.828364,0.40485,1.0,0,278.016911,scenario_003,short
9954,271,2.529991,0.666286,0.430778,1,278.121877,scenario_003,short
9955,271,17.902121,0.764154,1.0,1,316.846235,scenario_003,long
9956,271,0.999079,0.371476,0.778064,0,276.384184,scenario_003,short
9957,271,2.478935,0.392782,0.787336,0,280.835361,scenario_003,short
9958,271,1.14329,0.05054,0.348618,2,273.11425,scenario_003,short
9959,271,4.117254,0.480999,0.414868,1,282.034679,scenario_003,short
9960,271,1.693059,0.497558,0.753441,0,279.541767,scenario_003,short
9961,271,1.643659,0.42189,0.296584,0,276.820249,scenario_003,short
9962,271,12.66789,0.334443,0.832597,1,303.081791,scenario_003,medium
9963,271,12.170025,0.551087,0.96683,1,296.81166,scenario_003,medium
9964,271,1.393725,0.40934,0.058064,1,273.757305,scenario_003,short
9965,271,0.81004,0.430814,0.550257,1,273.38044,scenario_003,short
9966,271,1.120105,0.591716,0.430737,1,274.0201,scenario_003,short
9967,271,1.038754,0.438422,1.0,2,272.959473,scenario_003,short
9968,271,1.55996,0.175609,0.716678,0,276.586561,scenario_003,short
9969,271,0.88977,0.440331,0.594921,0,274.023349,scenario_003,short
9970,271,9.826269,0.200348,0.571683,0,319.72359,scenario_003,medium
9971,271,2.226571,0.173197,0.55712,0,281.363415,scenario_003,short
9972,271,1.662679,0.328539,0.757076,2,274.191184,scenario_003,short
9973,271,10.580383,0.568687,0.278449,1,289.903699,scenario_003,medium
9974,271,11.891089,0.197247,0.800583,2,285.785088,scenario_003,medium
9975,271,1.644059,0.282299,0.266821,1,275.039739,scenario_003,short
9976,271,8.467329,0.576789,0.492481,0,299.251966,scenario_003,medium
9977,271,5.981703,0.392689,0.220363,1,285.682326,scenario_003,medium
9978,271,0.671074,0.207366,0.847245,0,273.152039,scenario_003,short
9979,271,1.475164,0.640441,0.741425,0,275.689483,scenario_003,short
9980,271,1.699314,0.053894,0.484652,0,278.901908,scenario_003,short
9981,272,1.892002,0.348554,0.755846,1,277.096591,scenario_003,short
9982,272,1.935504,0.666276,0.072602,2,274.408813,scenario_003,short
9983,272,10.403285,0.393897,0.575225,0,322.501252,scenario_003,medium
9984,272,2.44784,0.458967,0.74323,0,283.958609,scenario_003,short
9985,272,26.57249,0.313831,0.323507,2,306.283288,scenario_003,long
9986,272,7.932458,0.541517,0.651633,0,300.82404,scenario_003,medium
9987,272,8.122034,0.516531,0.73504,0,310.713201,scenario_003,medium
9988,272,19.172065,0.163295,0.896763,1,323.20386,scenario_003,medium
9989,272,0.957697,0.128095,0.569297,1,274.886767,scenario_003,short
9990,272,0.967626,0.290323,0.22558,1,274.098685,scenario_003,short
9991,272,8.805287,0.311419,0.419217,0,305.514516,scenario_003,medium
9992,272,5.5413,0.715541,0.811925,0,293.510538,scenario_003,medium
9993,272,1.58016,0.420195,0.72897,0,277.349829,scenario_003,short
9994,272,19.63273,0.516377,0.822749,0,370.588446,scenario_003,medium
9995,272,21.226187,0.452593,0.765174,0,344.300217,scenario_003,medium
9996,272,0.932143,0.336935,0.386911,1,273.677858,scenario_003,short
9997,272,1.392016,0.083328,0.405183,1,274.934102,scenario_003,short
9998,272,20.281184,0.324851,0.522952,1,320.416953,scenario_003,medium
9999,272,1.238137,0.340522,0.538012,0,278.477381,scenario_003,short
10000,272,0.963011,0.096916,0.701638,1,274.802289,scenario_003,short
10001,272,2.148734,0.124518,0.533428,2,275.569471,scenario_003,short
10002,272,0.989636,0.792249,1.0,0,275.764524,scenario_003,short
10003,272,6.154385,0.326776,0.05,0,296.149435,scenario_003,medium
10004,272,7.056814,0.649834,0.397689,0,301.46469,scenario_003,medium
10005,272,1.346703,0.439155,1.0,1,274.579616,scenario_003,short
10006,272,5.581967,0.290502,0.138152,0,294.682864,scenario_003,medium
10007,272,2.044013,0.350135,0.494623,0,283.406292,scenario_003,short
10008,272,1.60461,0.59122,0.984734,0,277.005644,scenario_003,short
10009,272,8.941777,0.268693,0.631418,2,283.878167,scenario_003,medium
10010,272,18.374188,0.65682,0.691904,1,318.397548,scenario_003,medium
10011,272,1.567721,0.242425,0.356958,1,275.502347,scenario_003,short
10012,272,0.938381,0.366251,0.87129,0,276.466468,scenario_003,short
10013,272,4.987743,0.181868,0.274519,1,284.527537,scenario_003,medium
10014,272,1.793957,0.1679,0.555373,0,281.541683,scenario_003,short
10015,272,1.13465,0.216847,1.0,0,276.738656,scenario_003,short
10016,272,1.22022,0.361286,0.756331,2,274.143231,scenario_003,short
10017,272,1.140534,0.659247,0.688826,1,273.914012,scenario_003,short
10018,272,1.167961,0.64722,0.266899,0,276.580742,scenario_003,short
10019,272,0.728414,0.166337,1.0,0,275.641985,scenario_003,short
10020,272,0.994671,0.188126,0.54661,0,276.125815,scenario_003,short
10021,272,0.896358,0.191163,0.625964,0,276.078257,scenario_003,short
10022,272,3.844287,0.199359,0.27663,0,289.353912,scenario_003,short
10023,272,1.834096,0.683757,1.0,1,277.436049,scenario_003,short
10024,272,1.040242,0.363998,0.98657,0,277.221,scenario_003,short
10025,272,2.126703,0.055349,0.706957,0,278.609459,scenario_003,short
10026,272,1.264854,0.319402,1.0,1,274.957432,scenario_003,short
10027,272,1.714313,0.75121,0.661831,1,275.658862,scenario_003,short
10028,272,1.162643,0.42989,0.737905,1,274.732408,scenario_003,short
10029,272,1.729658,0.279571,0.641052,0,281.191375,scenario_003,short
10030,272,27.620584,0.7114,0.64451,0,371.595214,scenario_003,medium
10031,272,1.041162,0.39701,0.116084,0,277.302228,scenario_003,short
10032,273,1.349497,0.291196,0.05,1,276.550325,scenario_003,short
10033,273,1.093316,0.116657,0.981777,2,274.976984,scenario_003,short
10034,273,2.22253,0.117082,0.579844,1,279.505858,scenario_003,short
10035,273,2.745157,0.480733,0.691669,2,276.827833,scenario_003,short
10036,273,2.051736,0.718029,0.295393,2,276.093602,scenario_003,short
10037,273,1.321774,0.310965,0.461523,2,274.499613,scenario_003,short
10038,273,9.486754,0.988384,0.756884,0,313.439034,scenario_003,medium
10039,273,6.461564,0.694289,0.284648,2,281.856305,scenario_003,medium
10040,273,0.98106,0.15947,0.777022,0,276.39223,scenario_003,short
10041,273,7.880899,0.515309,0.290622,0,300.937988,scenario_003,medium
10042,273,9.476646,0.545454,1.0,2,291.628503,scenario_003,medium
10043,273,1.040578,0.414818,0.335542,2,274.665925,scenario_003,short
10044,273,2.424319,0.379482,1.0,1,277.466825,scenario_003,short
10045,273,9.299955,0.674817,0.27387,1,294.430189,scenario_003,medium
10046,273,3.623145,0.55421,0.38184,1,282.163963,scenario_003,short
10047,273,0.668539,0.442687,0.450086,0,276.441804,scenario_003,short
10048,273,1.396702,0.734257,0.463987,1,276.293567,scenario_003,short
10049,273,24.237431,0.445629,0.813289,2,319.60825,scenario_003,medium
10050,273,8.275732,1.0,1.0,0,302.405444,scenario_003,medium
10051,273,10.983419,0.624837,0.487838,2,286.815414,scenario_003,medium
10052,273,3.331882,0.228622,0.123879,0,286.92754,scenario_003,short
10053,273,1.476269,0.305659,0.42207,0,280.625373,scenario_003,short
10054,273,1.715563,0.376515,0.592082,1,277.503669,scenario_003,short
10055,273,3.105199,0.157949,0.742424,0,289.260812,scenario_003,short
10056,273,1.517965,0.215016,0.300794,1,275.870323,scenario_003,short
10057,273,10.771068,0.744489,0.635628,0,318.042767,scenario_003,long
10058,273,2.030428,0.373504,0.228728,2,275.581828,scenario_003,short
10059,273,14.763437,0.456521,0.708538,0,347.609758,scenario_003,medium
10060,273,19.139241,0.579485,0.363366,0,367.730261,scenario_003,medium
10061,273,16.241646,0.522564,0.637312,0,344.756909,scenario_003,medium
10062,273,2.391823,0.136871,0.802894,0,281.20084,scenario_003,short
10063,273,1.498011,0.432889,0.570422,2,275.786694,scenario_003,short
10064,273,2.226753,0.288813,0.294898,0,281.20156,scenario_003,short
10065,273,0.76761,0.395179,0.494149,1,274.81312,scenario_003,short
10066,274,2.133906,0.823864,0.317669,1,278.973913,scenario_003,short
10067,274,0.980408,0.431664,0.103844,0,279.067926,scenario_003,short
10068,274,2.014156,0.053105,0.569227,0,283.380243,scenario_003,short
10069,274,17.882501,0.161181,0.787074,2,298.736464,scenario_003,medium
10070,274,0.479949,0.203434,0.544743,0,275.599802,scenario_003,short
10071,274,2.022851,0.178215,0.05,1,278.038138,scenario_003,short
10072,274,0.912347,0.707686,0.851387,0,276.923967,scenario_003,short
10073,274,2.264033,0.203699,0.226956,0,283.069814,scenario_003,short
10074,274,1.130781,0.237782,0.796382,0,279.48611,scenario_003,short
10075,274,1.191211,0.399535,1.0,1,276.36955,scenario_003,short
10076,274,12.239191,0.291271,0.912557,1,298.904711,scenario_003,medium
10077,274,1.965165,0.775615,0.818719,0,283.520649,scenario_003,short
10078,274,1.861733,0.133478,0.487004,0,283.34711,scenario_003,short
10079,274,2.065726,0.712607,0.63514,1,279.920931,scenario_003,short
10080,274,16.977427,0.430376,0.222499,2,306.857456,scenario_003,long
10081,274,22.528548,0.440785,1.0,0,368.898592,scenario_003,medium
10082,274,0.927488,0.392126,0.848735,0,277.717991,scenario_003,short
10083,274,1.345017,0.25469,0.633713,1,276.491424,scenario_003,short
10084,274,7.063922,0.578898,0.51138,0,300.980435,scenario_003,medium
10085,274,1.661005,0.361642,0.25293,1,278.465441,scenario_003,short
10086,274,9.024485,0.509485,0.152813,1,299.943795,scenario_003,medium
10087,274,1.699616,0.391044,0.431099,0,279.275852,scenario_003,short
10088,274,2.659838,0.071163,0.717237,1,279.897799,scenario_003,short
10089,274,14.364473,0.164791,0.511751,1,305.357971,scenario_003,medium
10090,274,1.421662,0.195028,0.420109,0,281.767507,scenario_003,short
10091,274,1.918693,0.362829,0.638247,1,279.502033,scenario_003,short
10092,274,1.368452,0.270063,0.364136,0,281.342129,scenario_003,short
10093,274,0.808499,0.624302,0.57438,0,277.500275,scenario_003,short
10094,274,2.877789,0.200986,0.528838,1,279.31381,scenario_003,short
10095,275,14.957473,0.970936,0.324893,0,343.159853,scenario_003,medium
10096,275,1.43318,0.078224,0.82624,1,279.002792,scenario_003,short
10097,275,0.949479,0.06232,0.493437,0,278.962514,scenario_003,short
10098,275,20.491247,0.595234,0.719172,0,357.100615,scenario_003,medium
10099,275,2.15281,0.086734,0.188453,0,283.934189,scenario_003,short
10100,275,1.435952,0.528759,0.656286,0,279.633797,scenario_003,short
10101,275,1.592859,0.50291,0.419965,0,280.945744,scenario_003,short
10102,275,12.201568,0.664774,0.939378,0,316.214698,scenario_003,long
10103,275,10.742829,0.954215,0.206934,2,294.123957,scenario_003,medium
10104,275,14.16452,0.311171,0.757476,0,349.429338,scenario_003,long
10105,275,1.598057,0.43542,0.125453,0,281.838437,scenario_003,short
10106,275,31.512741,0.247658,0.454231,0,404.037375,scenario_003,medium
10107,275,11.582217,0.631554,0.776793,0,339.505257,scenario_003,medium
10108,275,12.927111,0.172761,0.844869,2,289.958605,scenario_003,medium
10109,275,1.502554,0.067208,0.392344,0,283.506128,scenario_003,short
10110,275,9.265057,0.426213,0.860639,0,322.603647,scenario_003,medium
10111,275,11.017797,0.405948,0.849346,0,319.154048,scenario_003,medium
10112,275,0.934476,0.5856,0.505574,1,276.822134,scenario_003,short
10113,275,15.940807,0.412681,0.56854,1,311.221502,scenario_003,medium
10114,275,1.167475,0.415986,0.572685,2,277.06311,scenario_003,short
10115,275,10.679888,0.614378,0.55202,0,323.579792,scenario_003,medium
10116,275,1.386061,0.211348,0.656644,1,277.28921,scenario_003,short
10117,275,18.535405,1.0,0.773404,2,310.284761,scenario_003,long
10118,275,1.067662,0.244018,0.410897,1,277.28269,scenario_003,short
10119,275,0.852646,0.051762,0.05,1,277.354056,scenario_003,short
10120,275,1.438558,0.18137,0.344286,1,279.014603,scenario_003,short
10121,275,15.570263,0.738745,1.0,0,329.973594,scenario_003,long
10122,275,2.06261,0.102747,0.321953,2,278.992717,scenario_003,short
10123,275,1.512051,0.131557,0.849209,0,280.808409,scenario_003,short
10124,275,1.449513,0.419817,0.895891,2,277.743731,scenario_003,short
10125,275,1.98852,0.410836,0.694148,1,280.302033,scenario_003,short
10126,275,1.254573,0.126235,0.756158,0,280.442175,scenario_003,short
10127,275,9.280194,0.279339,0.150111,1,302.206864,scenario_003,medium
10128,275,2.074398,0.346326,0.444624,1,278.651783,scenario_003,short
10129,275,11.421184,0.704807,0.585863,0,318.953197,scenario_003,long
10130,275,10.108633,0.245419,0.60994,2,288.119038,scenario_003,medium
10131,275,1.643768,0.418238,1.0,2,277.838781,scenario_003,short
10132,275,2.659522,0.2926,0.733532,0,286.319338,scenario_003,short
10133,275,11.673925,0.792312,0.519346,2,292.665543,scenario_003,medium
10134,275,1.603645,0.265314,0.437154,0,282.149592,scenario_003,short
10135,275,1.37906,0.234471,0.765922,1,278.517282,scenario_003,short
10136,275,1.862911,0.270636,0.604393,0,281.740409,scenario_003,short
10137,275,1.319546,0.4089,1.0,0,279.69302,scenario_003,short
10138,275,12.531799,0.657902,0.821235,0,328.562678,scenario_003,medium
10139,275,0.633934,0.302355,0.185889,2,276.0,scenario_003,short
10140,275,0.812391,0.592631,0.638298,0,278.373088,scenario_003,short
10141,275,1.277178,0.398287,0.768962,1,278.166092,scenario_003,short
10142,275,1.483144,0.404871,0.085428,1,278.285776,scenario_003,short
10143,275,1.782499,0.086812,0.524374,1,279.408534,scenario_003,short
10144,276,6.908809,0.297841,0.908411,1,293.572811,scenario_003,medium
10145,276,2.271051,0.409199,0.282269,1,280.264058,scenario_003,short
10146,276,2.042615,0.21196,0.874513,0,284.856805,scenario_003,short
10147,276,11.812825,0.449385,0.357187,1,298.915993,scenario_003,medium
10148,276,7.732129,0.64226,0.849274,0,314.625436,scenario_003,medium
10149,276,3.053702,0.70599,0.904213,1,283.795542,scenario_003,short
10150,276,2.953186,0.073493,0.260023,0,291.377473,scenario_003,short
10151,276,5.552981,0.968587,0.642115,2,285.889688,scenario_003,medium
10152,276,2.413739,0.177968,0.178114,2,279.005524,scenario_003,short
10153,276,0.780435,0.193207,0.187022,0,279.998969,scenario_003,short
10154,276,1.865693,0.229137,0.31107,0,283.164001,scenario_003,short
10155,276,1.519598,0.231179,0.553666,0,281.71744,scenario_003,short
10156,276,1.775867,0.222383,0.301423,0,281.655775,scenario_003,short
10157,276,6.717909,0.643132,0.193955,1,292.017097,scenario_003,medium
10158,276,2.833571,0.239998,0.793728,0,289.289146,scenario_003,short
10159,276,0.95666,0.185154,0.449787,0,279.104446,scenario_003,short
10160,276,15.267352,0.673441,1.0,1,303.607883,scenario_003,medium
10161,276,1.345316,0.285629,0.895114,0,282.796481,scenario_003,short
10162,276,1.159357,0.411666,0.834088,1,278.811494,scenario_003,short
10163,276,1.359528,0.7136,0.853052,2,278.003858,scenario_003,short
10164,276,2.506141,0.241634,0.655281,0,289.34634,scenario_003,short
10165,276,1.122876,0.342011,0.106134,2,277.298501,scenario_003,short
10166,276,2.253271,0.428707,0.909505,0,287.362725,scenario_003,short
10167,276,0.941115,0.381265,0.662424,0,278.932297,scenario_003,short
10168,276,12.600535,0.494902,0.793407,0,340.75095,scenario_003,medium
10169,276,24.780202,0.744311,0.925473,0,390.266768,scenario_003,long
10170,276,1.531391,0.43579,0.231061,0,284.281976,scenario_003,short
10171,276,1.005819,0.124409,0.474449,2,277.143766,scenario_003,short
10172,276,9.76179,0.871522,0.536517,2,291.009977,scenario_003,medium
10173,276,7.681814,0.187067,0.28683,1,289.166586,scenario_003,medium
10174,276,0.561498,0.563661,0.652647,1,277.550689,scenario_003,short
10175,276,1.588024,0.285486,0.184803,1,280.586512,scenario_003,short
10176,276,1.796847,0.443017,0.146864,2,279.154183,scenario_003,short
10177,276,33.192178,0.957657,0.476266,0,438.596056,scenario_003,long
10178,276,18.706959,0.906518,1.0,1,332.305135,scenario_003,long
10179,276,26.079719,0.660241,0.243272,0,364.873521,scenario_003,medium
10180,276,1.314662,0.784684,0.539634,0,281.766405,scenario_003,short
10181,276,10.260713,0.35679,0.723922,2,289.827164,scenario_003,medium
10182,276,11.264985,0.637802,0.209132,2,288.760528,scenario_003,medium
10183,276,1.148225,0.391046,0.727729,1,279.383063,scenario_003,short
10184,276,23.434807,0.692191,0.649118,0,357.064971,scenario_003,medium
10185,276,1.02672,0.299238,0.328067,0,280.601122,scenario_003,short
10186,276,1.159652,0.637326,0.813604,0,281.079529,scenario_003,short
10187,276,3.891616,0.351193,0.209331,0,297.217449,scenario_003,short
10188,277,1.326662,0.119367,0.538652,1,279.56595,scenario_003,short
10189,277,27.872521,0.273812,0.295362,2,319.771859,scenario_003,long
10190,277,68.00691,0.910328,0.784034,0,626.017842,scenario_003,long
10191,277,17.737826,0.984787,1.0,0,371.734905,scenario_003,medium
10192,277,20.914876,0.33766,0.925066,0,386.180334,scenario_003,medium
10193,277,14.632597,0.853838,0.82871,2,300.229549,scenario_003,long
10194,277,2.23787,0.493831,0.676694,1,281.946396,scenario_003,short
10195,277,15.223914,0.564084,0.472797,2,297.136504,scenario_003,medium
10196,277,1.380065,0.243251,0.837178,0,282.588134,scenario_003,short
10197,277,12.561321,0.593964,0.950109,2,296.240049,scenario_003,medium
10198,277,9.674642,0.606294,0.138186,0,330.658078,scenario_003,medium
10199,277,10.90349,0.702671,1.0,0,312.438369,scenario_003,medium
10200,277,1.826934,0.345403,0.709457,0,286.755789,scenario_003,short
10201,277,8.578634,0.252464,0.776076,0,324.741378,scenario_003,medium
10202,277,1.831711,0.274302,0.76155,0,282.735741,scenario_003,short
10203,277,2.20583,0.419524,0.616231,0,287.691764,scenario_003,short
10204,277,2.005475,0.327932,0.626838,2,280.155165,scenario_003,short
10205,277,11.460046,0.577165,0.535382,0,319.560616,scenario_003,medium
10206,277,2.378857,0.17289,0.760828,1,282.661906,scenario_003,short
10207,277,1.337006,0.182441,0.39697,2,278.694841,scenario_003,short
10208,277,2.470595,0.224848,0.717281,1,283.453885,scenario_003,short
10209,277,0.548218,0.082023,0.380296,0,279.027924,scenario_003,short
10210,277,0.883175,0.294615,0.726883,0,280.520534,scenario_003,short
10211,277,11.514402,0.504833,0.860648,0,322.966356,scenario_003,medium
10212,277,2.535426,0.302221,0.370039,0,287.962011,scenario_003,short
10213,277,1.023894,0.353754,1.0,0,281.183488,scenario_003,short
10214,277,1.106711,0.312238,0.597836,0,282.239783,scenario_003,short
10215,277,1.370465,0.274847,0.118286,2,279.163868,scenario_003,short
10216,277,11.016035,0.568736,0.82635,1,308.140311,scenario_003,medium
10217,277,1.05245,0.33015,0.734206,0,282.700631,scenario_003,short
10218,277,7.348413,0.34827,1.0,0,313.005813,scenario_003,medium
10219,277,0.611038,0.117621,0.413105,0,280.420362,scenario_003,short
10220,277,4.25702,0.541983,0.396125,1,285.207656,scenario_003,medium
10221,277,1.700217,0.168661,0.500403,1,281.476367,scenario_003,short
10222,278,12.669131,0.479781,0.936406,0,322.730879,scenario_003,medium
10223,278,9.028434,0.204865,0.935379,0,307.804179,scenario_003,medium
10224,278,13.676817,0.424457,0.278864,2,301.541264,scenario_003,medium
10225,278,10.624233,0.186037,0.160792,0,328.422051,scenario_003,medium
10226,278,19.313725,0.682053,0.300652,2,303.815772,scenario_003,medium
10227,278,1.138882,0.187166,0.05,1,281.115099,scenario_003,short
10228,278,8.492908,1.0,0.941843,1,299.056389,scenario_003,medium
10229,278,4.679835,0.456048,0.125479,1,289.90583,scenario_003,medium
10230,278,6.579029,0.561782,0.544749,0,309.597917,scenario_003,medium
10231,278,60.213467,0.989693,0.548156,0,564.485578,scenario_003,long
10232,278,1.310915,0.294144,0.344803,1,281.378861,scenario_003,short
10233,278,7.018071,0.670957,1.0,1,292.680219,scenario_003,medium
10234,278,2.637371,0.090743,0.162986,1,282.889041,scenario_003,short
10235,278,47.554441,0.37921,0.219781,0,527.738666,scenario_003,long
10236,278,1.457188,0.230169,0.637295,0,284.728463,scenario_003,short
10237,278,8.423379,0.823467,0.468231,1,297.997218,scenario_003,medium
10238,278,9.015645,0.365429,0.540529,0,322.620225,scenario_003,medium
10239,278,0.883858,0.354711,0.690307,0,280.934705,scenario_003,short
10240,278,9.057747,0.640435,0.472045,1,298.192131,scenario_003,medium
10241,278,7.82535,0.876389,0.684301,1,300.645536,scenario_003,medium
10242,278,9.018885,0.213094,0.995975,1,299.304532,scenario_003,medium
10243,278,1.129439,0.279667,0.812147,2,279.52609,scenario_003,short
10244,278,1.945215,0.131416,0.453526,1,283.270379,scenario_003,short
10245,278,33.565006,0.818414,0.314966,0,398.427198,scenario_003,long
10246,278,6.808724,0.195126,0.879002,1,295.898006,scenario_003,medium
10247,278,19.970342,0.379445,0.320524,0,349.721094,scenario_003,long
10248,278,1.538704,0.656872,0.490692,0,283.586437,scenario_003,short
10249,278,0.828009,0.252992,0.963496,1,279.769809,scenario_003,short
10250,278,16.358403,0.259275,0.757209,1,308.883017,scenario_003,medium
10251,278,10.433324,0.601088,0.059458,0,331.775698,scenario_003,medium
10252,278,15.013754,1.0,0.608475,2,307.213717,scenario_003,medium
10253,278,1.261271,0.116741,0.17533,0,283.559915,scenario_003,short
10254,278,11.343787,0.503342,0.826562,0,334.922971,scenario_003,long
10255,278,12.026452,0.412635,0.917954,1,303.55493,scenario_003,medium
10256,278,1.857305,0.464035,0.813236,1,282.758557,scenario_003,short
10257,278,0.713761,0.31112,0.307512,0,280.960034,scenario_003,short
10258,278,1.900916,0.152585,0.384725,2,281.374706,scenario_003,short
10259,278,1.055229,0.064153,1.0,0,281.627118,scenario_003,short
10260,278,45.381036,0.981121,0.293115,0,466.136077,scenario_003,long
10261,278,2.861154,0.063937,0.596571,0,290.997518,scenario_003,short
10262,279,9.680915,0.670117,0.250795,2,294.484034,scenario_003,medium
10263,279,1.40135,0.369019,0.365256,1,282.185766,scenario_003,short
10264,279,6.957887,0.760212,0.521566,1,299.186473,scenario_003,medium
10265,279,0.68908,0.312766,0.855374,2,280.203785,scenario_003,short
10266,279,18.628779,0.379674,0.861049,0,346.143623,scenario_003,medium
10267,279,0.939513,0.213233,0.750917,0,282.557105,scenario_003,short
10268,279,1.203824,0.428057,0.662681,0,284.35367,scenario_003,short
10269,279,1.810361,0.081556,0.406873,0,286.042349,scenario_003,short
10270,279,15.858226,0.469603,0.983095,0,337.413775,scenario_003,medium
10271,279,21.667608,0.226945,0.065033,1,334.626688,scenario_003,medium
10272,279,2.918912,0.237428,0.167693,0,291.203998,scenario_003,short
10273,279,1.40188,0.385372,0.219657,1,282.583001,scenario_003,short
10274,279,1.217915,0.389078,0.788632,1,281.9687,scenario_003,short
10275,279,14.302992,0.686559,1.0,2,298.460567,scenario_003,medium
10276,279,7.824388,0.876907,0.719977,0,309.098028,scenario_003,medium
10277,279,1.786765,0.296853,0.815064,2,281.980613,scenario_003,short
10278,279,15.718646,0.671955,0.510786,1,320.19491,scenario_003,medium
10279,279,1.92918,0.069927,0.290076,0,289.451899,scenario_003,short
10280,279,1.179184,0.246226,0.671345,0,283.242394,scenario_003,short
10281,279,20.475501,0.575659,0.569316,0,370.994099,scenario_003,medium
10282,279,19.761442,0.595995,0.760464,0,362.436901,scenario_003,long
10283,279,14.65268,0.889355,0.799044,0,336.904631,scenario_003,medium
10284,279,0.940085,0.26782,0.360833,1,281.418357,scenario_003,short
10285,279,1.399119,0.368819,0.84539,0,285.962473,scenario_003,short
10286,279,10.567952,0.284823,0.217519,0,330.182244,scenario_003,medium
10287,279,9.203183,0.648227,0.547289,1,299.561402,scenario_003,medium
10288,279,0.898058,0.18806,0.683196,1,281.644457,scenario_003,short
10289,279,1.987012,0.16522,0.291258,2,281.228302,scenario_003,short
10290,279,12.390553,0.811944,0.497288,0,339.391281,scenario_003,medium
10291,279,11.542148,0.426553,0.952968,2,295.993328,scenario_003,medium
10292,279,1.705979,0.211022,0.668432,0,286.749162,scenario_003,short
10293,279,1.548889,0.069054,1.0,1,281.988654,scenario_003,short
10294,279,0.704015,0.313509,0.700961,1,280.899044,scenario_003,short
10295,279,0.874072,0.412913,0.53122,1,280.593459,scenario_003,short
10296,279,15.099734,0.66264,0.93588,0,350.769594,scenario_003,medium
10297,279,1.524312,0.189507,0.602932,1,283.328136,scenario_003,short
10298,279,0.873879,0.080561,0.514086,0,282.915297,scenario_003,short
10299,279,1.142435,0.094373,0.368724,2,281.010077,scenario_003,short
10300,279,6.717508,0.151663,0.180903,2,290.278756,scenario_003,medium
10301,279,25.424355,0.12882,0.300801,0,403.45959,scenario_003,medium
10302,279,13.914639,1.0,1.0,0,327.254808,scenario_003,medium
10303,279,2.409445,0.436148,0.665399,2,283.45638,scenario_003,short
10304,280,1.855481,0.398215,0.415483,0,289.829598,scenario_003,short
10305,280,1.38895,0.490284,0.770948,0,284.498574,scenario_003,short
10306,280,2.0371,0.393204,0.63097,1,285.56862,scenario_003,short
10307,280,1.558479,0.372032,0.800256,0,288.2227,scenario_003,short
10308,280,24.321189,0.324756,0.273731,2,325.806347,scenario_003,long
10309,280,1.247194,0.475894,0.141754,1,282.610573,scenario_003,short
10310,280,8.419534,0.142889,0.54663,2,296.468314,scenario_003,medium
10311,280,16.616215,0.759783,1.0,2,309.635592,scenario_003,long
10312,280,19.157687,0.682687,0.486605,0,351.080316,scenario_003,long
10313,280,8.567479,0.344967,1.0,2,296.941931,scenario_003,medium
10314,280,1.677106,0.331564,1.0,1,283.215525,scenario_003,short
10315,280,0.537901,0.390934,0.861881,2,281.0,scenario_003,short
10316,280,0.788105,0.312187,0.605148,1,281.837457,scenario_003,short
10317,280,1.354284,0.099836,0.518262,1,282.48943,scenario_003,short
10318,280,2.169423,0.518985,0.409352,0,289.302126,scenario_003,short
10319,280,1.242077,0.195374,0.333948,1,282.106196,scenario_003,short
10320,280,0.794346,0.439367,0.313024,1,282.288659,scenario_003,short
10321,280,1.380886,0.173697,0.806847,1,283.649961,scenario_003,short
10322,280,12.154113,0.349946,0.996654,0,325.195022,scenario_003,medium
10323,280,7.416439,0.905632,0.341043,0,304.686279,scenario_003,medium
10324,280,6.957467,0.653955,0.418671,2,288.136343,scenario_003,medium
10325,280,13.203299,0.189076,0.66171,1,310.811931,scenario_003,medium
10326,280,11.38952,0.413795,0.373834,2,301.15459,scenario_003,medium
10327,280,1.582635,0.717939,0.155519,0,286.014028,scenario_003,short
10328,280,1.263521,0.649648,0.667154,1,283.738194,scenario_003,short
10329,280,0.573508,0.101577,0.516875,1,281.319195,scenario_003,short
10330,280,0.832875,0.075075,0.739088,0,284.010931,scenario_003,short
10331,280,6.08271,0.6145,0.935039,0,313.140431,scenario_003,medium
10332,280,8.242148,0.427122,0.381623,2,292.594805,scenario_003,medium
10333,280,1.382099,0.22009,0.308238,1,283.684188,scenario_003,short
10334,280,1.324873,0.164294,0.652204,0,285.590744,scenario_003,short
10335,280,2.703532,0.323757,0.634293,1,288.033405,scenario_003,short
10336,281,0.859942,0.054246,0.438998,2,282.047139,scenario_003,short
10337,281,9.329803,0.676454,1.0,0,310.757562,scenario_003,medium
10338,281,1.1025,0.081349,0.814543,1,283.912311,scenario_003,short
10339,281,3.079366,0.44907,0.404409,2,284.406357,scenario_003,short
10340,281,1.961545,0.439298,0.27187,0,289.516943,scenario_003,short
10341,281,1.319771,0.390128,0.289583,1,284.728693,scenario_003,short
10342,281,29.643885,0.19347,0.289509,1,336.575874,scenario_003,medium
10343,281,1.907913,0.119819,0.354848,0,286.927455,scenario_003,short
10344,281,2.58216,0.442251,0.135903,0,294.041007,scenario_003,short
10345,281,0.982301,0.135315,0.05,0,285.127661,scenario_003,short
10346,281,11.008773,0.20475,0.137075,0,320.271837,scenario_003,medium
10347,281,9.286685,0.414,0.124147,1,303.813927,scenario_003,medium
10348,281,1.466005,0.078252,0.05,0,289.058783,scenario_003,short
10349,281,1.935667,0.392847,0.224965,1,286.659111,scenario_003,short
10350,281,1.841006,0.475261,0.813643,1,284.456128,scenario_003,short
10351,281,17.638909,0.645751,0.678855,0,377.341175,scenario_003,medium
10352,281,1.25988,0.567406,0.720835,0,286.220064,scenario_003,short
10353,281,1.901469,0.449792,0.534417,0,288.941882,scenario_003,short
10354,281,1.804819,0.360396,0.649906,0,291.033073,scenario_003,short
10355,281,1.936605,0.263505,0.799842,0,290.438671,scenario_003,short
10356,281,17.983656,0.64139,0.713233,0,363.889353,scenario_003,long
10357,281,10.900789,0.626769,0.821649,1,310.087958,scenario_003,medium
10358,281,2.370463,0.112263,0.325645,0,289.320174,scenario_003,short
10359,281,1.371799,0.256405,0.335618,0,285.686705,scenario_003,short
10360,281,1.785964,0.2205,0.108836,0,289.292303,scenario_003,short
10361,281,0.826853,0.173638,0.270869,0,284.119114,scenario_003,short
10362,281,1.521456,0.1626,0.383627,1,284.994864,scenario_003,short
10363,281,11.657116,0.977423,0.825642,1,315.259613,scenario_003,medium
10364,281,1.145044,0.691151,0.122124,1,283.736805,scenario_003,short
10365,281,1.628065,0.554177,0.574645,2,283.876193,scenario_003,short
10366,281,11.741879,0.818952,0.313119,0,330.119009,scenario_003,medium
10367,281,6.084593,0.415276,0.652435,0,308.232545,scenario_003,medium
10368,281,2.594179,0.513946,0.114407,0,289.614176,scenario_003,short
10369,281,17.878707,0.223648,0.637065,0,376.708583,scenario_003,medium
10370,281,0.497414,0.212111,0.27857,0,283.677409,scenario_003,short
10371,281,18.744837,0.650704,0.793134,0,359.252209,scenario_003,long
10372,281,5.385853,0.505339,0.386509,1,293.055162,scenario_003,medium
10373,281,1.941243,0.388956,0.377213,0,286.996188,scenario_003,short
10374,281,0.548815,0.188164,0.797274,0,283.654725,scenario_003,short
10375,281,0.878933,0.215708,0.845136,0,284.632433,scenario_003,short
10376,281,2.072628,0.397608,0.447718,1,284.752403,scenario_003,short
10377,282,1.50495,0.770802,0.951286,0,290.360155,scenario_003,short
10378,282,1.053093,0.422265,0.569644,0,285.735363,scenario_003,short
10379,282,1.10013,0.714425,0.224033,0,286.801413,scenario_003,short
10380,282,1.800088,0.182809,0.067534,1,286.85782,scenario_003,short
10381,282,1.11543,0.143414,0.88071,0,287.159336,scenario_003,short
10382,282,2.09413,0.241356,1.0,0,290.033079,scenario_003,short
10383,282,1.530441,0.263217,0.155339,0,289.156235,scenario_003,short
10384,282,10.586806,0.293195,0.686248,0,318.76001,scenario_003,medium
10385,282,1.560727,0.439056,0.071513,0,290.250026,scenario_003,short
10386,282,7.416898,0.218541,0.455075,0,311.819719,scenario_003,medium
10387,282,1.804966,0.07947,0.354442,0,291.431566,scenario_003,short
10388,282,2.726639,0.395499,0.570632,1,288.830532,scenario_003,short
10389,282,21.468505,0.340648,0.246663,2,312.110238,scenario_003,medium
10390,282,1.2754,0.748295,0.756376,1,284.542955,scenario_003,short
10391,282,1.123574,0.413325,0.263369,0,287.459718,scenario_003,short
10392,282,2.213989,0.108646,0.507897,0,294.251535,scenario_003,short
10393,282,1.356356,0.188507,0.804647,0,286.991248,scenario_003,short
10394,282,1.335941,0.255953,1.0,0,286.281452,scenario_003,short
10395,282,1.736029,0.415476,0.116847,1,286.281088,scenario_003,short
10396,282,0.842731,0.493261,1.0,1,284.036855,scenario_003,short
10397,282,1.832808,0.254888,0.223078,0,290.962766,scenario_003,short
10398,282,2.429555,0.082711,0.364692,2,285.325529,scenario_003,short
10399,282,2.261929,0.57175,0.723371,1,287.589798,scenario_003,short
10400,282,2.313214,0.355816,0.510697,0,292.050652,scenario_003,short
10401,282,1.159889,0.129773,0.147085,0,285.815494,scenario_003,short
10402,282,0.70618,0.092852,0.334777,0,284.810363,scenario_003,short
10403,282,2.268053,0.062749,0.05,1,288.590493,scenario_003,short
10404,282,11.252677,0.190761,0.224895,0,344.601149,scenario_003,medium
10405,282,0.961203,0.315082,0.77262,1,284.733808,scenario_003,short
10406,282,2.6151,0.382273,0.795694,1,289.371452,scenario_003,short
10407,282,1.142493,0.246051,0.312967,1,284.406275,scenario_003,short
10408,282,2.169162,0.214108,0.555576,1,286.543139,scenario_003,short
10409,282,1.870296,0.323237,0.512932,1,286.439044,scenario_003,short
10410,283,1.204513,0.173634,1.0,1,286.163209,scenario_003,short
10411,283,1.209787,0.164499,0.72126,1,286.394708,scenario_003,short
10412,283,8.014627,0.641233,0.214245,1,298.201418,scenario_003,medium
10413,283,1.532322,0.363787,0.750786,1,285.832305,scenario_003,short
10414,283,1.944828,0.150292,0.380158,0,291.113815,scenario_003,short
10415,283,1.074927,0.176867,0.780947,0,286.323924,scenario_003,short
10416,283,10.849328,0.504272,0.522211,0,334.248717,scenario_003,medium
10417,283,12.932434,0.255744,0.893776,0,347.949328,scenario_003,medium
10418,283,7.335353,0.244621,0.550108,0,314.61193,scenario_003,medium
10419,283,11.457422,0.336977,0.415733,0,335.320834,scenario_003,long
10420,283,14.08307,0.31561,0.595824,0,333.062626,scenario_003,medium
10421,283,0.955874,0.138248,0.561471,1,285.09108,scenario_003,short
10422,283,1.607893,0.430763,0.777078,0,291.11114,scenario_003,short
10423,283,1.562442,0.489198,0.142777,0,288.767473,scenario_003,short
10424,283,7.38614,0.98023,0.60188,0,320.290564,scenario_003,medium
10425,283,1.147577,0.342181,0.669538,0,287.145406,scenario_003,short
10426,283,9.107345,0.547425,0.58018,0,314.420735,scenario_003,medium
10427,283,12.15901,0.65234,1.0,0,322.70608,scenario_003,medium
10428,283,1.393392,0.374558,0.32643,0,290.235289,scenario_003,short
10429,283,4.101196,0.227881,0.69951,1,292.089883,scenario_003,medium
10430,283,10.501936,0.281926,1.0,2,294.730076,scenario_003,medium
10431,283,11.168218,0.898762,0.355024,2,300.930439,scenario_003,medium
10432,283,8.171846,0.131953,0.692588,0,323.344316,scenario_003,medium
10433,283,1.797427,0.397268,0.630952,1,287.107522,scenario_003,short
10434,283,1.698284,0.059201,0.161848,0,288.430873,scenario_003,short
10435,283,2.024469,0.355741,0.703512,1,287.958682,scenario_003,short
10436,283,13.529532,0.152164,0.403461,1,305.546435,scenario_003,medium
10437,283,1.171781,0.210867,0.642887,1,285.722698,scenario_003,short
10438,283,0.919632,0.188597,0.675648,2,284.697226,scenario_003,short
10439,283,9.281042,0.347931,0.221183,1,302.879325,scenario_003,medium
10440,283,1.084495,0.072874,0.295761,0,286.514374,scenario_003,short
10441,283,11.601924,0.90752,0.908182,1,305.600142,scenario_003,medium
10442,283,1.07548,0.540027,0.916458,0,288.499572,scenario_003,short
10443,283,1.651939,0.384303,0.222743,1,286.066637,scenario_003,short
10444,283,0.939407,0.272037,0.686411,1,284.83731,scenario_003,short
10445,283,1.821589,0.054039,0.380694,1,286.892763,scenario_003,short
10446,283,1.777511,0.071108,0.712755,0,290.01541,scenario_003,short
10447,283,12.336634,0.655193,0.924728,0,331.691298,scenario_003,medium
10448,283,1.10997,0.350412,0.696429,0,286.501882,scenario_003,short
10449,283,5.727058,0.277788,0.694001,1,294.703436,scenario_003,long
10450,283,1.015369,0.086529,0.352698,1,285.385751,scenario_003,short
10451,283,2.166745,0.625775,0.28542,1,287.469047,scenario_003,short
10452,283,1.666679,0.36687,0.769149,0,289.460657,scenario_003,short
10453,283,5.360781,0.83348,0.651566,0,305.476356,scenario_003,medium
10454,284,5.868914,0.826139,0.449316,2,295.742064,scenario_003,medium
10455,284,2.202402,0.162919,0.234749,0,292.324438,scenario_003,short
10456,284,1.25817,0.399358,1.0,0,288.179097,scenario_003,short
10457,284,10.359777,0.648601,0.896235,0,319.158921,scenario_003,medium
10458,284,5.459025,0.730441,0.39448,1,298.59351,scenario_003,medium
10459,284,5.25857,0.580593,0.64393,0,311.474947,scenario_003,medium
10460,284,1.456036,0.050055,0.832308,1,287.778263,scenario_003,short
10461,284,1.064678,0.282157,0.638106,1,286.438461,scenario_003,short
10462,284,23.141769,0.944369,0.976283,1,352.031134,scenario_003,long
10463,284,24.553224,0.62583,0.328437,1,337.102516,scenario_003,long
10464,284,1.863245,0.266004,0.309929,2,287.154017,scenario_003,short
10465,284,2.137602,0.256358,0.74133,1,288.528309,scenario_003,short
10466,284,31.357141,0.786006,1.0,0,410.304037,scenario_003,long
10467,284,2.440803,0.396262,0.673406,0,295.870555,scenario_003,short
10468,284,1.371059,0.415272,0.754792,0,291.761443,scenario_003,short
10469,284,2.36339,0.395557,0.32488,2,287.622052,scenario_003,short
10470,284,7.871405,0.547757,0.595019,0,317.376456,scenario_003,medium
10471,284,0.913897,0.064672,0.734107,2,285.432259,scenario_003,short
10472,284,1.339449,0.218126,0.816414,1,287.662621,scenario_003,short
10473,284,1.356364,0.430876,0.446697,1,288.075616,scenario_003,short
10474,284,3.859376,0.21672,0.11383,1,290.502755,scenario_003,short
10475,284,1.474215,0.586541,0.661451,1,287.639232,scenario_003,short
10476,284,13.436622,0.693907,1.0,1,319.373063,scenario_003,long
10477,284,4.859639,0.186284,0.420165,1,298.379731,scenario_003,medium
10478,284,12.792213,0.449644,0.791563,0,337.857855,scenario_003,long
10479,284,1.407409,0.306345,1.0,0,289.592505,scenario_003,short
10480,284,1.613241,0.556035,0.782241,0,290.238919,scenario_003,short
10481,284,2.090528,0.285147,0.881674,1,289.125269,scenario_003,short
10482,284,1.025532,0.139545,0.821961,0,288.772269,scenario_003,short
10483,284,51.683098,0.599292,0.54499,1,400.236984,scenario_003,long
10484,284,7.808925,0.357581,0.38491,0,317.061086,scenario_003,medium
10485,284,47.677087,0.689867,1.0,2,340.764894,scenario_003,long
10486,284,2.10917,0.550604,0.99736,1,289.442297,scenario_003,short
10487,284,2.203283,0.388911,0.773189,1,290.259501,scenario_003,short
10488,284,0.851913,0.367738,0.839583,1,286.108474,scenario_003,short
10489,284,0.919662,0.076329,0.102307,0,287.183929,scenario_003,short
10490,284,0.996012,0.193094,0.346268,1,285.700853,scenario_003,short
10491,284,6.172864,0.282541,0.817173,2,295.761724,scenario_003,medium
10492,284,0.938613,0.700787,0.355566,0,288.86059,scenario_003,short
10493,284,45.866901,0.463148,0.918409,1,362.429649,scenario_003,long
10494,284,1.840573,0.287368,0.40242,1,289.268451,scenario_003,short
10495,285,1.769885,0.448039,0.133335,0,292.927555,scenario_003,short
10496,285,1.982013,0.324219,0.486264,1,290.252875,scenario_003,short
10497,285,0.890141,0.283367,0.748152,2,286.749225,scenario_003,short
10498,285,0.853572,0.251084,0.132517,0,289.820841,scenario_003,short
10499,285,1.514128,0.632118,0.320114,2,287.178255,scenario_003,short
10500,285,1.758042,0.083353,0.642492,2,287.607387,scenario_003,short
10501,285,6.549326,0.678828,0.318617,1,298.365666,scenario_003,medium
10502,285,2.489908,0.119014,0.869349,0,294.221072,scenario_003,short
10503,285,2.260658,0.539369,0.772461,1,289.625108,scenario_003,short
10504,285,15.9151,0.264671,0.471931,0,373.072296,scenario_003,medium
10505,285,17.231011,0.674957,0.629401,0,361.529143,scenario_003,medium
10506,285,1.768724,0.329102,0.568445,0,293.872383,scenario_003,short
10507,285,7.591369,0.569455,0.467731,1,301.804945,scenario_003,medium
10508,285,9.445841,0.157011,0.319991,0,320.610608,scenario_003,medium
10509,285,7.146488,0.569544,0.808056,0,320.875128,scenario_003,medium
10510,285,0.765524,0.523262,0.869336,2,286.372707,scenario_003,short
10511,285,7.948244,0.166633,0.273208,2,299.610283,scenario_003,medium
10512,285,1.307598,0.191263,0.616039,0,292.191475,scenario_003,short
10513,285,1.527218,0.677384,0.927002,0,291.663415,scenario_003,short
10514,285,28.982243,1.0,0.717572,2,322.544643,scenario_003,long
10515,285,1.251231,0.150055,0.381837,0,290.641277,scenario_003,short
10516,285,1.326994,0.380981,0.299622,0,291.257347,scenario_003,short
10517,285,12.273945,0.675519,0.600429,0,353.469051,scenario_003,medium
10518,285,14.053012,0.516505,0.512783,1,311.331595,scenario_003,medium
10519,285,0.905646,0.192494,0.280124,2,286.376106,scenario_003,short
10520,285,1.104576,0.406525,0.367798,0,291.156733,scenario_003,short
10521,285,21.741051,0.460656,0.379483,0,361.181887,scenario_003,long
10522,285,1.4467,0.183403,0.355848,2,287.39649,scenario_003,short
10523,285,14.234011,1.0,0.648628,2,302.933503,scenario_003,long
10524,285,6.432365,0.327401,0.123279,1,300.003208,scenario_003,medium
10525,285,1.105627,0.71554,0.640331,1,288.052182,scenario_003,short
10526,285,0.867226,0.341199,0.475252,0,288.058599,scenario_003,short
10527,285,7.096392,0.466839,0.806815,0,324.675398,scenario_003,medium
10528,285,1.131693,0.221256,0.602846,1,287.113552,scenario_003,short
10529,285,46.254411,0.619495,0.542747,0,492.956379,scenario_003,long
10530,285,26.21265,0.508859,0.453748,0,394.067509,scenario_003,medium
10531,285,5.763659,0.473096,1.0,0,303.553395,scenario_003,long
10532,285,1.750055,0.24619,0.175044,0,292.947252,scenario_003,short
10533,285,12.392866,0.600016,0.604882,2,302.270834,scenario_003,medium
10534,285,1.54721,0.168525,0.3298,1,288.687285,scenario_003,short
10535,285,10.196231,1.0,0.781394,2,299.694821,scenario_003,medium
10536,285,12.268714,0.974318,1.0,0,347.852494,scenario_003,medium
10537,285,1.259294,0.394775,0.699837,1,288.21749,scenario_003,short
10538,285,1.16889,0.281851,0.641872,1,288.090656,scenario_003,short
10539,285,1.307111,0.120314,0.272471,0,291.33158,scenario_003,short
10540,285,2.550444,0.631079,0.828083,1,289.864762,scenario_003,short
10541,285,1.508806,0.290444,0.666994,2,287.091786,scenario_003,short
10542,286,12.470588,0.171444,0.369991,0,351.1385,scenario_003,medium
10543,286,1.255219,0.066298,0.281081,2,288.201022,scenario_003,short
10544,286,14.632966,0.297991,0.264345,1,329.859537,scenario_003,medium
10545,286,1.422668,0.357248,0.393265,0,291.140561,scenario_003,short
10546,286,1.691861,0.18828,0.698787,1,290.592584,scenario_003,short
10547,286,20.066666,0.959155,0.984599,2,321.160396,scenario_003,long
10548,286,1.750504,0.305773,0.293401,2,289.091744,scenario_003,short
10549,286,2.231855,0.529877,0.545356,1,292.125057,scenario_003,short
10550,286,1.725249,0.354434,0.157518,2,289.149055,scenario_003,short
10551,286,1.020902,0.718986,0.439096,0,291.322908,scenario_003,short
10552,286,7.157214,0.421729,1.0,0,326.021183,scenario_003,medium
10553,286,21.761861,0.162954,0.348669,1,338.970841,scenario_003,medium
10554,286,13.836445,0.359048,0.175657,2,305.569001,scenario_003,medium
10555,286,2.291873,0.215099,0.921999,0,298.665564,scenario_003,short
10556,286,15.927297,0.199868,0.304533,0,354.279854,scenario_003,medium
10557,286,1.35867,0.303157,0.158534,1,288.842309,scenario_003,short
10558,286,1.490692,0.384298,0.251266,0,293.56766,scenario_003,short
10559,286,6.290284,0.532989,0.41138,0,307.382746,scenario_003,medium
10560,286,14.192544,0.144381,0.809331,2,304.690087,scenario_003,medium
10561,286,2.097028,0.385945,0.375283,0,296.796392,scenario_003,short
10562,286,2.688005,0.418935,0.68988,2,288.967318,scenario_003,short
10563,286,12.24845,0.388639,0.096836,0,335.070582,scenario_003,long
10564,286,16.387803,0.156381,0.264711,1,319.363405,scenario_003,medium
10565,286,0.706827,0.158155,0.093323,0,289.717145,scenario_003,short
10566,286,25.776451,0.671491,0.195128,0,401.874351,scenario_003,long
10567,286,22.250447,0.15285,1.0,1,339.516778,scenario_003,medium
10568,286,1.293647,0.186675,0.75745,0,291.989676,scenario_003,short
10569,286,28.144694,1.0,0.824648,0,399.026666,scenario_003,long
10570,286,1.641536,0.42247,0.421474,2,287.959895,scenario_003,short
10571,287,14.814847,0.435722,0.527197,1,318.535553,scenario_003,medium
10572,287,8.803785,0.580015,0.763312,0,315.04967,scenario_003,medium
10573,287,8.661728,0.628267,0.201267,0,313.925079,scenario_003,medium
10574,287,19.582494,0.501526,0.6983,0,394.352194,scenario_003,medium
10575,287,0.697622,0.415887,0.233265,1,288.624479,scenario_003,short
10576,287,7.850925,0.923014,1.0,0,327.801182,scenario_003,medium
10577,287,9.429188,0.234695,0.235474,1,305.855905,scenario_003,medium
10578,287,0.940459,0.095182,0.313065,0,291.683605,scenario_003,short
10579,287,0.94513,0.289766,0.323141,0,290.549234,scenario_003,short
10580,287,11.60573,0.793493,0.637404,0,340.647939,scenario_003,medium
10581,287,7.936488,0.406044,0.332141,1,304.411495,scenario_003,medium
10582,287,24.444074,0.600618,0.432093,0,374.730684,scenario_003,long
10583,287,12.292084,0.210711,0.798652,1,318.802207,scenario_003,medium
10584,287,12.038953,0.161216,0.05,0,344.766086,scenario_003,medium
10585,287,10.539096,0.338358,0.106988,2,300.135651,scenario_003,medium
10586,287,1.898723,0.073168,0.393092,2,290.757788,scenario_003,short
10587,287,8.648979,0.547855,0.72666,1,305.321545,scenario_003,medium
10588,287,1.7557,0.475331,1.0,0,295.930247,scenario_003,short
10589,287,9.849776,0.296356,0.544948,0,319.8277,scenario_003,medium
10590,287,8.192257,0.820884,0.667212,1,302.397339,scenario_003,medium
10591,287,1.43922,0.445069,0.327643,1,289.439339,scenario_003,short
10592,287,1.461311,0.375126,0.660743,0,291.775941,scenario_003,short
10593,287,1.30333,0.069783,0.415012,0,291.697103,scenario_003,short
10594,287,1.903757,0.433108,0.874999,1,291.990264,scenario_003,short
10595,287,1.897857,0.782643,0.796492,0,293.233029,scenario_003,short
10596,287,1.418048,0.283844,0.80103,0,294.391217,scenario_003,short
10597,287,22.339836,0.381151,0.594307,0,391.022181,scenario_003,long
10598,287,2.259157,0.282715,0.880655,0,299.115593,scenario_003,short
10599,287,10.585784,0.623413,0.886317,0,344.58038,scenario_003,medium
10600,287,1.698455,0.319771,0.449253,0,295.176315,scenario_003,short
10601,287,9.427799,0.883447,0.597055,1,310.370383,scenario_003,medium
10602,287,34.108032,0.39708,0.884256,1,369.243991,scenario_003,long
10603,287,1.101972,0.412328,0.068825,0,290.790125,scenario_003,short
10604,287,1.956287,0.438147,0.891076,0,293.785714,scenario_003,short
10605,287,1.12293,0.159479,0.608398,1,290.374412,scenario_003,short
10606,287,8.88133,0.218128,0.422637,0,322.943745,scenario_003,medium
10607,287,0.837889,0.331744,0.666159,1,288.707851,scenario_003,short
10608,287,1.801715,0.333085,0.963525,0,294.788804,scenario_003,short
10609,287,9.882525,0.613839,0.715825,2,300.95909,scenario_003,medium
10610,287,0.814481,0.180706,0.903889,1,288.517594,scenario_003,short
10611,287,1.747196,0.258619,0.642852,0,296.04809,scenario_003,short
10612,287,1.436519,0.787395,1.0,0,292.764877,scenario_003,short
10613,287,0.689191,0.216028,0.392459,1,288.873407,scenario_003,short
10614,288,0.795943,0.158916,0.570807,2,289.117666,scenario_003,short
10615,288,1.708423,0.096398,0.629146,2,290.555579,scenario_003,short
10616,288,0.995762,0.581272,1.0,0,293.189242,scenario_003,short
10617,288,9.460922,0.588161,0.865826,2,305.1993,scenario_003,medium
10618,288,1.996394,0.440169,1.0,0,296.868464,scenario_003,short
10619,288,15.152822,0.955039,0.977458,0,348.271871,scenario_003,long
10620,288,2.685955,0.553794,0.670325,0,301.979629,scenario_003,short
10621,288,1.283897,0.265898,0.490745,2,290.290079,scenario_003,short
10622,288,1.78482,0.246036,0.911408,0,296.591867,scenario_003,short
10623,288,0.777658,0.066075,0.593444,0,291.246195,scenario_003,short
10624,288,20.990445,0.471372,0.227614,1,333.06574,scenario_003,long
10625,288,13.918629,0.258709,0.236634,1,313.024323,scenario_003,medium
10626,288,1.708233,0.282756,0.635007,0,296.607582,scenario_003,short
10627,288,5.051296,0.649189,0.808519,1,301.035899,scenario_003,medium
10628,288,6.337526,0.125948,0.690081,0,316.807331,scenario_003,medium
10629,288,12.157207,0.505046,0.826555,0,347.617909,scenario_003,medium
10630,288,8.940844,0.675931,1.0,0,334.86393,scenario_003,medium
10631,288,2.135075,0.714136,0.334793,1,293.111317,scenario_003,short
10632,288,0.962616,0.26533,0.176596,0,292.041048,scenario_003,short
10633,288,11.968536,0.942653,0.681733,0,327.815211,scenario_003,medium
10634,288,0.92619,0.718386,0.960226,0,292.624889,scenario_003,short
10635,288,2.241633,0.094165,0.246165,0,299.102764,scenario_003,short
10636,288,1.947057,0.364957,0.08099,0,294.946155,scenario_003,short
10637,288,9.882355,0.516445,0.858197,1,314.25285,scenario_003,medium
10638,288,17.159681,0.95643,0.842979,1,337.615491,scenario_003,long
10639,288,1.299524,0.399392,0.31764,0,293.072729,scenario_003,short
10640,288,1.18873,0.24876,0.703201,0,292.952306,scenario_003,short
10641,288,1.317517,0.100429,0.785267,1,291.291143,scenario_003,short
10642,288,1.563663,0.310866,0.756527,0,294.347249,scenario_003,short
10643,288,1.126574,0.345896,0.335614,1,289.992963,scenario_003,short
10644,288,1.564786,0.743255,0.638666,1,291.845874,scenario_003,short
10645,288,2.330686,0.334987,0.595715,0,300.589609,scenario_003,short
10646,288,2.752458,0.17867,0.679223,1,294.225996,scenario_003,short
10647,288,1.0536,0.370815,0.108775,2,289.869119,scenario_003,short
10648,288,1.060601,0.10627,0.275095,2,289.617168,scenario_003,short
10649,288,18.09767,0.971549,1.0,0,377.85314,scenario_003,long
10650,288,10.801656,0.589183,0.505168,0,337.265117,scenario_003,medium
10651,288,15.133738,0.745047,0.695124,1,318.771036,scenario_003,medium
10652,288,20.983157,0.306338,0.618045,1,323.511817,scenario_003,medium
10653,288,2.074067,0.371903,0.74814,1,294.18602,scenario_003,short
10654,289,1.599741,0.714503,0.794406,1,292.999211,scenario_003,short
10655,289,0.949559,0.114143,0.738611,0,293.401172,scenario_003,short
10656,289,13.896355,0.626628,0.83983,0,337.357936,scenario_003,medium
10657,289,1.655902,0.206571,0.407465,1,292.167764,scenario_003,short
10658,289,1.285106,0.436073,0.720685,0,294.965607,scenario_003,short
10659,289,1.466247,0.643084,1.0,0,295.849858,scenario_003,short
10660,289,15.364921,0.243643,0.738088,0,350.40829,scenario_003,medium
10661,289,7.634548,0.6911,0.601984,0,316.54791,scenario_003,medium
10662,289,0.886893,0.134743,0.599544,1,290.591028,scenario_003,short
10663,289,0.868427,0.372182,0.949894,0,293.090005,scenario_003,short
10664,289,0.814643,0.130828,0.687451,2,290.262725,scenario_003,short
10665,289,10.879955,0.341012,0.637869,2,308.031718,scenario_003,medium
10666,289,11.297682,0.858615,0.269507,0,350.760692,scenario_003,medium
10667,289,0.772774,0.627505,1.0,0,293.359555,scenario_003,short
10668,289,17.249296,0.979933,0.521689,1,330.553092,scenario_003,long
10669,289,15.447889,0.707904,0.816569,1,317.286478,scenario_003,medium
10670,289,1.09408,0.424185,0.691917,0,293.196244,scenario_003,short
10671,289,1.652624,0.429136,0.835867,1,292.405138,scenario_003,short
10672,289,1.430733,0.273721,0.437156,0,293.516955,scenario_003,short
10673,289,1.938675,0.101612,0.791172,0,297.353088,scenario_003,short
10674,289,25.530258,0.416159,0.135507,0,389.093358,scenario_003,medium
10675,289,0.843978,0.266213,0.72952,1,291.527458,scenario_003,short
10676,289,1.150448,0.353063,0.669854,2,290.471748,scenario_003,short
10677,289,0.960483,0.188242,0.82477,0,294.424037,scenario_003,short
10678,290,1.046819,0.399015,0.865556,1,292.248975,scenario_003,short
10679,290,1.515311,0.419463,0.290793,1,293.197639,scenario_003,short
10680,290,13.263272,0.877345,0.850221,0,360.119141,scenario_003,medium
10681,290,1.184255,0.321126,0.538787,0,295.389818,scenario_003,short
10682,290,1.715964,0.13824,0.315611,0,296.5764,scenario_003,short
10683,290,17.462501,0.483556,0.517582,0,378.812284,scenario_003,medium
10684,290,0.929289,0.380452,0.857114,0,295.053991,scenario_003,short
10685,290,2.10357,0.338616,0.221876,0,300.952582,scenario_003,short
10686,290,10.729888,0.334581,0.896996,0,328.738125,scenario_003,medium
10687,290,1.635119,0.398774,1.0,1,292.888795,scenario_003,short
10688,290,1.145864,0.737713,0.782004,1,293.238098,scenario_003,short
10689,290,16.597173,0.588599,1.0,0,344.677291,scenario_003,medium
10690,290,2.17792,0.364248,0.447441,1,294.921123,scenario_003,short
10691,290,0.742525,0.296345,0.759087,2,291.0,scenario_003,short
10692,290,1.003794,0.089555,0.511503,0,295.161888,scenario_003,short
10693,290,1.242389,0.581293,0.824433,0,296.455141,scenario_003,short
10694,290,31.222923,0.314574,0.49969,1,369.580204,scenario_003,long
10695,290,1.432241,0.139302,0.142154,0,296.554405,scenario_003,short
10696,290,1.546994,0.710978,0.338078,0,297.331904,scenario_003,short
10697,290,21.821532,0.471833,0.101411,0,358.973529,scenario_003,medium
10698,290,0.878013,0.289202,0.356344,0,292.754387,scenario_003,short
10699,290,1.687804,0.506623,0.769548,2,293.092675,scenario_003,short
10700,290,9.081917,0.294638,0.890026,1,309.071499,scenario_003,medium
10701,290,8.652066,0.678616,0.363291,1,307.738617,scenario_003,medium
10702,290,20.819243,0.631345,0.593936,0,363.950907,scenario_003,long
10703,290,1.335216,0.316114,0.930804,2,292.108309,scenario_003,short
10704,290,1.938446,0.361072,0.348924,1,295.563378,scenario_003,short
10705,290,1.671041,0.702363,0.989367,0,299.313693,scenario_003,short
10706,290,39.339523,0.735456,0.700052,1,404.248712,scenario_003,long
10707,290,1.596351,0.199816,0.451517,2,292.991648,scenario_003,short
10708,290,1.143218,0.335167,0.474281,1,293.410097,scenario_003,short
10709,290,2.104107,0.837231,0.127543,0,300.723469,scenario_003,short
10710,290,1.135301,0.118796,0.653587,2,291.958987,scenario_003,short
10711,291,9.025348,0.280062,0.200715,2,305.182803,scenario_003,medium
10712,291,2.815526,0.426505,1.0,1,297.888777,scenario_003,short
10713,291,1.823869,0.473773,1.0,2,293.971331,scenario_003,short
10714,291,16.675351,0.22035,0.952119,0,380.531425,scenario_003,medium
10715,291,1.156226,0.400725,0.728059,0,295.477171,scenario_003,short
10716,291,7.460703,0.371192,0.28671,0,318.778035,scenario_003,medium
10717,291,13.608351,0.545695,0.64778,1,327.203739,scenario_003,medium
10718,291,1.250926,0.482625,0.636898,1,294.693226,scenario_003,short
10719,291,2.184812,0.352663,0.322213,1,295.656981,scenario_003,short
10720,291,10.146902,0.18022,0.690986,0,335.838029,scenario_003,medium
10721,291,12.580584,0.351401,0.852666,1,319.367315,scenario_003,medium
10722,291,10.000931,0.253689,0.715598,0,322.735076,scenario_003,medium
10723,291,0.908819,0.229065,0.332313,0,294.268506,scenario_003,short
10724,291,1.232857,0.343493,0.575279,0,296.012163,scenario_003,short
10725,291,1.443643,0.270691,0.453058,0,296.732249,scenario_003,short
10726,291,1.116074,0.369063,0.719168,0,294.723898,scenario_003,short
10727,291,11.994618,0.183835,0.472354,1,321.969586,scenario_003,medium
10728,291,0.769668,0.240325,0.927672,2,292.037041,scenario_003,short
10729,291,22.521277,0.877918,0.328884,1,354.436478,scenario_003,long
10730,291,1.718136,0.385205,0.562874,1,294.100277,scenario_003,short
10731,291,9.511521,0.134455,0.95768,0,322.843025,scenario_003,medium
10732,291,1.068488,0.545145,0.146318,1,293.002159,scenario_003,short
10733,291,0.555446,0.246532,0.825707,1,292.0,scenario_003,short
10734,291,2.075663,0.098198,0.662162,0,300.69546,scenario_003,short
10735,291,1.634825,0.290738,0.321348,0,299.90389,scenario_003,short
10736,291,0.733483,0.433053,0.833031,0,294.55135,scenario_003,short
10737,291,1.316492,0.160625,0.472387,0,297.533676,scenario_003,short
10738,291,2.113231,0.109315,0.423042,2,295.02572,scenario_003,short
10739,291,8.822338,0.881089,0.652853,1,309.70313,scenario_003,medium
10740,291,1.027197,0.410852,0.774657,0,296.536652,scenario_003,short
10741,291,1.080381,0.399752,0.517472,0,296.984555,scenario_003,short
10742,291,11.376851,0.60276,0.325796,2,313.238362,scenario_003,medium
10743,291,21.634495,0.998788,0.445081,0,373.248247,scenario_003,long
10744,291,1.626955,0.159038,0.380825,1,293.960657,scenario_003,short
10745,291,5.087946,0.653284,0.749694,0,315.627184,scenario_003,medium
10746,291,0.4938,0.063623,0.799041,1,292.02224,scenario_003,short
10747,291,5.542253,0.973083,1.0,0,316.458369,scenario_003,long
10748,291,1.251904,0.097496,0.375058,0,295.025031,scenario_003,short
10749,291,9.952723,0.388923,0.332654,0,336.400036,scenario_003,medium
10750,291,1.00145,0.347155,0.791921,1,292.72189,scenario_003,short
10751,291,1.326945,0.346593,0.681836,0,298.498644,scenario_003,short
10752,291,0.977095,0.64958,0.332787,0,295.269766,scenario_003,short
10753,291,1.936849,0.430067,0.449838,0,298.641329,scenario_003,short
10754,291,10.933554,0.460714,0.575192,1,311.469206,scenario_003,medium
10755,291,1.743745,0.342279,0.840159,0,297.640966,scenario_003,short
10756,291,0.925206,0.324176,0.554968,0,296.117707,scenario_003,short
10757,291,2.077532,0.44192,0.801205,0,299.274867,scenario_003,short
10758,292,5.441505,0.377206,0.81252,0,316.092304,scenario_003,medium
10759,292,2.920851,0.320474,0.175872,0,306.135279,scenario_003,short
10760,292,1.782891,0.426041,0.269531,1,295.841887,scenario_003,short
10761,292,1.466538,0.290362,0.800434,0,299.897069,scenario_003,short
10762,292,1.355782,0.111183,0.767942,0,297.554082,scenario_003,short
10763,292,13.240929,0.177575,0.587179,0,366.016993,scenario_003,medium
10764,292,0.991493,0.315521,0.680277,0,297.161674,scenario_003,short
10765,292,1.318913,0.765668,0.625341,0,297.694589,scenario_003,short
10766,292,1.315757,0.372011,0.919076,0,297.435145,scenario_003,short
10767,292,1.18572,0.417737,0.487668,0,297.330395,scenario_003,short
10768,292,1.314204,0.31976,0.206951,0,297.944318,scenario_003,short
10769,292,0.843508,0.673214,0.259098,0,294.854474,scenario_003,short
10770,292,11.961717,0.3985,0.325986,1,316.991639,scenario_003,medium
10771,292,9.662847,0.357625,0.760085,2,307.184579,scenario_003,medium
10772,292,2.181512,0.621632,0.874355,0,301.693277,scenario_003,short
10773,292,1.573035,0.516418,0.495833,0,297.716048,scenario_003,short
10774,292,0.593845,0.706195,1.0,1,293.583267,scenario_003,short
10775,292,1.50645,0.120699,0.623865,2,294.439237,scenario_003,short
10776,292,1.313858,0.628457,0.984136,1,295.538775,scenario_003,short
10777,292,5.835389,0.418302,0.935275,0,319.549431,scenario_003,medium
10778,292,0.924494,0.340872,0.448429,1,294.569173,scenario_003,short
10779,292,15.764825,0.618361,0.494977,0,344.532902,scenario_003,medium
10780,292,9.38404,0.912809,0.485832,0,321.59532,scenario_003,medium
10781,292,0.946702,0.649751,0.357583,1,294.147507,scenario_003,short
10782,292,1.445766,0.078913,0.659006,1,295.04724,scenario_003,short
10783,292,9.508923,0.631414,0.888934,0,324.95615,scenario_003,medium
10784,292,16.878487,0.412532,0.294755,2,312.951687,scenario_003,medium
10785,292,7.799052,0.603143,0.780661,0,327.953852,scenario_003,medium
10786,292,2.026554,0.39131,0.203536,1,296.957049,scenario_003,short
10787,292,1.807082,0.237539,0.06396,0,300.063417,scenario_003,short
10788,292,1.516138,0.397052,0.406113,1,295.206214,scenario_003,short
10789,292,2.077006,0.519741,0.151531,0,302.250547,scenario_003,short
10790,292,1.218982,0.643509,0.896759,0,296.683384,scenario_003,short
10791,292,2.208839,0.56482,0.905916,1,295.695186,scenario_003,short
10792,292,1.292227,0.163596,0.931773,2,294.059633,scenario_003,short
10793,292,2.297055,0.172278,0.770294,1,297.105713,scenario_003,short
10794,292,2.402228,0.14551,0.52711,0,304.73861,scenario_003,short
10795,292,1.50288,0.640065,0.642324,1,296.00762,scenario_003,short
10796,292,2.599467,0.449583,0.614057,0,304.778672,scenario_003,short
10797,292,1.534996,0.324745,0.304348,2,294.087166,scenario_003,short
10798,292,9.542478,1.0,1.0,1,318.665263,scenario_003,long
10799,292,0.537499,0.244821,0.270935,0,294.425345,scenario_003,short
10800,292,1.14644,0.309715,0.570973,0,296.431761,scenario_003,short
10801,292,1.829425,0.055172,0.05,0,298.621081,scenario_003,short
10802,292,1.926481,0.367398,0.071514,0,301.121982,scenario_003,short
10803,292,1.85723,0.265416,0.49546,0,300.675465,scenario_003,short
10804,292,1.42079,0.270549,0.723925,1,296.251809,scenario_003,short
10805,293,1.468918,0.430523,0.937745,0,299.408773,scenario_003,short
10806,293,17.594626,0.225904,0.05,1,333.718814,scenario_003,medium
10807,293,0.790737,0.173869,0.709053,0,295.778117,scenario_003,short
10808,293,9.910169,0.318097,0.525363,0,345.622133,scenario_003,medium
10809,293,1.64367,0.52948,0.707716,0,299.32643,scenario_003,short
10810,293,1.418933,0.405653,0.896591,1,295.443046,scenario_003,short
10811,293,15.334962,0.687,0.415828,0,363.204264,scenario_003,medium
10812,293,8.891072,0.693267,0.943028,0,342.382938,scenario_003,medium
10813,293,7.803354,0.56574,0.292081,1,309.903545,scenario_003,medium
10814,293,0.779524,0.213037,0.095378,1,294.759966,scenario_003,short
10815,293,1.797947,0.262209,0.603361,1,297.026324,scenario_003,short
10816,293,30.740674,0.392812,0.493692,1,344.692126,scenario_003,long
10817,293,1.563344,0.376423,0.694063,0,299.661738,scenario_003,short
10818,293,1.582074,0.165772,0.248044,1,297.36518,scenario_003,short
10819,293,12.187622,0.45114,0.05,1,321.708116,scenario_003,medium
10820,293,8.127913,0.488104,0.18073,0,332.878085,scenario_003,medium
10821,293,7.895348,0.581824,0.187276,0,319.843206,scenario_003,medium
10822,293,2.092305,0.179569,0.411502,2,295.847908,scenario_003,short
10823,293,1.651943,0.211523,0.559036,0,299.81773,scenario_003,short
10824,293,1.381507,0.68265,0.475495,0,300.803256,scenario_003,short
10825,293,2.319066,0.376797,0.794181,0,301.168993,scenario_003,short
10826,293,0.85761,0.36155,0.13733,0,295.927578,scenario_003,short
10827,293,2.606012,0.252607,0.488948,0,304.124149,scenario_003,short
10828,293,1.11412,0.300132,0.301574,1,295.663326,scenario_003,short
10829,293,13.246938,0.883443,0.743928,0,358.472969,scenario_003,medium
10830,293,0.984021,0.223047,0.6719,1,294.831327,scenario_003,short
10831,293,1.335634,0.083238,0.851732,0,297.572041,scenario_003,short
10832,293,0.913103,0.062802,0.078445,2,294.368552,scenario_003,short
10833,293,1.77704,0.130993,0.161836,1,296.587412,scenario_003,short
10834,293,0.993684,0.2613,0.573464,0,297.064895,scenario_003,short
10835,293,2.386893,0.257686,0.825436,0,303.659006,scenario_003,short
10836,293,1.163186,0.296022,0.251231,1,295.575326,scenario_003,short
10837,293,7.850774,0.459221,0.159854,0,320.97044,scenario_003,medium
10838,293,1.544162,0.325424,0.473993,0,300.288534,scenario_003,short
10839,293,13.46569,0.292448,0.693641,0,358.597854,scenario_003,medium
10840,293,1.343326,0.682164,0.596094,0,297.965537,scenario_003,short
10841,293,1.223565,0.395613,0.663205,0,297.577306,scenario_003,short
10842,293,30.593271,0.333085,0.182387,2,331.669771,scenario_003,long
10843,293,0.962468,0.175511,0.447904,2,294.929729,scenario_003,short
10844,293,2.062278,0.267988,0.060568,0,300.04522,scenario_003,short
10845,293,1.248146,0.33522,0.170917,0,297.734108,scenario_003,short
10846,294,20.223093,0.294294,0.191851,0,357.824258,scenario_003,medium
10847,294,1.542639,0.270553,0.392245,0,301.936306,scenario_003,short
10848,294,1.239608,0.078537,0.446804,0,297.954841,scenario_003,short
10849,294,12.494606,0.438258,0.637789,2,311.563578,scenario_003,medium
10850,294,20.357586,0.60387,0.127224,0,407.925865,scenario_003,long
10851,294,12.472707,0.56528,0.594755,0,342.471162,scenario_003,medium
10852,294,1.803331,0.683715,1.0,0,302.480872,scenario_003,short
10853,294,1.35665,0.219493,0.05,0,298.305642,scenario_003,short
10854,294,1.114762,0.465724,0.481906,0,299.863598,scenario_003,short
10855,294,4.476657,0.68801,0.36654,0,308.059743,scenario_003,medium
10856,294,14.940101,0.140281,0.624741,1,331.717442,scenario_003,medium
10857,294,1.433224,0.085639,0.668032,0,300.062503,scenario_003,short
10858,294,19.151912,0.475137,0.281878,0,379.36348,scenario_003,medium
10859,294,2.251618,0.366719,0.280423,0,303.846796,scenario_003,short
10860,294,1.261998,0.275487,0.802702,0,299.271737,scenario_003,short
10861,294,13.033313,0.302493,0.174143,2,320.08187,scenario_003,medium
10862,294,0.874629,0.394082,0.234094,0,297.963004,scenario_003,short
10863,294,1.441538,0.571437,0.160414,1,297.2671,scenario_003,short
10864,294,8.274077,0.38128,0.772,1,307.991293,scenario_003,medium
10865,294,1.408258,0.083277,0.850423,0,301.157566,scenario_003,short
10866,294,1.577939,0.413268,0.790826,0,301.8826,scenario_003,short
10867,294,0.716436,0.081587,0.724591,2,295.09322,scenario_003,short
10868,294,9.713314,0.65922,0.61419,1,314.204064,scenario_003,medium
10869,294,1.345993,0.423597,0.964961,1,297.21967,scenario_003,short
10870,294,1.702825,0.101084,1.0,0,301.839399,scenario_003,short
10871,294,11.791248,0.254128,0.551185,1,314.430499,scenario_003,medium
10872,294,12.504889,0.691768,0.398808,0,358.876999,scenario_003,long
10873,294,14.249669,0.57228,0.393365,1,335.6925,scenario_003,medium
10874,294,1.41683,0.271788,0.761647,0,300.68681,scenario_003,short
10875,294,5.809018,0.549878,0.327299,0,314.233977,scenario_003,medium
10876,294,41.650364,0.899102,0.542918,0,432.92348,scenario_003,long
10877,294,12.08574,0.866113,0.299487,0,360.12438,scenario_003,medium
10878,294,13.060715,0.457053,0.349028,2,312.323007,scenario_003,medium
10879,294,1.277726,0.419401,0.674273,0,299.94246,scenario_003,short
10880,294,1.907842,0.254417,0.355409,1,299.69837,scenario_003,short
10881,294,2.215538,0.296723,0.810785,0,305.589284,scenario_003,short
10882,294,0.952396,0.230582,0.495666,1,296.547912,scenario_003,short
10883,294,0.810769,0.143606,0.05,1,296.012048,scenario_003,short
10884,294,16.232862,0.397865,0.390529,1,332.345087,scenario_003,long
10885,294,14.532825,0.240453,0.709507,1,319.196073,scenario_003,medium
10886,294,38.971792,0.607298,0.506556,0,468.65332,scenario_003,long
10887,294,2.692689,0.202821,0.170502,1,299.61682,scenario_003,short
10888,294,2.352577,0.30384,0.403284,1,300.266199,scenario_003,short
10889,294,1.067649,0.519908,0.532126,1,296.141448,scenario_003,short
10890,294,14.60817,0.443514,0.220166,0,369.172273,scenario_003,long
10891,294,17.851831,0.855489,0.936471,0,375.547729,scenario_003,medium
10892,294,11.904366,0.47722,0.426635,1,320.204988,scenario_003,medium
10893,295,1.04333,0.28195,0.665782,1,297.521986,scenario_003,short
10894,295,12.557187,0.673383,0.413439,0,356.845046,scenario_003,medium
10895,295,0.999998,0.188792,0.582533,0,299.807917,scenario_003,short
10896,295,1.101203,0.702973,0.939271,0,300.862234,scenario_003,short
10897,295,1.386805,0.085654,1.0,0,301.325609,scenario_003,short
10898,295,1.740632,0.558406,0.774517,1,298.86408,scenario_003,short
10899,295,1.247803,0.224837,0.067489,0,299.029399,scenario_003,short
10900,295,11.180178,0.50974,0.943406,0,338.20655,scenario_003,medium
10901,295,9.00194,0.230273,0.569295,0,325.91588,scenario_003,medium
10902,295,15.195803,0.552192,0.353646,0,373.934952,scenario_003,medium
10903,295,0.896579,0.640307,0.780879,2,296.206096,scenario_003,short
10904,295,2.269221,0.457204,0.132976,0,304.611499,scenario_003,short
10905,295,2.675298,0.076064,0.481433,0,306.419574,scenario_003,short
10906,295,0.859487,0.675689,0.303773,1,296.520994,scenario_003,short
10907,295,0.561006,0.399785,0.818595,0,297.97515,scenario_003,short
10908,295,1.703946,0.50274,0.492269,1,299.36546,scenario_003,short
10909,295,1.713451,0.163584,0.906977,0,301.589557,scenario_003,short
10910,295,10.524783,0.526408,0.655856,0,329.89261,scenario_003,medium
10911,295,1.466348,0.2882,0.786883,1,298.801003,scenario_003,short
10912,295,0.956675,0.503771,0.132472,0,299.49495,scenario_003,short
10913,295,2.218569,0.064561,0.322611,0,304.033561,scenario_003,short
10914,295,7.425993,0.16835,0.107412,1,307.604358,scenario_003,medium
10915,295,1.219264,0.229935,0.699616,1,298.076949,scenario_003,short
10916,295,1.071627,0.149485,0.387726,0,300.671661,scenario_003,short
10917,295,0.992198,0.050806,0.982114,1,296.955478,scenario_003,short
10918,295,16.600609,0.132368,0.334421,0,381.177059,scenario_003,medium
10919,295,0.71146,0.415038,0.595329,2,296.125932,scenario_003,short
10920,295,2.13801,0.439675,0.369567,1,299.354202,scenario_003,short
10921,296,1.761913,0.293138,0.52453,1,300.90016,scenario_003,short
10922,296,4.710674,1.0,0.823512,1,309.658643,scenario_003,medium
10923,296,2.447247,0.135756,0.794204,1,302.533192,scenario_003,short
10924,296,2.241647,0.589354,0.734174,0,307.496766,scenario_003,short
10925,296,0.921924,0.554236,0.601515,0,299.592216,scenario_003,short
10926,296,27.580455,0.795343,0.654129,0,391.390149,scenario_003,long
10927,296,17.497302,0.595913,0.572578,2,326.174117,scenario_003,long
10928,296,1.258148,0.364272,0.91541,1,298.635971,scenario_003,short
10929,296,30.185878,0.691692,0.82447,2,341.553991,scenario_003,long
10930,296,1.543088,0.438037,0.527715,0,304.555546,scenario_003,short
10931,296,11.600164,0.585028,0.569887,0,343.244025,scenario_003,medium
10932,296,2.369277,0.589483,0.785414,1,302.7209,scenario_003,short
10933,296,1.287895,0.412626,0.660074,2,298.347757,scenario_003,short
10934,296,10.510766,0.607954,0.82203,1,326.217514,scenario_003,medium
10935,296,2.040061,0.308116,0.397062,0,307.09467,scenario_003,short
10936,296,1.257378,0.689193,0.813256,1,299.045531,scenario_003,short
10937,296,1.6918,0.215177,0.428851,1,300.045061,scenario_003,short
10938,296,2.006312,0.422119,0.688889,1,300.481599,scenario_003,short
10939,296,1.967392,0.090401,0.761075,2,299.031816,scenario_003,short
10940,296,2.044745,0.271385,0.725504,1,301.881517,scenario_003,short
10941,296,9.937254,0.662694,0.792451,0,347.621744,scenario_003,long
10942,296,6.865999,0.472238,0.491829,1,311.562951,scenario_003,medium
10943,296,2.398055,0.080533,0.602963,1,300.546311,scenario_003,short
10944,296,1.879545,0.283138,0.529688,1,300.325885,scenario_003,short
10945,296,20.25428,0.609782,0.275216,2,326.695674,scenario_003,medium
10946,296,1.683798,0.36578,0.2729,2,299.003322,scenario_003,short
10947,296,2.098601,0.173814,0.05,1,301.817314,scenario_003,short
10948,296,14.947512,0.22081,0.511225,2,322.899336,scenario_003,medium
10949,296,7.004844,0.74373,0.286788,0,327.320495,scenario_003,medium
10950,296,12.023693,0.231061,0.052626,0,343.83302,scenario_003,medium
10951,296,1.512968,0.830536,0.421204,0,301.035928,scenario_003,short
10952,296,1.561733,0.246943,0.726357,0,304.505748,scenario_003,short
10953,296,2.551783,0.13685,0.319092,0,305.501301,scenario_003,short
10954,296,12.002804,0.966663,0.269915,1,321.865873,scenario_003,medium
10955,296,1.951632,0.299835,0.171052,1,300.368019,scenario_003,short
10956,296,4.976672,0.298366,0.454214,2,305.761085,scenario_003,medium
10957,296,0.699043,0.7212,0.203946,1,297.278678,scenario_003,short
10958,296,2.03464,0.094442,0.439504,0,303.18266,scenario_003,short
10959,296,13.011004,0.247969,0.296878,2,310.813029,scenario_003,medium
10960,296,1.900154,0.353137,0.13827,0,305.042894,scenario_003,short
10961,296,1.207032,0.461952,0.738811,0,302.364615,scenario_003,short
10962,296,36.216395,0.680549,0.395206,0,410.338272,scenario_003,long
10963,297,2.206814,0.237971,0.914691,0,306.712074,scenario_003,short
10964,297,26.620218,0.419512,0.86033,1,349.102835,scenario_003,long
10965,297,12.797902,0.962764,0.472821,0,340.49269,scenario_003,medium
10966,297,0.891257,0.478615,0.269857,1,299.32615,scenario_003,short
10967,297,1.881784,0.354288,0.615411,0,303.880487,scenario_003,short
10968,297,37.641354,0.378069,0.460084,1,370.909381,scenario_003,long
10969,297,1.687043,0.293318,0.619584,0,302.945213,scenario_003,short
10970,297,3.082304,0.125914,0.80971,2,302.169096,scenario_003,short
10971,297,22.47311,0.76059,0.364544,0,398.724692,scenario_003,long
10972,297,1.248946,0.337356,1.0,0,302.575665,scenario_003,short
10973,297,1.982774,0.400787,0.39917,0,304.643753,scenario_003,short
10974,297,1.32612,0.250874,0.868405,1,299.510363,scenario_003,short
10975,297,1.144373,0.541365,0.897629,0,302.894465,scenario_003,short
10976,297,1.410765,0.710109,0.569388,0,302.085126,scenario_003,short
10977,297,15.533234,0.535736,0.602809,2,314.055754,scenario_003,medium
10978,297,1.344661,0.504361,0.055975,0,304.367747,scenario_003,short
10979,297,13.157684,0.830838,0.746299,1,332.742056,scenario_003,long
10980,297,1.235568,0.389064,0.643943,0,302.058021,scenario_003,short
10981,297,0.843304,0.164752,0.12592,0,299.883027,scenario_003,short
10982,297,16.233252,0.987793,0.791614,0,388.674534,scenario_003,medium
10983,297,1.486073,0.828407,0.374001,2,299.264937,scenario_003,short
10984,297,2.328681,0.071485,0.817262,2,300.035373,scenario_003,short
10985,297,1.406259,0.783376,0.273938,0,303.718706,scenario_003,short
10986,297,1.91475,0.377184,0.426853,0,304.926842,scenario_003,short
10987,297,1.95476,0.440875,0.457902,0,303.272984,scenario_003,short
10988,297,2.578666,0.359835,0.685642,0,310.07686,scenario_003,short
10989,297,1.717928,0.225304,0.255886,0,306.37311,scenario_003,short
10990,297,1.026907,0.228361,0.073181,0,301.206544,scenario_003,short
10991,297,9.901894,0.301661,0.677121,2,316.304696,scenario_003,medium
10992,297,2.437199,0.413973,0.820198,1,301.375887,scenario_003,short
10993,297,1.302018,0.280303,0.783594,2,298.995806,scenario_003,short
10994,297,12.573536,0.173095,0.705829,1,325.097087,scenario_003,medium
10995,297,0.835291,0.097822,0.05,1,298.772263,scenario_003,short
10996,297,12.641869,0.636405,0.302408,1,330.615658,scenario_003,medium
10997,297,0.539517,0.208367,0.223609,0,299.045684,scenario_003,short
10998,297,13.795122,0.421971,0.349131,1,330.624435,scenario_003,medium
10999,297,14.462306,0.619843,0.960334,1,335.531214,scenario_003,medium
11000,297,1.009136,0.577919,0.856188,0,300.434207,scenario_003,short
11001,297,0.842418,0.242633,0.783088,1,298.840826,scenario_003,short
11002,297,6.4351,0.159596,0.542568,0,317.705263,scenario_003,medium
11003,297,1.465419,0.432476,0.438105,0,304.319528,scenario_003,short
11004,297,1.150466,0.347945,0.286714,1,299.096648,scenario_003,short
11005,297,8.736369,0.656757,0.517298,2,311.229123,scenario_003,medium
11006,297,12.460882,0.368489,0.513707,1,330.946866,scenario_003,medium
11007,297,1.972759,0.061617,0.222644,0,305.581519,scenario_003,short
11008,297,0.979555,0.207217,0.861416,0,301.721396,scenario_003,short
11009,297,10.534608,0.559532,0.537846,1,316.561886,scenario_003,medium
11010,297,6.545615,0.63793,0.256947,1,313.526519,scenario_003,medium
11011,297,1.408583,0.295797,0.108869,1,299.925377,scenario_003,short
11012,297,1.851441,0.236471,0.566618,1,300.632553,scenario_003,short
11013,298,0.846833,0.473266,0.681098,0,301.094321,scenario_003,short
11014,298,1.69419,0.716085,0.452266,0,306.278596,scenario_003,short
11015,298,1.919687,0.060443,0.252668,1,303.702741,scenario_003,short
11016,298,10.090604,0.667916,0.713389,1,320.542934,scenario_003,medium
11017,298,1.366095,0.337006,0.450371,2,300.426138,scenario_003,short
11018,298,0.764545,0.070915,0.546905,1,299.623969,scenario_003,short
11019,298,5.435953,0.162085,0.303132,1,313.883858,scenario_003,medium
11020,298,9.415561,0.393937,0.776442,0,344.992286,scenario_003,medium
11021,298,1.274932,0.371345,1.0,2,300.527354,scenario_003,short
11022,298,13.918894,0.608984,0.914777,0,368.015664,scenario_003,long
11023,298,0.993839,0.395035,0.98991,0,301.937963,scenario_003,short
11024,298,13.083335,0.801497,0.62178,0,362.333441,scenario_003,medium
11025,298,6.451604,0.195596,0.54156,0,320.419497,scenario_003,medium
11026,298,17.214537,0.923344,0.611059,0,358.564407,scenario_003,long
11027,298,1.348088,0.201636,0.462094,0,302.744314,scenario_003,short
11028,298,1.3451,0.205355,0.75911,0,304.870957,scenario_003,short
11029,298,13.329739,0.303096,0.62431,2,322.477927,scenario_003,long
11030,298,2.296466,0.119469,0.942581,0,307.290621,scenario_003,short
11031,298,6.379235,0.462134,0.668384,0,318.837409,scenario_003,medium
11032,298,2.165893,0.189863,1.0,0,307.844501,scenario_003,short
11033,298,11.05855,0.90708,1.0,1,318.442025,scenario_003,long
11034,298,1.648098,0.374119,0.807964,1,302.689155,scenario_003,short
11035,298,0.745216,0.368467,0.891574,0,301.386992,scenario_003,short
11036,298,1.775182,0.706424,0.80345,1,302.518379,scenario_003,short
11037,298,1.15949,0.201129,0.829335,1,300.768567,scenario_003,short
11038,298,8.342364,0.572547,0.33809,2,311.550729,scenario_003,medium
11039,298,0.803568,0.369597,0.051255,0,301.48552,scenario_003,short
11040,298,1.11654,0.278752,0.799607,1,301.027986,scenario_003,short
11041,298,1.189083,0.324434,0.308079,0,302.497799,scenario_003,short
11042,298,11.737267,0.353597,0.217547,1,331.335181,scenario_003,medium
11043,298,2.179906,0.362417,0.197617,1,304.44591,scenario_003,short
11044,298,1.216426,0.187985,0.592731,0,304.783033,scenario_003,short
11045,298,14.203342,0.813076,0.32786,0,354.866451,scenario_003,long
11046,298,1.343669,0.525738,0.674542,0,304.982207,scenario_003,short
11047,298,0.966591,0.371562,0.422311,0,301.62051,scenario_003,short
11048,298,3.530949,0.111918,0.529466,1,307.779352,scenario_003,short
11049,298,11.486441,0.148951,0.799015,0,358.652349,scenario_003,medium
11050,298,0.463206,0.505774,0.732051,0,300.300465,scenario_003,short
11051,298,7.322705,0.492856,1.0,0,334.591394,scenario_003,medium
11052,299,11.277119,0.62971,0.18909,0,355.481068,scenario_003,long
11053,299,8.097882,0.687165,0.126533,0,335.158527,scenario_003,medium
11054,299,1.351756,0.627649,0.635528,0,305.229212,scenario_003,short
11055,299,2.064657,0.412352,1.0,2,301.524219,scenario_003,short
11056,299,6.235765,0.30342,0.638763,1,312.934378,scenario_003,medium
11057,299,43.101395,0.341557,0.515125,0,459.855401,scenario_003,long
11058,299,17.708723,0.296898,0.680089,1,330.559302,scenario_003,long
11059,299,1.354849,0.483437,0.24382,0,304.887621,scenario_003,short
11060,299,2.982747,0.791844,0.333811,2,303.791812,scenario_003,short
11061,299,1.30437,0.683236,1.0,0,306.259781,scenario_003,short
11062,299,0.921879,0.436005,0.390807,1,301.120047,scenario_003,short
11063,299,0.966104,0.061904,0.546151,1,301.397289,scenario_003,short
11064,299,1.083716,0.335397,0.182074,0,302.992656,scenario_003,short
11065,299,14.884687,0.197453,0.305619,0,374.508261,scenario_003,medium
11066,299,0.694467,0.063775,0.611901,1,300.694926,scenario_003,short
11067,299,5.937366,0.707093,0.918594,1,312.532186,scenario_003,medium
11068,299,1.229976,0.382432,0.55119,0,302.958897,scenario_003,short
11069,299,16.223738,0.139529,0.11749,1,329.469146,scenario_003,medium
11070,299,0.86348,0.351268,0.477301,0,303.202174,scenario_003,short
11071,299,10.817097,0.696922,0.971067,1,317.93373,scenario_003,medium
11072,299,1.517388,0.190521,0.49952,2,300.82536,scenario_003,short
11073,299,2.856995,0.380512,0.718455,2,302.219937,scenario_003,short
11074,299,1.360536,0.190888,0.572873,0,305.065692,scenario_003,short
11075,299,1.035159,0.138859,0.200651,1,300.827448,scenario_003,short
11076,299,0.946721,0.152525,0.149036,1,301.567209,scenario_003,short
11077,299,4.736346,0.709026,0.997356,1,312.71779,scenario_003,medium
11078,299,19.126832,0.823651,0.875776,1,331.272632,scenario_003,medium
11079,299,1.304195,0.292264,0.742861,1,301.213804,scenario_003,short
11080,299,0.931807,0.152223,0.465534,0,303.52124,scenario_003,short
11081,299,26.763869,0.600349,0.625012,1,363.506165,scenario_003,medium
11082,299,1.00552,0.403796,0.05,1,301.080607,scenario_003,short
11083,299,8.045959,0.376931,0.880553,1,316.187491,scenario_003,medium
11084,299,19.460609,0.4999,0.334077,2,337.765861,scenario_003,medium
11085,299,0.465855,0.05076,0.489171,1,300.0,scenario_003,short
11086,299,2.27603,0.613317,0.479068,0,307.079363,scenario_003,short
11087,299,15.052407,0.301257,0.610514,0,384.08868,scenario_003,long
11088,299,13.185078,0.168997,0.78004,0,346.642679,scenario_003,medium
11089,299,1.993223,0.372925,0.764993,0,307.078662,scenario_003,short
11090,299,2.353077,0.182949,0.320113,1,305.390583,scenario_003,short
11091,300,1.036674,0.399189,0.940309,0,304.979521,scenario_003,short
11092,300,1.313738,0.266736,0.974172,0,304.267079,scenario_003,short
11093,300,6.193275,0.622929,0.361175,1,313.665432,scenario_003,medium
11094,300,1.591748,0.355302,0.245775,2,302.316172,scenario_003,short
11095,300,24.069983,0.806451,0.854297,0,409.473115,scenario_003,long
11096,300,13.031732,0.499012,0.37567,1,324.056174,scenario_003,long
11097,300,15.781686,0.628391,0.650941,0,375.323676,scenario_003,medium
11098,300,1.168788,0.052168,0.184888,1,302.16023,scenario_003,short
11099,300,8.072897,0.69887,0.426917,0,326.406979,scenario_003,medium
11100,300,1.116219,0.088499,0.43412,0,304.584853,scenario_003,short
11101,300,1.783637,0.066948,0.197416,0,308.786821,scenario_003,short
11102,300,7.873599,0.438621,0.188591,1,318.202339,scenario_003,medium
11103,300,7.867933,0.533514,0.367916,0,333.171111,scenario_003,medium
11104,300,2.091314,0.08381,0.392894,1,305.134503,scenario_003,short
11105,300,1.321904,0.328736,0.828759,0,304.410182,scenario_003,short
11106,300,1.288205,0.375286,0.958315,0,305.672227,scenario_003,short
11107,300,11.094995,0.169024,0.241023,0,344.56223,scenario_003,medium
11108,300,1.205485,0.395533,0.186992,1,302.662913,scenario_003,short
11109,300,1.62204,0.679758,0.275619,0,307.795141,scenario_003,short
11110,300,1.968266,0.724883,0.819848,0,306.436568,scenario_003,short
11111,300,1.026966,0.232506,0.529478,0,304.51525,scenario_003,short
11112,300,0.988539,0.185093,0.828306,1,301.949991,scenario_003,short
11113,300,1.265187,0.393747,0.851419,1,302.442513,scenario_003,short
11114,300,12.858244,0.351836,0.486259,2,319.457774,scenario_003,medium
11115,300,16.769095,0.763609,0.567673,0,368.779072,scenario_003,medium
11116,300,1.670145,0.137596,0.766101,1,303.179887,scenario_003,short
11117,300,2.081104,0.449339,1.0,1,305.193509,scenario_003,short
11118,300,18.434689,0.669624,0.743626,0,370.395371,scenario_003,long
11119,300,1.933968,0.309451,0.206264,0,310.374155,scenario_003,short
11120,300,1.541595,0.267549,0.340239,0,305.549444,scenario_003,short
11121,300,0.647237,0.349728,0.720331,2,301.0,scenario_003,short
11122,300,1.309143,0.750107,0.184928,1,302.495474,scenario_003,short
11123,300,0.979083,0.372514,0.796017,1,302.632806,scenario_003,short
11124,300,0.980966,0.306923,0.922367,1,302.806834,scenario_003,short
11125,300,16.780203,0.644106,0.517296,0,370.811922,scenario_003,long
11126,300,1.073688,0.187733,0.399767,1,302.463245,scenario_003,short
11127,300,0.942295,0.271549,0.499029,1,302.185338,scenario_003,short
11128,300,1.862302,0.369683,0.432004,0,305.808903,scenario_003,short
11129,300,0.77273,0.385293,0.334977,0,303.132586,scenario_003,short
11130,300,2.966659,0.362257,0.758125,0,314.9304,scenario_003,short
11131,300,1.176129,0.171687,0.487386,0,304.914797,scenario_003,short
11132,300,1.43565,0.409332,0.205315,0,308.000562,scenario_003,short
11133,300,10.215542,0.773492,0.711774,1,329.38598,scenario_003,medium
11134,300,1.525698,0.434966,0.580761,1,304.047224,scenario_003,short
11135,300,1.196438,0.478034,0.296544,1,303.020518,scenario_003,short
11136,300,11.896827,0.416152,0.221211,0,354.09403,scenario_003,medium
11137,300,25.402202,0.747763,0.572584,1,374.461999,scenario_003,long
11138,301,11.653893,0.474558,0.080895,1,324.157942,scenario_003,medium
11139,301,1.766866,0.437144,0.591132,0,308.124246,scenario_003,short
11140,301,15.457168,0.258851,0.594872,2,319.2237,scenario_003,medium
11141,301,21.401545,0.799353,0.566355,0,387.01418,scenario_003,long
11142,301,0.969308,0.296951,0.868082,0,305.112152,scenario_003,short
11143,301,1.94544,0.390314,0.106411,0,312.007019,scenario_003,short
11144,301,11.671203,0.642417,0.60872,1,331.798258,scenario_003,medium
11145,301,34.815964,0.926511,0.608627,0,412.217221,scenario_003,long
11146,301,0.881951,0.126307,0.785494,1,303.373184,scenario_003,short
11147,301,10.113682,0.236429,0.814573,0,349.801959,scenario_003,medium
11148,301,5.831165,0.236311,1.0,0,327.282813,scenario_003,medium
11149,301,12.057788,0.406855,0.415721,1,336.139577,scenario_003,medium
11150,301,3.399398,0.368067,0.52412,0,314.788051,scenario_003,short
11151,301,6.51582,0.218681,0.656195,1,315.489411,scenario_003,medium
11152,301,19.17121,0.445455,0.068323,0,361.557368,scenario_003,medium
11153,301,1.527648,0.35774,0.125805,1,305.415062,scenario_003,short
11154,301,1.4708,0.126315,0.400025,1,303.793661,scenario_003,short
11155,301,1.47737,0.645226,0.491294,0,306.506668,scenario_003,short
11156,301,5.968544,0.650196,0.586965,0,322.344215,scenario_003,medium
11157,301,13.262291,0.300982,0.633333,0,349.40088,scenario_003,long
11158,301,14.243477,1.0,0.376556,1,335.56741,scenario_003,medium
11159,301,10.942502,0.457048,0.434979,1,327.280237,scenario_003,medium
11160,301,1.830861,0.232943,0.581253,0,310.557711,scenario_003,short
11161,301,12.310442,0.781201,0.834285,1,335.148775,scenario_003,medium
11162,301,1.697943,0.714873,0.603674,0,307.248649,scenario_003,short
11163,301,0.983584,0.673116,0.912622,0,305.160653,scenario_003,short
11164,301,1.468197,0.562383,0.151213,2,303.223821,scenario_003,short
11165,301,1.305718,0.312967,0.449013,1,304.390602,scenario_003,short
11166,301,1.808092,0.126223,0.289457,0,310.486213,scenario_003,short
11167,301,7.051027,0.557248,0.263811,0,324.387786,scenario_003,medium
11168,301,1.429395,0.293939,0.725343,0,305.529841,scenario_003,short
11169,301,11.590831,0.300768,0.657146,2,321.377597,scenario_003,medium
11170,301,1.887427,0.537554,0.338501,0,310.591754,scenario_003,short
11171,301,10.129434,0.846129,0.443398,1,329.618191,scenario_003,medium
11172,301,2.229216,0.11999,0.219907,1,307.260372,scenario_003,short
11173,301,17.032774,0.30607,0.55613,1,351.874483,scenario_003,long
11174,301,1.533341,0.694802,0.507297,0,306.225985,scenario_003,short
11175,302,1.646204,0.266315,0.794221,1,306.254283,scenario_003,short
11176,302,0.970364,0.087831,0.332004,0,305.374267,scenario_003,short
11177,302,7.781103,0.693258,0.617081,1,315.653384,scenario_003,medium
11178,302,1.476573,0.263053,0.389213,1,306.399083,scenario_003,short
11179,302,11.992933,0.358567,0.847455,1,336.927064,scenario_003,medium
11180,302,2.189725,0.055071,0.811106,0,311.98253,scenario_003,short
11181,302,12.317099,0.476114,0.327557,0,367.424351,scenario_003,medium
11182,302,0.995008,0.404092,0.976321,2,303.406349,scenario_003,short
11183,302,0.990108,0.32919,0.914573,0,305.620915,scenario_003,short
11184,302,26.576314,0.622419,1.0,1,365.738973,scenario_003,long
11185,302,9.152029,0.135327,0.362518,1,328.507354,scenario_003,medium
11186,302,1.151564,0.175109,0.441233,1,304.660623,scenario_003,short
11187,302,25.048193,0.460501,1.0,1,377.375869,scenario_003,long
11188,302,1.29444,0.427887,1.0,0,308.405865,scenario_003,short
11189,302,9.949468,0.419469,0.587633,0,337.290356,scenario_003,medium
11190,302,1.299467,0.293233,0.629466,1,305.803052,scenario_003,short
11191,302,1.205032,0.233264,0.631467,0,308.355284,scenario_003,short
11192,302,13.522031,0.64337,0.859278,0,349.646833,scenario_003,medium
11193,302,1.212792,0.400919,0.800299,0,308.40356,scenario_003,short
11194,302,1.64057,0.390534,0.451448,1,304.953972,scenario_003,short
11195,302,15.017312,1.0,0.539436,0,366.50743,scenario_003,medium
11196,302,11.483906,0.496476,0.26194,0,351.464874,scenario_003,medium
11197,302,1.582643,0.41297,0.519934,1,305.074678,scenario_003,short
11198,302,3.290236,0.06228,0.235532,0,317.744073,scenario_003,short
11199,302,12.400334,0.858346,0.806878,0,366.506987,scenario_003,medium
11200,302,14.913507,0.395343,0.801156,1,328.961356,scenario_003,medium
11201,302,1.680045,0.449745,0.441109,0,307.314956,scenario_003,short
11202,302,1.068249,0.300378,0.151236,1,304.331151,scenario_003,short
11203,302,11.835172,0.392191,0.347208,0,366.139101,scenario_003,medium
11204,302,2.177216,0.215147,0.05,0,312.152107,scenario_003,short
11205,302,0.701492,0.206468,0.607864,0,304.319647,scenario_003,short
11206,302,1.427896,0.353332,1.0,0,309.935919,scenario_003,short
11207,302,1.009741,0.336487,0.205553,2,303.120924,scenario_003,short
11208,302,14.207959,0.719839,0.615425,0,358.203922,scenario_003,medium
11209,302,0.761705,0.727337,0.793231,0,305.56521,scenario_003,short
11210,302,37.142687,0.891038,0.605181,1,413.183742,scenario_003,long
11211,302,1.562981,0.220538,0.417533,1,305.423689,scenario_003,short
11212,302,1.120328,0.413931,0.240044,0,306.816212,scenario_003,short
11213,302,5.052593,0.649778,0.166033,2,307.582122,scenario_003,medium
11214,302,5.726153,0.567869,1.0,0,320.633231,scenario_003,medium
11215,302,0.603231,0.394755,0.898394,2,303.082817,scenario_003,short
11216,302,2.311034,0.075775,0.849091,1,307.908184,scenario_003,short
11217,302,1.071801,0.306801,0.660785,0,307.004804,scenario_003,short
11218,303,1.07559,0.42752,0.264332,0,308.241467,scenario_003,short
11219,303,0.974157,0.321407,0.162804,1,305.702188,scenario_003,short
11220,303,6.448155,0.712542,0.361824,0,323.355258,scenario_003,long
11221,303,9.816712,0.201221,0.316257,0,352.484352,scenario_003,medium
11222,303,11.525876,0.180705,0.86508,0,365.135015,scenario_003,medium
11223,303,13.446272,0.259728,0.665102,0,358.677544,scenario_003,medium
11224,303,1.05157,0.800353,1.0,0,308.428396,scenario_003,short
11225,303,0.669445,0.438823,0.723203,0,305.273398,scenario_003,short
11226,303,16.444289,0.736421,0.364253,0,394.674213,scenario_003,medium
11227,303,8.57106,0.451492,0.89105,0,338.344398,scenario_003,medium
11228,303,17.150115,0.222924,0.523599,0,360.822521,scenario_003,medium
11229,303,2.034484,0.263173,0.873365,1,309.126821,scenario_003,short
11230,303,13.453589,0.471129,0.595116,0,347.245988,scenario_003,medium
11231,303,1.414281,0.261388,0.473376,1,306.125174,scenario_003,short
11232,303,5.985301,0.247405,0.574657,0,324.453314,scenario_003,medium
11233,303,12.266415,0.125239,0.337191,0,350.747562,scenario_003,medium
11234,303,2.732449,0.349463,0.261528,1,308.900638,scenario_003,short
11235,303,10.863536,0.363208,0.609644,1,326.699845,scenario_003,medium
11236,303,1.276476,0.097287,0.428914,0,309.060978,scenario_003,short
11237,303,2.020834,0.058436,0.093388,2,305.590267,scenario_003,short
11238,303,1.086029,0.385879,0.443894,0,306.512542,scenario_003,short
11239,303,10.067299,0.317022,0.516984,1,325.532778,scenario_003,medium
11240,303,1.148928,0.280355,0.829944,1,305.220451,scenario_003,short
11241,303,2.423737,0.68715,0.84113,1,310.293071,scenario_003,short
11242,303,2.071147,0.288973,0.118578,0,312.791831,scenario_003,short
11243,303,15.31447,0.405561,0.736172,0,374.007996,scenario_003,medium
11244,303,1.285425,0.395219,0.319042,1,306.253698,scenario_003,short
11245,303,1.439966,0.43421,0.153886,2,305.770156,scenario_003,short
11246,303,1.535284,0.436654,0.106936,1,307.611356,scenario_003,short
11247,303,9.391148,0.659719,0.244993,0,354.685341,scenario_003,medium
11248,303,0.743822,0.090908,0.478201,2,304.185643,scenario_003,short
11249,303,2.175769,0.174343,0.05,0,310.986525,scenario_003,short
11250,303,6.6436,0.596452,1.0,1,316.543328,scenario_003,medium
11251,303,25.871939,0.643487,0.40092,0,443.224183,scenario_003,medium
11252,303,0.780881,0.280025,0.086867,1,304.635725,scenario_003,short
11253,303,1.233487,0.251078,0.696137,0,309.558198,scenario_003,short
11254,303,11.203126,0.314739,0.794067,0,359.191287,scenario_003,medium
11255,303,7.976514,0.720952,0.749492,1,325.248398,scenario_003,long
11256,303,1.743008,0.116805,0.588445,0,310.300799,scenario_003,short
11257,303,4.204492,0.225298,0.952179,1,315.363172,scenario_003,medium
11258,303,1.795582,0.443162,0.639947,1,306.590119,scenario_003,short
11259,303,1.757136,0.377949,0.76884,0,309.079202,scenario_003,short
11260,303,24.552885,0.450263,0.088793,1,375.770965,scenario_003,medium
11261,304,1.167206,0.497997,0.234849,0,310.472342,scenario_003,short
11262,304,10.309167,0.145935,0.2712,1,333.447109,scenario_003,medium
11263,304,26.618217,0.866757,0.935216,1,374.178841,scenario_003,medium
11264,304,1.184797,0.537384,1.0,2,306.262519,scenario_003,short
11265,304,12.938751,0.456734,0.437254,0,358.392744,scenario_003,medium
11266,304,1.769544,0.385295,0.233856,0,313.151288,scenario_003,short
11267,304,17.726626,0.832416,0.48862,2,327.625995,scenario_003,long
11268,304,0.776932,0.797069,0.713547,0,307.395517,scenario_003,short
11269,304,1.289782,0.416856,0.627643,1,306.152436,scenario_003,short
11270,304,1.243918,0.274775,0.79825,0,310.582799,scenario_003,short
11271,304,12.120154,0.50213,0.470186,0,348.609785,scenario_003,medium
11272,304,1.11855,0.062554,0.773094,0,310.226255,scenario_003,short
11273,304,7.052561,0.730635,0.835219,1,318.116183,scenario_003,medium
11274,304,10.885291,0.363099,0.195566,2,323.701697,scenario_003,medium
11275,304,20.942411,0.336849,0.793481,0,420.063722,scenario_003,medium
11276,304,1.416184,0.390826,0.291343,0,308.609347,scenario_003,short
11277,304,7.919304,0.159816,0.187062,0,344.325561,scenario_003,medium
11278,304,2.092279,0.066068,0.478709,1,309.453525,scenario_003,short
11279,304,1.605393,0.37141,0.78596,2,307.187249,scenario_003,short
11280,304,1.101504,0.137038,0.814085,0,308.829461,scenario_003,short
11281,304,1.421586,0.405251,0.310145,1,307.318772,scenario_003,short
11282,304,1.581826,0.053395,0.561265,0,309.102394,scenario_003,short
11283,304,6.270196,0.657589,0.97036,0,336.272206,scenario_003,medium
11284,304,1.351545,0.118392,0.524854,2,305.995736,scenario_003,short
11285,304,1.54596,0.372582,0.89618,1,307.072528,scenario_003,short
11286,304,1.469253,0.244915,0.129468,1,307.472979,scenario_003,short
11287,304,10.289031,0.492241,0.611091,0,347.691463,scenario_003,medium
11288,304,15.772935,0.318755,0.284584,0,385.655224,scenario_003,medium
11289,304,2.071957,0.304992,0.413714,1,310.215485,scenario_003,short
11290,304,0.96196,0.327664,0.593081,2,305.838045,scenario_003,short
11291,304,1.684677,0.606433,0.568505,1,308.851483,scenario_003,short
11292,304,1.9569,0.239498,0.171056,0,311.208595,scenario_003,short
11293,304,9.636688,0.641918,0.678836,0,358.443581,scenario_003,medium
11294,304,0.724418,0.232098,0.785468,1,305.51531,scenario_003,short
11295,304,31.053257,0.494944,0.6613,1,363.010281,scenario_003,long
11296,304,1.82225,0.06345,0.95692,0,312.315099,scenario_003,short
11297,304,0.963009,0.137205,0.567421,2,305.065499,scenario_003,short
11298,304,1.347909,0.416615,0.922605,0,310.111282,scenario_003,short
11299,304,0.822426,0.412476,0.348158,1,305.700204,scenario_003,short
11300,304,8.175791,1.0,0.495959,2,318.826202,scenario_003,medium
11301,305,78.707483,0.604334,1.0,0,716.256613,scenario_003,long
11302,305,12.30805,0.124005,0.277393,1,329.118347,scenario_003,medium
11303,305,2.070428,0.555163,0.511538,1,309.680569,scenario_003,short
11304,305,1.549083,0.159119,0.600851,0,311.00208,scenario_003,short
11305,305,0.994955,0.258418,0.427821,0,308.757433,scenario_003,short
11306,305,1.268618,0.090571,0.648739,0,310.531814,scenario_003,short
11307,305,1.045444,0.106303,0.201429,0,309.290291,scenario_003,short
11308,305,2.323444,0.096487,0.64499,2,308.181549,scenario_003,short
11309,305,8.57942,0.383486,0.666037,0,349.429584,scenario_003,medium
11310,305,0.954571,0.53007,0.149791,0,309.27647,scenario_003,short
11311,305,10.756113,0.183623,0.571192,1,326.033866,scenario_003,medium
11312,305,1.444355,0.226527,0.365314,1,307.919522,scenario_003,short
11313,305,10.427571,0.910673,0.899871,2,318.307705,scenario_003,medium
11314,305,1.703816,0.360379,0.690551,1,309.320157,scenario_003,short
11315,305,1.429842,0.205359,0.667805,1,309.309532,scenario_003,short
11316,305,15.797591,1.0,0.97359,0,371.508504,scenario_003,medium
11317,305,22.169704,0.382961,0.631734,0,377.245747,scenario_003,long
11318,305,0.925652,0.328863,0.152249,1,307.122392,scenario_003,short
11319,305,16.824136,0.299217,0.091194,2,325.392973,scenario_003,medium
11320,305,1.453132,0.687351,0.400367,0,309.968395,scenario_003,short
11321,305,1.16299,0.433117,0.659846,0,310.763919,scenario_003,short
11322,305,2.554159,0.449201,0.94642,0,315.164271,scenario_003,short
11323,305,6.363492,0.217416,0.206196,2,314.785044,scenario_003,medium
11324,305,0.783299,0.608336,0.315997,0,309.08027,scenario_003,short
11325,305,7.62933,0.615002,0.901658,0,346.021606,scenario_003,long
11326,305,2.389325,0.05863,0.142215,1,311.487722,scenario_003,short
11327,305,5.852855,0.465763,0.551912,0,327.97651,scenario_003,medium
11328,305,1.865209,0.51409,0.242705,0,311.390537,scenario_003,short
11329,305,1.959186,0.512712,0.793562,0,313.017369,scenario_003,short
11330,305,1.041242,0.408493,0.619812,0,308.349717,scenario_003,short
11331,305,13.531641,0.263736,0.109783,0,348.344602,scenario_003,medium
11332,305,1.004789,0.662491,0.776996,0,310.278449,scenario_003,short
11333,305,1.606725,0.196401,0.970045,1,307.783258,scenario_003,short
11334,305,14.126477,0.584784,0.82355,0,351.526548,scenario_003,medium
11335,305,1.491821,0.100919,0.768596,2,307.967246,scenario_003,short
11336,305,11.198776,0.599211,0.990856,1,337.489976,scenario_003,medium
11337,305,1.13399,0.07645,0.76703,1,307.916094,scenario_003,short
11338,305,16.63571,0.552084,0.927786,0,380.201144,scenario_003,medium
11339,305,1.752375,0.357462,0.68767,1,308.345899,scenario_003,short
11340,305,1.759064,0.19869,0.417703,2,308.317718,scenario_003,short
11341,305,18.27046,0.302944,0.12333,0,375.472461,scenario_003,medium
11342,305,1.149057,0.318175,0.119105,0,310.351113,scenario_003,short
11343,305,1.678903,0.160893,0.226574,1,308.504401,scenario_003,short
11344,305,1.450111,0.702725,0.72661,0,309.582454,scenario_003,short
11345,305,1.221063,0.12008,0.831861,1,308.579542,scenario_003,short
11346,305,9.351157,0.580755,0.707749,0,347.555767,scenario_003,medium
11347,305,0.973069,0.212076,0.307129,0,310.475629,scenario_003,short
11348,305,16.388339,0.830343,0.814538,0,367.065014,scenario_003,medium
11349,305,0.8899,0.4149,0.89504,1,306.646676,scenario_003,short
11350,305,8.498868,0.303732,0.369913,0,336.009743,scenario_003,medium
11351,305,1.728133,0.814492,0.48999,1,308.468116,scenario_003,short
11352,305,0.924541,0.416373,0.50714,0,309.627936,scenario_003,short
11353,305,1.503565,0.421938,0.954419,1,307.798957,scenario_003,short
11354,306,2.124399,0.172108,0.267599,0,316.46751,scenario_003,short
11355,306,50.03418,0.91673,0.431782,1,422.023903,scenario_003,long
11356,306,0.948203,0.149137,0.450349,0,310.254126,scenario_003,short
11357,306,15.931823,0.349163,0.896939,1,347.856196,scenario_003,medium
11358,306,0.625733,0.38968,0.707381,0,308.062147,scenario_003,short
11359,306,1.754196,0.462325,0.929423,1,309.429868,scenario_003,short
11360,306,1.081538,0.340051,0.617392,1,307.789711,scenario_003,short
11361,306,1.849364,0.850665,0.727988,0,315.349262,scenario_003,short
11362,306,8.389829,0.712957,0.517677,1,323.646376,scenario_003,medium
11363,306,1.1793,0.629824,0.639795,0,311.859401,scenario_003,short
11364,306,1.884102,0.79024,0.849772,1,309.908619,scenario_003,short
11365,306,1.24926,0.21111,0.324731,0,312.299817,scenario_003,short
11366,306,15.301239,0.176856,1.0,0,371.358306,scenario_003,medium
11367,306,1.017549,0.526275,0.431803,0,311.757118,scenario_003,short
11368,306,1.084227,0.394557,0.897902,1,307.867317,scenario_003,short
11369,306,1.693681,0.054159,0.721073,1,309.902382,scenario_003,short
11370,306,1.706402,0.083202,0.608952,0,311.452216,scenario_003,short
11371,306,0.843221,0.110847,0.385596,0,308.877011,scenario_003,short
11372,306,13.577375,0.57874,0.669635,0,367.484245,scenario_003,medium
11373,306,1.279529,0.167143,0.829396,0,311.109152,scenario_003,short
11374,306,2.820969,0.051595,0.162195,0,317.408817,scenario_003,short
11375,306,1.220609,0.494506,0.303622,2,308.158423,scenario_003,short
11376,306,8.475475,0.466716,0.393041,0,339.103964,scenario_003,medium
11377,306,18.020525,0.650081,0.621684,0,376.85838,scenario_003,medium
11378,306,1.645231,0.489601,0.715568,0,313.205002,scenario_003,short
11379,306,1.055469,0.623056,0.746978,0,309.829804,scenario_003,short
11380,306,1.393896,0.681091,0.624545,0,312.876692,scenario_003,short
11381,306,1.38414,0.068958,0.559491,0,313.628174,scenario_003,short
11382,306,1.28597,0.071062,0.097192,0,310.588865,scenario_003,short
11383,306,0.880959,0.360475,0.841364,0,309.447476,scenario_003,short
11384,306,6.774022,0.598004,0.778485,0,343.385133,scenario_003,medium
11385,306,0.902593,0.68851,0.433655,0,310.924753,scenario_003,short
11386,306,1.662019,0.383898,0.750664,0,312.927613,scenario_003,short
11387,306,1.194938,0.065169,0.229164,0,310.569166,scenario_003,short
11388,306,1.301261,0.292821,0.195934,0,312.960705,scenario_003,short
11389,306,1.794465,0.444184,0.193069,2,308.369081,scenario_003,short
11390,307,17.447146,0.454044,0.349913,0,383.632704,scenario_003,medium
11391,307,0.880042,0.359786,0.515189,1,309.026079,scenario_003,short
11392,307,10.044971,0.900859,0.852362,1,325.586278,scenario_003,medium
11393,307,2.111565,0.426584,0.819304,0,317.507451,scenario_003,short
11394,307,16.336739,0.386216,0.421276,0,388.865904,scenario_003,medium
11395,307,17.870126,0.893095,0.848518,0,385.988345,scenario_003,long
11396,307,0.693526,0.401473,0.302082,0,310.353128,scenario_003,short
11397,307,1.575147,0.50448,0.872841,0,313.830007,scenario_003,short
11398,307,10.467454,0.543552,0.332061,0,352.663331,scenario_003,medium
11399,307,17.754472,0.42247,0.689099,2,342.609998,scenario_003,medium
11400,307,0.848336,0.124892,0.05,1,308.740052,scenario_003,short
11401,307,8.547168,0.13431,0.06872,2,320.797993,scenario_003,medium
11402,307,5.34389,0.289614,0.857408,2,314.617669,scenario_003,medium
11403,307,14.821882,0.217265,0.623511,1,338.608393,scenario_003,medium
11404,307,1.25986,0.111578,0.459389,0,312.971289,scenario_003,short
11405,307,8.108186,0.893134,0.596571,0,344.309449,scenario_003,medium
11406,307,8.666575,0.667679,0.169647,1,328.090635,scenario_003,medium
11407,307,27.836888,1.0,0.479281,0,395.550508,scenario_003,long
11408,307,18.359275,0.758028,1.0,0,404.630275,scenario_003,long
11409,307,12.828207,0.963577,0.594979,1,332.421789,scenario_003,medium
11410,307,3.545141,0.355469,0.914484,1,315.506502,scenario_003,short
11411,307,13.154441,0.629269,0.499834,0,351.751207,scenario_003,medium
11412,307,1.398836,0.20285,0.595036,0,313.350995,scenario_003,short
11413,307,1.108833,0.334495,0.671592,0,311.228291,scenario_003,short
11414,307,8.048223,0.54106,0.611738,2,316.217113,scenario_003,medium
11415,307,0.575394,0.314297,0.25274,1,308.667576,scenario_003,short
11416,307,2.488884,0.162885,0.35799,0,316.315873,scenario_003,short
11417,307,3.055395,0.402394,0.667338,0,323.313192,scenario_003,short
11418,307,2.927858,0.059958,0.706137,1,311.858331,scenario_003,short
11419,307,2.870281,0.630927,0.8389,0,316.511546,scenario_003,short
11420,307,0.913853,0.20325,0.606626,1,308.953187,scenario_003,short
11421,307,25.099621,0.987054,0.860382,1,382.563922,scenario_003,medium
11422,307,1.374271,0.343758,0.407988,0,311.903475,scenario_003,short
11423,307,1.264188,0.251316,0.221299,2,309.481792,scenario_003,short
11424,307,12.539098,0.179471,0.570977,1,331.2122,scenario_003,medium
11425,307,1.04522,0.285568,0.633398,0,311.36592,scenario_003,short
11426,307,12.582602,0.682905,0.543588,2,325.8875,scenario_003,medium
11427,307,2.598766,0.253001,0.723764,2,311.719933,scenario_003,short
11428,307,1.308153,0.506355,0.661231,1,309.678735,scenario_003,short
11429,307,17.299548,0.600572,0.406641,0,366.892452,scenario_003,medium
11430,307,3.001792,0.282635,0.323268,1,314.137282,scenario_003,short
11431,307,1.443692,0.381522,0.631864,0,314.203109,scenario_003,short
11432,307,16.011203,0.549871,0.51618,1,336.416222,scenario_003,medium
11433,307,7.137076,0.156839,0.817667,1,323.507932,scenario_003,medium
11434,307,1.993583,0.344072,0.292896,2,309.773444,scenario_003,short
11435,307,9.684905,0.674941,0.379099,1,327.907926,scenario_003,medium
11436,307,1.114467,0.42474,0.905373,0,311.937237,scenario_003,short
11437,307,1.248967,0.364316,0.782857,2,308.91791,scenario_003,short
11438,307,6.438355,0.851942,0.273813,1,322.190962,scenario_003,medium
11439,307,1.089903,0.089078,0.216401,0,311.614958,scenario_003,short
11440,307,2.263373,0.0748,0.988626,0,317.871289,scenario_003,short
11441,307,8.474799,0.696175,0.949189,0,336.839923,scenario_003,medium
11442,307,1.150548,0.059079,0.657692,2,308.374051,scenario_003,short
11443,307,1.775025,0.362003,0.833344,0,316.048926,scenario_003,short
11444,307,1.158788,0.36903,0.582396,1,310.307026,scenario_003,short
11445,307,1.433168,0.194681,0.612144,1,309.366984,scenario_003,short
11446,307,1.024471,0.438452,0.374297,2,308.955763,scenario_003,short
11447,307,9.875156,0.481946,1.0,0,355.46265,scenario_003,medium
11448,307,1.944654,0.148975,0.449118,0,315.862708,scenario_003,short
11449,307,1.127057,0.411705,0.050956,0,310.732261,scenario_003,short
11450,307,0.828095,0.36499,0.806313,1,308.56905,scenario_003,short
11451,307,11.778416,0.591879,0.433239,0,362.614611,scenario_003,medium
11452,307,19.579745,0.907714,0.904701,1,356.17297,scenario_003,medium
11453,307,1.072002,0.671084,0.241409,0,311.619903,scenario_003,short
11454,307,1.202868,0.310641,0.496042,0,311.794427,scenario_003,short
11455,307,1.562417,0.272265,0.377158,0,314.24958,scenario_003,short
11456,307,20.187,0.959,1.0,1,358.648832,scenario_003,long
11457,307,1.552362,0.437662,0.299838,1,311.085062,scenario_003,short
11458,307,6.27058,0.391787,0.708098,1,322.220296,scenario_003,medium
11459,307,10.585782,0.433621,0.736033,0,341.010677,scenario_003,medium
11460,307,1.903623,0.115471,0.327985,2,309.531776,scenario_003,short
11461,307,1.651278,0.303902,0.741588,0,312.909445,scenario_003,short
11462,307,1.339274,0.660298,0.252506,1,309.78076,scenario_003,short
11463,307,1.847695,0.251834,0.910369,0,313.856793,scenario_003,short
11464,307,2.698741,0.394173,0.700603,0,316.81232,scenario_003,short
11465,307,7.728687,0.433929,0.854098,0,335.429065,scenario_003,medium
11466,307,9.793401,0.791274,0.543837,1,324.470787,scenario_003,medium
11467,307,22.869455,0.792315,0.685211,1,359.963419,scenario_003,long
11468,307,9.125936,0.593854,0.674329,2,323.712246,scenario_003,long
11469,307,7.023059,0.417365,0.580312,1,322.958786,scenario_003,medium
11470,307,2.246964,0.131254,0.77176,0,316.98396,scenario_003,short
11471,307,13.660399,0.652158,0.554281,0,377.221053,scenario_003,medium
11472,307,8.10207,0.566204,0.22673,2,322.961382,scenario_003,medium
11473,307,1.282346,0.635165,0.400353,0,311.798179,scenario_003,short
11474,307,1.432073,0.122875,0.47666,2,309.130229,scenario_003,short
11475,307,0.942127,0.708351,0.714946,1,309.202954,scenario_003,short
11476,307,1.073858,0.227184,0.240082,2,308.739909,scenario_003,short
11477,307,1.412247,0.195538,0.419722,1,310.400796,scenario_003,short
11478,307,1.264844,0.057756,0.324507,0,312.939773,scenario_003,short
11479,307,1.1221,0.166362,0.579222,1,309.201872,scenario_003,short
11480,307,1.403398,0.569105,0.393648,0,312.68025,scenario_003,short
11481,307,2.823573,0.322958,0.794825,2,310.623066,scenario_003,short
11482,307,36.310012,1.0,0.788518,1,396.485588,scenario_003,long
11483,307,19.068972,0.257089,0.267348,1,354.632301,scenario_003,long
11484,307,1.801935,0.67913,0.941173,1,310.655039,scenario_003,short
11485,307,6.377793,0.37861,0.212734,0,330.776089,scenario_003,medium
11486,307,15.1166,0.554184,0.972936,0,381.170545,scenario_003,medium
11487,307,1.606532,0.10613,0.79308,0,312.396445,scenario_003,short
11488,307,16.938933,0.157022,0.554552,0,388.824598,scenario_003,medium
11489,307,6.761959,1.0,0.716775,0,335.849597,scenario_003,medium
11490,307,9.382547,0.522516,0.762945,1,332.941267,scenario_003,medium
11491,307,1.272443,0.371961,0.819985,0,311.921918,scenario_003,short
11492,307,10.225967,0.716048,0.81588,0,351.685242,scenario_003,medium
11493,307,0.999177,0.390676,0.384113,0,312.568609,scenario_003,short
11494,307,0.646035,0.653589,0.545736,0,310.164661,scenario_003,short
11495,307,1.493688,0.169983,0.273306,0,315.205475,scenario_003,short
11496,307,1.260215,0.378698,0.779612,2,309.181139,scenario_003,short
11497,307,6.744119,0.287955,0.73016,0,340.728327,scenario_003,medium
11498,307,1.405731,0.289993,0.404028,2,308.869361,scenario_003,short
11499,307,5.055027,0.140669,0.615882,0,334.386243,scenario_003,medium
11500,307,19.711188,0.280951,0.713497,1,363.656629,scenario_003,medium
11501,307,6.336818,0.425726,0.794687,0,330.610765,scenario_003,medium
11502,307,15.251947,0.326658,0.730718,0,378.998608,scenario_003,medium
11503,307,1.415719,0.480765,0.709281,0,312.7819,scenario_003,short
11504,307,1.645092,0.340352,1.0,0,314.496912,scenario_003,short
11505,307,0.574813,0.385901,0.869868,1,308.528628,scenario_003,short
11506,307,1.947694,0.222794,0.417032,2,309.644274,scenario_003,short
11507,307,34.076658,0.915138,0.560376,0,482.597238,scenario_003,long
11508,307,14.627484,0.504597,0.240198,0,366.415563,scenario_003,medium
11509,308,2.659691,0.145119,0.3112,1,314.398674,scenario_003,short
11510,308,1.266695,0.401416,0.586198,1,310.153041,scenario_003,short
11511,308,1.497049,0.225485,0.360318,0,312.906555,scenario_003,short
11512,308,1.886604,0.274615,0.681768,0,314.229576,scenario_003,short
11513,308,15.366994,0.330948,0.05,0,382.434715,scenario_003,medium
11514,308,1.789932,0.154228,0.379757,0,315.812431,scenario_003,short
11515,308,1.081906,0.679577,0.769418,0,314.05837,scenario_003,short
11516,308,1.205529,0.054906,0.585655,0,312.63979,scenario_003,short
11517,308,19.653611,0.425147,0.50748,0,399.674727,scenario_003,long
11518,308,2.03079,0.197728,0.906107,1,312.825759,scenario_003,short
11519,308,1.037923,0.147658,0.6362,2,309.639762,scenario_003,short
11520,308,0.779427,0.145913,0.751348,0,310.778284,scenario_003,short
11521,308,1.193342,0.250617,0.294437,0,314.280143,scenario_003,short
11522,308,2.003426,0.842935,0.596319,0,314.304277,scenario_003,short
11523,308,14.571725,0.486955,0.702948,1,340.025919,scenario_003,medium
11524,308,9.383792,0.474048,0.817639,0,341.044229,scenario_003,long
11525,308,19.123185,0.583013,0.400818,2,332.327347,scenario_003,medium
11526,308,1.123078,0.111075,0.05,2,309.881378,scenario_003,short
11527,308,13.747006,1.0,0.35442,1,347.080772,scenario_003,medium
11528,308,1.381866,0.230688,0.971394,0,314.066062,scenario_003,short
11529,308,0.828638,0.759899,0.757663,1,310.289788,scenario_003,short
11530,308,9.521988,0.676902,0.690936,0,359.255733,scenario_003,medium
11531,308,1.224579,0.127777,0.456939,1,311.607904,scenario_003,short
11532,308,14.267438,0.37216,0.946262,0,379.210709,scenario_003,medium
11533,308,1.515394,0.138337,0.055047,1,312.343124,scenario_003,short
11534,308,9.165114,0.341138,0.617142,0,343.566784,scenario_003,long
11535,308,17.169996,1.0,0.305073,2,329.107026,scenario_003,long
11536,308,10.467315,0.805763,0.879938,0,346.851919,scenario_003,medium
11537,308,2.040213,0.165549,0.16132,0,318.488148,scenario_003,short
11538,308,7.505562,0.331592,0.909423,1,329.39929,scenario_003,medium
11539,308,1.454877,0.834874,0.804406,2,310.192279,scenario_003,short
11540,308,1.240725,0.181162,0.390879,0,314.701615,scenario_003,short
11541,308,2.981301,0.290088,0.443943,1,313.821506,scenario_003,short
11542,308,10.299771,0.953117,0.481655,1,332.099525,scenario_003,medium
11543,308,2.421251,0.66023,0.141195,1,313.696964,scenario_003,short
11544,308,21.192664,0.972399,0.965057,1,365.08861,scenario_003,long
11545,308,2.016622,0.238862,0.141117,2,311.47011,scenario_003,short
11546,308,2.28185,0.232188,0.381019,0,320.811398,scenario_003,short
11547,308,2.402376,0.630803,0.295411,0,318.213293,scenario_003,short
11548,308,1.360866,0.552133,0.928908,2,310.043722,scenario_003,short
11549,308,11.51049,0.135499,0.764779,2,327.444007,scenario_003,medium
11550,308,10.180795,0.703797,0.115461,1,338.191139,scenario_003,medium
11551,308,1.865213,0.27084,0.707399,0,315.437074,scenario_003,short
11552,308,2.125035,0.246798,0.453423,1,312.293585,scenario_003,short
11553,308,18.344299,0.475227,0.167912,1,345.500307,scenario_003,medium
11554,308,15.758358,0.609516,0.308537,0,367.624303,scenario_003,medium
11555,308,0.96159,0.816933,0.669307,0,313.224137,scenario_003,short
11556,308,0.90473,0.8119,1.0,0,311.524733,scenario_003,short
11557,308,1.566936,0.745861,0.866823,0,314.480288,scenario_003,short
11558,308,0.897483,0.315623,0.65892,0,311.999187,scenario_003,short
11559,308,1.355024,0.089463,0.456534,0,313.804357,scenario_003,short
11560,308,2.569941,0.143102,0.097764,1,314.362862,scenario_003,short
11561,308,15.66196,0.477127,0.523863,0,378.063209,scenario_003,medium
11562,308,1.370484,0.114283,0.15278,1,311.456508,scenario_003,short
11563,308,1.313726,0.571051,0.418414,0,314.848246,scenario_003,short
11564,308,12.763877,0.299582,0.763627,0,364.452264,scenario_003,medium
11565,308,0.855577,0.459452,1.0,0,310.869969,scenario_003,short
11566,308,1.759365,0.620513,0.156364,0,315.174745,scenario_003,short
11567,308,7.470293,0.585261,0.483707,0,332.019744,scenario_003,medium
11568,308,0.821757,0.438232,0.600312,1,309.581834,scenario_003,short
11569,308,23.496584,0.483847,0.7389,2,337.4031,scenario_003,medium
11570,308,10.088696,0.649255,0.910512,0,347.765649,scenario_003,medium
11571,308,10.623865,0.134317,0.17774,0,361.99022,scenario_003,medium
11572,308,0.609339,0.128965,0.112604,0,310.260769,scenario_003,short
11573,308,3.412756,0.078355,0.065515,2,314.687954,scenario_003,short
11574,308,1.876607,0.243544,0.686636,0,316.520859,scenario_003,short
11575,308,0.807762,0.196158,0.05,2,309.261378,scenario_003,short
11576,308,2.029293,0.796019,0.347599,0,317.386156,scenario_003,short
11577,308,0.823495,0.245358,0.703023,0,312.361335,scenario_003,short
11578,308,1.734988,0.623624,0.344452,0,316.463851,scenario_003,short
11579,308,2.120724,0.304999,0.553239,0,314.953267,scenario_003,short
11580,308,0.771802,0.55673,0.681436,1,309.91734,scenario_003,short
11581,308,1.194609,0.163653,0.672732,2,309.657345,scenario_003,short
11582,308,11.835381,0.528535,0.838148,1,337.188947,scenario_003,medium
11583,308,1.544504,0.38938,0.30645,1,311.772234,scenario_003,short
11584,308,11.361473,0.203573,0.721706,0,351.299241,scenario_003,medium
11585,308,1.426331,0.26817,0.75531,0,314.736271,scenario_003,short
11586,308,1.319061,0.60605,0.820601,0,314.239476,scenario_003,short
11587,308,11.455672,0.545126,1.0,0,356.113512,scenario_003,medium
11588,308,5.531454,0.708201,0.354721,0,331.902769,scenario_003,medium
11589,308,1.727119,0.42422,0.251598,0,316.462327,scenario_003,short
11590,308,2.646569,0.186796,0.540821,0,321.809739,scenario_003,short
11591,308,0.81786,0.063136,0.574752,2,309.34686,scenario_003,short
11592,308,0.940179,0.083287,0.710269,0,311.952176,scenario_003,short
11593,308,14.640655,0.679038,0.903814,0,354.22952,scenario_003,medium
11594,308,15.925101,0.819263,0.451371,0,364.733355,scenario_003,medium
11595,308,1.171089,0.44211,0.729886,0,312.76765,scenario_003,short
11596,308,0.746172,0.371126,0.840905,1,309.259562,scenario_003,short
11597,308,1.193118,0.071994,0.447312,1,311.016724,scenario_003,short
11598,308,15.151237,1.0,0.495158,0,361.438751,scenario_003,long
11599,308,2.655659,0.402315,0.127931,2,311.216687,scenario_003,short
11600,308,1.189907,0.223781,0.703069,0,312.322692,scenario_003,short
11601,308,1.210868,0.630134,0.425554,0,312.668521,scenario_003,short
11602,308,5.743051,0.914409,0.827495,1,323.872738,scenario_003,medium
11603,308,1.408621,0.497799,0.242387,1,310.826292,scenario_003,short
11604,308,9.300464,0.66605,0.365921,1,334.879897,scenario_003,medium
11605,308,0.947448,0.414398,0.739478,2,309.485916,scenario_003,short
11606,308,6.469988,0.353292,0.460711,1,323.973176,scenario_003,medium
11607,308,11.697479,0.541435,0.947463,1,340.483958,scenario_003,medium
11608,308,2.16281,0.168524,0.876593,1,312.993453,scenario_003,short
11609,308,42.438818,1.0,0.990016,0,480.746675,scenario_003,long
11610,308,1.837804,0.415911,0.838898,2,310.309526,scenario_003,short
11611,308,1.415319,0.315763,0.496658,0,314.611746,scenario_003,short
11612,308,0.970297,0.164638,0.752377,0,312.492523,scenario_003,short
11613,308,0.940385,0.059203,0.77544,2,309.458146,scenario_003,short
11614,308,18.382045,0.723265,0.104208,1,352.914407,scenario_003,long
11615,308,1.859775,0.137501,0.059814,1,313.503818,scenario_003,short
11616,308,15.377763,0.289324,0.575549,0,361.339047,scenario_003,medium
11617,308,0.90582,0.134029,0.642917,0,311.701422,scenario_003,short
11618,308,1.316349,0.719799,0.543247,1,310.608302,scenario_003,short
11619,308,1.401915,0.319635,0.335641,0,315.246839,scenario_003,short
11620,308,15.823496,0.389544,0.623059,0,393.104474,scenario_003,medium
11621,308,8.981207,0.356108,1.0,1,329.829384,scenario_003,medium
11622,308,15.626251,0.229085,0.460577,0,362.887941,scenario_003,medium
11623,308,1.395886,0.282999,0.506676,1,311.411948,scenario_003,short
11624,308,1.14945,0.644184,0.371483,1,310.470523,scenario_003,short
11625,308,9.046288,0.71478,0.684784,0,358.591886,scenario_003,medium
11626,308,35.425065,0.611061,0.405311,1,380.112294,scenario_003,long
11627,308,10.444239,0.848727,1.0,0,353.188553,scenario_003,medium
11628,308,0.821969,0.201191,0.744174,0,311.967647,scenario_003,short
11629,308,1.04823,0.559339,0.937239,0,311.993182,scenario_003,short
11630,308,1.886448,0.158732,1.0,0,315.709259,scenario_003,short
11631,309,1.584004,0.262068,0.832761,0,314.605375,scenario_003,short
11632,309,12.461027,0.564915,0.278032,1,339.009255,scenario_003,medium
11633,309,3.335122,0.384788,0.114457,1,315.721358,scenario_003,short
11634,309,0.79491,0.680554,1.0,0,312.36705,scenario_003,short
11635,309,1.023647,0.27663,0.489,0,313.233956,scenario_003,short
11636,309,12.303797,0.44137,0.195133,1,345.223341,scenario_003,medium
11637,309,1.06747,0.371667,0.455098,1,311.101414,scenario_003,short
11638,309,9.549946,0.317457,0.661172,1,325.81434,scenario_003,medium
11639,309,6.265853,0.657541,1.0,0,333.234791,scenario_003,medium
11640,309,2.359011,0.090349,0.356245,0,319.220892,scenario_003,short
11641,309,1.333737,0.583943,0.881432,0,313.175733,scenario_003,short
11642,309,15.062975,0.54012,0.070752,0,360.087624,scenario_003,medium
11643,309,1.617121,0.422429,0.496749,0,314.682197,scenario_003,short
11644,309,39.673232,0.799186,0.686363,0,516.669984,scenario_003,long
11645,309,1.500126,0.344689,0.445442,0,315.366715,scenario_003,short
11646,309,1.641231,0.440087,0.40589,0,318.026345,scenario_003,short
11647,309,1.219174,0.719062,0.807511,2,310.653959,scenario_003,short
11648,309,1.496763,0.127779,0.784433,2,311.330266,scenario_003,short
11649,309,1.78437,0.240221,0.162476,0,317.956355,scenario_003,short
11650,309,1.849444,0.052878,0.751934,1,312.250341,scenario_003,short
11651,309,1.532861,0.595677,0.701209,0,313.920986,scenario_003,short
11652,309,1.018452,0.118758,0.306458,0,313.896787,scenario_003,short
11653,309,1.354258,0.164037,0.646994,0,315.396457,scenario_003,short
11654,309,8.100762,0.641658,0.912456,0,339.200766,scenario_003,medium
11655,309,1.056888,0.213027,0.244859,2,310.984259,scenario_003,short
11656,309,2.520633,0.105787,0.573249,1,316.226402,scenario_003,short
11657,309,12.986806,0.855121,0.875262,0,361.09795,scenario_003,medium
11658,309,0.810971,0.076468,0.094143,0,312.447486,scenario_003,short
11659,309,1.379492,0.419633,1.0,0,316.020452,scenario_003,short
11660,309,1.973964,0.114094,0.442771,1,313.333759,scenario_003,short
11661,309,1.202077,0.44868,0.796126,1,312.617691,scenario_003,short
11662,309,1.938699,0.435055,0.504281,2,311.881733,scenario_003,short
11663,309,1.539586,0.363058,0.72272,0,315.279843,scenario_003,short
11664,309,9.512665,0.431671,0.178457,1,329.515028,scenario_003,medium
11665,309,1.040758,0.380086,0.302156,0,313.112941,scenario_003,short
11666,309,1.225167,0.59092,0.480166,0,313.787596,scenario_003,short
11667,309,2.166054,0.055233,0.278795,1,313.50848,scenario_003,short
11668,309,1.186195,0.295477,0.622586,0,313.239357,scenario_003,short
11669,309,19.657812,0.363489,0.323421,1,360.738908,scenario_003,medium
11670,309,21.934661,0.795537,0.729274,1,358.610061,scenario_003,long
11671,309,1.806621,0.415408,0.459019,1,313.776976,scenario_003,short
11672,309,1.465878,0.358856,0.142817,1,312.779839,scenario_003,short
11673,309,1.351715,0.496162,0.73932,1,311.555051,scenario_003,short
11674,309,5.429106,0.513997,0.075035,1,324.724237,scenario_003,medium
11675,309,2.260648,0.186897,0.179157,1,313.642994,scenario_003,short
11676,309,1.93176,0.382012,0.450076,1,312.59136,scenario_003,short
11677,309,16.255891,0.497786,0.374646,1,349.902259,scenario_003,medium
11678,309,1.035477,0.306082,0.167997,0,313.652706,scenario_003,short
11679,309,0.803387,0.338889,0.491543,1,310.445378,scenario_003,short
11680,309,18.646577,0.64534,0.246905,0,403.28669,scenario_003,medium
11681,309,12.515751,0.908599,0.755838,2,333.571633,scenario_003,medium
11682,309,6.474845,0.692542,0.168318,0,340.222095,scenario_003,medium
11683,309,10.511738,0.319811,0.150647,0,356.906735,scenario_003,medium
11684,309,1.154466,0.229338,0.164757,0,314.296533,scenario_003,short
11685,309,9.075954,0.289786,0.343357,2,320.112878,scenario_003,medium
11686,309,2.215232,0.105718,0.418325,1,314.527246,scenario_003,short
11687,309,2.064303,0.360179,0.761289,1,314.063601,scenario_003,short
11688,309,16.642514,0.655208,0.545579,1,347.53392,scenario_003,medium
11689,309,15.007692,1.0,0.380377,0,383.081471,scenario_003,medium
11690,309,1.139306,0.238898,0.506226,1,311.327028,scenario_003,short
11691,309,0.798024,0.507586,0.887714,0,311.945916,scenario_003,short
11692,309,10.018724,0.392288,0.393492,2,320.725012,scenario_003,medium
11693,309,28.529288,0.462447,0.398957,0,465.054764,scenario_003,long
11694,309,1.285964,0.743667,0.481273,0,313.012535,scenario_003,short
11695,309,1.608103,0.141232,0.885786,0,317.260021,scenario_003,short
11696,309,9.019422,0.454087,0.56246,1,330.55688,scenario_003,medium
11697,309,11.783347,0.656829,0.301918,0,365.852736,scenario_003,medium
11698,309,1.408092,0.442183,0.05,1,311.817116,scenario_003,short
11699,309,14.715393,0.450655,0.11463,1,346.591721,scenario_003,medium
11700,309,0.784638,0.50301,0.075749,0,313.414561,scenario_003,short
11701,309,8.161499,0.364765,0.60815,1,330.114468,scenario_003,medium
11702,309,24.661293,0.851474,0.722207,0,447.045797,scenario_003,long
11703,309,1.976504,0.410269,0.437942,1,314.664773,scenario_003,short
11704,309,2.037065,0.262768,0.510675,0,317.630081,scenario_003,short
11705,309,1.391969,0.737459,0.651768,0,315.525517,scenario_003,short
11706,309,12.074344,0.711233,0.538836,0,366.739923,scenario_003,medium
11707,309,1.636616,0.067817,0.490769,0,315.846341,scenario_003,short
11708,309,1.576961,0.234935,0.800933,1,313.518566,scenario_003,short
11709,309,1.272107,0.093943,0.852242,2,311.294414,scenario_003,short
11710,309,0.961851,0.084513,0.28108,1,311.199225,scenario_003,short
11711,309,13.230797,0.532067,0.946436,2,326.365933,scenario_003,medium
11712,309,0.684687,0.337482,0.477877,0,311.978436,scenario_003,short
11713,309,11.788836,0.772822,0.493222,0,356.290964,scenario_003,medium
11714,309,0.994043,0.375249,0.732937,0,313.822628,scenario_003,short
11715,309,1.217015,0.506227,0.320321,0,314.142242,scenario_003,short
11716,309,3.557243,0.18386,0.886917,0,323.140233,scenario_003,medium
11717,309,1.350771,0.198747,0.916637,0,313.640723,scenario_003,short
11718,309,0.950015,0.414194,0.565379,1,311.628565,scenario_003,short
11719,309,1.795937,0.244441,0.39031,2,312.131816,scenario_003,short
11720,309,1.044683,0.777503,0.698407,1,311.858774,scenario_003,short
11721,309,1.567015,0.1604,0.498599,1,313.483376,scenario_003,short
11722,309,12.218468,0.404119,0.793033,0,358.704811,scenario_003,medium
11723,309,21.902248,0.92496,1.0,0,400.540475,scenario_003,medium
11724,309,1.050887,0.218425,0.370321,2,310.329764,scenario_003,short
11725,309,0.919524,0.31948,0.64611,1,310.621335,scenario_003,short
11726,309,0.968564,0.188403,0.854464,2,310.850696,scenario_003,short
11727,309,3.281649,0.306078,0.688054,0,323.552867,scenario_003,short
11728,309,1.971301,0.350649,0.525902,0,316.497676,scenario_003,short
11729,309,1.219749,0.447445,1.0,2,310.434263,scenario_003,short
11730,309,5.234834,0.256455,0.65089,0,333.84837,scenario_003,medium
11731,309,13.275434,0.610131,0.40674,0,374.918045,scenario_003,medium
11732,309,1.095276,0.114938,0.525364,1,311.102229,scenario_003,short
11733,309,0.769695,0.107138,0.752153,1,310.443532,scenario_003,short
11734,309,1.64661,0.179087,1.0,0,317.752552,scenario_003,short
11735,309,2.183402,0.388911,0.738421,0,317.707541,scenario_003,short
11736,309,2.038007,0.390638,0.139376,0,320.138794,scenario_003,short
11737,309,1.649692,0.190981,0.169746,0,315.757489,scenario_003,short
11738,309,12.399336,0.242614,1.0,2,330.632572,scenario_003,medium
11739,309,8.184772,0.395557,0.368678,2,324.792626,scenario_003,medium
11740,309,0.589392,0.19723,0.549701,0,310.832231,scenario_003,short
11741,309,1.978244,0.298851,0.81565,1,313.355437,scenario_003,short
11742,309,1.214185,0.3787,0.481072,0,313.479553,scenario_003,short
11743,309,1.66053,0.356653,0.229366,2,312.26367,scenario_003,short
11744,309,1.434836,0.055429,0.645839,1,312.694379,scenario_003,short
11745,309,9.441336,0.534987,0.882417,0,339.989529,scenario_003,medium
11746,309,6.449537,0.67472,0.912007,0,337.798707,scenario_003,medium
11747,309,39.037381,0.718389,0.575189,2,365.121246,scenario_003,long
11748,309,14.397139,0.581285,0.256835,2,332.343744,scenario_003,medium
11749,309,0.587132,0.095331,0.15914,0,312.166651,scenario_003,short
11750,309,2.406355,0.360825,0.533721,0,322.067766,scenario_003,short
11751,309,0.834792,0.15837,0.326217,1,311.05134,scenario_003,short
11752,309,1.033689,0.317734,0.917775,2,310.409889,scenario_003,short
11753,309,1.823547,0.170245,0.505699,0,318.217027,scenario_003,short
11754,309,22.134728,0.673308,0.877488,0,396.953739,scenario_003,medium
11755,309,0.954878,0.593985,0.783511,1,311.524636,scenario_003,short
11756,309,13.216165,0.335576,0.591996,0,355.69722,scenario_003,medium
11757,309,4.779726,0.678341,0.635975,0,332.143204,scenario_003,medium
11758,309,2.073414,0.306828,0.255883,1,312.983159,scenario_003,short
11759,309,61.755151,0.779994,0.466788,1,429.999131,scenario_003,long
11760,309,46.096788,0.350507,0.446718,1,422.777996,scenario_003,long
11761,309,0.763356,0.112749,0.287301,1,310.322324,scenario_003,short
11762,309,34.673655,0.734097,0.393417,0,426.275068,scenario_003,long
11763,310,7.83962,0.652147,0.670039,0,344.943623,scenario_003,medium
11764,310,1.119146,0.327979,0.686706,0,314.956758,scenario_003,short
11765,310,0.920692,0.443654,0.548065,0,314.024849,scenario_003,short
11766,310,3.039214,0.266826,0.555644,1,315.81539,scenario_003,short
11767,310,1.664006,0.124909,0.689454,0,315.934162,scenario_003,short
11768,310,3.565648,0.455644,0.422404,0,322.945581,scenario_003,short
11769,310,0.749052,0.079149,0.76445,1,311.697802,scenario_003,short
11770,310,2.793139,0.528004,0.727672,2,313.874306,scenario_003,short
11771,310,21.177238,0.421083,0.610163,1,345.827528,scenario_003,medium
11772,310,14.982255,0.6579,0.360528,0,384.086082,scenario_003,medium
11773,310,11.953302,0.924063,0.337673,2,328.040031,scenario_003,medium
11774,310,7.72609,0.43268,0.323494,1,324.116928,scenario_003,long
11775,310,1.549462,0.522627,0.587754,1,313.918615,scenario_003,short
11776,310,12.617086,0.735187,0.802043,0,368.056308,scenario_003,medium
11777,310,25.070334,0.503967,0.252537,2,356.66094,scenario_003,medium
11778,310,0.830785,0.21062,0.687394,0,314.499064,scenario_003,short
11779,310,1.313842,0.449285,0.802496,0,317.264111,scenario_003,short
11780,310,9.848087,0.593489,0.492388,2,321.036507,scenario_003,medium
11781,310,1.53496,0.187112,0.890316,0,317.297551,scenario_003,short
11782,310,13.215355,0.721848,0.35789,1,343.069174,scenario_003,long
11783,310,1.293685,0.31009,0.779579,0,317.300387,scenario_003,short
11784,310,7.405566,0.301674,0.522937,0,337.039272,scenario_003,medium
11785,310,1.332829,0.182767,0.142286,0,317.454991,scenario_003,short
11786,310,1.522146,0.41437,0.608805,0,317.648929,scenario_003,short
11787,310,1.906507,0.596776,0.781273,0,320.768162,scenario_003,short
11788,310,2.158682,0.151044,0.915126,0,321.845337,scenario_003,short
11789,310,9.343134,0.412863,1.0,1,336.3562,scenario_003,medium
11790,310,7.89814,0.593629,0.28874,0,351.042453,scenario_003,medium
11791,310,6.387718,0.672941,0.2844,0,335.955742,scenario_003,medium
11792,310,1.069926,0.433362,0.085422,1,312.155817,scenario_003,short
11793,310,1.764725,0.207368,0.813723,0,316.176875,scenario_003,short
11794,310,1.716421,0.125422,0.262497,1,314.142946,scenario_003,short
11795,310,1.426312,0.26873,0.517653,0,316.199498,scenario_003,short
11796,310,1.199564,0.488471,0.630032,0,314.96553,scenario_003,short
11797,310,11.589026,0.196606,0.22001,1,342.859473,scenario_003,medium
11798,310,2.154398,0.385133,0.055807,1,315.54106,scenario_003,short
11799,310,9.0062,0.587498,0.431457,0,359.099859,scenario_003,medium
11800,310,8.163579,0.173247,0.549459,1,326.767332,scenario_003,medium
11801,310,1.710256,0.231843,0.456,2,312.599348,scenario_003,short
11802,310,1.110534,0.22832,0.604363,1,312.302917,scenario_003,short
11803,310,26.882383,0.254801,0.642537,0,401.121083,scenario_003,long
11804,310,11.226224,0.154761,0.781796,0,350.339834,scenario_003,medium
11805,310,0.886768,0.13977,0.818003,0,313.429102,scenario_003,short
11806,310,11.755261,0.141991,0.231414,1,338.76701,scenario_003,medium
11807,310,13.153521,0.309122,0.477953,1,337.224066,scenario_003,medium
11808,310,1.361774,0.223582,0.484464,0,317.133904,scenario_003,short
11809,310,0.907806,0.249611,0.304547,1,311.780752,scenario_003,short
11810,310,1.507535,0.260722,0.713242,1,312.817888,scenario_003,short
11811,310,15.394578,0.387818,0.932619,0,392.420243,scenario_003,medium
11812,310,14.471391,0.344049,0.314949,0,386.708419,scenario_003,medium
11813,310,1.513995,0.678114,0.914349,0,318.153116,scenario_003,short
11814,310,1.258647,0.657613,0.263152,1,313.464157,scenario_003,short
11815,310,1.12784,0.166179,0.597127,1,312.600254,scenario_003,short
11816,310,9.116172,0.785457,0.499427,0,341.321326,scenario_003,medium
11817,310,1.253437,0.536947,0.546854,0,315.54971,scenario_003,short
11818,310,1.189285,0.446452,0.782241,0,315.7219,scenario_003,short
11819,310,19.175269,0.487615,0.993557,0,384.451423,scenario_003,medium
11820,310,1.179571,0.709556,0.748791,0,314.990156,scenario_003,short
11821,310,1.116451,0.194844,0.458803,2,311.661974,scenario_003,short
11822,310,17.929609,0.338362,0.542919,0,399.714319,scenario_003,medium
11823,310,1.178719,0.394952,0.37387,0,315.387177,scenario_003,short
11824,310,1.334329,0.205899,0.91478,0,317.557026,scenario_003,short
11825,310,9.488554,0.307632,0.421484,1,327.964286,scenario_003,medium
11826,310,14.706919,0.696376,0.251197,0,387.66849,scenario_003,long
11827,310,1.0185,0.664519,0.850675,2,311.577219,scenario_003,short
11828,310,0.643527,0.666017,0.682509,0,313.588621,scenario_003,short
11829,310,12.233955,1.0,0.751794,0,354.631493,scenario_003,medium
11830,310,1.493453,0.383609,0.672942,1,314.092246,scenario_003,short
11831,310,6.585981,0.414986,0.100991,0,344.080121,scenario_003,long
11832,310,6.066625,0.47351,0.743354,2,320.168451,scenario_003,medium
11833,310,2.177316,0.206745,0.744811,2,314.001989,scenario_003,short
11834,310,2.009964,0.402498,0.215787,1,314.771925,scenario_003,short
11835,310,30.624578,0.370363,0.880792,0,460.195896,scenario_003,long
11836,310,1.238002,0.277767,0.090311,1,313.046276,scenario_003,short
11837,310,46.043852,0.860459,0.579776,0,524.896433,scenario_003,long
11838,310,0.978128,0.380901,0.334752,0,314.660989,scenario_003,short
11839,310,0.979052,0.216518,0.420207,1,312.073106,scenario_003,short
11840,310,1.452562,0.358812,0.804126,0,315.479295,scenario_003,short
11841,310,2.23197,0.425798,0.360536,1,313.861472,scenario_003,short
11842,310,1.93558,0.518081,1.0,2,312.592937,scenario_003,short
11843,310,1.129788,0.455208,0.089685,1,312.203642,scenario_003,short
11844,310,1.553188,0.441706,0.913285,0,316.205655,scenario_003,short
11845,310,2.326336,0.324296,0.908999,1,314.689535,scenario_003,short
11846,310,1.114988,0.098327,0.512285,0,315.429187,scenario_003,short
11847,310,1.893127,0.642067,0.863566,1,314.06525,scenario_003,short
11848,310,1.742923,0.687565,0.393778,1,312.99664,scenario_003,short
11849,310,40.463686,0.299791,0.745769,2,380.524448,scenario_003,long
11850,310,2.009272,0.417175,0.36816,2,312.242387,scenario_003,short
11851,310,1.6914,0.381791,0.524614,0,316.092642,scenario_003,short
11852,310,0.959348,0.189283,0.679415,1,312.161678,scenario_003,short
11853,310,1.329774,0.373356,0.803337,1,313.434327,scenario_003,short
11854,310,0.93339,0.702247,0.308113,1,311.679936,scenario_003,short
11855,310,3.000496,0.282139,0.224275,1,316.232056,scenario_003,short
11856,310,1.361245,0.217722,0.57656,0,314.391991,scenario_003,short
11857,310,1.339573,0.309169,0.366137,0,315.291245,scenario_003,short
11858,310,2.385013,0.67159,0.693663,1,316.352263,scenario_003,short
11859,310,0.913645,0.309016,0.689845,1,312.710687,scenario_003,short
11860,310,34.217826,0.747004,0.489394,1,384.52767,scenario_003,long
11861,310,3.102717,0.414009,0.21624,0,327.019438,scenario_003,short
11862,310,5.761651,0.35637,0.81351,0,339.709127,scenario_003,medium
11863,310,8.830909,0.568022,0.669959,0,351.351717,scenario_003,medium
11864,310,1.316453,0.09702,0.641533,0,316.895154,scenario_003,short
11865,311,8.083587,0.5594,0.628182,0,355.772604,scenario_003,medium
11866,311,7.055807,0.668369,0.795835,0,335.793946,scenario_003,medium
11867,311,2.231398,0.385052,0.747911,1,316.845773,scenario_003,short
11868,311,1.157195,0.330145,1.0,1,313.335816,scenario_003,short
11869,311,2.245988,0.488362,0.242303,1,316.042988,scenario_003,short
11870,311,1.108942,0.433005,0.100882,0,315.086926,scenario_003,short
11871,311,16.45432,0.256199,0.415351,0,382.296863,scenario_003,medium
11872,311,1.661485,0.158536,0.189663,2,313.531545,scenario_003,short
11873,311,12.133926,0.486537,0.742265,0,350.667928,scenario_003,medium
11874,311,0.711599,0.429961,0.151404,1,313.077654,scenario_003,short
11875,311,1.087055,0.063246,0.321458,1,313.408946,scenario_003,short
11876,311,1.269956,0.379993,0.653933,1,313.619276,scenario_003,short
11877,311,0.783709,0.163947,0.144628,0,315.320825,scenario_003,short
11878,311,1.300441,0.43973,0.3925,0,317.53007,scenario_003,short
11879,311,37.488098,0.662857,0.331807,0,503.629662,scenario_003,long
11880,311,30.639751,0.510301,0.245456,2,361.218548,scenario_003,long
11881,311,1.245757,0.130227,0.122872,0,316.345646,scenario_003,short
11882,311,0.920046,0.736372,0.98695,2,312.835417,scenario_003,short
11883,311,10.091927,0.32094,0.071509,2,323.684418,scenario_003,medium
11884,311,1.725665,0.175501,0.292757,0,319.531383,scenario_003,short
11885,311,2.696618,0.17978,0.073771,2,314.21286,scenario_003,short
11886,311,17.297053,0.534699,0.606479,0,369.785617,scenario_003,medium
11887,311,1.621493,0.359614,0.629578,1,314.229692,scenario_003,short
11888,311,0.727243,0.302468,0.872792,0,313.58484,scenario_003,short
11889,311,1.992347,0.174422,0.890645,0,320.422307,scenario_003,short
11890,311,15.079101,0.712186,0.600303,2,338.083294,scenario_003,medium
11891,311,1.476432,0.227157,0.599148,0,317.268978,scenario_003,short
11892,311,9.734721,0.243213,0.953292,2,327.115727,scenario_003,medium
11893,311,1.174129,0.237906,0.249152,1,313.466663,scenario_003,short
11894,311,1.77797,0.225503,0.751268,0,318.351927,scenario_003,short
11895,311,9.859636,0.631313,0.945944,1,338.566167,scenario_003,medium
11896,311,1.446421,0.202339,0.229094,0,315.979481,scenario_003,short
11897,311,1.413686,0.518462,0.481635,1,314.999778,scenario_003,short
11898,311,2.5516,0.085196,0.105994,0,324.621522,scenario_003,short
11899,311,23.198325,0.278355,0.514736,1,363.098342,scenario_003,long
11900,311,1.030291,0.369227,0.608017,0,315.17246,scenario_003,short
11901,311,1.177168,0.158661,0.078431,0,316.033927,scenario_003,short
11902,311,33.036016,0.826538,1.0,1,408.409972,scenario_003,long
11903,311,0.923141,0.164842,0.099246,1,313.766998,scenario_003,short
11904,311,7.867547,0.270226,0.728808,1,324.877855,scenario_003,medium
11905,311,8.998615,0.209523,0.476436,1,330.993777,scenario_003,medium
11906,311,2.420222,0.758835,0.5975,0,324.231458,scenario_003,short
11907,311,42.931548,0.55668,0.326719,2,374.890462,scenario_003,long
11908,311,6.544975,0.477379,0.889548,1,328.151072,scenario_003,medium
11909,311,1.054357,0.449761,1.0,2,312.322946,scenario_003,short
11910,311,1.364217,0.227421,0.881049,0,317.868284,scenario_003,short
11911,311,1.789798,0.086686,0.838944,0,319.518194,scenario_003,short
11912,311,0.732018,0.2063,0.676366,0,314.262211,scenario_003,short
11913,311,0.684242,0.629715,0.367269,0,313.503906,scenario_003,short
11914,311,9.278292,0.255742,0.34559,1,337.429877,scenario_003,medium
11915,311,0.814298,0.300669,0.480271,0,314.916147,scenario_003,short
11916,311,0.861676,0.592626,0.6483,0,314.873015,scenario_003,short
11917,311,10.481208,0.676253,0.450613,0,368.347041,scenario_003,medium
11918,311,1.120576,0.40653,0.723581,0,315.900918,scenario_003,short
11919,311,1.302025,0.437657,0.855404,1,313.971195,scenario_003,short
11920,311,1.893461,0.235156,0.731997,0,321.56253,scenario_003,short
11921,311,30.981067,0.369109,0.801169,0,436.62015,scenario_003,medium
11922,311,2.261897,0.162205,0.439995,0,322.979625,scenario_003,short
11923,311,0.843319,0.335056,0.39048,0,315.098802,scenario_003,short
11924,311,11.570074,0.36358,0.586939,0,373.824874,scenario_003,medium
11925,311,0.918079,0.443727,0.661815,1,313.221882,scenario_003,short
11926,311,19.021209,0.278843,0.872288,0,409.786341,scenario_003,medium
11927,311,7.524063,0.275097,0.590303,0,349.000111,scenario_003,medium
11928,311,0.91761,0.174141,0.05,1,312.986226,scenario_003,short
11929,311,1.27706,0.289434,0.507301,0,317.740409,scenario_003,short
11930,311,1.073651,0.054814,0.883453,2,312.559336,scenario_003,short
11931,311,1.126147,0.317059,0.782191,1,313.531043,scenario_003,short
11932,311,1.263817,0.085527,0.880344,0,314.943844,scenario_003,short
11933,311,7.527445,0.38142,0.799876,1,325.141784,scenario_003,medium
11934,311,1.169184,0.756699,0.919253,0,314.726465,scenario_003,short
11935,311,0.722223,0.115488,0.431029,0,315.037021,scenario_003,short
11936,311,5.066113,0.597741,0.628376,1,324.925551,scenario_003,medium
11937,311,4.527144,0.488063,0.580512,1,322.2206,scenario_003,short
11938,311,14.487733,0.625768,0.580755,1,344.771392,scenario_003,long
11939,311,43.423928,1.0,0.633592,0,534.894185,scenario_003,long
11940,311,1.585455,0.169604,0.389995,0,317.568031,scenario_003,short
11941,311,11.792711,0.213073,0.64114,0,373.330142,scenario_003,medium
11942,311,12.190641,0.223311,0.568702,1,336.017094,scenario_003,medium
11943,311,1.315928,0.380795,0.521192,1,314.842788,scenario_003,short
11944,311,7.138421,0.466688,0.500777,0,334.38478,scenario_003,medium
11945,311,1.276596,0.308379,0.520667,0,315.143865,scenario_003,short
11946,311,1.812394,0.078285,1.0,0,319.719641,scenario_003,short
11947,311,1.929202,0.256049,0.279648,1,315.040072,scenario_003,short
11948,311,1.507086,0.10286,0.199995,0,319.227871,scenario_003,short
11949,311,39.42459,0.619921,0.549879,0,532.957178,scenario_003,long
11950,311,1.61928,0.49578,0.264811,2,313.650195,scenario_003,short
11951,311,1.452707,0.188269,1.0,1,314.576023,scenario_003,short
11952,311,4.561563,0.699666,0.935294,0,330.030273,scenario_003,medium
11953,311,2.221498,0.284428,0.966239,0,322.981867,scenario_003,short
11954,311,1.286371,0.185446,0.87677,0,315.565755,scenario_003,short
11955,311,12.710284,0.323877,0.990643,1,337.214378,scenario_003,medium
11956,311,1.324963,0.258779,0.286041,0,315.259903,scenario_003,short
11957,311,1.224445,0.322284,1.0,0,316.730251,scenario_003,short
11958,311,1.422169,0.110428,0.561386,0,316.031452,scenario_003,short
11959,311,0.98841,0.051065,0.228618,0,316.172511,scenario_003,short
11960,311,1.392679,0.287753,0.07119,0,318.865041,scenario_003,short
11961,311,0.82893,0.130804,0.521175,0,313.753574,scenario_003,short
11962,311,1.338417,0.184111,0.664697,0,318.103783,scenario_003,short
11963,311,0.827479,0.559384,0.838386,0,313.702385,scenario_003,short
11964,311,10.226085,0.20269,0.05,0,365.723362,scenario_003,medium
11965,311,1.028944,0.354316,0.050841,0,316.329663,scenario_003,short
11966,311,18.063866,0.314091,0.3673,1,347.806236,scenario_003,medium
11967,311,1.068186,0.193895,0.735386,2,312.396828,scenario_003,short
11968,311,1.064463,0.679531,0.748798,1,313.306882,scenario_003,short
11969,311,8.567736,0.830021,0.970983,1,330.023811,scenario_003,medium
11970,311,0.789709,0.378387,0.85126,0,314.132443,scenario_003,short
11971,311,7.074144,0.332606,0.422292,0,346.917387,scenario_003,medium
11972,311,23.377541,0.633908,0.686148,1,349.475001,scenario_003,medium
11973,311,1.975319,0.075862,0.266513,0,317.917908,scenario_003,short
11974,311,7.913232,0.638065,0.461203,0,350.626381,scenario_003,medium
11975,311,2.040976,0.415704,1.0,1,315.13602,scenario_003,short
11976,311,3.273045,0.114683,0.493188,2,315.083646,scenario_003,short
11977,311,0.992137,0.116647,0.579079,0,316.294683,scenario_003,short
11978,311,0.655818,0.427303,0.831333,1,312.606527,scenario_003,short
11979,311,1.288826,0.088815,0.397872,0,317.181658,scenario_003,short
11980,311,9.051671,0.636376,0.565376,0,347.76352,scenario_003,medium
11981,311,8.393317,0.140899,0.778755,1,334.954639,scenario_003,medium
11982,312,1.119389,0.377316,0.763771,1,314.682568,scenario_003,short
11983,312,11.557673,0.479552,0.493486,1,335.166265,scenario_003,medium
11984,312,0.731426,0.60564,0.27409,0,315.15763,scenario_003,short
11985,312,0.974123,0.076492,0.682971,2,313.439388,scenario_003,short
11986,312,12.687191,1.0,1.0,1,336.09882,scenario_003,medium
11987,312,11.193108,0.663033,0.266292,1,337.288865,scenario_003,medium
11988,312,1.062274,0.297109,0.882031,2,313.633015,scenario_003,short
11989,312,2.6998,0.117786,0.643696,0,326.544399,scenario_003,short
11990,312,1.57661,0.671777,0.875581,2,315.024284,scenario_003,short
11991,312,41.281639,0.789758,0.849946,1,418.437272,scenario_003,long
11992,312,1.224682,0.464225,0.512509,1,314.949213,scenario_003,short
11993,312,1.662442,0.144398,0.373668,0,319.842695,scenario_003,short
11994,312,10.676364,0.16035,0.184279,1,329.755126,scenario_003,medium
11995,312,7.017997,0.67729,0.298069,1,331.306458,scenario_003,medium
11996,312,9.379606,0.611379,0.514931,0,361.521974,scenario_003,medium
11997,312,8.82593,0.54037,0.375289,1,330.354908,scenario_003,medium
11998,312,1.575063,0.340634,0.340359,0,318.460467,scenario_003,short
11999,312,1.25599,0.372663,0.839968,0,318.472498,scenario_003,short
