job_id,arrival_time,runtime,cpu_demand,mem_demand,priority,deadline_time,scenario_id,job_class
0,0,3.16667,0.327404,0.406228,0,15.813643,scenario_002,short
1,0,4.885799,0.99821,1.0,0,8.399829,scenario_002,medium
2,1,13.763321,0.317192,0.440477,0,47.777343,scenario_002,medium
3,1,10.813978,0.611768,0.523706,1,27.476314,scenario_002,medium
4,2,1.073641,0.600999,0.670516,1,5.118188,scenario_002,short
5,2,6.454284,0.551708,0.988834,1,12.074039,scenario_002,medium
6,3,15.771627,0.447806,0.36059,0,88.365031,scenario_002,medium
7,4,3.842585,0.083691,0.244599,1,9.661229,scenario_002,short
8,4,9.502134,0.283033,0.358771,0,41.855822,scenario_002,medium
9,4,7.785844,0.41792,0.427053,1,25.994257,scenario_002,medium
10,5,7.167169,0.49411,0.271519,0,34.770429,scenario_002,medium
11,5,2.076387,0.32562,0.370512,1,6.921446,scenario_002,short
12,5,5.114324,0.634655,0.484353,2,14.986313,scenario_002,medium
13,5,1.509697,0.155347,0.588128,0,12.844445,scenario_002,short
14,6,2.084265,0.127318,0.437767,0,12.858246,scenario_002,short
15,6,1.660365,0.371004,0.356048,0,13.392139,scenario_002,short
16,6,23.67295,0.254097,0.313222,0,107.168038,scenario_002,long
17,6,21.187332,0.304755,0.216042,0,69.453063,scenario_002,long
18,8,2.521368,0.265964,0.794584,1,14.076982,scenario_002,short
19,8,8.040531,0.35326,0.473812,2,19.839327,scenario_002,medium
20,8,1.978998,0.133094,0.12349,0,11.698688,scenario_002,short
21,8,11.116102,0.128243,0.176813,0,39.986568,scenario_002,medium
22,8,1.367576,0.265015,0.135546,1,11.38598,scenario_002,short
23,9,14.291173,0.488925,0.434426,1,32.90768,scenario_002,medium
24,9,2.033489,0.386311,0.534419,0,13.294362,scenario_002,short
25,10,8.414762,0.573234,0.399767,1,30.346051,scenario_002,medium
26,10,34.718408,0.56319,0.444921,1,62.397644,scenario_002,long
27,10,1.939177,0.44522,0.559621,0,16.403652,scenario_002,short
28,11,6.634718,0.904686,1.0,0,29.113323,scenario_002,medium
29,11,1.793983,0.393747,0.969037,0,17.080445,scenario_002,short
30,11,2.292181,0.255783,0.134162,0,15.671746,scenario_002,short
31,14,5.901518,0.679737,0.516152,1,32.632667,scenario_002,medium
32,16,5.476227,0.21129,0.213975,0,26.439189,scenario_002,medium
33,16,12.218937,0.379385,0.626048,1,50.777624,scenario_002,medium
34,16,10.428531,0.60721,0.878948,1,42.036633,scenario_002,medium
35,16,1.18084,0.684776,0.625992,0,18.511232,scenario_002,short
36,17,2.119682,0.421349,0.813828,0,20.496877,scenario_002,short
37,18,1.907279,0.165233,0.610356,0,27.241383,scenario_002,short
38,19,7.53925,0.701974,0.646529,2,31.149053,scenario_002,medium
39,19,1.636193,0.401869,0.3578,1,23.105107,scenario_002,short
40,19,2.418523,0.3268,0.287207,1,26.814956,scenario_002,short
41,19,110.597651,0.93417,0.923422,1,359.411757,scenario_002,long
42,19,12.533753,1.0,1.0,0,79.167651,scenario_002,medium
43,20,6.424773,0.357618,0.408579,2,34.162905,scenario_002,medium
44,20,1.194304,0.38093,0.291247,1,23.165187,scenario_002,short
45,20,16.130169,0.309021,0.322052,0,90.277736,scenario_002,medium
46,20,1.399684,0.355297,0.553983,2,22.026591,scenario_002,short
47,21,2.018882,0.317774,0.761161,0,24.349465,scenario_002,short
48,22,6.989135,0.317395,0.374638,0,57.464689,scenario_002,medium
49,22,92.750621,1.0,0.883841,0,239.791622,scenario_002,long
50,22,1.888949,0.149217,0.340133,0,26.231717,scenario_002,short
51,22,1.102608,0.233447,0.388279,1,23.398561,scenario_002,short
52,23,3.862054,0.343722,0.806193,0,30.125187,scenario_002,medium
53,23,13.89575,0.749373,0.518361,0,70.721021,scenario_002,medium
54,23,11.451517,0.551533,0.535939,0,40.750457,scenario_002,medium
55,23,81.676029,0.897663,1.0,0,477.449395,scenario_002,long
56,24,1.640777,0.467121,0.418016,1,25.615186,scenario_002,short
57,24,48.369077,0.282924,0.293062,1,117.138499,scenario_002,long
58,25,7.523303,0.462687,0.51217,1,42.837407,scenario_002,medium
59,25,1.198179,0.866179,0.757716,2,27.295501,scenario_002,short
60,26,12.561902,0.620897,0.752985,0,60.356113,scenario_002,long
61,26,69.211568,0.940564,1.0,1,173.525079,scenario_002,long
62,26,2.537655,0.172108,0.419113,0,34.103337,scenario_002,short
63,27,21.343492,0.64036,0.471114,2,73.867393,scenario_002,long
64,27,2.648766,0.588739,0.843093,0,35.939653,scenario_002,short
65,27,2.183535,0.158948,0.084838,0,33.029487,scenario_002,short
66,28,16.752407,0.938495,1.0,0,94.6725,scenario_002,long
67,28,1.419583,0.154885,0.370816,0,33.160983,scenario_002,short
68,28,9.524021,0.580712,0.455326,0,46.854511,scenario_002,medium
69,29,46.398771,0.455763,0.462036,0,182.728462,scenario_002,long
70,29,5.29407,0.300688,0.765065,0,39.846286,scenario_002,medium
71,29,1.866474,0.279164,0.539513,0,39.225965,scenario_002,short
72,29,9.988482,0.408292,0.347677,0,59.484954,scenario_002,medium
73,30,1.890829,0.12621,0.256533,0,34.922744,scenario_002,short
74,30,6.145497,0.261045,0.276712,0,46.149544,scenario_002,medium
75,30,8.802638,0.216861,0.599871,0,51.806315,scenario_002,medium
76,30,1.583754,0.229214,0.314679,2,32.962247,scenario_002,short
77,31,7.28852,0.639446,0.616388,1,42.713715,scenario_002,medium
78,31,14.81629,0.936728,0.903472,2,48.69937,scenario_002,medium
79,32,1.55961,0.734211,0.771108,0,37.840431,scenario_002,short
80,32,1.788634,0.317926,0.462565,0,38.289779,scenario_002,short
81,32,12.118616,0.621671,0.597144,0,58.611457,scenario_002,medium
82,33,2.388011,0.559725,0.385815,1,40.866423,scenario_002,short
83,33,40.641848,0.483253,0.849336,2,123.912094,scenario_002,long
84,34,1.311912,0.664484,0.441424,2,35.042913,scenario_002,short
85,34,1.408564,0.517725,0.525243,2,36.903011,scenario_002,short
86,34,2.037576,0.200857,0.432284,0,41.343907,scenario_002,short
87,35,62.837142,0.264097,0.396926,2,106.911387,scenario_002,long
88,35,10.009143,0.537798,0.334651,0,59.037587,scenario_002,medium
89,35,5.435242,0.568807,0.660107,2,40.431159,scenario_002,medium
90,35,1.588807,0.288459,0.49623,0,38.208264,scenario_002,short
91,35,8.89281,0.841875,0.622681,2,44.467075,scenario_002,medium
92,36,21.399337,0.337768,0.222311,1,104.394706,scenario_002,long
93,36,1.257874,0.259675,0.530614,2,38.516472,scenario_002,short
94,36,1.582615,0.149495,0.329689,0,41.484485,scenario_002,short
95,37,1.870864,0.481105,0.901791,0,43.419362,scenario_002,short
96,37,1.614562,0.409104,0.197137,0,44.840444,scenario_002,short
97,37,2.090118,0.450186,0.262856,1,42.37446,scenario_002,short
98,37,6.476725,0.840207,0.878478,0,50.286933,scenario_002,medium
99,37,1.981043,0.385183,0.587581,0,45.345308,scenario_002,short
100,37,10.842849,0.877972,0.827216,2,46.977509,scenario_002,medium
101,38,1.658166,0.421129,0.445753,2,40.247794,scenario_002,short
102,38,1.57036,0.783991,0.979406,0,41.607375,scenario_002,short
103,38,1.974162,0.372687,0.781454,1,42.210939,scenario_002,short
104,39,2.840088,0.742805,0.830567,0,47.219728,scenario_002,short
105,40,71.166695,0.903419,1.0,0,270.53276,scenario_002,long
106,40,31.890388,0.916293,0.751355,2,72.408767,scenario_002,long
107,40,1.457051,0.275724,0.342307,0,42.424758,scenario_002,short
108,41,1.28847,0.174416,0.348162,0,47.183863,scenario_002,short
109,41,2.448312,0.324505,0.516916,0,46.96155,scenario_002,short
110,41,10.548727,0.611827,0.467703,1,74.708825,scenario_002,long
111,42,2.106693,0.318953,0.408763,0,47.565768,scenario_002,short
112,42,5.834971,0.444145,0.802494,0,74.390971,scenario_002,medium
113,42,1.320972,0.241401,0.515706,2,44.786106,scenario_002,short
114,43,5.694339,0.397889,0.451821,2,50.306381,scenario_002,medium
115,43,1.834376,0.298657,0.659389,1,45.665999,scenario_002,short
116,44,6.260655,0.916207,0.902116,0,55.358235,scenario_002,medium
117,44,1.970141,0.285738,0.356986,0,48.876777,scenario_002,short
118,45,14.859244,0.49043,0.442559,1,58.317693,scenario_002,long
119,45,26.143584,0.856511,0.710035,0,143.496473,scenario_002,long
120,45,7.635763,0.373154,0.177619,0,87.714174,scenario_002,medium
121,45,12.098935,0.815298,0.969218,2,60.873191,scenario_002,medium
122,46,2.055037,0.260844,0.478533,0,51.977463,scenario_002,short
123,47,12.787185,0.95877,0.730998,1,72.938547,scenario_002,medium
124,48,1.322849,0.476344,0.694326,1,51.011456,scenario_002,short
125,48,1.403122,0.220963,0.280338,0,53.773395,scenario_002,short
126,48,6.847131,0.702403,0.573456,0,78.288449,scenario_002,medium
127,49,10.144098,0.624821,0.642284,0,105.293197,scenario_002,medium
128,49,1.574278,0.198658,0.465888,2,50.948556,scenario_002,short
129,49,2.471811,0.317561,0.209961,0,59.314365,scenario_002,short
130,50,1.51064,0.430455,0.888932,0,58.151129,scenario_002,short
131,50,138.433401,0.709777,0.79477,0,604.988907,scenario_002,long
132,50,1.750413,0.249987,0.192148,2,52.852165,scenario_002,short
133,51,44.399134,0.828204,0.771214,0,144.4907,scenario_002,long
134,51,12.506961,0.351401,0.342935,0,118.617492,scenario_002,medium
135,52,1.530781,0.322267,0.693829,1,56.218852,scenario_002,short
136,52,9.627129,0.245793,0.242836,0,100.450112,scenario_002,medium
137,52,15.876555,0.453876,0.583165,1,74.422718,scenario_002,medium
138,52,1.789926,0.452179,0.370781,1,54.081291,scenario_002,short
139,52,10.476067,0.608711,0.40892,0,104.492674,scenario_002,medium
140,52,1.822193,0.36269,0.222169,0,54.942726,scenario_002,short
141,52,10.71597,0.664095,0.614998,0,73.584116,scenario_002,long
142,53,1.706722,0.303642,0.384508,0,58.839194,scenario_002,short
143,53,1.21839,0.120201,0.332701,0,58.69494,scenario_002,short
144,53,3.134028,0.114823,0.271174,2,55.36072,scenario_002,short
145,54,10.903461,0.56569,0.633507,2,67.71513,scenario_002,medium
146,54,1.410477,0.204578,0.381521,2,56.705612,scenario_002,short
147,54,32.503797,1.0,0.808953,0,234.828898,scenario_002,long
148,54,1.784397,0.444811,0.908093,0,61.747101,scenario_002,short
149,54,16.792775,0.544312,0.958088,0,147.099879,scenario_002,medium
150,54,10.158655,0.404583,0.271685,1,71.314251,scenario_002,medium
151,54,8.082887,0.498687,0.794647,1,73.586407,scenario_002,medium
152,55,1.597553,0.105753,0.05,0,59.610953,scenario_002,short
153,55,6.646071,0.574723,1.0,1,73.890537,scenario_002,medium
154,55,1.301115,0.371902,0.779498,1,56.573608,scenario_002,short
155,56,10.705958,0.530086,0.611677,0,100.850347,scenario_002,medium
156,57,1.748834,0.441775,0.234784,0,65.219735,scenario_002,short
157,58,8.635134,0.432992,0.656668,0,78.30778,scenario_002,medium
158,58,1.726573,0.186409,0.270631,0,62.419694,scenario_002,short
159,59,2.169761,0.212278,0.320101,0,70.158282,scenario_002,short
160,59,5.049912,0.36417,0.567291,0,68.870489,scenario_002,medium
161,59,6.267935,0.263565,0.447548,0,80.056491,scenario_002,medium
162,59,2.278091,0.419927,0.91141,1,63.064329,scenario_002,short
163,59,7.58839,0.227694,0.505315,0,99.510209,scenario_002,medium
164,59,116.13677,0.983775,0.772528,0,653.368096,scenario_002,long
165,60,1.201978,0.347024,0.554441,2,61.736996,scenario_002,short
166,60,56.850095,0.701716,0.494557,0,272.028161,scenario_002,long
167,61,3.149687,0.441588,0.40537,0,73.830918,scenario_002,short
168,61,2.473889,0.400166,0.561727,0,72.481039,scenario_002,short
169,61,1.658051,0.088859,0.381168,0,64.882416,scenario_002,short
170,61,1.775268,0.395183,0.5146,0,70.392719,scenario_002,short
171,62,9.378885,0.180741,0.695957,0,102.271539,scenario_002,medium
172,62,7.67947,0.179988,0.344182,0,91.021732,scenario_002,medium
173,62,1.226382,0.143914,0.32822,0,66.132274,scenario_002,short
174,62,2.618313,0.108023,0.370048,1,67.54322,scenario_002,short
175,62,1.736337,0.248653,0.379309,0,67.466869,scenario_002,short
176,64,6.46369,0.66604,0.587611,0,86.308759,scenario_002,medium
177,64,2.477653,0.488178,0.544549,0,74.022403,scenario_002,short
178,64,1.602631,0.51644,0.487203,0,71.735998,scenario_002,short
179,64,9.494565,0.470561,0.278208,0,89.857256,scenario_002,medium
180,64,2.229372,0.14393,0.089484,0,71.09133,scenario_002,short
181,66,2.023212,0.251617,0.194734,1,70.478292,scenario_002,short
182,67,12.39014,1.0,0.806616,1,88.492304,scenario_002,medium
183,67,3.469264,0.496913,0.764594,1,76.692103,scenario_002,short
184,67,99.967965,0.271288,0.344949,0,284.993583,scenario_002,long
185,67,2.137499,0.390125,0.479265,1,70.254151,scenario_002,short
186,67,2.063978,0.304064,0.460502,0,72.732108,scenario_002,short
187,67,12.503487,0.478979,0.705481,0,126.121969,scenario_002,medium
188,67,1.837128,0.226726,0.45652,2,69.353679,scenario_002,short
189,68,1.823564,0.311595,0.144432,0,76.819119,scenario_002,short
190,68,40.562422,0.896188,0.711132,2,107.127678,scenario_002,long
191,70,10.783289,0.464268,0.599417,0,90.756153,scenario_002,medium
192,71,13.881842,0.237339,0.258029,0,128.374494,scenario_002,medium
193,71,59.391758,0.838805,1.0,0,338.418427,scenario_002,long
194,71,96.935203,0.290831,0.347959,0,432.843769,scenario_002,long
195,71,1.274219,0.569026,0.590581,0,77.365508,scenario_002,short
196,71,13.535517,0.123709,0.355676,0,127.792177,scenario_002,medium
197,71,6.025648,0.159658,0.334287,0,99.520184,scenario_002,medium
198,71,10.566995,0.352091,0.556332,1,101.739834,scenario_002,medium
199,72,1.616286,0.352619,0.390889,0,78.970035,scenario_002,short
200,72,6.262353,0.522609,0.301429,0,84.56061,scenario_002,medium
201,72,1.350575,0.057377,0.220404,0,79.161529,scenario_002,short
202,72,1.72737,0.077456,0.67935,0,79.983924,scenario_002,short
203,72,1.451851,0.339573,0.524494,1,76.427103,scenario_002,short
204,73,2.367112,0.505549,1.0,1,78.832317,scenario_002,short
205,73,1.494209,0.145473,0.234511,1,74.413036,scenario_002,short
206,74,1.222389,0.295923,0.339554,0,77.781505,scenario_002,short
207,74,1.43453,0.096081,0.351267,2,76.174027,scenario_002,short
208,74,7.611682,0.757827,0.742844,2,84.850301,scenario_002,medium
209,74,2.232516,0.142586,0.142336,0,80.996977,scenario_002,short
210,74,2.575719,0.195101,0.241061,0,83.69563,scenario_002,short
211,74,7.156368,0.684537,1.0,0,90.537388,scenario_002,medium
212,75,1.877414,0.65887,0.633071,1,80.241527,scenario_002,short
213,75,1.906003,0.420224,0.596387,0,84.997199,scenario_002,short
214,76,1.383012,0.138759,0.219332,2,78.492007,scenario_002,short
215,76,14.054864,0.269648,0.324024,0,122.025301,scenario_002,medium
216,76,6.481159,0.351622,0.509338,0,111.223938,scenario_002,medium
217,76,6.516751,0.364149,0.693127,0,111.628772,scenario_002,medium
218,76,68.586912,0.568101,0.503336,2,148.677468,scenario_002,long
219,77,30.052222,0.335403,0.312456,2,100.404621,scenario_002,long
220,77,1.80029,0.137894,0.25631,0,85.504747,scenario_002,short
221,77,3.427413,0.335485,0.560528,1,82.169513,scenario_002,medium
222,77,2.537427,0.691853,0.793111,0,83.264668,scenario_002,short
223,77,34.964251,0.738467,0.540239,0,186.532443,scenario_002,long
224,78,3.871315,0.293509,0.819328,0,87.359867,scenario_002,short
225,78,16.904112,0.945864,0.809765,0,108.179739,scenario_002,long
226,78,24.055611,0.772161,0.472995,1,122.298079,scenario_002,long
227,79,8.163033,0.305622,0.373841,0,91.901516,scenario_002,medium
228,79,2.023558,0.227919,0.192636,0,84.989531,scenario_002,short
229,80,27.07237,0.533721,0.749871,0,136.384537,scenario_002,long
230,80,1.659432,0.60222,0.477647,0,83.661631,scenario_002,short
231,80,1.203991,0.144424,0.626814,0,85.057468,scenario_002,short
232,80,1.526224,0.30598,0.198874,1,82.558696,scenario_002,short
233,81,9.293933,0.509127,0.586588,0,107.133846,scenario_002,medium
234,82,1.757195,0.190259,0.260504,1,86.248371,scenario_002,short
235,82,22.45603,0.841905,0.630454,2,114.826154,scenario_002,long
236,82,1.195775,0.344598,0.322379,0,85.153211,scenario_002,short
237,83,1.847159,0.180953,0.346769,0,89.896809,scenario_002,short
238,83,1.77552,0.411666,0.411564,1,87.283659,scenario_002,short
239,83,12.688556,0.600502,0.649213,0,136.038005,scenario_002,medium
240,84,1.86443,0.326733,0.222824,0,93.627412,scenario_002,short
241,84,2.690542,0.24697,0.42153,0,99.130621,scenario_002,short
242,84,11.558338,0.689511,0.4606,0,111.24555,scenario_002,medium
243,84,9.149545,0.707009,0.466832,2,91.12582,scenario_002,medium
244,85,1.572866,0.176791,0.467529,1,89.997827,scenario_002,short
245,85,8.935544,0.821535,0.68373,0,98.587806,scenario_002,medium
246,85,9.535798,0.694154,0.643846,1,113.438119,scenario_002,medium
247,86,9.165569,0.500136,0.499229,2,99.073513,scenario_002,medium
248,86,54.019913,0.775075,0.837055,0,341.405082,scenario_002,long
249,86,61.5862,0.565676,0.594647,0,221.657701,scenario_002,long
250,87,2.621972,0.374437,0.331573,0,93.242963,scenario_002,short
251,87,12.646233,0.243343,0.445745,1,114.066466,scenario_002,medium
252,88,0.967049,0.314744,0.252495,1,91.100839,scenario_002,short
253,88,5.617864,0.189532,0.214406,0,97.382301,scenario_002,medium
254,88,9.18475,0.705791,0.837838,1,115.101335,scenario_002,medium
255,89,6.312058,0.438783,0.484045,0,112.259265,scenario_002,medium
256,89,6.066994,0.538008,0.390062,2,99.60221,scenario_002,medium
257,90,7.209918,0.559565,0.552096,0,124.550473,scenario_002,medium
258,91,9.450589,0.562714,0.423292,0,110.08921,scenario_002,medium
259,91,1.543682,0.076038,0.124837,0,93.584637,scenario_002,short
260,91,5.818613,0.695213,1.0,0,112.360609,scenario_002,medium
261,91,1.496146,0.38743,0.524157,0,95.584167,scenario_002,short
262,91,1.340963,0.275466,0.360907,0,96.256409,scenario_002,short
263,92,15.988344,0.435911,0.294119,0,136.336687,scenario_002,medium
264,92,44.20216,0.63416,0.627485,0,268.70313,scenario_002,long
265,92,21.635991,0.910968,0.870636,1,127.69313,scenario_002,long
266,92,1.067049,0.332972,0.807158,2,93.0,scenario_002,short
267,92,19.405873,0.884287,0.756652,1,128.75866,scenario_002,long
268,92,1.467549,0.301434,0.396652,0,96.319213,scenario_002,short
269,93,18.733879,0.503456,0.627763,1,120.775563,scenario_002,medium
270,93,20.907446,0.531586,0.496974,0,178.089244,scenario_002,medium
271,93,14.37458,0.438545,0.611701,0,131.582359,scenario_002,medium
272,93,1.32563,0.597672,0.667326,0,96.364479,scenario_002,short
273,94,12.95538,0.593749,0.49,0,129.874831,scenario_002,medium
274,94,1.526308,0.5219,0.751541,0,101.368386,scenario_002,short
275,95,6.578339,0.492042,0.52254,0,108.697834,scenario_002,medium
276,95,1.64446,0.438203,0.567863,1,98.349846,scenario_002,short
277,95,5.417924,0.26063,0.513561,2,98.758905,scenario_002,medium
278,96,1.208304,0.269918,0.335031,1,99.672181,scenario_002,short
279,96,35.969253,0.793639,0.78319,0,189.66665,scenario_002,long
280,97,6.21498,0.424962,0.371341,0,131.486032,scenario_002,medium
281,97,1.860421,0.177223,0.08555,0,102.182033,scenario_002,short
282,97,1.434269,0.169597,0.343316,0,102.374749,scenario_002,short
283,97,12.159176,0.120001,0.575222,0,130.733126,scenario_002,medium
284,97,10.603599,0.713615,0.790697,0,147.769064,scenario_002,medium
285,98,38.687075,1.0,0.958979,2,138.904873,scenario_002,long
286,98,2.382714,0.316905,0.423399,0,106.260339,scenario_002,short
287,98,22.002545,0.77164,0.559793,0,171.525784,scenario_002,long
288,98,11.733833,0.583612,0.556181,1,134.229488,scenario_002,medium
289,98,13.748383,0.486962,0.429346,2,122.647998,scenario_002,medium
290,99,10.650294,0.578938,0.723597,0,140.534675,scenario_002,medium
291,99,19.590012,0.239877,0.356,0,136.916935,scenario_002,medium
292,99,1.796657,0.518702,0.71413,0,103.081319,scenario_002,short
293,99,6.586143,0.64095,0.434325,0,135.523575,scenario_002,medium
294,99,8.792276,0.492803,0.899266,2,107.700443,scenario_002,medium
295,99,10.850626,0.647971,0.572141,0,130.258261,scenario_002,medium
296,100,7.852296,0.556929,0.616412,0,120.224704,scenario_002,medium
297,100,6.417081,0.190893,0.203363,0,123.850997,scenario_002,medium
298,100,8.840902,0.563909,0.570507,2,108.894964,scenario_002,medium
299,100,2.606214,0.759947,0.574019,0,113.105808,scenario_002,short
300,100,8.713773,0.494415,0.641767,0,143.79963,scenario_002,medium
301,101,2.452331,0.611783,0.824621,2,104.723298,scenario_002,short
302,101,10.591289,0.491865,0.516817,0,148.17264,scenario_002,medium
303,101,7.92798,0.831438,0.830271,0,129.814355,scenario_002,medium
304,101,1.786609,0.741924,0.921618,0,107.773977,scenario_002,short
305,101,30.760527,0.795513,0.808352,0,167.958109,scenario_002,long
306,101,92.659037,1.0,0.867288,0,263.30965,scenario_002,long
307,102,13.032586,1.0,0.805032,0,152.037779,scenario_002,medium
308,102,10.257471,0.190627,0.279334,0,134.956005,scenario_002,medium
309,102,1.796907,0.096622,0.2319,0,110.726318,scenario_002,short
310,102,31.290084,0.89697,0.763717,2,122.844346,scenario_002,long
311,103,23.378156,0.680231,0.743944,0,185.569053,scenario_002,long
312,103,7.898874,0.711598,0.519533,0,119.762225,scenario_002,medium
313,103,12.605295,0.4476,0.554783,0,171.81315,scenario_002,medium
314,104,1.42355,0.179608,0.131478,0,111.943274,scenario_002,short
315,104,13.903462,0.323987,0.138331,2,115.83542,scenario_002,medium
316,104,1.285779,0.097054,0.24358,0,108.054107,scenario_002,short
317,104,7.349018,0.673543,0.403386,0,117.635219,scenario_002,medium
318,104,1.52039,0.637297,0.547843,0,106.844182,scenario_002,short
319,104,1.945313,0.793786,0.685875,0,109.371486,scenario_002,short
320,104,7.675562,0.68115,0.737216,0,136.5392,scenario_002,medium
321,104,15.115784,0.290614,0.251078,2,125.254605,scenario_002,medium
322,104,1.810818,0.077834,0.218158,1,109.392609,scenario_002,short
323,105,6.102013,0.210997,0.156428,1,119.455288,scenario_002,medium
324,105,7.339028,0.268136,0.126791,1,113.958465,scenario_002,medium
325,106,1.966172,0.064504,0.233868,1,109.485319,scenario_002,short
326,106,2.017981,0.381721,0.370789,1,108.219637,scenario_002,short
327,106,1.671468,0.094691,0.376435,0,112.179548,scenario_002,short
328,106,6.616078,0.552966,0.618839,0,138.009576,scenario_002,medium
329,106,4.416146,0.247439,0.407502,0,130.097975,scenario_002,medium
330,106,8.154671,0.251096,0.441884,1,130.310158,scenario_002,medium
331,106,1.762907,0.218359,0.719436,0,114.709327,scenario_002,short
332,106,1.585462,0.746358,1.0,0,109.718278,scenario_002,short
333,106,1.915632,0.351105,0.655081,1,110.891528,scenario_002,short
334,106,2.950683,0.367914,0.516679,1,109.312508,scenario_002,short
335,107,2.195005,0.352855,0.303779,2,110.900594,scenario_002,short
336,107,53.866814,0.654082,0.714102,0,304.077945,scenario_002,long
337,107,15.920974,0.850774,0.582751,1,128.014774,scenario_002,long
338,107,4.599791,0.536654,0.567165,1,118.761188,scenario_002,medium
339,107,2.385181,0.359422,0.361742,0,116.249191,scenario_002,short
340,107,4.82831,0.628589,0.347255,0,126.515824,scenario_002,medium
341,107,4.328377,0.581022,0.466324,0,121.435806,scenario_002,medium
342,107,1.498207,0.365918,0.419215,0,109.389636,scenario_002,short
343,107,9.860571,0.608395,0.851885,0,139.335216,scenario_002,medium
344,108,2.549273,0.379653,0.356661,2,109.726236,scenario_002,short
345,108,15.20534,0.458654,0.804926,0,140.160586,scenario_002,medium
346,108,2.070374,0.481939,0.342548,1,111.554362,scenario_002,short
347,108,9.840108,0.166199,0.240544,2,128.121943,scenario_002,medium
348,108,2.072333,0.229942,0.57848,1,114.302853,scenario_002,short
349,108,33.762552,0.826694,0.940246,0,185.216742,scenario_002,long
350,108,10.027475,0.605719,0.483767,1,123.9876,scenario_002,medium
351,108,58.495601,0.394376,0.298352,0,319.765705,scenario_002,long
352,108,1.346671,0.366945,0.782213,0,110.973948,scenario_002,short
353,108,41.610157,1.0,1.0,0,340.392112,scenario_002,long
354,108,57.141746,0.642179,0.491029,0,264.838051,scenario_002,long
355,108,1.716872,0.340859,0.472508,2,111.388943,scenario_002,short
356,108,5.658257,0.211711,0.201509,0,129.475887,scenario_002,medium
357,108,1.352126,0.059702,0.187469,2,109.306902,scenario_002,short
358,109,33.458199,0.395155,0.487843,0,208.436395,scenario_002,long
359,109,9.977082,0.241032,0.540981,0,161.811255,scenario_002,medium
360,109,1.522093,0.2345,0.40383,0,115.114052,scenario_002,short
361,109,6.222826,0.668329,0.675212,0,140.155465,scenario_002,medium
362,109,1.244492,0.396696,0.79863,0,115.018117,scenario_002,short
363,109,1.559195,0.363375,0.434953,0,115.318361,scenario_002,short
364,109,12.202347,0.168788,0.101288,0,164.919471,scenario_002,medium
365,109,11.301406,1.0,0.945986,2,120.59012,scenario_002,medium
366,109,6.815299,0.389384,0.454448,1,124.825891,scenario_002,medium
367,109,59.939058,0.975329,1.0,0,270.135907,scenario_002,long
368,109,10.019147,0.81868,0.905253,0,150.919707,scenario_002,medium
369,110,2.843603,0.2256,0.661729,2,112.249651,scenario_002,short
370,110,4.794411,0.263061,0.427417,2,120.375504,scenario_002,medium
371,110,5.454035,0.544953,0.493783,0,134.526038,scenario_002,medium
372,110,7.609101,0.91541,0.796495,0,134.52737,scenario_002,medium
373,110,7.76312,0.772886,0.82015,0,140.15204,scenario_002,medium
374,110,1.104883,0.224077,0.338144,1,112.790605,scenario_002,short
375,110,7.140122,0.803028,1.0,0,123.752894,scenario_002,medium
376,110,13.17908,0.364769,0.577516,1,143.371133,scenario_002,medium
377,110,149.861524,0.724907,0.576302,0,821.162813,scenario_002,long
378,110,1.966505,0.266918,0.240988,0,113.479764,scenario_002,short
379,110,5.922035,0.426666,0.296937,1,127.172531,scenario_002,medium
380,110,6.558232,0.714635,1.0,2,118.014244,scenario_002,medium
381,110,13.33099,0.25301,0.324013,1,129.286454,scenario_002,medium
382,110,5.768967,0.675331,0.885602,1,124.743248,scenario_002,medium
383,111,6.856321,0.416814,0.661262,2,116.070953,scenario_002,medium
384,111,12.807488,0.579535,0.841578,1,142.118286,scenario_002,medium
385,111,5.423543,0.514849,0.422075,0,120.468253,scenario_002,medium
386,111,2.585815,0.183989,0.612699,0,118.258541,scenario_002,short
387,111,3.886999,0.172267,0.310102,0,119.310295,scenario_002,short
388,111,1.872057,0.351311,0.787874,1,114.162584,scenario_002,short
389,111,9.453126,0.446369,0.57039,0,142.729975,scenario_002,medium
390,111,5.614697,0.621675,0.544154,2,122.13696,scenario_002,medium
391,111,10.302718,0.531506,0.720312,0,165.710791,scenario_002,medium
392,111,2.003264,0.302385,0.289016,0,114.251459,scenario_002,short
393,111,9.399029,0.957585,0.867325,0,142.524824,scenario_002,medium
394,111,2.3231,0.190926,0.392099,1,113.43,scenario_002,short
395,111,1.762323,0.148474,0.398403,2,114.394074,scenario_002,short
396,111,69.443874,0.940459,0.868733,0,365.831114,scenario_002,long
397,111,73.098721,0.592358,1.0,0,235.03248,scenario_002,long
398,112,1.826082,0.199292,0.183435,1,116.494539,scenario_002,short
399,112,2.844514,0.825745,0.590299,1,115.450451,scenario_002,short
400,112,2.156588,0.442737,0.65414,2,116.207183,scenario_002,short
401,112,16.71942,0.169434,0.761705,0,180.095142,scenario_002,medium
402,112,8.578031,0.818634,0.945699,0,141.638234,scenario_002,medium
403,112,1.379448,0.233579,0.154775,0,116.094068,scenario_002,short
404,112,0.855277,0.237568,0.551724,0,114.021254,scenario_002,short
405,112,1.365362,0.356272,0.421068,2,114.85953,scenario_002,short
406,112,5.731874,0.809612,0.84888,0,129.040459,scenario_002,medium
407,112,11.436153,0.320748,0.49049,0,167.257593,scenario_002,medium
408,112,2.943482,0.143536,0.352555,0,123.392062,scenario_002,short
409,112,9.091448,0.487704,0.358355,1,135.952498,scenario_002,long
410,113,1.116707,0.315376,0.359044,0,118.391358,scenario_002,short
411,113,6.255691,0.505805,0.359815,0,143.398293,scenario_002,medium
412,113,113.170756,0.948141,1.0,0,464.391115,scenario_002,long
413,113,15.993196,0.497537,0.708536,0,173.911815,scenario_002,medium
414,113,9.027943,0.66187,0.993786,1,132.744299,scenario_002,medium
415,113,1.244915,0.203109,0.17258,0,115.857947,scenario_002,short
416,113,6.757414,0.453288,0.494137,0,124.088436,scenario_002,medium
417,113,1.981858,0.074006,0.593387,0,121.661608,scenario_002,short
418,113,1.844087,0.253726,0.27947,0,120.262494,scenario_002,short
419,113,7.188221,0.631394,0.604944,0,148.980764,scenario_002,medium
420,113,12.35393,0.716278,0.547044,0,145.626271,scenario_002,medium
421,114,4.392674,0.171598,0.220185,0,134.211679,scenario_002,medium
422,114,4.665213,0.456001,0.543007,2,120.41039,scenario_002,medium
423,114,1.006139,0.308332,0.759066,1,115.093159,scenario_002,short
424,115,20.35828,0.94458,0.800929,0,190.338778,scenario_002,long
425,115,1.006695,0.427505,0.350579,1,116.0,scenario_002,short
426,115,1.859692,0.355905,0.784,1,118.114047,scenario_002,short
427,115,0.979579,0.210049,0.514299,1,116.413317,scenario_002,short
428,115,10.227034,0.258598,0.210843,2,128.462419,scenario_002,medium
429,115,8.308516,0.672295,0.484036,0,141.690449,scenario_002,medium
430,115,11.394536,0.613061,0.729779,0,150.222448,scenario_002,medium
431,115,1.344838,0.149128,0.696369,0,117.449196,scenario_002,short
432,116,24.104857,0.799153,0.977407,0,160.374493,scenario_002,long
433,116,38.587287,0.451806,0.469779,1,177.795458,scenario_002,long
434,116,1.642045,0.50667,0.544382,2,119.545378,scenario_002,short
435,116,13.889474,0.1363,0.101474,0,174.444922,scenario_002,medium
436,116,2.225492,0.216587,0.400776,0,127.141339,scenario_002,short
437,117,10.114667,0.442555,0.353287,0,150.522845,scenario_002,medium
438,117,6.959587,1.0,0.902679,2,124.65156,scenario_002,medium
439,117,67.24232,0.471293,0.736236,0,462.268666,scenario_002,long
440,117,0.921152,0.354329,0.324045,2,118.968356,scenario_002,short
441,117,11.679332,0.356802,0.721169,2,128.909523,scenario_002,medium
442,117,60.676486,0.926826,0.672483,0,437.129096,scenario_002,long
443,117,3.449446,0.42497,0.787287,1,125.572893,scenario_002,medium
444,117,17.158364,0.151661,0.23927,0,148.667952,scenario_002,medium
445,117,2.520071,0.815475,0.666405,0,126.568239,scenario_002,short
446,117,15.797904,0.937072,0.828748,1,154.408587,scenario_002,long
447,117,1.913427,0.233103,0.427347,0,127.772148,scenario_002,short
448,117,10.865561,0.251415,0.337495,1,131.59592,scenario_002,medium
449,117,7.35116,0.668975,0.63567,1,135.077763,scenario_002,medium
450,118,3.96161,0.91794,0.70685,0,137.512438,scenario_002,medium
451,118,17.635341,0.248764,0.423204,1,166.387375,scenario_002,medium
452,118,1.31609,0.152437,0.38511,0,123.80187,scenario_002,short
453,118,1.167779,0.32719,0.413371,1,119.075098,scenario_002,short
454,118,1.585547,0.266771,0.400055,0,122.61324,scenario_002,short
455,118,6.183266,0.340955,0.617844,0,142.45406,scenario_002,medium
456,118,13.966349,0.205164,0.64263,1,140.091017,scenario_002,medium
457,118,8.739819,0.697476,0.815118,0,150.966701,scenario_002,medium
458,118,1.07381,0.380997,0.312838,1,120.831734,scenario_002,short
459,118,11.045259,0.929777,0.626601,0,153.0622,scenario_002,medium
460,119,1.304125,0.142486,0.342729,0,121.981251,scenario_002,short
461,119,1.599798,0.228757,0.220061,0,124.19982,scenario_002,short
462,119,17.624192,0.707468,0.66264,2,133.421303,scenario_002,long
463,119,7.683172,0.356964,0.415093,1,141.600292,scenario_002,medium
464,119,76.651409,0.322632,0.559701,0,271.515249,scenario_002,long
465,119,9.075863,0.258406,0.304863,0,154.332435,scenario_002,medium
466,119,14.877524,0.440644,0.475424,0,175.423594,scenario_002,medium
467,119,9.553109,0.62926,0.862664,0,168.818367,scenario_002,medium
468,120,16.059722,0.696786,0.90289,0,205.818331,scenario_002,medium
469,120,28.489653,0.518874,0.697025,1,187.960004,scenario_002,long
470,120,1.335254,0.335682,0.314743,0,126.9845,scenario_002,short
471,120,1.75669,0.423357,0.483135,0,129.749142,scenario_002,short
472,120,84.522343,0.427143,0.659981,1,367.345797,scenario_002,long
473,120,4.78108,0.17931,0.218072,1,124.262391,scenario_002,medium
474,120,11.752571,0.354528,0.388418,0,164.48965,scenario_002,medium
475,120,11.331085,0.428247,0.379901,2,142.914023,scenario_002,medium
476,120,14.327696,1.0,0.804874,0,174.17635,scenario_002,medium
477,120,1.241002,0.499669,0.262357,0,122.23076,scenario_002,short
478,120,18.256325,0.535743,0.705631,0,149.92512,scenario_002,long
479,120,31.016255,0.947547,0.805249,1,200.617518,scenario_002,long
480,121,1.357387,0.268381,0.629667,2,123.234913,scenario_002,short
481,121,8.043326,0.217283,0.235228,0,150.52915,scenario_002,medium
482,121,9.122502,0.512086,0.438681,0,138.812409,scenario_002,medium
483,121,2.096349,0.475329,0.664861,1,124.50963,scenario_002,short
484,121,11.598785,0.211932,0.437303,0,170.656816,scenario_002,medium
485,121,5.455289,0.120724,0.206106,2,128.372552,scenario_002,medium
486,122,1.240942,0.126763,0.079526,0,126.051982,scenario_002,short
487,122,1.571928,0.348576,0.449878,0,130.431255,scenario_002,short
488,122,2.157448,0.613049,0.573978,1,125.194345,scenario_002,short
489,122,4.970961,0.274887,0.144405,0,139.532873,scenario_002,medium
490,122,11.701232,0.604384,0.733744,0,178.38887,scenario_002,medium
491,123,82.356709,0.374137,0.641842,1,322.206685,scenario_002,long
492,123,54.270783,0.93311,0.852452,0,311.118425,scenario_002,long
493,123,1.998453,0.06463,0.399552,0,129.469443,scenario_002,short
494,123,13.266543,0.907648,0.787109,0,179.099351,scenario_002,medium
495,123,7.68945,0.661423,0.745583,0,157.018909,scenario_002,medium
496,123,1.620208,0.20733,0.504846,0,129.139934,scenario_002,short
497,124,2.158276,0.520065,0.385903,0,133.657721,scenario_002,short
498,124,181.372597,0.824012,0.886266,0,1039.541831,scenario_002,long
499,124,1.824979,0.135009,0.226447,0,127.138607,scenario_002,short
500,124,10.831842,0.611116,1.0,0,178.669715,scenario_002,medium
501,124,1.557355,0.549518,0.494298,0,131.653661,scenario_002,short
502,124,2.067663,0.152392,0.244566,0,130.335941,scenario_002,short
503,125,3.553195,0.521948,0.979929,0,142.549633,scenario_002,medium
504,125,0.904453,0.288144,0.478283,0,129.405956,scenario_002,short
505,125,7.778918,0.685587,0.589594,0,154.593922,scenario_002,medium
506,125,1.515023,0.548641,0.492978,0,132.750558,scenario_002,short
507,125,6.969157,0.34587,0.833279,0,158.711919,scenario_002,long
508,125,1.386869,0.100451,0.419012,0,128.470846,scenario_002,short
509,125,15.197178,0.191134,0.272888,1,175.155515,scenario_002,medium
510,125,8.565223,0.416094,0.443688,0,152.249686,scenario_002,medium
511,125,2.971479,0.144977,0.408145,1,128.967087,scenario_002,short
512,126,8.739174,0.542178,0.757684,0,164.69836,scenario_002,medium
513,127,1.286156,0.244252,0.141946,0,129.136158,scenario_002,short
514,127,8.5374,0.42323,0.617955,2,136.494646,scenario_002,medium
515,127,7.860626,0.847168,0.608506,0,162.633491,scenario_002,medium
516,127,1.431578,0.180854,0.425775,0,134.58717,scenario_002,short
517,128,35.24503,1.0,0.805009,0,220.347731,scenario_002,long
518,128,10.670244,0.753451,0.636557,0,155.991325,scenario_002,medium
519,128,1.030527,0.356965,0.211241,0,131.255747,scenario_002,short
520,128,17.867777,0.640736,0.661088,0,188.481081,scenario_002,medium
521,129,1.250186,0.293057,0.455407,0,132.99551,scenario_002,short
522,129,1.391469,0.135657,0.14685,1,133.039291,scenario_002,short
523,129,2.22283,0.196629,0.194102,0,137.830404,scenario_002,short
524,130,13.832256,0.165623,0.275936,0,193.713133,scenario_002,medium
525,130,1.656524,0.190268,0.318612,0,137.051722,scenario_002,short
526,130,59.883701,1.0,0.813706,2,239.448754,scenario_002,long
527,130,1.26973,0.362858,0.293053,0,132.814419,scenario_002,short
528,130,1.919697,0.389931,0.295594,0,136.885194,scenario_002,short
529,131,6.312504,0.28789,0.33353,0,158.063747,scenario_002,medium
530,131,0.977958,0.464176,0.602102,0,133.366744,scenario_002,short
531,131,7.139263,0.162927,0.49226,0,149.922551,scenario_002,medium
532,131,1.602585,0.289348,0.358376,2,134.134634,scenario_002,short
533,131,1.268829,0.165929,0.166865,1,134.178604,scenario_002,short
534,131,2.998788,0.389246,0.338181,1,135.699593,scenario_002,short
535,131,1.567703,0.63972,0.742776,0,136.247358,scenario_002,short
536,132,1.556181,0.29559,0.241429,0,137.856676,scenario_002,short
537,132,1.160068,0.434386,0.382834,1,133.18723,scenario_002,short
538,133,1.702601,0.184735,0.436123,0,141.658878,scenario_002,short
539,133,2.097418,0.375958,0.408777,0,143.318468,scenario_002,short
540,133,74.466744,0.89891,1.0,0,409.890301,scenario_002,long
541,133,1.452099,0.228572,0.414903,1,136.279538,scenario_002,short
542,133,7.070514,0.246594,0.725722,0,161.58877,scenario_002,medium
543,133,6.815703,0.342752,0.670036,0,169.486907,scenario_002,medium
544,133,4.131165,0.688848,0.85322,1,138.936582,scenario_002,medium
545,133,20.253586,0.78016,1.0,0,197.373489,scenario_002,long
546,134,2.485092,0.19776,0.322877,0,139.694816,scenario_002,short
547,134,7.43147,0.204593,0.541719,1,158.208632,scenario_002,medium
548,134,10.967161,0.488589,0.536076,2,146.027912,scenario_002,medium
549,134,6.831319,0.662212,0.658793,2,141.620165,scenario_002,medium
550,134,8.399035,0.356019,0.263104,0,156.058055,scenario_002,medium
551,135,0.996088,0.136035,0.453408,1,136.705499,scenario_002,short
552,135,2.205573,0.413134,0.571945,1,137.453106,scenario_002,short
553,135,8.451719,0.874114,0.76732,0,163.886902,scenario_002,medium
554,135,2.289975,0.092748,0.438573,2,137.467087,scenario_002,short
555,135,7.695222,0.832496,0.866777,1,151.63086,scenario_002,medium
556,136,1.440365,0.080137,0.223113,0,140.025669,scenario_002,short
557,136,43.66749,0.830506,1.0,0,260.470961,scenario_002,long
558,136,1.48985,0.588603,0.454114,0,142.723933,scenario_002,short
559,136,1.739592,0.252161,0.626218,1,140.145183,scenario_002,short
560,136,1.543125,0.105382,0.462143,0,143.500271,scenario_002,short
561,136,44.86286,0.855368,0.662671,0,207.775156,scenario_002,long
562,136,8.031953,0.29842,0.673065,2,142.682362,scenario_002,medium
563,137,10.692624,0.634346,0.720769,0,186.470676,scenario_002,medium
564,137,1.732052,0.142763,0.425521,1,140.428232,scenario_002,short
565,137,6.646358,0.46862,0.427362,2,143.958214,scenario_002,medium
566,137,1.798564,0.210998,0.417177,2,139.16808,scenario_002,short
567,137,9.812102,0.183232,0.766549,0,159.289013,scenario_002,medium
568,137,13.84064,0.484952,0.564752,2,153.318365,scenario_002,medium
569,138,7.757569,0.456136,0.599568,1,146.177606,scenario_002,medium
570,138,2.727532,0.258115,0.402504,0,151.780806,scenario_002,short
571,138,16.65406,0.518239,0.438288,0,206.456274,scenario_002,medium
572,138,82.81677,0.682835,0.772693,1,264.956508,scenario_002,long
573,138,8.407491,0.463037,0.619726,0,180.302874,scenario_002,medium
574,138,1.569222,0.061732,0.085178,0,140.454076,scenario_002,short
575,139,2.237245,0.238182,0.355689,2,143.427449,scenario_002,short
576,139,1.60518,0.297737,0.580876,0,147.214998,scenario_002,short
577,139,1.971403,0.104726,0.443824,1,142.270675,scenario_002,short
578,139,119.36242,0.926507,0.740162,0,604.559366,scenario_002,long
579,139,2.109321,0.291303,0.34953,0,146.821087,scenario_002,short
580,140,11.603728,0.462772,0.619857,0,203.823845,scenario_002,medium
581,140,8.265274,0.426574,0.646657,0,175.293089,scenario_002,medium
582,140,13.32264,0.15475,0.182406,2,150.039088,scenario_002,medium
583,140,101.250471,0.847051,0.892617,0,385.932368,scenario_002,long
584,140,1.012103,0.167852,0.460079,0,144.246833,scenario_002,short
585,140,7.632098,0.339311,0.612611,2,155.627655,scenario_002,medium
586,141,2.423132,0.125204,0.212586,0,150.02347,scenario_002,short
587,141,1.699493,0.381228,0.274263,0,149.251442,scenario_002,short
588,142,2.237236,0.096258,0.782474,2,146.740737,scenario_002,short
589,142,1.024904,0.052003,0.250798,0,145.493796,scenario_002,short
590,142,12.232952,0.86947,1.0,2,161.386612,scenario_002,medium
591,143,2.601794,0.200274,0.471655,1,147.498997,scenario_002,short
592,143,9.622703,0.220335,0.305126,0,171.828982,scenario_002,medium
593,143,12.562625,0.268842,0.271231,0,171.992273,scenario_002,medium
594,144,10.683402,0.512943,0.528114,0,186.914823,scenario_002,medium
595,144,1.53346,0.346375,0.385643,0,149.702819,scenario_002,short
596,144,2.177412,0.301344,0.653259,0,155.72992,scenario_002,short
597,144,14.122383,0.739989,0.789337,2,156.570192,scenario_002,medium
598,144,1.684472,0.104054,0.201623,2,145.883248,scenario_002,short
599,145,5.862347,0.254505,0.410555,0,176.36312,scenario_002,medium
600,145,1.472052,0.351477,0.377455,0,152.513834,scenario_002,short
601,145,8.265615,0.432576,0.687858,1,171.924732,scenario_002,medium
602,145,2.08317,0.581632,0.582228,2,147.824354,scenario_002,short
603,145,12.078418,0.827682,0.968298,0,190.539338,scenario_002,long
604,145,9.19456,0.425065,0.521685,0,168.075758,scenario_002,medium
605,145,1.495136,0.359492,0.449343,2,147.020058,scenario_002,short
606,145,11.21935,0.224291,0.680836,0,182.570954,scenario_002,medium
607,146,1.264428,0.347919,0.227243,2,148.700576,scenario_002,short
608,146,10.48637,0.64735,1.0,2,154.430446,scenario_002,medium
609,147,1.484332,0.317514,0.273132,0,149.824076,scenario_002,short
610,147,2.240588,0.343958,0.403737,0,156.925629,scenario_002,short
611,147,8.845386,0.136217,0.316317,1,175.431136,scenario_002,medium
612,148,1.820704,0.083057,0.248166,0,153.624593,scenario_002,short
613,148,2.090149,0.160143,0.234006,0,154.033012,scenario_002,short
614,148,46.62743,0.836932,0.810566,0,228.723945,scenario_002,long
615,148,17.305618,0.846637,0.914145,0,175.656217,scenario_002,medium
616,149,1.959726,0.686778,0.762901,0,157.552062,scenario_002,short
617,149,11.914854,0.800971,0.8215,0,180.225487,scenario_002,medium
618,149,1.682989,0.208397,0.072304,2,150.96952,scenario_002,short
619,149,1.682364,0.507373,0.408734,2,150.262632,scenario_002,short
620,149,14.083335,0.91784,1.0,1,192.143756,scenario_002,medium
621,149,2.805991,0.63269,0.634269,0,154.764638,scenario_002,short
622,149,2.366757,0.24257,0.176764,0,157.52183,scenario_002,short
623,149,2.246165,0.293411,0.654002,2,150.38768,scenario_002,short
624,149,14.131393,0.505434,0.502499,2,178.451735,scenario_002,medium
625,150,11.002263,0.648688,0.733699,0,178.410561,scenario_002,medium
626,150,10.91634,0.129038,0.363034,1,180.677283,scenario_002,medium
627,150,1.745595,0.415632,0.849926,0,157.76121,scenario_002,short
628,150,81.241465,0.807753,0.73597,0,472.547406,scenario_002,long
629,150,10.539804,0.168364,0.356069,0,207.992442,scenario_002,medium
630,151,2.420557,0.474358,0.703048,0,159.415518,scenario_002,short
631,151,8.284096,0.571663,0.838955,0,192.668622,scenario_002,medium
632,151,2.843013,0.363075,0.511712,0,158.765756,scenario_002,short
633,152,0.967484,0.450715,0.457895,0,154.281766,scenario_002,short
634,152,10.934076,0.478291,0.537864,0,179.653662,scenario_002,medium
635,152,9.700173,0.700332,0.818622,2,169.036736,scenario_002,medium
636,152,2.100824,0.144025,0.152948,0,160.865098,scenario_002,short
637,152,1.395662,0.540521,0.715906,1,154.907739,scenario_002,short
638,152,2.228155,0.164326,0.32423,0,161.547769,scenario_002,short
639,153,1.882729,0.632083,0.857218,2,156.623299,scenario_002,short
640,153,2.360583,0.204374,0.333291,1,158.649376,scenario_002,short
641,153,2.293592,0.333251,0.375537,0,159.77732,scenario_002,short
642,153,2.769044,0.296417,0.347252,0,160.911354,scenario_002,short
643,153,1.409275,0.125295,0.648306,2,155.552796,scenario_002,short
644,153,1.520647,0.075456,0.317512,0,158.110084,scenario_002,short
645,153,9.146659,1.0,0.942534,0,193.465426,scenario_002,medium
646,154,8.506265,0.321381,0.426552,1,169.214749,scenario_002,medium
647,154,1.686226,0.350408,0.498588,2,155.178427,scenario_002,short
648,155,4.158223,0.273869,0.404161,0,161.9377,scenario_002,short
649,155,1.708972,0.118643,0.08949,0,158.739549,scenario_002,short
650,155,14.119796,0.75105,0.853074,0,194.351822,scenario_002,long
651,155,16.060435,1.0,1.0,2,185.637064,scenario_002,medium
652,156,15.322913,0.222974,0.336638,0,217.620741,scenario_002,medium
653,156,7.750828,0.633561,0.744419,1,169.556238,scenario_002,medium
654,156,5.226516,0.713244,0.761363,0,181.673771,scenario_002,medium
655,156,1.695139,0.06894,0.567967,0,162.279407,scenario_002,short
656,156,113.41332,0.886209,0.813368,0,729.349127,scenario_002,long
657,156,2.178871,0.082068,0.543511,1,158.244506,scenario_002,short
658,156,6.678734,0.586807,0.689805,0,183.390732,scenario_002,medium
659,157,11.209106,0.786518,0.608775,0,207.490476,scenario_002,long
660,157,1.04116,0.602612,0.753851,2,158.0,scenario_002,short
661,157,72.405482,0.600871,0.715204,1,322.118962,scenario_002,long
662,157,2.252908,0.34747,0.293547,0,166.901189,scenario_002,short
663,158,1.215056,0.13145,0.252075,1,159.790664,scenario_002,short
664,158,1.853169,0.646438,0.595522,0,160.920242,scenario_002,short
665,158,2.65461,0.423631,0.662364,1,161.032334,scenario_002,short
666,158,1.355493,0.567395,0.452172,2,160.868121,scenario_002,short
667,158,2.245507,0.166174,0.284755,0,161.954634,scenario_002,short
668,159,7.003604,1.0,0.878704,2,170.63421,scenario_002,long
669,159,2.060284,0.18765,0.23085,0,164.89204,scenario_002,short
670,159,2.521619,0.857565,0.791761,2,162.535942,scenario_002,short
671,159,1.438312,0.522321,0.418066,2,160.159729,scenario_002,short
672,159,6.140205,0.332692,0.442431,0,170.99149,scenario_002,medium
673,159,36.431489,0.390708,0.463152,2,216.355718,scenario_002,long
674,160,42.405335,0.870591,0.672042,1,254.958717,scenario_002,long
675,160,18.994967,0.577036,0.548826,1,189.92233,scenario_002,medium
676,160,34.851908,0.999201,0.744196,0,330.283687,scenario_002,long
677,160,1.593018,0.198742,0.118863,0,165.439826,scenario_002,short
678,160,33.062458,0.548925,1.0,2,201.725507,scenario_002,long
679,160,6.568494,0.706705,0.598705,0,186.689921,scenario_002,medium
680,161,1.309452,0.13077,0.390644,0,163.63703,scenario_002,short
681,161,11.615747,0.297852,0.501419,1,181.249339,scenario_002,medium
682,161,11.459618,0.6393,0.581673,1,196.331756,scenario_002,medium
683,161,9.016925,0.228109,0.366965,2,175.905516,scenario_002,medium
684,162,1.839492,0.668267,0.757233,0,170.803004,scenario_002,short
685,162,2.100372,0.088091,0.359149,2,165.561618,scenario_002,short
686,162,11.719271,0.479924,0.554274,2,176.319715,scenario_002,medium
687,162,5.978469,0.218754,0.240484,0,194.119048,scenario_002,medium
688,162,1.402566,0.668937,0.595383,2,164.306335,scenario_002,short
689,162,1.623856,0.200062,0.45927,0,165.798573,scenario_002,short
690,163,38.074746,0.824093,0.903811,0,274.671149,scenario_002,long
691,163,2.035544,0.099328,0.295004,1,166.500668,scenario_002,short
692,163,21.636739,0.525874,0.579267,2,189.84587,scenario_002,long
693,163,55.25974,1.0,0.936683,0,420.30045,scenario_002,long
694,163,10.044617,0.373085,0.499883,0,214.428658,scenario_002,medium
695,163,7.569763,0.547869,0.587551,1,182.54483,scenario_002,medium
696,163,176.453119,0.576412,0.51957,2,464.866595,scenario_002,long
697,164,5.999627,0.75886,0.890271,0,186.788089,scenario_002,medium
698,164,6.381889,0.605285,0.583993,1,173.955741,scenario_002,medium
699,165,42.419933,0.713345,0.709375,0,241.777782,scenario_002,long
700,165,13.678496,0.5086,0.456767,2,187.708299,scenario_002,medium
701,165,7.830827,0.481214,0.296578,0,194.902226,scenario_002,medium
702,165,2.009894,0.153421,0.367642,0,175.450124,scenario_002,short
703,166,1.908451,0.660687,0.641638,1,169.250267,scenario_002,short
704,166,3.136886,0.101751,0.455222,0,182.618607,scenario_002,short
705,166,1.840257,0.390585,0.906149,2,169.562332,scenario_002,short
706,167,1.4588,0.430136,0.342927,0,173.617305,scenario_002,short
707,167,9.201198,1.0,0.724327,2,177.146656,scenario_002,medium
708,167,8.042262,0.521549,0.430066,0,199.776744,scenario_002,medium
709,167,7.089901,0.747799,0.995607,0,204.746708,scenario_002,medium
710,167,1.789779,0.066169,0.348733,1,169.689319,scenario_002,short
711,167,9.178416,0.41977,0.508637,1,179.362299,scenario_002,medium
712,167,10.497374,0.810438,0.763022,0,207.161403,scenario_002,medium
713,168,1.195958,0.204083,0.394088,1,170.427622,scenario_002,short
714,168,2.115323,0.690112,0.743908,0,174.906592,scenario_002,short
715,168,1.064844,0.339112,0.58302,0,170.563884,scenario_002,short
716,168,1.704041,0.499074,0.450151,2,170.017102,scenario_002,short
717,168,9.598571,1.0,0.883074,0,204.821176,scenario_002,medium
718,168,3.217817,0.303923,0.248184,1,173.796439,scenario_002,short
719,168,2.025285,0.366123,0.689629,0,173.231328,scenario_002,short
720,168,2.200105,0.295281,0.747027,0,178.057821,scenario_002,short
721,168,103.723856,0.926767,0.7679,0,564.492332,scenario_002,long
722,168,1.193772,0.526583,0.737696,1,169.991554,scenario_002,short
723,168,38.057585,0.697247,0.778594,0,319.895591,scenario_002,long
724,168,1.688735,0.47794,0.332681,0,172.957697,scenario_002,short
725,168,1.603205,0.107327,0.321507,0,173.910462,scenario_002,short
726,168,10.596933,0.382304,0.324018,0,226.637945,scenario_002,medium
727,168,9.238662,0.624561,0.745756,0,211.151638,scenario_002,medium
728,168,50.124202,0.664821,0.73101,2,232.285178,scenario_002,long
729,169,1.436301,0.505556,0.260338,0,171.808817,scenario_002,short
730,169,16.084898,0.659604,0.736263,0,250.413215,scenario_002,medium
731,169,1.20704,0.08514,0.640992,1,170.506921,scenario_002,short
732,169,7.806677,0.552898,0.557238,0,188.652079,scenario_002,medium
733,169,1.910224,0.164296,0.110901,0,175.152966,scenario_002,short
734,169,1.954561,0.377321,0.624862,0,173.84845,scenario_002,short
735,170,2.47097,0.220368,0.570772,0,183.829935,scenario_002,short
736,170,2.243977,0.121303,0.247005,2,171.772408,scenario_002,short
737,170,20.637563,0.999985,0.659839,1,236.621581,scenario_002,long
738,170,2.321991,0.704371,0.838345,0,173.60941,scenario_002,short
739,170,1.859921,0.666376,0.788508,0,178.57367,scenario_002,short
740,170,10.165274,0.531459,0.54252,1,187.900734,scenario_002,medium
741,170,5.81414,0.146298,0.398813,0,197.642222,scenario_002,medium
742,170,7.397125,0.611174,0.38493,0,189.304389,scenario_002,medium
743,170,1.450207,0.342172,0.600794,1,172.945968,scenario_002,short
744,170,1.635322,0.057461,0.433012,0,174.118972,scenario_002,short
745,170,10.672374,0.157237,0.246001,0,208.505459,scenario_002,medium
746,171,1.17927,0.121011,0.320584,2,172.873076,scenario_002,short
747,171,6.826309,0.344659,0.426683,1,177.654513,scenario_002,medium
748,171,1.387364,0.489953,0.420978,2,172.575792,scenario_002,short
749,171,1.474944,0.751679,1.0,0,173.447329,scenario_002,short
750,171,12.084828,0.746045,1.0,0,214.346425,scenario_002,medium
751,171,6.407695,0.447082,0.504224,0,199.832391,scenario_002,medium
752,171,1.544568,0.224189,0.31508,2,174.415851,scenario_002,short
753,171,3.214345,0.086886,0.222779,2,173.87273,scenario_002,short
754,171,1.111947,0.696555,0.879359,0,175.45191,scenario_002,short
755,171,2.607258,0.228872,0.238684,1,174.125031,scenario_002,short
756,171,1.684684,0.106483,0.28146,1,176.436629,scenario_002,short
757,171,36.818557,0.848631,1.0,1,288.449429,scenario_002,long
758,171,3.27551,0.389178,0.489767,0,183.68828,scenario_002,short
759,172,1.261071,0.310913,0.315129,0,177.346317,scenario_002,short
760,172,12.235074,0.184973,0.387528,0,216.416274,scenario_002,medium
761,172,8.782973,0.448773,0.473904,0,191.90427,scenario_002,medium
762,172,1.5226,0.796329,0.922316,0,179.669242,scenario_002,short
763,172,1.886194,0.714432,0.681158,0,178.547748,scenario_002,short
764,172,9.829334,0.448651,0.465151,0,188.266386,scenario_002,medium
765,172,2.032011,0.812427,0.669835,2,175.914394,scenario_002,short
766,172,10.15763,0.259518,0.342168,2,182.618935,scenario_002,medium
767,172,10.544105,0.233814,0.400265,0,220.097407,scenario_002,medium
768,172,2.229946,0.124725,0.441834,2,176.358755,scenario_002,short
769,172,10.131653,0.531206,0.600778,0,226.193904,scenario_002,medium
770,172,11.260304,1.0,0.999214,0,194.549383,scenario_002,medium
771,172,6.847798,1.0,0.760823,0,196.183311,scenario_002,medium
772,172,1.705361,0.153012,0.325057,0,176.650182,scenario_002,short
773,173,1.322718,0.083252,0.152447,2,174.0,scenario_002,short
774,173,5.753217,0.611133,0.727865,0,203.300639,scenario_002,medium
775,173,11.271279,0.797366,0.823699,0,233.535155,scenario_002,medium
776,173,12.913085,0.445826,0.568311,0,195.830338,scenario_002,medium
777,173,1.953021,0.327868,0.524299,0,178.410328,scenario_002,short
778,173,18.616286,0.285057,0.24209,0,245.578225,scenario_002,medium
779,173,7.673423,1.0,1.0,1,186.603887,scenario_002,medium
780,173,32.584762,0.25356,0.323356,0,313.957165,scenario_002,long
781,174,32.877667,0.968113,0.871178,0,359.697879,scenario_002,long
782,174,6.970151,0.410866,0.346589,1,190.477653,scenario_002,medium
783,174,1.010657,0.376633,0.457933,2,175.669723,scenario_002,short
784,174,2.120777,0.111613,0.287127,0,183.40715,scenario_002,short
785,174,1.759453,0.069847,0.222559,2,177.469658,scenario_002,short
786,174,1.194372,0.281856,0.606311,1,176.803046,scenario_002,short
787,174,1.44773,0.638588,0.52817,0,177.738016,scenario_002,short
788,174,2.006655,0.375495,0.323818,1,178.437746,scenario_002,short
789,174,8.05204,0.567621,0.384191,2,191.915754,scenario_002,medium
790,174,27.905642,0.781457,0.825318,1,211.954038,scenario_002,long
791,175,2.075558,0.201851,0.663952,0,185.653462,scenario_002,short
792,175,1.973823,0.115636,0.092322,1,178.696694,scenario_002,short
793,175,9.948298,0.563586,0.635944,0,220.6451,scenario_002,medium
794,175,1.261937,0.230649,0.62377,0,178.726412,scenario_002,short
795,175,1.780169,0.199909,0.436101,0,182.359454,scenario_002,short
796,175,1.836244,0.102222,0.255975,0,182.056849,scenario_002,short
797,175,29.258262,0.820438,0.763209,0,277.563946,scenario_002,long
798,175,2.222129,0.072943,0.404966,2,179.031473,scenario_002,short
799,176,13.560645,0.29,0.366107,0,221.536276,scenario_002,medium
800,176,50.557881,0.514045,0.668535,0,428.819915,scenario_002,long
801,176,7.429687,0.395601,0.536069,0,214.922128,scenario_002,medium
802,176,9.628886,0.30373,0.405081,0,203.63841,scenario_002,medium
803,176,12.573708,0.406464,0.451733,2,194.241988,scenario_002,medium
804,176,1.971109,0.050299,0.34682,0,180.848807,scenario_002,short
805,177,2.460282,0.790996,0.923179,0,189.847903,scenario_002,short
806,177,2.366485,0.124202,0.465409,0,182.612916,scenario_002,short
807,177,2.79711,0.315475,0.681678,0,185.217531,scenario_002,short
808,177,6.282468,0.185075,0.412001,1,193.511024,scenario_002,medium
809,177,7.721345,0.140747,0.225922,0,199.012376,scenario_002,medium
810,177,9.461683,0.684504,0.596597,1,198.164106,scenario_002,medium
811,177,1.115352,0.437704,0.527154,0,183.120442,scenario_002,short
812,177,1.823936,0.097736,0.56199,0,186.622361,scenario_002,short
813,177,2.017178,0.246773,0.459851,0,188.324069,scenario_002,short
814,177,2.814431,0.099607,0.243822,1,180.056232,scenario_002,short
815,178,2.023682,0.288443,0.849191,1,182.451685,scenario_002,short
816,178,1.35126,0.305737,0.687343,0,184.443705,scenario_002,short
817,178,45.068079,0.340978,0.352293,1,288.706199,scenario_002,long
818,178,1.937149,0.537458,0.481873,1,182.904679,scenario_002,short
819,178,51.876883,0.594583,0.989975,1,337.536037,scenario_002,long
820,178,2.192638,0.242353,0.568249,1,184.943643,scenario_002,short
821,179,10.518594,0.152386,0.313929,1,206.897481,scenario_002,medium
822,179,5.735344,0.241565,0.332697,0,208.519272,scenario_002,medium
823,179,8.684411,0.775847,0.737764,2,187.150891,scenario_002,long
824,179,1.674751,0.235903,0.156224,0,181.617515,scenario_002,short
825,179,1.953284,0.382237,0.445664,0,182.993811,scenario_002,short
826,179,10.967851,0.589851,0.696161,2,192.025807,scenario_002,medium
827,179,9.966051,0.687842,0.764908,0,208.625239,scenario_002,medium
828,179,2.725722,0.461475,0.47375,0,192.110681,scenario_002,short
829,179,16.126393,0.75649,1.0,0,222.686482,scenario_002,long
830,180,1.221934,0.247471,0.309477,0,184.931414,scenario_002,short
831,180,16.494781,0.891164,0.846609,0,252.367528,scenario_002,long
832,180,47.539846,0.804686,0.938477,0,278.915295,scenario_002,long
833,180,2.640168,0.36263,0.482323,2,185.845809,scenario_002,short
834,181,1.404923,0.383709,0.453704,2,182.043364,scenario_002,short
835,181,14.983725,0.60841,0.426333,0,216.541195,scenario_002,medium
836,181,0.807275,0.689127,0.790959,2,182.291987,scenario_002,short
837,181,1.459824,0.373257,0.827538,0,186.81923,scenario_002,short
838,181,1.462827,0.368175,0.65573,0,187.911342,scenario_002,short
839,181,1.377274,0.149132,0.255569,0,183.292005,scenario_002,short
840,181,8.030366,0.618439,0.627761,2,191.952616,scenario_002,medium
841,182,11.407259,0.589482,0.713694,0,209.026747,scenario_002,medium
842,182,19.406983,0.37223,0.365624,2,215.688109,scenario_002,medium
843,182,5.272484,0.555616,0.430055,0,191.70277,scenario_002,medium
844,182,4.99552,0.447698,0.497703,0,192.688108,scenario_002,medium
845,182,6.011779,0.472792,0.457599,2,193.803067,scenario_002,medium
846,182,1.877219,0.28654,0.355048,0,186.562888,scenario_002,short
847,183,2.034082,0.16578,0.294651,0,191.886546,scenario_002,short
848,183,1.705666,0.25139,0.194619,0,191.674461,scenario_002,short
849,183,12.390752,0.783162,0.606431,0,249.68841,scenario_002,medium
850,183,1.648546,0.435274,0.759818,1,184.66201,scenario_002,short
851,184,1.43142,0.414927,0.578487,0,188.709156,scenario_002,short
852,184,1.580215,0.262246,0.371085,1,188.622455,scenario_002,short
853,185,5.980259,0.190203,0.162773,2,193.735582,scenario_002,medium
854,185,4.076236,0.470074,1.0,2,188.61608,scenario_002,medium
855,185,1.276181,0.651406,0.703349,0,188.024814,scenario_002,short
856,185,8.067018,0.913688,0.711498,0,227.134584,scenario_002,medium
857,185,7.894652,0.452723,0.512424,0,214.319484,scenario_002,medium
858,185,16.618892,0.388078,0.373877,1,215.977894,scenario_002,medium
859,186,6.757089,0.657969,0.881742,2,193.745088,scenario_002,medium
860,186,10.50858,1.0,1.0,0,220.057981,scenario_002,medium
861,186,13.97976,0.250945,0.330748,1,204.069389,scenario_002,medium
862,186,1.753531,0.097725,0.148971,0,193.993765,scenario_002,short
863,187,1.809885,0.370089,0.554953,0,190.260153,scenario_002,short
864,188,1.903339,0.645554,0.93923,0,197.157921,scenario_002,short
865,189,1.303012,0.345963,0.516485,0,193.256472,scenario_002,short
866,189,12.685974,0.258641,0.330566,1,214.711514,scenario_002,medium
867,189,1.287967,0.271362,0.183068,1,190.937527,scenario_002,short
868,189,3.108142,0.275511,0.332642,2,195.805921,scenario_002,short
869,189,0.772149,0.45068,0.452419,0,191.207902,scenario_002,short
870,189,7.787171,0.26223,0.267202,2,204.837902,scenario_002,medium
871,189,2.238781,0.079492,0.256395,0,199.97299,scenario_002,short
872,189,454.682565,0.462116,0.852097,0,1091.758151,scenario_002,long
873,190,7.182808,0.473198,0.29634,1,203.441353,scenario_002,medium
874,190,1.002072,0.06744,0.404224,1,191.729793,scenario_002,short
875,190,11.628852,0.531791,0.378593,2,207.674191,scenario_002,medium
876,190,1.816252,0.43041,0.31609,0,199.416886,scenario_002,short
877,190,12.609281,0.866652,0.845991,0,213.868016,scenario_002,medium
878,190,4.086635,0.706997,0.713508,2,196.455818,scenario_002,medium
879,190,1.583627,0.386279,0.754683,0,197.658629,scenario_002,short
880,190,54.56703,0.586327,0.6097,0,335.973774,scenario_002,long
881,190,10.948623,0.579278,0.940184,1,210.555979,scenario_002,long
882,190,1.174805,0.202818,0.318346,0,195.5052,scenario_002,short
883,190,60.80515,0.426013,0.393894,0,402.083308,scenario_002,long
884,190,25.395754,0.634633,0.534177,0,300.889058,scenario_002,long
885,190,1.066645,0.146711,0.297931,0,193.182857,scenario_002,short
886,190,1.978267,0.628849,0.629954,0,199.711042,scenario_002,short
887,191,11.897785,0.768173,0.536334,0,256.807733,scenario_002,long
888,191,8.329092,0.718654,0.684896,0,203.801513,scenario_002,medium
889,191,9.845994,0.341164,0.766607,1,214.825248,scenario_002,medium
890,191,11.936223,0.376294,0.229473,0,248.619293,scenario_002,medium
891,192,1.586242,0.417762,1.0,0,199.459879,scenario_002,short
892,192,10.830661,0.904066,0.890307,0,252.388325,scenario_002,medium
893,192,11.189325,0.700937,0.678431,0,217.197626,scenario_002,long
894,192,1.200329,0.065796,0.112749,0,197.977348,scenario_002,short
895,192,1.21397,0.715554,0.427333,0,196.350031,scenario_002,short
896,193,1.820724,0.361514,0.518764,0,201.940021,scenario_002,short
897,193,1.656968,0.34137,0.381652,0,201.948794,scenario_002,short
898,193,19.861107,0.297163,0.632161,0,253.215188,scenario_002,medium
899,194,5.707288,0.680974,0.800372,0,219.879725,scenario_002,medium
900,194,1.314574,0.320465,0.217021,1,195.789791,scenario_002,short
901,194,1.314406,0.406612,0.824122,0,198.905832,scenario_002,short
902,195,13.933307,0.15598,0.21382,0,271.550785,scenario_002,medium
903,195,3.484983,0.483297,0.403273,1,202.387613,scenario_002,long
904,195,2.091846,0.119426,0.367788,1,196.974289,scenario_002,short
905,195,1.86354,0.448344,0.623452,0,200.186623,scenario_002,short
906,195,34.183622,0.466724,0.587534,2,251.489016,scenario_002,long
907,195,1.561321,0.302465,0.430443,1,198.961957,scenario_002,short
908,195,4.198831,0.496087,0.60265,0,206.415281,scenario_002,medium
909,196,4.148139,0.422805,0.778358,2,201.146719,scenario_002,medium
910,196,1.92422,0.279338,0.261591,1,200.421669,scenario_002,short
911,196,7.501694,0.545971,0.736479,1,206.046298,scenario_002,medium
912,196,32.373174,0.986192,0.776996,2,232.860971,scenario_002,long
913,196,1.686494,0.363129,0.179436,0,201.787411,scenario_002,short
914,197,1.583382,0.357137,0.489882,0,204.365501,scenario_002,short
915,197,1.599983,0.118567,0.470083,0,202.223795,scenario_002,short
916,197,9.404513,0.331862,0.251283,2,209.714363,scenario_002,medium
917,197,36.339795,0.897301,0.644866,0,395.761396,scenario_002,long
918,197,2.031299,0.588964,0.582161,0,205.783209,scenario_002,short
919,198,0.823926,0.56296,0.411874,1,199.509637,scenario_002,short
920,198,13.689879,0.157642,0.481069,0,246.194125,scenario_002,medium
921,198,12.476042,0.418321,0.403135,0,253.738439,scenario_002,medium
922,198,8.356401,0.310118,0.573876,0,219.716931,scenario_002,medium
923,199,1.141275,0.123135,0.304843,2,200.862766,scenario_002,short
924,199,8.944064,0.334468,0.344333,0,227.843846,scenario_002,medium
925,199,7.7364,0.369904,0.631592,0,241.72799,scenario_002,medium
926,199,10.463284,0.698478,0.768392,0,215.746484,scenario_002,medium
927,199,1.564435,0.257798,0.258881,0,205.589857,scenario_002,short
928,199,2.685419,0.128688,0.592087,2,201.823616,scenario_002,short
929,200,1.905594,0.356787,0.379859,1,204.728497,scenario_002,short
930,200,10.216404,0.361611,0.364398,0,230.938897,scenario_002,medium
931,200,10.866298,0.143281,0.168419,0,244.561701,scenario_002,medium
932,200,1.322247,0.436601,0.581955,0,205.876938,scenario_002,short
933,201,1.144902,0.078752,0.272191,0,207.365645,scenario_002,short
934,201,22.098402,0.267686,0.276765,2,215.033425,scenario_002,long
935,201,2.295886,0.116703,0.400841,1,207.464994,scenario_002,short
936,201,3.030024,0.276912,0.140259,0,212.277401,scenario_002,short
937,201,8.299877,0.230942,0.333598,1,225.430343,scenario_002,medium
938,201,1.456655,0.810795,0.996267,1,203.079981,scenario_002,short
939,202,9.893841,0.950763,0.89183,0,253.314914,scenario_002,medium
940,202,0.970461,0.323121,0.428988,0,206.911566,scenario_002,short
941,202,3.263046,0.539947,0.433496,0,213.592531,scenario_002,short
942,202,8.035052,0.157842,0.643254,0,232.240197,scenario_002,medium
943,202,10.174592,0.614621,0.589176,0,247.449724,scenario_002,medium
944,203,1.587513,0.64504,0.768407,2,206.34089,scenario_002,short
945,203,1.646932,0.16211,0.245941,0,205.918998,scenario_002,short
946,203,1.886868,0.187933,0.379427,0,209.007426,scenario_002,short
947,203,28.049865,0.909216,0.724201,2,249.11534,scenario_002,long
948,203,1.642618,0.491809,0.273799,1,207.856176,scenario_002,short
949,203,1.485037,0.166315,0.200406,0,211.335777,scenario_002,short
950,203,7.659868,0.566557,0.515577,2,207.859533,scenario_002,medium
951,203,1.417417,0.417158,0.561338,0,205.644196,scenario_002,short
952,204,1.649504,0.418495,0.496913,1,208.405529,scenario_002,short
953,204,2.259052,0.39413,0.670669,1,209.425337,scenario_002,short
954,204,8.122865,0.735068,0.708428,0,225.968068,scenario_002,medium
955,204,32.196228,0.820328,1.0,0,367.668673,scenario_002,long
956,204,6.207898,0.726274,0.879406,0,219.021723,scenario_002,medium
957,204,13.891083,0.608727,0.591065,0,253.767048,scenario_002,medium
958,204,20.625323,0.852182,0.664316,0,316.694438,scenario_002,long
959,205,1.310599,0.09136,0.111758,0,209.583678,scenario_002,short
960,205,1.264707,0.181357,0.332503,2,206.313928,scenario_002,short
961,205,4.37135,0.710943,0.907507,0,223.46941,scenario_002,medium
962,206,1.913105,0.303522,0.433637,0,209.044426,scenario_002,short
963,206,1.827157,0.630634,0.890781,1,209.17952,scenario_002,short
964,206,2.536009,0.121576,0.248585,2,209.064132,scenario_002,short
965,207,1.93542,0.414566,0.473711,0,213.423591,scenario_002,short
966,207,7.879391,0.240617,0.802316,2,217.354256,scenario_002,medium
967,207,1.240998,0.109252,0.180286,0,210.749239,scenario_002,short
968,207,1.939473,0.156413,0.207599,0,217.218291,scenario_002,short
969,207,1.02846,0.065241,0.290088,0,211.286113,scenario_002,short
970,207,2.047561,0.364259,0.791371,1,208.967893,scenario_002,short
971,207,22.236388,1.0,0.886815,1,242.759642,scenario_002,long
972,207,35.15492,0.918745,0.759851,2,273.00303,scenario_002,long
973,207,56.002025,0.935778,0.706773,0,410.939942,scenario_002,long
974,208,1.452137,0.199898,0.313353,1,209.354486,scenario_002,short
975,208,1.251838,0.43344,0.528542,1,209.419506,scenario_002,short
976,209,2.624897,0.363741,0.508624,1,217.153235,scenario_002,short
977,209,63.987286,0.296325,0.575866,0,529.306936,scenario_002,long
978,209,1.683991,0.412037,0.436053,0,212.023528,scenario_002,short
979,210,4.186917,0.291115,0.352839,0,230.91878,scenario_002,medium
980,210,9.322983,0.556212,0.320003,0,250.741302,scenario_002,medium
981,211,4.745006,0.945586,1.0,2,217.659373,scenario_002,medium
982,211,1.91044,0.427566,0.673905,1,215.712458,scenario_002,short
983,212,19.827187,0.466503,0.614108,0,296.001023,scenario_002,long
984,212,1.845971,0.388777,0.283469,0,220.496257,scenario_002,short
985,212,13.037123,0.710261,0.592228,0,271.748958,scenario_002,medium
986,212,8.786165,0.48783,0.840044,0,235.31145,scenario_002,medium
987,213,1.856411,0.131187,0.283727,0,218.330658,scenario_002,short
988,213,14.545052,0.448863,0.553065,0,267.500885,scenario_002,medium
989,213,1.444938,0.375607,0.833287,1,217.150222,scenario_002,short
990,213,5.038532,0.316629,0.442729,1,227.497852,scenario_002,medium
991,213,1.522815,0.647822,0.454996,1,217.796756,scenario_002,short
992,214,9.463973,0.293697,0.397629,1,235.701243,scenario_002,medium
993,214,0.929873,0.100312,0.294707,1,216.864703,scenario_002,short
994,214,1.340338,0.447789,0.405668,1,216.85895,scenario_002,short
995,214,7.34231,0.485298,0.655023,1,234.770445,scenario_002,medium
996,214,10.182527,0.735021,0.949966,0,234.442647,scenario_002,medium
997,215,96.831294,0.485029,0.715494,0,577.534832,scenario_002,long
998,215,2.135041,0.286354,0.740547,1,220.260849,scenario_002,short
999,215,7.43611,0.207203,0.679392,0,226.495583,scenario_002,medium
1000,215,2.167275,0.255574,0.52504,0,225.118755,scenario_002,short
1001,216,15.756512,0.36694,0.684506,0,249.444396,scenario_002,medium
1002,216,7.919264,0.350889,0.302411,1,234.857014,scenario_002,medium
1003,217,2.110793,0.304441,0.65065,1,219.31362,scenario_002,short
1004,217,1.766648,0.262026,0.277625,0,220.601842,scenario_002,short
1005,217,7.031215,1.0,0.91034,2,223.375208,scenario_002,medium
1006,217,5.786803,0.23494,0.476817,0,249.29657,scenario_002,medium
1007,218,1.792261,0.069573,0.165923,0,222.936611,scenario_002,short
1008,218,1.865921,0.363016,0.22316,0,221.545203,scenario_002,short
1009,218,2.016252,0.336748,0.313791,0,221.395318,scenario_002,short
1010,218,21.817121,0.846613,0.701953,0,297.855491,scenario_002,medium
1011,218,11.112632,0.597498,0.583639,0,253.389385,scenario_002,medium
1012,218,1.406416,0.405548,0.606427,0,220.472531,scenario_002,short
1013,218,20.158872,0.32046,0.382678,2,253.289727,scenario_002,medium
1014,218,18.287001,0.689834,0.77217,0,303.325794,scenario_002,medium
1015,219,6.457697,0.586315,0.524903,0,245.356511,scenario_002,medium
1016,219,2.247565,0.510517,0.406247,1,225.062569,scenario_002,short
1017,219,1.267805,0.282454,0.732757,0,223.893876,scenario_002,short
1018,219,1.178109,0.187909,0.400723,2,220.078487,scenario_002,short
1019,220,2.02294,0.739601,0.418211,0,227.695572,scenario_002,short
1020,220,1.100922,0.154112,0.366201,0,225.754975,scenario_002,short
1021,220,1.702651,0.27741,0.567239,0,225.920615,scenario_002,short
1022,220,2.927987,0.223776,0.60962,0,229.478099,scenario_002,short
1023,220,10.023807,0.146631,0.334021,1,231.62697,scenario_002,medium
1024,220,1.521729,0.497749,0.40898,0,222.333579,scenario_002,short
1025,220,1.51055,0.118956,0.185771,1,222.27665,scenario_002,short
1026,221,1.616291,0.562977,0.690332,0,225.930239,scenario_002,short
1027,221,1.405225,0.378571,0.569884,1,224.943017,scenario_002,short
1028,221,1.837224,0.781495,0.854297,0,228.600179,scenario_002,short
1029,221,9.63783,0.318848,0.470769,1,230.513015,scenario_002,medium
1030,221,1.485729,0.480024,0.564914,0,227.325381,scenario_002,short
1031,221,7.258727,0.459849,0.49519,1,231.035311,scenario_002,medium
1032,222,8.268363,0.399581,0.505272,0,267.610109,scenario_002,medium
1033,222,2.590384,0.424557,0.497641,1,227.215549,scenario_002,short
1034,222,9.135467,0.44939,0.546075,1,243.230619,scenario_002,medium
1035,222,0.944918,0.253999,0.364944,0,225.336238,scenario_002,short
1036,222,9.232538,0.162358,0.409378,1,237.454378,scenario_002,medium
1037,223,1.722896,0.10515,0.05,0,228.051018,scenario_002,short
1038,223,4.783124,0.544064,0.646467,2,229.172973,scenario_002,medium
1039,223,3.245841,0.219329,0.315455,2,227.818245,scenario_002,short
1040,224,10.044981,0.874453,0.76956,0,242.141407,scenario_002,medium
1041,224,1.394631,0.238093,0.385751,1,225.424898,scenario_002,short
1042,224,5.295596,0.150323,0.115156,0,239.060568,scenario_002,medium
1043,224,1.805899,0.065374,0.652228,2,225.991226,scenario_002,short
1044,224,1.564016,0.303798,0.24294,0,232.597674,scenario_002,short
1045,224,2.131981,0.300196,0.885181,1,229.603326,scenario_002,short
1046,225,79.94715,0.448816,0.530018,0,658.966178,scenario_002,long
1047,225,5.249374,0.407952,0.441784,0,237.928385,scenario_002,medium
1048,226,9.363701,0.400621,0.284364,1,248.503358,scenario_002,medium
1049,226,2.168258,0.394701,0.681567,2,229.502271,scenario_002,short
1050,226,11.346868,0.294377,0.264931,0,288.462005,scenario_002,medium
1051,226,1.807375,0.419193,0.655932,1,231.647431,scenario_002,short
1052,226,4.135578,0.675509,0.717756,0,244.759285,scenario_002,medium
1053,226,14.272366,0.507163,0.539929,0,254.924448,scenario_002,medium
1054,227,2.313207,0.701724,0.784956,2,231.140137,scenario_002,short
1055,227,2.100969,0.144706,0.361618,0,235.988749,scenario_002,short
1056,228,22.593748,0.850286,0.685865,0,337.966731,scenario_002,long
1057,228,7.616206,0.663653,0.851393,0,247.939871,scenario_002,medium
1058,228,2.500181,0.191391,0.39893,1,235.902239,scenario_002,short
1059,228,1.369176,0.104127,0.198956,0,231.128729,scenario_002,short
1060,229,14.219616,0.369892,0.413009,0,302.922621,scenario_002,medium
1061,229,8.269903,0.486165,0.943356,2,246.939918,scenario_002,medium
1062,229,1.890427,0.080313,0.266808,0,235.444707,scenario_002,short
1063,229,1.994907,0.666003,0.794527,0,237.788923,scenario_002,short
1064,229,1.082027,0.389954,0.53551,0,231.085925,scenario_002,short
1065,229,11.457174,0.759842,0.718896,0,292.555641,scenario_002,medium
1066,230,2.256239,0.4323,0.478192,0,237.090562,scenario_002,short
1067,230,1.315114,0.268572,0.604482,0,236.542388,scenario_002,short
1068,230,7.82775,0.70595,1.0,0,266.193021,scenario_002,medium
1069,230,1.695747,0.271857,0.786402,0,235.301021,scenario_002,short
1070,230,514.120941,0.719756,0.59587,0,2587.349132,scenario_002,long
1071,231,4.939766,0.228147,0.121988,1,236.501852,scenario_002,medium
1072,231,6.203108,0.549765,0.465995,0,265.908925,scenario_002,medium
1073,232,1.320473,0.30664,0.419603,0,236.768446,scenario_002,short
1074,232,103.851752,0.74694,0.79514,0,575.782875,scenario_002,long
1075,232,15.449987,0.68794,0.473147,1,267.838658,scenario_002,medium
1076,232,1.879265,0.448552,0.699916,0,235.892513,scenario_002,short
1077,232,4.82602,0.313743,0.849523,1,247.20861,scenario_002,medium
1078,232,8.356736,0.677134,0.605191,0,275.545475,scenario_002,medium
1079,233,1.522154,0.131118,0.214696,0,237.511947,scenario_002,short
1080,233,38.690329,0.720684,0.79497,0,438.739717,scenario_002,long
1081,234,1.758893,0.170484,0.405655,0,241.68148,scenario_002,short
1082,234,1.820371,0.275862,0.330765,0,239.915452,scenario_002,short
1083,235,2.062677,0.128837,0.295179,0,243.373128,scenario_002,short
1084,235,7.855137,0.72601,0.523997,0,270.690495,scenario_002,medium
1085,235,11.733174,0.41395,0.35028,1,268.147202,scenario_002,medium
1086,236,5.656851,0.528985,0.537802,0,256.729867,scenario_002,medium
1087,236,51.433987,0.764362,0.63745,0,451.737577,scenario_002,long
1088,236,10.24282,0.201772,0.135338,1,254.520174,scenario_002,medium
1089,237,1.49527,0.400321,0.582192,2,239.51236,scenario_002,short
1090,237,6.268574,0.412407,0.499096,0,271.593382,scenario_002,medium
1091,237,10.890699,0.487152,0.760625,0,294.775883,scenario_002,medium
1092,237,1.765192,0.087111,0.601076,2,240.713213,scenario_002,short
1093,237,6.816741,0.210907,0.51659,2,247.654691,scenario_002,medium
1094,238,2.197644,0.44449,0.580716,0,242.012038,scenario_002,short
1095,238,89.165399,0.847532,0.666124,1,405.91179,scenario_002,long
1096,239,13.256548,0.43717,0.512071,0,285.913522,scenario_002,medium
1097,239,7.931489,0.330338,0.378351,1,251.016771,scenario_002,medium
1098,239,2.401078,0.458954,0.445857,0,244.829658,scenario_002,short
1099,240,1.872514,0.295894,0.396287,0,247.686972,scenario_002,short
1100,240,2.340941,0.65515,0.535413,0,251.666062,scenario_002,short
1101,240,1.785255,0.232848,0.43385,0,247.28185,scenario_002,short
1102,241,1.293594,0.713125,0.715464,0,245.391761,scenario_002,short
1103,241,2.346137,0.425313,0.417313,2,243.032362,scenario_002,short
1104,241,6.870425,0.159633,0.304996,1,259.992231,scenario_002,medium
1105,242,13.17545,0.572966,0.540437,0,283.000777,scenario_002,medium
1106,242,15.27992,0.388643,0.442487,0,297.469734,scenario_002,medium
1107,242,2.274053,0.691547,0.912045,0,249.158926,scenario_002,short
1108,242,2.893328,0.109389,0.40401,0,251.262015,scenario_002,short
1109,242,1.762028,0.079076,0.352074,2,245.174582,scenario_002,short
1110,242,8.183515,0.191329,0.271377,0,282.192986,scenario_002,medium
1111,242,1.638108,0.432411,0.347728,0,249.587177,scenario_002,short
1112,242,1.929429,0.342648,0.633947,0,248.448712,scenario_002,short
1113,242,1.348628,0.055157,0.130263,0,247.447448,scenario_002,short
1114,243,1.989592,0.208113,0.216681,1,248.789697,scenario_002,short
1115,243,2.781556,0.444192,0.47765,0,249.27757,scenario_002,short
1116,243,1.666092,0.651689,0.764548,0,247.678215,scenario_002,short
1117,243,10.743942,0.440185,0.547081,0,289.669374,scenario_002,medium
1118,243,8.513586,0.606189,0.561114,0,266.792204,scenario_002,medium
1119,243,5.099647,0.494392,0.534116,0,267.411595,scenario_002,medium
1120,243,39.556634,0.283665,0.368814,0,396.42497,scenario_002,long
1121,244,2.125106,0.190621,0.427192,0,248.025862,scenario_002,short
1122,244,88.725314,0.585984,0.956688,2,358.258037,scenario_002,long
1123,245,1.25439,0.661691,0.700838,1,247.002573,scenario_002,short
1124,245,7.030162,0.707048,1.0,0,284.053969,scenario_002,medium
1125,245,36.740848,0.443603,0.623391,0,398.353061,scenario_002,long
1126,246,8.676857,0.893005,0.581871,0,270.490017,scenario_002,medium
1127,246,31.500497,0.717537,0.422903,1,279.141017,scenario_002,long
1128,246,81.938208,0.621066,0.656072,1,367.056928,scenario_002,long
1129,246,44.823828,0.965536,0.882231,0,447.273947,scenario_002,long
1130,246,12.782398,0.346834,0.383046,0,306.953853,scenario_002,medium
1131,246,1.945332,0.127804,0.566335,1,251.161443,scenario_002,short
1132,246,1.752739,0.363425,0.812416,0,249.53542,scenario_002,short
1133,246,8.043532,0.179477,0.166023,1,267.40252,scenario_002,medium
1134,247,15.789457,0.423695,0.994476,0,289.0775,scenario_002,medium
1135,247,2.336238,0.401,0.540741,1,253.896687,scenario_002,short
1136,248,1.487679,0.414182,0.816531,0,253.024922,scenario_002,short
1137,248,1.988969,0.689518,0.69136,1,252.408433,scenario_002,short
1138,248,7.279128,0.235109,0.326495,2,256.338315,scenario_002,medium
1139,249,10.995679,0.174038,0.225016,0,292.636553,scenario_002,medium
1140,249,2.100927,0.242542,0.385213,0,258.851272,scenario_002,short
1141,249,7.952979,0.679472,0.953634,0,274.038744,scenario_002,medium
1142,250,10.885485,0.52979,0.416509,0,285.758345,scenario_002,medium
1143,250,3.184813,0.372466,0.500691,1,253.23919,scenario_002,short
1144,251,6.214483,0.43027,0.40449,0,262.700599,scenario_002,medium
1145,251,1.798528,0.523764,0.578631,0,257.175133,scenario_002,short
1146,251,6.432259,0.170907,0.777709,0,267.146114,scenario_002,medium
1147,251,13.158831,0.627688,0.652664,0,311.542333,scenario_002,medium
1148,253,2.4322,0.201508,0.115674,0,265.417442,scenario_002,short
1149,253,1.234658,0.405796,0.491433,0,259.702342,scenario_002,short
1150,253,2.593588,0.330419,0.612356,0,259.379356,scenario_002,short
1151,254,1.273056,0.16733,0.439716,0,260.050592,scenario_002,short
1152,254,14.446929,0.129984,0.563916,0,322.064833,scenario_002,medium
1153,254,2.512537,0.524463,0.47977,0,266.267142,scenario_002,short
1154,254,9.819731,0.399407,0.261577,0,286.723588,scenario_002,medium
1155,254,5.864694,0.342756,0.410817,0,285.239804,scenario_002,medium
1156,255,9.54844,0.300837,0.387572,0,271.376789,scenario_002,medium
1157,255,41.109431,0.753174,0.85405,0,408.338728,scenario_002,long
1158,255,2.668427,0.162291,0.309562,0,264.545422,scenario_002,short
1159,255,2.967299,0.296839,0.419243,1,262.884441,scenario_002,short
1160,255,4.537626,0.160244,0.340507,1,261.733125,scenario_002,medium
1161,255,7.580832,0.542212,0.653022,0,279.42673,scenario_002,medium
1162,255,1.461402,0.63016,0.614172,0,262.795233,scenario_002,short
1163,256,7.136821,0.31282,0.659696,1,272.436852,scenario_002,medium
1164,256,6.374108,0.668898,0.943548,2,267.746617,scenario_002,medium
1165,256,1.821698,0.177199,0.454423,2,259.520615,scenario_002,short
1166,256,10.669696,0.51107,0.507384,2,264.66839,scenario_002,medium
1167,256,20.114685,0.287573,0.403464,2,282.869439,scenario_002,medium
1168,257,8.662286,1.0,0.770647,2,268.509318,scenario_002,medium
1169,257,1.124052,0.404547,0.495431,0,262.497026,scenario_002,short
1170,257,1.5139,0.344431,0.875634,0,262.756746,scenario_002,short
1171,257,14.332711,0.49642,0.82686,0,296.955629,scenario_002,medium
1172,258,15.353328,0.781618,0.510456,0,286.674373,scenario_002,long
1173,258,1.660129,0.440364,0.336339,0,265.546221,scenario_002,short
1174,258,15.908805,0.471096,0.699507,0,347.356455,scenario_002,medium
1175,259,1.972411,0.432165,0.415233,0,262.74811,scenario_002,short
1176,259,7.333823,0.164968,0.281536,1,278.854793,scenario_002,medium
1177,259,1.922003,0.636021,0.513714,1,262.033252,scenario_002,short
1178,259,5.35295,0.171213,0.288242,2,264.213371,scenario_002,medium
1179,259,2.052158,0.211328,0.404229,0,269.860513,scenario_002,short
1180,260,6.883553,0.557733,0.654738,0,287.89162,scenario_002,medium
1181,260,39.889189,0.42545,0.391649,2,331.575675,scenario_002,long
1182,260,8.645661,0.261436,0.573218,1,275.569263,scenario_002,medium
1183,261,2.477029,0.806424,0.940022,2,264.625147,scenario_002,short
1184,261,1.211477,0.614635,0.795024,1,263.974042,scenario_002,short
1185,261,1.222168,0.448894,0.807124,0,264.366407,scenario_002,short
1186,261,22.879526,1.0,0.985279,0,351.554826,scenario_002,long
1187,261,2.941498,0.162809,0.181833,0,277.366262,scenario_002,short
1188,262,18.548417,0.607208,0.576768,0,290.5335,scenario_002,medium
1189,262,14.74974,0.463439,0.712475,0,339.688724,scenario_002,medium
1190,262,1.332041,0.615838,0.585246,0,267.996628,scenario_002,short
1191,262,9.396161,0.185044,0.211772,0,302.850137,scenario_002,medium
1192,262,1.156031,0.107002,0.657728,0,264.191827,scenario_002,short
1193,262,1.496705,0.756316,0.850239,0,267.656791,scenario_002,short
1194,262,15.692409,0.497367,0.389091,1,304.860308,scenario_002,medium
1195,262,8.39819,0.48672,0.898351,0,275.994577,scenario_002,medium
1196,262,13.358682,0.22432,0.218839,1,304.974344,scenario_002,medium
1197,262,78.487012,0.960234,1.0,0,587.207489,scenario_002,long
1198,262,1.531106,0.402035,0.40644,1,263.381403,scenario_002,short
1199,263,2.461372,0.425025,0.369033,1,267.985115,scenario_002,short
1200,263,2.147766,0.324553,0.39743,1,267.457424,scenario_002,short
1201,263,17.24388,0.365638,0.455593,1,300.403919,scenario_002,medium
1202,263,7.295197,0.694454,0.599477,0,287.380879,scenario_002,medium
1203,263,10.366457,0.356461,0.572922,2,274.693858,scenario_002,medium
1204,263,1.958731,0.666042,0.55547,0,270.376611,scenario_002,short
1205,264,7.398371,0.866656,0.661818,2,269.171554,scenario_002,medium
1206,264,6.53895,0.532651,0.70605,0,286.139832,scenario_002,long
1207,264,10.93625,0.294424,0.543145,0,304.141956,scenario_002,medium
1208,264,1.210085,0.56898,0.622017,0,267.319998,scenario_002,short
1209,264,19.086578,0.676279,0.731485,1,315.151968,scenario_002,long
1210,264,1.533307,0.156938,0.279699,0,270.260472,scenario_002,short
1211,264,13.587601,0.56272,0.754341,0,311.501403,scenario_002,medium
1212,264,8.822944,0.589925,0.559387,0,288.331639,scenario_002,medium
1213,264,9.513874,0.606977,0.430019,2,278.527317,scenario_002,medium
1214,265,8.323123,0.430941,0.530161,2,275.290831,scenario_002,medium
1215,265,18.887192,0.667545,0.590541,0,310.883027,scenario_002,medium
1216,265,2.587172,0.218975,0.394417,1,268.947924,scenario_002,short
1217,265,15.153589,0.415085,0.534964,0,306.984188,scenario_002,medium
1218,265,2.597599,0.307826,0.312109,0,275.585602,scenario_002,short
1219,265,2.133337,0.794672,0.69463,0,275.718925,scenario_002,short
1220,266,2.655428,0.109452,0.116577,0,271.571339,scenario_002,short
1221,266,10.289082,0.604292,0.346261,0,285.545999,scenario_002,medium
1222,266,5.35807,0.497849,0.487754,2,271.547899,scenario_002,medium
1223,266,1.94553,0.802763,1.0,2,268.515077,scenario_002,short
1224,266,1.922953,0.271824,0.601917,1,271.427326,scenario_002,short
1225,267,7.518203,0.679101,0.639837,0,284.372331,scenario_002,medium
1226,267,1.845641,0.172142,0.759977,2,268.880506,scenario_002,short
1227,267,2.030957,0.154258,0.865748,0,275.994793,scenario_002,short
1228,268,1.637567,0.346454,0.413727,0,272.843166,scenario_002,short
1229,268,2.19022,0.098642,0.294199,2,270.701558,scenario_002,short
1230,268,1.545102,0.125644,0.251653,0,273.914191,scenario_002,short
1231,268,1.654969,0.713367,0.70629,0,272.446238,scenario_002,short
1232,268,9.540357,0.716227,0.700453,0,315.276934,scenario_002,medium
1233,269,7.963899,0.558859,0.503993,2,285.993496,scenario_002,medium
1234,269,1.44161,0.675342,0.823936,0,276.342158,scenario_002,short
1235,270,2.648164,0.555282,0.458948,0,282.48251,scenario_002,short
1236,270,1.726691,0.360479,0.477776,0,273.778259,scenario_002,short
1237,271,5.904276,0.128566,0.371675,0,297.783598,scenario_002,medium
1238,271,15.441971,0.596488,0.479845,0,308.083311,scenario_002,medium
1239,271,12.237653,0.859242,0.917551,1,305.6494,scenario_002,medium
1240,272,11.669645,0.624707,0.488829,1,303.601165,scenario_002,medium
1241,272,7.167287,0.984162,0.977246,2,286.758176,scenario_002,medium
1242,272,1.438538,0.337109,0.821215,0,275.026784,scenario_002,short
1243,272,1.527263,0.386031,0.388555,0,277.259146,scenario_002,short
1244,272,9.919222,0.465741,0.725546,2,283.584676,scenario_002,medium
1245,273,21.411306,0.327012,0.261514,2,292.108828,scenario_002,medium
1246,273,6.001552,0.582171,0.850542,0,301.485837,scenario_002,medium
1247,274,20.323047,0.564575,0.636164,0,307.114849,scenario_002,long
1248,274,3.118597,0.088861,0.453798,2,279.687712,scenario_002,short
1249,274,2.188827,0.412069,0.249456,1,279.182006,scenario_002,short
1250,274,1.328774,0.293601,0.362796,1,276.716787,scenario_002,short
1251,275,11.557484,0.852086,0.83571,0,336.260392,scenario_002,medium
1252,275,7.000456,0.489405,0.651382,2,281.916578,scenario_002,medium
1253,276,8.977231,0.546797,0.701348,2,283.435183,scenario_002,medium
1254,276,1.783854,0.224181,0.156997,0,282.857441,scenario_002,short
1255,277,28.684492,0.52631,0.565249,0,406.828082,scenario_002,long
1256,277,2.672091,0.115878,0.204229,1,283.455907,scenario_002,short
1257,278,1.294475,0.110603,0.463208,0,281.967843,scenario_002,short
1258,278,1.340128,0.449245,0.29454,0,283.301997,scenario_002,short
1259,278,1.885882,0.206591,0.402376,1,279.748484,scenario_002,short
1260,278,9.589515,0.6431,0.954186,2,297.347761,scenario_002,medium
1261,279,31.429745,0.761778,0.681843,0,374.668009,scenario_002,long
1262,279,1.952688,0.654322,0.461801,0,289.593346,scenario_002,short
1263,279,2.197682,0.278813,0.523323,0,284.714643,scenario_002,short
1264,279,1.139794,0.352017,0.334651,1,282.270727,scenario_002,short
1265,279,132.42903,0.610105,0.790806,0,536.018267,scenario_002,long
1266,280,2.521781,0.604787,1.0,2,284.994434,scenario_002,short
1267,280,10.268161,0.667228,0.60678,0,336.024484,scenario_002,medium
1268,280,1.253627,0.379264,0.4564,0,282.454035,scenario_002,short
1269,280,41.322151,0.492127,0.597377,2,372.160766,scenario_002,long
1270,281,12.861331,0.849582,0.87246,0,345.860912,scenario_002,medium
1271,282,6.319268,1.0,0.907402,2,295.27135,scenario_002,medium
1272,282,10.718997,0.682306,0.521395,0,311.958315,scenario_002,medium
1273,283,1.587278,0.248572,0.354694,0,288.181898,scenario_002,short
1274,283,37.375009,0.336788,0.329141,0,485.383708,scenario_002,long
1275,284,7.066473,0.696301,0.778468,2,290.942561,scenario_002,medium
1276,284,21.926422,0.473082,0.399159,0,383.681202,scenario_002,long
1277,284,1.870627,0.680883,0.676942,1,287.73583,scenario_002,short
1278,284,0.890817,0.241396,0.66193,0,287.116156,scenario_002,short
1279,285,16.575959,0.987752,1.0,0,360.396647,scenario_002,long
1280,285,60.756827,0.655403,0.869974,0,493.964509,scenario_002,long
1281,285,11.67245,0.388158,0.455516,0,338.834591,scenario_002,medium
1282,285,1.506415,0.270066,0.902286,0,289.333923,scenario_002,short
1283,285,3.514701,0.357004,0.416723,1,292.227569,scenario_002,short
1284,286,10.1182,0.24409,0.259846,2,304.118397,scenario_002,medium
1285,286,82.349098,0.847788,0.607242,0,731.607883,scenario_002,long
1286,287,9.123281,0.442223,0.440776,0,335.407974,scenario_002,medium
1287,287,27.235439,0.250606,0.31235,0,409.831187,scenario_002,medium
1288,287,13.222,0.419987,0.453823,0,354.130104,scenario_002,medium
1289,288,9.948585,0.70532,0.503687,1,317.609285,scenario_002,medium
1290,288,1.419717,0.072534,0.407974,0,293.066242,scenario_002,short
1291,288,1.096297,0.1111,0.273033,0,291.248477,scenario_002,short
1292,288,1.607315,0.106616,0.080607,1,289.891349,scenario_002,short
1293,289,8.544363,0.458722,0.457968,0,315.753103,scenario_002,medium
1294,289,9.732575,0.295939,0.393055,1,305.068508,scenario_002,medium
1295,289,10.014551,0.504592,0.696104,1,298.297468,scenario_002,medium
1296,289,8.395965,0.648738,0.45536,0,330.369559,scenario_002,medium
1297,289,2.872977,0.145432,0.418302,0,295.545818,scenario_002,short
1298,290,1.120329,0.545397,0.61366,1,291.471048,scenario_002,short
1299,290,2.409238,0.287598,0.314131,0,297.939943,scenario_002,short
1300,291,10.850782,0.396667,0.416265,0,342.640459,scenario_002,medium
1301,291,1.275603,0.097148,0.172679,1,292.736967,scenario_002,short
1302,292,1.512064,0.356735,0.452717,0,297.183052,scenario_002,short
1303,292,2.091933,0.245678,0.528695,2,295.54469,scenario_002,short
1304,293,2.510381,0.223098,0.250853,0,303.19009,scenario_002,short
1305,293,1.741498,0.216054,0.526166,0,299.309113,scenario_002,short
1306,293,8.410534,0.273216,0.297887,0,320.242472,scenario_002,medium
1307,293,2.233704,0.372999,0.47317,0,304.478907,scenario_002,short
1308,293,6.177382,0.257286,0.151185,0,305.349002,scenario_002,medium
1309,293,2.024499,0.199424,0.336591,1,298.678728,scenario_002,short
1310,294,13.004251,0.612854,0.410089,0,334.226749,scenario_002,medium
1311,294,9.369591,0.586103,0.754247,1,311.907504,scenario_002,medium
1312,295,1.503894,0.624142,0.639667,0,300.580199,scenario_002,short
1313,295,4.252456,0.697179,0.586548,0,315.752926,scenario_002,medium
1314,296,4.367853,0.530988,0.497847,0,314.710137,scenario_002,short
1315,296,6.018032,0.302872,0.357698,0,329.072042,scenario_002,medium
1316,296,1.575632,0.30574,0.296444,0,300.370664,scenario_002,short
1317,297,1.796048,0.520937,0.587968,0,304.831126,scenario_002,short
1318,298,9.532141,0.426115,0.600141,2,309.773229,scenario_002,medium
1319,298,10.766707,0.205323,0.438846,1,313.593114,scenario_002,medium
1320,299,1.660013,0.175617,0.251798,0,307.77675,scenario_002,short
1321,299,2.284195,0.39644,0.376305,0,309.417747,scenario_002,short
1322,299,3.101085,0.726999,0.487863,2,303.09958,scenario_002,short
1323,299,9.212603,0.708439,0.967077,0,330.530761,scenario_002,medium
1324,300,1.121067,0.272856,0.292317,2,302.500744,scenario_002,short
1325,300,3.591264,0.117521,0.137671,1,308.669064,scenario_002,short
1326,300,1.809203,0.050599,0.276915,1,304.961052,scenario_002,short
1327,300,2.280689,0.333348,0.181442,0,305.189077,scenario_002,short
1328,300,1.486805,0.384132,0.422351,1,303.040445,scenario_002,short
1329,300,2.086253,0.381622,0.525282,0,307.63415,scenario_002,short
1330,301,19.519405,0.616202,0.581114,2,343.979678,scenario_002,medium
1331,302,1.955031,0.343027,0.313862,0,306.441037,scenario_002,short
1332,303,15.424812,0.715224,0.557736,0,381.544362,scenario_002,medium
1333,303,0.890663,0.251549,0.293844,0,305.999053,scenario_002,short
1334,304,2.141281,0.540611,0.58085,2,305.83242,scenario_002,short
1335,304,1.872158,0.466201,0.454437,2,306.928939,scenario_002,short
1336,304,2.177058,0.110649,0.169714,0,314.879398,scenario_002,short
1337,305,1.440801,0.317755,0.317822,0,310.221336,scenario_002,short
1338,305,47.197382,0.675381,0.653456,0,446.917939,scenario_002,long
1339,305,1.289371,0.715891,0.641053,1,307.626991,scenario_002,short
1340,305,6.435105,0.544767,0.465108,0,330.994361,scenario_002,medium
1341,307,1.871573,0.105111,0.075576,0,310.825202,scenario_002,short
1342,307,1.736276,0.054001,0.208911,0,310.128706,scenario_002,short
1343,307,1.118568,0.161389,0.371728,0,312.107688,scenario_002,short
1344,308,37.740676,0.819764,0.542307,1,387.888758,scenario_002,long
1345,309,6.814398,0.67714,0.688507,1,319.297173,scenario_002,medium
1346,309,11.74572,0.494199,0.509294,0,346.370932,scenario_002,medium
1347,309,52.046775,0.420129,0.491676,0,437.99974,scenario_002,long
1348,309,15.942064,0.929969,1.0,0,366.853481,scenario_002,medium
1349,310,21.072579,0.62255,0.709917,0,392.895156,scenario_002,medium
1350,310,1.791599,0.329696,0.808299,1,312.754584,scenario_002,short
1351,312,1.261889,0.139431,0.267502,0,317.745951,scenario_002,short
1352,312,2.363503,0.693696,0.711304,0,320.338251,scenario_002,short
1353,312,12.746022,0.894976,0.782611,0,356.425384,scenario_002,medium
1354,314,13.796338,0.513217,0.541159,1,329.396367,scenario_002,medium
1355,314,1.038163,0.176928,0.220635,2,315.597771,scenario_002,short
1356,314,1.1171,0.688969,0.821291,0,316.32182,scenario_002,short
1357,315,9.703777,0.348545,0.568415,0,349.537746,scenario_002,medium
1358,315,10.136936,0.674969,0.783007,0,356.401161,scenario_002,medium
1359,317,8.102529,0.178897,0.251147,0,340.036918,scenario_002,medium
1360,317,22.895436,0.553652,0.53864,0,441.770603,scenario_002,long
1361,318,12.022846,0.226456,0.315437,2,325.887979,scenario_002,medium
1362,318,3.763829,1.0,0.753095,2,322.403812,scenario_002,medium
1363,319,1.932654,0.13815,0.244444,0,323.334493,scenario_002,short
1364,319,1.295161,0.063824,0.121818,0,324.5708,scenario_002,short
1365,320,48.774429,0.312626,0.379291,0,494.504837,scenario_002,long
1366,320,1.447428,0.34767,0.447708,0,326.7528,scenario_002,short
1367,320,6.43419,0.252653,0.283086,1,334.008454,scenario_002,medium
1368,320,13.53227,0.71496,0.834277,0,348.28587,scenario_002,medium
1369,320,1.35915,0.403801,0.743609,0,322.264142,scenario_002,short
1370,320,1.520324,0.324052,0.432556,0,322.529665,scenario_002,short
1371,321,1.13422,0.424653,0.283456,0,324.758435,scenario_002,short
1372,321,1.470388,0.142054,0.553545,0,323.906436,scenario_002,short
1373,321,14.147059,0.166781,0.397554,0,395.658782,scenario_002,medium
1374,321,1.956617,0.059856,0.561302,2,322.553259,scenario_002,short
1375,321,2.14937,0.49967,0.541316,0,331.083171,scenario_002,short
1376,321,2.092836,0.093581,0.239329,1,325.806595,scenario_002,short
1377,322,8.311308,0.651209,0.498392,0,336.375055,scenario_002,medium
1378,322,17.936988,0.92392,0.8651,1,351.646959,scenario_002,long
1379,323,7.344165,0.153176,0.533009,0,349.32049,scenario_002,medium
1380,323,2.315397,0.578216,0.90913,1,326.166646,scenario_002,short
1381,324,7.767315,0.627927,1.0,0,338.047996,scenario_002,medium
1382,324,19.72073,0.490656,0.407489,0,407.907072,scenario_002,long
1383,325,37.116908,1.0,0.901648,0,469.445299,scenario_002,long
1384,325,11.121845,0.409025,0.293008,2,342.757528,scenario_002,long
1385,325,197.39554,0.26652,0.624707,2,686.564264,scenario_002,long
1386,325,9.496991,0.292638,0.609148,0,345.147437,scenario_002,medium
1387,325,12.440903,0.335098,0.40948,0,350.493847,scenario_002,medium
1388,326,3.310748,0.326922,0.549159,0,336.285005,scenario_002,short
1389,326,14.294192,0.813383,0.805874,0,388.191156,scenario_002,long
1390,326,38.409177,0.955395,0.862886,1,421.626608,scenario_002,long
1391,326,12.586232,0.611622,1.0,0,356.986777,scenario_002,medium
1392,326,11.06031,0.359298,0.583149,2,346.211808,scenario_002,medium
1393,327,17.942312,0.766107,0.632093,0,396.363578,scenario_002,medium
1394,327,1.76893,0.507953,0.471368,0,331.920019,scenario_002,short
1395,327,1.432445,0.746326,0.592211,0,330.491261,scenario_002,short
1396,328,6.532666,0.795881,0.767303,0,350.491496,scenario_002,medium
1397,330,7.381437,0.568051,0.493193,1,338.667832,scenario_002,medium
1398,330,8.584195,0.230952,0.403017,0,370.384226,scenario_002,medium
1399,330,153.996485,0.996038,1.0,0,868.488465,scenario_002,long
1400,331,8.693777,0.256329,0.499892,0,356.470159,scenario_002,medium
1401,331,1.937779,0.327302,0.279173,1,333.561782,scenario_002,short
1402,331,2.262251,0.29714,0.200639,0,334.69162,scenario_002,short
1403,332,2.886698,0.118321,0.260806,1,339.336141,scenario_002,short
1404,332,25.023319,0.995981,0.887864,0,467.3209,scenario_002,long
1405,332,1.933785,0.325725,0.468572,0,338.309675,scenario_002,short
1406,332,7.954073,0.528468,0.407944,0,350.585137,scenario_002,medium
1407,333,1.615809,0.210939,0.548876,2,334.627095,scenario_002,short
1408,334,11.285318,0.532102,0.539336,1,359.443461,scenario_002,medium
1409,334,2.345287,0.733339,0.649675,1,338.116695,scenario_002,short
1410,334,1.338719,0.436986,0.403683,2,336.401829,scenario_002,short
1411,334,9.922255,0.858244,0.927867,1,347.284083,scenario_002,medium
1412,335,5.472835,0.586887,0.595883,0,364.910011,scenario_002,medium
1413,336,2.182024,0.131225,0.256666,2,339.890341,scenario_002,short
1414,336,1.159278,0.235879,0.259455,0,340.966039,scenario_002,short
1415,336,2.192504,0.400262,0.355639,1,338.221644,scenario_002,short
1416,336,1.811597,0.476793,0.351871,2,339.424217,scenario_002,short
1417,336,2.143227,0.60535,0.799805,1,339.285044,scenario_002,short
1418,337,1.875507,0.371597,0.39872,2,338.227166,scenario_002,short
1419,338,1.446795,0.444549,0.35857,1,341.9755,scenario_002,short
1420,339,2.048713,0.09355,0.478368,0,346.368096,scenario_002,short
1421,339,106.232913,0.666065,0.80083,0,747.718025,scenario_002,long
1422,340,1.484956,0.079747,0.155368,0,344.371928,scenario_002,short
1423,340,17.178489,0.28655,0.365002,2,369.519481,scenario_002,medium
1424,340,8.592877,0.703041,0.489597,0,363.488513,scenario_002,medium
1425,340,20.633817,0.966439,0.91124,0,455.35315,scenario_002,medium
1426,341,2.344043,0.43014,0.516085,0,345.962911,scenario_002,short
1427,342,13.03172,0.270166,0.235379,2,353.174926,scenario_002,medium
1428,343,8.003132,0.680957,0.631855,2,350.755079,scenario_002,medium
1429,343,8.687769,0.224446,0.257064,1,366.633586,scenario_002,medium
1430,345,1.301793,0.234981,0.644534,0,350.551926,scenario_002,short
1431,346,1.679718,0.324071,0.343025,0,352.821879,scenario_002,short
1432,346,1.094442,0.095976,0.243877,2,347.103392,scenario_002,short
1433,347,2.84286,0.578256,0.576919,0,355.491532,scenario_002,short
1434,348,1.28033,0.244104,0.420163,0,354.500109,scenario_002,short
1435,348,21.254624,0.880171,0.819784,0,447.754254,scenario_002,long
1436,350,1.317792,0.055387,0.167864,2,352.569114,scenario_002,short
1437,350,14.108724,0.855632,0.595723,0,412.690388,scenario_002,long
1438,351,2.175963,0.112942,0.135157,2,354.260338,scenario_002,short
1439,353,1.665455,0.190294,0.05388,1,355.442582,scenario_002,short
1440,354,1.4345,0.247423,0.445974,1,357.939535,scenario_002,short
1441,354,9.153739,0.869326,0.961471,1,362.842627,scenario_002,medium
1442,354,2.351481,0.430716,0.706069,2,357.953013,scenario_002,short
1443,354,11.740695,0.670574,0.834299,0,374.513672,scenario_002,medium
1444,355,2.296111,0.255598,0.21726,0,363.250787,scenario_002,short
1445,355,8.927437,0.598696,0.745429,0,393.627947,scenario_002,medium
1446,358,2.682637,0.227371,0.344916,0,363.996189,scenario_002,short
1447,361,11.418118,0.712432,0.952592,0,408.039434,scenario_002,medium
1448,361,2.031217,0.090664,0.175016,0,366.174186,scenario_002,short
1449,361,25.461634,0.969641,0.915701,2,376.72033,scenario_002,long
1450,364,1.557568,0.077571,0.31934,0,369.830485,scenario_002,short
1451,366,27.606007,0.363828,0.417286,0,467.582007,scenario_002,long
1452,367,164.556364,1.0,0.972805,2,712.545632,scenario_002,long
1453,368,1.90737,0.418666,0.335086,2,369.995086,scenario_002,short
1454,368,2.030776,0.473003,0.291043,0,372.292348,scenario_002,short
1455,369,1.444671,0.301176,0.412459,0,376.680013,scenario_002,short
1456,370,1.671511,0.848385,0.817213,2,371.091542,scenario_002,short
1457,370,2.296235,0.279468,0.380045,0,375.348776,scenario_002,short
1458,371,1.468359,0.583607,0.534863,2,373.458042,scenario_002,short
1459,371,14.252321,0.983302,0.95043,0,450.742856,scenario_002,medium
1460,371,7.361082,0.630988,0.735594,0,384.209163,scenario_002,medium
1461,372,2.14503,0.361794,0.438943,2,375.305352,scenario_002,short
1462,373,2.27945,0.115926,0.309544,1,375.851846,scenario_002,short
1463,373,2.040811,0.547254,0.884935,2,375.835553,scenario_002,short
1464,373,14.941498,0.305523,0.719675,0,420.985609,scenario_002,medium
1465,373,2.796788,0.272465,0.366643,0,385.273783,scenario_002,short
1466,373,1.702346,0.192122,0.448931,0,380.126581,scenario_002,short
1467,373,15.719957,0.861957,1.0,0,432.035006,scenario_002,medium
1468,373,9.091372,0.468894,0.523667,0,389.703458,scenario_002,medium
1469,374,1.471365,0.193225,0.067055,0,376.5178,scenario_002,short
1470,374,1.669484,0.40717,0.550208,0,377.850128,scenario_002,short
1471,374,17.614104,0.281236,0.789434,0,445.643308,scenario_002,medium
1472,375,1.150382,0.425895,0.514208,0,381.151263,scenario_002,short
1473,375,20.842142,0.475362,0.426741,1,415.590529,scenario_002,medium
1474,375,7.817027,0.853122,0.993214,1,392.327938,scenario_002,medium
1475,375,1.848931,0.091935,0.237083,2,377.061665,scenario_002,short
1476,375,1.791059,0.144175,0.268205,0,377.752017,scenario_002,short
1477,376,11.606428,0.414067,0.455726,2,399.100947,scenario_002,medium
1478,376,8.645459,0.677524,0.588845,0,420.233635,scenario_002,medium
1479,376,2.057477,0.06297,0.137419,0,385.009579,scenario_002,short
1480,377,5.824068,0.427912,0.227114,1,393.757541,scenario_002,medium
1481,377,47.635796,0.985015,0.910167,1,491.842515,scenario_002,long
1482,377,8.891076,0.632912,0.621669,0,420.522711,scenario_002,medium
1483,378,5.017527,0.353291,0.287599,0,402.915162,scenario_002,medium
1484,378,10.938755,0.747342,0.503614,1,402.850518,scenario_002,long
1485,379,1.716011,0.093861,0.195137,0,382.176307,scenario_002,short
1486,379,11.833307,0.984342,0.806264,0,412.809198,scenario_002,medium
1487,379,28.508168,0.695983,0.746565,0,504.893413,scenario_002,long
1488,380,1.707257,0.167588,0.399708,0,389.39096,scenario_002,short
1489,380,1.389201,0.492116,0.468583,1,381.688695,scenario_002,short
1490,381,2.135823,0.265228,0.674776,0,390.078298,scenario_002,short
1491,381,2.415824,0.740339,0.651851,1,383.379404,scenario_002,short
1492,381,8.639661,0.643733,0.726773,0,403.617138,scenario_002,medium
1493,381,2.16845,0.716391,1.0,0,385.104509,scenario_002,short
1494,382,2.342936,0.124655,0.326628,0,387.702714,scenario_002,short
1495,382,2.320419,0.392812,0.513717,0,393.726746,scenario_002,short
1496,382,35.633372,0.280265,0.352897,1,484.837574,scenario_002,long
1497,382,2.078157,0.264702,0.463811,0,388.868094,scenario_002,short
1498,383,2.310193,0.392374,0.729871,0,386.61935,scenario_002,short
1499,384,2.125746,0.188971,0.242439,1,386.955938,scenario_002,short
1500,384,1.482011,0.662022,0.60576,0,388.329924,scenario_002,short
1501,385,1.523704,0.387802,0.481516,2,388.194303,scenario_002,short
1502,386,2.794169,0.098215,0.05,1,392.071431,scenario_002,short
1503,386,9.042858,0.191959,0.133204,0,400.377571,scenario_002,medium
1504,386,1.838493,0.277927,0.535021,2,389.711171,scenario_002,short
1505,387,1.906272,0.269943,0.409208,1,393.053808,scenario_002,short
1506,387,148.207364,0.987199,0.913406,0,1021.17251,scenario_002,long
1507,387,63.887101,0.338543,0.647828,2,524.825934,scenario_002,long
1508,388,29.630572,0.345801,0.546833,2,418.843493,scenario_002,long
1509,389,7.153918,0.869267,0.631573,0,407.351619,scenario_002,medium
1510,389,7.113787,0.63231,0.542074,0,428.665893,scenario_002,medium
1511,389,7.92509,0.450977,0.638511,0,423.882407,scenario_002,medium
1512,389,35.992855,1.0,0.757565,0,554.400708,scenario_002,long
1513,389,2.794864,0.25748,0.62016,1,397.441233,scenario_002,short
1514,390,1.655484,0.421876,0.722223,0,396.665918,scenario_002,short
1515,390,6.882356,0.507768,0.623199,0,408.58247,scenario_002,medium
1516,390,2.367501,0.2738,0.584462,0,398.491262,scenario_002,short
1517,390,12.332255,0.502852,0.542442,0,449.169689,scenario_002,medium
1518,391,40.825747,0.952991,0.719942,0,523.39008,scenario_002,long
1519,392,1.822898,0.397683,0.469648,0,399.310121,scenario_002,short
1520,392,1.182463,0.822155,0.778629,0,397.926954,scenario_002,short
1521,392,131.354937,0.443932,0.390928,1,567.55333,scenario_002,long
1522,393,8.847125,0.872269,0.635233,0,418.52889,scenario_002,medium
1523,394,1.337317,0.36064,0.621142,0,396.693732,scenario_002,short
1524,394,2.097115,0.25476,0.250257,1,400.332718,scenario_002,short
1525,395,2.382615,0.217275,0.477086,1,398.476231,scenario_002,short
1526,395,1.876874,0.54492,0.529228,0,403.955817,scenario_002,short
1527,395,1.999658,0.115853,0.198457,0,400.625118,scenario_002,short
1528,395,10.20426,0.41899,0.309986,1,427.494625,scenario_002,medium
1529,395,1.839776,0.664752,0.630645,0,404.651144,scenario_002,short
1530,397,1.287997,0.419347,0.703408,0,399.26637,scenario_002,short
1531,397,9.349751,0.76075,0.68109,0,441.719319,scenario_002,medium
1532,397,9.874453,0.713125,0.454311,0,425.67156,scenario_002,medium
1533,397,5.035651,0.121685,0.217813,0,405.401373,scenario_002,medium
1534,397,0.975172,0.350677,0.424964,0,400.015912,scenario_002,short
1535,397,14.669446,0.129735,0.753924,0,452.07516,scenario_002,medium
1536,398,1.532058,0.197223,0.156233,2,400.220547,scenario_002,short
1537,399,13.298729,0.706432,0.637701,0,423.734917,scenario_002,medium
1538,399,86.446974,1.0,0.856152,0,708.816593,scenario_002,long
1539,400,8.865827,0.230737,0.342286,0,424.16609,scenario_002,medium
1540,400,11.609358,0.287548,0.239147,2,412.321302,scenario_002,medium
1541,401,15.367058,0.378645,0.663989,0,487.39307,scenario_002,medium
1542,402,8.353977,0.198757,0.169108,0,419.068669,scenario_002,medium
1543,402,1.362838,0.224992,0.119531,2,404.166307,scenario_002,short
1544,403,13.36587,0.497148,0.396273,0,469.495767,scenario_002,medium
1545,403,13.58869,0.698609,0.846242,0,443.009621,scenario_002,long
1546,404,1.997275,0.15212,0.381514,1,406.239437,scenario_002,short
1547,404,25.926892,0.399974,0.779838,0,529.528107,scenario_002,long
1548,405,1.588873,0.229333,0.423303,1,410.135685,scenario_002,short
1549,405,2.049723,0.169639,0.350457,0,414.681413,scenario_002,short
1550,405,1.249142,0.447792,0.687122,0,408.552569,scenario_002,short
1551,406,5.577246,1.0,0.84968,0,414.963029,scenario_002,long
1552,406,10.261025,0.173658,0.231645,0,440.810936,scenario_002,medium
1553,406,8.143622,0.372041,0.62941,1,432.26766,scenario_002,medium
1554,406,2.50527,0.10679,0.359814,1,413.877162,scenario_002,short
1555,407,8.329388,0.596829,0.406871,1,429.083513,scenario_002,medium
1556,408,1.28697,0.283979,0.828827,0,410.323259,scenario_002,short
1557,408,2.444277,0.767028,0.774899,1,414.653391,scenario_002,short
1558,409,12.202268,0.770972,0.9354,0,435.590282,scenario_002,medium
1559,409,15.459352,0.165661,0.244781,0,492.38157,scenario_002,medium
1560,410,5.695167,0.313471,0.573645,1,426.425602,scenario_002,medium
1561,410,1.957753,0.399887,0.358777,0,413.533052,scenario_002,short
1562,411,1.799063,0.216075,0.443032,0,415.194314,scenario_002,short
1563,411,64.710486,0.858161,1.0,1,546.860422,scenario_002,long
1564,412,44.708847,0.424849,0.87505,0,620.574784,scenario_002,long
1565,413,0.882886,0.58879,0.666203,0,416.236557,scenario_002,short
1566,414,1.407845,0.115063,0.607536,0,417.071203,scenario_002,short
1567,414,42.469761,0.282401,0.259699,0,524.557393,scenario_002,long
1568,414,8.116637,0.348571,0.254377,0,437.996401,scenario_002,medium
1569,415,5.682566,0.485348,0.499363,0,424.659949,scenario_002,medium
1570,415,7.441621,1.0,0.852558,1,432.801459,scenario_002,medium
1571,417,9.958481,0.658334,0.680269,0,464.667265,scenario_002,medium
1572,417,2.120053,0.40392,0.379576,0,425.523846,scenario_002,short
1573,417,77.410816,1.0,0.760346,0,768.202494,scenario_002,long
1574,419,2.47132,0.829489,0.942131,0,430.638084,scenario_002,short
1575,421,1.312631,0.160048,0.239795,1,422.712569,scenario_002,short
1576,422,6.797604,1.0,0.977803,0,452.125525,scenario_002,medium
1577,422,1.581595,0.478154,0.468737,2,423.36429,scenario_002,short
1578,423,12.869561,0.455853,0.28431,2,447.232479,scenario_002,medium
1579,423,27.86426,0.437829,0.309023,0,501.532952,scenario_002,long
1580,425,5.8066,0.603269,0.472773,0,451.208886,scenario_002,medium
1581,426,59.223103,0.746451,0.831824,0,736.845806,scenario_002,long
1582,426,8.604922,0.401554,0.509468,0,460.569991,scenario_002,medium
1583,428,2.30877,0.200216,0.285961,0,432.422022,scenario_002,short
1584,430,1.385878,0.78967,0.618123,0,434.871284,scenario_002,short
1585,434,0.947904,0.211648,0.55094,2,435.738889,scenario_002,short
1586,440,2.323934,0.065612,0.144248,0,446.409977,scenario_002,short
1587,441,1.632634,0.261423,0.279434,0,445.566332,scenario_002,short
1588,443,1.173374,0.251445,0.13333,2,444.617738,scenario_002,short
1589,444,2.836901,0.353645,0.54252,1,450.781685,scenario_002,short
1590,447,6.60001,0.615912,0.639007,0,459.050958,scenario_002,medium
1591,447,5.980359,0.575925,0.42877,0,476.916006,scenario_002,medium
1592,448,2.348945,0.635459,0.48643,0,459.887402,scenario_002,short
1593,450,10.421755,0.775106,1.0,0,502.022046,scenario_002,medium
1594,454,1.441191,0.183523,0.403972,0,461.636492,scenario_002,short
1595,454,8.437377,0.687067,0.54689,1,475.249933,scenario_002,medium
1596,455,17.379544,1.0,0.935055,2,483.40422,scenario_002,medium
1597,456,20.374741,0.685955,0.605207,1,519.579197,scenario_002,long
1598,456,24.568578,0.752949,0.834614,2,505.306297,scenario_002,long
1599,459,1.182557,0.41198,0.484363,1,460.71906,scenario_002,short
1600,460,7.384724,0.504617,0.512117,1,479.788197,scenario_002,medium
1601,465,38.299911,0.996144,0.773119,0,658.19287,scenario_002,long
1602,465,1.361569,0.09022,0.277419,0,467.213645,scenario_002,short
1603,466,6.96534,0.245586,0.430161,1,483.553054,scenario_002,medium
1604,469,2.280156,0.578767,0.369957,0,478.242666,scenario_002,short
1605,469,1.401695,0.244413,0.37662,0,473.352052,scenario_002,short
1606,470,1.891724,0.141984,0.222476,0,480.455788,scenario_002,short
1607,470,85.573924,0.792455,0.694441,2,618.439981,scenario_002,long
1608,471,1.927274,0.301949,0.517394,0,478.355551,scenario_002,short
1609,472,1.310579,0.416481,0.421915,0,478.088911,scenario_002,short
1610,473,9.878715,0.893075,0.70163,1,488.562842,scenario_002,long
1611,474,8.327698,0.518396,0.383894,0,505.600967,scenario_002,medium
1612,475,1.835585,0.181967,0.422186,0,479.964338,scenario_002,short
1613,475,1.829851,0.822557,0.71685,1,477.114203,scenario_002,short
1614,476,7.251124,0.130347,0.164803,1,498.823548,scenario_002,medium
1615,476,13.602361,0.644438,0.672188,2,496.445949,scenario_002,medium
1616,477,2.441129,0.055217,0.365156,0,483.817621,scenario_002,short
1617,477,2.050433,0.740387,0.526632,2,479.374829,scenario_002,short
1618,478,1.558015,0.280403,0.460679,0,485.559092,scenario_002,short
1619,479,7.567457,0.492343,0.703417,0,507.379151,scenario_002,medium
1620,479,11.141412,0.966257,0.814199,0,501.662044,scenario_002,long
1621,480,1.54839,0.381079,0.445453,1,484.890111,scenario_002,short
1622,480,1.917675,0.347607,0.320147,0,487.186251,scenario_002,short
1623,481,6.581534,0.176083,0.345263,0,498.741821,scenario_002,medium
1624,482,81.205467,0.329662,0.164929,1,618.710095,scenario_002,long
1625,483,2.336299,0.597131,0.819824,0,491.682997,scenario_002,short
1626,483,1.583162,0.145171,0.275456,0,487.091046,scenario_002,short
1627,483,2.690893,0.370122,0.452409,0,496.495729,scenario_002,short
1628,484,1.265953,0.404619,0.661015,0,488.799718,scenario_002,short
1629,484,11.851464,0.427264,0.46376,1,506.823081,scenario_002,medium
1630,484,8.507851,0.222009,0.073491,0,529.305991,scenario_002,medium
1631,484,2.040457,0.292235,0.226263,0,492.299585,scenario_002,short
1632,485,14.520266,0.583536,0.708521,2,513.419205,scenario_002,medium
1633,486,1.201228,0.2594,0.360106,0,489.632117,scenario_002,short
1634,487,1.695375,0.305602,0.389815,0,495.95299,scenario_002,short
1635,488,1.681458,0.157967,0.423294,2,489.183529,scenario_002,short
1636,489,9.583315,0.459192,0.708878,2,499.167539,scenario_002,medium
1637,490,18.660364,0.836637,0.696221,0,520.445563,scenario_002,long
1638,490,43.060519,0.88482,1.0,1,606.29906,scenario_002,long
1639,492,10.306297,0.703038,0.660568,0,508.217777,scenario_002,medium
1640,493,1.920925,0.319035,0.497726,0,502.054394,scenario_002,short
1641,493,1.38136,0.288,0.11018,0,498.477623,scenario_002,short
1642,494,1.246811,0.331788,0.59493,2,495.604568,scenario_002,short
1643,495,1.29986,0.728304,0.71531,0,498.026583,scenario_002,short
1644,495,1.299558,0.489804,0.414243,2,497.829095,scenario_002,short
1645,497,1.915657,0.320326,0.568796,0,506.304896,scenario_002,short
1646,497,57.31543,0.591527,0.56418,0,625.377709,scenario_002,long
1647,497,0.955182,0.144099,0.082666,0,500.170382,scenario_002,short
1648,498,2.641945,0.402832,0.740518,1,503.849108,scenario_002,short
1649,499,2.629818,0.337642,0.756997,2,500.817573,scenario_002,short
1650,500,1.797819,0.333896,0.418743,1,505.743242,scenario_002,short
1651,501,8.308488,0.439157,0.639349,0,540.555622,scenario_002,medium
1652,501,1.391748,0.414911,0.500845,1,502.31815,scenario_002,short
1653,501,8.799509,0.610419,0.687965,0,514.402371,scenario_002,medium
1654,503,9.009777,1.0,1.0,0,531.57249,scenario_002,medium
1655,503,10.958325,0.770893,0.808715,0,554.791057,scenario_002,medium
1656,504,1.298204,0.135054,0.226374,0,509.497008,scenario_002,short
1657,505,1.523295,0.449915,0.415004,0,507.992026,scenario_002,short
1658,505,55.404796,1.0,0.625022,1,625.477421,scenario_002,long
1659,505,1.686765,0.373475,0.925432,2,508.562477,scenario_002,short
1660,507,7.373179,0.316582,0.699322,1,524.346242,scenario_002,medium
1661,507,10.536223,0.269996,0.42106,0,542.860788,scenario_002,medium
1662,507,5.949831,0.37001,0.46053,0,524.978125,scenario_002,medium
1663,508,63.443321,0.496696,0.621174,0,857.340411,scenario_002,long
1664,509,7.121064,0.874508,0.601865,1,517.933779,scenario_002,medium
1665,510,10.965349,0.350535,0.530445,2,519.292911,scenario_002,medium
1666,511,30.423449,0.959711,1.0,1,539.13728,scenario_002,long
1667,511,42.073814,0.342173,0.188544,2,537.029906,scenario_002,long
1668,511,13.462638,0.687179,0.635937,0,565.101488,scenario_002,medium
1669,512,21.743604,0.543412,1.0,0,597.329337,scenario_002,medium
1670,512,17.493611,0.643488,0.634784,1,567.034874,scenario_002,long
1671,512,12.869506,0.542301,0.3486,1,527.541491,scenario_002,medium
1672,512,1.29444,0.209272,0.331856,1,515.596106,scenario_002,short
1673,513,7.753021,0.66897,0.512063,0,538.710733,scenario_002,medium
1674,513,7.071776,0.363856,0.460677,2,520.514812,scenario_002,medium
1675,513,75.320136,0.492171,0.455355,0,853.783394,scenario_002,long
1676,513,14.751408,0.587337,0.74898,1,560.815473,scenario_002,medium
1677,514,8.211845,0.496482,0.565533,0,537.943206,scenario_002,medium
1678,514,7.483951,0.588693,0.467199,1,530.380651,scenario_002,medium
1679,515,8.27822,0.535499,0.561519,0,538.925535,scenario_002,medium
1680,515,15.72799,0.250294,0.809188,0,543.370965,scenario_002,medium
1681,515,47.25629,0.361481,0.76482,0,700.56649,scenario_002,long
1682,516,1.650876,0.435739,0.440933,0,521.636367,scenario_002,short
1683,516,11.434579,0.500243,0.606276,0,544.517663,scenario_002,medium
1684,516,6.832486,1.0,0.981633,0,554.357693,scenario_002,medium
1685,516,3.678679,0.668235,0.466322,1,520.642478,scenario_002,short
1686,517,10.130965,0.711114,0.568048,2,531.072049,scenario_002,medium
1687,518,1.29916,0.080629,0.221128,2,519.0,scenario_002,short
1688,518,1.86986,0.333812,0.456308,1,520.549945,scenario_002,short
1689,519,6.311064,0.294643,0.444303,0,537.80978,scenario_002,medium
1690,519,1.54321,0.392158,0.442551,0,526.448837,scenario_002,short
1691,520,14.59961,0.567504,0.524611,0,562.167914,scenario_002,medium
1692,520,10.013289,0.41503,0.749307,0,547.794248,scenario_002,medium
1693,520,1.66756,0.427574,0.283879,0,522.788891,scenario_002,short
1694,520,1.7064,0.369563,0.23628,1,523.18189,scenario_002,short
1695,520,1.923576,0.164525,0.074216,1,525.553347,scenario_002,short
1696,520,1.403435,0.218886,0.312306,0,524.89705,scenario_002,short
1697,521,14.127349,0.674847,0.80099,0,548.923806,scenario_002,medium
1698,521,81.090194,0.945406,0.871018,0,684.195925,scenario_002,long
1699,521,5.730119,0.556317,0.533141,1,535.132216,scenario_002,medium
1700,522,9.057571,0.204416,0.508104,0,569.307111,scenario_002,medium
1701,522,10.332933,0.842267,0.686321,1,547.306912,scenario_002,medium
1702,522,21.824593,1.0,1.0,1,577.404795,scenario_002,long
1703,523,7.377612,0.209071,0.478783,0,551.956084,scenario_002,medium
1704,523,1.462996,0.665359,0.694024,1,525.128247,scenario_002,short
1705,523,43.32531,0.916728,1.0,2,585.454771,scenario_002,long
1706,524,1.159119,0.238831,0.507819,2,525.0,scenario_002,short
1707,524,1.349885,0.316035,0.187876,1,528.388925,scenario_002,short
1708,525,1.432691,0.421709,0.507155,0,530.768939,scenario_002,short
1709,526,1.562005,0.240671,0.554613,0,531.589607,scenario_002,short
1710,526,11.411106,0.248692,0.738176,0,589.021811,scenario_002,medium
1711,528,2.112764,0.171424,0.336317,0,532.344527,scenario_002,short
1712,528,3.639165,0.465405,0.697632,1,533.743493,scenario_002,short
1713,529,1.590501,0.513522,0.460626,2,530.170676,scenario_002,short
1714,529,8.909092,0.692268,0.95918,0,572.848381,scenario_002,medium
1715,530,8.316195,0.272325,0.533496,1,541.37807,scenario_002,medium
1716,530,1.985471,0.196055,0.429801,0,537.298757,scenario_002,short
1717,531,13.392373,0.677747,0.704548,0,603.360062,scenario_002,medium
1718,531,11.132219,0.663398,0.694189,0,572.244684,scenario_002,medium
1719,531,6.074856,0.737072,0.538207,0,542.642521,scenario_002,medium
1720,531,335.743528,0.48254,0.696487,0,1124.780648,scenario_002,long
1721,532,18.370593,0.918034,1.0,0,624.217806,scenario_002,long
1722,532,3.72477,0.496421,0.667595,0,551.299654,scenario_002,medium
1723,532,8.474546,0.321593,0.235549,0,567.612122,scenario_002,medium
1724,532,2.546519,0.141521,0.257009,1,539.753453,scenario_002,short
1725,532,1.253359,0.423373,0.57345,2,533.120502,scenario_002,short
1726,533,21.883211,0.426469,0.50296,0,624.863877,scenario_002,long
1727,536,1.974258,0.353359,0.520267,0,545.547794,scenario_002,short
1728,537,8.259882,0.560228,0.659571,0,551.902294,scenario_002,medium
1729,538,1.795077,0.12518,0.11899,0,543.195637,scenario_002,short
1730,539,2.673414,0.411478,0.788157,0,546.067904,scenario_002,short
1731,540,12.053438,0.209092,0.331281,1,564.008467,scenario_002,medium
1732,540,33.938417,0.403192,0.503797,0,720.742953,scenario_002,long
1733,542,8.978035,0.519264,0.71361,0,559.887305,scenario_002,medium
1734,542,1.35159,0.380556,0.516971,0,545.386387,scenario_002,short
1735,543,8.604376,0.530646,0.445629,0,570.151576,scenario_002,medium
1736,543,30.12809,0.283677,0.290828,2,599.750856,scenario_002,long
1737,544,10.641294,0.476046,0.481792,0,593.953811,scenario_002,medium
1738,544,10.32941,0.229485,0.21509,0,587.652049,scenario_002,medium
1739,544,7.871425,0.862753,0.790382,2,560.34629,scenario_002,medium
1740,544,1.886794,0.626215,0.810526,0,554.207524,scenario_002,short
1741,546,1.554251,0.254403,0.456351,0,552.72202,scenario_002,short
1742,547,1.197054,0.403793,0.481035,0,549.374377,scenario_002,short
1743,547,8.974684,0.436639,0.550855,1,572.975744,scenario_002,medium
1744,547,19.06921,0.224683,0.333405,2,561.51484,scenario_002,medium
1745,547,14.368479,0.607055,0.466725,2,576.619219,scenario_002,medium
1746,548,1.491432,0.400871,0.276572,1,551.878212,scenario_002,short
1747,549,21.126882,0.504454,0.489384,2,594.234159,scenario_002,medium
1748,549,13.222802,0.834129,0.917764,2,564.62895,scenario_002,medium
1749,550,1.79458,0.696634,0.644781,0,554.032867,scenario_002,short
1750,552,3.777601,0.484973,0.653498,2,557.545218,scenario_002,medium
1751,553,2.63858,0.5599,0.636381,1,561.439259,scenario_002,short
1752,554,5.213426,0.371128,0.816877,0,581.693414,scenario_002,medium
1753,555,1.474484,0.263174,0.773023,2,556.864782,scenario_002,short
1754,555,1.932595,0.756623,0.504509,0,561.768927,scenario_002,short
1755,556,7.670392,0.505588,0.535643,0,579.115904,scenario_002,medium
1756,556,1.86195,0.198044,0.372809,1,559.091376,scenario_002,short
1757,556,1.616183,0.292361,0.232605,0,562.205174,scenario_002,short
1758,556,11.98689,0.492377,0.442409,1,577.770356,scenario_002,medium
1759,556,25.283277,0.75732,0.614968,2,579.558402,scenario_002,long
1760,556,93.605606,0.905698,1.0,1,856.483388,scenario_002,long
1761,556,14.9047,1.0,0.973718,0,589.273099,scenario_002,medium
1762,557,2.392052,0.221791,0.319328,1,560.804514,scenario_002,short
1763,557,2.086166,0.792957,0.706882,1,560.37474,scenario_002,short
1764,558,10.902323,0.509164,0.439888,0,617.360241,scenario_002,long
1765,558,7.877789,0.955005,0.760775,0,572.390564,scenario_002,medium
1766,558,6.820875,0.458829,0.330252,0,578.777015,scenario_002,medium
1767,559,6.14969,0.624043,0.635685,2,572.627178,scenario_002,medium
1768,559,6.905141,0.851696,0.865294,2,566.891638,scenario_002,medium
1769,559,1.844124,0.311921,0.384416,2,562.624495,scenario_002,short
1770,559,7.019803,0.606339,0.459587,0,575.149404,scenario_002,medium
1771,559,7.681511,0.790114,0.71279,0,595.87089,scenario_002,medium
1772,559,1.453066,0.33946,0.542693,0,565.411409,scenario_002,short
1773,560,47.682817,0.778682,1.0,0,828.969059,scenario_002,long
1774,560,1.353676,0.599161,0.428569,1,563.80743,scenario_002,short
1775,560,1.733522,0.254324,0.582084,0,565.978339,scenario_002,short
1776,560,2.400298,0.412448,0.474992,1,565.629702,scenario_002,short
1777,562,1.705256,0.546316,0.624554,1,566.037326,scenario_002,short
1778,562,69.450487,0.960418,0.6261,0,766.090354,scenario_002,long
1779,562,7.153743,0.294008,0.525285,1,568.773288,scenario_002,medium
1780,562,8.533366,0.531227,0.581435,0,575.94903,scenario_002,medium
1781,562,21.351047,0.780626,0.531067,1,608.277431,scenario_002,medium
1782,562,5.293007,0.291636,0.28171,1,568.663939,scenario_002,medium
1783,562,61.90951,0.950284,0.990155,2,602.361411,scenario_002,long
1784,562,13.471488,0.751973,0.769834,1,578.010367,scenario_002,long
1785,562,14.371467,0.774974,0.493121,1,595.625003,scenario_002,long
1786,563,11.025526,0.602879,0.406338,1,590.377841,scenario_002,medium
1787,563,9.460645,0.409442,0.912192,1,579.075084,scenario_002,medium
1788,563,8.502412,0.134142,0.232618,0,589.32556,scenario_002,medium
1789,563,1.847873,0.213294,0.453929,0,566.13015,scenario_002,short
1790,563,1.641378,0.334452,0.612452,1,566.7564,scenario_002,short
1791,563,98.993066,0.439029,0.5307,2,782.510965,scenario_002,long
1792,563,2.167013,0.590899,0.544612,0,567.580133,scenario_002,short
1793,563,1.394697,0.068722,0.084471,2,564.0,scenario_002,short
1794,564,10.32428,0.799374,0.534392,1,593.630912,scenario_002,medium
1795,564,9.671308,0.294609,0.862682,0,599.810565,scenario_002,medium
1796,565,8.739824,0.145997,0.146163,1,587.948261,scenario_002,medium
1797,565,6.483593,0.140268,0.251318,1,573.92583,scenario_002,medium
1798,565,11.267881,0.639987,0.623993,2,582.85387,scenario_002,medium
1799,566,8.444993,0.365222,0.33824,0,597.938518,scenario_002,medium
1800,566,5.346323,0.515713,0.454591,1,580.566468,scenario_002,medium
1801,566,9.221159,0.668762,0.781778,0,596.266265,scenario_002,medium
1802,566,1.675434,0.06447,0.224839,0,573.802936,scenario_002,short
1803,566,8.243846,0.68062,0.609294,1,591.971094,scenario_002,medium
1804,567,1.398548,0.133875,0.399353,0,574.442026,scenario_002,short
1805,567,1.096869,0.430008,0.66022,0,569.16149,scenario_002,short
1806,567,2.161538,0.319836,0.586571,0,574.452843,scenario_002,short
1807,567,5.086035,0.263501,0.386943,0,583.180994,scenario_002,medium
1808,567,2.038851,0.249018,0.40316,0,576.398677,scenario_002,short
1809,567,2.09127,0.302334,0.646469,1,569.282769,scenario_002,short
1810,567,13.37557,0.226699,0.568091,0,604.299309,scenario_002,medium
1811,568,29.385867,0.516607,0.550435,0,717.502067,scenario_002,long
1812,568,10.249143,0.418907,0.457637,0,589.695786,scenario_002,medium
1813,568,8.95327,0.440318,0.239277,0,595.155616,scenario_002,medium
1814,569,1.734602,0.270239,0.239902,1,573.586391,scenario_002,short
1815,570,9.968332,0.420932,0.465956,0,614.85209,scenario_002,medium
1816,571,52.895695,0.268091,0.126525,0,696.719894,scenario_002,long
1817,571,89.292696,0.773484,0.543985,1,831.18826,scenario_002,long
1818,571,1.559909,0.098475,0.203309,2,572.330405,scenario_002,short
1819,572,1.805015,0.307938,0.292543,0,580.782578,scenario_002,short
1820,572,1.803408,0.521599,0.559543,2,573.4465,scenario_002,short
1821,572,11.632153,0.614513,0.527295,1,590.784076,scenario_002,medium
1822,574,96.878587,0.4795,0.638426,0,861.096343,scenario_002,long
1823,575,20.309234,0.598063,0.870722,0,622.933998,scenario_002,long
1824,575,1.74838,0.250883,0.098924,0,583.02962,scenario_002,short
1825,575,19.171314,0.354214,0.331271,0,622.66314,scenario_002,long
1826,575,2.884594,0.089393,0.208827,1,583.239712,scenario_002,short
1827,576,17.704532,0.450737,0.383241,0,664.958866,scenario_002,medium
1828,576,17.031929,0.570246,0.524129,2,606.630828,scenario_002,medium
1829,577,1.901182,0.242824,0.270771,1,581.977809,scenario_002,short
1830,577,1.110705,0.548801,0.863925,0,582.368055,scenario_002,short
1831,578,53.644134,0.301807,0.530526,2,683.02436,scenario_002,long
1832,578,84.733749,0.43576,0.56974,2,751.692208,scenario_002,long
1833,578,13.245923,0.231691,0.298782,1,619.541145,scenario_002,medium
1834,579,1.834372,0.210338,0.562284,2,580.440762,scenario_002,short
1835,580,9.250031,1.0,1.0,0,594.524651,scenario_002,medium
1836,580,43.512406,0.377955,0.621346,0,654.579409,scenario_002,long
1837,580,43.015916,0.935917,0.775281,0,680.518926,scenario_002,long
1838,580,10.545974,0.217668,0.494514,0,627.548487,scenario_002,medium
1839,581,1.111321,0.442016,0.291111,2,582.276101,scenario_002,short
1840,581,6.408388,0.758091,0.820524,2,593.861693,scenario_002,medium
1841,581,8.183564,0.262788,0.183161,0,604.34432,scenario_002,medium
1842,581,12.168925,0.653291,0.49029,0,633.678949,scenario_002,medium
1843,581,1.628603,0.684978,0.563653,0,586.74313,scenario_002,short
1844,581,2.172915,0.069817,0.269588,1,584.386121,scenario_002,short
1845,582,1.805515,0.473484,0.625646,0,585.219951,scenario_002,short
1846,582,7.111479,0.567411,0.58452,2,595.413418,scenario_002,medium
1847,582,1.558207,0.424843,0.400086,0,589.398925,scenario_002,short
1848,583,4.702356,0.699584,0.70976,0,591.460614,scenario_002,medium
1849,584,2.118549,0.409116,0.341332,1,588.092736,scenario_002,short
1850,585,1.426937,0.199747,0.534647,0,592.675443,scenario_002,short
1851,585,40.83765,0.74716,0.752395,0,812.017232,scenario_002,long
1852,586,24.034645,0.430865,0.462995,1,626.585631,scenario_002,long
1853,586,62.580863,0.764337,0.571682,0,790.138645,scenario_002,long
1854,586,96.272057,0.664101,0.988158,0,788.965364,scenario_002,long
1855,586,11.313833,0.267065,0.547595,1,622.775622,scenario_002,medium
1856,587,2.368353,0.603103,0.813039,2,590.35848,scenario_002,short
1857,587,7.959097,0.704724,0.628438,0,610.829898,scenario_002,medium
1858,589,2.619533,0.318266,0.545799,0,600.531389,scenario_002,short
1859,590,11.363027,0.410463,0.74444,0,638.070169,scenario_002,medium
1860,590,1.845596,0.05715,0.138295,0,593.392619,scenario_002,short
1861,590,1.744714,0.342593,0.734895,0,598.402956,scenario_002,short
1862,591,8.732631,0.489965,0.488864,0,612.633014,scenario_002,medium
1863,591,2.287019,0.217014,0.533466,2,594.76933,scenario_002,short
1864,592,2.046736,0.227634,0.192755,0,597.298377,scenario_002,short
1865,592,1.336478,0.316267,0.322118,0,594.477674,scenario_002,short
1866,593,9.491268,0.219662,0.45778,0,607.707192,scenario_002,medium
1867,593,1.361751,0.344722,0.398931,0,595.720746,scenario_002,short
1868,593,2.160617,0.340499,0.460406,1,595.314723,scenario_002,short
1869,594,13.253836,0.349167,0.370809,0,667.996565,scenario_002,medium
1870,594,2.014477,0.095455,0.552975,1,599.41848,scenario_002,short
1871,594,11.83815,0.400174,0.723694,0,655.851853,scenario_002,medium
1872,594,59.007135,0.592392,0.445035,2,686.678592,scenario_002,long
1873,594,6.757291,0.655736,0.775771,1,607.878969,scenario_002,medium
1874,595,1.421685,0.297508,0.69448,2,597.599406,scenario_002,short
1875,595,16.906208,0.534331,0.690158,2,615.172681,scenario_002,long
1876,595,1.482899,0.231277,0.436251,0,603.340572,scenario_002,short
1877,596,6.983003,0.442392,0.71229,1,604.190254,scenario_002,medium
1878,596,1.868662,0.148799,0.297021,0,602.973514,scenario_002,short
1879,596,13.955012,0.645323,0.715377,0,671.833235,scenario_002,medium
1880,596,9.233297,0.244976,0.478803,0,632.379815,scenario_002,medium
1881,596,15.307226,0.365552,0.250391,0,647.449529,scenario_002,medium
1882,597,64.827215,0.819206,0.957361,2,647.719839,scenario_002,long
1883,597,1.21763,0.393631,0.586875,0,600.61573,scenario_002,short
1884,597,8.463474,0.624863,0.686936,0,629.159022,scenario_002,medium
1885,597,2.27173,0.421138,0.36342,0,608.380365,scenario_002,short
1886,597,9.061423,0.63117,0.732206,0,619.229758,scenario_002,medium
1887,597,46.975236,0.935069,1.0,0,782.457486,scenario_002,long
1888,598,1.245466,0.424713,0.663006,0,601.192806,scenario_002,short
1889,598,2.320267,0.230603,0.262073,0,609.827501,scenario_002,short
1890,598,1.915152,0.06467,0.42063,0,606.438313,scenario_002,short
1891,598,11.462114,0.334337,0.84658,2,619.833562,scenario_002,long
1892,599,12.758142,0.294629,0.349874,2,619.825262,scenario_002,medium
1893,599,22.803051,0.765608,0.729108,0,720.251617,scenario_002,long
1894,599,11.024033,0.31293,0.650651,1,622.707443,scenario_002,medium
1895,600,1.562484,0.16281,0.300713,0,607.939615,scenario_002,short
1896,600,6.330872,0.468821,0.592891,0,617.482259,scenario_002,medium
1897,600,8.778422,0.208903,0.418986,0,635.276692,scenario_002,medium
1898,600,13.862029,0.244247,0.215615,1,632.611903,scenario_002,medium
1899,600,1.68608,0.615799,0.549549,2,602.11781,scenario_002,short
1900,600,1.18821,0.312231,0.407119,2,601.317716,scenario_002,short
1901,600,1.625218,0.154372,0.251607,2,603.321417,scenario_002,short
1902,600,1.67732,0.268295,0.380331,2,603.379072,scenario_002,short
1903,601,1.736622,0.266573,0.323546,1,605.792664,scenario_002,short
1904,601,16.028651,0.289902,0.642489,2,616.421647,scenario_002,medium
1905,601,2.702827,0.307153,0.723867,0,605.653602,scenario_002,short
1906,602,1.276294,0.471594,0.552717,0,605.988692,scenario_002,short
1907,602,1.132683,0.502736,0.583821,0,606.657704,scenario_002,short
1908,602,2.182154,0.374856,0.788643,2,605.740586,scenario_002,short
1909,602,2.49083,0.304203,0.363651,0,611.317769,scenario_002,short
1910,603,43.803635,0.991842,0.721057,0,705.825161,scenario_002,long
1911,603,10.635607,0.226887,0.276801,0,654.223964,scenario_002,medium
1912,604,2.001576,0.649476,0.548345,0,611.89613,scenario_002,short
1913,604,1.122243,0.414249,0.492176,0,607.868732,scenario_002,short
1914,604,14.634621,0.352753,0.292788,0,660.705632,scenario_002,medium
1915,604,15.834237,0.98615,0.953379,2,632.815271,scenario_002,long
1916,604,18.500747,0.445863,0.581553,0,690.108572,scenario_002,medium
1917,605,1.399412,0.223014,0.455215,0,611.345706,scenario_002,short
1918,605,1.487681,0.30568,0.378488,0,610.882708,scenario_002,short
1919,606,6.132947,0.256907,0.320716,0,616.371916,scenario_002,medium
1920,606,18.654819,0.260358,0.25508,2,647.213813,scenario_002,medium
1921,606,1.875523,0.237075,0.538493,0,610.653299,scenario_002,short
1922,606,1.748697,0.638742,0.732987,2,607.498468,scenario_002,short
1923,607,7.811573,0.37397,0.686765,2,618.756184,scenario_002,medium
1924,608,1.381764,0.322101,0.477397,1,611.421732,scenario_002,short
1925,608,16.559835,0.72665,1.0,0,636.006243,scenario_002,long
1926,608,2.04801,0.086065,0.257245,0,612.594482,scenario_002,short
1927,608,8.649903,1.0,1.0,1,635.892436,scenario_002,medium
1928,608,56.590642,0.662973,0.473693,0,795.911237,scenario_002,long
1929,609,13.923913,0.558875,0.479009,0,666.281303,scenario_002,medium
1930,609,2.030991,0.517348,0.386305,0,618.693871,scenario_002,short
1931,610,7.130283,0.427362,0.84483,2,625.871578,scenario_002,medium
1932,610,17.776314,0.382115,0.268174,0,654.930244,scenario_002,long
1933,610,8.274596,0.62325,0.655136,0,652.334574,scenario_002,medium
1934,610,109.947477,1.0,1.0,0,1154.46106,scenario_002,long
1935,610,9.28166,0.403494,0.549807,0,649.68215,scenario_002,medium
1936,611,5.932199,0.802693,0.772367,0,633.232255,scenario_002,medium
1937,611,1.717338,0.407369,0.264492,2,614.418719,scenario_002,short
1938,612,12.430179,0.540808,0.440805,0,674.373692,scenario_002,medium
1939,612,25.735115,0.656749,0.658027,0,660.152037,scenario_002,long
1940,612,10.266398,0.460718,0.426974,0,643.30781,scenario_002,medium
1941,612,86.660171,0.854537,0.575623,0,845.012698,scenario_002,long
1942,612,13.229952,0.483426,0.66658,2,640.166811,scenario_002,medium
1943,613,8.978226,0.56749,0.306651,0,628.420274,scenario_002,medium
1944,613,12.709581,0.281129,0.332277,1,651.412784,scenario_002,long
1945,614,84.622053,0.741904,0.738626,0,955.594923,scenario_002,long
1946,614,1.71999,0.630597,0.761418,2,616.25749,scenario_002,short
1947,615,1.606327,0.320791,0.636082,0,618.647983,scenario_002,short
1948,616,1.768263,0.515053,0.411309,0,623.333417,scenario_002,short
1949,617,9.237836,0.572739,0.596812,0,650.32351,scenario_002,medium
1950,617,7.083303,0.331638,0.429823,0,648.484056,scenario_002,medium
1951,617,1.476267,0.228977,0.15493,0,623.900095,scenario_002,short
1952,618,80.923457,0.418105,0.46118,2,671.617985,scenario_002,long
1953,618,6.844679,0.162498,0.408248,0,639.722932,scenario_002,medium
1954,619,28.678398,0.533752,0.712075,0,778.832944,scenario_002,medium
1955,619,5.979794,0.73526,0.612032,0,645.663357,scenario_002,medium
1956,619,7.147289,0.258268,0.707957,1,640.085554,scenario_002,medium
1957,620,1.646983,0.051397,0.227087,2,621.782339,scenario_002,short
1958,620,1.254634,0.237741,0.504329,1,622.314337,scenario_002,short
1959,620,2.105181,0.37178,0.692313,0,624.306885,scenario_002,short
1960,620,1.5251,0.228715,0.330279,2,622.526628,scenario_002,short
1961,621,2.135268,0.307308,0.471786,0,632.524449,scenario_002,short
1962,621,1.197832,0.39378,0.451621,0,626.381423,scenario_002,short
1963,622,7.523339,0.205049,0.162068,1,644.848967,scenario_002,medium
1964,622,13.529156,0.427405,0.414478,1,658.88926,scenario_002,medium
1965,622,27.678022,0.617102,0.582234,0,749.914212,scenario_002,long
1966,622,2.254114,0.679593,0.723429,1,628.105844,scenario_002,short
1967,623,1.359262,0.306055,0.586423,0,628.937059,scenario_002,short
1968,624,1.52776,0.248666,0.345729,0,628.085651,scenario_002,short
1969,625,4.976755,0.957626,0.913396,2,629.60924,scenario_002,long
1970,625,1.380229,0.142764,0.202459,0,628.26858,scenario_002,short
1971,626,1.171592,0.3567,0.736253,0,632.410222,scenario_002,short
1972,626,40.726724,0.815418,0.836769,0,794.712363,scenario_002,long
1973,626,8.202582,0.399211,0.314675,0,651.42256,scenario_002,medium
1974,626,16.480785,0.184335,0.372193,0,713.546842,scenario_002,medium
1975,626,1.200853,0.075626,0.084168,1,627.277279,scenario_002,short
1976,626,1.89118,0.267925,0.333466,1,631.32528,scenario_002,short
1977,626,74.942557,0.945788,1.0,0,898.640208,scenario_002,long
1978,627,1.404682,0.359076,0.505996,1,629.45419,scenario_002,short
1979,627,7.326669,0.479563,0.309772,1,636.134417,scenario_002,medium
1980,628,9.412761,0.595599,0.868306,0,648.247457,scenario_002,medium
1981,628,10.833156,0.69682,0.866584,2,635.400948,scenario_002,medium
1982,629,1.599791,0.440599,0.427287,0,631.531009,scenario_002,short
1983,630,13.848195,0.288879,0.64756,0,676.580825,scenario_002,medium
1984,630,1.388485,0.182662,0.29771,0,635.762675,scenario_002,short
1985,630,1.447862,0.570376,0.450576,0,635.242677,scenario_002,short
1986,631,1.37444,0.475571,0.623226,0,635.448168,scenario_002,short
1987,631,12.276976,0.826524,0.773445,0,700.063945,scenario_002,medium
1988,631,12.377506,0.564094,0.458125,2,642.939245,scenario_002,medium
1989,631,12.278399,0.719274,0.632305,0,663.048433,scenario_002,medium
1990,631,1.283661,0.190103,0.278948,0,638.012722,scenario_002,short
1991,631,2.255888,0.587897,0.770531,0,637.104285,scenario_002,short
1992,632,7.621762,0.655604,0.706014,0,647.16835,scenario_002,medium
1993,632,2.261967,0.327781,0.613443,0,642.964071,scenario_002,short
1994,632,1.514341,0.749076,0.84918,1,634.976102,scenario_002,short
1995,632,1.346824,0.340445,0.464702,0,636.00771,scenario_002,short
1996,632,2.218184,0.098428,0.434573,0,638.455873,scenario_002,short
1997,633,1.557962,0.415839,0.354415,2,635.219574,scenario_002,short
1998,633,10.947095,0.433011,0.357797,1,650.449297,scenario_002,medium
1999,633,3.752111,0.735679,0.613789,0,643.435932,scenario_002,long
2000,633,28.726344,1.0,0.736785,0,689.753039,scenario_002,long
2001,633,2.000835,0.105794,0.366152,0,640.490554,scenario_002,short
2002,634,9.524579,0.535628,0.723944,0,653.913362,scenario_002,medium
2003,634,0.925887,0.24168,0.38508,0,637.241935,scenario_002,short
2004,634,9.130066,0.40927,0.466503,0,676.172725,scenario_002,medium
2005,634,1.338338,0.425865,0.343614,0,637.834816,scenario_002,short
2006,635,7.752419,0.392352,0.465228,0,670.521788,scenario_002,medium
2007,636,1.599284,0.288687,0.121703,0,642.388426,scenario_002,short
2008,637,1.841792,0.310934,0.331126,1,642.421576,scenario_002,short
2009,637,4.629434,0.364147,0.638338,0,646.287748,scenario_002,medium
2010,637,2.198626,0.092599,0.292621,0,648.30441,scenario_002,short
2011,637,1.929415,0.185074,0.466752,0,640.785985,scenario_002,short
2012,637,9.779928,0.291756,0.71537,0,685.140781,scenario_002,medium
2013,637,15.580889,0.60378,0.669009,0,669.547034,scenario_002,long
2014,638,8.179991,1.0,0.988047,0,671.519256,scenario_002,medium
2015,638,6.939216,0.621453,0.591197,0,651.022912,scenario_002,medium
2016,639,2.73766,0.542928,0.683693,0,650.035701,scenario_002,short
2017,639,1.861578,0.389761,0.50401,0,642.416987,scenario_002,short
2018,639,86.362496,1.0,1.0,0,1115.204189,scenario_002,long
2019,639,2.011667,0.054094,0.523377,2,640.7193,scenario_002,short
2020,639,1.250733,0.637526,0.738011,2,640.756716,scenario_002,short
2021,639,1.043953,0.276024,0.601749,0,642.673882,scenario_002,short
2022,640,9.145303,0.433585,0.591065,1,658.20276,scenario_002,medium
2023,640,8.803878,0.281033,0.383179,0,688.072371,scenario_002,medium
2024,640,1.806314,0.358231,0.69559,0,642.804086,scenario_002,short
2025,641,14.144173,0.247833,0.38371,0,669.07719,scenario_002,medium
2026,641,6.712663,0.207654,0.494815,0,660.454506,scenario_002,medium
2027,641,12.067594,0.419438,0.351367,1,672.033893,scenario_002,medium
2028,642,2.660907,0.330802,0.22899,0,654.981231,scenario_002,short
2029,642,2.032405,0.532445,0.681215,2,646.051572,scenario_002,short
2030,643,1.763957,0.845423,0.749,0,648.041312,scenario_002,short
2031,643,10.109821,0.481434,0.318753,0,689.6192,scenario_002,medium
2032,643,1.960505,0.061939,0.234536,0,652.30929,scenario_002,short
2033,643,9.967899,0.687977,0.59541,0,658.502069,scenario_002,medium
2034,643,1.737526,0.344297,0.306167,0,645.644514,scenario_002,short
2035,643,6.890616,0.783513,0.918171,0,666.845695,scenario_002,medium
2036,643,1.948946,0.222531,0.118505,2,646.59784,scenario_002,short
2037,643,2.022935,0.233978,0.344279,1,646.672469,scenario_002,short
2038,644,8.987877,0.337085,0.684409,2,662.430393,scenario_002,medium
2039,644,5.195111,0.326009,0.455111,1,657.92429,scenario_002,medium
2040,644,5.565723,0.528729,0.681434,0,665.239144,scenario_002,medium
2041,644,14.644669,0.216912,0.168524,1,692.140726,scenario_002,medium
2042,644,1.435144,0.330267,0.458709,0,650.859347,scenario_002,short
2043,645,2.288672,0.307084,0.543091,0,651.509955,scenario_002,short
2044,645,1.417471,0.125304,0.262416,0,649.325609,scenario_002,short
2045,646,6.000752,0.645007,0.988671,0,662.901212,scenario_002,medium
2046,646,1.133061,0.170429,0.584129,0,648.199681,scenario_002,short
2047,647,1.154177,0.391957,0.471991,0,649.134708,scenario_002,short
2048,648,1.75218,0.441133,0.402822,0,652.165999,scenario_002,short
2049,648,1.572305,0.365088,0.477826,0,655.970044,scenario_002,short
2050,648,7.013325,0.405809,0.345913,0,680.566294,scenario_002,medium
2051,649,66.097559,0.61951,0.544061,0,981.950028,scenario_002,long
2052,649,2.348409,0.449211,0.304179,0,658.346232,scenario_002,short
2053,649,28.779123,0.378253,0.394952,0,773.961233,scenario_002,long
2054,649,8.028058,0.12658,0.271513,2,663.357878,scenario_002,medium
2055,650,24.244534,0.135039,0.354302,0,687.658283,scenario_002,medium
2056,650,1.713593,0.32216,0.26773,2,651.86426,scenario_002,short
2057,650,20.05342,0.581184,0.98719,0,728.678566,scenario_002,long
2058,650,1.412395,0.232443,0.268152,0,655.016856,scenario_002,short
2059,650,2.638418,0.108432,0.150239,0,663.498631,scenario_002,short
2060,651,1.555299,0.347837,0.38617,1,653.649572,scenario_002,short
2061,651,1.718953,0.236255,0.32949,0,658.999932,scenario_002,short
2062,651,4.077886,0.1806,0.188812,0,673.222178,scenario_002,medium
2063,651,2.585285,0.388986,0.478087,0,665.137218,scenario_002,short
2064,651,1.723454,0.238327,0.299922,0,660.031106,scenario_002,short
2065,651,1.283535,0.161724,0.667651,0,657.061486,scenario_002,short
2066,651,7.805672,0.600919,0.873272,2,660.677469,scenario_002,medium
2067,652,2.133473,0.340758,0.651299,1,655.954875,scenario_002,short
2068,652,5.802643,0.131694,0.444263,0,666.625046,scenario_002,medium
2069,652,2.655441,0.361717,0.329315,0,658.650464,scenario_002,short
2070,652,7.844702,0.52898,0.439939,0,683.705509,scenario_002,medium
2071,652,2.170445,0.347823,0.659761,0,659.371002,scenario_002,short
2072,652,12.439853,0.429348,0.591412,1,679.221421,scenario_002,medium
2073,652,6.405494,0.329008,0.301778,2,656.43498,scenario_002,medium
2074,652,119.593513,0.934097,0.854596,1,854.965625,scenario_002,long
2075,652,2.40959,0.304224,0.420312,0,655.722485,scenario_002,short
2076,652,2.130172,0.217095,0.403244,0,659.074422,scenario_002,short
2077,652,15.12556,0.702254,0.668633,1,695.673411,scenario_002,medium
2078,652,2.320721,0.380898,0.803425,0,660.117914,scenario_002,short
2079,653,1.438185,0.689818,0.628769,0,656.559987,scenario_002,short
2080,653,1.080239,0.264221,0.377528,0,655.400987,scenario_002,short
2081,653,9.884797,0.441132,0.6155,0,682.698976,scenario_002,medium
2082,653,1.913824,0.602946,0.757687,2,654.787114,scenario_002,short
2083,653,2.961828,0.310204,0.673279,1,657.34176,scenario_002,short
2084,653,2.831104,0.631129,0.602547,0,663.252941,scenario_002,short
2085,653,2.716421,0.38506,0.534852,1,657.961164,scenario_002,short
2086,653,1.239169,0.272795,0.542779,0,658.492686,scenario_002,short
2087,653,1.409285,0.358777,0.254363,2,655.058467,scenario_002,short
2088,653,1.964484,0.213052,0.266011,0,661.513682,scenario_002,short
2089,653,2.017973,0.808238,0.828562,1,658.530469,scenario_002,short
2090,653,2.64478,0.474404,0.614997,0,666.512746,scenario_002,short
2091,653,29.577967,0.468819,0.446628,0,731.943364,scenario_002,long
2092,653,21.002291,0.179301,0.323813,0,749.35307,scenario_002,medium
2093,653,1.571565,0.410639,0.72025,2,656.04792,scenario_002,short
2094,653,36.57448,0.47321,0.579437,2,698.625941,scenario_002,long
2095,653,1.288911,0.117055,0.464683,1,654.493442,scenario_002,short
2096,653,1.392012,0.200053,0.263474,1,655.806677,scenario_002,short
2097,653,47.391939,0.838295,0.744267,0,909.087705,scenario_002,long
2098,654,1.315554,0.07008,0.478262,0,660.171913,scenario_002,short
2099,654,2.086253,0.104404,0.246686,1,657.18851,scenario_002,short
2100,654,4.921082,0.256714,0.729702,0,664.333504,scenario_002,medium
2101,654,12.718338,0.181498,0.46191,0,698.974156,scenario_002,medium
2102,654,1.281062,0.391911,0.862083,0,658.857248,scenario_002,short
2103,654,10.358366,0.460668,0.453112,0,675.145714,scenario_002,medium
2104,654,2.283465,0.432981,0.475804,0,660.623766,scenario_002,short
2105,654,1.63195,0.133251,0.237312,0,660.181602,scenario_002,short
2106,654,28.574614,0.335994,0.589204,0,773.549874,scenario_002,long
2107,655,1.573634,0.146302,0.199994,2,658.015193,scenario_002,short
2108,655,43.11658,0.898821,0.588034,0,876.44092,scenario_002,long
2109,655,1.95213,0.420208,0.722138,2,658.288596,scenario_002,short
2110,655,11.546571,0.601661,0.687837,1,671.743725,scenario_002,medium
2111,655,21.427922,1.0,0.807844,1,723.837014,scenario_002,long
2112,655,2.802901,0.24413,0.285965,0,667.283905,scenario_002,short
2113,655,2.605676,0.193575,0.343483,2,660.248759,scenario_002,short
2114,655,9.696867,1.0,0.858793,0,704.633552,scenario_002,medium
2115,655,1.945638,0.357759,0.38686,0,661.67786,scenario_002,short
2116,655,1.425257,0.416512,0.512773,2,656.606705,scenario_002,short
2117,656,4.329976,0.537233,0.631778,0,674.854856,scenario_002,medium
2118,656,1.700122,0.167706,0.18434,0,660.380076,scenario_002,short
2119,656,2.182588,0.283213,0.435318,1,662.09484,scenario_002,short
2120,656,5.657841,0.506583,0.611083,2,662.65435,scenario_002,medium
2121,656,11.217771,0.464828,0.60629,2,672.994393,scenario_002,medium
2122,656,1.623521,0.444471,0.643301,0,660.582191,scenario_002,short
2123,656,1.775033,0.145443,0.252832,0,665.232373,scenario_002,short
2124,656,9.166639,0.622419,0.708661,0,688.476144,scenario_002,medium
2125,656,6.819091,0.702186,0.519237,2,660.460132,scenario_002,medium
2126,656,8.947516,0.177923,0.604455,0,671.160746,scenario_002,medium
2127,657,6.014622,0.672408,1.0,0,683.302913,scenario_002,medium
2128,657,71.032061,0.410035,0.641515,2,713.496848,scenario_002,long
2129,657,7.023245,0.376766,0.295209,0,695.768217,scenario_002,medium
2130,657,1.762769,0.570751,0.571781,0,660.776901,scenario_002,short
2131,657,2.304624,0.292652,0.235298,1,661.528196,scenario_002,short
2132,657,8.802453,0.643894,0.639703,1,677.212667,scenario_002,medium
2133,657,103.807103,0.433418,0.323154,0,1034.948147,scenario_002,long
2134,657,1.440809,0.410323,0.468842,1,661.22046,scenario_002,short
2135,657,20.843573,0.622392,0.531433,1,677.023533,scenario_002,long
2136,657,2.29269,0.223065,0.500211,1,660.969228,scenario_002,short
2137,657,8.046541,0.365584,0.325415,0,693.131198,scenario_002,medium
2138,657,8.62177,0.54256,0.387054,0,683.244529,scenario_002,medium
2139,657,7.75853,0.833745,0.6663,0,674.136104,scenario_002,medium
2140,657,6.558821,1.0,0.884243,2,665.03607,scenario_002,medium
2141,658,12.324716,0.846044,1.0,0,705.051939,scenario_002,medium
2142,658,1.451071,0.657213,0.536586,0,662.20894,scenario_002,short
2143,658,2.024525,0.105174,0.201743,1,660.367486,scenario_002,short
2144,658,10.44915,0.132562,0.276343,0,690.318054,scenario_002,medium
2145,658,10.695042,1.0,1.0,0,704.271968,scenario_002,medium
2146,658,8.113412,0.603255,0.846473,0,683.255269,scenario_002,medium
2147,658,2.086883,0.216926,0.504344,2,660.975841,scenario_002,short
2148,658,2.275447,0.322714,0.227008,0,661.475539,scenario_002,short
2149,658,35.97779,0.918345,0.842544,0,852.218436,scenario_002,long
2150,658,9.959103,0.572359,0.499922,0,702.289247,scenario_002,medium
2151,658,41.236016,0.807818,0.631097,0,825.836471,scenario_002,long
2152,658,2.50852,0.322091,0.452496,0,668.337669,scenario_002,short
2153,658,13.157668,0.683,0.754669,0,708.762827,scenario_002,medium
2154,658,1.166247,0.210574,0.207922,0,660.392726,scenario_002,short
2155,658,9.816267,0.837066,0.636911,2,666.076767,scenario_002,medium
2156,659,1.83072,0.447834,0.549253,0,668.599123,scenario_002,short
2157,659,8.278133,0.600114,0.665187,0,700.155906,scenario_002,medium
2158,659,11.9297,0.69092,0.498175,0,712.143991,scenario_002,medium
2159,659,6.831872,0.122356,0.449391,0,683.762841,scenario_002,medium
2160,659,9.104515,0.487493,0.262304,0,702.364396,scenario_002,medium
2161,659,15.572272,0.373465,0.501312,1,681.692054,scenario_002,medium
2162,659,1.666099,0.294935,0.55591,0,663.465729,scenario_002,short
2163,659,4.703407,0.410208,0.38925,0,669.660865,scenario_002,medium
2164,659,41.983869,0.49408,0.263077,0,793.159364,scenario_002,long
2165,659,7.33233,0.706979,0.724814,0,688.648034,scenario_002,medium
2166,659,8.169677,1.0,0.867584,1,682.934758,scenario_002,medium
2167,660,1.294118,0.723218,0.831891,1,661.931652,scenario_002,short
2168,660,5.701505,0.689713,0.744614,2,664.701293,scenario_002,medium
2169,660,5.444938,0.468348,0.446958,1,666.227288,scenario_002,medium
2170,660,2.414328,0.385088,0.419607,0,669.478846,scenario_002,short
2171,660,9.483727,0.490249,0.511337,0,693.756532,scenario_002,medium
2172,660,1.697755,0.107526,0.290163,1,665.595401,scenario_002,short
2173,660,8.695978,0.239872,0.176927,1,679.770221,scenario_002,medium
2174,660,1.290161,0.222576,0.406631,0,665.784596,scenario_002,short
2175,660,58.620239,1.0,0.859539,0,826.627199,scenario_002,long
2176,660,7.825954,0.28389,0.348032,0,690.731021,scenario_002,medium
2177,660,8.421119,0.893298,0.63194,1,678.526356,scenario_002,medium
2178,660,6.153347,0.176768,0.164001,0,675.505292,scenario_002,medium
2179,660,92.116248,0.281035,0.379264,0,897.612737,scenario_002,long
2180,660,2.582507,0.172717,0.143039,0,666.276392,scenario_002,short
2181,660,1.666577,0.666071,0.508299,0,666.961893,scenario_002,short
2182,661,2.102036,0.288777,0.814612,2,662.478887,scenario_002,short
2183,661,7.186987,0.524127,0.49466,0,696.730152,scenario_002,medium
2184,661,11.775162,0.549284,0.38405,1,689.819541,scenario_002,medium
2185,661,2.713566,0.697489,0.84981,2,665.498407,scenario_002,short
2186,661,13.797947,0.658402,0.479769,2,678.50737,scenario_002,medium
2187,661,23.312948,0.387292,0.260975,1,699.906824,scenario_002,long
2188,661,8.757213,0.597072,0.928055,1,683.202906,scenario_002,medium
2189,661,2.466694,0.381395,0.46331,0,664.841697,scenario_002,short
2190,661,12.419208,0.456558,0.466676,0,698.989818,scenario_002,medium
2191,661,1.351526,0.178395,0.212685,0,665.348764,scenario_002,short
2192,661,10.376106,0.521071,0.373249,0,708.441769,scenario_002,medium
2193,661,7.622693,0.760306,0.825149,0,694.668719,scenario_002,medium
2194,661,7.502561,0.440182,0.5268,1,680.663678,scenario_002,medium
2195,661,5.04837,0.459896,0.536243,0,675.096792,scenario_002,medium
2196,661,2.211095,0.295398,0.750778,1,667.290893,scenario_002,short
2197,661,17.099517,0.490703,0.415032,0,737.326038,scenario_002,long
2198,661,0.963377,0.70759,0.768363,0,666.197853,scenario_002,short
2199,662,1.631088,0.27923,0.338941,2,664.847778,scenario_002,short
2200,662,1.918767,0.36108,0.579599,0,666.235565,scenario_002,short
2201,662,1.261279,0.268823,0.47422,2,663.36156,scenario_002,short
2202,662,10.628457,0.671945,0.637931,1,682.771193,scenario_002,medium
2203,662,0.949148,0.595676,1.0,0,666.974543,scenario_002,short
2204,662,1.597617,0.135543,0.163511,0,666.681269,scenario_002,short
2205,662,24.819,0.812403,0.689459,2,679.329709,scenario_002,long
2206,662,17.986628,0.289332,0.497979,0,701.631679,scenario_002,medium
2207,662,57.524304,0.702945,0.715693,2,770.740822,scenario_002,long
2208,663,2.084366,0.371837,0.43051,2,667.279463,scenario_002,short
2209,663,6.214147,0.654294,0.655181,0,683.26985,scenario_002,medium
2210,663,9.098327,0.625133,1.0,0,691.616966,scenario_002,medium
2211,663,11.02763,0.486711,0.497401,1,689.972743,scenario_002,medium
2212,663,1.22804,0.266987,0.421302,0,667.254574,scenario_002,short
2213,663,9.314828,0.308222,0.162191,2,675.313666,scenario_002,medium
2214,663,2.953995,0.358327,0.553462,0,670.380925,scenario_002,short
2215,663,2.732655,0.183028,0.651508,1,671.877128,scenario_002,short
2216,663,1.016748,0.166084,0.294406,2,664.643575,scenario_002,short
2217,663,0.936072,0.226286,0.341378,2,664.183799,scenario_002,short
2218,663,10.398197,0.207631,0.350971,0,715.372364,scenario_002,medium
2219,663,11.79512,0.201886,0.089441,0,723.463998,scenario_002,medium
2220,663,1.767037,0.27716,0.345435,0,671.941989,scenario_002,short
2221,663,192.249318,0.736614,0.607856,0,1323.478333,scenario_002,long
2222,663,2.037372,0.102723,0.218444,0,666.858491,scenario_002,short
2223,663,13.237795,0.433092,0.649713,0,709.549896,scenario_002,medium
2224,663,1.544859,0.656926,0.945396,1,666.596479,scenario_002,short
2225,663,1.882395,0.479282,0.704819,2,665.950798,scenario_002,short
2226,663,6.500523,0.579838,0.46344,0,678.925331,scenario_002,medium
2227,663,1.365456,0.594803,0.630402,0,668.549166,scenario_002,short
2228,663,13.427131,0.43249,0.646822,1,676.411222,scenario_002,medium
2229,663,1.755044,0.25478,0.617119,1,664.9249,scenario_002,short
2230,663,8.479293,0.671121,0.451353,0,676.630128,scenario_002,medium
2231,663,8.266242,0.654891,0.582781,0,709.288461,scenario_002,medium
2232,663,1.930263,0.194763,0.404685,1,668.509173,scenario_002,short
2233,663,6.381938,0.855497,0.774646,0,681.811145,scenario_002,medium
2234,663,6.950404,0.490088,0.916005,0,688.651956,scenario_002,medium
2235,663,14.32476,0.250346,0.319752,2,676.013971,scenario_002,medium
2236,663,9.79419,0.190083,0.510237,0,690.874323,scenario_002,medium
2237,663,13.566662,0.401151,0.98891,1,685.975614,scenario_002,medium
2238,663,165.451408,1.0,0.668374,0,1015.398576,scenario_002,long
2239,663,7.189856,0.499204,0.49038,1,682.946006,scenario_002,medium
2240,663,1.501797,0.3397,0.572999,0,666.261512,scenario_002,short
2241,663,7.559691,0.386374,0.569866,0,695.986106,scenario_002,medium
2242,663,10.992892,0.522224,0.721668,1,691.315216,scenario_002,medium
2243,663,2.234723,0.155742,0.521892,0,671.826536,scenario_002,short
2244,663,15.350645,0.912352,0.914676,1,707.483221,scenario_002,long
2245,663,2.11709,0.568186,0.717759,0,671.436775,scenario_002,short
2246,663,2.349827,0.377578,0.471763,0,675.060936,scenario_002,short
2247,663,0.95448,0.056583,0.164245,1,665.279687,scenario_002,short
2248,664,1.799752,0.239504,0.671447,0,673.069197,scenario_002,short
2249,664,1.582253,0.265423,0.472142,0,667.360252,scenario_002,short
2250,664,13.885812,0.677919,0.715395,0,740.941138,scenario_002,medium
2251,664,1.802284,0.773805,0.868557,2,668.020824,scenario_002,short
2252,664,1.687418,0.322464,0.699984,1,669.30297,scenario_002,short
2253,664,1.716602,0.338474,0.728898,2,666.932863,scenario_002,short
2254,664,101.751394,0.935012,0.650979,1,897.811727,scenario_002,long
2255,664,2.072103,0.325553,0.387263,0,673.795763,scenario_002,short
2256,664,8.122531,0.552442,0.554182,2,679.740145,scenario_002,medium
2257,665,1.45195,0.556988,0.708066,1,667.2763,scenario_002,short
2258,665,12.21109,0.697794,0.873695,0,712.76356,scenario_002,medium
2259,665,2.049441,0.232917,0.633183,0,671.48131,scenario_002,short
2260,665,8.112212,0.257924,0.087006,1,678.654119,scenario_002,medium
2261,665,7.52636,0.598209,0.64406,2,676.214188,scenario_002,medium
2262,665,5.511033,0.955729,0.886419,2,673.259785,scenario_002,long
2263,665,5.523953,0.246611,0.391955,0,688.457148,scenario_002,medium
2264,665,1.143893,0.407801,0.312012,2,666.0,scenario_002,short
2265,665,9.733059,1.0,0.955244,0,688.00702,scenario_002,medium
2266,665,1.683868,0.077455,0.08082,0,671.073794,scenario_002,short
2267,665,48.136346,0.741069,0.981234,0,928.876457,scenario_002,long
2268,665,11.479746,0.438368,0.666922,2,673.806071,scenario_002,medium
2269,665,21.494496,0.41417,0.723969,2,694.163691,scenario_002,long
2270,665,1.39449,0.230588,0.318425,0,671.642218,scenario_002,short
2271,665,1.592942,0.55327,0.691869,0,669.349703,scenario_002,short
2272,665,7.17341,0.888173,1.0,0,693.366447,scenario_002,medium
2273,665,8.866491,0.465201,0.748459,1,690.571274,scenario_002,medium
2274,666,8.118991,0.379752,0.294578,0,706.379428,scenario_002,medium
2275,666,1.903311,0.350785,0.250245,1,669.81845,scenario_002,short
2276,666,81.776327,0.549525,0.450732,2,826.063972,scenario_002,long
2277,666,1.417566,0.383535,0.441308,1,667.435899,scenario_002,short
2278,666,10.079968,0.146128,0.30662,0,721.921368,scenario_002,medium
2279,666,29.573982,0.692138,1.0,0,758.100996,scenario_002,long
2280,666,1.784601,0.406555,0.410457,0,673.263355,scenario_002,short
2281,666,9.977331,0.629963,0.688177,1,679.289948,scenario_002,medium
2282,666,18.408166,0.691676,0.714105,0,768.952782,scenario_002,long
2283,666,18.25506,0.569505,0.731637,2,706.694863,scenario_002,long
2284,666,69.102629,0.407872,0.43843,0,794.020226,scenario_002,long
2285,666,89.173964,0.946174,0.997308,0,1112.923019,scenario_002,long
2286,666,1.795123,0.265958,0.29981,0,668.754135,scenario_002,short
2287,666,1.500815,0.090446,0.631838,0,669.984265,scenario_002,short
2288,666,14.377335,0.506211,0.660148,2,686.369587,scenario_002,medium
2289,666,11.760388,0.207075,0.230739,0,720.154455,scenario_002,medium
2290,666,2.560305,0.148691,0.05,2,670.505643,scenario_002,short
2291,666,1.291387,0.319053,0.355984,0,672.878058,scenario_002,short
2292,666,1.261439,0.795824,0.627795,0,669.729474,scenario_002,short
2293,666,32.266649,0.753212,0.537335,0,766.155732,scenario_002,long
2294,667,1.303638,0.407569,0.562879,0,671.305267,scenario_002,short
2295,667,1.567228,0.40961,0.32107,0,674.78895,scenario_002,short
2296,667,8.114927,0.637947,0.559775,0,712.380298,scenario_002,medium
2297,667,2.764922,0.739601,0.851752,0,680.446585,scenario_002,short
2298,667,1.217037,0.309333,0.223212,2,669.038794,scenario_002,short
2299,667,11.734462,0.187692,0.376078,0,694.347072,scenario_002,medium
2300,667,16.409794,0.654437,0.590889,2,685.183947,scenario_002,medium
2301,667,1.343087,0.159599,0.377587,0,671.450906,scenario_002,short
2302,667,2.923131,0.249482,0.528859,1,671.721356,scenario_002,short
2303,667,2.468215,0.770375,0.814545,0,672.034974,scenario_002,short
2304,667,48.687173,0.576263,0.413392,0,805.768402,scenario_002,long
2305,667,1.665775,0.064647,0.627263,2,670.401172,scenario_002,short
2306,667,6.625481,0.601776,0.44328,0,689.150847,scenario_002,medium
2307,667,1.065092,0.312321,0.131625,0,668.870505,scenario_002,short
2308,667,2.584088,0.327287,0.46236,0,676.068894,scenario_002,short
2309,667,1.654006,0.362511,0.235948,0,669.649327,scenario_002,short
2310,667,1.937112,0.213265,0.177672,0,677.432796,scenario_002,short
2311,667,8.984752,0.70063,0.705598,0,712.84295,scenario_002,medium
2312,668,1.419456,0.272015,0.348541,1,669.650937,scenario_002,short
2313,668,8.90576,0.593369,0.432898,2,683.077004,scenario_002,medium
2314,668,2.16875,0.379836,0.27332,0,673.071711,scenario_002,short
2315,668,8.232401,0.547104,0.752894,1,692.810012,scenario_002,medium
2316,668,41.994155,0.556131,0.54721,1,720.806243,scenario_002,long
2317,668,9.44847,0.874689,1.0,1,683.517888,scenario_002,medium
2318,668,3.04439,0.530358,0.478667,0,680.011528,scenario_002,short
2319,668,1.257596,0.460381,0.55944,0,670.163421,scenario_002,short
2320,668,2.093712,0.342804,0.507109,0,675.32265,scenario_002,short
2321,668,2.023485,0.429526,0.60927,0,671.674802,scenario_002,short
2322,668,1.409115,0.134397,0.327826,2,669.165225,scenario_002,short
2323,668,1.466591,0.200314,0.192722,1,669.965341,scenario_002,short
2324,668,1.973625,0.381024,0.645468,0,675.09426,scenario_002,short
2325,668,1.805295,0.431989,0.681299,1,670.88137,scenario_002,short
2326,668,44.371598,0.483858,0.308872,0,912.636639,scenario_002,long
2327,668,1.283217,0.181098,0.069208,0,672.663365,scenario_002,short
2328,668,7.881197,0.18177,0.213446,0,689.364836,scenario_002,medium
2329,668,2.043088,0.25318,0.557969,2,670.272274,scenario_002,short
2330,668,1.21832,0.862982,0.941025,0,672.578241,scenario_002,short
2331,668,1.238881,0.073876,0.447232,0,670.77925,scenario_002,short
2332,669,11.217641,0.719862,0.706722,1,701.223349,scenario_002,medium
2333,669,1.403849,0.225212,0.373763,0,676.502934,scenario_002,short
2334,669,7.325761,0.132283,0.05,0,690.23808,scenario_002,medium
2335,669,7.981083,0.154132,0.18969,1,689.78599,scenario_002,medium
2336,669,9.65616,0.610293,0.911586,1,700.67828,scenario_002,medium
2337,669,1.209805,0.180238,0.209762,0,674.304477,scenario_002,short
2338,669,7.932946,0.781621,0.807288,2,684.921505,scenario_002,medium
2339,669,35.086393,0.658911,0.562503,0,815.878878,scenario_002,long
2340,669,8.266386,0.252873,0.474542,1,693.785351,scenario_002,medium
2341,669,1.461478,0.409458,0.501795,0,674.396218,scenario_002,short
2342,669,1.553412,0.163084,0.3993,1,670.751427,scenario_002,short
2343,669,13.91104,0.664031,0.384078,2,688.187818,scenario_002,medium
2344,669,20.645017,0.823228,0.710089,0,751.671525,scenario_002,long
2345,669,1.332817,0.724813,0.931266,0,675.767956,scenario_002,short
2346,669,75.765526,1.0,0.859058,2,721.780467,scenario_002,long
2347,669,13.261801,0.489752,0.621344,0,739.665755,scenario_002,medium
2348,669,1.995015,0.346808,0.233221,0,677.466563,scenario_002,short
2349,669,1.553517,0.059602,0.204493,2,671.336918,scenario_002,short
2350,669,53.660192,0.323017,0.393793,0,946.644856,scenario_002,long
2351,670,5.95593,0.466999,0.543292,2,682.612302,scenario_002,medium
2352,670,1.576719,0.164864,0.623457,0,673.139966,scenario_002,short
2353,670,1.854561,0.10876,0.63859,0,678.158724,scenario_002,short
2354,670,12.926725,0.171029,0.472705,0,692.512794,scenario_002,medium
2355,670,1.071132,0.136791,0.636985,1,671.583221,scenario_002,short
2356,670,22.322887,0.834435,1.0,0,712.739931,scenario_002,long
2357,670,6.763827,0.423093,0.589263,0,704.727694,scenario_002,medium
2358,670,10.268231,0.19859,0.082957,0,704.378526,scenario_002,medium
2359,670,6.031283,0.583428,0.528418,0,689.46362,scenario_002,medium
2360,670,11.5369,0.582455,1.0,0,714.242592,scenario_002,medium
2361,670,69.200393,0.899868,0.643031,1,843.620577,scenario_002,long
2362,670,1.660693,0.275354,0.152422,0,672.852054,scenario_002,short
2363,670,10.108683,0.384741,0.294974,0,714.14775,scenario_002,medium
2364,670,1.95207,0.226835,0.247062,0,674.205301,scenario_002,short
2365,670,2.60386,0.143834,0.162497,2,675.330306,scenario_002,short
2366,670,9.289696,0.633822,0.542268,0,721.405538,scenario_002,medium
2367,670,2.382336,0.080442,0.173075,1,673.137313,scenario_002,short
2368,670,8.722487,0.614436,0.597698,0,718.564146,scenario_002,medium
2369,670,1.204536,0.242733,0.508059,1,672.71388,scenario_002,short
2370,670,5.937644,0.45297,0.539007,0,685.359628,scenario_002,medium
2371,670,18.728827,0.975428,0.930735,2,707.274424,scenario_002,long
2372,671,4.010646,0.852042,1.0,0,684.774544,scenario_002,medium
2373,671,3.701522,0.566389,0.501592,0,686.61973,scenario_002,medium
2374,671,12.002783,0.408881,0.521726,0,721.582075,scenario_002,medium
2375,671,74.708248,0.537736,0.406771,0,965.257355,scenario_002,long
2376,671,2.062215,0.23653,0.26903,0,680.080934,scenario_002,short
2377,671,0.879245,0.432363,0.258376,0,672.37194,scenario_002,short
2378,671,1.762292,0.377621,0.349338,0,680.226047,scenario_002,short
2379,671,5.724756,0.648982,0.576609,1,686.722257,scenario_002,long
2380,671,9.41247,0.23155,0.338269,0,691.849099,scenario_002,medium
2381,671,1.73943,0.329333,0.756894,0,679.870267,scenario_002,short
2382,671,1.036538,0.106504,0.347641,0,675.615867,scenario_002,short
2383,671,7.478238,0.469434,0.452365,0,711.181659,scenario_002,medium
2384,671,11.631546,0.59033,0.646061,0,734.227662,scenario_002,medium
2385,671,6.874732,0.615307,0.821275,0,699.095428,scenario_002,medium
2386,671,29.090663,0.480019,0.31335,1,747.77835,scenario_002,long
2387,671,25.830067,0.261585,0.231358,0,794.750022,scenario_002,long
2388,671,9.613038,0.385382,0.518026,0,718.485442,scenario_002,medium
2389,671,1.269677,0.358674,0.442954,0,673.279102,scenario_002,short
2390,671,1.891657,0.097868,0.395304,1,675.666794,scenario_002,short
2391,672,1.338311,0.086662,0.231241,2,673.781716,scenario_002,short
2392,672,1.739186,0.43032,0.4122,0,677.318603,scenario_002,short
2393,672,12.943985,0.169442,0.423274,0,720.019503,scenario_002,medium
2394,672,1.501599,0.552379,0.684622,1,675.616447,scenario_002,short
2395,672,49.04994,0.997181,0.844355,1,822.108541,scenario_002,long
2396,672,8.753993,0.284502,0.768724,0,711.788967,scenario_002,medium
2397,672,1.546924,0.189041,0.45129,0,680.678172,scenario_002,short
2398,672,8.054208,1.0,0.68634,0,695.612522,scenario_002,medium
2399,672,8.363352,0.686409,0.438363,0,695.461831,scenario_002,medium
2400,672,5.359037,0.68535,0.726628,0,688.395662,scenario_002,medium
2401,672,7.104498,0.975207,1.0,0,691.227608,scenario_002,medium
2402,672,30.46918,0.799109,0.972091,1,766.785181,scenario_002,long
2403,672,10.858381,0.327941,0.776922,0,688.541981,scenario_002,medium
2404,672,1.948628,0.34991,0.518054,0,680.213746,scenario_002,short
2405,672,19.317782,0.143528,0.101825,1,721.933891,scenario_002,medium
2406,672,9.066121,0.307771,0.463123,0,721.343873,scenario_002,medium
2407,673,1.925868,0.253807,0.50327,0,681.567984,scenario_002,short
2408,673,1.046935,0.745782,0.669643,0,675.537228,scenario_002,short
2409,673,2.346546,0.349291,0.85391,2,675.2206,scenario_002,short
2410,673,1.779476,0.257103,0.389956,0,678.53468,scenario_002,short
2411,673,16.820729,0.124846,0.403632,2,686.782608,scenario_002,medium
2412,673,117.35191,1.0,0.855058,0,1291.526928,scenario_002,long
2413,673,7.179302,0.70873,0.693686,2,688.81232,scenario_002,medium
2414,674,14.285136,0.981062,0.79537,0,721.524239,scenario_002,medium
2415,674,2.13599,0.662043,0.943203,2,676.767801,scenario_002,short
2416,674,29.963675,0.482588,0.330673,1,719.737994,scenario_002,long
2417,674,10.106618,0.597768,0.54852,0,713.53878,scenario_002,medium
2418,674,1.462545,0.07177,0.382243,0,679.389727,scenario_002,short
2419,674,11.734466,0.521341,0.315542,2,695.255403,scenario_002,medium
2420,674,2.142883,0.18499,0.1142,2,675.414096,scenario_002,short
2421,675,1.64936,0.434007,0.727536,0,679.036657,scenario_002,short
2422,675,2.006199,0.20365,0.322104,1,678.409217,scenario_002,short
2423,675,3.969162,0.401631,0.450926,0,692.541841,scenario_002,medium
2424,675,2.18274,0.308958,0.790426,0,685.746683,scenario_002,short
2425,675,2.754482,0.133843,0.23725,0,680.650033,scenario_002,short
2426,676,14.123367,0.567431,0.439428,0,735.976829,scenario_002,medium
2427,676,33.592529,0.87887,0.848301,0,798.261269,scenario_002,long
2428,676,9.923877,0.491913,0.833122,0,731.259125,scenario_002,medium
2429,676,12.680362,0.583371,0.786426,0,746.283834,scenario_002,medium
2430,676,8.865522,0.497562,0.453837,0,709.017328,scenario_002,medium
2431,676,2.334267,0.434991,0.43985,1,679.770789,scenario_002,short
2432,676,9.767446,0.557291,0.995731,0,717.025815,scenario_002,medium
2433,676,16.385791,0.765602,0.681848,2,685.95844,scenario_002,long
2434,676,8.728073,0.447669,0.461892,0,691.256191,scenario_002,medium
2435,676,2.263917,0.836836,0.562737,0,684.0824,scenario_002,short
2436,677,6.133788,0.793987,1.0,0,696.71553,scenario_002,medium
2437,677,43.632808,0.483804,0.376259,0,847.621238,scenario_002,long
2438,677,10.330337,0.265785,0.430079,0,726.725404,scenario_002,medium
2439,677,1.346304,0.345161,0.660847,2,679.039522,scenario_002,short
2440,677,11.634384,0.353658,0.524192,0,703.683182,scenario_002,medium
2441,677,1.646387,0.838201,0.796972,0,681.387421,scenario_002,short
2442,678,1.344033,0.163652,0.391473,1,680.16323,scenario_002,short
2443,678,208.126271,0.411198,0.47754,0,1037.525689,scenario_002,long
2444,678,1.823999,0.559751,0.578622,0,687.660448,scenario_002,short
2445,678,2.329962,0.195924,0.432301,1,683.627708,scenario_002,short
2446,679,12.08227,0.314405,0.641704,0,710.017074,scenario_002,medium
2447,679,1.981613,0.1255,0.171872,2,682.13448,scenario_002,short
2448,679,7.688291,0.911232,0.853072,0,718.107664,scenario_002,medium
2449,679,7.681817,0.904388,0.782454,1,692.63153,scenario_002,medium
2450,679,1.737892,0.337174,0.467194,1,681.049948,scenario_002,short
2451,680,1.911581,0.379623,0.601232,0,687.356063,scenario_002,short
2452,680,1.457146,0.755115,0.686073,1,682.998375,scenario_002,short
2453,680,18.306706,0.831651,1.0,1,719.56597,scenario_002,medium
2454,680,15.554589,0.652161,0.536555,0,710.244464,scenario_002,medium
2455,680,22.706526,0.895673,1.0,0,716.67777,scenario_002,long
2456,680,65.879391,0.841391,0.894039,0,1017.257197,scenario_002,long
2457,680,12.41291,0.69805,1.0,2,691.61381,scenario_002,medium
2458,680,9.423089,0.532135,0.691019,0,707.520574,scenario_002,medium
2459,681,2.288671,0.38397,0.437197,0,692.616905,scenario_002,short
2460,681,10.431555,0.261457,0.364358,2,689.968356,scenario_002,medium
2461,681,12.30625,0.351181,0.491562,2,701.060927,scenario_002,medium
2462,681,12.829403,0.693661,0.687163,0,744.524148,scenario_002,medium
2463,681,5.185096,0.698344,0.534456,0,696.909963,scenario_002,medium
2464,682,1.44717,0.35615,0.413947,1,684.454672,scenario_002,short
2465,682,2.30425,0.246817,0.522152,0,690.267258,scenario_002,short
2466,682,5.728785,0.903931,1.0,1,697.931812,scenario_002,medium
2467,682,8.500892,0.463963,0.606798,0,704.560075,scenario_002,medium
2468,682,1.784403,0.698576,0.651542,0,687.180043,scenario_002,short
2469,682,7.74313,0.879923,0.622356,2,696.936144,scenario_002,long
2470,682,9.836323,0.230268,0.358438,1,704.891808,scenario_002,medium
2471,682,8.381977,0.506645,0.55463,0,696.092971,scenario_002,medium
2472,682,42.430745,0.758928,0.656753,0,792.668521,scenario_002,long
2473,682,2.114362,0.117834,0.337974,2,685.162267,scenario_002,short
2474,682,8.327053,0.802445,0.705335,0,702.307944,scenario_002,medium
2475,682,2.219997,0.224114,0.226153,0,689.784029,scenario_002,short
2476,682,2.293381,0.437404,0.514059,0,692.801009,scenario_002,short
2477,682,39.56417,0.972682,1.0,0,790.56877,scenario_002,long
2478,683,3.102175,0.063854,0.348055,1,692.785151,scenario_002,short
2479,683,10.014656,0.954795,0.947104,0,725.476408,scenario_002,medium
2480,683,2.070035,0.714176,0.451016,2,686.563152,scenario_002,short
2481,683,6.215284,0.545249,0.61257,0,704.328303,scenario_002,medium
2482,683,2.046456,0.595953,1.0,0,693.332136,scenario_002,short
2483,683,8.010375,0.479145,0.359917,0,724.513744,scenario_002,medium
2484,683,11.835656,0.695212,0.688115,0,743.360749,scenario_002,medium
2485,683,1.057942,0.166452,0.313956,0,688.342504,scenario_002,short
2486,683,20.505997,1.0,0.789231,0,740.555845,scenario_002,long
2487,684,1.631723,0.701014,0.870887,1,687.12788,scenario_002,short
2488,684,1.621906,0.351875,0.72002,0,689.551756,scenario_002,short
2489,684,1.639984,0.379546,0.387104,0,688.492108,scenario_002,short
2490,684,18.173535,0.567075,0.762023,0,781.504419,scenario_002,medium
2491,684,2.128847,0.335034,0.389994,0,690.027827,scenario_002,short
2492,684,1.84707,0.136124,0.314101,1,688.225509,scenario_002,short
2493,685,6.083953,0.549125,0.499949,1,704.017695,scenario_002,long
2494,685,28.456213,0.548601,0.620608,0,766.509705,scenario_002,long
2495,685,1.325674,0.10507,0.747768,0,691.089086,scenario_002,short
2496,685,1.616409,0.131476,0.272295,1,690.147592,scenario_002,short
2497,685,2.016396,0.289455,0.275536,2,686.757525,scenario_002,short
2498,686,1.792885,0.727288,0.591937,0,691.085634,scenario_002,short
2499,686,3.025529,0.806281,0.870954,0,702.665829,scenario_002,short
2500,686,5.107079,0.81643,0.71588,0,697.220968,scenario_002,long
2501,686,20.951435,0.923438,0.959415,0,739.158696,scenario_002,long
2502,686,6.844075,0.394455,0.596554,2,699.992232,scenario_002,medium
2503,686,2.131268,0.103127,0.318331,0,690.839362,scenario_002,short
2504,686,4.753299,0.693975,0.632445,0,694.60156,scenario_002,medium
2505,686,2.128725,0.071743,0.351598,2,688.012815,scenario_002,short
2506,686,13.292178,1.0,0.834388,0,728.69785,scenario_002,medium
2507,687,28.013001,0.752139,0.894537,0,734.026755,scenario_002,long
2508,687,8.464713,0.277991,0.277829,0,722.013116,scenario_002,medium
2509,687,1.707836,0.266832,0.838446,1,690.068128,scenario_002,short
2510,687,1.660797,0.095527,0.05,0,693.580023,scenario_002,short
2511,687,82.481156,1.0,0.984852,1,888.401358,scenario_002,long
2512,688,3.783003,0.25927,0.521164,0,701.462486,scenario_002,short
2513,688,1.525296,0.719947,0.541076,0,695.145705,scenario_002,short
2514,688,13.030733,1.0,0.6907,0,725.156675,scenario_002,long
2515,688,1.662823,0.194176,0.216386,0,696.012193,scenario_002,short
2516,688,7.233448,0.784657,0.865721,2,697.499154,scenario_002,medium
2517,688,15.963085,0.478914,0.532474,0,734.501954,scenario_002,medium
2518,688,2.232236,0.158379,0.161982,2,689.437923,scenario_002,short
2519,688,1.803382,0.448656,0.681452,0,692.960851,scenario_002,short
2520,688,6.402171,0.362482,0.723541,0,716.502128,scenario_002,medium
2521,688,1.265871,0.262502,0.808786,0,693.103038,scenario_002,short
2522,689,1.666205,0.331955,0.469541,0,692.31885,scenario_002,short
2523,689,32.404546,0.809816,0.604633,0,828.954334,scenario_002,long
2524,689,2.268234,0.427911,0.892172,2,692.712869,scenario_002,short
2525,689,9.184274,0.829185,0.87879,0,708.553239,scenario_002,long
2526,689,1.103805,0.192626,0.442574,0,691.575497,scenario_002,short
2527,689,2.251032,0.145016,0.549294,2,690.549905,scenario_002,short
2528,689,2.001241,0.527989,0.455409,2,690.331646,scenario_002,short
2529,689,1.845428,0.191191,0.49567,0,699.210322,scenario_002,short
2530,689,1.290238,0.084471,0.149234,1,691.247913,scenario_002,short
2531,689,1.366964,0.809993,1.0,2,690.281328,scenario_002,short
2532,689,7.549306,0.808847,0.654618,0,726.494742,scenario_002,medium
2533,690,1.414193,0.425358,0.401442,1,692.462246,scenario_002,short
2534,690,31.475144,0.254323,0.679957,1,755.80196,scenario_002,long
2535,690,1.694007,0.192783,0.211864,2,691.565988,scenario_002,short
2536,690,1.481904,0.47802,0.456024,2,692.665196,scenario_002,short
2537,690,1.487841,0.444992,0.431921,1,694.081939,scenario_002,short
2538,690,8.496959,0.488348,0.616893,0,709.869325,scenario_002,medium
2539,691,1.668065,0.176018,0.464233,0,695.776684,scenario_002,short
2540,691,2.406167,0.425219,0.465801,2,696.054969,scenario_002,short
2541,691,1.43223,0.197126,0.284204,0,693.837097,scenario_002,short
2542,691,1.981228,0.407198,0.511076,1,693.195605,scenario_002,short
2543,691,8.590994,0.628945,0.511581,1,716.282039,scenario_002,medium
2544,691,45.786707,0.51321,0.716157,0,829.177252,scenario_002,long
2545,692,1.896424,0.116676,0.445636,0,700.681999,scenario_002,short
2546,692,11.596068,0.868594,0.789886,2,700.104577,scenario_002,medium
2547,692,6.542442,0.488394,0.45793,2,700.629766,scenario_002,medium
2548,692,1.92093,0.390379,0.476251,0,697.612262,scenario_002,short
2549,692,1.454748,0.422756,0.472027,0,696.959371,scenario_002,short
2550,692,1.683561,0.06248,0.05,0,697.048278,scenario_002,short
2551,692,1.350307,0.280217,0.48931,1,696.371007,scenario_002,short
2552,692,8.455762,0.671584,0.568806,2,707.347882,scenario_002,medium
2553,692,0.830847,0.496483,0.412409,1,693.450636,scenario_002,short
2554,692,8.371885,0.77522,0.761698,0,729.614398,scenario_002,medium
2555,692,1.257394,0.132207,0.45875,0,695.442142,scenario_002,short
2556,692,5.748053,0.431551,0.533856,0,702.216026,scenario_002,medium
2557,692,1.537176,0.288137,0.699177,0,697.933004,scenario_002,short
2558,693,11.437529,0.288584,0.235826,0,753.160167,scenario_002,medium
2559,693,12.024033,0.3516,0.361019,0,715.593959,scenario_002,medium
2560,694,1.65384,0.452272,0.334929,0,698.009453,scenario_002,short
2561,694,7.895659,0.445029,0.451819,2,704.628806,scenario_002,medium
2562,694,1.214161,0.323394,0.222994,0,700.535779,scenario_002,short
2563,694,6.570568,0.697582,0.598022,1,715.104223,scenario_002,medium
2564,695,1.535212,0.673026,0.691896,0,699.551894,scenario_002,short
2565,695,10.67052,0.699986,0.894047,1,719.462109,scenario_002,medium
2566,695,12.57243,0.766688,0.576582,0,724.360959,scenario_002,long
2567,695,4.750631,0.551289,0.780741,0,721.40609,scenario_002,medium
2568,695,1.350463,0.36737,0.770768,0,697.88749,scenario_002,short
2569,695,1.302339,0.385127,0.388084,0,701.1947,scenario_002,short
2570,696,8.489878,0.31972,0.821236,1,716.172715,scenario_002,medium
2571,696,2.589458,0.107113,0.175187,0,700.4955,scenario_002,short
2572,696,8.048998,1.0,0.873027,0,726.16148,scenario_002,medium
2573,696,2.734215,0.286638,0.324862,0,708.113132,scenario_002,short
2574,696,6.678842,0.779411,0.543924,2,704.607084,scenario_002,medium
2575,696,25.151958,0.273104,0.635126,0,826.143714,scenario_002,long
2576,696,7.598099,0.625168,0.616746,1,707.907856,scenario_002,medium
2577,696,8.042046,0.694447,0.714798,0,728.148836,scenario_002,medium
2578,697,5.534174,1.0,1.0,2,700.663452,scenario_002,medium
2579,697,1.91499,0.224643,0.433867,1,700.179546,scenario_002,short
2580,697,1.504339,0.718019,1.0,0,704.498864,scenario_002,short
2581,697,15.967328,0.597518,0.797523,0,776.783236,scenario_002,medium
2582,697,8.170911,0.463408,0.431788,0,728.462308,scenario_002,medium
2583,697,1.757578,0.423651,0.446692,2,699.140197,scenario_002,short
2584,697,8.1592,0.389438,0.752578,0,719.240633,scenario_002,medium
2585,697,1.609084,0.093885,0.382016,0,704.439507,scenario_002,short
2586,697,21.377275,0.309621,0.501927,0,766.037628,scenario_002,long
2587,698,2.305886,0.337053,0.29548,0,706.107386,scenario_002,short
2588,699,1.971258,0.14288,0.470401,0,709.612071,scenario_002,short
2589,699,8.004664,0.914887,0.940759,0,728.822556,scenario_002,medium
2590,699,7.512782,0.502828,0.76125,0,738.177158,scenario_002,medium
2591,699,6.87919,0.396925,0.666365,0,737.035945,scenario_002,medium
2592,699,1.900029,0.146589,0.172052,2,701.027359,scenario_002,short
2593,699,12.092925,0.501492,0.633741,2,707.89649,scenario_002,medium
2594,699,1.133072,0.408876,0.866291,2,700.067951,scenario_002,short
2595,700,1.410684,0.599682,0.626963,0,704.842473,scenario_002,short
2596,700,1.800515,0.414483,0.394441,0,704.538721,scenario_002,short
2597,700,12.453037,0.56645,0.428224,2,712.334622,scenario_002,medium
2598,700,30.692418,0.63704,0.619117,0,850.54718,scenario_002,long
2599,700,9.091106,0.876301,0.685201,0,741.039878,scenario_002,medium
2600,700,2.126217,0.341899,0.51567,0,703.621907,scenario_002,short
2601,701,1.719253,0.113189,0.271009,0,706.721594,scenario_002,short
2602,701,1.57959,0.420219,0.598708,1,704.803582,scenario_002,short
2603,701,55.816146,0.95286,1.0,2,778.088097,scenario_002,long
2604,701,8.233423,0.253878,0.289772,0,720.347478,scenario_002,medium
2605,701,9.947349,0.60102,0.762726,1,725.224449,scenario_002,medium
2606,701,10.272053,0.136907,0.324014,0,729.715131,scenario_002,medium
2607,702,12.91484,0.940286,1.0,2,720.181657,scenario_002,medium
2608,702,2.041391,0.289512,0.593084,0,713.150728,scenario_002,short
2609,702,2.022393,0.268518,0.34968,0,705.967429,scenario_002,short
2610,702,2.565463,0.185024,0.409475,1,710.189435,scenario_002,short
2611,702,11.94333,0.605925,0.815658,0,739.805214,scenario_002,long
2612,702,66.487995,0.989002,0.860865,0,978.450106,scenario_002,long
2613,702,1.602063,0.322024,0.354803,0,707.323886,scenario_002,short
2614,703,14.952487,0.483086,0.611662,0,781.974006,scenario_002,long
2615,703,22.340002,0.660223,0.637481,2,750.773296,scenario_002,medium
2616,703,1.403468,0.419747,0.5673,0,708.474025,scenario_002,short
2617,703,7.505651,0.212195,0.239682,1,724.904177,scenario_002,medium
2618,703,1.494557,0.441399,0.396002,1,707.193803,scenario_002,short
2619,703,2.82367,0.062487,0.148066,1,706.876112,scenario_002,short
2620,703,11.812592,0.897109,0.636719,1,733.017194,scenario_002,medium
2621,704,2.124239,0.343803,0.441472,0,708.085055,scenario_002,short
2622,705,5.921453,0.132923,0.614422,0,735.521118,scenario_002,medium
2623,705,1.875928,0.336521,0.430899,2,706.862192,scenario_002,short
2624,705,7.625003,0.627243,0.669586,0,737.581526,scenario_002,medium
2625,705,1.432524,0.398748,0.542187,1,706.862056,scenario_002,short
2626,706,13.482413,0.19047,0.304447,0,741.989993,scenario_002,medium
2627,706,28.987056,0.308292,0.507303,1,763.693391,scenario_002,long
2628,706,2.228762,0.43092,0.484543,0,712.073371,scenario_002,short
2629,706,1.666155,0.789521,0.739333,1,710.27746,scenario_002,short
2630,706,26.105367,0.430291,0.582847,0,778.418193,scenario_002,long
2631,707,1.860306,0.728132,1.0,0,713.663915,scenario_002,short
2632,707,6.306591,0.532393,0.949288,0,732.650452,scenario_002,medium
2633,707,11.340606,0.612544,0.926358,0,732.227874,scenario_002,long
2634,707,1.886267,0.335118,0.410426,0,716.808614,scenario_002,short
2635,708,10.381677,0.621466,0.637157,0,738.837202,scenario_002,medium
2636,708,12.635375,0.227589,0.72571,0,755.101679,scenario_002,medium
2637,708,14.825286,0.917056,1.0,1,735.007287,scenario_002,medium
2638,708,6.757562,0.565766,0.477766,1,726.663108,scenario_002,medium
2639,708,59.513807,0.324851,0.426017,1,773.058492,scenario_002,long
2640,708,9.068768,0.192858,0.447868,0,756.264837,scenario_002,medium
2641,709,1.433051,0.190995,0.334733,2,711.766327,scenario_002,short
2642,709,4.897471,0.622863,0.491394,0,727.2427,scenario_002,medium
2643,709,1.351358,0.37912,0.442911,0,715.199657,scenario_002,short
2644,709,2.155625,0.826906,0.849232,2,710.930839,scenario_002,short
2645,709,2.146263,0.155162,0.443298,0,717.151755,scenario_002,short
2646,709,2.008475,0.382603,0.547136,1,712.92113,scenario_002,short
2647,709,7.540539,0.199585,0.230395,0,748.921562,scenario_002,medium
2648,709,1.704449,0.106242,0.364124,1,712.068044,scenario_002,short
2649,709,2.069256,0.276085,0.261896,0,718.054091,scenario_002,short
2650,710,5.793571,0.97829,0.781175,0,728.964318,scenario_002,long
2651,710,2.522125,0.42985,0.497401,2,712.779503,scenario_002,short
2652,710,1.295163,0.068497,0.112834,0,714.150332,scenario_002,short
2653,710,12.274683,0.417053,0.414629,0,744.640933,scenario_002,medium
2654,710,1.613402,0.263564,0.509645,1,714.948563,scenario_002,short
2655,710,1.653957,0.100355,0.163324,0,715.253223,scenario_002,short
2656,710,1.526305,0.430078,0.6259,0,718.003157,scenario_002,short
2657,710,45.209587,0.519998,0.942708,0,786.851922,scenario_002,long
2658,711,8.100376,0.732706,0.732725,0,745.33516,scenario_002,medium
2659,711,7.741569,0.137889,0.307364,0,725.239316,scenario_002,medium
2660,711,19.85208,0.496973,0.674148,0,781.365915,scenario_002,medium
2661,711,8.960034,0.149194,0.350823,0,738.417446,scenario_002,medium
2662,711,2.425496,0.406728,0.412165,0,718.223788,scenario_002,short
2663,711,1.274822,0.097265,0.302566,0,716.11433,scenario_002,short
2664,711,8.846001,0.651727,0.662086,0,737.541121,scenario_002,medium
2665,711,1.220363,0.217386,0.532821,0,715.821806,scenario_002,short
2666,712,53.577573,0.610942,0.654745,0,909.374407,scenario_002,long
2667,712,13.765543,0.756201,0.574383,0,768.698149,scenario_002,long
2668,712,11.951675,0.72136,0.713957,0,754.914488,scenario_002,medium
2669,712,1.552014,0.239228,0.225821,2,715.056198,scenario_002,short
2670,712,8.941278,0.560498,0.769312,0,741.000404,scenario_002,medium
2671,712,2.385126,0.345575,0.445569,2,717.009429,scenario_002,short
2672,712,24.124781,0.676585,0.850974,0,777.772746,scenario_002,long
2673,713,2.532924,0.520626,0.650728,0,719.628567,scenario_002,short
2674,713,12.322919,0.308868,0.708938,2,734.822821,scenario_002,medium
2675,713,1.69071,0.420333,0.696388,0,719.484686,scenario_002,short
2676,713,1.65325,0.680856,0.629918,0,716.149724,scenario_002,short
2677,713,7.722713,0.254349,0.74773,2,723.909334,scenario_002,medium
2678,713,1.389726,0.084011,0.095085,2,715.756766,scenario_002,short
2679,713,1.371013,0.151816,0.610586,1,715.502929,scenario_002,short
2680,713,1.090774,0.41372,0.434218,1,714.602657,scenario_002,short
2681,714,2.198861,0.329779,0.642511,0,719.99947,scenario_002,short
2682,714,45.287122,0.758523,0.802338,0,866.509148,scenario_002,long
2683,714,1.577252,0.492808,0.725159,2,716.059412,scenario_002,short
2684,714,1.512641,0.770221,0.842112,1,718.50236,scenario_002,short
2685,714,10.93196,0.606037,0.677214,1,738.784124,scenario_002,medium
2686,714,4.473153,0.69197,0.518309,0,737.068034,scenario_002,medium
2687,714,2.084791,0.535198,0.45253,2,716.492884,scenario_002,short
2688,715,5.848562,0.441449,0.591166,0,747.845871,scenario_002,medium
2689,715,3.899051,0.645287,0.555638,0,722.79492,scenario_002,medium
2690,715,11.853988,0.229725,0.313857,0,733.158002,scenario_002,medium
2691,715,12.197477,0.622892,0.896779,0,737.667029,scenario_002,medium
2692,715,1.52937,0.346728,0.572165,0,718.523101,scenario_002,short
2693,715,20.60011,0.2372,0.924374,0,811.546445,scenario_002,medium
2694,715,1.608434,0.106045,0.404267,1,717.315611,scenario_002,short
2695,715,6.005032,0.886435,1.0,0,729.791395,scenario_002,medium
2696,716,1.643264,0.262715,0.335106,0,725.244882,scenario_002,short
2697,717,6.251818,0.686469,0.629049,2,726.66235,scenario_002,medium
2698,717,6.611466,0.804877,0.932569,2,729.56399,scenario_002,medium
2699,717,5.746778,0.953146,0.811485,0,747.968823,scenario_002,long
2700,717,8.84899,0.489251,0.995734,0,749.956617,scenario_002,medium
2701,717,1.127634,0.422802,0.638457,0,723.35478,scenario_002,short
2702,717,2.195958,0.24621,0.329171,2,721.007219,scenario_002,short
2703,717,9.526557,0.257282,0.225726,0,763.254466,scenario_002,medium
2704,717,1.565868,0.351041,0.724425,0,723.951642,scenario_002,short
2705,718,1.434076,0.137425,0.45156,0,724.096327,scenario_002,short
2706,718,10.269179,0.464028,0.286092,2,729.392092,scenario_002,medium
2707,718,34.902713,1.0,0.874631,0,801.573978,scenario_002,long
2708,718,26.374046,0.903418,0.706555,2,762.729214,scenario_002,long
2709,718,9.366086,0.70556,0.685272,2,726.548698,scenario_002,medium
2710,718,11.925043,0.919843,0.939375,0,778.400987,scenario_002,medium
2711,719,1.881925,0.314483,0.65797,0,723.134877,scenario_002,short
2712,719,14.239302,0.63503,0.978627,2,740.402534,scenario_002,medium
2713,719,1.335368,0.22708,0.251563,1,721.520402,scenario_002,short
2714,720,1.489733,0.571515,0.734319,0,727.19231,scenario_002,short
2715,720,2.691514,0.148815,0.472002,2,725.244723,scenario_002,short
2716,720,7.743715,0.672695,0.592181,0,732.245771,scenario_002,medium
2717,721,2.213459,0.272905,0.233404,1,724.368244,scenario_002,short
2718,721,1.33742,0.073447,0.475093,0,727.103522,scenario_002,short
2719,721,19.215064,0.300298,0.208985,0,759.81273,scenario_002,long
2720,721,5.090669,0.380482,0.435255,0,741.048441,scenario_002,medium
2721,721,14.398193,0.689995,0.602057,2,736.397277,scenario_002,medium
2722,721,8.929507,0.323281,0.350101,0,759.543397,scenario_002,medium
2723,721,0.922001,0.347145,0.786875,0,725.570442,scenario_002,short
2724,721,1.304852,0.122219,0.22697,2,723.692281,scenario_002,short
2725,721,1.51746,0.285574,0.543788,0,723.303339,scenario_002,short
2726,721,1.531842,0.430885,0.357836,0,723.511612,scenario_002,short
2727,722,6.535972,0.417821,0.745486,1,736.893153,scenario_002,medium
2728,722,15.535883,0.239312,0.383254,0,805.398435,scenario_002,medium
2729,722,51.064492,0.945876,0.687728,1,847.500885,scenario_002,long
2730,722,2.687016,0.224683,0.49461,0,734.247342,scenario_002,short
2731,722,13.940882,0.655255,0.59239,0,775.712424,scenario_002,medium
2732,722,13.551822,0.59263,0.801145,0,785.693627,scenario_002,medium
2733,722,9.245185,0.351506,0.51532,0,766.207143,scenario_002,medium
2734,722,1.44189,0.343543,0.642364,2,724.379898,scenario_002,short
2735,724,2.017175,0.096425,0.506865,0,727.927312,scenario_002,short
2736,724,4.552762,0.725921,1.0,0,741.432517,scenario_002,long
2737,724,17.357197,0.186226,0.186775,1,773.718565,scenario_002,medium
2738,724,2.047156,0.537393,0.431089,0,727.402698,scenario_002,short
2739,724,1.569179,0.417893,0.368742,1,725.880084,scenario_002,short
2740,725,2.551422,0.297865,0.311163,0,734.191317,scenario_002,short
2741,725,1.310214,0.346384,0.540594,1,726.275763,scenario_002,short
2742,725,1.319709,0.167381,0.322133,0,728.275113,scenario_002,short
2743,725,11.654806,0.244881,0.308031,0,750.663976,scenario_002,medium
2744,725,1.116758,0.309445,0.605843,0,728.877079,scenario_002,short
2745,725,1.742432,0.399263,0.4367,0,731.967006,scenario_002,short
2746,725,76.481123,1.0,1.0,1,817.553728,scenario_002,long
2747,725,9.467675,0.696622,0.792898,1,739.786185,scenario_002,medium
2748,725,25.424544,0.526245,1.0,0,823.361688,scenario_002,long
2749,726,2.274441,0.533305,0.649637,1,733.399566,scenario_002,short
2750,726,30.938462,0.333363,0.243954,0,804.568948,scenario_002,long
2751,726,1.696502,0.170077,0.676311,0,734.160999,scenario_002,short
2752,726,1.520097,0.064226,0.155773,0,733.119768,scenario_002,short
2753,726,1.831608,0.364239,0.332535,0,729.093005,scenario_002,short
2754,726,1.41115,0.356061,0.539545,0,733.920657,scenario_002,short
2755,726,13.02359,0.722104,0.74719,0,754.030348,scenario_002,medium
2756,726,1.935515,0.13779,0.254502,0,734.852176,scenario_002,short
2757,727,1.355503,0.51467,0.460036,0,730.900097,scenario_002,short
2758,727,1.686793,0.436262,0.481097,2,729.040006,scenario_002,short
2759,728,6.166921,0.529797,0.482711,0,761.205528,scenario_002,medium
2760,728,1.849092,0.115186,0.237837,2,731.75817,scenario_002,short
2761,728,8.431327,0.813073,0.552549,0,765.371667,scenario_002,medium
2762,728,14.274484,0.891501,0.731749,0,806.310263,scenario_002,medium
2763,728,1.83277,0.18568,0.180325,1,733.439639,scenario_002,short
2764,728,0.86039,0.111442,0.173239,1,729.440056,scenario_002,short
2765,728,15.599558,0.538744,0.348821,1,761.487114,scenario_002,medium
2766,729,8.23359,0.810504,0.991878,0,758.337944,scenario_002,long
2767,729,26.881264,0.690814,0.842968,0,864.076039,scenario_002,long
2768,729,1.578641,0.180944,0.763799,1,731.850695,scenario_002,short
2769,729,6.529727,0.996407,1.0,0,758.917388,scenario_002,medium
2770,729,1.761473,0.425929,0.305859,1,733.178088,scenario_002,short
2771,730,7.531036,0.816723,0.810964,0,752.648735,scenario_002,medium
2772,730,1.837076,0.702549,0.595138,0,736.522572,scenario_002,short
2773,730,1.463078,0.319279,0.551578,0,736.302372,scenario_002,short
2774,730,1.649661,0.298294,0.562087,1,734.395563,scenario_002,short
2775,730,58.036068,1.0,1.0,0,964.932712,scenario_002,long
2776,730,29.967663,0.354732,0.625806,2,766.615887,scenario_002,long
2777,730,8.533764,0.645371,0.47525,2,740.634505,scenario_002,medium
2778,730,1.335301,0.257139,0.227661,0,732.422423,scenario_002,short
2779,730,5.951732,0.580103,0.525793,0,761.477817,scenario_002,medium
2780,731,1.354728,0.625054,0.665262,0,736.748948,scenario_002,short
2781,731,7.885786,0.490889,0.619849,0,761.348896,scenario_002,medium
2782,731,9.241128,0.984295,0.714843,0,766.232714,scenario_002,medium
2783,731,1.875802,0.138877,0.478026,0,733.974691,scenario_002,short
2784,731,1.860651,0.398834,0.401123,0,735.346245,scenario_002,short
2785,732,11.515826,0.780907,0.930974,0,770.864691,scenario_002,medium
2786,732,1.750993,0.554108,0.332229,0,735.301908,scenario_002,short
2787,732,92.802416,0.508151,0.41334,0,1224.274693,scenario_002,long
2788,732,2.130943,0.236339,0.219222,0,736.708658,scenario_002,short
2789,733,2.151018,0.309041,0.292332,0,736.671009,scenario_002,short
2790,733,1.42213,0.210685,0.360179,0,737.761365,scenario_002,short
2791,733,6.221265,0.438163,0.567776,0,747.140759,scenario_002,medium
2792,733,1.467496,0.679983,0.686734,2,736.231929,scenario_002,short
2793,733,6.46685,0.686742,0.702077,0,747.243498,scenario_002,medium
2794,733,1.591517,0.132306,0.066176,1,736.214061,scenario_002,short
2795,733,6.606935,0.631278,0.596485,1,750.310861,scenario_002,medium
2796,734,5.751012,0.44418,0.53848,0,754.250004,scenario_002,medium
2797,734,12.842824,0.663176,0.652669,2,746.758714,scenario_002,medium
2798,734,8.651087,0.743062,0.902006,0,781.883074,scenario_002,medium
2799,734,31.582009,0.613915,0.483643,1,811.372011,scenario_002,long
2800,734,9.471163,0.253243,0.185908,0,749.091293,scenario_002,medium
2801,734,47.429619,1.0,0.743567,1,873.409239,scenario_002,long
2802,734,1.870426,0.118062,0.561563,0,744.067362,scenario_002,short
2803,734,1.798971,0.814326,0.87273,1,739.445099,scenario_002,short
2804,734,2.036474,0.435785,0.48572,0,738.019561,scenario_002,short
2805,734,5.957012,0.535411,0.485742,0,754.473697,scenario_002,medium
2806,734,1.948505,0.311302,0.179568,0,740.733785,scenario_002,short
2807,734,10.685677,0.231912,0.371337,0,784.273985,scenario_002,medium
2808,735,1.115567,0.234749,0.395179,2,736.442056,scenario_002,short
2809,735,2.883185,0.206431,0.380154,0,747.188354,scenario_002,short
2810,735,9.102649,0.348563,0.328956,0,775.567689,scenario_002,medium
2811,735,135.566334,0.864945,0.584576,0,1185.787063,scenario_002,long
2812,736,2.100269,0.329524,0.335422,1,741.208519,scenario_002,short
2813,737,2.49403,0.199417,0.063269,0,749.940422,scenario_002,short
2814,737,11.654588,0.232844,0.211344,0,767.284861,scenario_002,medium
2815,737,1.370844,0.22006,0.429385,0,742.575068,scenario_002,short
2816,737,1.296552,0.2848,0.755205,1,741.160264,scenario_002,short
2817,737,1.593976,0.816747,0.591161,0,743.080643,scenario_002,short
2818,737,15.494622,0.304325,0.400885,1,764.478274,scenario_002,medium
2819,737,1.112812,0.69459,0.592853,2,739.451491,scenario_002,short
2820,738,10.776803,0.558956,0.700322,0,778.470384,scenario_002,medium
2821,738,5.008503,0.550816,0.798269,0,765.744077,scenario_002,medium
2822,738,12.622726,0.305839,0.357114,1,760.239296,scenario_002,medium
2823,738,2.264625,0.419492,0.570436,0,746.105674,scenario_002,short
2824,738,1.241905,0.11708,0.423962,0,742.057087,scenario_002,short
2825,738,10.46433,0.381272,0.337298,0,787.939771,scenario_002,medium
2826,738,1.623687,0.161731,0.64546,0,744.510892,scenario_002,short
2827,738,5.674345,0.143881,0.490826,1,747.552249,scenario_002,medium
2828,738,2.255722,0.32334,0.312861,1,744.218532,scenario_002,short
2829,739,11.102937,0.241295,0.45021,2,749.975407,scenario_002,medium
2830,739,74.707663,1.0,0.690681,2,791.317912,scenario_002,long
2831,739,7.544549,0.177578,0.235936,1,749.610375,scenario_002,medium
2832,739,1.469255,0.267434,0.40596,0,744.952541,scenario_002,short
2833,739,8.669656,0.423547,0.724688,1,753.550148,scenario_002,medium
2834,739,58.698302,0.60422,0.759216,2,839.96101,scenario_002,long
2835,739,8.008974,0.295363,0.440427,0,769.88026,scenario_002,medium
2836,739,1.736987,0.601694,0.454427,2,741.375357,scenario_002,short
2837,740,6.248238,0.198507,0.297381,0,754.136411,scenario_002,medium
2838,740,39.600836,0.382331,0.688295,0,897.784982,scenario_002,long
2839,740,82.045026,0.307669,0.246439,0,993.480439,scenario_002,long
2840,741,15.690981,0.670116,0.719881,1,761.47296,scenario_002,medium
2841,741,13.139299,0.566135,0.944222,2,758.645285,scenario_002,medium
2842,741,8.731915,0.668008,0.680194,1,766.916586,scenario_002,medium
2843,741,6.558089,0.142098,0.657127,1,754.707022,scenario_002,medium
2844,741,11.008416,0.627128,0.800334,1,753.512817,scenario_002,medium
2845,741,23.627083,0.974126,0.900816,0,867.731128,scenario_002,long
2846,742,1.461941,0.300168,0.712829,0,747.199253,scenario_002,short
2847,742,1.855998,0.106879,0.54373,0,744.939873,scenario_002,short
2848,742,2.262108,0.522636,0.772841,1,749.228851,scenario_002,short
2849,742,8.546076,0.129849,0.442411,2,748.271449,scenario_002,medium
2850,742,2.240923,0.804767,0.79807,1,747.016207,scenario_002,short
2851,742,1.689862,0.210079,0.412668,1,747.395882,scenario_002,short
2852,743,1.423478,0.156107,0.091146,0,747.151921,scenario_002,short
2853,743,37.782615,0.851218,1.0,2,785.785731,scenario_002,long
2854,743,4.80192,0.68898,0.747614,0,770.111856,scenario_002,medium
2855,743,11.655077,0.716454,0.753762,1,767.737115,scenario_002,long
2856,744,1.462206,0.63582,0.654541,0,752.0617,scenario_002,short
2857,744,10.660229,0.600451,0.374082,0,763.050287,scenario_002,medium
2858,744,11.931982,0.161913,0.143279,2,769.64899,scenario_002,medium
2859,744,3.837183,0.637466,0.76055,1,756.50818,scenario_002,medium
2860,744,2.158995,0.403256,0.723818,0,752.302927,scenario_002,short
2861,745,9.314434,0.296348,0.214577,0,794.761923,scenario_002,medium
2862,745,9.588078,0.240598,0.263949,0,760.342691,scenario_002,medium
2863,745,8.458048,0.5232,0.500958,2,751.570388,scenario_002,medium
2864,745,1.70065,0.196955,0.52344,0,751.772991,scenario_002,short
2865,745,60.568062,0.851171,0.843373,0,972.872701,scenario_002,long
2866,746,141.237793,0.811215,0.873291,0,1130.773663,scenario_002,long
2867,746,1.303938,0.224321,0.483798,0,748.381,scenario_002,short
2868,746,1.664146,0.501696,0.444135,0,753.934895,scenario_002,short
2869,746,11.36393,0.660533,0.566471,0,809.663994,scenario_002,medium
2870,746,101.083363,0.890167,0.820211,0,1296.262465,scenario_002,long
2871,746,2.073302,0.212536,0.481675,0,753.541794,scenario_002,short
2872,746,0.89248,0.700246,0.644372,0,749.836043,scenario_002,short
2873,747,2.144719,0.069855,0.195514,0,752.020361,scenario_002,short
2874,747,1.694776,0.650766,0.702415,2,749.251394,scenario_002,short
2875,747,8.051901,0.71413,0.8633,2,758.138713,scenario_002,medium
2876,747,1.784312,0.19476,0.334958,1,752.541482,scenario_002,short
2877,748,21.635875,0.823246,1.0,0,833.376027,scenario_002,long
2878,748,8.204209,0.280886,0.470014,0,786.877568,scenario_002,medium
2879,748,6.715262,0.315128,0.251134,0,762.999298,scenario_002,medium
2880,748,6.437907,0.603682,0.553145,1,767.163934,scenario_002,medium
2881,748,11.559224,0.823913,1.0,0,789.134791,scenario_002,medium
2882,748,1.311863,0.087631,0.267798,0,751.326865,scenario_002,short
2883,749,37.086049,0.752255,0.863322,0,892.359263,scenario_002,long
2884,749,1.746879,0.387851,0.598253,1,750.54945,scenario_002,short
2885,749,1.560823,0.374359,0.30915,2,752.283347,scenario_002,short
2886,749,1.708738,0.437797,0.520687,0,753.545787,scenario_002,short
2887,749,16.944728,0.385488,0.536397,0,793.261465,scenario_002,medium
2888,749,5.445155,0.491928,0.517312,0,778.856371,scenario_002,medium
2889,749,6.380774,0.131667,0.370185,0,760.875451,scenario_002,medium
2890,749,10.421418,0.144667,0.295806,2,756.200398,scenario_002,medium
2891,749,10.275183,0.74917,0.641873,0,779.956383,scenario_002,medium
2892,749,1.583692,0.163092,0.29106,2,750.208271,scenario_002,short
2893,749,1.828486,0.296202,0.464795,0,752.830349,scenario_002,short
2894,749,12.121695,0.63752,0.52452,0,797.275332,scenario_002,medium
2895,750,12.318755,0.608312,0.770836,0,819.122177,scenario_002,medium
2896,750,2.044174,0.341474,0.331426,0,760.681428,scenario_002,short
2897,750,2.471482,0.105574,0.549379,0,760.607834,scenario_002,short
2898,750,40.831973,0.424276,0.571924,0,849.340853,scenario_002,long
2899,750,7.545268,0.329087,0.533069,2,760.474453,scenario_002,medium
2900,750,1.219396,0.125148,0.214686,1,753.468788,scenario_002,short
2901,750,0.922944,0.0626,0.444745,0,752.052973,scenario_002,short
2902,750,1.657088,0.329418,0.520805,0,758.490455,scenario_002,short
2903,750,9.741483,0.443735,0.587442,0,776.608818,scenario_002,medium
2904,750,14.228548,0.55491,0.463736,0,799.804021,scenario_002,medium
2905,751,1.748872,0.314625,0.545515,0,759.722271,scenario_002,short
2906,751,5.272994,0.325103,0.343667,2,754.543925,scenario_002,medium
2907,751,14.167525,0.163797,0.176508,1,778.141449,scenario_002,medium
2908,751,8.801398,0.271825,0.297122,0,768.274265,scenario_002,medium
2909,751,1.597396,0.290135,0.697825,0,755.346433,scenario_002,short
2910,751,15.439155,0.746185,0.808108,0,816.677979,scenario_002,medium
2911,751,9.029243,0.642056,0.386396,2,758.926831,scenario_002,medium
2912,752,100.288587,0.458608,0.723959,0,1242.336795,scenario_002,long
2913,752,3.510314,0.321952,0.63121,1,762.991517,scenario_002,short
2914,752,1.963406,0.13739,0.444791,1,756.595694,scenario_002,short
2915,752,2.30231,0.469381,0.38983,0,762.366153,scenario_002,short
2916,753,5.679044,0.69387,1.0,2,762.081336,scenario_002,medium
2917,753,6.687721,0.519916,0.918736,2,758.671754,scenario_002,medium
2918,753,8.249749,0.179926,0.430559,0,786.27558,scenario_002,medium
2919,753,10.891986,0.285393,0.177651,1,778.378149,scenario_002,medium
2920,753,70.699525,0.960487,0.599839,0,1078.968782,scenario_002,long
2921,753,12.497059,0.690797,0.83048,0,818.558983,scenario_002,medium
2922,753,1.855063,0.36976,0.509975,0,758.195724,scenario_002,short
2923,753,2.080769,0.309023,0.55572,2,754.268039,scenario_002,short
2924,754,1.632826,0.0943,0.392888,0,761.080513,scenario_002,short
2925,754,2.202164,0.17043,0.269538,0,760.696262,scenario_002,short
2926,754,150.407477,0.584651,0.765687,1,1103.841516,scenario_002,long
2927,754,1.832562,0.669835,0.838559,0,757.970981,scenario_002,short
2928,754,1.692871,0.396855,0.304432,0,761.723192,scenario_002,short
2929,755,0.898526,0.373292,0.4336,1,757.053482,scenario_002,short
2930,755,1.873672,0.083839,0.463609,0,763.680492,scenario_002,short
2931,755,2.045612,0.204212,0.375996,2,757.571969,scenario_002,short
2932,755,1.324562,0.120433,0.085474,0,758.398482,scenario_002,short
2933,755,92.180694,0.28952,0.834456,0,1188.225821,scenario_002,long
2934,755,17.745526,0.362574,0.327777,2,769.545273,scenario_002,medium
2935,755,19.992837,0.979235,0.6516,0,789.413595,scenario_002,long
2936,755,8.525741,0.333702,0.306621,0,775.062923,scenario_002,medium
2937,755,101.206136,1.0,0.903874,1,1007.10987,scenario_002,long
2938,755,1.356053,0.096661,0.378148,0,758.769898,scenario_002,short
2939,756,11.04292,0.203289,0.511912,0,803.047855,scenario_002,medium
2940,756,1.90116,0.306336,0.675583,1,760.629655,scenario_002,short
2941,756,1.959872,0.26376,0.269681,0,760.693101,scenario_002,short
2942,756,31.264661,0.257624,0.427016,0,896.706174,scenario_002,long
2943,756,2.822402,0.192963,0.550827,0,766.54027,scenario_002,short
2944,757,5.994437,0.551944,0.612555,0,786.291003,scenario_002,medium
2945,758,2.291149,0.731857,0.758966,0,765.539212,scenario_002,short
2946,758,13.559502,0.251271,0.492126,0,778.596814,scenario_002,medium
2947,758,14.968793,0.185043,0.363545,1,784.339586,scenario_002,medium
2948,758,1.183034,0.372239,0.817392,2,760.280167,scenario_002,short
2949,758,129.624424,0.710541,0.709844,0,1449.602427,scenario_002,long
2950,758,1.419804,0.428652,0.371901,0,760.500269,scenario_002,short
2951,758,30.696908,0.753833,0.671281,2,783.051756,scenario_002,long
2952,758,14.945133,0.900524,0.618528,1,791.268447,scenario_002,long
2953,758,2.256844,0.416715,0.611548,2,762.235051,scenario_002,short
2954,759,15.713223,1.0,1.0,0,830.103501,scenario_002,medium
2955,759,1.642162,0.148666,0.405026,0,766.657814,scenario_002,short
2956,759,1.804962,0.43081,0.585218,2,761.571432,scenario_002,short
2957,759,44.278002,0.709849,0.543215,0,952.605044,scenario_002,long
2958,759,19.05182,0.651193,0.620898,2,779.477039,scenario_002,medium
2959,760,1.721966,0.350904,0.413595,2,761.811159,scenario_002,short
2960,760,36.410704,0.958586,0.779137,2,826.56956,scenario_002,long
2961,760,6.418343,0.354503,0.540829,1,772.540731,scenario_002,medium
2962,760,5.432671,0.785256,0.55788,0,776.215556,scenario_002,medium
2963,760,10.7958,0.649784,0.551241,0,776.532778,scenario_002,medium
2964,760,65.827822,0.71484,0.642501,0,1099.32488,scenario_002,long
2965,761,1.975248,0.165204,0.333996,2,765.363773,scenario_002,short
2966,761,1.546503,0.851231,1.0,0,765.008354,scenario_002,short
2967,762,21.99804,0.87932,0.616209,0,868.239561,scenario_002,long
2968,762,11.265923,0.182474,0.170166,0,817.217031,scenario_002,medium
2969,762,1.615189,0.474564,0.560886,0,769.773146,scenario_002,short
2970,762,9.365839,0.581835,0.715723,2,781.353619,scenario_002,medium
2971,762,1.459449,0.052272,0.063907,0,765.950843,scenario_002,short
2972,762,13.864392,0.701916,0.899964,0,790.313575,scenario_002,medium
2973,763,1.588581,0.050433,0.26443,0,768.83445,scenario_002,short
2974,763,2.053737,0.167488,0.595743,0,771.183207,scenario_002,short
2975,763,13.483025,0.824112,0.818775,2,772.398538,scenario_002,long
2976,763,2.848674,0.085308,0.155775,0,767.551528,scenario_002,short
2977,763,1.408108,0.110128,0.648281,0,770.569407,scenario_002,short
2978,763,8.832414,0.632327,0.653065,0,779.568129,scenario_002,medium
2979,763,1.173003,0.127833,0.208336,1,766.089064,scenario_002,short
2980,763,10.783926,0.170841,0.326101,0,790.761159,scenario_002,medium
2981,764,8.686585,0.402434,0.75292,0,795.405719,scenario_002,medium
2982,764,1.649811,0.394129,0.20108,0,770.647518,scenario_002,short
2983,764,6.608238,0.617858,0.556307,0,801.28013,scenario_002,medium
2984,764,1.643029,0.051828,0.126983,0,768.782408,scenario_002,short
2985,764,5.105494,0.513749,0.634806,0,772.01386,scenario_002,medium
2986,764,1.925415,0.367711,0.538853,1,767.88195,scenario_002,short
2987,764,4.694888,0.532339,0.584672,0,787.17207,scenario_002,short
2988,765,1.887174,0.073185,0.275648,0,769.799795,scenario_002,short
2989,765,23.588651,0.270925,0.56748,0,851.229322,scenario_002,long
2990,765,50.768162,0.709711,0.708579,0,897.268497,scenario_002,long
2991,765,12.880161,0.986313,0.848151,1,783.824739,scenario_002,medium
2992,765,2.109515,0.347828,0.323009,0,768.497333,scenario_002,short
2993,765,2.89727,0.364803,0.383328,1,767.842091,scenario_002,short
2994,766,12.99884,0.248874,0.256472,0,822.202448,scenario_002,medium
2995,766,11.392795,0.230277,0.262042,2,787.526655,scenario_002,medium
2996,766,1.297073,0.20493,0.115001,0,773.057673,scenario_002,short
2997,766,6.098054,0.436769,0.463734,0,784.754146,scenario_002,medium
2998,766,10.356261,0.405305,0.736966,2,786.528643,scenario_002,medium
2999,766,1.470031,0.417297,0.83171,1,769.559353,scenario_002,short
3000,766,1.873128,0.279251,0.35106,2,769.090028,scenario_002,short
3001,767,1.316587,0.562913,0.672444,0,772.632958,scenario_002,short
3002,767,1.354529,0.274388,0.155643,1,769.490316,scenario_002,short
3003,767,2.543808,0.236445,0.809193,2,771.120172,scenario_002,short
3004,767,2.052529,0.499802,0.519073,2,769.661989,scenario_002,short
3005,768,2.291101,0.28372,0.229438,2,771.008965,scenario_002,short
3006,768,1.927728,0.475756,0.456612,0,774.127993,scenario_002,short
3007,768,2.007236,0.170029,0.185487,0,774.518686,scenario_002,short
3008,768,1.30112,0.545399,0.743694,0,774.795207,scenario_002,short
3009,768,2.176826,0.640442,0.482235,1,774.479533,scenario_002,short
3010,769,1.236623,0.307907,0.653068,0,775.157526,scenario_002,short
3011,769,6.325378,0.527789,0.603239,1,775.15262,scenario_002,medium
3012,769,1.610472,0.125964,0.472454,2,772.529846,scenario_002,short
3013,769,10.56202,0.272312,0.490315,1,784.030118,scenario_002,medium
3014,769,25.778884,0.360493,0.367592,2,813.256595,scenario_002,long
3015,769,11.147367,0.136752,0.296442,0,822.785856,scenario_002,medium
3016,770,18.319424,0.449026,0.35066,2,786.880647,scenario_002,medium
3017,770,1.815173,0.434966,0.456731,0,778.819136,scenario_002,short
3018,770,14.081036,0.370306,0.819081,1,809.367226,scenario_002,medium
3019,770,13.000104,0.595016,0.449732,0,829.293419,scenario_002,medium
3020,770,40.335317,0.262432,0.461995,1,809.983864,scenario_002,long
3021,770,67.072864,0.729962,0.562598,0,940.270351,scenario_002,long
3022,770,1.190586,0.629011,0.564675,0,772.166727,scenario_002,short
3023,770,1.274695,0.223276,0.179592,0,776.403444,scenario_002,short
3024,770,17.615285,0.63735,1.0,1,808.97079,scenario_002,long
3025,771,7.671856,0.405369,0.351915,0,804.963444,scenario_002,medium
3026,771,2.126263,0.417087,0.445646,2,773.264503,scenario_002,short
3027,771,10.309855,0.403879,0.344525,0,787.362205,scenario_002,medium
3028,771,41.57712,0.877932,0.78423,0,835.254947,scenario_002,long
3029,772,15.337961,0.672344,0.766512,0,837.394824,scenario_002,medium
3030,772,1.855637,0.419617,0.365776,0,779.054805,scenario_002,short
3031,772,21.294623,0.411797,0.632394,0,877.756104,scenario_002,medium
3032,772,1.19394,0.382214,0.598262,0,776.564141,scenario_002,short
3033,772,8.730594,0.263146,0.782431,0,818.277554,scenario_002,medium
3034,772,10.989453,0.450486,0.622537,2,789.651099,scenario_002,medium
3035,772,2.057442,0.373257,0.446938,0,783.255439,scenario_002,short
3036,773,1.265572,0.25264,0.658725,1,775.924725,scenario_002,short
3037,773,1.919297,0.055996,0.562449,0,777.531388,scenario_002,short
3038,774,34.857218,0.926321,0.97633,0,831.663905,scenario_002,long
3039,774,9.216454,0.352419,0.490688,0,807.563327,scenario_002,medium
3040,775,1.382919,0.400343,0.648898,1,777.613174,scenario_002,short
3041,775,12.55207,0.417294,0.446405,0,819.427987,scenario_002,medium
3042,775,2.135364,0.334525,0.559293,1,778.753137,scenario_002,short
3043,775,1.442791,0.383455,0.393494,0,779.188969,scenario_002,short
3044,775,1.706367,0.579776,0.584181,2,777.35782,scenario_002,short
3045,776,3.037853,0.605768,0.787729,0,788.153417,scenario_002,short
3046,776,67.215882,0.939912,0.801698,0,1111.07145,scenario_002,long
3047,776,1.79544,0.165225,0.18783,0,778.955129,scenario_002,short
3048,776,0.923784,0.651587,0.697241,0,780.916229,scenario_002,short
3049,777,1.81811,0.272756,0.3912,2,780.060664,scenario_002,short
3050,777,2.261528,0.551849,0.396469,0,786.87197,scenario_002,short
3051,777,2.059965,0.370616,0.241861,0,780.209249,scenario_002,short
3052,777,11.773625,1.0,0.824674,0,815.172586,scenario_002,medium
3053,777,10.102722,0.318437,0.34088,0,813.469914,scenario_002,medium
3054,777,1.637351,0.747092,0.732213,0,782.124078,scenario_002,short
3055,777,164.791378,0.889335,0.746139,0,1665.143285,scenario_002,long
3056,778,6.717717,0.424092,0.488274,0,805.460038,scenario_002,medium
3057,778,9.993551,0.819451,1.0,0,799.01216,scenario_002,medium
3058,778,2.291665,0.548166,0.552551,0,784.081531,scenario_002,short
3059,778,1.590898,0.385897,0.424387,1,780.626541,scenario_002,short
3060,778,9.94134,0.596717,0.667267,0,828.048538,scenario_002,medium
3061,778,6.757143,0.658538,0.416634,0,813.347823,scenario_002,medium
3062,778,9.661919,0.416563,0.606927,0,828.328288,scenario_002,medium
3063,778,8.317802,0.590302,0.342192,1,795.058756,scenario_002,medium
3064,778,19.581775,0.865226,0.736094,1,800.074669,scenario_002,long
3065,778,7.949895,0.31387,0.629101,1,802.692676,scenario_002,medium
3066,779,1.408147,0.258357,0.217058,0,781.600783,scenario_002,short
3067,779,119.498708,0.555597,0.670859,2,923.414181,scenario_002,long
3068,779,5.341139,0.661214,0.932898,0,794.331781,scenario_002,medium
3069,779,10.208535,0.541944,0.678409,0,798.766635,scenario_002,medium
3070,779,1.915258,0.783518,0.696657,0,784.468899,scenario_002,short
3071,779,9.191073,0.704588,0.631987,0,826.464432,scenario_002,medium
3072,779,1.39979,0.161139,0.434282,0,783.022631,scenario_002,short
3073,779,7.279584,0.780723,0.894848,0,799.508174,scenario_002,medium
3074,779,1.881918,0.297407,0.299431,2,780.852502,scenario_002,short
3075,779,8.822336,0.497984,0.595046,0,817.817399,scenario_002,medium
3076,779,2.075516,0.186205,0.403043,0,787.977356,scenario_002,short
3077,779,2.15619,0.168184,0.09644,0,782.918652,scenario_002,short
3078,779,4.321861,0.237535,0.276875,0,796.436945,scenario_002,medium
3079,780,1.941289,0.184703,0.483853,0,783.152462,scenario_002,short
3080,780,20.754012,0.358441,0.278683,0,844.785181,scenario_002,medium
3081,780,13.243356,0.258515,0.51959,0,846.814549,scenario_002,medium
3082,780,47.461377,0.558644,0.538071,0,896.698151,scenario_002,long
3083,780,8.049638,0.373151,0.494188,0,819.701558,scenario_002,medium
3084,780,1.52972,0.710595,0.669731,0,784.511468,scenario_002,short
3085,780,9.179321,0.665841,0.695662,1,790.850341,scenario_002,medium
3086,780,2.453172,0.150309,0.110727,2,783.291249,scenario_002,short
3087,780,1.44585,0.16804,0.138947,0,783.181948,scenario_002,short
3088,780,49.835215,0.849749,0.95529,0,1023.519658,scenario_002,long
3089,780,7.171547,0.64332,0.43163,0,812.524504,scenario_002,medium
3090,780,8.865768,0.944194,1.0,2,795.428168,scenario_002,medium
3091,780,0.868928,0.214597,0.365552,0,784.899151,scenario_002,short
3092,780,9.861043,0.327631,0.385599,0,808.138863,scenario_002,medium
3093,780,9.673787,0.210128,0.609,1,800.232056,scenario_002,medium
3094,780,16.693173,0.9562,0.817998,0,828.441546,scenario_002,medium
3095,780,1.542539,0.140616,0.343195,1,782.909264,scenario_002,short
3096,780,15.10993,0.655992,0.759799,0,858.160544,scenario_002,long
3097,781,2.110059,0.431325,0.341968,0,786.672727,scenario_002,short
3098,781,7.921977,0.637838,0.677295,0,814.096097,scenario_002,medium
3099,781,1.481997,0.25166,0.299825,0,785.282968,scenario_002,short
3100,781,1.642481,0.556997,0.58226,1,784.028088,scenario_002,short
3101,781,9.658993,0.561541,0.541792,0,802.305388,scenario_002,medium
3102,781,13.870019,0.499477,0.537308,0,820.714097,scenario_002,medium
3103,781,36.845247,0.318325,0.461829,1,844.567645,scenario_002,long
3104,781,2.196792,0.287809,0.395737,0,792.9793,scenario_002,short
3105,781,9.544525,0.691074,0.580724,0,826.975297,scenario_002,medium
3106,781,1.562412,0.105678,0.221674,1,786.031831,scenario_002,short
3107,781,2.064646,0.245499,0.338816,0,786.101839,scenario_002,short
3108,781,7.866937,0.599083,0.672526,0,819.983468,scenario_002,medium
3109,781,114.814233,0.545481,0.730775,0,1020.429846,scenario_002,long
3110,781,5.813255,0.195579,0.374437,0,797.879262,scenario_002,medium
3111,781,1.237352,0.27945,0.627326,0,783.623219,scenario_002,short
3112,782,6.901543,0.30314,0.368163,2,789.067407,scenario_002,medium
3113,782,2.257526,0.303367,0.569707,0,794.258082,scenario_002,short
3114,782,1.485456,0.735479,0.698024,1,786.877899,scenario_002,short
3115,782,1.518379,0.357182,0.482026,1,784.678705,scenario_002,short
3116,782,5.795425,0.407092,0.475759,0,796.967625,scenario_002,medium
3117,782,1.25241,0.340535,0.727724,0,784.226653,scenario_002,short
3118,782,1.264113,0.225387,0.373719,0,786.409607,scenario_002,short
3119,782,6.822142,0.414307,0.524826,0,802.344101,scenario_002,medium
3120,782,9.613327,0.618579,0.496974,0,815.380995,scenario_002,medium
3121,782,1.532745,0.414816,0.515704,2,784.339441,scenario_002,short
3122,782,1.21909,0.351607,0.426203,0,786.369175,scenario_002,short
3123,782,1.192078,0.083468,0.559032,0,784.686807,scenario_002,short
3124,782,13.794936,0.347676,0.64341,0,828.8919,scenario_002,medium
3125,782,2.064627,0.660919,0.635597,2,784.335629,scenario_002,short
3126,782,95.956936,0.771694,0.635106,0,1306.959476,scenario_002,long
3127,782,8.5453,0.560795,0.557115,0,807.719521,scenario_002,medium
3128,782,1.991481,0.552951,0.695967,0,790.223967,scenario_002,short
3129,782,10.30449,0.550652,0.477261,0,803.820964,scenario_002,medium
3130,782,1.43945,0.435874,0.498436,0,789.823251,scenario_002,short
3131,782,7.734788,0.360138,0.595878,1,796.056294,scenario_002,long
3132,782,1.556188,0.256515,0.194702,2,784.725527,scenario_002,short
3133,783,10.011918,0.710254,0.895289,0,839.523494,scenario_002,medium
3134,783,12.4633,0.358601,0.253811,0,814.530847,scenario_002,medium
3135,783,13.167635,0.473206,0.525905,2,806.201153,scenario_002,long
3136,783,2.563062,0.155454,0.18607,1,787.152703,scenario_002,short
3137,783,9.902405,0.46637,0.308704,2,789.588173,scenario_002,medium
3138,783,1.98518,0.070058,0.05,0,791.773492,scenario_002,short
3139,783,1.660486,0.358893,0.412555,0,787.910279,scenario_002,short
3140,783,1.794883,0.070072,0.202366,0,788.518366,scenario_002,short
3141,783,10.499552,0.287524,0.291935,1,803.290851,scenario_002,medium
3142,783,12.662226,0.843554,1.0,0,847.641454,scenario_002,medium
3143,783,17.921157,0.624533,0.630082,1,819.790747,scenario_002,medium
3144,783,1.928021,0.052735,0.342846,0,793.498552,scenario_002,short
3145,783,1.368679,0.591212,0.639399,0,787.699819,scenario_002,short
3146,783,7.296818,0.326123,0.650848,0,814.99073,scenario_002,medium
3147,783,9.252117,0.42846,0.657483,1,804.617616,scenario_002,medium
3148,783,7.709933,0.687787,0.514524,0,816.284484,scenario_002,medium
3149,783,32.219751,0.768769,0.810826,0,951.498936,scenario_002,long
3150,783,7.108161,0.886416,0.716873,2,788.151462,scenario_002,medium
3151,784,6.844089,0.124872,0.093381,0,800.016446,scenario_002,medium
3152,784,1.853521,0.089439,0.450504,0,791.340086,scenario_002,short
3153,784,1.292295,0.175551,0.198534,0,785.973298,scenario_002,short
3154,784,8.908208,0.367026,0.609086,1,807.224772,scenario_002,medium
3155,784,0.867818,0.290318,0.472631,0,788.775656,scenario_002,short
3156,784,20.175823,0.56204,0.991807,1,803.552368,scenario_002,long
3157,784,1.540046,0.473446,0.689031,2,785.580178,scenario_002,short
3158,784,1.988695,0.384621,0.347865,0,795.144692,scenario_002,short
3159,784,7.965933,0.206411,0.435673,0,822.795397,scenario_002,medium
3160,784,1.168513,0.233139,0.503996,0,789.383359,scenario_002,short
3161,784,9.832337,0.156144,0.230972,2,793.014266,scenario_002,medium
3162,785,1.824735,0.385796,0.496088,1,787.703112,scenario_002,short
3163,785,7.054425,0.63243,0.711401,0,803.108096,scenario_002,medium
3164,785,1.53017,0.831803,0.762025,0,793.000498,scenario_002,short
3165,785,26.585601,0.563762,0.722584,1,867.252869,scenario_002,long
3166,785,14.483689,0.687672,0.494051,2,811.943244,scenario_002,medium
3167,785,1.64139,0.550011,0.675568,1,789.65818,scenario_002,short
3168,785,13.862949,0.791098,1.0,0,840.665957,scenario_002,medium
3169,785,8.889752,0.688129,1.0,0,812.944695,scenario_002,medium
3170,785,3.417987,0.123338,0.312876,1,795.380002,scenario_002,short
3171,785,7.008846,0.61312,0.579894,1,797.26056,scenario_002,medium
3172,785,1.62052,0.402725,0.382106,0,794.036259,scenario_002,short
3173,785,10.605579,0.696548,0.870628,2,805.56,scenario_002,medium
3174,785,11.026325,0.654148,1.0,0,820.929668,scenario_002,medium
3175,786,8.454383,0.370765,0.241893,0,808.835795,scenario_002,medium
3176,786,4.784491,0.316819,0.281623,0,798.092684,scenario_002,medium
3177,786,1.873712,0.721258,0.732542,0,794.20373,scenario_002,short
3178,786,2.0748,0.133701,0.239566,1,790.12203,scenario_002,short
3179,786,20.527185,0.857584,0.71801,1,847.722083,scenario_002,long
3180,786,1.555168,0.35079,0.494503,0,793.051369,scenario_002,short
3181,786,1.635906,0.680758,0.630996,0,790.865624,scenario_002,short
3182,786,1.1837,0.120502,0.423164,0,789.791637,scenario_002,short
3183,786,2.297158,0.095403,0.448315,1,791.529635,scenario_002,short
3184,786,1.21987,0.19317,0.621833,0,790.424349,scenario_002,short
3185,786,14.499873,1.0,0.857781,0,817.451289,scenario_002,medium
3186,786,1.622654,0.311999,0.809399,0,793.537172,scenario_002,short
3187,786,4.837366,0.162293,0.257306,0,798.489606,scenario_002,medium
3188,786,1.335878,0.203733,0.375692,0,789.23243,scenario_002,short
3189,786,5.578234,0.445328,0.511991,0,798.161366,scenario_002,medium
3190,786,2.525771,0.162796,0.598103,0,798.729802,scenario_002,short
3191,787,12.538922,0.45551,0.292654,1,826.076494,scenario_002,medium
3192,787,1.504528,0.226387,0.21126,0,793.233805,scenario_002,short
3193,787,7.816658,0.498132,0.507225,1,810.151011,scenario_002,medium
3194,787,1.765347,0.335549,0.254861,0,790.28337,scenario_002,short
3195,787,2.649913,0.368378,0.581529,0,798.920127,scenario_002,short
3196,787,17.012398,0.911097,0.945402,0,853.345597,scenario_002,medium
3197,787,1.948271,0.234529,0.585398,0,796.146116,scenario_002,short
3198,787,1.472761,0.781822,1.0,0,791.095616,scenario_002,short
3199,787,1.279804,0.321929,0.176384,0,790.781275,scenario_002,short
3200,787,1.563255,0.158208,0.405237,0,791.63921,scenario_002,short
3201,787,14.29127,0.2834,0.429833,0,846.798641,scenario_002,medium
3202,787,2.231997,0.754501,0.632209,1,792.550101,scenario_002,short
3203,787,1.342036,0.077286,0.06445,1,788.639824,scenario_002,short
3204,787,1.228324,0.071297,0.334443,2,789.399093,scenario_002,short
3205,788,1.618052,0.315852,0.323464,0,796.688679,scenario_002,short
3206,788,12.098958,0.42722,0.40518,1,811.245928,scenario_002,medium
3207,788,14.156326,0.444141,0.521288,0,816.47511,scenario_002,medium
3208,788,1.764641,0.293553,0.549128,0,793.08808,scenario_002,short
3209,788,6.844248,0.536511,0.856711,2,794.258903,scenario_002,medium
3210,788,7.418504,1.0,0.744177,2,801.639869,scenario_002,medium
3211,788,1.346451,0.315331,0.15576,0,795.336336,scenario_002,short
3212,788,4.556578,0.486365,0.690745,0,808.111019,scenario_002,medium
3213,788,34.773163,0.509928,0.48329,0,978.628477,scenario_002,long
3214,788,1.563188,0.095882,0.41815,1,790.018214,scenario_002,short
3215,788,0.9128,0.447178,0.452073,0,791.291743,scenario_002,short
3216,788,2.065476,0.151084,0.369507,0,793.686261,scenario_002,short
3217,788,2.655473,0.160222,0.635528,0,802.610648,scenario_002,short
3218,788,8.979128,0.142673,0.284004,1,817.170698,scenario_002,medium
3219,788,1.782355,0.429156,0.483305,0,795.767015,scenario_002,short
3220,788,1.132232,0.585148,0.436064,1,790.361897,scenario_002,short
3221,789,1.24683,0.703387,0.546314,0,793.063816,scenario_002,short
3222,789,1.61577,0.583415,0.790937,2,792.012191,scenario_002,short
3223,789,53.404089,1.0,0.905152,1,840.928092,scenario_002,long
3224,789,2.954571,0.647715,0.980071,1,796.048775,scenario_002,short
3225,789,3.154359,0.298354,0.4866,0,805.443876,scenario_002,short
3226,789,6.300622,0.539926,0.448096,0,820.554322,scenario_002,medium
3227,789,32.753554,0.866862,0.786193,0,909.173392,scenario_002,long
3228,789,9.259844,0.50457,0.506992,2,800.720536,scenario_002,medium
3229,789,1.575712,0.390597,0.350042,0,794.365896,scenario_002,short
3230,789,8.545552,0.635781,0.816077,0,821.962427,scenario_002,medium
3231,789,1.761378,0.077098,0.139757,0,793.900872,scenario_002,short
3232,789,1.151724,0.396698,0.859789,0,793.516598,scenario_002,short
3233,789,79.361033,0.689826,0.641728,0,1169.708935,scenario_002,long
3234,789,8.71215,0.388351,0.66055,0,823.830462,scenario_002,medium
3235,789,1.540275,0.068167,0.517452,0,793.395727,scenario_002,short
3236,789,1.115085,0.072229,0.068522,0,792.59634,scenario_002,short
3237,789,1.876684,0.379053,0.773576,1,793.270897,scenario_002,short
3238,790,2.135311,0.416528,0.468756,0,798.641897,scenario_002,short
3239,790,7.920202,0.689552,0.602323,0,818.280682,scenario_002,medium
3240,790,11.09322,0.345717,0.536002,0,828.525205,scenario_002,medium
3241,790,8.663193,0.545055,0.461083,0,817.222575,scenario_002,long
3242,790,17.571205,0.574926,0.575828,1,812.348829,scenario_002,medium
3243,790,1.327507,0.063644,0.400613,0,793.857163,scenario_002,short
3244,790,2.393439,0.222491,0.251234,0,795.184672,scenario_002,short
3245,790,1.268286,0.356719,0.432185,1,792.461179,scenario_002,short
3246,790,9.02796,0.633183,0.636895,2,796.833566,scenario_002,medium
3247,790,10.510132,0.127813,0.254274,2,806.763485,scenario_002,medium
3248,790,2.400365,0.588663,0.407219,0,802.710897,scenario_002,short
3249,790,1.773508,0.409483,0.82449,0,798.483461,scenario_002,short
3250,790,1.708262,0.156318,0.203024,0,793.662344,scenario_002,short
3251,790,8.28402,0.517943,0.676313,2,807.471364,scenario_002,medium
3252,791,7.692884,0.16861,0.177328,0,805.672197,scenario_002,medium
3253,791,2.802494,0.084489,0.235347,1,796.472317,scenario_002,short
3254,791,11.904101,0.338828,0.756814,0,837.128806,scenario_002,long
3255,791,17.009424,0.932827,0.757662,1,844.759146,scenario_002,long
3256,791,1.186751,0.242074,0.370738,1,792.834364,scenario_002,short
3257,791,1.443556,0.296692,0.852984,0,794.44643,scenario_002,short
3258,791,0.926731,0.110201,0.140543,1,793.356459,scenario_002,short
3259,791,1.850853,0.12679,0.406446,0,795.478539,scenario_002,short
3260,791,10.60523,0.574591,0.43826,2,808.645564,scenario_002,medium
3261,791,17.902918,0.836342,0.700395,2,815.117977,scenario_002,long
3262,791,1.379524,0.847552,0.810794,0,797.747764,scenario_002,short
3263,791,1.353029,0.550074,0.438231,1,795.330943,scenario_002,short
3264,791,49.603531,0.480766,0.808425,0,1045.079333,scenario_002,long
3265,791,53.096838,0.625215,0.597339,0,919.800488,scenario_002,long
3266,791,2.02074,0.169949,0.1902,0,797.325183,scenario_002,short
3267,791,1.764111,0.144097,0.106979,1,792.751689,scenario_002,short
3268,791,6.818198,0.651971,0.536729,0,819.586705,scenario_002,medium
3269,791,1.694192,0.263153,0.65,0,798.137221,scenario_002,short
3270,791,3.04871,0.676122,0.857806,1,797.012917,scenario_002,medium
3271,791,1.982263,0.186322,0.47446,0,800.472756,scenario_002,short
3272,792,1.398737,0.694096,0.782194,0,799.62388,scenario_002,short
3273,792,7.160666,0.680173,0.721083,0,814.457251,scenario_002,medium
3274,792,6.602678,0.501571,0.475791,0,818.288168,scenario_002,medium
3275,792,9.498905,0.66461,0.613218,0,829.872393,scenario_002,medium
3276,792,17.318617,1.0,1.0,0,835.441616,scenario_002,long
3277,792,1.261057,0.388833,0.395445,0,795.512025,scenario_002,short
3278,792,13.775605,0.542684,0.39172,0,853.818439,scenario_002,medium
3279,792,1.119857,0.074506,0.230914,0,797.712938,scenario_002,short
3280,792,12.845523,0.471889,0.588292,0,856.167818,scenario_002,medium
3281,792,1.501462,0.762365,0.717174,0,799.836633,scenario_002,short
3282,792,2.284684,0.188199,0.379088,0,797.909335,scenario_002,short
3283,792,7.52126,0.660231,0.621083,0,821.822706,scenario_002,medium
3284,792,1.545476,0.351363,0.395658,0,800.381925,scenario_002,short
3285,792,1.782919,0.329914,0.281701,2,795.958881,scenario_002,short
3286,792,2.222379,0.143586,0.541216,0,798.987137,scenario_002,short
3287,792,12.296017,0.793981,0.805788,0,856.658609,scenario_002,medium
3288,793,1.821475,0.316357,0.330678,0,801.68117,scenario_002,short
3289,793,1.681308,0.763879,0.67446,0,800.751672,scenario_002,short
3290,793,3.050258,0.382672,0.543453,0,801.706423,scenario_002,short
3291,793,10.833747,0.404404,0.431449,1,804.21615,scenario_002,medium
3292,793,12.058219,0.414185,0.732619,1,827.194991,scenario_002,medium
3293,793,1.77279,0.406129,0.510715,1,797.938208,scenario_002,short
3294,793,92.467739,0.951054,0.994061,1,1067.689146,scenario_002,long
3295,793,7.424584,0.963305,0.953568,0,821.098726,scenario_002,medium
3296,793,1.498441,0.372397,0.3959,2,794.153608,scenario_002,short
3297,793,1.333485,0.376147,0.53122,0,796.28755,scenario_002,short
3298,793,1.774443,0.140411,0.397679,1,798.658557,scenario_002,short
3299,793,16.056948,0.985041,0.774646,0,859.381984,scenario_002,medium
3300,793,49.877587,1.0,0.892108,0,874.209157,scenario_002,long
3301,793,1.799068,0.120672,0.458323,1,795.960679,scenario_002,short
3302,793,2.577224,0.280191,0.628191,1,801.366432,scenario_002,short
3303,793,2.468283,0.249032,0.24757,0,799.313069,scenario_002,short
3304,793,6.229816,0.210196,0.381067,2,797.237911,scenario_002,medium
3305,794,5.788438,0.539675,0.891905,0,818.972502,scenario_002,medium
3306,794,6.824166,0.545079,0.898229,0,825.202622,scenario_002,medium
3307,794,9.262826,0.473618,0.481951,2,802.755877,scenario_002,medium
3308,794,40.864586,0.658342,0.99181,0,1015.71906,scenario_002,long
3309,794,4.381428,0.716374,0.52695,0,812.827167,scenario_002,medium
3310,794,10.962005,0.350854,0.37061,0,850.121813,scenario_002,medium
3311,794,6.339726,0.193662,0.63508,2,805.79051,scenario_002,medium
3312,794,10.383057,0.587171,0.549798,0,813.90716,scenario_002,long
3313,794,1.916422,0.303978,0.417495,1,798.998645,scenario_002,short
3314,794,1.767173,0.334201,0.231706,1,798.515047,scenario_002,short
3315,794,1.627842,0.311295,0.562015,0,802.358474,scenario_002,short
3316,794,1.167118,0.725762,0.635478,2,795.0,scenario_002,short
3317,794,115.043997,0.567517,0.609409,0,1164.230307,scenario_002,long
3318,794,3.993487,0.703926,0.499645,1,804.42922,scenario_002,medium
3319,794,1.531174,0.411322,0.440045,0,797.645305,scenario_002,short
3320,794,9.320713,0.545531,0.657983,0,834.745699,scenario_002,medium
3321,794,1.490306,0.239526,0.611973,0,800.250363,scenario_002,short
3322,794,22.614899,0.324974,0.8055,0,909.638873,scenario_002,medium
3323,794,1.129573,0.25345,0.558314,0,800.208297,scenario_002,short
3324,794,1.183976,0.119113,0.108439,1,796.997216,scenario_002,short
3325,794,2.152284,0.287834,0.214228,0,806.065779,scenario_002,short
3326,794,11.986886,0.701475,0.751856,0,834.211489,scenario_002,long
3327,794,11.456111,0.550608,0.365496,0,829.668849,scenario_002,medium
3328,794,1.720373,0.306016,0.306199,2,796.381426,scenario_002,short
3329,795,1.370995,0.144183,0.102412,0,797.627089,scenario_002,short
3330,795,13.009443,0.441121,0.453314,1,830.115622,scenario_002,medium
3331,795,66.948575,0.923076,0.677402,0,897.461556,scenario_002,long
3332,795,8.834486,0.335086,0.596547,0,829.845035,scenario_002,medium
3333,795,10.878758,0.661318,0.824879,0,840.738966,scenario_002,medium
3334,795,1.604402,0.224678,0.332135,0,803.800181,scenario_002,short
3335,795,22.518818,0.586053,0.778422,0,898.005799,scenario_002,long
3336,795,6.958701,0.313388,0.478371,0,807.568604,scenario_002,medium
3337,795,16.226803,1.0,0.640149,0,876.396727,scenario_002,medium
3338,795,91.643508,0.919256,0.866468,1,923.695689,scenario_002,long
3339,795,1.419106,0.432489,0.371645,0,800.873046,scenario_002,short
3340,795,15.916566,0.714014,0.486938,0,866.368525,scenario_002,medium
3341,795,1.342474,0.143264,0.124368,0,799.602039,scenario_002,short
3342,795,1.71479,0.280005,0.191749,0,801.891352,scenario_002,short
3343,795,2.537694,0.15116,0.376506,1,801.868951,scenario_002,short
3344,795,8.043641,0.386415,0.483165,0,835.431874,scenario_002,medium
3345,795,11.205513,0.418519,0.412836,2,812.884274,scenario_002,medium
3346,795,1.125554,0.323747,0.415322,0,797.707811,scenario_002,short
3347,795,9.955564,0.940452,0.730904,2,805.416399,scenario_002,medium
3348,795,8.50337,0.586324,0.53842,1,809.106534,scenario_002,medium
3349,795,1.784078,0.665878,0.653724,0,804.844075,scenario_002,short
3350,795,1.672946,0.302648,0.402916,0,800.37827,scenario_002,short
3351,795,1.698445,0.558415,0.605307,0,802.617464,scenario_002,short
3352,795,1.036515,0.338227,0.450612,0,799.15057,scenario_002,short
3353,795,1.291749,0.377452,0.558843,0,799.729672,scenario_002,short
3354,795,1.705277,0.328988,0.612982,0,802.685348,scenario_002,short
3355,795,13.578611,0.287318,0.345374,0,855.28918,scenario_002,medium
3356,795,67.772338,0.799513,0.723188,0,989.841087,scenario_002,long
3357,796,100.842265,0.458485,0.555715,2,909.861175,scenario_002,long
3358,796,1.905735,0.22107,0.133702,0,799.044126,scenario_002,short
3359,796,8.086365,0.513754,0.559118,0,822.87904,scenario_002,long
3360,796,11.134302,0.641811,0.510035,1,813.399836,scenario_002,medium
3361,796,1.00305,0.170294,0.274462,1,798.328133,scenario_002,short
3362,796,19.250619,0.454544,0.521315,0,842.498861,scenario_002,long
3363,796,7.640737,0.80801,0.7909,0,835.087607,scenario_002,medium
3364,796,2.999182,0.178403,0.191211,0,800.828779,scenario_002,medium
3365,796,13.027895,0.182389,0.153162,1,833.764571,scenario_002,medium
3366,796,1.498876,0.317876,0.342466,0,801.871904,scenario_002,short
3367,796,1.114397,0.425893,0.363389,2,797.902034,scenario_002,short
3368,796,10.561819,0.606671,0.642364,0,838.754006,scenario_002,medium
3369,796,9.197311,0.33878,0.451271,0,820.783739,scenario_002,medium
3370,796,6.403545,0.255362,0.317018,0,824.866177,scenario_002,medium
3371,796,13.889517,0.122154,0.163084,0,873.927245,scenario_002,medium
3372,796,13.287676,0.534596,0.433704,0,858.749312,scenario_002,medium
3373,796,8.947785,0.386936,0.663763,2,802.618933,scenario_002,medium
3374,796,2.661716,0.377617,0.354873,0,805.750408,scenario_002,short
3375,796,10.33001,0.126227,0.167556,0,818.103092,scenario_002,medium
3376,796,42.165427,0.869123,0.783411,0,874.703569,scenario_002,long
3377,796,7.726223,0.687455,0.974929,1,819.67152,scenario_002,medium
3378,796,1.591145,0.051463,0.05,0,800.528758,scenario_002,short
3379,796,1.477878,0.306626,0.379014,0,803.933038,scenario_002,short
3380,796,5.972748,0.584872,0.960978,1,814.771172,scenario_002,medium
3381,796,16.494412,0.928481,0.603871,0,869.962593,scenario_002,long
3382,796,2.554455,0.287263,0.396646,0,803.916533,scenario_002,short
3383,796,86.073735,0.741671,0.865739,0,1006.329472,scenario_002,long
3384,797,1.790886,0.414799,0.264475,0,804.8447,scenario_002,short
3385,797,1.274979,0.697258,0.684983,0,803.914743,scenario_002,short
3386,797,31.213839,0.750761,0.796806,1,848.184487,scenario_002,long
3387,797,1.968272,0.339606,0.362188,0,807.039751,scenario_002,short
3388,797,1.440437,0.332795,0.678886,1,798.325234,scenario_002,short
3389,797,3.017946,0.211475,0.532657,2,803.644423,scenario_002,short
3390,797,29.040407,0.453417,0.474252,0,861.908934,scenario_002,long
3391,797,78.458612,0.961684,1.0,2,938.639744,scenario_002,long
3392,797,2.094244,0.364097,0.519503,0,808.365641,scenario_002,short
3393,797,1.687714,0.574015,0.508384,0,801.992313,scenario_002,short
3394,797,6.247615,0.704621,0.756649,2,809.78338,scenario_002,medium
3395,797,9.363465,0.156276,0.333943,0,833.332661,scenario_002,medium
3396,797,8.958337,0.171042,0.293365,1,807.188384,scenario_002,medium
3397,797,24.331017,0.735235,0.875827,0,892.809954,scenario_002,long
3398,797,2.256282,0.088279,0.094742,0,803.915403,scenario_002,short
3399,797,2.027783,0.373562,0.475992,1,803.012285,scenario_002,short
3400,797,6.243723,0.390787,0.377724,0,823.148869,scenario_002,medium
3401,797,8.970082,0.670492,0.75597,0,835.001158,scenario_002,medium
3402,797,9.532793,0.595576,0.71686,1,806.884504,scenario_002,long
3403,797,2.209331,0.210088,0.352631,0,803.750628,scenario_002,short
3404,797,2.376282,0.18085,0.425672,0,808.116671,scenario_002,short
3405,798,8.92656,0.550103,0.350221,1,822.683303,scenario_002,medium
3406,798,1.185773,0.542613,0.352746,0,800.040969,scenario_002,short
3407,798,66.027171,0.714453,0.658352,0,913.135041,scenario_002,long
3408,798,1.280713,0.438736,1.0,1,801.885819,scenario_002,short
3409,798,1.824568,0.200894,0.192912,0,805.041308,scenario_002,short
3410,798,1.637009,0.805134,0.561322,2,800.174313,scenario_002,short
3411,798,11.585629,0.909953,0.686166,2,812.441375,scenario_002,long
3412,798,2.332177,0.538969,0.35028,0,808.923839,scenario_002,short
3413,798,1.187263,0.291328,0.180139,0,804.224604,scenario_002,short
3414,798,20.211783,1.0,0.843868,0,834.782655,scenario_002,long
3415,798,24.711095,0.927014,0.806331,0,857.372889,scenario_002,long
3416,799,1.644517,0.262292,0.254881,0,804.754787,scenario_002,short
3417,799,11.205713,0.645643,0.63618,1,818.417867,scenario_002,medium
3418,799,1.00389,0.414597,0.347437,0,802.866257,scenario_002,short
3419,799,8.730941,0.312565,0.406514,0,816.47082,scenario_002,medium
3420,800,1.546551,0.060862,0.372723,1,804.388799,scenario_002,short
3421,800,8.215486,0.398915,0.336912,1,822.243301,scenario_002,medium
3422,800,1.690072,0.430571,0.845622,1,805.552519,scenario_002,short
3423,800,1.285723,0.418126,0.432011,0,802.195985,scenario_002,short
3424,800,1.552473,0.370912,0.673274,0,805.597732,scenario_002,short
3425,800,8.464699,0.669418,0.814843,2,811.251603,scenario_002,medium
3426,800,8.707342,0.270458,0.339612,2,818.444337,scenario_002,medium
3427,800,1.813543,0.073314,0.376768,2,801.682308,scenario_002,short
3428,800,1.722139,0.208042,0.338188,2,803.017043,scenario_002,short
3429,800,8.564826,0.65451,0.596443,2,816.081291,scenario_002,medium
3430,800,6.741689,0.278591,0.380231,1,819.416457,scenario_002,medium
3431,800,17.728867,1.0,0.872933,0,840.565232,scenario_002,long
3432,800,9.515784,0.287473,0.36915,0,816.758157,scenario_002,medium
3433,800,12.844582,0.688935,0.668627,0,867.203435,scenario_002,medium
3434,800,10.102529,0.224092,0.385234,2,819.516441,scenario_002,medium
3435,800,1.665756,0.0774,0.351364,0,803.665451,scenario_002,short
3436,801,5.811868,0.405456,0.809126,1,807.355199,scenario_002,medium
3437,801,8.960187,0.769854,0.91167,0,834.413259,scenario_002,medium
3438,801,2.125849,0.643296,0.613853,0,810.00337,scenario_002,short
3439,801,9.519085,0.317983,0.457192,1,830.58527,scenario_002,medium
3440,801,4.680489,0.227182,0.410675,1,811.343653,scenario_002,medium
3441,801,36.728749,0.459741,0.523575,0,902.704395,scenario_002,long
3442,801,2.335236,0.072286,0.05,1,805.086131,scenario_002,short
3443,801,1.175857,0.388962,0.396116,0,804.68323,scenario_002,short
3444,801,7.389687,0.404241,0.679536,1,817.50145,scenario_002,medium
3445,801,2.075464,0.271275,0.698378,0,812.424503,scenario_002,short
3446,801,2.318434,0.297288,0.407381,0,813.451011,scenario_002,short
3447,802,1.899393,0.58763,0.712918,0,812.134091,scenario_002,short
3448,802,1.550402,0.426503,0.589018,0,808.288245,scenario_002,short
3449,802,13.244962,0.549754,0.470472,0,856.46723,scenario_002,long
3450,802,9.311148,0.656554,0.676946,2,816.729667,scenario_002,medium
3451,802,8.905734,0.691339,0.539523,0,848.598252,scenario_002,medium
3452,802,2.025224,0.234493,0.414591,0,810.15501,scenario_002,short
3453,802,5.91454,0.676938,0.722757,1,811.421038,scenario_002,medium
3454,802,1.694955,0.214139,0.411071,0,805.650035,scenario_002,short
3455,802,2.430685,0.443949,0.43971,0,808.655144,scenario_002,short
3456,802,1.392497,0.508191,0.296719,0,806.57637,scenario_002,short
3457,802,89.490303,0.290048,0.406757,1,983.20688,scenario_002,long
3458,802,43.358873,0.490684,0.35518,1,895.994484,scenario_002,long
3459,802,1.587145,0.14423,0.321816,0,804.961849,scenario_002,short
3460,802,1.144655,0.235525,0.613584,0,804.323707,scenario_002,short
3461,802,15.605169,0.748276,0.689169,0,860.505464,scenario_002,medium
3462,802,9.539427,0.17199,0.359737,0,846.209595,scenario_002,medium
3463,802,1.765824,0.134188,0.368877,0,811.492024,scenario_002,short
3464,802,8.206759,0.530384,0.616463,0,845.440869,scenario_002,medium
3465,802,8.28508,0.710396,0.546539,1,825.969328,scenario_002,medium
3466,802,1.89996,0.395371,0.371027,0,809.515062,scenario_002,short
3467,802,7.219265,0.424051,0.748404,1,820.255809,scenario_002,medium
3468,803,1.848877,0.298087,0.681433,1,807.308721,scenario_002,short
3469,803,11.152615,0.396169,0.222279,0,822.095218,scenario_002,medium
3470,803,2.13362,0.202658,0.61248,2,804.47169,scenario_002,short
3471,803,54.453211,1.0,0.805587,0,907.852797,scenario_002,long
3472,803,7.612468,0.609413,0.896927,1,815.025659,scenario_002,medium
3473,803,1.604195,0.632341,0.984586,1,806.614659,scenario_002,short
3474,803,2.361632,0.42765,0.668345,0,812.291706,scenario_002,short
3475,803,26.348994,1.0,0.869967,0,934.309422,scenario_002,long
3476,803,1.305586,0.715267,1.0,0,808.962075,scenario_002,short
3477,803,7.61918,0.463988,0.27448,1,825.406456,scenario_002,medium
3478,803,12.672624,0.875185,0.728673,0,867.105924,scenario_002,long
3479,803,27.483983,1.0,0.933554,1,848.980066,scenario_002,long
3480,803,6.942212,0.533053,0.675056,0,813.635075,scenario_002,medium
3481,803,1.966296,0.167799,0.722458,0,811.213915,scenario_002,short
3482,803,1.635629,0.37062,0.809788,1,807.810891,scenario_002,short
3483,803,1.284718,0.705074,0.555388,0,808.342591,scenario_002,short
3484,803,9.760536,0.646246,0.607844,0,841.81712,scenario_002,medium
3485,803,6.732903,0.486416,0.419443,0,826.696359,scenario_002,medium
3486,803,6.863278,0.354557,0.256858,0,839.232526,scenario_002,medium
3487,803,2.113518,0.108181,0.052117,1,809.361071,scenario_002,short
3488,803,9.59186,0.634687,0.763123,0,842.158816,scenario_002,medium
3489,803,6.911099,0.706679,0.715594,1,809.266382,scenario_002,medium
3490,803,1.238297,0.312789,0.577662,0,806.897204,scenario_002,short
3491,803,9.067306,0.6052,0.685273,0,851.382951,scenario_002,medium
3492,803,14.408377,0.831872,1.0,1,830.657913,scenario_002,long
3493,803,28.717616,0.595552,0.772656,2,855.412791,scenario_002,long
3494,803,3.140395,0.341826,0.464416,1,812.364725,scenario_002,short
3495,803,8.479904,0.162812,0.253569,1,811.676435,scenario_002,medium
3496,803,2.585538,0.663013,0.663526,0,810.755908,scenario_002,short
3497,804,5.60896,0.382256,0.467494,2,814.823896,scenario_002,medium
3498,804,1.742794,0.446856,0.613361,1,809.084736,scenario_002,short
3499,804,5.919163,0.202377,0.236461,0,816.395701,scenario_002,medium
3500,804,2.407039,0.3498,0.350586,0,812.824947,scenario_002,short
3501,804,1.726163,0.144354,0.603527,0,813.298213,scenario_002,short
3502,804,10.66631,0.127911,0.191572,0,864.248885,scenario_002,medium
3503,804,1.982599,0.384197,0.347276,0,807.822038,scenario_002,short
3504,804,8.479682,0.594672,0.654304,0,839.892989,scenario_002,medium
3505,804,128.024754,0.5872,0.665123,2,980.682272,scenario_002,long
3506,804,8.304116,0.616674,0.453383,0,820.803061,scenario_002,medium
3507,804,6.467539,0.434599,0.563342,0,824.247731,scenario_002,medium
3508,804,99.721497,0.913896,0.755152,0,1192.445856,scenario_002,long
3509,804,11.315899,0.696251,0.919184,0,863.282904,scenario_002,medium
3510,804,8.598571,0.582994,0.310426,2,813.520496,scenario_002,medium
3511,804,2.193359,0.476452,0.882172,0,815.085156,scenario_002,short
3512,804,18.787178,0.525262,0.690366,0,864.047402,scenario_002,medium
3513,804,2.053713,0.184419,0.05,2,807.320441,scenario_002,short
3514,804,3.142277,0.082159,0.276144,0,816.623773,scenario_002,short
3515,804,5.387101,0.638568,0.527471,2,813.027248,scenario_002,medium
3516,804,4.531297,0.161762,0.467739,1,815.858591,scenario_002,medium
3517,804,1.16186,0.151359,0.395406,0,810.425376,scenario_002,short
3518,804,2.003732,0.216886,0.532906,0,812.223263,scenario_002,short
3519,804,1.914481,0.151057,0.164434,0,807.62383,scenario_002,short
3520,805,8.558565,0.490403,0.518126,1,815.554535,scenario_002,medium
3521,805,1.397782,0.555813,0.610792,0,809.871106,scenario_002,short
3522,805,8.520003,0.571438,0.734445,2,815.361264,scenario_002,medium
3523,805,2.124989,0.555737,0.592765,0,810.599831,scenario_002,short
3524,805,8.572566,0.718345,0.910443,2,815.870313,scenario_002,medium
3525,805,5.625371,0.29476,0.264452,0,822.362653,scenario_002,medium
3526,805,11.984387,0.39892,0.405037,1,819.117788,scenario_002,long
3527,805,1.715378,0.424016,0.901485,2,808.802317,scenario_002,short
3528,805,1.352549,0.15007,0.315775,0,808.181657,scenario_002,short
3529,805,8.159972,0.592169,0.998779,0,818.747891,scenario_002,medium
3530,805,12.316242,0.662736,0.747433,0,844.074201,scenario_002,long
3531,805,9.642824,0.417397,0.488945,0,829.425219,scenario_002,medium
3532,805,90.191147,0.599302,0.508091,0,1082.175703,scenario_002,long
3533,805,7.515191,0.151137,0.159366,0,816.879505,scenario_002,medium
3534,805,13.955114,1.0,0.613485,2,832.894768,scenario_002,long
3535,805,1.274958,0.109528,0.428824,0,807.580627,scenario_002,short
3536,805,1.255358,0.667854,0.629892,0,809.14813,scenario_002,short
3537,805,1.811929,0.235811,0.345593,2,808.495354,scenario_002,short
3538,805,1.748181,0.052949,0.434116,0,813.348237,scenario_002,short
3539,805,13.94264,0.227971,0.411202,1,818.261597,scenario_002,medium
3540,805,2.176162,0.408194,0.437689,0,817.074415,scenario_002,short
3541,805,1.771607,0.378417,0.37534,0,809.820539,scenario_002,short
3542,805,13.839939,0.534721,0.451868,0,829.737145,scenario_002,medium
3543,805,1.18126,0.370314,0.50268,0,806.85467,scenario_002,short
3544,805,16.255404,0.483057,0.496963,1,844.890082,scenario_002,medium
3545,806,2.038159,0.766793,0.610814,1,811.498442,scenario_002,short
3546,806,1.663463,0.62171,0.583209,0,811.74253,scenario_002,short
3547,806,7.45344,0.394588,0.330948,1,815.560621,scenario_002,medium
3548,806,21.541579,0.590907,0.31868,1,872.85417,scenario_002,medium
3549,806,9.096908,0.135547,0.410045,0,841.711019,scenario_002,medium
3550,806,6.115021,0.152077,0.44995,0,836.611184,scenario_002,medium
3551,806,8.452524,0.855222,0.6902,0,831.861319,scenario_002,medium
3552,806,12.949413,0.688189,0.656873,2,824.106174,scenario_002,medium
3553,806,2.940042,0.062868,0.107968,2,812.039284,scenario_002,short
3554,806,10.246336,0.49674,0.550869,0,850.131592,scenario_002,medium
3555,806,33.038834,1.0,0.783549,0,967.69984,scenario_002,long
3556,806,2.096389,0.678433,0.417167,1,809.490193,scenario_002,short
3557,806,1.469438,0.292662,0.533634,0,808.331157,scenario_002,short
3558,806,15.539798,0.392797,0.392219,0,877.547847,scenario_002,medium
3559,806,18.08238,0.411738,0.934558,1,855.21104,scenario_002,medium
3560,806,64.195214,0.837273,0.920768,0,1063.397108,scenario_002,long
3561,806,8.307732,0.786712,0.838459,0,834.935278,scenario_002,medium
3562,806,1.530286,0.370801,0.454364,0,811.528946,scenario_002,short
3563,806,49.880328,0.798036,1.0,2,907.431,scenario_002,long
3564,806,7.562099,0.265862,0.310769,1,813.227758,scenario_002,medium
3565,806,6.273982,1.0,0.931358,1,818.764766,scenario_002,long
3566,806,9.204668,0.39143,0.354993,0,831.921687,scenario_002,medium
3567,807,1.533444,0.220565,0.323261,1,810.731508,scenario_002,short
3568,807,9.052168,0.221178,0.222566,0,850.662596,scenario_002,medium
3569,807,1.698247,0.676472,0.447219,1,812.144229,scenario_002,short
3570,807,9.776886,0.379199,0.551476,0,855.451242,scenario_002,medium
3571,807,8.057244,0.157755,0.153233,2,816.056201,scenario_002,medium
3572,807,11.662146,0.429513,0.674028,1,843.422226,scenario_002,medium
3573,807,1.971769,0.197161,0.471417,1,811.870315,scenario_002,short
3574,807,6.385874,0.898935,0.749871,2,814.565336,scenario_002,medium
3575,807,11.514704,0.707939,0.848066,1,820.880643,scenario_002,medium
3576,807,9.245778,0.8261,0.995655,0,833.998895,scenario_002,medium
3577,807,8.521551,0.771091,0.561021,0,838.439063,scenario_002,medium
3578,807,10.51669,0.698844,0.565576,0,864.2953,scenario_002,medium
3579,807,10.391158,1.0,0.760622,0,854.075744,scenario_002,medium
3580,807,13.544676,0.672425,0.683151,2,829.485549,scenario_002,medium
3581,807,33.689602,0.814189,0.851834,0,901.780455,scenario_002,long
3582,807,19.470415,0.392614,0.430982,0,895.630615,scenario_002,medium
3583,807,1.697926,0.234022,0.281556,0,812.601203,scenario_002,short
3584,807,34.006099,0.957745,0.981458,0,896.981276,scenario_002,long
3585,807,2.419768,0.577904,0.917176,1,814.806842,scenario_002,short
3586,807,7.742108,0.183101,0.204379,0,845.04634,scenario_002,medium
3587,807,21.437472,0.498675,0.303176,0,923.632888,scenario_002,long
3588,807,11.094451,0.706623,0.703159,1,820.298263,scenario_002,medium
3589,807,31.267507,0.973264,0.955144,1,862.260003,scenario_002,long
3590,807,1.836314,0.448357,0.8662,1,809.366423,scenario_002,short
3591,807,2.283132,0.235212,0.360737,0,819.842795,scenario_002,short
3592,807,19.963252,0.781584,1.0,1,856.322512,scenario_002,long
3593,807,22.919895,0.464964,0.403521,2,824.663731,scenario_002,medium
3594,807,5.436647,0.967848,1.0,0,828.169836,scenario_002,medium
3595,807,0.987447,0.149366,0.279569,0,810.710812,scenario_002,short
3596,807,1.393211,0.078044,0.232061,1,809.062058,scenario_002,short
3597,807,1.363427,0.054807,0.239146,2,808.081937,scenario_002,short
3598,808,10.611094,0.411433,0.485772,1,821.773316,scenario_002,medium
3599,808,1.386665,0.079537,0.362617,0,812.503062,scenario_002,short
3600,808,1.396738,0.387238,0.912964,0,811.315401,scenario_002,short
3601,808,18.708963,0.687992,0.466727,0,848.813138,scenario_002,medium
3602,808,1.261135,0.168559,0.521355,0,813.817629,scenario_002,short
3603,808,10.183707,0.148895,0.153876,0,833.267441,scenario_002,medium
3604,808,3.254246,0.518742,0.847745,1,817.801968,scenario_002,medium
3605,808,14.90078,0.421977,0.603149,0,872.808571,scenario_002,medium
3606,808,30.884438,0.426258,0.431,1,858.615052,scenario_002,long
3607,808,7.407149,0.130412,0.33877,0,821.691597,scenario_002,medium
3608,808,2.175782,0.107469,0.23318,0,813.365781,scenario_002,short
3609,808,2.114028,0.117232,0.279232,0,818.915618,scenario_002,short
3610,808,1.750759,0.146533,0.35225,0,817.249564,scenario_002,short
3611,808,11.707074,0.492022,0.629598,1,819.439147,scenario_002,medium
3612,808,12.230413,0.717937,0.71556,0,852.373913,scenario_002,medium
3613,808,2.933806,0.231467,0.382152,1,817.044989,scenario_002,short
3614,808,7.003531,0.946761,0.860806,0,844.786799,scenario_002,medium
3615,808,11.35063,0.824755,0.787562,0,830.10006,scenario_002,long
3616,808,8.446191,0.497547,0.673132,0,828.420794,scenario_002,medium
3617,808,5.497431,0.648827,0.560448,2,813.723115,scenario_002,medium
3618,808,1.844452,0.398007,0.339268,0,813.0531,scenario_002,short
3619,808,1.563997,0.25446,0.39103,1,809.766088,scenario_002,short
3620,808,11.877442,0.341575,0.611212,0,870.503345,scenario_002,medium
3621,808,6.29559,0.298116,0.259719,2,818.35685,scenario_002,medium
3622,808,1.653147,0.303273,0.456108,0,816.400443,scenario_002,short
3623,809,1.845553,0.341045,0.485718,2,811.272981,scenario_002,short
3624,809,11.704586,0.679764,0.802763,0,852.77475,scenario_002,medium
3625,809,1.035641,0.330833,0.7727,0,811.166047,scenario_002,short
3626,809,2.796395,0.102229,0.648122,1,817.649531,scenario_002,short
3627,809,1.766545,0.274471,0.219858,2,811.616836,scenario_002,short
3628,809,17.323676,0.684187,0.53435,0,904.792628,scenario_002,medium
3629,809,1.872992,0.435957,0.840937,0,817.384683,scenario_002,short
3630,809,1.246043,0.050239,0.304152,1,810.456063,scenario_002,short
3631,809,5.076245,0.308432,0.386081,0,832.078954,scenario_002,medium
3632,809,16.039244,0.621468,0.614709,0,894.172379,scenario_002,medium
3633,809,13.643879,0.398735,0.259287,1,826.611381,scenario_002,long
3634,809,1.72455,0.100844,0.240032,0,816.006089,scenario_002,short
3635,809,28.706196,0.703201,0.719873,1,848.356659,scenario_002,long
3636,809,1.683541,0.342189,0.579023,2,812.269168,scenario_002,short
3637,809,1.695914,0.477516,0.563768,0,816.632422,scenario_002,short
3638,809,37.256678,0.772689,1.0,1,846.585143,scenario_002,long
3639,809,1.412009,0.338968,0.284706,0,813.866945,scenario_002,short
3640,809,3.072842,0.513548,0.551782,1,816.835404,scenario_002,short
3641,809,2.437699,0.060643,0.148437,0,814.036371,scenario_002,short
3642,809,2.975831,0.431008,0.505605,0,816.342903,scenario_002,short
3643,809,1.570648,0.278996,0.475881,0,811.425419,scenario_002,short
3644,809,7.265229,0.516825,0.338463,0,843.822019,scenario_002,medium
3645,809,4.796063,0.509947,0.679091,0,829.601646,scenario_002,medium
3646,809,2.358285,0.081615,0.356406,0,818.900858,scenario_002,short
3647,809,1.013848,0.471677,0.500607,2,810.632237,scenario_002,short
3648,809,1.932236,0.65929,0.48218,0,818.524417,scenario_002,short
3649,809,2.638309,0.253948,0.537996,2,810.898545,scenario_002,short
3650,809,2.127027,0.181743,0.323148,0,819.683053,scenario_002,short
3651,810,14.698182,0.565285,0.487616,2,824.590926,scenario_002,long
3652,810,5.06392,0.421181,0.289402,0,821.347726,scenario_002,medium
3653,810,1.166995,0.522799,0.560373,0,814.617348,scenario_002,short
3654,810,22.887155,0.355883,0.328036,0,866.050603,scenario_002,long
3655,810,8.759237,0.571539,0.66961,0,842.028765,scenario_002,medium
3656,810,2.024508,0.269801,0.472937,0,819.765541,scenario_002,short
3657,810,9.502256,0.885068,0.795458,1,826.596709,scenario_002,medium
3658,810,30.416001,1.0,0.74809,0,863.125931,scenario_002,long
3659,810,2.021215,0.220519,0.274383,0,817.361861,scenario_002,short
3660,810,13.91273,0.773265,0.714704,0,862.542913,scenario_002,long
3661,810,1.516827,0.111778,0.319721,0,815.77347,scenario_002,short
3662,810,88.4927,0.673448,0.866882,1,922.717202,scenario_002,long
3663,810,6.498182,0.511004,0.417867,0,825.486934,scenario_002,medium
3664,810,1.339615,0.094686,0.063373,1,812.327127,scenario_002,short
3665,810,1.231377,0.316837,0.45728,0,816.173568,scenario_002,short
3666,810,1.66874,0.184116,0.479959,1,812.129466,scenario_002,short
3667,810,10.660528,0.30796,0.548207,0,827.067977,scenario_002,medium
3668,810,13.664112,0.419845,0.316187,2,831.333164,scenario_002,medium
3669,810,26.337961,1.0,1.0,0,862.880826,scenario_002,long
3670,810,1.86322,0.811085,0.69713,2,811.230638,scenario_002,short
3671,810,1.566264,0.079329,0.328132,0,818.087093,scenario_002,short
3672,810,13.004849,0.470448,0.527513,0,835.156309,scenario_002,medium
3673,810,48.593284,1.0,0.880168,0,1054.47769,scenario_002,long
3674,810,7.875735,0.208196,0.656259,0,833.057855,scenario_002,medium
3675,810,1.226854,0.210554,0.543831,0,814.858757,scenario_002,short
3676,810,1.752064,0.123556,0.449317,0,817.496292,scenario_002,short
3677,810,2.261796,0.689673,0.78543,1,815.389954,scenario_002,short
3678,810,1.779139,0.431653,0.401491,0,818.428376,scenario_002,short
3679,810,1.743813,0.409483,0.575696,0,819.59105,scenario_002,short
3680,810,3.352836,0.446522,0.48942,0,817.769579,scenario_002,short
3681,811,2.733348,0.325183,0.443945,0,816.956337,scenario_002,short
3682,811,16.63344,0.694693,0.744155,0,904.769035,scenario_002,long
3683,811,14.698282,0.19338,0.554498,0,874.19126,scenario_002,medium
3684,811,1.940585,0.144233,0.413259,2,813.126969,scenario_002,short
3685,811,92.073548,0.900309,0.773739,0,1281.364331,scenario_002,long
3686,811,25.862175,0.470839,0.668437,0,917.996824,scenario_002,long
3687,811,9.777862,0.188966,0.346525,0,850.834299,scenario_002,medium
3688,811,11.494077,0.942863,0.948653,0,838.449613,scenario_002,medium
3689,811,11.235748,0.375887,0.759456,0,842.377389,scenario_002,medium
3690,811,1.390029,0.219146,0.358317,0,815.454499,scenario_002,short
3691,811,1.648213,0.460176,0.44727,2,812.658183,scenario_002,short
3692,811,2.043099,0.339029,0.665029,0,815.155794,scenario_002,short
3693,811,6.700627,0.498972,0.56017,1,827.764731,scenario_002,medium
3694,811,1.929435,0.334164,0.404884,2,812.93804,scenario_002,short
3695,811,28.94881,0.629303,0.749724,1,868.166743,scenario_002,long
3696,811,1.189358,0.227328,0.294581,0,813.657203,scenario_002,short
3697,811,1.456253,0.057133,0.05,1,812.492909,scenario_002,short
3698,811,10.565757,0.718241,0.684779,0,860.418538,scenario_002,medium
3699,811,1.530674,0.276843,0.340312,0,816.012386,scenario_002,short
3700,811,1.975047,0.095299,0.600751,2,814.138697,scenario_002,short
3701,812,1.596314,0.572783,0.502521,0,815.383076,scenario_002,short
3702,812,21.437378,0.547553,0.751647,2,843.74267,scenario_002,long
3703,812,16.144807,0.999831,1.0,1,843.835506,scenario_002,medium
3704,812,4.899865,0.125287,0.472173,1,825.516084,scenario_002,medium
3705,812,37.077545,0.639068,0.750692,1,849.910484,scenario_002,long
3706,812,1.408839,0.136252,0.352012,2,814.749863,scenario_002,short
3707,812,5.369364,0.437405,0.477472,0,826.359867,scenario_002,medium
3708,812,5.712927,0.136157,0.158411,1,821.032115,scenario_002,medium
3709,812,1.698102,0.279661,0.531401,0,818.999541,scenario_002,short
3710,812,32.237947,0.441681,0.581425,1,913.633089,scenario_002,long
3711,812,3.063937,0.176319,0.160369,0,821.606097,scenario_002,short
3712,812,7.336625,0.312388,0.370738,0,829.993504,scenario_002,medium
3713,812,44.072493,0.472319,0.841666,0,911.045268,scenario_002,long
3714,812,2.299107,0.43073,0.350744,0,817.752915,scenario_002,short
3715,812,18.005834,0.688268,0.75633,1,830.970435,scenario_002,medium
3716,812,37.88191,0.990124,0.839893,0,990.331203,scenario_002,long
3717,812,1.154683,0.218908,0.363723,0,814.799627,scenario_002,short
3718,812,2.024491,0.742492,0.938568,0,820.405866,scenario_002,short
3719,812,11.902228,0.252064,0.476035,1,849.127156,scenario_002,long
3720,812,1.671514,0.060156,0.41375,0,816.223699,scenario_002,short
3721,812,2.042982,0.498856,0.536369,2,815.707721,scenario_002,short
3722,812,3.316463,0.484896,0.769104,0,818.340625,scenario_002,short
3723,812,56.839095,0.804396,0.900766,0,958.093316,scenario_002,long
3724,812,1.374561,0.203124,0.658221,0,817.592003,scenario_002,short
3725,812,14.750087,0.21978,0.350066,0,880.994939,scenario_002,medium
3726,812,25.779169,0.646608,0.81677,0,868.288279,scenario_002,long
3727,812,14.125325,0.428631,0.360902,0,854.045323,scenario_002,medium
3728,812,11.362566,0.161266,0.507837,0,834.797489,scenario_002,medium
3729,813,12.307015,0.647295,0.732416,0,852.867742,scenario_002,medium
3730,813,1.921564,0.069808,0.262891,0,822.429667,scenario_002,short
3731,813,7.376525,0.74024,0.618018,0,838.506025,scenario_002,medium
3732,813,1.632162,0.73867,0.6304,0,815.912387,scenario_002,short
3733,813,1.455842,0.50468,0.552359,1,815.183685,scenario_002,short
3734,813,38.252959,0.79953,0.714499,1,876.594918,scenario_002,long
3735,813,1.325956,0.196422,0.121257,0,819.750874,scenario_002,short
3736,813,1.690548,0.298393,0.314558,0,817.759283,scenario_002,short
3737,813,8.096389,0.599847,0.531478,0,827.341358,scenario_002,medium
3738,813,2.208773,0.435746,0.864544,0,818.514674,scenario_002,short
3739,813,10.634784,0.182657,0.270947,1,832.437532,scenario_002,medium
3740,813,1.018111,0.540042,0.397694,2,814.226787,scenario_002,short
3741,813,1.393031,0.228531,0.364399,0,817.219667,scenario_002,short
3742,813,11.224279,0.946322,0.854052,2,831.130036,scenario_002,long
3743,813,1.116596,0.100251,0.540056,1,815.362052,scenario_002,short
3744,813,47.950228,0.694811,0.752362,1,890.460778,scenario_002,long
3745,813,1.457016,0.07737,0.706842,0,816.290193,scenario_002,short
3746,813,83.166048,0.628663,0.498506,1,1035.743673,scenario_002,long
3747,813,2.323541,0.323568,0.284708,0,823.977206,scenario_002,short
3748,813,1.575884,0.239857,0.364228,0,817.665473,scenario_002,short
3749,813,13.096413,0.972251,0.951457,2,842.033138,scenario_002,medium
3750,813,16.434058,0.746322,0.56761,0,846.535838,scenario_002,long
3751,814,6.916676,0.568808,0.441752,1,820.809317,scenario_002,medium
3752,814,1.03977,0.059491,0.591772,0,817.723805,scenario_002,short
3753,814,6.987118,0.641387,0.536244,2,826.06926,scenario_002,medium
3754,814,81.015031,0.309366,0.484648,0,1212.553302,scenario_002,long
3755,814,1.666991,0.275917,0.752213,2,817.33976,scenario_002,short
3756,814,16.709158,0.267166,0.304602,0,890.175701,scenario_002,medium
3757,814,2.494493,0.134329,0.341236,2,816.304638,scenario_002,short
3758,814,2.336256,0.391869,0.403053,0,824.842895,scenario_002,short
3759,814,105.427833,0.940037,0.87642,1,1093.389828,scenario_002,long
3760,814,9.197696,0.577083,0.652277,0,841.594368,scenario_002,medium
3761,814,1.512728,0.418795,0.843432,0,817.140118,scenario_002,short
3762,814,2.603445,0.4203,0.362147,0,827.396731,scenario_002,short
3763,814,8.43258,0.653103,0.630995,0,855.789449,scenario_002,medium
3764,814,11.647932,0.613303,0.419867,2,836.011121,scenario_002,medium
3765,814,12.504389,0.531552,0.615239,1,841.57959,scenario_002,medium
3766,814,57.080879,0.701132,0.579298,2,925.056943,scenario_002,long
3767,814,1.539901,0.465272,0.688054,0,821.374881,scenario_002,short
3768,814,7.14811,0.279507,0.148508,0,853.558499,scenario_002,long
3769,814,4.801088,0.245812,0.228569,0,837.421123,scenario_002,medium
3770,814,9.158399,0.208242,0.356053,0,860.744025,scenario_002,medium
3771,814,1.546112,0.073903,0.223844,0,822.3093,scenario_002,short
3772,814,11.679615,0.353541,0.290134,2,821.868754,scenario_002,medium
3773,814,1.418553,0.128079,0.185135,0,818.626697,scenario_002,short
3774,814,9.694314,0.499268,0.564629,0,862.448396,scenario_002,medium
3775,814,1.086557,0.464313,0.495892,1,815.690747,scenario_002,short
3776,814,5.321969,0.45306,0.378896,0,841.978749,scenario_002,medium
3777,814,6.54159,0.749397,0.607589,0,824.646173,scenario_002,medium
3778,814,1.550579,0.137159,0.155682,1,815.887605,scenario_002,short
3779,814,0.9209,0.256735,0.429596,0,818.916495,scenario_002,short
3780,814,8.38715,0.633918,0.668949,1,830.958844,scenario_002,medium
3781,814,12.126268,0.625306,0.515948,0,881.522399,scenario_002,medium
3782,814,9.151811,0.89256,0.797729,0,853.187368,scenario_002,medium
3783,815,8.957629,0.464724,0.232594,2,821.662387,scenario_002,medium
3784,815,2.644511,0.701309,0.825996,0,823.11615,scenario_002,short
3785,815,9.78424,0.425407,0.365534,1,824.823674,scenario_002,medium
3786,815,1.853694,0.45088,0.683141,1,820.402293,scenario_002,short
3787,815,2.26033,0.425393,0.653567,0,826.263187,scenario_002,short
3788,815,37.163902,0.722781,0.815257,1,901.189327,scenario_002,long
3789,815,9.249487,0.542928,0.761225,0,841.007674,scenario_002,medium
3790,815,1.913843,0.207487,0.285927,1,818.59176,scenario_002,short
3791,815,2.489882,0.205205,0.347989,2,817.855195,scenario_002,short
3792,815,27.439559,0.673269,1.0,1,895.146284,scenario_002,medium
3793,815,108.475858,0.346069,0.278575,0,1000.022844,scenario_002,long
3794,815,7.930131,1.0,1.0,2,823.478793,scenario_002,medium
3795,815,5.386899,0.554508,0.445284,1,820.411247,scenario_002,medium
3796,815,8.14133,0.606303,0.523148,0,857.721861,scenario_002,medium
3797,815,14.91081,0.858224,0.752416,1,860.744924,scenario_002,medium
3798,816,8.92521,1.0,0.743748,0,838.734593,scenario_002,medium
3799,816,24.296337,0.554044,0.426386,1,874.468079,scenario_002,long
3800,816,1.605754,0.161314,0.260402,1,819.216791,scenario_002,short
3801,816,1.081121,0.058759,0.180232,0,819.732401,scenario_002,short
3802,816,18.097009,0.648705,0.702594,0,898.254906,scenario_002,medium
3803,816,12.060917,0.143416,0.17599,0,863.392309,scenario_002,medium
3804,816,6.8697,0.246924,0.81645,2,822.861835,scenario_002,medium
3805,816,11.365991,0.149277,0.341199,0,856.956628,scenario_002,medium
3806,816,56.216008,0.577279,0.637266,0,987.308474,scenario_002,long
3807,816,0.938827,0.67084,0.612642,0,819.075076,scenario_002,short
3808,816,2.256733,0.388008,0.867344,1,821.764207,scenario_002,short
3809,816,2.328233,0.118635,0.106415,2,821.187576,scenario_002,short
3810,817,10.895494,0.373609,0.875195,2,834.962283,scenario_002,medium
3811,817,1.524096,0.644195,0.675701,0,819.403155,scenario_002,short
3812,817,2.725395,0.341832,0.370447,1,821.071873,scenario_002,short
3813,817,9.461188,0.933118,0.976811,2,832.355503,scenario_002,medium
3814,817,4.594824,0.305056,0.650869,1,831.650191,scenario_002,medium
3815,817,6.78658,0.334565,0.271,0,836.976703,scenario_002,medium
3816,817,11.744273,0.430396,0.522516,0,867.669606,scenario_002,medium
3817,817,57.502489,0.655011,0.457535,1,973.870338,scenario_002,long
3818,817,1.844839,0.370472,0.474878,0,824.560358,scenario_002,short
3819,817,2.082815,0.209936,0.352284,0,824.207761,scenario_002,short
3820,817,6.900956,0.608,0.575614,0,854.798075,scenario_002,medium
3821,817,4.473414,0.564234,0.482497,2,823.699764,scenario_002,medium
3822,817,8.588213,0.500777,0.466668,0,865.410509,scenario_002,medium
3823,817,7.915624,0.706888,1.0,0,854.187709,scenario_002,medium
3824,818,9.89371,0.862719,0.891556,0,842.78517,scenario_002,medium
3825,818,9.549954,0.467006,0.34217,0,845.085869,scenario_002,medium
3826,818,1.579739,0.514839,0.674252,2,820.67827,scenario_002,short
3827,818,8.585596,0.83077,0.693436,0,861.875408,scenario_002,medium
3828,818,1.43195,0.639635,0.944184,0,825.264319,scenario_002,short
3829,818,1.727827,0.282731,0.376408,0,823.206213,scenario_002,short
3830,818,1.361427,0.313757,0.415042,0,824.934876,scenario_002,short
3831,818,1.993166,0.563786,0.438225,1,820.990702,scenario_002,short
3832,818,1.914586,0.269398,0.532896,0,827.378476,scenario_002,short
3833,818,1.843371,0.533594,0.560906,2,820.065431,scenario_002,short
3834,818,10.949083,0.642326,0.837218,0,845.151103,scenario_002,medium
3835,818,1.428694,0.196839,0.24384,0,824.101913,scenario_002,short
3836,818,1.296434,0.417404,0.446791,2,820.121716,scenario_002,short
3837,818,1.689232,0.118306,0.180091,0,821.335712,scenario_002,short
3838,818,17.963753,0.476924,0.439508,0,861.581838,scenario_002,medium
3839,819,7.777144,0.167362,0.336415,0,844.365647,scenario_002,medium
3840,819,10.698987,1.0,0.950358,0,853.03476,scenario_002,long
3841,819,9.293765,0.165863,0.131846,0,865.611191,scenario_002,medium
3842,819,1.324984,0.244623,0.294598,0,822.469312,scenario_002,short
3843,819,1.609644,0.675274,0.631214,0,824.230745,scenario_002,short
3844,819,15.499558,0.826582,0.520331,2,845.720712,scenario_002,medium
3845,819,7.57569,0.930004,0.691015,0,850.613046,scenario_002,medium
3846,819,7.81055,0.934539,0.693964,0,851.873348,scenario_002,medium
3847,819,2.179455,0.469891,0.465521,0,826.075833,scenario_002,short
3848,819,11.373338,0.284438,0.451482,2,838.448706,scenario_002,medium
3849,819,1.793839,0.180453,0.444796,0,824.710927,scenario_002,short
3850,819,4.381073,0.521586,0.563763,0,834.678109,scenario_002,medium
3851,819,5.849353,0.158547,0.352308,1,837.905929,scenario_002,medium
3852,819,5.855193,0.233346,0.318616,0,831.089588,scenario_002,medium
3853,819,2.250524,0.474057,0.368011,0,830.63526,scenario_002,short
3854,820,179.94329,0.553514,0.570107,0,1548.244516,scenario_002,long
3855,820,64.823788,0.564039,0.653996,2,904.22148,scenario_002,long
3856,820,2.918209,0.156303,0.252681,0,827.398653,scenario_002,short
3857,820,1.528455,0.081808,0.753755,0,828.509207,scenario_002,short
3858,820,52.749751,0.396022,0.438113,0,935.924565,scenario_002,long
3859,820,12.088736,0.464472,0.79331,0,877.214859,scenario_002,medium
3860,820,4.922398,0.381174,0.669652,0,839.273161,scenario_002,medium
3861,820,6.558762,0.614514,0.666626,0,831.27466,scenario_002,medium
3862,820,1.85189,0.65485,0.618287,0,829.756773,scenario_002,short
3863,820,3.413058,0.315023,0.423895,1,823.460094,scenario_002,short
3864,820,1.704194,0.149799,0.33144,0,827.158315,scenario_002,short
3865,820,0.832361,0.539303,0.97343,0,821.422244,scenario_002,short
3866,820,8.295687,0.408077,0.432441,0,854.49786,scenario_002,medium
3867,821,7.239732,0.668174,1.0,0,840.653769,scenario_002,medium
3868,821,8.066208,0.197476,0.399984,0,857.115125,scenario_002,medium
3869,821,9.005048,0.542449,0.551309,0,859.980661,scenario_002,medium
3870,821,64.238317,0.403519,0.625339,0,943.559275,scenario_002,long
3871,821,13.957306,0.620778,1.0,0,876.890009,scenario_002,medium
3872,821,5.45274,0.892009,1.0,0,831.625821,scenario_002,long
3873,821,46.475845,0.804612,0.875815,1,864.542212,scenario_002,long
3874,821,2.217272,0.330339,0.461018,0,830.521207,scenario_002,short
3875,821,1.200892,0.24036,0.703467,0,826.16479,scenario_002,short
3876,821,20.231883,0.372968,0.354034,1,853.128532,scenario_002,long
3877,821,10.402955,0.266152,0.390455,0,865.498702,scenario_002,medium
3878,821,40.662718,1.0,0.702551,0,969.933483,scenario_002,long
3879,821,14.057115,0.291105,0.399284,0,882.942175,scenario_002,medium
3880,821,23.781807,0.82015,0.613303,0,880.779511,scenario_002,long
3881,821,1.798891,0.4112,0.444105,0,830.465493,scenario_002,short
3882,822,1.731434,0.33664,0.317941,2,825.560071,scenario_002,short
3883,822,5.813661,0.674085,0.908002,0,847.134282,scenario_002,medium
3884,822,39.145446,0.874512,0.677513,0,1040.572949,scenario_002,long
3885,822,1.522372,0.385342,0.312206,1,824.165243,scenario_002,short
3886,822,10.542171,0.632548,0.62353,1,836.835183,scenario_002,medium
3887,822,25.674764,0.42529,0.430496,0,908.928885,scenario_002,long
3888,822,8.592246,0.711958,0.617174,0,835.589821,scenario_002,medium
3889,822,8.183694,0.396417,0.444516,0,866.114233,scenario_002,medium
3890,822,7.268444,0.510335,1.0,2,834.797239,scenario_002,medium
3891,822,1.51356,0.188688,0.424207,2,824.720124,scenario_002,short
3892,822,1.431588,0.543773,0.507471,0,829.96388,scenario_002,short
3893,822,6.29178,0.533218,0.537932,1,841.632364,scenario_002,medium
3894,822,19.325094,0.863481,1.0,0,900.05053,scenario_002,long
3895,822,37.712445,0.970079,1.0,1,875.208065,scenario_002,long
3896,823,3.041977,0.093364,0.231275,0,830.485889,scenario_002,short
3897,823,1.547299,0.102759,0.461624,0,830.644343,scenario_002,short
3898,823,31.280484,0.465995,0.61757,2,866.443911,scenario_002,long
3899,823,71.292096,0.630441,0.618619,0,1040.763892,scenario_002,long
3900,823,11.043937,0.669572,1.0,1,837.544364,scenario_002,medium
3901,823,1.968393,0.220838,0.244534,1,825.468391,scenario_002,short
3902,823,2.667561,0.265879,0.314387,0,833.152363,scenario_002,short
3903,823,23.208156,0.475846,0.591845,2,846.021481,scenario_002,medium
3904,823,106.832697,0.946321,0.880422,0,1386.254914,scenario_002,long
3905,824,12.621796,0.255785,0.281274,0,864.30509,scenario_002,medium
3906,824,73.051725,0.757329,0.776975,1,995.536913,scenario_002,long
3907,824,1.075391,0.130949,0.159057,0,825.681226,scenario_002,short
3908,824,0.866314,0.123129,0.26158,0,825.432178,scenario_002,short
3909,824,1.657009,0.459659,0.532466,0,832.627507,scenario_002,short
3910,824,2.657176,0.145716,0.328117,1,832.126287,scenario_002,short
3911,825,4.783117,0.443725,0.398632,2,829.871263,scenario_002,medium
3912,825,175.673892,0.848521,0.962128,0,1466.814131,scenario_002,long
3913,825,1.769943,0.2814,0.432774,2,827.38342,scenario_002,short
3914,825,35.256541,0.963913,1.0,2,892.731869,scenario_002,long
3915,825,7.923018,0.953273,1.0,0,843.484744,scenario_002,medium
3916,825,19.289748,0.349543,0.382716,0,906.930657,scenario_002,medium
3917,825,1.132534,0.129374,0.183687,1,826.73716,scenario_002,short
3918,825,2.291177,0.646358,0.856768,0,828.966603,scenario_002,short
3919,825,116.41503,0.730073,0.841825,2,950.210404,scenario_002,long
3920,825,2.012689,0.266347,0.304482,0,829.938411,scenario_002,short
3921,825,1.210162,0.221829,0.283568,2,826.0,scenario_002,short
3922,826,11.720967,0.945179,1.0,0,858.669878,scenario_002,long
3923,826,9.761624,0.159809,0.306194,0,872.565057,scenario_002,medium
3924,826,6.619174,0.42559,0.265994,1,834.620992,scenario_002,medium
3925,826,9.976173,0.682893,0.493805,1,851.580837,scenario_002,medium
3926,826,1.802466,0.15989,0.504909,1,828.893183,scenario_002,short
3927,826,1.661718,0.276471,0.618488,0,833.016476,scenario_002,short
3928,826,2.2228,0.442192,0.767647,2,830.917155,scenario_002,short
3929,826,9.160506,0.247393,0.637131,0,858.661306,scenario_002,medium
3930,826,120.982097,0.573001,0.381308,0,1072.650916,scenario_002,long
3931,826,27.364094,0.359407,0.659087,0,895.392747,scenario_002,long
3932,826,6.63544,0.649298,0.507404,0,861.262341,scenario_002,medium
3933,826,11.445429,0.636578,0.500944,1,836.775958,scenario_002,medium
3934,826,2.085317,0.779711,0.630995,0,830.46591,scenario_002,short
3935,827,1.536845,0.320825,0.389419,0,831.718385,scenario_002,short
3936,827,2.708287,0.295942,0.223917,0,831.890512,scenario_002,short
3937,827,1.369572,0.19379,0.317454,0,834.261398,scenario_002,short
3938,827,8.716875,0.905058,0.787355,1,853.356,scenario_002,medium
3939,827,1.391001,0.306266,0.347496,0,831.411717,scenario_002,short
3940,827,2.197021,0.057398,0.266222,0,836.045674,scenario_002,short
3941,827,1.811406,0.342806,0.483162,0,832.402348,scenario_002,short
3942,827,70.980795,0.355515,0.200967,2,922.959273,scenario_002,long
3943,828,0.890643,0.173156,0.29682,2,829.213713,scenario_002,short
3944,828,1.382923,0.313843,0.243841,0,834.262728,scenario_002,short
3945,828,9.936839,0.495867,0.664025,0,883.665831,scenario_002,medium
3946,828,10.985302,0.303731,0.483824,0,881.875646,scenario_002,medium
3947,828,1.683851,0.526024,0.562994,0,834.558517,scenario_002,short
3948,828,12.36125,0.629974,0.631503,0,863.383818,scenario_002,medium
3949,828,8.826933,0.470731,0.238712,0,855.251202,scenario_002,medium
3950,828,1.271022,0.096106,0.113243,1,829.238112,scenario_002,short
3951,828,21.660772,0.28952,0.352534,0,867.707948,scenario_002,long
3952,828,1.29462,0.392009,0.843747,0,830.092288,scenario_002,short
3953,828,16.479956,0.636697,0.598621,0,883.686392,scenario_002,long
3954,828,4.407375,0.597174,0.968873,2,835.093727,scenario_002,medium
3955,828,2.04393,0.611943,0.646239,1,831.416063,scenario_002,short
3956,828,11.795073,0.334913,0.334282,2,836.95407,scenario_002,medium
3957,828,12.443138,0.943954,1.0,0,869.196359,scenario_002,medium
3958,828,73.156015,0.605573,0.397593,0,1200.31372,scenario_002,long
3959,829,9.278707,0.166644,0.146659,0,876.306032,scenario_002,medium
3960,829,1.674812,0.373552,0.297927,2,831.119804,scenario_002,short
3961,829,30.400061,1.0,0.718852,0,882.211312,scenario_002,medium
3962,829,1.664989,0.135207,0.157784,2,831.247186,scenario_002,short
3963,829,5.702201,0.26486,0.574651,0,851.359537,scenario_002,medium
3964,829,45.014369,0.389084,0.457308,1,940.027253,scenario_002,long
3965,829,1.803469,0.430496,0.342127,0,836.401611,scenario_002,short
3966,829,0.912529,0.269003,0.380577,0,831.598831,scenario_002,short
3967,829,1.890132,0.378963,0.449644,0,838.92207,scenario_002,short
3968,829,9.243541,0.596766,0.683827,0,846.669143,scenario_002,medium
3969,829,8.982147,0.332871,0.233016,0,853.244616,scenario_002,medium
3970,830,8.541222,0.491106,0.839504,1,840.588125,scenario_002,medium
3971,830,9.552711,0.643508,0.502255,0,859.989466,scenario_002,medium
3972,830,1.939839,0.589114,0.605892,0,835.425931,scenario_002,short
3973,830,37.986688,0.866991,0.701278,1,899.021084,scenario_002,long
3974,830,2.297165,0.389964,0.279392,0,840.94275,scenario_002,short
3975,830,9.919597,0.414204,0.839997,0,854.379252,scenario_002,medium
3976,830,1.244153,0.465957,0.423268,0,833.760815,scenario_002,short
3977,830,2.186836,0.525857,0.527206,0,833.636536,scenario_002,short
3978,830,1.272139,0.234409,0.177807,1,831.982393,scenario_002,short
3979,831,1.688728,0.406949,0.349337,0,838.679809,scenario_002,short
3980,831,1.433072,0.238965,0.1517,0,838.695396,scenario_002,short
3981,831,23.164953,0.376425,0.301154,1,863.360206,scenario_002,long
3982,831,51.957184,0.344173,0.477586,0,971.590847,scenario_002,long
3983,831,21.119397,0.419956,0.408818,0,887.435169,scenario_002,medium
3984,831,1.968414,0.796142,0.728557,2,832.640113,scenario_002,short
3985,831,8.150072,0.636904,0.615873,2,837.775476,scenario_002,medium
3986,832,3.23966,0.151681,0.332583,0,845.351862,scenario_002,short
3987,832,6.249676,0.523944,0.511254,0,851.685025,scenario_002,medium
3988,832,11.734927,0.262137,0.894284,1,860.472433,scenario_002,medium
3989,832,5.847783,0.609739,0.779294,0,851.036844,scenario_002,medium
3990,832,1.890193,0.079682,0.711617,0,838.545323,scenario_002,short
3991,832,1.750908,0.320786,0.407081,0,835.876238,scenario_002,short
3992,832,32.314994,0.843177,0.915523,1,930.705205,scenario_002,long
3993,832,21.383456,0.77561,0.666792,0,941.275354,scenario_002,long
3994,832,1.93346,0.425815,0.276383,0,841.424465,scenario_002,short
3995,832,9.305362,0.530723,0.44663,0,883.576169,scenario_002,medium
3996,832,1.223626,0.598142,0.690606,0,834.548752,scenario_002,short
3997,832,14.38941,0.54574,0.744221,0,900.071353,scenario_002,long
3998,832,8.704279,0.352284,0.284405,2,850.777243,scenario_002,medium
3999,832,13.171321,0.313587,0.218121,1,873.319556,scenario_002,medium
4000,832,58.344029,0.669228,0.477263,0,986.726238,scenario_002,long
4001,833,14.198947,0.48966,0.653881,0,902.979719,scenario_002,medium
4002,833,11.423365,0.220511,0.312762,0,853.199663,scenario_002,medium
4003,833,253.142633,0.828354,1.0,0,1643.685348,scenario_002,long
4004,833,2.486191,0.171126,0.258772,0,837.579615,scenario_002,short
4005,833,7.944865,0.852698,0.873058,2,848.15135,scenario_002,medium
4006,833,6.115461,0.387703,0.410457,0,866.363291,scenario_002,medium
4007,833,1.431826,0.271083,0.887788,0,838.553917,scenario_002,short
4008,834,37.278526,0.981529,1.0,0,896.149555,scenario_002,long
4009,834,1.901041,0.114693,0.717121,0,842.658077,scenario_002,short
4010,834,6.650299,0.526314,0.864432,0,856.975167,scenario_002,medium
4011,834,2.3473,0.152142,0.248484,0,846.202802,scenario_002,short
4012,834,1.97902,0.080151,0.113976,0,838.543375,scenario_002,short
4013,834,5.022407,0.286156,0.715693,1,847.420455,scenario_002,medium
4014,834,6.666933,0.66977,1.0,0,860.030307,scenario_002,medium
4015,834,15.5422,0.526506,0.70187,0,914.185799,scenario_002,medium
4016,834,9.237624,0.392383,0.197717,0,873.238011,scenario_002,medium
4017,834,2.238538,0.112606,0.33744,1,838.260809,scenario_002,short
4018,834,7.215368,1.0,0.910659,0,870.372971,scenario_002,medium
4019,834,6.079502,0.278569,0.35105,1,839.658272,scenario_002,medium
4020,834,1.454264,0.312514,0.388216,0,838.644952,scenario_002,short
4021,834,1.499652,0.363748,0.498564,0,839.45192,scenario_002,short
4022,835,14.367626,0.246564,0.422332,0,869.933278,scenario_002,medium
4023,835,1.685645,0.43591,0.438424,0,842.486397,scenario_002,short
4024,835,93.548045,0.516419,0.39439,0,1163.526907,scenario_002,long
4025,835,1.727188,0.653364,0.575088,1,838.249422,scenario_002,short
4026,835,1.751669,0.56243,0.419985,0,844.877395,scenario_002,short
4027,835,1.11276,0.179409,0.282767,0,838.555253,scenario_002,short
4028,835,2.340124,0.123507,0.30081,2,837.129688,scenario_002,short
4029,835,1.294834,0.359682,0.445288,0,839.63185,scenario_002,short
4030,835,57.192729,0.671735,0.526016,2,919.69075,scenario_002,long
4031,835,6.229279,0.474552,0.431598,0,845.627361,scenario_002,medium
4032,835,17.520103,1.0,0.75755,2,853.293352,scenario_002,medium
4033,836,1.913744,0.347754,0.939293,2,838.218694,scenario_002,short
4034,836,14.752733,0.218244,0.404208,0,875.287709,scenario_002,medium
4035,836,5.849429,1.0,0.95523,0,865.058966,scenario_002,medium
4036,836,11.027975,0.682299,0.639333,0,868.275103,scenario_002,medium
4037,836,1.604229,0.274589,0.327418,0,840.741089,scenario_002,short
4038,836,9.217735,0.165082,0.299284,2,856.225157,scenario_002,medium
4039,836,94.585359,0.428824,0.885394,0,1151.295539,scenario_002,long
4040,836,9.900828,0.610688,0.612688,0,868.255823,scenario_002,medium
4041,837,8.959071,0.525521,0.634083,2,850.082274,scenario_002,medium
4042,837,7.951092,0.926981,0.649673,1,862.733807,scenario_002,medium
4043,837,17.038923,0.783122,0.70714,0,895.253894,scenario_002,long
4044,837,1.291895,0.161067,0.278703,0,839.62674,scenario_002,short
4045,837,14.285933,0.523822,0.486092,1,858.86169,scenario_002,medium
4046,837,8.600773,0.495978,0.582555,1,850.376657,scenario_002,medium
4047,837,26.235205,0.336359,0.376749,2,859.981928,scenario_002,long
4048,837,1.089518,0.057216,0.097295,0,840.558732,scenario_002,short
4049,837,6.461529,0.532687,0.58419,0,869.77385,scenario_002,medium
4050,837,6.372905,0.664394,0.901472,0,862.350281,scenario_002,medium
4051,838,39.812148,0.645558,0.991544,1,885.132257,scenario_002,long
4052,838,5.674779,0.360106,0.446132,0,866.738026,scenario_002,medium
4053,838,9.235819,0.811152,0.76433,0,886.662999,scenario_002,medium
4054,838,6.832017,0.532777,0.477211,1,857.740135,scenario_002,medium
4055,838,1.662239,0.264921,0.446338,2,840.110164,scenario_002,short
4056,838,7.103473,0.174869,0.444903,0,870.089041,scenario_002,medium
4057,838,3.424819,0.127289,0.205438,0,846.051235,scenario_002,short
4058,838,8.331383,0.165477,0.114824,0,872.490217,scenario_002,medium
4059,839,1.831781,0.61491,0.537304,0,844.677369,scenario_002,short
4060,839,6.817554,0.424255,0.472222,0,873.185497,scenario_002,medium
4061,839,2.739772,0.413116,0.411444,0,845.135055,scenario_002,short
4062,839,1.078674,0.087611,0.266466,1,842.218822,scenario_002,short
4063,839,1.138707,0.197561,0.279387,2,840.358785,scenario_002,short
4064,839,1.284555,0.112083,0.300357,0,845.669701,scenario_002,short
4065,840,1.893382,0.122055,0.229585,2,843.949857,scenario_002,short
4066,840,1.325269,0.358629,0.390031,0,843.674532,scenario_002,short
4067,840,1.395626,0.501736,0.733672,1,843.208997,scenario_002,short
4068,840,2.14279,0.539552,0.607183,0,848.458995,scenario_002,short
4069,840,14.661214,0.990562,0.882729,0,866.846769,scenario_002,long
4070,840,12.81334,0.463613,0.686805,0,899.18658,scenario_002,medium
4071,840,127.261739,0.286766,0.899459,0,1111.332144,scenario_002,long
4072,840,1.797302,0.414819,0.878532,0,849.477216,scenario_002,short
4073,840,10.060177,0.476162,0.532965,0,887.344499,scenario_002,medium
4074,840,1.399648,0.422885,0.563801,0,842.274869,scenario_002,short
4075,840,8.619091,0.128343,0.487885,2,853.061399,scenario_002,medium
4076,840,35.784422,0.827027,1.0,0,1036.575963,scenario_002,long
4077,840,1.757732,0.244523,0.291076,2,843.120952,scenario_002,short
4078,840,5.679707,0.867003,0.913102,1,857.113927,scenario_002,medium
4079,840,1.915666,0.189495,0.156242,1,844.305791,scenario_002,short
4080,841,6.139079,0.739244,0.661759,0,863.283206,scenario_002,medium
4081,841,11.315876,0.387322,0.267119,0,903.590603,scenario_002,medium
4082,841,1.8715,0.101326,0.165608,0,845.697646,scenario_002,short
4083,841,2.553738,0.515541,0.392582,0,850.157082,scenario_002,short
4084,841,1.684191,0.172753,0.386806,0,847.791856,scenario_002,short
4085,841,2.275615,0.678053,0.693663,1,845.279503,scenario_002,short
4086,841,36.142941,0.606585,0.780569,0,995.495006,scenario_002,long
4087,841,6.508564,0.353521,0.523486,1,851.425172,scenario_002,medium
4088,841,9.0562,0.415342,0.595766,0,885.554672,scenario_002,medium
4089,841,1.071538,0.059753,0.43384,0,843.334907,scenario_002,short
4090,842,67.430249,0.422089,0.796662,0,1199.415985,scenario_002,long
4091,842,7.779518,0.702146,0.771437,2,857.547903,scenario_002,medium
4092,842,1.974466,0.679354,0.780515,0,847.560667,scenario_002,short
4093,842,1.847846,0.441453,0.411536,1,845.529472,scenario_002,short
4094,842,1.885826,0.395778,0.442238,1,846.500267,scenario_002,short
4095,842,11.093612,0.364812,0.320053,0,897.393765,scenario_002,medium
4096,842,2.365302,0.360499,0.529973,0,852.760343,scenario_002,short
4097,842,1.685757,0.3902,0.324823,1,846.743412,scenario_002,short
4098,842,1.835285,0.449615,0.442293,0,849.686593,scenario_002,short
4099,842,2.562369,0.338366,0.398066,0,852.117426,scenario_002,short
4100,842,8.320312,0.690037,0.935961,0,883.799288,scenario_002,medium
4101,842,7.619904,0.389869,0.26962,0,859.418398,scenario_002,medium
4102,843,1.340219,0.342647,0.935701,2,844.355637,scenario_002,short
4103,843,2.074828,0.136871,0.490891,0,847.190724,scenario_002,short
4104,843,41.6225,0.774991,0.644492,2,882.822398,scenario_002,long
4105,843,2.047549,0.166291,0.50593,0,847.623279,scenario_002,short
4106,843,9.123791,0.575168,0.812992,2,851.780061,scenario_002,medium
4107,843,13.540121,0.606825,0.46557,1,877.087997,scenario_002,medium
4108,843,8.830644,0.596397,0.489103,2,855.497894,scenario_002,medium
4109,843,1.459191,0.425138,0.851733,0,850.418222,scenario_002,short
4110,843,2.353971,0.596511,0.664399,2,844.75599,scenario_002,short
4111,843,1.405582,0.517053,0.649876,0,850.700305,scenario_002,short
4112,843,1.731335,0.646339,0.669772,1,847.315351,scenario_002,short
4113,843,4.818499,0.121472,0.459052,0,861.987064,scenario_002,medium
4114,843,1.606358,0.097262,0.648514,1,847.230402,scenario_002,short
4115,843,75.124293,0.758473,0.637694,0,1069.421265,scenario_002,long
4116,844,15.82092,0.210516,0.291943,2,864.822662,scenario_002,medium
4117,844,6.670001,0.810697,0.684619,2,852.256672,scenario_002,medium
4118,844,1.717342,0.371044,0.803902,0,850.944305,scenario_002,short
4119,844,12.197601,0.564378,0.587373,1,870.76287,scenario_002,medium
4120,845,8.534168,0.243055,0.340434,0,881.515559,scenario_002,medium
4121,845,1.617354,0.43374,0.705449,0,852.768599,scenario_002,short
4122,845,36.707764,0.804086,0.691961,0,977.788464,scenario_002,long
4123,845,8.271317,0.608095,0.409697,0,872.913002,scenario_002,medium
4124,845,1.738286,0.329424,0.484063,2,846.181231,scenario_002,short
4125,846,4.337328,0.49426,0.597759,1,853.822294,scenario_002,medium
4126,846,6.481299,0.216867,0.385098,2,850.443184,scenario_002,medium
4127,846,18.746861,0.615622,0.443585,0,939.433553,scenario_002,medium
4128,846,8.013821,0.860907,0.954791,0,869.021994,scenario_002,medium
4129,846,2.850084,0.079406,0.112797,2,851.151849,scenario_002,short
4130,846,1.258267,0.568684,0.527626,0,849.186324,scenario_002,short
4131,846,1.386063,0.685061,0.90069,0,849.749616,scenario_002,short
4132,846,1.32999,0.292603,0.253578,1,849.486811,scenario_002,short
4133,846,11.662952,0.368933,0.285665,2,870.859546,scenario_002,medium
4134,846,4.596624,0.688643,0.656493,0,863.22781,scenario_002,medium
4135,846,2.426701,0.284373,0.721299,0,851.62465,scenario_002,short
4136,846,1.78971,0.175511,0.335424,2,847.322,scenario_002,short
4137,847,1.564496,0.101266,0.708307,0,852.860998,scenario_002,short
4138,847,16.973665,0.833024,0.659094,0,879.209011,scenario_002,long
4139,847,16.344885,0.939254,0.814782,0,874.45613,scenario_002,medium
4140,847,1.294582,0.646571,0.627913,0,851.991942,scenario_002,short
4141,847,1.560794,0.318828,0.355702,1,851.780205,scenario_002,short
4142,847,1.689387,0.444018,0.568355,0,854.253386,scenario_002,short
4143,847,7.134763,0.540197,0.558847,0,860.340967,scenario_002,medium
4144,848,2.684031,0.26898,0.452604,2,853.070169,scenario_002,short
4145,848,4.950074,0.326583,0.282132,0,874.981147,scenario_002,medium
4146,848,9.911581,0.562168,0.957679,0,873.680699,scenario_002,medium
4147,848,1.248841,0.436677,0.43803,2,850.349801,scenario_002,short
4148,848,6.545184,0.246241,0.222229,2,857.366303,scenario_002,medium
4149,849,9.66117,0.589409,0.541347,0,896.845624,scenario_002,medium
4150,849,79.956599,0.955874,0.726188,0,1176.565442,scenario_002,long
4151,849,2.045618,0.707809,1.0,0,857.04029,scenario_002,short
4152,849,8.982048,0.233257,0.155782,1,867.006881,scenario_002,medium
4153,850,23.580224,0.187888,0.539507,0,903.497485,scenario_002,medium
4154,850,1.353134,0.308313,0.689613,2,851.470641,scenario_002,short
4155,850,2.100206,0.847202,1.0,2,852.256532,scenario_002,short
4156,850,1.643414,0.219113,0.228169,0,857.857698,scenario_002,short
4157,850,1.758322,0.193921,0.473664,0,853.38638,scenario_002,short
4158,850,16.087387,0.556858,0.581738,0,905.318634,scenario_002,medium
4159,851,13.319173,0.924061,0.748894,0,919.221761,scenario_002,medium
4160,851,8.465283,0.648496,0.910253,0,893.605953,scenario_002,medium
4161,851,18.112346,0.716268,0.442891,0,952.41912,scenario_002,medium
4162,851,77.435526,1.0,0.715835,0,1152.853897,scenario_002,long
4163,851,7.196473,0.165388,0.399664,0,870.022982,scenario_002,medium
4164,851,7.66905,0.71296,0.692216,2,862.216839,scenario_002,medium
4165,851,1.86793,0.208626,0.288934,0,856.411695,scenario_002,short
4166,851,14.460461,0.525612,0.381528,1,884.212386,scenario_002,medium
4167,851,9.560005,0.269864,0.285542,1,870.904086,scenario_002,medium
4168,852,11.976076,0.358185,0.408744,2,866.398848,scenario_002,medium
4169,852,1.619788,0.401307,0.786888,0,854.893682,scenario_002,short
4170,852,1.316459,0.147985,0.394436,0,854.987766,scenario_002,short
4171,852,1.53627,0.107112,0.262801,0,857.400307,scenario_002,short
4172,852,1.279955,0.27511,0.568133,2,853.269429,scenario_002,short
4173,852,1.506508,0.093597,0.156346,0,859.118389,scenario_002,short
4174,852,1.294455,0.185646,0.404278,0,857.868444,scenario_002,short
4175,852,2.67508,0.115258,0.278343,2,857.851227,scenario_002,short
4176,853,2.81551,0.658108,0.872906,2,857.550835,scenario_002,short
4177,853,5.704934,0.598147,0.802958,0,882.194755,scenario_002,medium
4178,853,18.603666,0.300908,0.995272,2,887.6132,scenario_002,medium
4179,853,4.755955,0.392347,0.267169,0,867.818786,scenario_002,medium
4180,853,1.999888,0.235311,0.252755,0,856.197622,scenario_002,short
4181,853,1.13569,0.263716,0.097417,0,857.03174,scenario_002,short
4182,853,1.95549,0.45994,0.846944,0,856.625768,scenario_002,short
4183,853,9.732963,0.488248,0.575726,0,871.164189,scenario_002,medium
4184,854,10.563086,0.595883,0.582048,0,885.083085,scenario_002,medium
4185,854,2.137118,0.727816,0.575867,0,858.347104,scenario_002,short
4186,854,8.02321,0.576668,1.0,1,872.756474,scenario_002,medium
4187,854,2.414831,0.587927,0.496836,0,864.75755,scenario_002,short
4188,854,8.453972,0.40844,0.631806,0,887.839887,scenario_002,medium
4189,854,6.3743,0.615162,0.740093,0,867.199605,scenario_002,medium
4190,854,10.729047,0.683268,0.58409,0,902.242932,scenario_002,medium
4191,855,18.108217,0.206085,0.296096,0,895.610516,scenario_002,medium
4192,855,1.268903,0.105886,0.403888,0,857.418833,scenario_002,short
4193,855,2.199434,0.17306,0.283464,0,858.834301,scenario_002,short
4194,855,36.294243,0.659784,0.618865,1,924.758642,scenario_002,long
4195,855,1.200945,0.18326,0.266505,0,857.417086,scenario_002,short
4196,855,1.634158,0.121246,0.148313,0,861.721946,scenario_002,short
4197,855,2.829223,0.170306,0.386803,0,863.242408,scenario_002,short
4198,856,1.521965,0.270135,0.61436,0,864.327358,scenario_002,short
4199,856,1.22764,0.490365,0.507266,0,861.324927,scenario_002,short
4200,856,24.637328,0.890721,0.965657,0,968.729788,scenario_002,long
4201,856,1.635288,0.061752,0.457438,0,864.551345,scenario_002,short
4202,856,4.271221,0.148805,0.240976,0,868.229056,scenario_002,short
4203,856,1.622751,0.730262,0.866865,0,861.179801,scenario_002,short
4204,856,1.484954,0.419753,0.635499,0,861.683106,scenario_002,short
4205,857,1.816275,0.077643,0.05,0,862.936599,scenario_002,short
4206,857,1.45343,0.443593,0.520375,1,860.305775,scenario_002,short
4207,857,11.636557,0.468665,0.622055,0,900.619847,scenario_002,long
4208,858,1.921628,0.433212,0.834801,1,861.319163,scenario_002,short
4209,858,1.568331,0.054653,0.407548,0,860.539353,scenario_002,short
4210,858,4.367014,0.438239,0.629331,0,880.744633,scenario_002,medium
4211,858,7.476122,0.759728,0.719562,0,875.473225,scenario_002,medium
4212,858,9.254818,0.177807,0.182036,1,878.422529,scenario_002,medium
4213,858,3.599278,0.221497,0.125918,2,863.829906,scenario_002,short
4214,858,22.660729,0.986441,0.848599,0,979.769625,scenario_002,long
4215,859,2.500828,0.272467,0.117478,0,864.647586,scenario_002,short
4216,859,19.177498,0.451094,0.511622,2,872.185039,scenario_002,medium
4217,859,1.838709,0.40757,0.598987,0,868.492885,scenario_002,short
4218,859,23.36415,0.873667,0.756233,0,981.609699,scenario_002,long
4219,859,7.439374,0.781549,0.955666,0,872.73277,scenario_002,medium
4220,859,1.214816,0.188189,0.258203,0,861.076749,scenario_002,short
4221,859,1.430961,0.280843,0.676808,0,862.328717,scenario_002,short
4222,859,1.632114,0.070763,0.264025,0,867.995798,scenario_002,short
4223,859,37.751583,0.573082,0.639132,2,920.375065,scenario_002,long
4224,859,2.07749,0.773725,0.610771,1,863.469624,scenario_002,short
4225,859,50.706857,0.831659,0.83645,0,1113.067441,scenario_002,long
4226,859,11.5703,0.194169,0.247467,0,886.076385,scenario_002,medium
4227,859,1.986855,0.058914,0.284,0,865.066642,scenario_002,short
4228,859,135.977081,0.693281,1.0,0,1554.707496,scenario_002,long
4229,859,1.355256,0.406612,0.588962,2,860.189831,scenario_002,short
4230,859,2.133907,0.311882,0.763311,0,870.694587,scenario_002,short
4231,859,2.650836,0.175342,0.300026,0,863.292085,scenario_002,short
4232,859,19.671013,0.504073,0.801908,1,891.901663,scenario_002,long
4233,859,12.159835,0.675,1.0,0,880.14024,scenario_002,medium
4234,859,1.781604,0.362486,0.257377,2,862.453998,scenario_002,short
4235,860,11.484851,0.502377,0.641996,0,894.580512,scenario_002,medium
4236,860,2.244445,0.237294,0.491376,1,865.854679,scenario_002,short
4237,861,60.574726,1.0,0.917225,1,984.218478,scenario_002,long
4238,861,4.536506,0.514835,0.547558,0,873.669769,scenario_002,medium
4239,861,1.556321,0.390082,0.353453,0,864.865591,scenario_002,short
4240,861,10.034202,0.502151,0.759405,0,879.44898,scenario_002,long
4241,861,10.84051,0.171261,0.314216,2,882.400661,scenario_002,medium
4242,861,1.004996,0.752979,0.922893,0,866.451393,scenario_002,short
4243,861,10.25111,0.911567,0.835851,1,882.196816,scenario_002,medium
4244,862,23.890358,0.49564,0.792862,0,940.926799,scenario_002,long
4245,862,1.45383,0.430713,0.857326,0,866.242367,scenario_002,short
4246,862,4.66776,0.2543,0.391851,1,873.821689,scenario_002,medium
4247,862,46.437276,0.471486,0.685503,1,938.783723,scenario_002,long
4248,862,1.683908,0.168814,0.131889,1,864.707941,scenario_002,short
4249,862,1.308067,0.624087,0.694256,0,865.229547,scenario_002,short
4250,862,11.80985,0.164178,0.266684,0,928.305986,scenario_002,medium
4251,863,19.314047,0.977332,1.0,2,897.158424,scenario_002,long
4252,863,11.912219,0.95579,0.930676,1,893.130573,scenario_002,medium
4253,863,1.317768,0.348836,0.224192,1,866.448076,scenario_002,short
4254,863,4.986979,0.269369,0.251273,1,875.261506,scenario_002,medium
4255,863,1.133551,0.160766,0.420223,0,867.913649,scenario_002,short
4256,863,1.220756,0.287567,0.393177,1,865.461196,scenario_002,short
4257,863,1.913188,0.731198,0.814746,0,873.346624,scenario_002,short
4258,864,2.452064,0.210445,0.362517,0,874.914542,scenario_002,short
4259,864,1.850119,0.065841,0.316263,0,872.208761,scenario_002,short
4260,864,96.462129,0.830899,0.974775,0,1217.959518,scenario_002,long
4261,864,8.217425,0.372911,0.563415,1,881.012688,scenario_002,medium
4262,864,1.079668,0.137833,0.61191,1,865.697385,scenario_002,short
4263,864,1.813483,0.203362,0.32399,0,868.327653,scenario_002,short
4264,865,7.369944,0.154094,0.05,1,873.841506,scenario_002,medium
4265,865,69.736546,0.447992,0.297865,0,1151.111473,scenario_002,long
4266,865,8.230459,0.789894,0.927343,0,897.997271,scenario_002,medium
4267,865,1.426323,0.268405,0.498521,0,872.622528,scenario_002,short
4268,865,48.183211,0.832029,0.896783,0,1000.707464,scenario_002,long
4269,865,1.608209,0.330859,0.53562,1,867.254343,scenario_002,short
4270,865,40.742298,0.517815,0.721178,2,891.978218,scenario_002,long
4271,866,6.952373,0.363924,0.596014,2,870.663383,scenario_002,medium
4272,866,1.920969,0.25763,0.552033,1,869.823019,scenario_002,short
4273,866,104.770359,1.0,0.823525,0,1039.661871,scenario_002,long
4274,866,10.507549,0.717616,0.543792,0,888.602216,scenario_002,long
4275,866,91.937538,1.0,0.880688,0,1178.897867,scenario_002,long
4276,866,6.324786,0.547216,0.692,0,888.416758,scenario_002,medium
4277,866,1.596226,0.414738,0.519181,2,868.70217,scenario_002,short
4278,866,10.507073,0.930099,0.857724,0,888.22256,scenario_002,medium
4279,866,9.245782,0.455195,0.842673,0,902.023036,scenario_002,medium
4280,866,1.971543,0.278484,0.379526,1,872.166813,scenario_002,short
4281,867,2.080769,0.299285,0.623865,0,872.256124,scenario_002,short
4282,867,9.086393,0.131017,0.566767,2,883.178201,scenario_002,medium
4283,868,2.173598,0.499929,0.368123,2,869.709825,scenario_002,short
4284,868,8.265426,0.212276,0.404074,0,889.789551,scenario_002,medium
4285,868,13.243681,0.837979,0.864954,0,940.609733,scenario_002,long
4286,868,1.621101,0.267708,0.108273,0,874.730622,scenario_002,short
4287,868,124.261665,0.89591,0.955535,0,1102.488912,scenario_002,long
4288,869,2.037543,0.826496,1.0,0,876.553879,scenario_002,short
4289,869,1.994164,0.089803,0.094579,0,872.938285,scenario_002,short
4290,869,1.531157,0.084651,0.29556,0,874.389824,scenario_002,short
4291,869,2.406876,0.519423,0.475313,0,878.427256,scenario_002,short
4292,869,1.270604,0.174728,0.212901,0,875.416267,scenario_002,short
4293,869,1.506534,0.222092,0.308884,0,871.469111,scenario_002,short
4294,870,11.439886,0.449418,0.408461,0,891.291018,scenario_002,medium
4295,870,9.944634,0.637928,0.575149,1,893.015595,scenario_002,medium
4296,870,1.89438,0.154466,0.381275,0,873.20614,scenario_002,short
4297,870,1.175687,0.533761,0.65688,0,873.385682,scenario_002,short
4298,870,1.58048,0.39848,0.364349,1,873.237045,scenario_002,short
4299,870,56.929745,0.910093,0.734232,2,912.0604,scenario_002,long
4300,870,1.972879,0.168931,0.335916,0,873.778503,scenario_002,short
4301,871,1.54343,0.634389,0.495207,1,873.554536,scenario_002,short
4302,871,1.996742,0.460836,0.481646,0,877.653049,scenario_002,short
4303,871,1.263445,0.107526,0.05,1,873.762271,scenario_002,short
4304,871,1.757952,0.106522,0.400196,0,876.395221,scenario_002,short
4305,872,8.276904,0.789236,1.0,2,887.631686,scenario_002,medium
4306,872,2.220849,0.509665,0.389621,0,878.801459,scenario_002,short
4307,872,2.161584,0.449559,0.482935,1,878.153232,scenario_002,short
4308,872,1.776122,0.208334,0.333206,0,874.978598,scenario_002,short
4309,872,92.606228,0.789477,0.883679,1,996.311986,scenario_002,long
4310,872,6.563875,0.286996,0.432535,0,905.346642,scenario_002,medium
4311,872,13.465004,0.589668,0.558596,0,894.113877,scenario_002,medium
4312,873,38.481247,0.90259,0.984978,0,1018.717841,scenario_002,long
4313,873,1.280459,0.180928,0.423135,0,877.650982,scenario_002,short
4314,873,11.182871,0.193574,0.507472,0,934.959022,scenario_002,medium
4315,874,1.993783,0.243445,0.335061,1,878.3304,scenario_002,short
4316,874,1.080408,0.159654,0.138976,0,879.28644,scenario_002,short
4317,874,1.789343,0.363963,0.743943,1,878.888046,scenario_002,short
4318,874,10.253991,0.637001,0.870477,0,896.021973,scenario_002,medium
4319,875,35.314566,0.394523,0.593425,1,962.016815,scenario_002,long
4320,875,1.661103,0.41758,0.373736,1,877.45616,scenario_002,short
4321,875,10.416039,0.216853,0.348802,0,892.119912,scenario_002,medium
4322,875,1.485369,0.275664,0.344453,2,876.341116,scenario_002,short
4323,875,1.081577,0.488961,0.53405,0,876.902869,scenario_002,short
4324,876,9.318189,0.211597,0.609488,0,898.686526,scenario_002,medium
4325,876,2.284113,0.409494,0.490432,0,888.653861,scenario_002,short
4326,876,1.758031,0.821335,0.764906,1,878.40693,scenario_002,short
4327,877,7.559546,0.907397,0.82717,0,901.872243,scenario_002,medium
4328,877,2.69031,0.271498,0.843213,0,883.103337,scenario_002,short
4329,877,8.675727,0.684765,0.751465,2,886.756891,scenario_002,medium
4330,877,1.798734,0.50118,0.350745,0,881.816011,scenario_002,short
4331,877,9.443624,0.507724,0.594025,0,920.990229,scenario_002,long
4332,877,1.570116,0.423675,1.0,2,880.110458,scenario_002,short
4333,877,2.622827,0.435842,0.383239,0,882.382339,scenario_002,short
4334,877,8.763279,0.692493,0.727375,0,897.77555,scenario_002,medium
4335,878,49.469754,1.0,0.925745,0,1086.285993,scenario_002,long
4336,878,8.087518,0.687617,0.625555,1,902.078102,scenario_002,medium
4337,878,1.664268,0.27794,0.487422,0,883.514611,scenario_002,short
4338,878,1.253574,0.143401,0.27415,0,883.808798,scenario_002,short
4339,878,4.669599,0.098799,0.335459,0,888.323245,scenario_002,short
4340,878,13.086973,0.550299,0.535146,2,889.975213,scenario_002,long
4341,878,45.784425,1.0,0.654722,0,1100.517372,scenario_002,long
4342,879,10.891524,0.809283,0.981642,0,915.00958,scenario_002,medium
4343,879,7.483366,0.129225,0.317064,0,902.061268,scenario_002,medium
4344,879,1.393114,0.223764,0.163153,2,880.541824,scenario_002,short
4345,879,2.448526,0.306184,0.238638,2,882.746004,scenario_002,short
4346,879,1.005102,0.146123,0.2374,0,883.810845,scenario_002,short
4347,880,12.766259,0.672529,0.508365,0,905.590878,scenario_002,medium
4348,880,11.05072,0.662412,0.395765,2,887.633546,scenario_002,medium
4349,880,7.832377,0.34537,0.432182,0,902.492217,scenario_002,medium
4350,880,6.333324,0.968808,0.94193,0,898.248388,scenario_002,medium
4351,881,12.045566,0.368119,0.793731,1,895.393267,scenario_002,medium
4352,881,32.235458,0.805937,0.832839,2,943.093079,scenario_002,long
4353,881,8.924722,0.705217,0.948393,1,893.750676,scenario_002,medium
4354,881,1.853902,0.245394,0.341745,1,883.833436,scenario_002,short
4355,881,1.152007,0.597076,0.42968,1,882.354951,scenario_002,short
4356,881,6.046113,0.5255,0.78901,1,899.227736,scenario_002,long
4357,882,1.648786,0.36443,0.487757,2,884.501548,scenario_002,short
4358,882,1.405769,0.194507,0.438353,0,885.912349,scenario_002,short
4359,882,16.619544,0.9435,0.739239,0,975.420581,scenario_002,long
4360,882,1.535489,0.251826,0.31167,2,883.589701,scenario_002,short
4361,882,6.772694,0.335055,0.647839,0,918.303286,scenario_002,medium
4362,882,2.373166,0.306146,0.651784,0,885.941177,scenario_002,short
4363,883,2.806858,0.157807,0.118324,2,888.270504,scenario_002,short
4364,883,15.994359,0.541888,0.552217,1,922.799467,scenario_002,medium
4365,884,6.081069,0.417614,0.335045,0,918.169787,scenario_002,medium
4366,884,1.608589,0.427424,0.358196,2,885.508774,scenario_002,short
4367,884,1.67343,0.19094,0.338694,0,888.393917,scenario_002,short
4368,884,7.034426,0.407354,0.373997,0,920.315183,scenario_002,medium
4369,885,1.734348,0.420175,0.309138,0,891.156961,scenario_002,short
4370,885,9.940716,0.760367,0.708684,0,939.940455,scenario_002,medium
4371,885,1.328756,0.086508,0.542532,2,886.361652,scenario_002,short
4372,885,1.874616,0.104606,0.142924,0,890.688888,scenario_002,short
4373,885,0.703711,0.722001,0.885219,2,886.0,scenario_002,short
4374,886,9.475983,0.889798,0.884416,0,917.865309,scenario_002,medium
4375,886,9.743111,0.847988,1.0,0,904.252425,scenario_002,medium
4376,886,10.083184,0.895315,0.769411,1,914.004076,scenario_002,medium
4377,886,1.877029,0.072878,0.277082,0,893.395688,scenario_002,short
4378,886,8.354002,0.217117,0.222927,0,924.411828,scenario_002,medium
4379,886,1.106113,0.116999,0.274919,0,890.312026,scenario_002,short
4380,887,19.91031,0.373311,0.583711,1,948.329561,scenario_002,medium
4381,887,11.723195,0.162203,0.786164,0,925.200248,scenario_002,medium
4382,887,1.480334,0.237913,0.258987,0,892.477505,scenario_002,short
4383,887,10.252984,0.686806,0.595548,0,932.035491,scenario_002,medium
4384,889,2.471056,0.108147,0.34786,0,893.531659,scenario_002,short
4385,889,1.857158,0.075913,0.254044,0,892.258899,scenario_002,short
4386,889,10.662285,0.306267,0.570228,0,932.716207,scenario_002,medium
4387,889,7.616259,0.753883,0.818226,0,925.775466,scenario_002,medium
4388,889,1.382268,0.239399,0.186245,0,893.149988,scenario_002,short
4389,889,57.685686,0.988208,0.911668,0,1038.423751,scenario_002,long
4390,889,2.211072,0.723204,0.690284,0,895.794501,scenario_002,short
4391,890,1.384221,0.64194,0.949226,2,891.438276,scenario_002,short
4392,890,2.386312,0.052184,0.355929,0,894.461496,scenario_002,short
4393,890,1.821769,0.231189,0.407127,0,896.645912,scenario_002,short
4394,891,20.595787,0.370827,0.667717,0,946.257307,scenario_002,long
4395,891,1.468934,0.39027,0.331505,0,899.040773,scenario_002,short
4396,891,27.837631,1.0,1.0,2,912.643962,scenario_002,long
4397,891,1.043534,0.185747,0.575476,0,896.74574,scenario_002,short
4398,892,9.187548,0.505812,0.681219,0,909.821739,scenario_002,medium
4399,892,2.546165,0.350397,0.503827,2,893.693306,scenario_002,short
4400,892,6.068878,0.618469,0.482273,2,899.997756,scenario_002,medium
4401,892,1.967511,0.191723,0.680748,0,899.648537,scenario_002,short
4402,892,8.034859,0.663121,0.824257,1,916.532276,scenario_002,medium
4403,892,8.193994,1.0,1.0,1,915.518657,scenario_002,medium
4404,892,11.216539,0.404962,0.353938,1,918.83964,scenario_002,medium
4405,892,32.91048,0.987558,0.94136,0,1061.934488,scenario_002,long
4406,892,2.214999,0.384243,0.475371,0,901.930195,scenario_002,short
4407,894,5.775097,0.644017,1.0,0,916.478775,scenario_002,medium
4408,895,8.394099,0.42432,0.604552,0,908.185493,scenario_002,medium
4409,895,2.023871,0.123877,0.354484,2,898.901826,scenario_002,short
4410,895,29.064966,0.617448,0.379715,0,1056.966448,scenario_002,long
4411,895,18.695408,0.408086,0.305381,2,909.794645,scenario_002,long
4412,895,8.642823,0.657495,0.636245,2,912.511038,scenario_002,long
4413,895,1.94495,0.275808,0.683683,1,900.33454,scenario_002,short
4414,896,18.507807,0.367202,0.559736,1,936.546226,scenario_002,medium
4415,896,5.773113,0.470558,0.384786,0,913.486688,scenario_002,medium
4416,896,1.817313,0.816678,0.676184,2,898.249736,scenario_002,short
4417,897,2.067445,0.524697,0.452618,1,902.995874,scenario_002,short
4418,897,57.38184,0.371724,0.425799,1,1027.889302,scenario_002,long
4419,898,1.47869,0.681606,0.764052,0,901.427625,scenario_002,short
4420,898,1.520824,0.796851,0.7961,0,903.377368,scenario_002,short
4421,898,3.135029,1.0,0.77425,0,912.25,scenario_002,medium
4422,899,6.969075,1.0,0.964322,0,915.06233,scenario_002,medium
4423,899,1.589202,0.189826,0.542345,0,907.782356,scenario_002,short
4424,900,61.929101,0.373193,0.398527,2,956.151602,scenario_002,long
4425,900,1.387182,0.423036,0.598571,0,903.208714,scenario_002,short
4426,900,6.050533,0.362679,0.629021,0,922.066672,scenario_002,medium
4427,900,1.78206,0.13813,0.390144,0,903.543477,scenario_002,short
4428,900,1.673255,0.089618,0.430078,1,903.099808,scenario_002,short
4429,901,2.332923,0.798682,0.816798,0,905.363084,scenario_002,short
4430,901,1.940401,0.653615,0.568801,0,904.225792,scenario_002,short
4431,902,1.472002,0.309876,0.496114,0,910.080106,scenario_002,short
4432,903,7.49024,0.475975,0.426467,1,919.578735,scenario_002,medium
4433,903,185.797608,1.0,0.640853,0,1500.167053,scenario_002,long
4434,903,1.506168,0.127988,0.27765,1,905.786663,scenario_002,short
4435,904,1.998917,0.154822,0.449809,0,907.554365,scenario_002,short
4436,904,1.154618,0.5176,0.500406,2,906.252079,scenario_002,short
4437,904,11.143263,0.65184,0.647773,0,963.452709,scenario_002,medium
4438,904,7.573331,0.277496,0.442227,0,919.761913,scenario_002,medium
4439,905,2.032523,0.649778,0.469552,0,912.130198,scenario_002,short
4440,905,27.661649,0.701048,0.658694,0,1057.726344,scenario_002,long
4441,905,56.758793,0.628748,0.589211,0,1131.368776,scenario_002,long
4442,906,9.413886,0.455933,0.614127,1,921.472856,scenario_002,medium
4443,906,9.097815,0.305183,0.20113,1,921.563188,scenario_002,medium
4444,906,14.890066,0.584155,0.935015,0,933.09505,scenario_002,long
4445,907,7.937694,1.0,1.0,0,928.195348,scenario_002,medium
4446,907,7.444802,0.980609,0.881866,0,928.872457,scenario_002,medium
4447,908,129.18128,0.960887,0.708212,0,1200.258669,scenario_002,long
4448,909,1.505485,0.350385,0.456084,0,915.640546,scenario_002,short
4449,909,1.955036,0.120733,0.35843,0,917.976127,scenario_002,short
4450,909,9.720882,0.651746,0.836826,1,932.786723,scenario_002,medium
4451,909,1.965113,0.187568,0.294428,2,910.573543,scenario_002,short
4452,909,9.001236,0.296553,0.417411,2,919.423395,scenario_002,medium
4453,909,1.196304,0.080309,0.44628,0,912.328124,scenario_002,short
4454,909,1.211886,0.321011,0.71375,1,911.674807,scenario_002,short
4455,909,3.172875,0.532397,0.518302,2,912.330335,scenario_002,short
4456,909,1.670498,0.288502,0.39229,2,911.390761,scenario_002,short
4457,909,3.877675,0.528167,0.486881,2,912.09458,scenario_002,medium
4458,909,31.830739,0.619746,1.0,2,928.204844,scenario_002,long
4459,909,12.412076,0.694294,0.797108,0,965.019993,scenario_002,medium
4460,909,0.976086,0.28808,0.204138,0,913.050645,scenario_002,short
4461,910,1.16474,0.172162,0.497517,0,914.387491,scenario_002,short
4462,910,1.824569,0.379455,0.372703,0,914.720456,scenario_002,short
4463,910,11.091247,0.506502,0.427328,0,957.196061,scenario_002,medium
4464,910,15.90603,0.538754,0.517125,0,938.252929,scenario_002,medium
4465,910,2.297726,0.151443,0.426945,0,920.538877,scenario_002,short
4466,911,1.916349,0.596083,0.757983,1,915.152733,scenario_002,short
4467,911,41.265116,0.927271,0.839327,2,963.520863,scenario_002,long
4468,911,13.035631,0.542663,0.379645,1,940.669032,scenario_002,medium
4469,911,7.678991,0.33617,0.501976,1,921.651942,scenario_002,medium
4470,911,12.434785,0.422813,0.491989,0,944.933838,scenario_002,medium
4471,911,11.236101,0.689532,0.552819,1,936.800402,scenario_002,medium
4472,911,132.504724,0.770858,0.805223,0,1529.204099,scenario_002,long
4473,912,16.410108,0.695379,0.927197,0,954.251409,scenario_002,medium
4474,912,2.715003,0.311363,0.811495,0,917.034083,scenario_002,short
4475,912,8.704416,0.421664,0.347278,0,926.475595,scenario_002,medium
4476,913,10.894767,0.366606,0.374667,0,937.731301,scenario_002,long
4477,913,17.578389,0.706882,0.543056,1,930.233985,scenario_002,long
4478,913,9.393288,0.124045,0.305069,0,940.937225,scenario_002,medium
4479,913,22.779028,0.89428,0.699351,0,987.725845,scenario_002,long
4480,913,1.890193,0.385577,0.335135,0,921.229678,scenario_002,short
4481,913,13.237254,0.717261,0.713826,0,952.772608,scenario_002,medium
4482,913,1.905444,0.727726,0.700582,0,923.372736,scenario_002,short
4483,913,14.61693,0.912915,0.904357,0,942.473204,scenario_002,long
4484,913,1.083036,0.798447,0.583147,2,915.180207,scenario_002,short
4485,913,1.593701,0.619815,0.442319,1,917.037848,scenario_002,short
4486,913,14.419247,0.282546,0.483067,1,929.298656,scenario_002,medium
4487,914,23.732711,0.802769,0.872292,2,952.576939,scenario_002,long
4488,914,1.948937,0.184147,0.383291,0,919.567282,scenario_002,short
4489,914,1.765328,0.467512,0.985024,0,918.655812,scenario_002,short
4490,914,8.433979,0.130014,0.201109,2,919.871648,scenario_002,medium
4491,914,14.563576,1.0,0.859264,1,954.661889,scenario_002,long
4492,914,1.575249,0.642709,0.758008,2,917.216189,scenario_002,short
4493,914,7.270741,0.274545,0.485483,0,930.069481,scenario_002,medium
4494,914,6.109997,0.483323,0.612071,2,927.299369,scenario_002,medium
4495,914,1.470239,0.158165,0.143312,2,917.033822,scenario_002,short
4496,914,23.753367,0.722228,0.705648,0,1004.546851,scenario_002,long
4497,915,2.040451,0.395179,0.772238,1,921.337903,scenario_002,short
4498,915,3.327791,0.333187,0.399227,0,932.893243,scenario_002,short
4499,915,1.319018,0.43941,0.306398,0,917.317902,scenario_002,short
4500,915,1.69728,0.083348,0.236228,0,921.800372,scenario_002,short
4501,915,11.613042,0.364108,0.679123,2,935.018177,scenario_002,medium
4502,915,11.046069,0.601006,0.55869,2,922.530472,scenario_002,medium
4503,915,1.658047,0.560567,0.463786,0,924.048362,scenario_002,short
4504,916,7.96537,0.730424,1.0,1,925.426837,scenario_002,long
4505,916,1.8058,0.40307,0.625466,0,925.957515,scenario_002,short
4506,917,1.063993,0.333364,0.391665,0,919.562589,scenario_002,short
4507,917,8.220405,0.690906,0.719823,1,934.421164,scenario_002,medium
4508,918,16.515379,0.655392,0.652891,1,937.635204,scenario_002,medium
4509,918,1.773242,0.130805,0.163863,1,919.790411,scenario_002,short
4510,918,7.418191,0.963113,1.0,0,959.362807,scenario_002,medium
4511,919,28.407768,0.839998,0.923693,1,953.624967,scenario_002,long
4512,919,0.99458,0.080158,0.0961,0,922.267814,scenario_002,short
4513,920,1.772923,0.141034,0.20094,0,924.992896,scenario_002,short
4514,920,3.825768,0.223727,0.246713,0,940.784369,scenario_002,short
4515,922,27.902386,0.289062,0.661755,1,973.117599,scenario_002,long
4516,922,16.05628,0.130484,0.401673,0,963.276014,scenario_002,medium
4517,922,11.483421,0.261235,0.492704,2,943.015055,scenario_002,medium
4518,923,76.167465,1.0,0.861126,0,1211.386907,scenario_002,long
4519,923,12.149613,0.388322,0.481882,0,981.664355,scenario_002,medium
4520,923,1.307974,0.37649,0.432669,0,925.00675,scenario_002,short
4521,924,11.38596,0.287126,0.65817,0,967.841928,scenario_002,medium
4522,924,11.191141,0.179549,0.541813,1,943.874719,scenario_002,medium
4523,924,6.154545,0.536543,0.454704,0,939.716552,scenario_002,medium
4524,924,10.181053,0.469202,0.444942,2,942.498406,scenario_002,medium
4525,925,1.269137,0.239696,0.428734,2,926.996101,scenario_002,short
4526,925,1.818253,0.300415,0.233144,0,933.610507,scenario_002,short
4527,925,13.326084,0.68203,0.605188,0,958.075142,scenario_002,medium
4528,926,9.741575,0.153789,0.333058,0,963.057071,scenario_002,medium
4529,926,1.4182,0.402106,0.588032,2,927.146692,scenario_002,short
4530,927,18.469169,0.390227,0.718733,1,966.297678,scenario_002,medium
4531,927,1.429194,0.30567,0.522612,0,931.05779,scenario_002,short
4532,927,2.374656,0.060903,0.387822,2,931.431446,scenario_002,short
4533,928,12.255889,0.355165,0.482146,0,993.415316,scenario_002,medium
4534,929,1.473443,0.346753,0.382018,0,931.575527,scenario_002,short
4535,929,71.617456,0.666718,0.691653,2,1036.962849,scenario_002,long
4536,930,1.450051,0.366709,0.817265,0,932.490567,scenario_002,short
4537,930,2.030446,0.365336,0.813321,0,934.694521,scenario_002,short
4538,930,11.32206,0.574551,0.729737,0,987.23328,scenario_002,medium
4539,930,1.927915,0.233572,0.732025,0,936.586975,scenario_002,short
4540,931,7.660864,0.421372,0.395573,2,937.599603,scenario_002,medium
4541,931,1.342882,0.545563,0.694609,1,935.123236,scenario_002,short
4542,932,18.456208,0.425999,0.32086,1,950.422109,scenario_002,long
4543,932,1.850026,0.694436,0.869576,0,937.260061,scenario_002,short
4544,933,7.871411,0.156793,0.622601,2,938.490005,scenario_002,medium
4545,933,2.130184,0.558398,0.738432,2,935.736718,scenario_002,short
4546,933,13.127594,0.390406,0.414412,2,951.310959,scenario_002,medium
4547,933,75.205943,0.279206,0.395377,0,1117.730382,scenario_002,long
4548,933,2.23889,0.170268,0.414926,0,941.342411,scenario_002,short
4549,933,1.241803,0.374082,0.489825,2,935.225797,scenario_002,short
4550,933,11.349455,0.854086,0.833362,2,949.862578,scenario_002,medium
4551,934,8.933785,0.71093,0.668206,0,954.183176,scenario_002,medium
4552,934,1.220113,0.521593,0.89733,1,937.826778,scenario_002,short
4553,934,17.379396,0.188372,0.207636,0,1009.773594,scenario_002,medium
4554,934,7.77218,0.553019,0.536672,2,948.5565,scenario_002,medium
4555,934,1.225973,0.243091,0.153509,1,937.382327,scenario_002,short
4556,934,1.269392,0.555341,0.570807,2,936.344628,scenario_002,short
4557,935,13.243858,0.836926,0.637949,0,991.848332,scenario_002,medium
4558,935,1.417398,0.579865,0.419504,0,938.843841,scenario_002,short
4559,935,27.597719,0.305995,0.413997,0,1012.280875,scenario_002,long
4560,936,4.750805,0.504189,0.621065,0,955.528546,scenario_002,medium
4561,936,2.425524,0.199484,0.250437,0,946.191221,scenario_002,short
4562,937,1.292731,0.813164,0.477571,0,940.325578,scenario_002,short
4563,938,1.067576,0.053624,0.307376,2,939.533549,scenario_002,short
4564,938,1.970959,0.425237,0.69856,0,945.262527,scenario_002,short
4565,939,2.162083,0.415281,0.682724,1,945.58161,scenario_002,short
4566,939,1.433621,0.205632,0.246261,0,941.555325,scenario_002,short
4567,939,2.991219,0.22983,0.224734,2,944.328175,scenario_002,short
4568,941,1.057514,0.678784,0.732579,0,945.267073,scenario_002,short
4569,941,53.584558,0.731212,1.0,1,1081.137185,scenario_002,long
4570,942,12.613118,0.609113,0.879569,0,996.256248,scenario_002,medium
4571,943,10.056062,0.602875,0.636302,1,973.437514,scenario_002,medium
4572,944,2.188043,0.484543,0.748937,0,952.654526,scenario_002,short
4573,944,6.558083,0.694518,0.587969,2,955.989787,scenario_002,medium
4574,945,1.866433,0.073847,0.227404,1,948.084266,scenario_002,short
4575,945,14.412226,0.548156,0.644059,0,1026.131948,scenario_002,medium
4576,946,2.108819,0.376196,0.375156,0,955.54743,scenario_002,short
4577,946,10.483606,0.424114,0.986217,2,969.109062,scenario_002,medium
4578,946,8.978929,0.195863,0.290578,2,952.477674,scenario_002,medium
4579,946,11.228255,0.502067,0.715121,0,968.083779,scenario_002,medium
4580,946,5.729994,0.262526,0.52117,0,967.161953,scenario_002,medium
4581,947,1.803972,0.832244,0.776858,0,949.862145,scenario_002,short
4582,947,37.603152,0.539641,0.551359,2,1010.533244,scenario_002,long
4583,947,192.62204,0.718443,0.740813,2,1361.040896,scenario_002,long
4584,948,1.594093,0.19785,0.324245,0,956.508019,scenario_002,short
4585,948,5.540069,0.373142,0.771411,0,957.713473,scenario_002,medium
4586,948,2.002148,0.240599,0.335862,1,954.026488,scenario_002,short
4587,950,1.620725,0.417434,0.708983,1,953.215799,scenario_002,short
4588,950,1.849594,0.414538,0.38267,0,954.878954,scenario_002,short
4589,950,5.521437,0.50676,0.742642,1,967.640209,scenario_002,medium
4590,950,2.466231,0.063338,0.379818,0,961.203479,scenario_002,short
4591,951,1.813105,0.122714,0.232116,0,958.549251,scenario_002,short
4592,951,1.28586,0.499715,0.567416,0,955.532602,scenario_002,short
4593,952,1.640496,0.289061,0.483113,1,955.659122,scenario_002,short
4594,954,1.368132,0.052002,0.193079,0,958.470679,scenario_002,short
4595,954,1.711218,0.419162,0.56979,0,958.905008,scenario_002,short
4596,954,1.193148,0.353797,0.516901,1,957.807101,scenario_002,short
4597,955,6.573468,0.141382,0.317377,0,977.236394,scenario_002,medium
4598,955,20.749379,0.952749,0.795262,0,1056.032151,scenario_002,long
4599,955,7.109234,0.380211,0.635899,1,975.644515,scenario_002,medium
4600,957,1.370599,0.368668,0.314333,1,959.544629,scenario_002,short
4601,958,11.519287,0.556701,0.447553,2,967.24693,scenario_002,medium
4602,958,7.967067,0.300329,0.376777,1,973.456015,scenario_002,medium
4603,958,17.981044,0.413047,0.827746,0,1008.587134,scenario_002,medium
4604,958,6.028049,0.20696,0.108427,0,991.491307,scenario_002,medium
4605,958,2.639448,0.269219,0.262861,0,968.166278,scenario_002,short
4606,960,2.589671,0.436102,0.484103,1,967.990395,scenario_002,short
4607,960,1.343311,0.61508,0.645844,0,963.013781,scenario_002,short
4608,961,6.411752,0.499768,0.805057,0,970.876797,scenario_002,medium
4609,962,10.948446,0.377749,0.396025,0,1002.191151,scenario_002,medium
4610,962,21.669643,0.691423,0.91855,1,1006.997834,scenario_002,long
4611,963,1.788455,0.207099,0.769989,2,966.885608,scenario_002,short
4612,964,6.743237,0.429371,0.629885,0,992.902768,scenario_002,medium
4613,965,1.680532,0.527107,0.428756,0,971.379251,scenario_002,short
4614,967,8.603296,0.711192,0.656185,2,978.760702,scenario_002,medium
4615,968,49.483126,0.719197,0.562929,1,1102.52821,scenario_002,long
4616,969,1.455507,0.323198,0.703546,0,974.853848,scenario_002,short
4617,969,2.144327,0.222087,0.474112,0,972.697527,scenario_002,short
4618,970,9.576691,0.680937,0.762361,1,992.392866,scenario_002,medium
4619,970,1.139553,0.327974,0.680747,0,975.35554,scenario_002,short
4620,971,1.148865,0.192293,0.202493,0,973.179797,scenario_002,short
4621,971,30.315867,0.459318,0.6021,0,1098.53943,scenario_002,long
4622,972,1.909766,0.173976,0.104474,2,974.974407,scenario_002,short
4623,972,8.274342,0.415857,0.356701,0,1009.703561,scenario_002,medium
4624,972,8.187883,0.551707,0.558411,2,977.977816,scenario_002,medium
4625,973,1.665076,0.585989,0.563223,2,974.614969,scenario_002,short
4626,973,2.228845,0.330166,0.415106,1,975.946249,scenario_002,short
4627,975,1.112902,0.11199,0.140865,1,978.527671,scenario_002,short
4628,976,1.780564,0.554192,0.573764,2,977.587336,scenario_002,short
4629,976,6.853569,0.514524,0.543342,0,1002.966181,scenario_002,medium
4630,978,1.699151,0.060486,0.30088,2,979.159126,scenario_002,short
4631,979,7.013421,0.559875,0.551344,1,1001.1872,scenario_002,medium
4632,981,1.739648,0.596606,0.533338,0,988.46171,scenario_002,short
4633,983,11.163126,0.634974,0.658877,2,997.904842,scenario_002,medium
4634,984,10.353217,0.876697,0.599842,1,1009.600796,scenario_002,long
4635,984,1.852284,0.500353,0.620322,2,987.811244,scenario_002,short
4636,984,16.839205,0.977586,1.0,2,1019.1639,scenario_002,long
4637,984,14.500276,0.207818,0.281727,2,1015.183736,scenario_002,medium
4638,985,9.766089,0.537756,0.583076,1,1000.440616,scenario_002,medium
4639,989,1.127665,0.446835,0.464909,2,991.330147,scenario_002,short
4640,989,53.90574,0.586764,0.554888,1,1057.974919,scenario_002,long
4641,991,11.805685,0.298396,0.708445,1,1022.028031,scenario_002,medium
4642,992,14.792373,0.191306,0.533097,0,1058.653489,scenario_002,medium
4643,993,5.61864,0.640754,0.702292,1,1011.487724,scenario_002,medium
4644,993,1.250473,0.276133,0.164828,0,997.402251,scenario_002,short
4645,994,2.101445,0.09906,0.177191,0,1002.284859,scenario_002,short
4646,996,11.661756,0.227267,0.689474,0,1031.713583,scenario_002,medium
4647,998,2.316698,0.319254,0.306818,1,1002.477912,scenario_002,short
4648,999,7.30874,0.212848,0.337281,0,1033.058163,scenario_002,medium
4649,1000,1.525146,0.18842,0.217146,0,1004.600482,scenario_002,short
4650,1001,10.45291,0.661937,0.489504,0,1048.464726,scenario_002,medium
4651,1002,12.410795,0.701325,0.901073,2,1011.333575,scenario_002,medium
4652,1002,1.42726,0.216794,0.198764,0,1009.958857,scenario_002,short
4653,1002,1.783898,0.331042,0.893807,0,1010.34898,scenario_002,short
4654,1003,0.812022,0.245242,0.388898,0,1006.496738,scenario_002,short
4655,1003,5.088583,0.694729,1.0,0,1028.97062,scenario_002,medium
4656,1005,2.074881,0.119672,0.168569,0,1013.977528,scenario_002,short
4657,1005,1.593572,0.372315,0.272299,0,1012.818415,scenario_002,short
4658,1007,2.401621,0.12255,0.222936,2,1009.745663,scenario_002,short
4659,1008,11.993629,0.262274,0.498409,1,1045.826196,scenario_002,medium
4660,1009,0.998757,0.153563,0.255786,0,1012.065889,scenario_002,short
4661,1009,9.019933,0.384202,0.463161,1,1031.759394,scenario_002,medium
4662,1010,14.62284,0.489021,0.424254,0,1091.191768,scenario_002,medium
4663,1011,11.834634,0.626981,0.339563,0,1036.779584,scenario_002,medium
4664,1013,2.031299,0.179921,0.228795,0,1016.120367,scenario_002,short
4665,1013,1.233286,0.308059,0.48101,0,1017.915701,scenario_002,short
4666,1020,1.481963,0.269386,0.954891,1,1023.556255,scenario_002,short
4667,1020,2.306736,0.318466,0.308689,0,1032.573752,scenario_002,short
4668,1022,1.830479,0.567498,0.388687,0,1030.870673,scenario_002,short
4669,1022,2.376828,0.229492,0.387019,0,1031.28013,scenario_002,short
4670,1022,0.962323,0.371323,0.621244,0,1023.611836,scenario_002,short
4671,1023,8.369673,0.56314,0.479036,0,1058.070102,scenario_002,medium
4672,1023,1.705576,0.318783,0.766256,0,1029.067009,scenario_002,short
4673,1023,1.764505,0.120323,0.183281,0,1026.057632,scenario_002,short
4674,1024,0.797633,0.29219,0.474143,0,1028.20335,scenario_002,short
4675,1024,4.736494,0.154686,0.43218,0,1031.207938,scenario_002,medium
4676,1025,8.252513,0.649266,0.834387,2,1035.980953,scenario_002,medium
4677,1026,2.451145,0.199336,0.13669,2,1031.197752,scenario_002,short
4678,1027,4.335265,0.278352,0.159858,2,1033.617998,scenario_002,medium
4679,1028,10.536619,0.363678,0.565256,0,1085.688746,scenario_002,medium
4680,1028,1.589049,0.291985,0.36622,1,1031.371669,scenario_002,short
4681,1028,1.920009,0.422978,0.602923,2,1031.396663,scenario_002,short
4682,1030,1.891212,0.433383,0.967254,2,1031.25469,scenario_002,short
4683,1030,1.660699,0.413123,0.36383,2,1032.067321,scenario_002,short
4684,1032,2.06487,0.06626,0.43603,0,1042.762518,scenario_002,short
4685,1033,12.342263,0.18275,0.228617,0,1090.502025,scenario_002,medium
4686,1034,1.861396,0.258687,0.477111,1,1037.289759,scenario_002,short
4687,1035,1.289226,0.480489,0.463,2,1036.694962,scenario_002,short
4688,1036,7.02291,0.363437,0.509678,1,1058.762049,scenario_002,medium
4689,1036,6.004093,0.292541,0.649957,2,1042.558058,scenario_002,medium
4690,1039,1.875476,0.25031,0.537632,0,1046.086081,scenario_002,short
4691,1039,1.16357,0.445385,0.63033,0,1042.386126,scenario_002,short
4692,1040,8.25304,0.903468,0.758514,2,1047.126146,scenario_002,medium
4693,1044,1.233878,0.097099,0.245881,0,1048.539128,scenario_002,short
4694,1046,3.073532,0.75013,0.8839,0,1060.149037,scenario_002,short
4695,1049,7.137024,0.647388,0.461599,0,1083.185702,scenario_002,medium
4696,1049,2.214841,0.162625,0.463273,0,1061.231043,scenario_002,short
4697,1050,1.569378,0.06089,0.336363,0,1054.730012,scenario_002,short
4698,1050,1.41505,0.756623,0.473813,0,1052.293692,scenario_002,short
4699,1051,3.558315,0.218856,0.346282,0,1069.745616,scenario_002,short
4700,1053,15.210826,0.501191,0.400232,2,1067.259164,scenario_002,long
4701,1053,1.580401,0.666178,0.525204,0,1061.19747,scenario_002,short
4702,1055,9.660081,0.185818,0.443624,0,1082.97219,scenario_002,medium
4703,1056,8.638576,0.27836,0.334469,2,1063.669816,scenario_002,medium
4704,1057,29.417817,0.885746,0.768085,1,1149.612216,scenario_002,long
4705,1061,0.816363,0.319522,0.561615,0,1063.800351,scenario_002,short
4706,1065,1.572624,0.38516,0.840593,1,1069.361715,scenario_002,short
4707,1066,6.748578,0.73101,0.727904,0,1102.617633,scenario_002,medium
4708,1067,27.265912,0.619261,1.0,1,1139.117625,scenario_002,long
4709,1069,1.367983,0.422824,0.764705,0,1073.758524,scenario_002,short
4710,1070,14.764409,0.872847,0.766349,1,1095.641813,scenario_002,medium
4711,1070,1.991541,0.356346,0.409018,0,1077.148308,scenario_002,short
4712,1072,5.590388,0.131491,0.317855,2,1082.606433,scenario_002,medium
4713,1075,6.136848,0.32017,0.337621,1,1089.471617,scenario_002,medium
4714,1076,2.318784,0.4168,0.695166,0,1088.533321,scenario_002,short
4715,1083,1.800589,0.219023,0.427462,0,1085.754085,scenario_002,short
4716,1085,1.826634,0.355277,0.466806,0,1088.359563,scenario_002,short
4717,1086,2.731313,0.261049,0.3627,2,1088.407708,scenario_002,short
4718,1087,3.699185,0.573715,1.0,2,1094.540126,scenario_002,medium
4719,1087,1.705754,0.050463,0.233535,0,1095.878075,scenario_002,short
4720,1088,1.443898,0.248956,0.267898,2,1090.087478,scenario_002,short
4721,1090,15.587577,0.595617,0.503189,1,1134.238392,scenario_002,medium
4722,1095,1.903294,0.761853,0.734638,0,1100.942684,scenario_002,short
4723,1097,1.406,0.602842,0.468622,0,1104.800342,scenario_002,short
4724,1098,12.254158,0.688645,0.86437,0,1117.163768,scenario_002,medium
4725,1098,1.206983,0.607487,0.616379,0,1102.096727,scenario_002,short
4726,1099,6.676972,0.712904,0.643141,2,1112.934762,scenario_002,medium
4727,1099,2.27267,0.292765,0.129279,0,1110.584135,scenario_002,short
4728,1101,1.526621,0.170957,0.347305,0,1104.941631,scenario_002,short
4729,1102,2.372185,0.623565,0.605694,0,1108.601173,scenario_002,short
4730,1102,95.60682,0.731495,0.573721,1,1403.929011,scenario_002,long
4731,1103,1.842344,0.31396,0.532991,1,1107.270928,scenario_002,short
4732,1103,1.972544,0.052432,0.250462,0,1110.934548,scenario_002,short
4733,1103,1.670531,0.705876,0.825867,0,1112.039308,scenario_002,short
4734,1104,62.29234,1.0,1.0,0,1312.497818,scenario_002,long
4735,1105,2.126631,0.287746,0.445372,0,1112.320396,scenario_002,short
4736,1105,7.664861,0.609449,0.660827,0,1138.918773,scenario_002,medium
4737,1106,12.283974,0.691931,0.673814,0,1148.300775,scenario_002,medium
4738,1106,8.167154,0.552426,0.541834,0,1132.32173,scenario_002,medium
4739,1106,6.404296,0.852274,0.889415,0,1130.494861,scenario_002,long
4740,1106,8.351424,0.596816,0.725319,2,1111.466583,scenario_002,medium
4741,1107,7.705649,0.499165,0.473325,0,1138.393017,scenario_002,medium
4742,1107,2.257062,0.653187,0.769366,2,1109.459337,scenario_002,short
4743,1107,25.378887,0.638348,0.584556,0,1185.796591,scenario_002,long
4744,1107,8.151294,0.528253,0.468308,0,1142.127915,scenario_002,medium
4745,1109,6.691896,0.155883,0.459593,0,1136.908513,scenario_002,medium
4746,1109,1.074844,0.561093,0.537272,0,1112.704701,scenario_002,short
4747,1109,1.856651,0.288008,0.389247,0,1119.338581,scenario_002,short
4748,1109,10.202455,0.845663,0.586469,0,1139.039916,scenario_002,medium
4749,1109,9.329004,0.456243,0.685599,0,1131.504728,scenario_002,medium
4750,1109,6.072463,0.83803,0.837562,1,1116.35628,scenario_002,medium
4751,1109,1.587576,0.304051,0.589281,1,1112.496361,scenario_002,short
4752,1110,22.060918,0.827888,0.887348,0,1149.968543,scenario_002,long
4753,1112,9.443383,0.410283,0.318295,0,1127.74738,scenario_002,medium
4754,1112,2.168174,0.174467,0.226601,0,1116.036718,scenario_002,short
4755,1112,1.693279,0.097927,0.268853,0,1115.028872,scenario_002,short
4756,1113,1.881588,0.310613,0.829349,0,1122.06858,scenario_002,short
4757,1113,2.187794,0.293174,0.26581,0,1124.370233,scenario_002,short
4758,1113,12.78134,0.40798,0.425019,1,1130.05168,scenario_002,medium
4759,1114,53.269027,0.348896,0.99613,0,1314.440091,scenario_002,long
4760,1114,10.699994,1.0,0.900822,0,1159.73795,scenario_002,medium
4761,1115,18.772745,1.0,0.811362,0,1202.010434,scenario_002,long
4762,1115,1.280102,0.462002,0.5127,0,1120.717336,scenario_002,short
4763,1115,49.64937,0.616218,0.672245,0,1364.99039,scenario_002,long
4764,1116,9.170521,0.674758,0.813661,2,1128.140815,scenario_002,medium
4765,1117,14.185284,0.583175,0.822767,0,1182.08617,scenario_002,medium
4766,1118,5.956062,0.89773,1.0,0,1132.910836,scenario_002,medium
4767,1118,10.234567,0.266645,0.325903,0,1171.662061,scenario_002,medium
4768,1118,13.117291,0.537608,0.446749,0,1191.05321,scenario_002,medium
4769,1118,1.642644,0.313233,0.340239,1,1119.791705,scenario_002,short
4770,1120,5.967811,0.716375,0.909326,0,1137.149785,scenario_002,medium
4771,1120,1.774536,0.377787,0.414987,0,1129.732582,scenario_002,short
4772,1121,1.900564,0.09974,0.13901,0,1125.976825,scenario_002,short
4773,1122,6.550688,0.813409,0.746485,0,1136.02552,scenario_002,medium
4774,1122,12.322412,0.510342,0.360249,1,1153.521168,scenario_002,medium
4775,1122,32.128774,0.288114,0.412737,1,1210.435881,scenario_002,long
4776,1123,28.903675,1.0,0.705751,2,1174.203009,scenario_002,long
4777,1123,1.324027,0.304743,0.273655,1,1127.35103,scenario_002,short
4778,1125,10.132828,0.281227,0.646099,0,1171.207428,scenario_002,medium
4779,1126,1.678472,0.440017,0.224917,0,1133.403837,scenario_002,short
4780,1128,1.923943,0.396276,0.529681,1,1132.242075,scenario_002,short
4781,1130,1.446292,0.518721,0.659402,0,1133.315402,scenario_002,short
4782,1130,14.398118,0.457161,0.72283,2,1159.680348,scenario_002,medium
4783,1132,2.689607,0.318589,0.60524,0,1139.105985,scenario_002,short
4784,1134,5.248384,0.271424,0.283183,0,1143.334701,scenario_002,medium
4785,1134,10.125311,0.190474,0.255803,2,1146.905468,scenario_002,medium
4786,1135,1.49057,0.175432,0.375724,0,1143.232292,scenario_002,short
4787,1136,6.548171,0.631379,0.662551,1,1157.245184,scenario_002,medium
4788,1136,1.30144,0.509967,0.348874,0,1139.21465,scenario_002,short
4789,1136,1.422267,0.360692,0.392923,0,1141.287061,scenario_002,short
4790,1136,9.053711,0.763849,1.0,0,1170.506847,scenario_002,medium
4791,1137,1.990053,0.192528,0.178133,1,1139.688341,scenario_002,short
4792,1137,13.178917,0.611641,0.638801,0,1194.850709,scenario_002,long
4793,1138,7.748932,0.805112,0.77007,0,1175.23295,scenario_002,medium
4794,1138,12.863663,0.399292,0.697646,1,1150.709868,scenario_002,medium
4795,1140,4.698233,0.660975,0.619704,1,1149.495886,scenario_002,medium
4796,1144,1.451098,0.252972,0.40989,0,1151.369131,scenario_002,short
4797,1144,1.535852,0.569359,0.694967,0,1152.168539,scenario_002,short
4798,1144,8.727768,0.368748,0.651767,0,1193.185244,scenario_002,medium
4799,1145,1.774029,0.294004,0.600761,1,1148.369549,scenario_002,short
4800,1145,1.672944,0.418483,0.504864,0,1151.265778,scenario_002,short
4801,1145,1.647598,0.099607,0.274618,0,1151.398293,scenario_002,short
4802,1146,11.744068,0.314288,0.360612,1,1168.979095,scenario_002,medium
4803,1147,1.537763,0.24675,0.187084,0,1149.426161,scenario_002,short
4804,1148,1.731262,0.223845,0.197768,0,1155.826926,scenario_002,short
4805,1148,1.74626,0.348657,0.456455,2,1149.781215,scenario_002,short
4806,1148,10.166647,0.215086,0.433652,2,1163.800629,scenario_002,medium
4807,1148,2.308336,0.183675,0.430115,0,1153.28833,scenario_002,short
4808,1149,1.12204,0.127577,0.217777,0,1150.911445,scenario_002,short
4809,1151,1.789605,0.322786,0.787924,0,1156.964195,scenario_002,short
4810,1151,13.388731,0.37761,0.613804,1,1172.280816,scenario_002,medium
4811,1152,10.702335,0.218924,0.358236,0,1208.742483,scenario_002,medium
4812,1152,1.319714,0.432272,0.850123,1,1154.948031,scenario_002,short
4813,1152,11.664053,0.650383,0.996726,0,1186.998155,scenario_002,medium
4814,1152,1.671178,0.404816,0.837539,0,1161.23494,scenario_002,short
4815,1153,10.370281,0.872876,0.681585,0,1177.921789,scenario_002,medium
4816,1153,2.092048,0.215424,0.419494,2,1156.623949,scenario_002,short
4817,1153,11.642635,0.19317,0.344428,1,1167.952521,scenario_002,medium
4818,1153,30.985891,0.861267,1.0,2,1193.397227,scenario_002,long
4819,1154,6.833489,0.686765,0.851741,0,1164.682508,scenario_002,medium
4820,1154,2.176494,0.377994,0.522921,0,1160.817814,scenario_002,short
4821,1155,1.424297,0.057041,0.286578,0,1159.11009,scenario_002,short
4822,1156,4.830812,0.355561,0.486507,1,1162.525822,scenario_002,medium
4823,1156,6.676935,0.930568,0.840038,1,1169.318301,scenario_002,medium
4824,1156,1.595566,0.148682,0.451772,0,1161.13825,scenario_002,short
4825,1156,7.920165,0.349605,0.353785,0,1183.71644,scenario_002,medium
4826,1157,6.666041,0.76311,0.83621,0,1175.876339,scenario_002,medium
4827,1157,1.57427,0.332806,0.401578,2,1158.778902,scenario_002,short
4828,1157,7.813669,0.21072,0.359058,0,1169.804638,scenario_002,medium
4829,1157,2.367826,0.349016,0.387834,1,1159.46569,scenario_002,short
4830,1157,2.189799,0.223674,0.293158,0,1160.339711,scenario_002,short
4831,1158,1.645678,0.28491,0.334257,0,1165.141145,scenario_002,short
4832,1158,5.264447,0.467752,0.380405,0,1180.153098,scenario_002,medium
4833,1158,11.842496,0.132486,0.107546,1,1171.586995,scenario_002,medium
4834,1159,1.50981,0.412008,0.611584,0,1162.927632,scenario_002,short
4835,1159,31.381832,0.284828,0.30279,1,1222.731614,scenario_002,long
4836,1159,10.436071,0.445483,0.509185,0,1207.426536,scenario_002,medium
4837,1159,1.937237,0.083016,0.152905,0,1169.43674,scenario_002,short
4838,1159,3.057141,0.130955,0.422462,0,1174.501671,scenario_002,short
4839,1159,99.445537,0.549365,0.640573,0,1536.216901,scenario_002,long
4840,1161,15.517121,0.950484,0.861715,1,1195.215484,scenario_002,long
4841,1161,6.21255,0.764567,0.84895,0,1175.67326,scenario_002,medium
4842,1161,1.524169,0.552657,0.357723,0,1165.751198,scenario_002,short
4843,1161,1.540085,0.206419,0.332602,0,1167.872208,scenario_002,short
4844,1162,23.471633,0.455751,0.976377,0,1206.413794,scenario_002,long
4845,1162,1.440652,0.341035,0.579128,0,1168.945134,scenario_002,short
4846,1162,44.515501,0.667387,0.707587,0,1362.291333,scenario_002,long
4847,1163,1.627212,0.294541,0.328749,0,1168.477523,scenario_002,short
4848,1164,15.630728,0.943189,0.66539,0,1229.474133,scenario_002,long
4849,1164,7.004843,0.956658,0.979239,0,1195.133073,scenario_002,medium
4850,1165,2.115415,0.230914,0.693084,0,1172.470455,scenario_002,short
4851,1165,6.77269,0.618686,0.511773,0,1189.165144,scenario_002,medium
4852,1165,1.373072,0.44857,0.653972,0,1167.200195,scenario_002,short
4853,1166,1.401942,0.415231,0.591266,1,1168.231314,scenario_002,short
4854,1168,11.805396,0.63175,0.60548,1,1183.013005,scenario_002,medium
4855,1169,2.112021,0.169127,0.48183,0,1174.844001,scenario_002,short
4856,1170,10.396103,0.595787,0.437664,0,1227.670297,scenario_002,medium
4857,1170,49.118912,0.732797,0.456622,0,1340.522036,scenario_002,long
4858,1170,8.065997,0.624996,0.712749,0,1195.833829,scenario_002,medium
4859,1170,7.84299,0.177841,0.293092,0,1199.702358,scenario_002,medium
4860,1170,1.316063,0.310155,0.473653,2,1172.890724,scenario_002,short
4861,1171,24.404342,0.746858,0.538218,2,1199.536209,scenario_002,long
4862,1171,11.985221,0.569164,0.453742,1,1204.417536,scenario_002,medium
4863,1171,2.101925,0.175085,0.178934,0,1176.908684,scenario_002,short
4864,1171,2.344745,0.296904,0.558472,1,1177.558501,scenario_002,short
4865,1171,7.700994,0.664036,0.996395,1,1189.617568,scenario_002,long
4866,1171,84.186501,1.0,1.0,0,1394.076429,scenario_002,long
4867,1171,2.716317,0.323674,0.294583,1,1178.75188,scenario_002,short
4868,1171,7.435881,0.485396,0.458768,1,1191.694263,scenario_002,medium
4869,1171,19.61199,0.840286,1.0,2,1210.018986,scenario_002,long
4870,1171,1.527947,0.167375,0.309917,0,1174.994538,scenario_002,short
4871,1172,11.954859,0.367757,0.522605,0,1226.850499,scenario_002,long
4872,1172,5.646492,0.847645,0.861614,0,1197.270806,scenario_002,medium
4873,1172,6.883214,0.313462,0.319361,0,1206.683903,scenario_002,medium
4874,1172,1.751284,0.375455,0.430787,1,1177.110513,scenario_002,short
4875,1172,54.195904,0.903519,0.983288,0,1437.20566,scenario_002,long
4876,1172,18.390337,0.590847,0.801263,2,1190.909998,scenario_002,medium
4877,1173,2.181333,0.602889,0.474766,1,1179.292061,scenario_002,short
4878,1173,6.578237,0.368568,0.705376,0,1201.536876,scenario_002,medium
4879,1173,2.044919,0.420884,0.867041,2,1175.194275,scenario_002,short
4880,1173,7.950279,0.873753,1.0,0,1198.551347,scenario_002,medium
4881,1173,2.324668,0.627513,0.542207,1,1180.324975,scenario_002,short
4882,1173,2.299282,0.078537,0.445278,1,1179.709051,scenario_002,short
4883,1174,2.880225,0.387734,0.546701,0,1184.720084,scenario_002,short
4884,1174,1.765711,0.624214,0.692729,2,1177.134621,scenario_002,short
4885,1174,0.971103,0.228377,0.611893,0,1178.570697,scenario_002,short
4886,1175,4.82998,0.567455,0.502852,2,1178.262041,scenario_002,medium
4887,1175,1.190857,0.094013,0.400621,1,1178.59339,scenario_002,short
4888,1175,11.841063,0.42967,0.770657,2,1195.086762,scenario_002,medium
4889,1175,7.569735,1.0,0.801346,0,1205.511473,scenario_002,medium
4890,1175,1.932448,0.30611,0.751166,0,1183.652228,scenario_002,short
4891,1176,7.929889,0.388643,0.502599,0,1202.545415,scenario_002,long
4892,1176,9.181518,0.32105,0.56228,0,1199.687134,scenario_002,medium
4893,1176,2.121528,0.269242,0.709884,0,1183.877863,scenario_002,short
4894,1176,2.241629,0.37199,0.718364,2,1180.252696,scenario_002,short
4895,1176,38.836662,0.690818,0.683258,1,1227.46419,scenario_002,long
4896,1176,14.28571,0.568372,0.632429,0,1244.596701,scenario_002,medium
4897,1176,1.240551,0.4825,0.512579,0,1181.355945,scenario_002,short
4898,1176,1.344694,0.54482,0.51904,1,1178.542874,scenario_002,short
4899,1177,6.909334,0.702736,0.849394,1,1199.2105,scenario_002,medium
4900,1177,1.799345,0.580305,1.0,1,1181.524499,scenario_002,short
4901,1177,10.875444,0.400924,0.419522,0,1199.368426,scenario_002,medium
4902,1177,1.568879,0.215528,0.272457,2,1179.585775,scenario_002,short
4903,1178,1.694663,0.339954,0.552578,1,1181.518012,scenario_002,short
4904,1178,1.001389,0.156668,0.362062,0,1183.5453,scenario_002,short
4905,1178,2.054264,0.139477,0.165592,0,1188.816478,scenario_002,short
4906,1178,5.237123,0.302244,0.598395,2,1187.111285,scenario_002,medium
4907,1178,8.174017,0.621588,0.459361,0,1214.65428,scenario_002,long
4908,1178,2.31361,0.319487,0.202753,2,1179.429952,scenario_002,short
4909,1178,2.818873,0.403872,0.331818,0,1193.496392,scenario_002,short
4910,1179,7.621951,0.368244,0.805733,0,1208.153155,scenario_002,medium
4911,1179,1.65192,0.128498,0.565644,0,1182.121,scenario_002,short
4912,1179,2.845629,0.660401,0.659732,2,1184.321822,scenario_002,short
4913,1179,1.778315,0.114756,0.398336,2,1180.649969,scenario_002,short
4914,1179,12.39,0.526478,0.329094,2,1189.302839,scenario_002,medium
4915,1180,7.031026,0.627106,0.675417,0,1218.032306,scenario_002,long
4916,1180,1.335452,0.184117,0.317914,0,1184.289106,scenario_002,short
4917,1180,10.936734,0.630139,0.641771,1,1204.839828,scenario_002,medium
4918,1180,12.365506,0.714056,0.644708,0,1232.034046,scenario_002,medium
4919,1181,1.35628,0.422716,0.378144,0,1184.409431,scenario_002,short
4920,1181,1.437571,0.48958,0.437102,0,1187.451973,scenario_002,short
4921,1181,3.306514,0.366523,0.568086,0,1199.464324,scenario_002,short
4922,1181,9.06571,0.199207,0.385568,2,1198.451599,scenario_002,medium
4923,1181,2.338752,0.446206,0.627307,1,1186.908682,scenario_002,short
4924,1181,10.814282,0.362519,0.367716,0,1238.623804,scenario_002,medium
4925,1181,1.371731,0.245849,0.426523,1,1182.780768,scenario_002,short
4926,1182,8.666882,0.252903,0.336744,1,1197.547693,scenario_002,medium
4927,1182,6.537706,0.561172,0.503677,0,1204.275285,scenario_002,medium
4928,1182,1.42772,0.317472,0.532109,0,1184.231627,scenario_002,short
4929,1182,27.228165,0.308629,0.357745,2,1240.982651,scenario_002,long
4930,1182,1.361228,0.10459,0.531664,0,1188.275929,scenario_002,short
4931,1182,14.366476,0.840517,0.72264,1,1195.444363,scenario_002,medium
4932,1182,6.755412,0.431667,0.889206,0,1211.510131,scenario_002,medium
4933,1183,3.007976,0.269513,0.244315,2,1187.545839,scenario_002,short
4934,1183,5.907625,0.36312,0.450177,2,1194.501673,scenario_002,medium
4935,1183,8.305225,0.229368,0.615695,0,1199.825081,scenario_002,medium
4936,1184,7.032004,0.529855,0.465639,1,1198.87499,scenario_002,medium
4937,1184,24.972352,0.908133,0.62373,2,1218.621655,scenario_002,long
4938,1184,2.166475,0.137954,0.623778,2,1186.770396,scenario_002,short
4939,1184,32.401959,0.716443,0.634848,1,1259.910216,scenario_002,long
4940,1184,3.3672,0.334988,0.578747,0,1200.748279,scenario_002,short
4941,1184,9.629667,0.381828,0.545003,0,1212.921995,scenario_002,medium
4942,1185,1.619756,0.192252,0.717056,0,1189.773767,scenario_002,short
4943,1185,2.598606,0.159859,0.127003,0,1199.364888,scenario_002,short
4944,1185,27.88709,0.963901,0.998389,0,1328.817978,scenario_002,long
4945,1185,9.528215,0.536713,0.392011,0,1218.630192,scenario_002,medium
4946,1187,1.625189,0.14539,0.676955,0,1192.286458,scenario_002,short
4947,1187,1.674353,0.227468,0.397144,0,1191.586517,scenario_002,short
4948,1187,2.732307,0.301846,0.789628,0,1195.27908,scenario_002,short
4949,1187,4.493274,0.636756,0.781636,2,1191.005626,scenario_002,medium
4950,1187,1.943462,0.132469,0.336877,0,1194.404848,scenario_002,short
4951,1187,187.420968,0.66289,0.731826,0,1689.618707,scenario_002,long
4952,1187,10.520277,0.47397,0.822158,1,1214.104988,scenario_002,medium
4953,1188,1.196347,0.365716,0.35127,2,1190.4396,scenario_002,short
4954,1188,1.958329,0.700321,0.752366,1,1191.56895,scenario_002,short
4955,1188,1.548434,0.229459,0.426652,2,1189.817782,scenario_002,short
4956,1188,1.665816,0.647048,0.804928,2,1191.693047,scenario_002,short
4957,1188,5.152895,0.462788,0.784197,0,1196.715158,scenario_002,medium
4958,1188,29.047821,0.958458,0.825411,0,1290.785853,scenario_002,long
4959,1188,16.531405,0.854346,0.713256,1,1223.960144,scenario_002,long
4960,1189,1.57948,0.283459,0.351935,0,1191.499096,scenario_002,short
4961,1189,2.220919,0.296337,0.39233,1,1195.597687,scenario_002,short
4962,1189,1.307723,0.236606,0.460554,0,1196.21576,scenario_002,short
4963,1189,1.932451,0.067713,0.304746,0,1197.942141,scenario_002,short
4964,1189,2.495962,0.101279,0.05,0,1194.581172,scenario_002,short
4965,1189,9.641229,0.248576,0.376792,0,1205.404616,scenario_002,medium
4966,1189,7.947401,0.714407,0.643574,0,1201.347854,scenario_002,medium
4967,1189,1.131429,0.432048,0.433952,1,1190.87935,scenario_002,short
4968,1190,45.552287,0.696915,0.660733,0,1279.001233,scenario_002,long
4969,1190,2.041718,0.331781,0.70361,1,1196.015013,scenario_002,short
4970,1190,1.721377,0.117291,0.093513,2,1192.264261,scenario_002,short
4971,1190,0.946496,0.405844,0.486401,0,1193.924774,scenario_002,short
4972,1190,8.445323,0.35207,0.805369,0,1219.042791,scenario_002,medium
4973,1190,4.893191,0.58501,0.86593,2,1199.37917,scenario_002,medium
4974,1190,1.5331,0.254689,0.224809,0,1193.173739,scenario_002,short
4975,1190,2.256776,0.663754,0.445306,0,1198.834131,scenario_002,short
4976,1190,21.166967,0.676425,0.658221,2,1233.339282,scenario_002,medium
4977,1191,48.334319,0.919353,0.907781,0,1280.905297,scenario_002,long
4978,1191,1.304805,0.637568,0.576963,2,1192.0,scenario_002,short
4979,1191,2.080248,0.062679,0.264512,2,1192.523486,scenario_002,short
4980,1191,9.500742,1.0,0.779177,0,1207.575914,scenario_002,medium
4981,1191,1.728537,0.394197,0.583588,0,1194.825009,scenario_002,short
4982,1192,1.410216,0.256985,0.688194,1,1195.01022,scenario_002,short
4983,1192,1.228346,0.353545,0.338879,0,1195.082258,scenario_002,short
4984,1192,1.163181,0.285009,0.415899,1,1195.414971,scenario_002,short
4985,1192,8.839427,1.0,0.978382,1,1209.653373,scenario_002,medium
4986,1193,7.820326,0.20109,0.350378,2,1206.893523,scenario_002,medium
4987,1193,8.501726,0.590093,0.982632,0,1213.537205,scenario_002,medium
4988,1193,2.139808,0.423868,0.503087,0,1198.606429,scenario_002,short
4989,1193,7.698457,0.558005,0.54663,0,1221.912989,scenario_002,medium
4990,1194,2.619431,0.400937,0.521874,0,1199.788633,scenario_002,short
4991,1194,2.520229,0.252296,0.574626,0,1198.228616,scenario_002,short
4992,1195,11.353746,0.556047,0.730945,1,1208.710399,scenario_002,medium
4993,1195,8.962307,0.154256,0.294089,1,1205.003951,scenario_002,medium
4994,1195,8.489786,0.638206,0.724209,2,1201.671252,scenario_002,medium
4995,1195,1.890096,0.200565,0.323828,0,1200.54984,scenario_002,short
4996,1195,1.480025,0.374871,0.574289,0,1203.014587,scenario_002,short
4997,1195,2.420818,0.400455,0.5035,0,1208.407616,scenario_002,short
4998,1196,15.850841,0.592742,0.453312,0,1271.191294,scenario_002,medium
4999,1196,1.860801,0.810063,0.71875,0,1203.717799,scenario_002,short
5000,1196,15.125804,0.656002,0.704815,1,1213.461936,scenario_002,medium
5001,1196,56.39525,0.768642,0.743181,0,1357.380437,scenario_002,long
5002,1197,7.651465,0.538323,0.631807,2,1209.424561,scenario_002,medium
5003,1197,23.536187,0.777364,0.674924,1,1261.835948,scenario_002,long
5004,1198,10.060966,0.486583,0.574674,0,1242.642797,scenario_002,medium
5005,1198,1.390454,0.37464,0.628028,0,1200.229774,scenario_002,short
5006,1198,1.885692,0.071904,0.163673,1,1203.831983,scenario_002,short
5007,1198,12.415766,0.492747,0.350887,0,1266.047857,scenario_002,medium
5008,1198,1.068422,0.119344,0.255699,0,1200.82219,scenario_002,short
5009,1198,1.88074,0.437508,0.549484,0,1201.058854,scenario_002,short
5010,1199,12.524747,0.880095,0.658354,0,1222.850122,scenario_002,medium
5011,1199,2.798359,0.211579,0.472376,0,1209.2643,scenario_002,short
5012,1199,1.489243,0.308202,0.30724,0,1206.702142,scenario_002,short
5013,1199,15.99073,0.553623,0.437365,0,1277.206821,scenario_002,long
5014,1199,9.491188,0.37458,0.599905,1,1226.076961,scenario_002,medium
5015,1200,24.919789,0.589164,0.917415,2,1235.318506,scenario_002,long
5016,1200,9.40676,0.807038,0.829607,0,1233.905114,scenario_002,medium
5017,1200,10.043658,0.41558,0.762363,2,1214.920123,scenario_002,medium
5018,1200,2.180108,0.4243,0.518895,0,1203.851146,scenario_002,short
5019,1200,5.116402,0.209359,0.359952,0,1226.91335,scenario_002,medium
5020,1200,1.512012,0.088301,0.572925,2,1201.853935,scenario_002,short
5021,1200,14.416334,1.0,0.619012,2,1218.046418,scenario_002,medium
5022,1201,1.471672,0.379705,0.505882,2,1202.128852,scenario_002,short
5023,1201,2.070236,0.09461,0.120716,0,1209.377121,scenario_002,short
5024,1201,8.419766,1.0,0.92089,0,1215.829285,scenario_002,medium
5025,1201,47.629421,0.264124,0.497266,1,1298.105853,scenario_002,long
5026,1201,2.16435,0.199078,0.116247,1,1203.292454,scenario_002,short
5027,1201,1.750742,0.27689,0.462421,2,1202.525316,scenario_002,short
5028,1201,10.282291,0.28256,0.572349,2,1209.783544,scenario_002,medium
5029,1201,7.915874,0.355727,0.266296,0,1228.232224,scenario_002,medium
5030,1201,42.638882,0.742576,0.507068,1,1311.404289,scenario_002,long
5031,1201,1.587786,0.190062,0.179063,0,1205.077998,scenario_002,short
5032,1201,12.563025,0.804022,0.540418,0,1228.783921,scenario_002,medium
5033,1201,6.404944,0.368344,0.417578,1,1217.735076,scenario_002,medium
5034,1201,20.309845,0.889762,0.706894,1,1258.82447,scenario_002,long
5035,1202,1.280314,0.168254,0.463717,0,1204.286352,scenario_002,short
5036,1202,9.985205,0.593962,0.525338,0,1221.164519,scenario_002,medium
5037,1202,1.093784,0.190949,0.25157,0,1204.464697,scenario_002,short
5038,1202,1.789711,0.144603,0.254606,1,1204.232869,scenario_002,short
5039,1202,11.20956,0.324815,0.406933,0,1219.743982,scenario_002,medium
5040,1202,58.66841,0.77786,0.665839,2,1296.388208,scenario_002,long
5041,1202,1.311072,0.240323,0.165398,1,1206.320868,scenario_002,short
5042,1203,12.136077,0.595006,0.673854,2,1227.482946,scenario_002,medium
5043,1203,1.692716,0.762291,0.884929,0,1207.985307,scenario_002,short
5044,1203,22.912932,0.991985,0.755303,0,1299.597599,scenario_002,long
5045,1203,18.751074,0.530269,0.526729,0,1308.284054,scenario_002,long
5046,1203,1.709707,0.262994,0.522073,0,1208.262669,scenario_002,short
5047,1203,1.424896,0.730358,0.825026,0,1208.824743,scenario_002,short
5048,1203,1.888502,0.46174,0.653994,0,1207.140703,scenario_002,short
5049,1203,1.271523,0.311373,0.757079,0,1206.750924,scenario_002,short
5050,1203,1.239619,0.132167,0.259582,0,1209.305648,scenario_002,short
5051,1203,1.924188,0.535375,0.53335,0,1211.199473,scenario_002,short
5052,1204,8.595637,0.467332,0.561509,0,1222.685433,scenario_002,medium
5053,1204,1.152757,0.307372,0.231241,1,1205.121211,scenario_002,short
5054,1204,9.33524,0.145893,0.462669,2,1217.003389,scenario_002,medium
5055,1204,1.045117,0.064598,0.313103,0,1205.668843,scenario_002,short
5056,1204,7.5585,0.129933,0.287551,1,1222.610762,scenario_002,medium
5057,1204,9.970387,0.561062,0.734831,0,1228.410881,scenario_002,medium
5058,1204,63.727383,0.436201,0.692507,0,1543.792655,scenario_002,long
5059,1204,13.801742,0.449177,0.589622,1,1229.400206,scenario_002,medium
5060,1204,88.437519,0.369008,0.514074,0,1575.762213,scenario_002,long
5061,1205,1.490087,0.199489,0.644703,0,1209.871329,scenario_002,short
5062,1205,11.675008,0.153131,0.1245,1,1220.139372,scenario_002,medium
5063,1205,5.964597,0.21107,0.314187,2,1214.65758,scenario_002,medium
5064,1205,8.342143,0.508022,0.575093,1,1224.107985,scenario_002,medium
5065,1205,12.933137,0.650811,0.529925,1,1245.879725,scenario_002,medium
5066,1205,1.875988,0.403705,0.481085,0,1211.032126,scenario_002,short
5067,1205,1.431828,0.32643,0.784813,1,1208.136321,scenario_002,short
5068,1205,2.561022,0.139199,0.378193,2,1208.348847,scenario_002,short
5069,1206,2.661619,0.152198,0.589416,0,1217.897091,scenario_002,short
5070,1206,41.010881,0.37799,0.210616,0,1343.4275,scenario_002,long
5071,1206,8.245337,0.498959,0.955589,1,1218.981721,scenario_002,medium
5072,1206,1.680134,0.333974,0.218946,2,1208.016879,scenario_002,short
5073,1206,1.67207,0.565899,0.512552,0,1212.404355,scenario_002,short
5074,1207,13.735961,0.572123,0.318092,0,1272.09314,scenario_002,long
5075,1207,2.101332,0.291112,0.461641,2,1210.813737,scenario_002,short
5076,1207,6.204292,0.524908,0.534105,1,1216.499365,scenario_002,medium
5077,1207,6.787458,0.251849,0.456626,0,1219.438247,scenario_002,medium
5078,1207,1.204907,0.376947,0.326278,0,1212.678694,scenario_002,short
5079,1207,1.225061,0.067503,0.206552,1,1210.749778,scenario_002,short
5080,1207,8.888155,0.708617,0.616891,0,1249.604518,scenario_002,medium
5081,1207,6.311297,0.538014,0.995581,0,1229.710897,scenario_002,medium
5082,1207,6.65979,0.680304,0.767435,1,1218.161399,scenario_002,medium
5083,1207,2.938008,0.648092,0.535066,0,1218.182381,scenario_002,short
5084,1207,1.910449,0.610609,0.541501,2,1210.634065,scenario_002,short
5085,1208,136.41922,0.276355,0.461946,0,1810.731118,scenario_002,long
5086,1208,4.562183,0.502639,0.717182,0,1227.274467,scenario_002,medium
5087,1208,37.569911,1.0,0.920183,0,1334.033644,scenario_002,long
5088,1208,13.020578,0.666691,0.647574,1,1232.925292,scenario_002,medium
5089,1208,1.534599,0.221363,0.162661,0,1213.734879,scenario_002,short
5090,1208,1.979727,0.594244,0.754332,1,1210.849266,scenario_002,short
5091,1208,2.2596,0.160484,0.238683,1,1215.334899,scenario_002,short
5092,1208,1.521687,0.214354,0.367903,0,1213.682782,scenario_002,short
5093,1209,20.243699,0.915609,0.833743,0,1243.092474,scenario_002,long
5094,1209,1.531196,0.434631,0.694173,1,1213.564391,scenario_002,short
5095,1209,2.026257,0.14929,0.546336,2,1210.315857,scenario_002,short
5096,1209,5.169574,0.718821,0.897109,2,1212.20772,scenario_002,medium
5097,1209,6.316212,0.250844,0.363563,0,1236.828261,scenario_002,medium
5098,1209,1.851431,0.42894,0.404923,0,1218.131686,scenario_002,short
5099,1210,2.320974,0.4301,0.680567,1,1213.851217,scenario_002,short
5100,1210,2.565958,0.755397,1.0,2,1213.975092,scenario_002,short
5101,1210,54.238026,0.708346,0.619946,1,1278.447899,scenario_002,long
5102,1210,1.638429,0.231466,0.389505,0,1216.894228,scenario_002,short
5103,1210,2.014052,0.512965,0.453076,0,1217.995814,scenario_002,short
5104,1210,1.531173,0.324033,0.923433,1,1212.83055,scenario_002,short
5105,1210,76.668713,0.292169,0.205159,0,1403.171419,scenario_002,long
5106,1210,23.086254,0.539379,0.724322,0,1303.810742,scenario_002,long
5107,1210,1.640529,0.728813,0.502468,0,1213.2922,scenario_002,short
5108,1210,12.852172,0.633998,0.595726,2,1221.406563,scenario_002,medium
5109,1210,2.005583,0.066806,0.356308,0,1219.049158,scenario_002,short
5110,1211,1.90094,0.392009,0.273899,2,1212.826058,scenario_002,short
5111,1211,4.378228,0.626033,0.717038,2,1218.030028,scenario_002,medium
5112,1211,1.050898,0.522481,0.962923,0,1214.110046,scenario_002,short
5113,1211,2.491897,0.08354,0.257741,0,1219.499004,scenario_002,short
5114,1211,5.507071,0.14401,0.318284,0,1231.18196,scenario_002,medium
5115,1211,1.967719,0.063956,0.323462,0,1217.357921,scenario_002,short
5116,1211,18.044396,0.435884,0.484812,0,1309.097347,scenario_002,medium
5117,1211,1.417897,0.129366,0.193869,0,1213.755924,scenario_002,short
5118,1211,1.086697,0.592424,0.706047,1,1213.911729,scenario_002,short
5119,1211,2.403425,0.105678,0.103969,0,1216.763203,scenario_002,short
5120,1212,1.471943,0.22571,0.535654,0,1215.388875,scenario_002,short
5121,1212,9.382038,0.418682,0.366264,0,1260.039547,scenario_002,medium
5122,1212,4.794777,0.642384,0.559759,0,1236.839515,scenario_002,medium
5123,1212,5.751424,0.585021,0.608272,0,1237.432795,scenario_002,medium
5124,1212,2.548509,0.25321,0.712949,1,1218.070758,scenario_002,short
5125,1212,1.551282,0.683953,0.712581,0,1214.685023,scenario_002,short
5126,1213,7.730893,0.189539,0.10758,0,1236.527751,scenario_002,medium
5127,1213,1.808145,0.07936,0.153296,2,1215.451303,scenario_002,short
5128,1213,8.925038,0.426113,0.985493,0,1239.770078,scenario_002,medium
5129,1213,12.641456,0.500261,0.511302,0,1249.838361,scenario_002,medium
5130,1213,19.217201,0.468969,0.720769,0,1254.490025,scenario_002,medium
5131,1213,48.005848,0.255145,0.603637,0,1446.508371,scenario_002,long
5132,1213,1.622557,0.631464,0.761663,0,1219.715398,scenario_002,short
5133,1213,7.277602,0.567999,0.644187,2,1229.061785,scenario_002,medium
5134,1214,1.363059,0.449167,0.269457,1,1218.483293,scenario_002,short
5135,1214,1.564369,0.401533,0.555151,2,1216.393328,scenario_002,short
5136,1214,8.671119,0.464759,0.813205,0,1229.729077,scenario_002,medium
5137,1214,2.805568,0.286552,0.488549,0,1219.804159,scenario_002,short
5138,1214,9.88903,0.459162,0.417954,1,1238.406691,scenario_002,medium
5139,1214,6.723115,1.0,1.0,1,1221.033795,scenario_002,medium
5140,1214,10.553494,0.162993,0.256786,0,1259.988258,scenario_002,medium
5141,1214,9.124313,0.353483,0.511914,0,1233.419763,scenario_002,medium
5142,1214,1.537268,0.189871,0.301359,1,1218.202254,scenario_002,short
5143,1215,10.042199,0.409534,0.527114,0,1256.724978,scenario_002,medium
5144,1215,1.641679,0.752505,0.601351,0,1222.19726,scenario_002,short
5145,1215,42.801576,0.853543,0.838226,0,1447.652601,scenario_002,long
5146,1216,26.939052,0.491347,0.425553,1,1256.531813,scenario_002,long
5147,1216,49.940441,0.459482,0.443479,1,1345.989447,scenario_002,long
5148,1216,1.952736,0.445635,0.879991,0,1225.979576,scenario_002,short
5149,1216,48.241423,0.545014,1.0,0,1479.506849,scenario_002,long
5150,1216,8.396761,0.753679,0.600661,0,1252.084387,scenario_002,medium
5151,1216,1.171203,0.149678,0.499994,1,1218.547379,scenario_002,short
5152,1216,6.645239,0.231678,0.333896,1,1224.774279,scenario_002,medium
5153,1217,2.050609,0.379728,0.468893,1,1220.480997,scenario_002,short
5154,1217,5.981848,0.515151,0.701357,0,1250.535043,scenario_002,medium
5155,1217,1.318562,0.355045,0.323116,2,1218.333572,scenario_002,short
5156,1217,2.195496,0.304876,0.691244,1,1219.876835,scenario_002,short
5157,1217,1.852025,0.083452,0.338362,2,1220.706149,scenario_002,short
5158,1217,36.45694,1.0,0.851445,2,1288.464599,scenario_002,long
5159,1217,10.608593,0.559974,0.676156,1,1251.098328,scenario_002,medium
5160,1217,9.533092,0.475098,0.718751,2,1234.187334,scenario_002,medium
5161,1217,11.130649,0.322163,0.319902,1,1235.488301,scenario_002,medium
5162,1218,1.917551,0.245864,0.156774,0,1228.825318,scenario_002,short
5163,1218,12.588845,0.677973,0.530698,0,1243.389646,scenario_002,medium
5164,1218,9.235028,0.698199,0.93393,1,1237.998945,scenario_002,medium
5165,1218,1.564757,0.074888,0.234885,1,1220.162906,scenario_002,short
5166,1218,16.027034,0.675594,0.675379,1,1267.223589,scenario_002,medium
5167,1218,4.470402,0.655469,0.365879,0,1242.767672,scenario_002,medium
5168,1218,1.592642,0.577799,0.514949,0,1222.170459,scenario_002,short
5169,1218,7.303321,0.711114,0.78077,1,1227.914748,scenario_002,medium
5170,1218,2.400001,0.084762,0.154863,0,1223.811518,scenario_002,short
5171,1218,53.646468,0.945995,0.67782,0,1518.907104,scenario_002,long
5172,1218,1.806779,0.50363,0.663545,2,1219.691122,scenario_002,short
5173,1218,1.771881,0.444736,0.665881,0,1224.389258,scenario_002,short
5174,1218,5.913702,0.485088,0.557384,0,1244.650382,scenario_002,medium
5175,1218,6.908696,1.0,0.872723,1,1235.149684,scenario_002,medium
5176,1218,1.666974,0.112284,0.570649,0,1227.131558,scenario_002,short
5177,1218,1.615018,0.351743,0.622987,0,1222.976115,scenario_002,short
5178,1219,2.770984,0.780012,0.966329,1,1224.305839,scenario_002,short
5179,1219,10.353682,0.684461,0.656367,0,1275.001314,scenario_002,medium
5180,1219,1.765216,0.489182,0.430548,1,1222.185586,scenario_002,short
5181,1219,1.137235,0.570947,0.911623,1,1221.375531,scenario_002,short
5182,1219,1.566889,0.581173,0.743255,2,1221.589709,scenario_002,short
5183,1219,14.832285,0.462279,0.67682,1,1261.631787,scenario_002,long
5184,1219,3.182993,0.438866,0.391259,0,1232.837922,scenario_002,short
5185,1220,22.277993,0.582357,0.420653,0,1291.031911,scenario_002,long
5186,1220,2.386809,0.444792,0.496352,1,1224.712542,scenario_002,short
5187,1220,1.327401,0.376644,0.636585,0,1223.62819,scenario_002,short
5188,1220,1.286064,0.13726,0.319623,0,1226.9546,scenario_002,short
5189,1220,26.471964,0.445307,0.890278,0,1349.3191,scenario_002,long
5190,1220,7.88716,0.154723,0.136555,2,1233.409874,scenario_002,medium
5191,1220,1.936261,0.389419,0.349474,1,1223.561112,scenario_002,short
5192,1220,1.603613,0.364731,0.446488,1,1224.208695,scenario_002,short
5193,1221,8.398435,0.644587,0.51855,1,1239.085618,scenario_002,medium
5194,1221,16.16813,0.253029,0.305498,0,1286.709541,scenario_002,medium
5195,1221,2.746609,0.404792,0.511832,1,1224.421094,scenario_002,medium
5196,1222,10.076209,0.190166,0.113096,0,1243.074431,scenario_002,medium
5197,1222,10.952173,1.0,1.0,0,1282.982153,scenario_002,medium
5198,1222,1.521838,0.535695,0.88239,0,1224.53621,scenario_002,short
5199,1223,1.879284,0.268844,0.193191,0,1229.388426,scenario_002,short
5200,1223,22.116141,1.0,1.0,2,1256.740807,scenario_002,long
5201,1223,2.613101,0.185439,0.203314,0,1228.482363,scenario_002,short
5202,1223,7.127354,0.321532,0.262992,0,1257.940342,scenario_002,medium
5203,1224,35.889385,0.784779,0.871567,0,1290.920172,scenario_002,long
5204,1225,74.054239,0.471248,0.556199,0,1584.44143,scenario_002,long
5205,1225,6.234176,0.676261,0.538842,0,1248.632469,scenario_002,medium
5206,1225,1.418838,0.59802,0.665882,0,1231.345238,scenario_002,short
5207,1225,1.896194,0.520059,0.350969,0,1232.504233,scenario_002,short
5208,1225,16.871875,0.922786,0.787107,1,1262.43378,scenario_002,long
5209,1226,1.875508,0.125507,0.16712,0,1230.460659,scenario_002,short
5210,1226,11.406567,0.729938,0.837614,0,1274.61488,scenario_002,long
5211,1228,2.488347,0.133944,0.344065,0,1239.92804,scenario_002,short
5212,1228,2.806064,0.361626,0.330938,0,1242.11933,scenario_002,short
5213,1228,1.525631,0.515745,0.977813,2,1231.089988,scenario_002,short
5214,1228,1.180276,0.139721,0.333148,0,1232.033597,scenario_002,short
5215,1229,5.538427,0.471221,0.580231,0,1243.516779,scenario_002,medium
5216,1229,60.236046,1.0,0.895833,1,1298.174857,scenario_002,long
5217,1229,1.974743,0.394218,0.311559,0,1233.487526,scenario_002,short
5218,1229,9.499297,0.150796,0.389992,0,1266.255465,scenario_002,medium
5219,1229,2.368955,0.187603,0.196719,0,1241.350377,scenario_002,short
5220,1229,28.025788,0.795968,0.699647,0,1347.726467,scenario_002,long
5221,1229,11.734157,0.531123,0.443257,2,1242.374138,scenario_002,medium
5222,1230,8.905989,0.529874,0.7507,0,1254.55596,scenario_002,medium
5223,1230,13.812158,0.153119,0.344211,1,1247.072969,scenario_002,medium
5224,1230,1.352942,0.268003,0.224404,2,1232.406334,scenario_002,short
5225,1230,20.594489,0.368976,0.485595,2,1274.110689,scenario_002,long
5226,1230,8.460439,0.611232,0.752252,0,1272.905238,scenario_002,medium
5227,1230,8.764632,0.1821,0.239425,1,1247.977629,scenario_002,medium
5228,1230,10.752098,0.617259,0.83951,1,1257.863353,scenario_002,medium
5229,1230,1.327031,0.15921,0.356782,0,1233.664306,scenario_002,short
5230,1231,9.825023,0.288463,0.29576,0,1267.861038,scenario_002,medium
5231,1232,9.569895,0.406616,0.301534,1,1242.502088,scenario_002,medium
5232,1232,50.318132,0.331554,0.371273,2,1303.604544,scenario_002,long
5233,1232,9.71488,0.588959,1.0,0,1254.733447,scenario_002,medium
5234,1232,6.395544,0.233582,0.429698,0,1265.081207,scenario_002,medium
5235,1232,6.332215,0.959128,0.705336,0,1265.938493,scenario_002,medium
5236,1233,1.203942,0.195581,0.316479,0,1235.623457,scenario_002,short
5237,1233,65.648216,0.565625,0.805629,0,1424.795928,scenario_002,long
5238,1233,120.407568,0.271896,0.465412,0,1597.124766,scenario_002,long
5239,1234,11.374049,0.287739,0.554407,2,1258.79915,scenario_002,medium
5240,1234,2.383093,0.171591,0.318573,0,1241.294594,scenario_002,short
5241,1234,2.58128,0.447168,0.563385,2,1237.482735,scenario_002,short
5242,1234,1.492089,0.34896,0.290748,0,1239.84662,scenario_002,short
5243,1234,1.498234,0.301312,0.376744,0,1238.675406,scenario_002,short
5244,1234,1.810336,0.177732,0.390399,0,1237.344845,scenario_002,short
5245,1235,11.208301,0.628162,0.515721,0,1281.771691,scenario_002,medium
5246,1235,14.527268,0.462985,0.71837,0,1306.636477,scenario_002,medium
5247,1235,1.257985,0.342101,0.61651,1,1237.284068,scenario_002,short
5248,1235,2.579281,0.248343,0.476487,2,1240.353991,scenario_002,short
5249,1235,2.081901,0.677827,0.566573,0,1242.523611,scenario_002,short
5250,1236,17.690781,0.157753,0.402554,2,1271.205093,scenario_002,medium
5251,1236,8.848732,0.456856,0.545237,0,1265.079738,scenario_002,medium
5252,1236,8.464792,0.187785,0.644294,2,1252.465981,scenario_002,medium
5253,1236,13.908389,0.298456,0.477458,0,1276.532272,scenario_002,medium
5254,1236,12.242272,0.446109,0.667836,2,1252.883676,scenario_002,medium
5255,1236,11.476399,0.253793,0.288591,0,1255.357612,scenario_002,medium
5256,1236,0.95407,0.433239,0.396207,2,1237.0,scenario_002,short
5257,1237,110.306968,0.809135,0.782772,0,1492.050071,scenario_002,long
5258,1237,1.428206,0.054434,0.292826,0,1239.952841,scenario_002,short
5259,1237,2.162091,0.529842,0.517944,0,1247.043397,scenario_002,short
5260,1238,1.881486,0.114935,0.174321,2,1240.105237,scenario_002,short
5261,1238,1.602539,0.124407,0.132867,1,1239.84394,scenario_002,short
5262,1239,8.161207,0.516048,0.906049,0,1253.038184,scenario_002,medium
5263,1239,13.394959,0.396802,0.407776,0,1275.471366,scenario_002,medium
5264,1239,1.760926,0.189973,0.130212,0,1247.187601,scenario_002,short
5265,1239,1.305254,0.33884,0.150491,2,1240.189719,scenario_002,short
5266,1239,14.513389,0.49704,0.402309,1,1274.170329,scenario_002,medium
5267,1240,1.408887,0.838778,0.522627,1,1242.303094,scenario_002,short
5268,1240,15.223981,0.860178,0.756406,0,1324.329549,scenario_002,long
5269,1240,1.877701,0.189564,0.35263,2,1241.820584,scenario_002,short
5270,1241,19.782233,0.329064,0.393455,0,1282.54194,scenario_002,medium
5271,1241,2.43941,0.302363,0.925826,0,1245.953989,scenario_002,short
5272,1241,15.279755,0.837849,0.823624,0,1316.789938,scenario_002,medium
5273,1241,11.542715,0.262844,0.38589,0,1296.475591,scenario_002,medium
5274,1241,1.96496,0.448987,0.43717,0,1244.940082,scenario_002,short
5275,1241,6.39448,0.327436,0.404052,1,1253.750119,scenario_002,medium
5276,1241,8.998077,0.136227,0.561574,1,1263.442829,scenario_002,medium
5277,1242,1.494052,0.10664,0.50058,1,1245.225297,scenario_002,short
5278,1242,1.729639,0.391957,0.201979,0,1246.318171,scenario_002,short
5279,1243,9.180028,0.63222,1.0,0,1275.329779,scenario_002,medium
5280,1244,38.188653,0.88331,0.759919,0,1400.866412,scenario_002,long
5281,1244,1.08427,0.386781,0.517789,1,1246.939384,scenario_002,short
5282,1244,1.501842,0.478275,0.362588,0,1249.940727,scenario_002,short
5283,1244,15.209415,0.287398,0.339127,2,1275.019699,scenario_002,long
5284,1244,1.492185,0.073459,0.188981,2,1246.569092,scenario_002,short
5285,1244,1.175014,0.801921,0.951515,0,1248.469665,scenario_002,short
5286,1244,1.163648,0.178474,0.082306,0,1250.065678,scenario_002,short
5287,1244,2.087823,0.423916,0.722495,0,1254.538544,scenario_002,short
5288,1244,1.697607,0.390754,0.399878,0,1248.663645,scenario_002,short
5289,1244,2.178785,0.262523,0.525408,0,1247.606933,scenario_002,short
5290,1244,2.22027,0.360621,0.440121,0,1255.30974,scenario_002,short
5291,1244,1.675421,0.104756,0.680342,2,1247.605166,scenario_002,short
5292,1244,24.864849,0.669959,0.384265,0,1357.740655,scenario_002,long
5293,1245,22.078269,0.537972,0.839494,1,1308.628149,scenario_002,medium
5294,1245,1.469864,0.132136,0.071786,2,1247.823629,scenario_002,short
5295,1245,6.31939,0.167508,0.175374,2,1249.675782,scenario_002,medium
5296,1245,21.340076,0.259,0.312841,0,1314.680156,scenario_002,long
5297,1245,55.41189,0.520303,0.518324,1,1417.229992,scenario_002,long
5298,1245,13.542499,0.279058,0.151469,2,1263.042218,scenario_002,medium
5299,1245,15.905833,0.532781,0.334618,1,1283.004906,scenario_002,medium
5300,1245,1.539146,0.29882,0.482277,0,1247.759606,scenario_002,short
5301,1245,1.338503,0.583691,0.549713,1,1247.242734,scenario_002,short
5302,1246,16.591091,0.176822,0.663019,2,1264.390137,scenario_002,medium
5303,1246,17.688351,0.570995,0.950219,2,1259.123838,scenario_002,medium
5304,1246,9.15171,0.554108,0.632133,0,1293.122184,scenario_002,medium
5305,1246,43.427322,0.869416,0.718114,0,1413.869737,scenario_002,long
5306,1246,8.201023,0.322623,0.409014,2,1257.179522,scenario_002,medium
5307,1246,1.356027,0.52205,0.69542,0,1253.418313,scenario_002,short
5308,1246,222.338497,0.471127,0.61874,0,2058.17627,scenario_002,long
5309,1246,2.13939,0.185065,0.206069,2,1247.653354,scenario_002,short
5310,1246,9.200673,0.528957,0.820255,1,1270.994222,scenario_002,medium
5311,1247,8.55555,0.361303,0.523836,1,1271.167162,scenario_002,long
5312,1247,1.121288,0.385094,0.360898,1,1248.038906,scenario_002,short
5313,1247,1.631102,0.284279,0.37208,2,1250.632749,scenario_002,short
5314,1247,13.133856,0.4554,0.741597,0,1311.752631,scenario_002,medium
5315,1247,1.736693,0.244254,0.214382,0,1255.25185,scenario_002,short
5316,1247,1.926676,0.254626,0.199023,0,1256.80062,scenario_002,short
5317,1247,18.871978,0.193382,0.318157,1,1295.066897,scenario_002,medium
5318,1247,5.884964,0.120705,0.136707,2,1258.389487,scenario_002,medium
5319,1247,1.371733,0.36641,0.586441,0,1249.673835,scenario_002,short
5320,1247,1.697005,0.2023,0.301962,0,1252.950828,scenario_002,short
5321,1248,7.156876,0.586489,0.710363,1,1265.806503,scenario_002,medium
5322,1248,5.15737,0.407433,0.318766,0,1259.738206,scenario_002,medium
5323,1248,1.624158,0.132322,0.398765,0,1256.458806,scenario_002,short
5324,1248,33.379822,0.573214,0.674975,1,1292.969008,scenario_002,long
5325,1248,0.886139,0.23938,0.557805,0,1249.570741,scenario_002,short
5326,1248,10.278414,0.313351,0.349876,1,1269.42051,scenario_002,medium
5327,1248,8.734931,0.598756,0.7052,0,1277.944875,scenario_002,medium
5328,1249,11.600324,0.510547,0.385637,0,1279.531056,scenario_002,medium
5329,1249,2.388011,0.249046,0.285706,0,1258.172888,scenario_002,short
5330,1249,1.727031,0.421719,0.527461,0,1255.606558,scenario_002,short
5331,1249,7.171593,0.302905,0.464181,0,1264.50323,scenario_002,medium
5332,1249,1.511768,0.069568,0.18208,0,1255.18249,scenario_002,short
5333,1249,5.851986,0.491711,0.61875,0,1272.980243,scenario_002,medium
5334,1249,21.368777,0.73007,0.502837,2,1285.961854,scenario_002,long
5335,1249,10.852025,0.607533,0.644843,2,1261.155221,scenario_002,medium
5336,1249,11.190015,0.135535,0.326509,0,1278.652052,scenario_002,medium
5337,1249,16.487821,0.209753,0.11064,1,1273.267359,scenario_002,medium
5338,1250,1.83079,0.644675,0.744371,1,1251.671113,scenario_002,short
5339,1250,11.79161,0.581863,0.621088,1,1265.478851,scenario_002,medium
5340,1250,110.943797,0.983036,0.928453,0,1542.066405,scenario_002,long
5341,1250,10.954435,0.308566,0.341816,2,1265.499692,scenario_002,medium
5342,1250,2.32449,0.341865,0.514712,1,1252.865196,scenario_002,short
5343,1250,1.59355,0.292738,0.253276,0,1258.129332,scenario_002,short
5344,1250,1.424649,0.24512,0.516331,2,1252.042353,scenario_002,short
5345,1250,1.278513,0.129142,0.07405,0,1254.559316,scenario_002,short
5346,1250,53.696783,0.867373,1.0,0,1371.48132,scenario_002,long
5347,1250,2.484344,0.30901,0.506038,0,1255.58987,scenario_002,short
5348,1250,1.282445,0.195473,0.210755,0,1255.502867,scenario_002,short
5349,1250,29.68784,0.789741,0.807379,1,1306.724577,scenario_002,long
5350,1251,1.306847,0.144975,0.467512,0,1256.297084,scenario_002,short
5351,1251,4.237896,0.320157,0.310529,0,1269.177094,scenario_002,short
5352,1251,2.575987,0.169676,0.369451,1,1255.731645,scenario_002,short
5353,1251,2.035003,0.108971,0.21771,2,1254.748263,scenario_002,short
5354,1251,8.11296,0.344787,0.39403,0,1281.552499,scenario_002,medium
5355,1251,5.382152,0.2416,0.361813,0,1278.494089,scenario_002,medium
5356,1251,18.532406,0.680582,0.580343,0,1315.272801,scenario_002,medium
5357,1251,8.186005,0.30097,0.455672,0,1265.359671,scenario_002,medium
5358,1251,1.838879,0.290668,0.312793,0,1258.607084,scenario_002,short
5359,1251,23.362096,0.938611,1.0,1,1289.438457,scenario_002,long
5360,1251,15.980708,0.532386,0.495985,1,1283.521877,scenario_002,medium
5361,1251,4.077615,0.144612,0.262286,0,1267.865233,scenario_002,medium
5362,1251,2.830035,0.377071,0.429883,2,1256.790771,scenario_002,short
5363,1252,8.532235,0.9066,0.898747,0,1270.514062,scenario_002,medium
5364,1252,0.928021,0.337345,0.52388,0,1256.821947,scenario_002,short
5365,1252,2.3318,0.113156,0.330567,0,1256.521062,scenario_002,short
5366,1252,6.947202,0.435428,0.372715,1,1260.696577,scenario_002,medium
5367,1252,75.503027,0.81738,0.770971,0,1661.901803,scenario_002,long
5368,1252,40.95025,0.806467,1.0,0,1478.942228,scenario_002,long
5369,1252,1.71904,0.485666,0.910315,2,1255.307081,scenario_002,short
5370,1252,52.325016,0.776752,0.873037,1,1305.897748,scenario_002,long
5371,1252,5.138969,0.784495,0.716509,2,1260.059844,scenario_002,medium
5372,1252,9.223706,0.693464,0.981141,2,1262.215685,scenario_002,medium
5373,1252,91.479521,0.581046,0.438471,1,1338.515619,scenario_002,long
5374,1252,1.85471,0.608656,0.701522,0,1255.230977,scenario_002,short
5375,1252,2.537476,0.400506,0.752572,0,1266.008345,scenario_002,short
5376,1252,1.758589,0.243615,0.320609,0,1258.461791,scenario_002,short
5377,1252,10.35321,0.510813,0.639075,0,1281.690421,scenario_002,medium
5378,1253,6.09273,0.455841,0.599815,0,1268.635082,scenario_002,medium
5379,1253,1.251472,0.243289,0.634392,0,1258.743869,scenario_002,short
5380,1253,9.839805,0.303666,0.543727,1,1269.858289,scenario_002,medium
5381,1253,8.664467,0.963991,0.965165,0,1301.034511,scenario_002,long
5382,1253,29.802384,0.542479,0.511461,0,1368.680116,scenario_002,long
5383,1253,1.786902,0.218701,0.463632,0,1260.483899,scenario_002,short
5384,1253,1.961111,0.467679,0.366768,1,1256.684046,scenario_002,short
5385,1253,2.556108,0.333821,0.853571,0,1261.799306,scenario_002,short
5386,1253,53.709222,0.874938,0.771017,1,1321.146752,scenario_002,long
5387,1253,10.978045,0.219505,0.407655,2,1273.137973,scenario_002,medium
5388,1253,51.924113,0.514421,0.442166,0,1347.415109,scenario_002,long
5389,1253,8.152059,0.448266,0.498411,0,1288.660381,scenario_002,medium
5390,1253,9.399828,0.593858,0.583412,0,1281.289036,scenario_002,medium
5391,1254,1.713796,0.305774,0.741199,0,1258.718567,scenario_002,short
5392,1254,2.591428,0.118251,0.321645,1,1260.91721,scenario_002,short
5393,1254,1.195977,0.166183,0.256295,2,1256.297081,scenario_002,short
5394,1254,2.025568,0.424048,0.780451,2,1256.813836,scenario_002,short
5395,1254,2.097869,0.259793,0.596765,0,1264.646892,scenario_002,short
5396,1254,9.604164,0.501875,0.601203,0,1279.970336,scenario_002,medium
5397,1254,0.923362,0.406842,0.426863,0,1256.262976,scenario_002,short
5398,1254,6.598767,0.464125,0.50104,1,1266.674624,scenario_002,medium
5399,1254,3.146062,0.362182,0.554672,0,1263.648577,scenario_002,short
5400,1254,1.827245,0.342235,0.424537,0,1260.13083,scenario_002,short
5401,1254,1.404766,0.307188,0.21426,0,1259.289626,scenario_002,short
5402,1254,5.605641,0.867637,0.765233,1,1261.23147,scenario_002,medium
5403,1255,3.358048,0.376585,0.427797,0,1272.134085,scenario_002,short
5404,1255,1.763825,0.13249,0.382459,2,1256.076665,scenario_002,short
5405,1255,1.776698,0.136215,0.570667,2,1257.180083,scenario_002,short
5406,1255,31.748634,0.659967,0.76727,0,1429.000705,scenario_002,long
5407,1255,26.145917,0.671019,0.529803,0,1333.242627,scenario_002,long
5408,1255,41.971535,0.802749,0.691121,0,1434.884497,scenario_002,long
5409,1255,4.659001,0.200416,0.714514,0,1266.131247,scenario_002,medium
5410,1255,6.505501,0.516035,0.758781,0,1285.566155,scenario_002,medium
5411,1255,1.452145,0.342569,0.551581,2,1257.568596,scenario_002,short
5412,1255,1.443099,0.385165,0.422213,1,1258.762336,scenario_002,short
5413,1255,1.441946,0.317882,0.494863,0,1262.500094,scenario_002,short
5414,1255,22.394325,0.859291,0.641332,0,1306.092369,scenario_002,medium
5415,1255,30.20328,0.796457,0.697266,2,1285.377692,scenario_002,long
5416,1255,37.813077,0.987098,0.808705,0,1428.060599,scenario_002,long
5417,1255,1.404323,0.832426,0.725775,0,1262.075298,scenario_002,short
5418,1255,1.471772,0.475494,0.75232,0,1257.440529,scenario_002,short
5419,1256,1.393478,0.201436,0.365534,0,1259.662579,scenario_002,short
5420,1256,12.075042,0.17912,0.172614,2,1280.337519,scenario_002,medium
5421,1256,6.458948,0.846674,0.974457,1,1268.052435,scenario_002,medium
5422,1256,4.526734,0.392927,0.582662,2,1261.503172,scenario_002,medium
5423,1256,1.409211,0.264403,0.254728,0,1261.281289,scenario_002,short
5424,1256,1.755717,0.413447,0.399827,1,1261.163162,scenario_002,short
5425,1256,2.715091,0.327917,0.320092,2,1258.012581,scenario_002,short
5426,1256,56.035668,0.458752,0.650492,0,1509.800627,scenario_002,long
5427,1256,45.427975,0.931817,0.942042,1,1334.103619,scenario_002,long
5428,1256,8.318699,0.528585,0.62779,0,1291.143372,scenario_002,medium
5429,1256,1.397285,0.408596,0.259836,0,1263.081289,scenario_002,short
5430,1256,9.942397,0.688837,0.547405,1,1277.345473,scenario_002,medium
5431,1256,1.482095,0.149335,0.325016,0,1259.479356,scenario_002,short
5432,1256,10.064889,0.506487,0.62025,0,1278.636311,scenario_002,medium
5433,1256,1.868325,0.111535,0.551999,2,1259.532666,scenario_002,short
5434,1256,2.056054,0.544901,0.424963,0,1267.570213,scenario_002,short
5435,1256,11.578369,0.465571,0.618416,0,1310.909027,scenario_002,medium
5436,1256,22.500087,0.902036,0.743486,0,1331.946067,scenario_002,long
5437,1256,1.261234,0.32179,0.943662,0,1260.778008,scenario_002,short
5438,1256,8.966355,0.203206,0.572104,1,1283.31388,scenario_002,medium
5439,1257,1.337558,0.201954,0.553013,0,1264.405938,scenario_002,short
5440,1257,11.332557,0.426863,0.692061,2,1272.361726,scenario_002,medium
5441,1257,1.387962,0.442484,0.674445,0,1260.504747,scenario_002,short
5442,1257,2.949035,0.18556,0.429845,0,1265.662381,scenario_002,short
5443,1257,16.607675,0.422989,0.697209,0,1349.728145,scenario_002,medium
5444,1257,1.601793,0.301851,0.473015,2,1259.373297,scenario_002,short
5445,1257,10.708325,0.387021,0.297047,0,1314.486469,scenario_002,medium
5446,1257,3.00902,0.840083,1.0,1,1261.303224,scenario_002,short
5447,1257,7.803625,0.619471,0.497717,0,1297.847021,scenario_002,medium
5448,1257,80.070704,0.424643,0.267328,0,1384.743542,scenario_002,long
5449,1257,39.822865,0.655575,0.829874,0,1434.623691,scenario_002,long
5450,1258,2.051364,0.401077,0.666035,1,1261.446174,scenario_002,short
5451,1258,16.729678,0.244849,0.620739,0,1343.066889,scenario_002,medium
5452,1258,9.262663,0.270174,0.388025,0,1305.471126,scenario_002,medium
5453,1258,6.779196,0.466673,0.308099,2,1270.027669,scenario_002,medium
5454,1258,7.737507,0.710533,0.631413,0,1278.126204,scenario_002,medium
5455,1258,38.312943,0.566796,0.49868,0,1441.847444,scenario_002,long
5456,1258,7.204316,0.156401,0.379963,0,1291.618407,scenario_002,medium
5457,1258,6.829563,0.207667,0.685389,0,1277.058576,scenario_002,medium
5458,1258,1.494364,0.526052,0.697753,0,1262.984227,scenario_002,short
5459,1258,10.261464,0.173411,0.187653,0,1292.725087,scenario_002,medium
5460,1258,1.59548,0.395397,0.430902,2,1259.649018,scenario_002,short
5461,1258,11.370785,0.695452,0.714335,2,1280.81325,scenario_002,medium
5462,1258,12.31602,1.0,0.917674,2,1279.172185,scenario_002,medium
5463,1258,1.774076,0.106652,0.337681,2,1259.739976,scenario_002,short
5464,1259,14.559713,0.289201,0.341971,0,1291.14306,scenario_002,long
5465,1259,1.447968,0.427487,0.328892,0,1266.894921,scenario_002,short
5466,1259,20.985105,0.317256,0.316194,2,1282.244892,scenario_002,long
5467,1259,15.013312,0.476638,0.644523,2,1286.2552,scenario_002,medium
5468,1259,11.793575,0.680394,0.381752,0,1314.235738,scenario_002,medium
5469,1259,1.701429,0.062586,0.30999,0,1266.182605,scenario_002,short
5470,1259,1.595326,0.239451,0.211721,1,1263.753516,scenario_002,short
5471,1259,4.458933,0.351898,0.431247,2,1262.614421,scenario_002,medium
5472,1259,1.620029,0.39004,0.777371,0,1264.994264,scenario_002,short
5473,1259,8.800048,0.790643,1.0,2,1270.00452,scenario_002,medium
5474,1259,8.3164,0.649357,0.643077,0,1293.750576,scenario_002,medium
5475,1259,2.581119,0.088001,0.257219,1,1264.309572,scenario_002,short
5476,1259,1.362786,0.379931,0.812839,0,1266.044303,scenario_002,short
5477,1260,13.656366,0.60588,0.847099,0,1332.989093,scenario_002,medium
5478,1260,1.432693,0.286867,0.477796,0,1262.561888,scenario_002,short
5479,1260,1.32175,0.330073,0.196302,1,1262.941803,scenario_002,short
5480,1260,11.461885,0.828142,0.922013,0,1310.867963,scenario_002,long
5481,1260,6.404508,0.150068,0.281116,0,1285.552008,scenario_002,medium
5482,1260,15.465704,0.632106,0.76726,2,1290.489513,scenario_002,medium
5483,1260,2.377531,0.286845,0.423487,0,1269.571002,scenario_002,short
5484,1260,1.494482,0.498035,0.450735,0,1265.040076,scenario_002,short
5485,1260,50.750401,0.892024,0.76383,1,1376.267182,scenario_002,long
5486,1260,1.527273,0.337894,0.30047,1,1263.142188,scenario_002,short
5487,1261,1.529056,0.315461,0.357232,0,1267.731764,scenario_002,short
5488,1261,10.045703,0.254978,0.303532,0,1308.202636,scenario_002,medium
5489,1261,2.069928,0.541703,1.0,2,1262.532673,scenario_002,short
5490,1261,1.351449,0.490535,0.834837,2,1262.811819,scenario_002,short
5491,1261,2.426934,0.259409,0.344376,0,1265.011555,scenario_002,short
5492,1261,8.256833,0.924167,0.97067,0,1290.83366,scenario_002,medium
5493,1261,8.801745,0.221675,0.179946,0,1304.081898,scenario_002,medium
5494,1261,75.035838,1.0,1.0,2,1355.401571,scenario_002,long
5495,1261,1.684676,0.196528,0.210529,2,1262.24496,scenario_002,short
5496,1261,81.051779,0.54325,0.80061,0,1624.047076,scenario_002,long
5497,1261,7.807204,0.200134,0.838473,2,1271.967174,scenario_002,medium
5498,1261,7.789343,0.611647,0.747943,0,1299.317713,scenario_002,medium
5499,1261,2.283305,0.369066,0.431219,0,1270.056825,scenario_002,short
5500,1261,1.678062,0.490128,0.537577,0,1267.342506,scenario_002,short
5501,1261,1.555133,0.442256,0.365404,0,1265.226767,scenario_002,short
5502,1261,2.368055,0.13127,0.631385,1,1268.454679,scenario_002,short
5503,1261,6.73666,0.71784,0.707496,1,1275.241465,scenario_002,medium
5504,1262,1.142038,0.294097,0.681471,0,1266.581713,scenario_002,short
5505,1262,14.768566,0.196049,0.447753,1,1281.554953,scenario_002,medium
5506,1262,8.483065,0.456384,0.416637,0,1292.669745,scenario_002,medium
5507,1262,8.314542,0.185767,0.41663,1,1273.802391,scenario_002,medium
5508,1262,7.373998,0.315453,0.577995,0,1285.385085,scenario_002,medium
5509,1262,1.749819,0.535426,0.481808,0,1268.078622,scenario_002,short
5510,1262,13.113607,1.0,0.868266,0,1315.537489,scenario_002,long
5511,1262,1.533336,0.756951,0.65085,2,1264.454765,scenario_002,short
5512,1262,1.866896,0.354884,0.366005,0,1267.838373,scenario_002,short
5513,1262,58.316988,0.426425,0.748376,0,1421.970307,scenario_002,long
5514,1262,19.939778,0.574344,0.734443,1,1286.556799,scenario_002,medium
5515,1262,1.718042,0.433575,0.414427,0,1266.496142,scenario_002,short
5516,1263,14.257176,0.840909,0.816248,0,1332.413194,scenario_002,medium
5517,1263,1.75691,0.320241,0.386848,0,1268.765091,scenario_002,short
5518,1263,9.713798,0.233459,0.450367,1,1273.758295,scenario_002,medium
5519,1263,1.628356,0.433762,0.338741,0,1271.288536,scenario_002,short
5520,1263,1.283029,0.367267,0.462915,2,1264.058786,scenario_002,short
5521,1263,1.857024,0.550771,0.468897,0,1272.603672,scenario_002,short
5522,1263,104.838576,0.80918,1.0,0,1729.017041,scenario_002,long
5523,1263,103.811049,0.351619,0.331792,0,1713.168388,scenario_002,long
5524,1263,2.040409,0.132949,0.399157,0,1273.688899,scenario_002,short
5525,1263,1.526186,0.548982,0.695627,2,1265.894339,scenario_002,short
5526,1263,1.794841,0.370682,0.620515,0,1271.023604,scenario_002,short
5527,1263,2.67332,0.178212,0.25924,1,1266.745335,scenario_002,short
5528,1263,1.476431,0.646599,0.619044,0,1271.037042,scenario_002,short
5529,1263,1.471073,0.105409,0.090856,0,1270.760399,scenario_002,short
5530,1263,1.911393,0.243709,0.453837,2,1267.144,scenario_002,short
5531,1263,1.64598,0.12874,0.728223,0,1266.626443,scenario_002,short
5532,1263,13.063333,0.340625,0.406148,0,1328.213024,scenario_002,medium
5533,1264,10.353133,0.506697,0.660187,1,1296.923108,scenario_002,medium
5534,1264,5.427558,0.259132,0.544939,2,1275.143008,scenario_002,long
5535,1264,2.138313,0.264944,0.529082,0,1267.785203,scenario_002,short
5536,1264,5.619679,0.63957,0.711506,0,1290.654356,scenario_002,medium
5537,1264,1.838457,0.302589,0.392488,1,1266.349307,scenario_002,short
5538,1264,11.138037,0.38275,0.561633,0,1323.185079,scenario_002,medium
5539,1264,1.916391,0.25788,0.564235,0,1273.43668,scenario_002,short
5540,1264,2.696622,0.401212,0.332296,0,1273.705884,scenario_002,short
5541,1264,1.208024,0.639326,0.474839,0,1268.520658,scenario_002,short
5542,1264,2.323306,0.316874,0.542198,1,1271.369689,scenario_002,short
5543,1264,109.591339,0.814723,0.839265,0,1498.887165,scenario_002,long
5544,1264,11.174611,0.140782,0.541637,0,1297.453312,scenario_002,medium
5545,1265,7.932638,0.593966,0.594547,1,1282.654473,scenario_002,medium
5546,1265,10.032365,0.384348,0.571019,0,1295.583884,scenario_002,medium
5547,1265,2.116862,0.634384,0.747029,0,1276.225754,scenario_002,short
5548,1265,6.072853,0.832436,0.948667,0,1281.542023,scenario_002,medium
5549,1265,2.181849,0.64337,0.675609,0,1274.302195,scenario_002,short
5550,1265,1.298241,0.416537,0.544135,2,1266.334146,scenario_002,short
5551,1265,1.107358,0.084761,0.05,2,1267.366347,scenario_002,short
5552,1265,1.145826,0.763896,0.681842,1,1267.833154,scenario_002,short
5553,1265,1.720017,0.084418,0.459987,2,1268.529044,scenario_002,short
5554,1265,41.98529,0.810878,0.744471,1,1389.430876,scenario_002,long
5555,1265,1.51908,0.436413,0.706489,0,1267.793235,scenario_002,short
5556,1266,7.955691,0.920027,1.0,1,1290.659918,scenario_002,medium
5557,1266,2.376846,0.333162,0.516245,0,1279.172779,scenario_002,short
5558,1266,1.750827,0.508074,0.496693,0,1275.395762,scenario_002,short
5559,1266,1.956815,0.30581,0.53059,1,1271.554726,scenario_002,short
5560,1266,2.225039,0.578695,0.674362,0,1269.637535,scenario_002,short
5561,1266,14.962173,0.612982,0.687727,0,1334.465966,scenario_002,medium
5562,1266,7.452135,0.522761,0.501699,1,1287.087363,scenario_002,medium
5563,1266,7.842061,0.495533,0.362447,1,1275.850973,scenario_002,medium
5564,1266,1.69986,0.30602,0.17739,0,1275.438314,scenario_002,short
5565,1266,5.880995,1.0,0.763199,0,1295.227369,scenario_002,medium
5566,1266,30.050135,0.2996,0.173934,0,1433.721295,scenario_002,long
5567,1266,9.550748,0.548137,0.495923,2,1272.904731,scenario_002,medium
5568,1266,10.974431,0.260372,0.521607,0,1297.037818,scenario_002,medium
5569,1266,2.004155,0.810558,0.618304,2,1268.437519,scenario_002,short
5570,1266,2.137994,0.712281,0.783534,0,1277.706134,scenario_002,short
5571,1266,9.64547,0.32393,0.436381,0,1282.603026,scenario_002,medium
5572,1266,1.707398,0.31772,0.820657,0,1270.231057,scenario_002,short
5573,1266,1.554329,0.581074,0.637895,0,1271.118716,scenario_002,short
5574,1266,2.261832,0.290617,0.342992,0,1270.718474,scenario_002,short
5575,1266,2.612388,0.086904,0.417462,2,1270.400869,scenario_002,short
5576,1266,5.324686,0.584329,0.519019,0,1275.656756,scenario_002,medium
5577,1266,9.914454,1.0,0.812012,0,1292.309022,scenario_002,medium
5578,1266,1.144732,0.262237,0.464962,2,1267.631393,scenario_002,short
5579,1267,11.295218,0.53458,0.614398,2,1289.476509,scenario_002,medium
5580,1267,1.474987,0.337635,0.556878,0,1270.989366,scenario_002,short
5581,1267,133.242962,0.655543,0.955724,2,1373.262168,scenario_002,long
5582,1267,8.612176,0.331694,0.527631,1,1278.674176,scenario_002,medium
5583,1267,10.936384,0.707097,0.639502,1,1288.217015,scenario_002,medium
5584,1267,1.878156,0.465679,0.372159,0,1271.679524,scenario_002,short
5585,1267,6.408258,0.504095,0.576717,2,1272.37331,scenario_002,medium
5586,1267,1.684832,0.450034,0.443026,0,1273.23794,scenario_002,short
5587,1267,10.795135,0.38802,0.431041,0,1312.819441,scenario_002,medium
5588,1267,1.373352,0.353439,0.257995,0,1271.846414,scenario_002,short
5589,1267,2.318803,0.715254,0.801093,0,1270.885254,scenario_002,short
5590,1267,9.955848,0.578667,0.529658,0,1292.71297,scenario_002,medium
5591,1267,10.252843,0.128028,0.271045,2,1289.706003,scenario_002,medium
5592,1267,2.419577,0.081853,0.205721,0,1277.089719,scenario_002,short
5593,1267,10.321506,0.163303,0.176387,0,1301.126381,scenario_002,medium
5594,1267,1.687364,0.308943,0.267422,0,1269.884458,scenario_002,short
5595,1267,12.751299,0.782323,0.831032,0,1323.591428,scenario_002,medium
5596,1267,1.845533,0.109079,0.250284,0,1270.680641,scenario_002,short
5597,1268,6.04837,0.499853,0.704775,0,1296.146729,scenario_002,medium
5598,1268,1.446283,0.78684,0.861248,2,1269.193691,scenario_002,short
5599,1268,2.45173,0.447925,0.361706,1,1272.02604,scenario_002,short
5600,1268,7.562918,0.628158,0.501248,1,1290.191956,scenario_002,medium
5601,1268,1.652001,0.429395,0.503116,2,1269.415026,scenario_002,short
5602,1268,17.498595,0.284332,0.435112,0,1320.811644,scenario_002,long
5603,1268,9.587692,0.675668,0.777459,0,1302.727095,scenario_002,medium
5604,1268,1.271604,0.717805,0.546717,0,1274.938338,scenario_002,short
5605,1268,11.639874,0.91337,0.784771,0,1326.689486,scenario_002,medium
5606,1268,2.153187,0.55264,0.443798,0,1280.056102,scenario_002,short
5607,1268,10.07572,0.162702,0.397143,0,1301.576988,scenario_002,medium
5608,1268,7.765374,0.234045,0.612193,1,1284.806001,scenario_002,medium
5609,1268,1.034385,0.335671,0.880004,0,1273.562009,scenario_002,short
5610,1268,1.915428,0.397169,0.371713,1,1271.617118,scenario_002,short
5611,1268,8.593422,0.60784,0.627035,0,1297.817774,scenario_002,medium
5612,1268,8.098346,0.312885,0.393608,0,1302.414998,scenario_002,medium
5613,1268,18.023774,0.885797,0.662199,0,1297.339129,scenario_002,long
5614,1269,2.327067,0.397923,0.296535,0,1281.980498,scenario_002,short
5615,1269,2.949341,0.420619,0.492357,0,1277.485053,scenario_002,short
5616,1269,1.009418,0.687269,0.71032,0,1272.25418,scenario_002,short
5617,1269,1.624748,0.424347,0.553459,2,1272.467185,scenario_002,short
5618,1269,1.948014,0.317385,0.230733,2,1272.28363,scenario_002,short
5619,1269,1.475215,0.627225,0.664722,0,1272.910343,scenario_002,short
5620,1269,1.793081,0.110111,0.285305,0,1275.337844,scenario_002,short
5621,1269,2.25267,0.435454,0.393341,0,1279.909619,scenario_002,short
5622,1269,9.685091,0.373662,0.440454,0,1320.090784,scenario_002,medium
5623,1269,81.468222,0.550171,0.702264,0,1450.098777,scenario_002,long
5624,1269,90.002347,1.0,0.877326,0,1680.211475,scenario_002,long
5625,1269,77.414831,0.893865,0.907303,0,1470.163405,scenario_002,long
5626,1269,8.941439,0.4777,0.521124,0,1291.859644,scenario_002,medium
5627,1269,6.370382,0.272468,0.650682,1,1285.275146,scenario_002,medium
5628,1269,14.033675,0.547872,0.577718,2,1289.332307,scenario_002,medium
5629,1270,2.407523,0.191939,0.319036,1,1275.296357,scenario_002,short
5630,1270,6.249166,0.605675,0.60402,1,1281.435885,scenario_002,medium
5631,1270,13.656847,0.386142,0.50867,0,1326.951823,scenario_002,medium
5632,1270,1.719327,0.260648,0.79655,1,1274.758843,scenario_002,short
5633,1270,9.747623,0.394801,0.732197,0,1320.186963,scenario_002,medium
5634,1270,5.927495,0.664288,0.552428,0,1289.264565,scenario_002,medium
5635,1270,2.428935,0.463679,0.653585,0,1275.706176,scenario_002,short
5636,1270,1.461368,0.336162,0.187912,0,1272.516922,scenario_002,short
5637,1270,26.414407,0.808554,0.730208,0,1390.915694,scenario_002,long
5638,1270,1.989103,0.145179,0.231335,0,1279.023937,scenario_002,short
5639,1270,10.176269,0.955761,0.840293,0,1317.275592,scenario_002,medium
5640,1270,10.621253,0.579012,0.540478,0,1301.449234,scenario_002,medium
5641,1270,59.598542,0.408323,0.476991,0,1498.955781,scenario_002,long
5642,1270,1.395487,0.556275,0.797598,2,1272.119335,scenario_002,short
5643,1270,5.845673,0.451212,0.434449,1,1275.616343,scenario_002,medium
5644,1270,1.809625,0.124481,0.249458,0,1276.055353,scenario_002,short
5645,1270,1.819688,0.183937,0.537973,0,1276.902668,scenario_002,short
5646,1270,6.723163,0.640839,0.432804,0,1299.743405,scenario_002,medium
5647,1270,4.616431,0.679091,0.60204,0,1286.784644,scenario_002,medium
5648,1270,1.888649,0.413111,0.45666,0,1276.446431,scenario_002,short
5649,1271,1.825174,0.388979,0.646421,0,1279.017193,scenario_002,short
5650,1271,9.94866,0.653625,0.862415,0,1307.138568,scenario_002,medium
5651,1271,7.479286,0.550411,0.788075,1,1287.85865,scenario_002,medium
5652,1271,9.7815,0.316841,0.532331,0,1309.966097,scenario_002,medium
5653,1271,1.683567,0.520386,0.364245,0,1275.910035,scenario_002,short
5654,1271,1.465151,0.110854,0.587807,0,1278.433226,scenario_002,short
5655,1271,2.241016,0.271228,0.750934,0,1276.736616,scenario_002,short
5656,1271,2.100679,0.435482,0.687415,2,1273.178749,scenario_002,short
5657,1271,1.438245,0.18497,0.268934,2,1272.861186,scenario_002,short
5658,1271,1.307095,0.336537,0.641489,0,1278.010179,scenario_002,short
5659,1271,8.947376,0.337422,0.411441,1,1286.698576,scenario_002,medium
5660,1271,1.631353,0.136409,0.172734,1,1276.320314,scenario_002,short
5661,1271,13.737003,0.731743,0.910289,0,1296.604288,scenario_002,long
5662,1271,7.01306,0.617454,0.483218,0,1305.126943,scenario_002,medium
5663,1271,1.183076,0.238853,0.380075,0,1277.46855,scenario_002,short
5664,1271,11.570272,0.581319,0.953785,0,1300.483914,scenario_002,medium
5665,1271,1.366169,0.37337,0.21208,0,1276.588479,scenario_002,short
5666,1271,39.153821,0.411452,0.594778,1,1326.281656,scenario_002,long
5667,1271,2.335292,0.134787,0.217739,2,1272.806289,scenario_002,short
5668,1271,7.686358,0.277643,0.592793,0,1307.652026,scenario_002,medium
5669,1271,1.384232,0.257079,0.550933,2,1272.106575,scenario_002,short
5670,1271,138.000128,1.0,0.768799,0,2045.656036,scenario_002,long
5671,1271,9.531795,0.503732,0.509669,0,1301.894539,scenario_002,medium
5672,1271,1.603603,0.735659,0.591596,0,1277.499487,scenario_002,short
5673,1272,7.488493,0.298313,0.424024,2,1280.224353,scenario_002,medium
5674,1272,15.023222,0.213462,0.244864,1,1288.157848,scenario_002,medium
5675,1272,7.886883,0.855344,0.806885,0,1287.514124,scenario_002,medium
5676,1272,1.386322,0.161615,0.199027,0,1277.184932,scenario_002,short
5677,1272,11.756451,0.476832,0.589162,0,1334.756476,scenario_002,medium
5678,1272,1.451898,0.150103,0.314092,2,1274.989865,scenario_002,short
5679,1272,1.51187,0.436954,0.560826,0,1279.103682,scenario_002,short
5680,1272,1.81433,0.396522,0.474176,1,1274.903583,scenario_002,short
5681,1272,18.40581,0.458371,0.642744,2,1292.042999,scenario_002,medium
5682,1272,1.269632,0.122895,0.392027,0,1278.30028,scenario_002,short
5683,1272,1.51557,0.444571,0.584719,0,1277.251056,scenario_002,short
5684,1272,9.07556,0.422048,0.755333,0,1297.905837,scenario_002,medium
5685,1273,1.628194,0.36653,0.399082,1,1276.72076,scenario_002,short
5686,1273,1.227863,0.079368,0.445952,0,1275.725655,scenario_002,short
5687,1273,3.534748,0.165041,0.314851,1,1281.88664,scenario_002,short
5688,1273,1.759047,0.421912,0.376079,2,1276.22137,scenario_002,short
5689,1273,5.055525,0.570028,0.727997,1,1289.149288,scenario_002,medium
5690,1273,1.674291,0.728304,0.878199,0,1281.941256,scenario_002,short
5691,1273,1.693676,0.376918,0.557953,0,1279.946935,scenario_002,short
5692,1273,14.868366,0.582917,0.736866,0,1338.198701,scenario_002,medium
5693,1273,2.185868,0.35417,0.365258,0,1282.628207,scenario_002,short
5694,1273,2.019887,0.077918,0.441325,0,1276.201477,scenario_002,short
5695,1273,1.242687,0.615857,0.49088,0,1275.738043,scenario_002,short
5696,1273,7.644922,0.22455,0.256484,0,1309.50676,scenario_002,medium
5697,1273,1.727544,0.058331,0.107295,1,1277.324676,scenario_002,short
5698,1273,5.169859,0.444781,0.642918,0,1295.501765,scenario_002,medium
5699,1274,1.340744,0.289732,0.576531,2,1275.662726,scenario_002,short
5700,1274,5.729282,1.0,1.0,0,1303.02925,scenario_002,medium
5701,1274,42.242987,1.0,1.0,0,1411.778887,scenario_002,long
5702,1274,8.84273,0.664884,0.90338,1,1299.412356,scenario_002,medium
5703,1274,1.713387,0.562847,0.396511,2,1275.178693,scenario_002,short
5704,1274,8.569584,0.519207,0.98212,1,1283.49073,scenario_002,medium
5705,1274,1.83813,0.450517,0.646129,0,1281.776543,scenario_002,short
5706,1274,9.708521,0.505833,0.797061,0,1305.54984,scenario_002,medium
5707,1274,7.683164,0.417813,0.634267,0,1304.942956,scenario_002,medium
5708,1274,2.51092,0.339737,0.327085,0,1278.136545,scenario_002,short
5709,1274,11.299463,0.56423,0.476683,0,1297.162021,scenario_002,long
5710,1274,5.337162,0.337657,0.381035,1,1282.51152,scenario_002,long
5711,1274,26.59485,0.835887,0.712397,1,1351.402925,scenario_002,long
5712,1274,13.357653,0.161452,0.281449,0,1335.282676,scenario_002,medium
5713,1274,39.152158,0.893207,0.830464,0,1351.486282,scenario_002,long
5714,1274,1.699323,0.31299,0.29785,0,1277.360192,scenario_002,short
5715,1275,11.932682,0.367566,0.294038,2,1283.293357,scenario_002,medium
5716,1275,71.527766,0.639839,0.624569,0,1481.881774,scenario_002,long
5717,1275,2.317525,0.472828,0.40891,0,1282.302857,scenario_002,short
5718,1275,13.721697,0.570085,0.846536,1,1313.538059,scenario_002,medium
5719,1275,1.923606,0.170157,0.181397,0,1279.046594,scenario_002,short
5720,1275,22.702954,0.651912,0.878451,0,1388.076771,scenario_002,long
5721,1275,2.232796,0.307813,0.35935,2,1277.87153,scenario_002,short
5722,1275,2.34405,0.325637,0.529503,0,1288.194179,scenario_002,short
5723,1275,2.474338,0.267994,0.25485,1,1281.251076,scenario_002,short
5724,1275,2.0477,0.421193,0.454706,0,1285.958447,scenario_002,short
5725,1275,8.962325,0.485671,0.411393,0,1324.963097,scenario_002,medium
5726,1275,1.23174,0.324227,0.544782,0,1281.173045,scenario_002,short
5727,1275,7.525389,0.474436,0.912288,1,1292.29545,scenario_002,medium
5728,1275,2.086872,0.415096,0.648445,2,1279.54324,scenario_002,short
5729,1275,1.235086,0.409948,0.567061,0,1277.68684,scenario_002,short
5730,1275,6.420587,0.482374,0.44395,0,1294.937744,scenario_002,medium
5731,1275,2.308301,0.319895,0.328515,1,1279.723708,scenario_002,short
5732,1275,1.760229,0.515067,0.556042,1,1277.7015,scenario_002,short
5733,1275,10.731023,0.220173,0.35086,0,1323.722948,scenario_002,medium
5734,1275,8.410793,0.34794,0.471524,0,1304.97019,scenario_002,medium
5735,1275,8.201933,0.655009,0.612101,0,1312.404546,scenario_002,medium
5736,1275,6.294304,0.281506,0.379682,1,1281.335651,scenario_002,medium
5737,1275,2.251096,0.69746,0.552909,0,1285.465862,scenario_002,short
5738,1276,1.852589,0.378223,0.403195,0,1285.991371,scenario_002,short
5739,1276,9.021185,0.563978,0.774256,1,1286.808162,scenario_002,medium
5740,1276,1.713119,0.146484,0.385089,0,1284.565611,scenario_002,short
5741,1276,1.348526,0.257072,0.482044,0,1282.81531,scenario_002,short
5742,1276,10.496763,0.48704,0.501097,0,1307.699002,scenario_002,medium
5743,1276,10.38927,0.640314,0.714765,2,1291.353781,scenario_002,medium
5744,1276,2.207131,0.06221,0.307013,0,1288.029927,scenario_002,short
5745,1276,7.364723,0.281542,0.534575,0,1305.827078,scenario_002,medium
5746,1276,1.419202,0.151637,0.306817,0,1282.987773,scenario_002,short
5747,1276,11.971735,0.699872,0.535377,1,1310.083607,scenario_002,medium
5748,1276,14.273081,0.73832,0.611004,0,1344.183119,scenario_002,medium
5749,1276,22.058786,0.303117,0.254954,2,1317.687906,scenario_002,long
5750,1276,9.988529,0.641674,0.806609,0,1297.603696,scenario_002,medium
5751,1276,2.384269,0.078902,0.390856,0,1285.752614,scenario_002,short
5752,1276,1.741517,0.221938,0.125423,1,1281.156,scenario_002,short
5753,1276,12.113346,0.484628,0.522653,0,1325.384946,scenario_002,medium
5754,1276,65.161314,0.994382,0.849993,2,1334.075523,scenario_002,long
5755,1276,1.333057,0.139742,0.314597,0,1279.54753,scenario_002,short
5756,1276,8.375452,0.842849,0.800779,0,1301.403466,scenario_002,medium
5757,1276,1.020303,0.14693,0.387305,0,1281.256431,scenario_002,short
5758,1276,1.416892,0.117972,0.330011,0,1283.276039,scenario_002,short
5759,1276,23.15529,0.269016,0.302923,2,1297.06586,scenario_002,long
5760,1277,31.900571,0.895114,0.937241,0,1355.691183,scenario_002,long
5761,1277,9.485706,0.292195,0.421554,0,1291.89086,scenario_002,medium
5762,1277,13.177335,0.652141,0.584011,0,1325.682031,scenario_002,medium
5763,1277,1.652446,0.342608,0.435692,0,1285.584384,scenario_002,short
5764,1277,4.330717,0.9431,0.914476,1,1287.681452,scenario_002,medium
5765,1277,7.50053,0.278462,0.362588,0,1294.734173,scenario_002,medium
5766,1277,6.785476,0.600053,0.507263,1,1285.783879,scenario_002,medium
5767,1277,5.650526,0.140128,0.320867,2,1282.478114,scenario_002,medium
5768,1277,1.140173,0.367171,0.335624,1,1278.365013,scenario_002,short
5769,1277,1.429067,0.267873,0.450651,0,1284.531123,scenario_002,short
5770,1277,2.9982,0.143932,0.648614,0,1292.932818,scenario_002,short
5771,1277,1.185565,0.161651,0.142849,0,1280.017534,scenario_002,short
5772,1277,1.097627,0.748238,0.825519,1,1278.71183,scenario_002,short
5773,1277,1.747338,0.29272,0.40429,0,1280.167243,scenario_002,short
5774,1277,6.419282,0.822573,0.604143,0,1299.720117,scenario_002,medium
5775,1277,39.454292,0.348905,0.597744,0,1382.139119,scenario_002,long
5776,1277,11.571678,0.427185,0.430586,2,1288.332781,scenario_002,medium
5777,1277,2.050008,0.332712,0.301472,2,1280.590052,scenario_002,short
5778,1277,2.155903,0.445914,0.516282,1,1283.488786,scenario_002,short
5779,1277,10.792643,0.596745,0.484277,0,1294.698121,scenario_002,medium
5780,1278,11.257922,0.836571,0.82152,0,1326.857195,scenario_002,medium
5781,1278,6.167809,0.250987,0.283492,0,1298.920963,scenario_002,medium
5782,1278,2.706725,0.196839,0.719859,0,1291.64392,scenario_002,short
5783,1278,21.083491,0.387577,0.610864,0,1309.98891,scenario_002,medium
5784,1278,7.912281,0.321438,0.54868,0,1320.126315,scenario_002,medium
5785,1278,15.278789,0.605398,0.806319,0,1317.731187,scenario_002,medium
5786,1278,13.10091,0.323527,0.405286,0,1345.665796,scenario_002,medium
5787,1278,2.186729,0.158634,0.27577,0,1284.830625,scenario_002,short
5788,1278,1.077262,0.210261,0.343359,0,1283.946741,scenario_002,short
5789,1278,7.16415,0.347613,0.1672,0,1293.634324,scenario_002,medium
5790,1278,1.420817,0.707243,0.495766,0,1284.237364,scenario_002,short
5791,1278,5.388877,1.0,0.669632,0,1303.389285,scenario_002,medium
5792,1278,7.208547,0.616609,0.525759,2,1291.043358,scenario_002,medium
5793,1278,1.353369,0.429557,0.537268,0,1284.555707,scenario_002,short
5794,1278,3.983472,0.683689,0.700649,0,1297.864145,scenario_002,medium
5795,1278,1.191559,0.179495,0.734866,0,1280.820558,scenario_002,short
5796,1278,1.034631,0.338658,0.243948,1,1279.032071,scenario_002,short
5797,1278,1.093664,0.106469,0.234787,0,1280.92041,scenario_002,short
5798,1278,1.967208,0.261234,0.583685,0,1284.116842,scenario_002,short
5799,1278,5.670184,0.677267,0.861934,0,1292.125463,scenario_002,medium
5800,1279,2.052364,0.80322,1.0,0,1288.755279,scenario_002,short
5801,1279,15.158063,0.543431,0.658602,0,1363.46008,scenario_002,medium
5802,1279,16.922187,0.607002,0.719113,0,1335.948353,scenario_002,medium
5803,1279,7.480425,0.154397,0.327028,2,1287.227538,scenario_002,medium
5804,1279,8.466007,0.544919,0.672792,0,1294.085457,scenario_002,medium
5805,1279,10.822795,0.957322,0.862708,0,1297.00222,scenario_002,medium
5806,1279,110.950092,0.310611,0.477718,0,1790.246681,scenario_002,long
5807,1279,1.458517,0.297496,0.421551,0,1286.49892,scenario_002,short
5808,1279,1.390213,0.279047,0.218469,2,1280.963733,scenario_002,short
5809,1279,8.292307,0.600427,0.598985,2,1288.358833,scenario_002,medium
5810,1279,1.308493,0.166953,0.139411,1,1280.766537,scenario_002,short
5811,1279,6.869851,0.970072,0.772258,1,1289.292542,scenario_002,medium
5812,1279,9.289134,0.489504,0.350212,1,1303.004201,scenario_002,medium
5813,1279,1.685845,0.12454,0.232471,2,1282.341724,scenario_002,short
5814,1279,7.826671,0.562185,0.501701,0,1321.932067,scenario_002,medium
5815,1279,6.444672,0.148752,0.24586,1,1294.212644,scenario_002,medium
5816,1279,1.374727,0.721925,0.580796,0,1285.595589,scenario_002,short
5817,1279,12.491234,0.254595,0.275559,1,1296.734625,scenario_002,medium
5818,1279,2.360689,0.250688,0.282505,0,1284.706476,scenario_002,short
5819,1279,31.54227,0.368143,0.390059,1,1341.130698,scenario_002,long
5820,1279,11.818138,0.687388,0.647334,0,1302.796922,scenario_002,medium
5821,1279,6.701149,0.361554,0.548374,0,1316.741211,scenario_002,medium
5822,1279,37.182454,0.341808,0.486431,0,1423.590594,scenario_002,long
5823,1279,1.969185,0.214803,0.180475,2,1280.185421,scenario_002,short
5824,1280,5.754893,0.155574,0.156255,0,1290.006949,scenario_002,medium
5825,1280,1.515828,0.646455,0.765145,0,1286.365544,scenario_002,short
5826,1280,12.156517,0.47153,0.388214,1,1296.680461,scenario_002,medium
5827,1280,1.312325,0.281545,0.662635,0,1282.762758,scenario_002,short
5828,1280,7.689151,0.303126,0.257773,0,1315.8438,scenario_002,medium
5829,1280,5.633267,0.388481,0.542785,1,1286.12237,scenario_002,medium
5830,1280,1.82095,0.104119,0.227731,0,1286.422445,scenario_002,short
5831,1280,13.945743,0.493797,0.525625,0,1312.874069,scenario_002,long
5832,1280,1.677775,0.354071,0.327212,0,1285.646766,scenario_002,short
5833,1280,2.127489,0.394717,0.520682,0,1287.217837,scenario_002,short
5834,1280,2.343766,0.346632,0.837241,0,1289.492834,scenario_002,short
5835,1280,1.110822,0.318254,0.2287,0,1284.752725,scenario_002,short
5836,1280,2.047124,0.687605,0.815974,0,1290.94954,scenario_002,short
5837,1280,14.212648,0.651823,0.600608,2,1310.42922,scenario_002,medium
5838,1280,1.471229,0.184265,0.752467,1,1282.794173,scenario_002,short
5839,1280,0.944561,0.431456,0.598798,0,1284.323742,scenario_002,short
5840,1280,2.215998,0.173147,0.371499,2,1282.925641,scenario_002,short
5841,1280,11.331914,0.282268,0.48709,0,1319.72326,scenario_002,medium
5842,1280,1.294071,0.511178,0.822768,0,1283.809352,scenario_002,short
5843,1280,6.369408,0.166368,0.09545,0,1298.010541,scenario_002,medium
5844,1280,10.170009,0.475241,0.446299,0,1335.221239,scenario_002,medium
5845,1281,10.334754,0.524485,0.834806,0,1300.30475,scenario_002,medium
5846,1281,119.96261,0.936995,0.819885,0,1624.560836,scenario_002,long
5847,1281,48.043232,0.286995,0.143594,0,1505.779976,scenario_002,long
5848,1281,6.740423,0.214216,0.713904,2,1290.379102,scenario_002,medium
5849,1281,2.165689,0.431145,0.614905,0,1291.605688,scenario_002,short
5850,1281,1.685245,0.410206,0.607384,0,1285.488073,scenario_002,short
5851,1281,4.869725,0.963183,0.759074,0,1304.629972,scenario_002,medium
5852,1281,1.384837,0.405808,0.425906,0,1286.276776,scenario_002,short
5853,1281,1.234039,0.336273,0.282327,0,1283.790808,scenario_002,short
5854,1281,1.875009,0.148787,0.37598,0,1289.713944,scenario_002,short
5855,1281,11.48412,0.40369,0.78192,1,1298.739018,scenario_002,medium
5856,1281,30.599585,0.324788,0.91282,0,1328.784766,scenario_002,long
5857,1281,1.544383,0.632255,0.55998,0,1284.063826,scenario_002,short
5858,1281,1.709509,0.323036,0.430873,1,1283.68515,scenario_002,short
5859,1281,1.926399,0.279813,0.595161,0,1285.787797,scenario_002,short
5860,1281,15.863789,0.528049,0.92746,2,1302.358316,scenario_002,medium
5861,1281,1.356312,0.711784,1.0,0,1283.142596,scenario_002,short
5862,1281,3.148038,0.413322,0.559725,0,1291.352514,scenario_002,short
5863,1281,10.743383,0.607009,0.524579,0,1306.613668,scenario_002,long
5864,1281,24.923111,0.700291,0.796088,0,1330.248663,scenario_002,medium
5865,1281,11.388069,0.489637,0.798177,0,1319.216547,scenario_002,medium
5866,1281,1.216818,0.385737,0.407193,0,1285.860342,scenario_002,short
5867,1282,5.852656,0.81858,0.915044,2,1292.814447,scenario_002,medium
5868,1282,1.307039,0.160042,0.153139,0,1287.614729,scenario_002,short
5869,1282,11.006298,0.32575,0.409872,0,1343.006454,scenario_002,medium
5870,1282,1.545327,0.438898,0.270953,2,1285.185585,scenario_002,short
5871,1282,2.231994,0.115395,0.508176,0,1286.115753,scenario_002,short
5872,1282,38.167436,0.526858,0.703221,2,1357.034311,scenario_002,long
5873,1282,10.559889,0.472836,0.330692,0,1327.392876,scenario_002,medium
5874,1282,9.080862,0.566236,0.688108,0,1309.508934,scenario_002,medium
5875,1282,3.534859,0.578052,0.637874,1,1286.058327,scenario_002,long
5876,1282,6.621236,0.604246,0.52132,0,1299.450068,scenario_002,medium
5877,1282,8.863512,0.341954,0.54078,1,1302.713342,scenario_002,medium
5878,1282,7.48887,0.550298,0.335252,1,1296.741329,scenario_002,medium
5879,1282,16.300518,0.148036,0.169563,2,1292.328103,scenario_002,medium
5880,1282,1.80113,0.345027,0.452013,1,1285.626997,scenario_002,short
5881,1282,25.502575,0.789924,0.590578,0,1400.006904,scenario_002,long
5882,1283,1.137939,0.308897,0.385465,0,1285.633268,scenario_002,short
5883,1283,1.813238,0.380252,0.575917,1,1286.397909,scenario_002,short
5884,1283,53.612122,1.0,0.92091,0,1508.94407,scenario_002,long
5885,1283,1.330626,0.569945,0.695173,2,1285.013375,scenario_002,short
5886,1283,1.9209,0.415623,0.832093,1,1288.145463,scenario_002,short
5887,1283,33.085217,0.74644,0.840713,0,1466.418844,scenario_002,long
5888,1283,10.805583,0.704891,0.597964,0,1320.299839,scenario_002,long
5889,1284,5.566413,0.716542,0.537027,0,1293.979777,scenario_002,medium
5890,1284,20.047616,0.896216,0.76336,0,1323.618709,scenario_002,medium
5891,1284,2.084033,0.093277,0.423989,0,1293.351111,scenario_002,short
5892,1284,16.842434,0.380769,0.635949,2,1312.883257,scenario_002,medium
5893,1284,1.825407,0.350585,0.195415,1,1288.9908,scenario_002,short
5894,1284,1.295988,0.070962,0.518683,0,1290.11501,scenario_002,short
5895,1284,1.994744,0.193412,0.204145,1,1288.1817,scenario_002,short
5896,1284,2.015647,0.537301,0.531778,0,1288.782892,scenario_002,short
5897,1284,1.010112,0.130741,0.48128,0,1289.234169,scenario_002,short
5898,1284,1.91654,0.124416,0.197336,1,1286.785914,scenario_002,short
5899,1284,24.820351,0.287985,0.325266,0,1362.391166,scenario_002,long
5900,1284,3.932818,0.235901,0.296194,2,1290.496325,scenario_002,medium
5901,1284,4.540759,0.55655,1.0,0,1298.309895,scenario_002,medium
5902,1285,10.04473,0.157578,0.150945,2,1306.441941,scenario_002,medium
5903,1285,49.763277,0.430976,0.597694,0,1481.841131,scenario_002,long
5904,1285,15.825665,0.593198,0.787709,0,1317.588985,scenario_002,long
5905,1285,43.935947,0.598749,0.776854,0,1524.77962,scenario_002,long
5906,1285,11.830423,0.645128,0.674364,0,1326.312959,scenario_002,medium
5907,1285,1.099059,0.128231,0.305375,0,1289.736637,scenario_002,short
5908,1285,8.919908,0.250805,0.587515,0,1310.833095,scenario_002,medium
5909,1285,2.854762,0.481115,0.732193,0,1299.6811,scenario_002,short
5910,1285,10.002636,0.131588,0.433779,2,1301.730387,scenario_002,medium
5911,1285,10.146821,0.125429,0.121556,2,1294.671601,scenario_002,medium
5912,1285,45.76358,0.375979,0.290622,2,1337.77218,scenario_002,long
5913,1285,6.441791,0.605344,0.566209,2,1290.810762,scenario_002,medium
5914,1285,15.31802,0.749272,0.570458,0,1310.544206,scenario_002,medium
5915,1286,15.984458,1.0,0.907433,1,1314.365672,scenario_002,long
5916,1286,1.296846,0.107009,0.178512,1,1290.2627,scenario_002,short
5917,1286,2.190271,0.437802,0.753683,1,1288.77398,scenario_002,short
5918,1286,2.218068,0.258599,0.430913,0,1290.206099,scenario_002,short
5919,1286,54.768387,0.560374,0.400579,0,1376.342236,scenario_002,long
5920,1286,1.446351,0.161206,0.657482,1,1287.739384,scenario_002,short
5921,1286,1.381393,0.359807,0.368606,0,1291.054406,scenario_002,short
5922,1286,9.093368,0.389136,0.484194,0,1303.563107,scenario_002,medium
5923,1286,8.157135,0.374484,0.340471,0,1310.155711,scenario_002,medium
5924,1287,7.486185,0.208468,0.309945,1,1302.164806,scenario_002,medium
5925,1287,8.695978,0.614744,0.654823,0,1311.747349,scenario_002,medium
5926,1287,10.922492,0.124714,0.187304,1,1314.143216,scenario_002,medium
5927,1287,0.906277,0.256891,0.817383,2,1288.412719,scenario_002,short
5928,1287,5.919894,0.300948,0.224966,0,1310.968882,scenario_002,medium
5929,1288,2.341225,0.49424,0.555285,0,1297.304107,scenario_002,short
5930,1288,60.905306,0.408022,0.436793,0,1486.896229,scenario_002,long
5931,1288,1.684081,0.447148,0.382641,0,1293.886008,scenario_002,short
5932,1288,22.226795,0.814538,0.683231,0,1360.81396,scenario_002,medium
5933,1288,8.593624,0.236782,0.508137,1,1306.122771,scenario_002,medium
5934,1288,1.281748,0.164343,0.394178,0,1293.92015,scenario_002,short
5935,1288,1.816294,0.543238,0.35343,0,1297.719287,scenario_002,short
5936,1288,1.272875,0.169663,0.291355,1,1292.181018,scenario_002,short
5937,1288,7.823257,0.292584,0.293578,0,1314.238667,scenario_002,medium
5938,1288,2.102458,0.426539,0.399845,0,1294.716841,scenario_002,short
5939,1288,20.562553,0.801445,1.0,1,1332.153214,scenario_002,long
5940,1289,2.082253,0.40844,0.434785,0,1297.797462,scenario_002,short
5941,1289,5.936073,0.416254,0.651894,1,1305.904036,scenario_002,medium
5942,1289,1.252605,0.259953,0.606166,2,1290.901801,scenario_002,short
5943,1289,10.727276,0.711404,0.572961,0,1312.567359,scenario_002,medium
5944,1289,10.017639,1.0,0.692877,0,1310.701016,scenario_002,medium
5945,1289,1.544417,0.433994,0.652714,0,1293.439539,scenario_002,short
5946,1289,1.725362,0.340633,0.39702,0,1297.764802,scenario_002,short
5947,1289,1.577881,0.580013,0.529169,0,1292.632887,scenario_002,short
5948,1289,42.78346,0.675765,0.749829,0,1520.747573,scenario_002,long
5949,1289,1.379363,0.627032,0.423529,1,1293.02837,scenario_002,short
5950,1290,1.678769,0.174287,0.531119,1,1291.689649,scenario_002,short
5951,1290,13.913817,0.410414,0.389989,0,1356.026288,scenario_002,medium
5952,1290,1.301805,0.407337,0.521055,2,1292.786974,scenario_002,short
5953,1290,1.825991,0.350824,0.531829,1,1295.531995,scenario_002,short
5954,1291,6.404012,0.584259,0.574015,0,1308.412526,scenario_002,medium
5955,1291,1.980283,0.144232,0.504915,2,1293.176816,scenario_002,short
5956,1291,34.814511,0.349392,0.68046,0,1425.614448,scenario_002,long
5957,1291,7.777244,0.617322,0.477043,0,1314.434846,scenario_002,medium
5958,1291,25.084136,0.367979,0.310613,0,1378.899325,scenario_002,long
5959,1291,1.003995,0.412037,0.7435,0,1296.352917,scenario_002,short
5960,1291,20.518,0.802447,0.567126,0,1326.132764,scenario_002,medium
5961,1291,2.969412,0.710062,0.455224,0,1302.786461,scenario_002,short
5962,1291,21.007463,0.466414,0.682052,0,1367.232815,scenario_002,long
5963,1292,1.269045,0.353542,0.391159,1,1294.987482,scenario_002,short
5964,1292,5.705036,0.447372,0.486991,0,1322.457859,scenario_002,medium
5965,1292,8.357747,0.316906,0.410783,0,1310.96151,scenario_002,medium
5966,1292,1.770601,0.136692,0.281474,0,1300.294529,scenario_002,short
5967,1293,51.647814,0.731846,0.965092,2,1364.878106,scenario_002,long
5968,1293,1.866905,0.42213,0.456085,1,1295.294551,scenario_002,short
5969,1293,12.5627,0.220266,0.385789,2,1315.877676,scenario_002,medium
5970,1293,9.296988,0.62172,0.58983,1,1317.65308,scenario_002,medium
5971,1293,1.514114,0.370586,0.376242,0,1299.649391,scenario_002,short
5972,1293,2.257505,0.224101,0.392507,2,1296.386514,scenario_002,short
5973,1294,2.565645,0.073433,0.279101,0,1304.69666,scenario_002,short
5974,1294,1.334306,0.130279,0.399848,1,1295.552789,scenario_002,short
5975,1294,38.781241,0.479545,0.503566,2,1352.340158,scenario_002,long
5976,1294,15.299561,0.349594,0.225407,0,1375.320438,scenario_002,medium
5977,1295,7.133198,0.314776,0.312551,1,1314.226012,scenario_002,medium
5978,1295,4.557604,0.790894,1.0,0,1317.915055,scenario_002,medium
5979,1295,92.049754,1.0,0.637118,2,1423.360236,scenario_002,long
5980,1295,2.417068,0.519171,0.525277,0,1302.355086,scenario_002,short
5981,1295,7.15011,0.638606,1.0,0,1328.86467,scenario_002,medium
5982,1295,1.847138,0.693202,0.454455,2,1298.206522,scenario_002,short
5983,1295,1.186651,0.203396,0.460845,0,1300.097271,scenario_002,short
5984,1295,1.584922,0.411982,0.566078,0,1302.110239,scenario_002,short
5985,1295,42.547972,0.590377,0.791014,1,1417.187052,scenario_002,long
5986,1296,1.338408,0.050642,0.169202,0,1302.121321,scenario_002,short
5987,1296,1.359185,0.319613,0.250032,0,1299.34542,scenario_002,short
5988,1296,1.111292,0.32114,0.493781,1,1299.425086,scenario_002,short
5989,1296,1.749831,0.330641,0.325398,0,1298.911129,scenario_002,short
5990,1296,1.464838,0.453242,0.54544,2,1298.426595,scenario_002,short
5991,1296,20.896554,0.333123,0.474218,2,1324.405915,scenario_002,long
5992,1297,1.19354,0.10855,0.195322,0,1301.195705,scenario_002,short
5993,1297,1.570765,0.224068,0.257648,2,1299.389463,scenario_002,short
5994,1297,16.977177,1.0,0.849745,1,1317.705586,scenario_002,long
5995,1297,13.579883,0.922186,1.0,0,1337.500853,scenario_002,long
5996,1297,2.468032,0.229748,0.234726,2,1299.294492,scenario_002,short
5997,1297,1.446359,0.057391,0.116888,0,1304.831845,scenario_002,short
5998,1297,1.651067,0.423209,0.436913,2,1300.408509,scenario_002,short
5999,1297,1.979658,0.772189,0.843813,1,1300.770905,scenario_002,short
6000,1297,7.511634,0.456451,0.520955,0,1316.294955,scenario_002,medium
6001,1297,10.360507,0.672038,0.602121,1,1325.64274,scenario_002,medium
6002,1298,9.439121,0.404752,0.40355,0,1346.655559,scenario_002,medium
6003,1298,2.530241,0.209855,0.210409,0,1303.667976,scenario_002,short
6004,1298,9.541502,0.65599,0.899415,2,1316.341258,scenario_002,medium
6005,1298,9.921245,0.384445,0.827414,2,1305.427684,scenario_002,medium
6006,1298,8.927284,0.707343,0.466625,0,1314.365868,scenario_002,medium
6007,1298,1.776574,0.695963,0.58472,0,1303.289033,scenario_002,short
6008,1298,1.457774,0.365044,0.293988,0,1300.324166,scenario_002,short
6009,1298,1.526451,0.061626,0.245783,1,1300.887797,scenario_002,short
6010,1298,10.236027,0.421397,0.314265,0,1322.770766,scenario_002,medium
6011,1298,11.675538,0.397395,0.333696,1,1309.058929,scenario_002,medium
6012,1298,2.437635,0.509195,0.388381,0,1306.363858,scenario_002,short
6013,1299,13.506664,1.0,0.828639,0,1358.726056,scenario_002,long
6014,1299,1.734468,0.277045,0.526601,1,1302.851129,scenario_002,short
6015,1299,11.174991,0.508472,0.880575,1,1313.591464,scenario_002,medium
6016,1299,1.052855,0.095209,0.707406,0,1300.86571,scenario_002,short
6017,1300,3.652752,0.576468,0.485263,0,1315.033192,scenario_002,short
6018,1300,2.477632,0.329396,0.509164,1,1302.818343,scenario_002,short
6019,1300,45.69253,1.0,1.0,1,1377.655741,scenario_002,long
6020,1300,6.79776,0.49427,0.348423,0,1331.25546,scenario_002,medium
6021,1300,1.81097,0.203585,0.515495,1,1302.719977,scenario_002,short
6022,1300,9.759745,0.500674,0.887099,1,1314.499342,scenario_002,medium
6023,1300,1.775577,0.368127,0.615066,0,1306.14673,scenario_002,short
6024,1300,2.07924,0.349449,0.492676,0,1311.336095,scenario_002,short
6025,1300,0.922762,0.365256,0.591553,1,1301.236249,scenario_002,short
6026,1300,10.333591,0.602659,0.710434,0,1319.415524,scenario_002,medium
6027,1301,1.26612,0.727011,0.747337,0,1303.841454,scenario_002,short
6028,1301,1.869314,0.198298,0.463949,0,1310.567033,scenario_002,short
6029,1301,61.961358,0.970099,0.574924,0,1648.220488,scenario_002,long
6030,1301,7.421546,0.398168,0.522624,0,1328.33767,scenario_002,medium
6031,1301,1.773693,0.564164,0.508567,2,1304.150376,scenario_002,short
6032,1301,4.029517,0.530424,0.432131,1,1314.037142,scenario_002,medium
6033,1302,84.104589,0.862411,1.0,0,1506.903363,scenario_002,long
6034,1302,1.163443,0.387644,0.50189,2,1304.182414,scenario_002,short
6035,1302,6.044161,0.251589,0.310205,1,1318.698505,scenario_002,medium
6036,1302,2.582503,0.446496,0.733455,0,1307.189786,scenario_002,short
6037,1302,7.607407,0.375798,0.420237,2,1309.799358,scenario_002,medium
6038,1302,6.790271,0.675788,0.627516,0,1326.074568,scenario_002,medium
6039,1302,3.012004,0.09609,0.534958,0,1312.593165,scenario_002,short
6040,1302,1.026852,0.13414,0.438948,0,1306.370475,scenario_002,short
6041,1302,33.554874,0.384396,0.400926,0,1414.787678,scenario_002,long
6042,1303,2.034644,0.311229,0.44346,0,1308.353392,scenario_002,short
6043,1303,9.324172,0.465645,0.360946,0,1319.092369,scenario_002,medium
6044,1303,5.192822,0.64321,1.0,1,1319.768766,scenario_002,medium
6045,1303,2.130396,0.18348,0.414353,0,1312.088035,scenario_002,short
6046,1303,8.905045,0.19674,0.617422,0,1324.612535,scenario_002,medium
6047,1303,1.148768,0.312133,0.487975,2,1304.0,scenario_002,short
6048,1303,1.302513,0.56032,1.0,1,1307.135332,scenario_002,short
6049,1303,2.123176,0.124063,0.184116,0,1312.227483,scenario_002,short
6050,1304,8.508388,0.410062,0.518145,0,1342.146043,scenario_002,medium
6051,1304,1.424201,0.401791,0.639528,0,1307.329257,scenario_002,short
6052,1304,40.200799,0.804951,0.871084,0,1481.729381,scenario_002,long
6053,1304,2.240977,0.286559,0.689044,0,1308.420922,scenario_002,short
6054,1304,4.980167,0.410272,0.315615,0,1330.49104,scenario_002,medium
6055,1304,237.301693,0.945453,0.775096,2,1501.810389,scenario_002,long
6056,1304,9.635713,0.170083,0.425713,0,1336.411855,scenario_002,medium
6057,1304,1.539104,0.363205,0.462522,0,1308.335855,scenario_002,short
6058,1304,7.993279,1.0,1.0,0,1334.579923,scenario_002,long
6059,1304,1.009315,0.169723,0.395932,0,1307.056653,scenario_002,short
6060,1304,1.144012,0.432007,0.631582,0,1305.998507,scenario_002,short
6061,1304,7.674139,0.404568,0.808491,1,1327.694771,scenario_002,medium
6062,1304,7.010922,0.836062,0.682469,0,1325.496677,scenario_002,medium
6063,1304,1.703104,0.257649,0.150813,0,1307.208661,scenario_002,short
6064,1304,18.991087,0.316463,0.475455,1,1327.596005,scenario_002,medium
6065,1305,1.960002,0.400957,0.595412,1,1307.711292,scenario_002,short
6066,1305,1.282016,0.426574,0.631287,1,1308.043236,scenario_002,short
6067,1305,7.340479,0.476112,0.579169,0,1340.487414,scenario_002,medium
6068,1305,1.489805,0.091174,0.108466,0,1310.949988,scenario_002,short
6069,1306,2.215587,0.065191,0.080689,1,1312.629116,scenario_002,short
6070,1306,1.457406,0.099602,0.453129,0,1313.349574,scenario_002,short
6071,1306,5.312541,0.640477,0.847776,1,1317.016039,scenario_002,medium
6072,1306,13.177094,0.731513,0.6366,0,1335.212781,scenario_002,long
6073,1306,9.319443,0.449668,0.287916,0,1330.527999,scenario_002,medium
6074,1306,7.018832,0.552674,0.649567,2,1318.90653,scenario_002,medium
6075,1306,12.594994,0.526572,0.537694,0,1339.75513,scenario_002,medium
6076,1306,8.060679,0.919989,0.778776,1,1330.489851,scenario_002,medium
6077,1306,1.836672,0.398559,0.280765,1,1311.02431,scenario_002,short
6078,1306,8.48783,0.607995,0.754525,2,1314.534815,scenario_002,medium
6079,1307,6.35207,0.611032,0.64928,0,1327.274655,scenario_002,medium
6080,1307,1.620567,0.355275,0.590287,0,1313.88858,scenario_002,short
6081,1307,2.79863,0.253974,0.450942,0,1319.244304,scenario_002,short
6082,1307,11.777126,0.674778,1.0,1,1343.198664,scenario_002,medium
6083,1307,2.207015,0.059602,0.510841,2,1308.519936,scenario_002,short
6084,1307,6.41219,0.247073,0.193406,0,1335.833415,scenario_002,medium
6085,1308,9.229161,0.416133,0.490413,0,1356.494342,scenario_002,long
6086,1308,1.673976,0.629321,0.982655,0,1311.767755,scenario_002,short
6087,1308,12.67007,0.558233,0.47797,1,1331.456652,scenario_002,medium
6088,1308,8.117328,0.46995,0.365976,1,1332.382788,scenario_002,medium
6089,1308,1.245604,0.406432,0.397487,1,1309.673322,scenario_002,short
6090,1308,6.967121,0.328837,0.294109,0,1340.101255,scenario_002,medium
6091,1308,2.271382,0.197516,0.370971,2,1310.911151,scenario_002,short
6092,1309,24.072328,0.302601,0.586803,2,1342.399456,scenario_002,long
6093,1309,2.271771,0.183411,0.480564,0,1320.104141,scenario_002,short
6094,1309,1.615591,0.245996,0.796039,2,1312.379031,scenario_002,short
6095,1309,10.735425,0.383829,0.297388,0,1354.057552,scenario_002,medium
6096,1309,11.610079,0.661225,0.92875,0,1363.218346,scenario_002,medium
6097,1310,38.56552,0.946892,0.697976,0,1471.776335,scenario_002,long
6098,1310,1.781313,0.158813,0.259038,0,1313.348115,scenario_002,short
6099,1310,3.013535,0.298474,0.218771,0,1320.711991,scenario_002,short
6100,1310,1.100618,0.549704,0.608783,0,1315.141004,scenario_002,short
6101,1311,11.871672,0.770033,0.951999,2,1318.648949,scenario_002,medium
6102,1311,8.680952,0.644306,0.408527,1,1335.409791,scenario_002,medium
6103,1311,8.577392,0.507676,0.512993,0,1333.316965,scenario_002,medium
6104,1311,14.116035,0.771148,0.711683,2,1337.4735,scenario_002,medium
6105,1311,8.486322,0.540907,0.407961,0,1329.570361,scenario_002,medium
6106,1311,5.067612,0.666699,0.677703,1,1325.187416,scenario_002,medium
6107,1311,37.222639,0.447717,0.47444,1,1352.098464,scenario_002,long
6108,1311,2.059571,0.156097,0.710765,0,1318.310876,scenario_002,short
6109,1311,1.870886,0.426392,0.225035,2,1314.983917,scenario_002,short
6110,1311,14.967452,0.733573,0.782508,0,1365.649,scenario_002,medium
6111,1311,10.367622,0.222995,0.299753,0,1367.445953,scenario_002,medium
6112,1311,9.637205,0.12081,0.209895,0,1358.00487,scenario_002,medium
6113,1312,21.848549,0.821923,0.537348,0,1378.816608,scenario_002,long
6114,1312,37.319064,0.70403,0.753636,1,1356.94483,scenario_002,long
6115,1312,6.457433,0.310872,0.512703,0,1333.224561,scenario_002,medium
6116,1312,5.946417,0.221361,0.330263,0,1339.234588,scenario_002,medium
6117,1312,8.187358,0.917242,0.663472,0,1355.944197,scenario_002,long
6118,1312,1.028243,0.309227,0.734344,0,1317.752733,scenario_002,short
6119,1313,1.734367,0.717119,0.667022,2,1314.644441,scenario_002,short
6120,1313,1.713937,0.275925,0.420849,0,1318.688324,scenario_002,short
6121,1313,22.409627,0.349909,0.434164,0,1397.976927,scenario_002,long
6122,1313,2.180765,0.280448,0.402813,1,1316.086667,scenario_002,short
6123,1313,1.262431,0.145564,0.439241,2,1314.326031,scenario_002,short
6124,1313,1.497134,0.694209,0.670888,0,1321.096295,scenario_002,short
6125,1314,1.41678,0.203491,0.299955,1,1316.861763,scenario_002,short
6126,1314,2.17306,0.349464,0.495296,0,1324.798223,scenario_002,short
6127,1314,1.567534,0.054815,0.546069,1,1318.641989,scenario_002,short
6128,1314,10.644068,0.602689,0.579275,0,1353.997907,scenario_002,medium
6129,1314,7.493281,1.0,0.974963,0,1343.236386,scenario_002,medium
6130,1314,1.431034,0.202648,0.499984,0,1317.118788,scenario_002,short
6131,1314,43.091838,0.715841,0.94174,0,1390.709553,scenario_002,long
6132,1314,1.447073,0.663992,0.926799,0,1318.105919,scenario_002,short
6133,1315,6.843922,0.36714,0.393189,1,1323.783654,scenario_002,medium
6134,1315,17.333689,0.312929,0.498178,0,1393.776405,scenario_002,medium
6135,1315,0.920799,0.288237,0.446275,0,1318.707496,scenario_002,short
6136,1315,13.577925,0.595304,0.745936,1,1336.084135,scenario_002,long
6137,1315,6.754649,0.675898,0.984412,2,1319.249885,scenario_002,medium
6138,1315,6.145039,0.221633,0.439299,0,1331.427922,scenario_002,medium
6139,1316,9.441779,0.279842,0.490275,0,1351.519651,scenario_002,medium
6140,1316,23.989264,1.0,0.982903,0,1427.956229,scenario_002,long
6141,1316,29.144358,1.0,0.96299,1,1408.808616,scenario_002,long
6142,1316,9.27742,1.0,0.871085,0,1365.934202,scenario_002,medium
6143,1316,2.181517,0.343252,0.931445,1,1323.042543,scenario_002,short
6144,1316,12.129129,0.570349,0.800932,2,1336.080347,scenario_002,long
6145,1316,2.198271,0.35094,0.588334,2,1318.451512,scenario_002,short
6146,1317,11.241862,0.161515,0.639109,1,1330.569173,scenario_002,medium
6147,1317,2.073077,0.138563,0.398682,0,1327.352121,scenario_002,short
6148,1317,1.77635,0.390007,0.49849,0,1323.751361,scenario_002,short
6149,1317,6.220545,0.560314,0.5749,0,1348.673351,scenario_002,medium
6150,1317,0.910183,0.267363,0.443387,0,1318.574183,scenario_002,short
6151,1317,1.157315,0.546476,0.919276,1,1319.043033,scenario_002,short
6152,1317,8.508971,0.306136,0.564876,0,1333.16504,scenario_002,medium
6153,1318,15.030882,0.46597,0.51979,0,1351.503922,scenario_002,medium
6154,1318,4.953843,0.646536,0.643293,0,1334.416945,scenario_002,medium
6155,1318,12.204325,0.751772,0.642799,0,1347.126234,scenario_002,medium
6156,1318,1.868004,0.141037,0.190734,1,1323.456337,scenario_002,short
6157,1318,1.752742,0.060208,0.104003,0,1323.068965,scenario_002,short
6158,1318,7.640332,0.538353,0.388487,0,1335.738241,scenario_002,medium
6159,1318,7.249479,0.493941,0.661373,0,1346.812373,scenario_002,medium
6160,1318,6.697454,0.516178,0.284154,0,1335.756884,scenario_002,medium
6161,1318,1.809572,0.108751,0.229369,0,1327.376786,scenario_002,short
6162,1318,2.326799,0.316056,0.472417,0,1324.610399,scenario_002,short
6163,1318,7.508029,0.155028,0.396599,0,1345.618903,scenario_002,medium
6164,1318,25.172867,0.842237,0.78061,1,1374.185587,scenario_002,long
6165,1318,6.275401,0.124125,0.507615,2,1329.571112,scenario_002,medium
6166,1318,2.379831,0.07734,0.210538,0,1328.403681,scenario_002,short
6167,1318,1.430391,0.722496,0.590748,0,1325.143654,scenario_002,short
6168,1318,2.344616,0.400313,0.55293,0,1330.046367,scenario_002,short
6169,1319,5.04165,0.457432,0.655255,1,1330.361402,scenario_002,medium
6170,1320,9.050917,0.745593,0.852474,0,1354.479407,scenario_002,medium
6171,1320,6.59872,0.767741,0.840629,0,1346.303864,scenario_002,medium
6172,1320,1.704946,0.223633,0.323006,0,1329.211973,scenario_002,short
6173,1320,22.973697,0.798426,1.0,0,1430.057047,scenario_002,long
6174,1320,12.988096,1.0,0.986949,2,1340.561458,scenario_002,long
6175,1320,8.332592,0.556241,0.692323,0,1360.222499,scenario_002,medium
6176,1320,1.214007,0.393471,0.536649,1,1322.940246,scenario_002,short
6177,1321,1.494075,0.086763,0.348314,0,1326.970692,scenario_002,short
6178,1321,20.511144,0.661348,0.626664,0,1397.656239,scenario_002,long
6179,1321,2.175719,0.364985,0.815578,0,1324.907524,scenario_002,short
6180,1321,67.946736,1.0,0.992145,0,1534.820147,scenario_002,long
6181,1321,1.375496,0.072399,0.05,0,1323.75065,scenario_002,short
6182,1321,6.490024,0.600724,0.718576,0,1352.469548,scenario_002,medium
6183,1321,13.923764,0.634331,0.687489,0,1347.478281,scenario_002,medium
6184,1321,9.234289,0.149955,0.2456,0,1363.915682,scenario_002,medium
6185,1321,8.816886,0.537918,0.635549,0,1352.617236,scenario_002,medium
6186,1322,2.001312,0.36298,0.597808,0,1332.32338,scenario_002,short
6187,1322,2.080319,0.423811,0.826538,2,1325.298356,scenario_002,short
6188,1322,67.982403,0.550073,0.655818,2,1467.033475,scenario_002,long
6189,1322,1.460887,0.318727,0.494718,0,1325.222495,scenario_002,short
6190,1322,57.048294,0.946186,0.854124,0,1447.693233,scenario_002,long
6191,1323,6.684436,0.155833,0.322445,1,1344.596874,scenario_002,medium
6192,1323,1.100386,0.42235,0.688294,0,1327.461356,scenario_002,short
6193,1323,1.788152,0.210228,0.58141,0,1331.112693,scenario_002,short
6194,1323,1.421744,0.246396,0.248526,0,1327.775891,scenario_002,short
6195,1323,12.707697,0.205585,0.343487,0,1392.370712,scenario_002,medium
6196,1323,1.486464,0.387553,0.463691,1,1327.009043,scenario_002,short
6197,1323,1.694399,0.420288,0.545432,0,1330.53597,scenario_002,short
6198,1323,9.927924,1.0,0.899325,1,1346.771013,scenario_002,medium
6199,1323,96.864856,0.641549,0.821542,0,1753.020159,scenario_002,long
6200,1323,17.875105,0.572928,0.615098,0,1361.532298,scenario_002,long
6201,1323,1.341848,0.337246,0.793702,0,1325.32046,scenario_002,short
6202,1324,2.510643,0.275368,0.153409,0,1337.54522,scenario_002,short
6203,1324,11.653888,0.46742,0.685185,0,1388.419857,scenario_002,medium
6204,1324,1.453835,0.568799,0.641963,1,1328.12654,scenario_002,short
6205,1324,1.639899,0.274626,0.368151,0,1328.844288,scenario_002,short
6206,1324,87.589386,0.503297,0.541568,0,1810.463638,scenario_002,long
6207,1324,1.856364,0.374474,0.412085,0,1330.048854,scenario_002,short
6208,1324,45.379408,0.6285,0.730867,0,1534.283569,scenario_002,long
6209,1324,6.499383,0.403329,0.903934,0,1352.448771,scenario_002,medium
6210,1325,7.654275,0.216748,0.651191,1,1342.101574,scenario_002,medium
6211,1325,5.862872,0.682608,0.725818,0,1352.361946,scenario_002,medium
6212,1325,2.776764,0.451923,0.761796,0,1335.543688,scenario_002,short
6213,1325,1.346343,0.180749,0.46947,0,1328.033004,scenario_002,short
6214,1326,1.87156,0.278765,0.508852,1,1330.235762,scenario_002,short
6215,1326,5.097845,0.171392,0.724437,2,1335.899033,scenario_002,medium
6216,1326,89.33007,1.0,0.648519,0,1577.885817,scenario_002,long
6217,1326,11.725241,0.308616,0.549269,0,1365.92348,scenario_002,long
6218,1326,1.701058,0.176052,0.147519,2,1329.578538,scenario_002,short
6219,1326,1.062765,0.603142,1.0,1,1328.110614,scenario_002,short
6220,1326,0.955225,0.6769,0.609572,1,1328.473852,scenario_002,short
6221,1326,1.513098,0.147593,0.245619,2,1328.481844,scenario_002,short
6222,1327,2.087227,0.130814,0.172185,0,1337.040131,scenario_002,short
6223,1327,15.664959,0.431473,0.466376,1,1373.852288,scenario_002,medium
6224,1327,110.109056,0.757152,0.585634,0,1558.184273,scenario_002,long
6225,1327,2.082751,0.213936,0.48741,0,1332.839531,scenario_002,short
6226,1327,13.279098,0.900079,0.959023,1,1363.025045,scenario_002,medium
6227,1327,4.295939,0.280343,0.542925,1,1339.033808,scenario_002,medium
6228,1327,5.379322,0.56956,0.782106,0,1350.942234,scenario_002,medium
6229,1327,12.181472,0.368697,0.226432,0,1382.83095,scenario_002,medium
6230,1327,5.491591,1.0,1.0,1,1335.65773,scenario_002,medium
6231,1327,15.279476,0.691188,1.0,0,1398.673158,scenario_002,medium
6232,1327,6.258189,0.363109,0.650123,0,1349.09595,scenario_002,medium
6233,1327,5.955857,0.542907,0.48145,0,1349.839012,scenario_002,medium
6234,1327,1.237885,0.250325,0.445398,0,1330.818797,scenario_002,short
6235,1327,4.6168,0.55705,0.584431,1,1333.18022,scenario_002,medium
6236,1327,2.305064,0.652258,0.389765,2,1329.431676,scenario_002,short
6237,1327,1.625318,0.07247,0.190337,0,1330.938751,scenario_002,short
6238,1327,1.745342,0.315001,0.539334,1,1331.276083,scenario_002,short
6239,1327,1.265464,0.424563,0.485789,0,1332.091328,scenario_002,short
6240,1328,6.353424,0.649574,0.724867,1,1338.86704,scenario_002,medium
6241,1328,2.092389,0.520917,0.627149,0,1337.130097,scenario_002,short
6242,1328,1.749016,0.227263,0.409301,0,1332.920872,scenario_002,short
6243,1328,4.314087,1.0,0.895424,0,1336.98297,scenario_002,medium
6244,1328,3.115413,0.334613,0.232917,0,1341.104873,scenario_002,short
6245,1328,46.130605,0.341157,0.54971,1,1408.459117,scenario_002,long
6246,1328,1.514311,0.393934,0.73313,0,1330.630929,scenario_002,short
6247,1328,2.513853,0.265685,0.286206,0,1336.952934,scenario_002,short
6248,1328,1.523374,0.154712,0.143792,1,1332.150393,scenario_002,short
6249,1328,9.995817,0.625275,0.637094,0,1375.384621,scenario_002,medium
6250,1328,1.847896,0.090083,0.465606,0,1335.138338,scenario_002,short
6251,1328,1.014301,0.421506,0.471023,2,1330.132546,scenario_002,short
6252,1328,9.809332,0.457461,0.319598,2,1340.547931,scenario_002,medium
6253,1328,7.411104,0.881792,0.761936,0,1363.920554,scenario_002,medium
6254,1328,1.700816,0.439037,0.693498,0,1334.013293,scenario_002,short
6255,1328,3.131893,0.700971,0.583779,0,1337.79388,scenario_002,short
6256,1328,9.445695,0.347913,0.669856,0,1376.197151,scenario_002,medium
6257,1329,10.259746,0.658563,0.614998,0,1356.654357,scenario_002,medium
6258,1329,26.186478,0.829694,1.0,0,1390.812903,scenario_002,long
6259,1329,9.175336,0.432739,0.366294,1,1358.523759,scenario_002,medium
6260,1329,22.93171,0.749845,0.625046,0,1389.684467,scenario_002,long
6261,1329,12.377851,0.562712,0.448652,2,1337.828544,scenario_002,medium
6262,1329,6.513498,0.624628,0.370221,0,1357.487311,scenario_002,medium
6263,1329,2.295083,0.193622,0.320096,0,1333.021939,scenario_002,short
6264,1329,2.258806,0.091326,0.475819,1,1335.869559,scenario_002,short
6265,1329,8.722057,0.665652,0.538031,0,1346.486565,scenario_002,medium
6266,1329,2.097409,0.21408,0.313866,0,1332.935351,scenario_002,short
6267,1329,0.975881,0.430233,1.0,2,1330.065427,scenario_002,short
6268,1329,2.102513,0.19383,0.20171,0,1339.568543,scenario_002,short
6269,1329,4.086874,0.664857,0.406418,0,1343.789254,scenario_002,medium
6270,1329,10.713376,0.565333,0.385448,1,1357.906691,scenario_002,medium
6271,1329,4.882999,0.686191,0.499598,0,1348.769416,scenario_002,medium
6272,1329,129.29467,1.0,1.0,0,1616.244097,scenario_002,long
6273,1329,1.434498,0.37048,0.301459,2,1330.655245,scenario_002,short
6274,1329,138.760632,0.280419,0.553164,0,1602.452861,scenario_002,long
6275,1330,1.520777,0.312276,0.407096,0,1334.115518,scenario_002,short
6276,1330,1.74554,0.58735,0.587203,1,1331.797001,scenario_002,short
6277,1330,2.062884,0.461832,0.511812,0,1339.792874,scenario_002,short
6278,1330,13.883835,0.61538,0.988042,1,1374.710832,scenario_002,medium
6279,1330,1.278564,0.536534,0.583294,2,1332.059251,scenario_002,short
6280,1330,12.912817,0.478739,0.589164,0,1383.424611,scenario_002,medium
6281,1330,6.933966,0.144767,0.085692,0,1343.948245,scenario_002,medium
6282,1330,7.160112,0.435304,0.73313,0,1360.694357,scenario_002,medium
6283,1330,8.718373,0.564023,0.697057,0,1355.591724,scenario_002,medium
6284,1330,2.173837,0.430896,0.518678,0,1341.685479,scenario_002,short
6285,1330,1.154742,0.606524,0.62812,2,1331.511659,scenario_002,short
6286,1330,1.551552,0.300842,0.436808,0,1336.76343,scenario_002,short
6287,1330,1.473666,0.361576,0.515229,0,1334.407235,scenario_002,short
6288,1330,38.692344,0.418524,0.774664,0,1510.346917,scenario_002,long
6289,1330,3.276579,0.409477,0.459332,0,1341.787207,scenario_002,short
6290,1330,7.150739,0.313055,0.569907,1,1343.789042,scenario_002,medium
6291,1330,18.558725,0.15666,0.27615,2,1357.347308,scenario_002,medium
6292,1330,1.89883,0.123778,0.231198,0,1335.697828,scenario_002,short
6293,1331,1.655627,0.155084,0.179597,2,1332.313967,scenario_002,short
6294,1331,2.069494,0.616074,0.722463,2,1332.831976,scenario_002,short
6295,1331,7.10799,0.195232,0.285923,0,1342.097252,scenario_002,medium
6296,1331,16.386914,0.351865,0.272858,0,1413.389646,scenario_002,medium
6297,1331,2.075469,0.397453,0.253999,0,1341.468838,scenario_002,short
6298,1331,6.294892,0.864005,0.834441,0,1355.217692,scenario_002,medium
6299,1331,93.983761,0.967452,1.0,0,1680.911859,scenario_002,long
6300,1331,16.894982,0.701206,0.699515,0,1384.723885,scenario_002,long
6301,1331,34.209471,0.917035,1.0,0,1513.423517,scenario_002,long
6302,1331,15.957577,0.865786,1.0,0,1382.921459,scenario_002,long
6303,1331,1.82759,0.39523,0.555439,0,1335.190938,scenario_002,short
6304,1331,13.662176,0.495588,0.299504,1,1344.54821,scenario_002,medium
6305,1331,1.057319,0.314371,0.322243,0,1332.71286,scenario_002,short
6306,1331,48.846742,0.555734,0.805604,0,1407.112801,scenario_002,long
6307,1331,1.84482,0.389709,0.709405,0,1339.880827,scenario_002,short
6308,1331,1.846266,0.446864,0.60318,0,1336.11394,scenario_002,short
6309,1331,6.164891,0.966552,1.0,1,1345.093608,scenario_002,medium
6310,1331,12.268287,0.617236,0.541873,0,1357.605934,scenario_002,medium
6311,1332,15.882062,0.308986,0.84095,0,1391.394641,scenario_002,medium
6312,1332,12.965102,0.380445,0.333775,0,1395.734694,scenario_002,medium
6313,1332,1.53099,0.392317,0.508301,0,1337.220565,scenario_002,short
6314,1332,9.148476,0.385226,0.35873,0,1364.052478,scenario_002,medium
6315,1332,12.395258,0.165367,0.677184,2,1352.177103,scenario_002,medium
6316,1332,6.70467,0.337714,0.407434,1,1339.399997,scenario_002,medium
6317,1332,8.687464,0.621028,0.592391,1,1348.081511,scenario_002,medium
6318,1332,2.048208,0.131227,0.612919,0,1337.962304,scenario_002,short
6319,1332,2.295573,0.29277,0.260622,0,1341.74116,scenario_002,short
6320,1332,2.082103,0.372282,0.311649,0,1336.317521,scenario_002,short
6321,1332,2.154758,0.158145,0.298017,0,1343.548651,scenario_002,short
6322,1332,1.633568,0.661359,0.719617,1,1336.954189,scenario_002,short
6323,1332,12.726451,0.543549,0.758845,0,1381.405443,scenario_002,medium
6324,1332,1.9762,0.788126,0.800077,0,1342.879594,scenario_002,short
6325,1332,9.501014,0.541399,0.726206,0,1360.523351,scenario_002,medium
6326,1332,1.307839,0.616281,0.542035,0,1334.568478,scenario_002,short
6327,1332,1.815046,0.553273,0.673313,1,1334.285344,scenario_002,short
6328,1333,5.727449,0.362159,0.594826,0,1358.270502,scenario_002,medium
6329,1333,10.552158,0.232608,0.372421,0,1377.943923,scenario_002,medium
6330,1333,6.390252,0.394626,0.573375,0,1349.281053,scenario_002,medium
6331,1333,63.899206,0.418027,0.534041,0,1578.215693,scenario_002,long
6332,1333,18.189911,0.614827,0.657058,1,1381.725688,scenario_002,medium
6333,1333,13.081254,0.581491,0.707433,0,1367.718786,scenario_002,medium
6334,1333,8.288581,0.527207,0.596188,0,1347.378463,scenario_002,medium
6335,1333,7.639383,0.62541,0.618985,0,1355.148921,scenario_002,medium
6336,1333,8.099123,0.957772,0.851148,0,1345.919043,scenario_002,medium
6337,1333,1.538151,0.118157,0.274428,0,1340.515826,scenario_002,short
6338,1333,76.656398,0.559657,0.699516,0,1560.815277,scenario_002,long
6339,1333,1.379103,0.174787,0.460453,1,1334.728648,scenario_002,short
6340,1333,2.388239,0.331649,0.409222,1,1337.646785,scenario_002,short
6341,1333,6.690116,0.724654,0.599789,2,1338.390556,scenario_002,medium
6342,1334,8.31383,0.330706,0.4711,0,1366.093439,scenario_002,medium
6343,1334,2.323699,0.308926,0.448958,0,1342.53354,scenario_002,short
6344,1334,61.895486,0.508801,0.586889,2,1447.975007,scenario_002,long
6345,1334,13.209682,0.704215,0.536701,1,1352.094179,scenario_002,medium
6346,1334,34.371777,1.0,1.0,0,1511.866159,scenario_002,long
6347,1334,13.638458,0.298857,0.316764,0,1392.868144,scenario_002,medium
6348,1334,9.877991,0.506719,0.427309,0,1388.087483,scenario_002,medium
6349,1334,10.106649,0.599263,0.615962,2,1345.271792,scenario_002,medium
6350,1334,33.222571,0.409368,0.448443,0,1519.542972,scenario_002,long
6351,1334,1.079522,0.215939,0.317473,1,1336.573767,scenario_002,short
6352,1334,12.223775,0.789807,0.651008,0,1378.041064,scenario_002,medium
6353,1334,9.358021,0.596735,0.413018,1,1350.038062,scenario_002,medium
6354,1334,43.494758,0.625157,0.505082,2,1427.420885,scenario_002,long
6355,1334,10.622063,0.516484,0.304705,2,1343.761703,scenario_002,medium
6356,1334,13.675012,0.472708,0.821387,0,1400.650777,scenario_002,medium
6357,1334,7.507851,0.215164,0.353213,2,1347.328282,scenario_002,medium
6358,1334,29.887703,0.596209,0.693836,0,1502.783641,scenario_002,long
6359,1334,1.358746,0.263103,0.098854,2,1336.418531,scenario_002,short
6360,1334,1.888186,0.103091,0.350558,0,1343.298273,scenario_002,short
6361,1334,6.927606,0.147297,0.371649,1,1354.66031,scenario_002,medium
6362,1335,2.098127,0.356491,0.245204,1,1338.298276,scenario_002,short
6363,1335,1.095605,0.226075,0.390537,0,1340.075122,scenario_002,short
6364,1335,2.325093,0.422339,0.447139,0,1340.774633,scenario_002,short
6365,1335,1.631547,0.348686,0.316218,1,1339.325325,scenario_002,short
6366,1335,1.674017,0.42092,0.562705,0,1343.532207,scenario_002,short
6367,1335,39.115663,0.880337,1.0,2,1418.990842,scenario_002,long
6368,1335,1.990467,0.386238,0.322524,0,1344.939876,scenario_002,short
6369,1335,2.090071,0.633519,0.86927,0,1344.973653,scenario_002,short
6370,1335,4.96294,0.199391,0.350071,0,1358.318583,scenario_002,medium
6371,1335,2.062234,0.108806,0.508745,0,1344.686665,scenario_002,short
6372,1335,6.739865,0.31521,0.453117,0,1370.275786,scenario_002,medium
6373,1335,14.125164,0.939005,0.82828,0,1400.520638,scenario_002,long
6374,1335,8.622335,0.70567,0.527042,1,1358.947407,scenario_002,medium
6375,1335,1.459778,0.285482,0.49447,1,1336.972247,scenario_002,short
6376,1335,1.374452,0.37042,0.469722,1,1338.743613,scenario_002,short
6377,1335,2.194964,0.33449,0.169618,0,1342.252998,scenario_002,short
6378,1335,5.321309,0.137658,0.328274,0,1345.015283,scenario_002,medium
6379,1335,9.402067,0.822207,0.861706,0,1372.277855,scenario_002,medium
6380,1335,7.356944,0.665415,0.623403,0,1368.079373,scenario_002,medium
6381,1335,2.920781,0.265442,0.643353,0,1351.445167,scenario_002,short
6382,1335,1.596846,0.153476,0.284364,2,1337.494692,scenario_002,short
6383,1335,2.095432,0.188316,0.281485,1,1337.442222,scenario_002,short
6384,1336,1.895501,0.170854,0.246456,1,1339.498712,scenario_002,short
6385,1336,6.689918,0.682057,0.811626,0,1357.798459,scenario_002,medium
6386,1336,6.28377,0.385874,0.726824,0,1360.664935,scenario_002,medium
6387,1336,8.41159,0.315023,0.281091,0,1360.58024,scenario_002,medium
6388,1336,2.127304,0.08483,0.258117,0,1344.619476,scenario_002,short
6389,1336,1.630501,0.37185,0.26857,0,1339.16234,scenario_002,short
6390,1336,12.895088,0.364029,0.211437,0,1378.572051,scenario_002,medium
6391,1336,45.615973,0.735055,0.937152,0,1407.601665,scenario_002,long
6392,1336,17.053392,0.697876,0.873605,0,1379.686033,scenario_002,medium
6393,1336,38.077786,0.516868,0.380331,0,1516.925228,scenario_002,long
6394,1336,3.346518,0.693959,0.592829,1,1342.426339,scenario_002,medium
6395,1336,10.997735,0.519485,0.407313,2,1350.537209,scenario_002,medium
6396,1336,1.483951,0.149035,0.215901,0,1342.385577,scenario_002,short
6397,1336,2.467355,0.254796,0.595056,1,1342.649,scenario_002,short
6398,1336,10.497151,0.492896,0.416919,2,1346.961567,scenario_002,medium
6399,1336,1.712809,0.170379,0.541127,0,1338.848085,scenario_002,short
6400,1336,2.293657,0.30606,0.257326,0,1348.047232,scenario_002,short
6401,1336,74.322325,0.327409,0.517805,0,1732.974865,scenario_002,long
6402,1336,8.267971,0.944351,0.780458,1,1357.383718,scenario_002,medium
6403,1336,8.985842,0.79974,0.521206,0,1350.118939,scenario_002,medium
6404,1336,1.890678,0.449167,0.530383,1,1339.931901,scenario_002,short
6405,1336,1.851468,0.13044,0.703539,0,1342.67921,scenario_002,short
6406,1336,1.612356,0.642832,0.61629,0,1343.636116,scenario_002,short
6407,1336,1.563278,0.336954,0.460194,0,1341.693966,scenario_002,short
6408,1337,1.47,0.243025,0.20275,2,1338.361946,scenario_002,short
6409,1337,6.2029,0.700577,0.945136,1,1348.209935,scenario_002,long
6410,1337,3.218307,0.078567,0.522691,0,1352.061931,scenario_002,short
6411,1337,1.702212,0.296986,0.640016,0,1345.159876,scenario_002,short
6412,1337,1.132013,0.05006,0.412233,0,1343.046875,scenario_002,short
6413,1337,8.721563,0.426094,0.45419,0,1368.94188,scenario_002,medium
6414,1337,2.850259,0.42611,0.397627,0,1345.526935,scenario_002,short
6415,1337,1.930575,0.085174,0.168364,1,1339.042759,scenario_002,short
6416,1337,1.459269,0.26559,0.373646,0,1344.652668,scenario_002,short
6417,1337,8.362106,0.601068,0.894894,0,1370.468446,scenario_002,medium
6418,1337,8.588006,0.618623,0.644975,1,1361.592944,scenario_002,medium
6419,1337,2.206014,0.164942,0.261578,0,1346.287434,scenario_002,short
6420,1337,2.469065,0.16798,0.726101,0,1346.314085,scenario_002,short
6421,1337,1.868003,0.209294,0.143467,1,1339.409882,scenario_002,short
6422,1337,20.126293,0.438748,0.487765,0,1440.594566,scenario_002,medium
6423,1337,2.144245,0.093079,0.249919,0,1342.609992,scenario_002,short
6424,1337,15.428938,0.396202,0.447504,0,1365.570247,scenario_002,long
6425,1337,1.727453,0.526192,0.525213,0,1339.855668,scenario_002,short
6426,1337,10.744857,0.411753,0.5187,0,1357.934865,scenario_002,medium
6427,1337,27.925477,0.855843,1.0,1,1410.658821,scenario_002,long
6428,1337,8.883934,0.121929,0.218895,2,1348.156304,scenario_002,medium
6429,1337,8.789928,0.282858,0.315107,0,1371.457626,scenario_002,medium
6430,1337,21.360091,1.0,1.0,1,1373.961676,scenario_002,long
6431,1337,1.265981,0.130841,0.291448,0,1339.197336,scenario_002,short
6432,1337,37.187368,0.736818,0.528545,0,1399.911081,scenario_002,long
6433,1337,2.105283,0.586706,0.718727,1,1341.202577,scenario_002,short
6434,1337,2.568613,0.348662,0.558181,1,1344.125547,scenario_002,short
6435,1337,10.188673,0.411633,0.45066,0,1391.085996,scenario_002,medium
6436,1337,2.212634,0.347874,0.438155,0,1343.734965,scenario_002,short
6437,1337,1.885179,0.355609,0.639827,2,1339.322609,scenario_002,short
6438,1337,1.942553,0.75399,1.0,1,1339.529462,scenario_002,short
6439,1337,1.649995,0.314418,0.328064,2,1338.550605,scenario_002,short
6440,1337,7.687516,0.665962,0.668248,0,1352.704275,scenario_002,medium
6441,1337,1.541949,0.26284,0.301229,1,1339.019177,scenario_002,short
6442,1337,6.273929,0.664952,0.503415,0,1371.581078,scenario_002,medium
6443,1337,1.741762,0.778449,0.82127,0,1346.700627,scenario_002,short
6444,1337,10.142559,0.568251,1.0,2,1349.408892,scenario_002,medium
6445,1337,9.295104,0.335848,0.298172,1,1365.10818,scenario_002,medium
6446,1337,13.213413,0.717268,0.91601,2,1346.61989,scenario_002,medium
6447,1337,1.185159,0.685359,1.0,0,1341.35886,scenario_002,short
6448,1337,1.522941,0.413903,0.853308,2,1338.141761,scenario_002,short
6449,1337,41.470386,0.784919,0.689838,0,1451.902941,scenario_002,long
6450,1337,37.246108,0.987065,0.813043,0,1486.413101,scenario_002,long
6451,1337,2.048287,0.270153,0.632544,0,1343.978575,scenario_002,short
6452,1337,1.328139,0.104082,0.394536,0,1342.308131,scenario_002,short
6453,1337,5.615332,0.384497,0.276112,0,1348.395093,scenario_002,medium
6454,1337,12.790705,0.547123,0.944803,2,1354.578895,scenario_002,medium
6455,1337,1.678649,0.31635,0.52945,0,1341.87087,scenario_002,short
6456,1337,1.559108,0.447464,0.541318,0,1343.215834,scenario_002,short
6457,1337,5.709425,0.529103,0.681127,0,1364.679802,scenario_002,medium
6458,1337,8.837676,0.323282,0.755062,1,1346.450162,scenario_002,medium
6459,1337,2.402703,0.383144,0.626132,1,1343.082599,scenario_002,short
6460,1337,1.889279,0.358241,0.491344,0,1344.713217,scenario_002,short
6461,1337,4.914132,0.798776,0.74229,0,1360.495721,scenario_002,medium
6462,1337,1.686387,0.498249,0.454945,1,1342.201279,scenario_002,short
6463,1337,1.302278,0.446569,0.553226,0,1339.255442,scenario_002,short
6464,1337,5.17087,0.322075,0.437072,0,1365.331694,scenario_002,medium
6465,1337,6.766578,0.258605,0.329301,2,1348.721857,scenario_002,medium
6466,1337,1.859013,0.280214,0.177336,0,1346.247392,scenario_002,short
6467,1337,1.999171,0.292844,0.475104,0,1345.336331,scenario_002,short
6468,1337,4.015987,0.273821,0.577454,0,1348.066963,scenario_002,short
6469,1337,8.988039,0.848136,1.0,0,1379.431986,scenario_002,medium
6470,1337,1.41385,0.442364,0.457725,0,1344.899577,scenario_002,short
6471,1337,9.376013,0.5093,0.657547,1,1367.645041,scenario_002,medium
6472,1337,14.469671,0.463135,0.679763,0,1415.572761,scenario_002,medium
6473,1337,1.417571,0.059554,0.337794,1,1340.271121,scenario_002,short
6474,1337,1.89283,0.352173,0.958909,0,1346.849249,scenario_002,short
6475,1337,1.389038,0.130913,0.117348,2,1338.088692,scenario_002,short
6476,1338,7.470293,0.550606,0.500062,1,1358.292991,scenario_002,medium
6477,1338,6.162488,0.179989,0.435582,0,1369.703088,scenario_002,medium
6478,1338,7.42009,0.539122,0.875835,0,1358.274528,scenario_002,medium
6479,1338,11.176451,0.192988,0.109366,0,1368.937724,scenario_002,medium
6480,1338,33.861226,1.0,0.907964,1,1372.22578,scenario_002,long
6481,1338,2.245265,0.401127,0.35202,0,1344.097357,scenario_002,short
6482,1338,2.029521,0.406695,0.413044,0,1343.053638,scenario_002,short
6483,1338,1.496976,0.381886,0.414792,0,1342.533162,scenario_002,short
6484,1338,1.65054,0.297875,0.620007,1,1339.527332,scenario_002,short
6485,1338,7.043042,0.616026,0.998613,0,1350.054755,scenario_002,medium
6486,1338,57.671313,0.456363,0.406887,0,1654.979056,scenario_002,long
6487,1338,2.48327,0.282918,0.730238,2,1340.885169,scenario_002,short
6488,1338,2.908395,0.214395,0.345444,0,1348.976487,scenario_002,short
6489,1338,11.252477,0.810695,0.779707,0,1394.046417,scenario_002,medium
6490,1338,15.35751,0.268116,0.369023,1,1380.132972,scenario_002,medium
6491,1338,1.15549,0.110765,0.276517,1,1339.144526,scenario_002,short
6492,1339,1.542097,0.151222,0.740573,1,1343.486878,scenario_002,short
6493,1339,1.613225,0.175881,0.236754,0,1342.108027,scenario_002,short
6494,1339,1.705332,0.432722,0.295327,2,1342.058087,scenario_002,short
6495,1339,6.26848,0.482129,0.425002,0,1370.419963,scenario_002,medium
6496,1339,342.173199,0.579482,0.317414,0,1859.12741,scenario_002,long
6497,1339,1.565782,0.346252,0.855875,0,1345.127701,scenario_002,short
6498,1339,40.476208,0.917824,0.839344,2,1399.990106,scenario_002,long
6499,1339,1.530123,0.140801,0.223766,1,1343.595206,scenario_002,short
6500,1339,2.053884,0.121971,0.149233,0,1342.174845,scenario_002,short
6501,1340,1.812171,0.067919,0.392235,0,1348.083602,scenario_002,short
6502,1340,14.100366,0.374388,0.300065,0,1382.760705,scenario_002,medium
6503,1340,10.363052,0.630696,0.601646,0,1378.14697,scenario_002,medium
6504,1340,5.140049,0.503774,0.577875,0,1349.055932,scenario_002,medium
6505,1340,1.651787,0.666999,0.895481,2,1343.588939,scenario_002,short
6506,1340,10.148591,0.251064,0.362596,0,1376.112415,scenario_002,medium
6507,1340,53.354594,0.988717,0.917311,0,1605.726766,scenario_002,long
6508,1340,37.315244,0.410368,0.280667,0,1505.770633,scenario_002,long
6509,1340,1.632815,0.226814,0.206588,0,1346.539225,scenario_002,short
6510,1340,9.142268,0.337399,0.353878,0,1360.808445,scenario_002,medium
6511,1340,9.409458,0.826556,0.929849,0,1369.718368,scenario_002,medium
6512,1341,1.345282,0.604561,0.628557,0,1348.110294,scenario_002,short
6513,1341,2.077646,0.256209,0.663061,0,1351.875004,scenario_002,short
6514,1341,1.807934,0.096342,0.185873,1,1345.916895,scenario_002,short
6515,1341,1.801335,0.42449,0.541252,0,1349.457775,scenario_002,short
6516,1341,19.450169,0.565075,0.4737,2,1379.840442,scenario_002,long
6517,1341,1.304591,0.25323,0.533064,0,1344.562634,scenario_002,short
6518,1341,2.576592,0.137042,0.350018,2,1345.436905,scenario_002,short
6519,1341,1.290548,0.331383,0.348906,0,1344.248124,scenario_002,short
6520,1341,1.673837,0.311173,0.473598,0,1346.271138,scenario_002,short
6521,1341,2.894671,0.375944,0.800239,0,1347.907416,scenario_002,short
6522,1341,1.981037,0.424338,0.334548,1,1343.86308,scenario_002,short
6523,1341,6.949456,0.624183,0.514022,0,1352.590231,scenario_002,medium
6524,1341,10.522974,0.184736,0.446303,2,1349.979576,scenario_002,medium
6525,1342,1.424196,0.269281,0.21843,0,1350.0294,scenario_002,short
6526,1342,1.599268,0.105989,0.781095,1,1345.905508,scenario_002,short
6527,1342,13.709852,0.445477,0.695302,2,1357.569688,scenario_002,medium
6528,1342,7.310685,0.25657,0.24085,2,1355.522508,scenario_002,medium
6529,1342,11.772391,0.765253,0.740688,0,1360.64231,scenario_002,medium
6530,1342,5.277631,0.388743,0.507575,2,1348.30381,scenario_002,medium
6531,1342,11.48688,0.133877,0.21129,0,1373.958412,scenario_002,medium
6532,1343,1.505973,0.162948,0.205617,1,1346.951843,scenario_002,short
6533,1343,2.956111,0.216335,0.284294,0,1357.075707,scenario_002,short
6534,1343,2.206572,0.393931,0.527041,0,1351.304646,scenario_002,short
6535,1343,39.530261,0.359067,0.489771,1,1394.973241,scenario_002,long
6536,1343,7.266877,0.823244,0.533367,0,1372.653304,scenario_002,medium
6537,1343,13.634584,0.171103,0.26929,0,1408.951327,scenario_002,medium
6538,1343,2.112752,0.062906,0.307952,2,1346.541884,scenario_002,short
6539,1343,1.459629,0.329531,0.53708,2,1345.106823,scenario_002,short
6540,1343,24.257697,1.0,0.944218,1,1372.020978,scenario_002,long
6541,1343,1.77955,0.274539,0.300166,0,1345.95709,scenario_002,short
6542,1343,1.729228,0.226441,0.477829,0,1352.34527,scenario_002,short
6543,1343,1.613594,0.17796,0.197297,2,1344.815044,scenario_002,short
6544,1343,4.825666,0.249745,0.51581,2,1349.569718,scenario_002,short
6545,1344,2.165862,0.365571,0.687732,0,1350.25254,scenario_002,short
6546,1344,1.674494,0.466811,0.783387,0,1351.735784,scenario_002,short
6547,1344,0.974375,0.249721,0.487598,2,1345.0,scenario_002,short
6548,1344,10.296781,0.320576,0.356609,0,1389.086671,scenario_002,medium
6549,1344,4.428626,0.155898,0.207445,0,1359.590805,scenario_002,medium
6550,1344,33.183917,0.778608,0.825632,1,1421.598758,scenario_002,long
6551,1344,12.948362,0.498002,0.693749,1,1367.963486,scenario_002,medium
6552,1345,11.942357,0.44416,0.509766,0,1391.333302,scenario_002,medium
6553,1345,2.354435,0.095107,0.645339,2,1348.020558,scenario_002,short
6554,1345,2.451931,0.154127,0.660691,0,1353.206288,scenario_002,short
6555,1345,37.587905,1.0,0.997668,0,1454.803262,scenario_002,long
6556,1345,6.568477,0.29791,0.322804,1,1360.055822,scenario_002,medium
6557,1345,84.609095,0.839416,0.706106,0,1586.827506,scenario_002,long
6558,1345,10.763973,1.0,0.613272,2,1353.392715,scenario_002,medium
6559,1345,7.230081,0.561991,0.805255,0,1375.56439,scenario_002,medium
6560,1345,137.10019,0.962306,1.0,0,1822.670714,scenario_002,long
6561,1345,8.887592,0.302299,0.232395,0,1388.585297,scenario_002,medium
6562,1345,11.012052,0.227528,0.273152,0,1401.417998,scenario_002,medium
6563,1345,7.518736,0.251167,0.276579,0,1357.353485,scenario_002,medium
6564,1346,22.251724,0.8479,0.722287,0,1407.772859,scenario_002,long
6565,1346,16.216535,0.765235,0.809641,2,1367.042304,scenario_002,long
6566,1346,8.05122,0.688439,0.802482,0,1373.599504,scenario_002,medium
6567,1346,1.472283,0.470582,0.468053,0,1352.256158,scenario_002,short
6568,1346,47.409917,0.776127,0.726909,0,1543.851346,scenario_002,long
6569,1346,1.704515,0.492912,0.411792,0,1353.535454,scenario_002,short
6570,1346,5.526604,0.875083,0.887897,1,1359.619473,scenario_002,long
6571,1346,2.058809,0.248904,0.428476,1,1350.526531,scenario_002,short
6572,1346,6.930947,0.647845,0.544501,0,1379.077566,scenario_002,medium
6573,1346,1.961838,0.096319,0.348062,0,1349.349199,scenario_002,short
6574,1346,2.275452,0.348828,0.568026,0,1352.483154,scenario_002,short
6575,1347,1.32021,0.648992,0.591592,0,1350.198051,scenario_002,short
6576,1347,1.985783,0.190629,0.36488,2,1350.423573,scenario_002,short
6577,1347,2.669229,0.055979,0.334686,0,1360.476284,scenario_002,short
6578,1347,0.912569,0.118347,0.32551,2,1348.0,scenario_002,short
6579,1347,7.381203,0.713911,1.0,0,1378.231578,scenario_002,medium
6580,1348,12.49985,0.163091,0.242479,1,1367.938262,scenario_002,medium
6581,1348,49.367126,1.0,0.904129,0,1603.721903,scenario_002,long
6582,1348,1.98991,0.272874,0.429298,0,1354.602771,scenario_002,short
6583,1348,1.157776,0.247407,0.455061,0,1352.746388,scenario_002,short
6584,1348,1.652378,0.683466,0.627397,1,1352.901584,scenario_002,short
6585,1348,2.007632,0.333772,0.422295,0,1357.80075,scenario_002,short
6586,1348,12.915062,0.712434,0.968177,2,1376.499105,scenario_002,medium
6587,1348,229.702389,1.0,0.740129,1,1613.596517,scenario_002,long
6588,1348,10.681513,0.375255,0.344197,0,1386.34005,scenario_002,medium
6589,1348,12.234724,0.224436,0.071676,1,1380.82447,scenario_002,medium
6590,1348,1.64062,0.128986,0.240676,0,1350.894418,scenario_002,short
6591,1348,1.964635,0.09519,0.196043,0,1359.008294,scenario_002,short
6592,1348,1.906186,0.45353,0.449047,2,1350.98286,scenario_002,short
6593,1348,1.630046,0.143953,0.359485,0,1353.50661,scenario_002,short
6594,1348,6.619978,0.993252,1.0,2,1356.443519,scenario_002,medium
6595,1348,5.888431,0.576005,0.519188,1,1358.618477,scenario_002,medium
6596,1348,1.233429,0.151055,0.252071,0,1350.676844,scenario_002,short
6597,1348,1.338528,0.500665,0.655311,0,1351.287947,scenario_002,short
6598,1349,1.583148,0.117879,0.05,0,1357.464953,scenario_002,short
6599,1349,1.833624,0.377843,0.507169,0,1356.953673,scenario_002,short
6600,1349,1.326097,0.184774,0.223205,0,1354.975534,scenario_002,short
6601,1349,9.3003,0.287694,0.517222,2,1366.740228,scenario_002,medium
6602,1349,1.82864,0.055583,0.229331,0,1357.678412,scenario_002,short
6603,1349,43.720284,0.745627,0.675031,2,1445.614125,scenario_002,long
6604,1349,7.424929,0.922828,0.981227,0,1371.055246,scenario_002,medium
6605,1349,12.04401,0.248755,0.34262,0,1410.153913,scenario_002,medium
6606,1349,1.25651,0.571233,0.572839,1,1350.928909,scenario_002,short
6607,1349,1.426746,0.385624,0.489574,1,1351.545385,scenario_002,short
6608,1349,10.560559,0.569159,0.410814,2,1370.635423,scenario_002,medium
6609,1349,1.833017,0.089173,0.202373,1,1353.248711,scenario_002,short
6610,1349,2.359905,0.128741,0.789239,2,1354.072873,scenario_002,short
6611,1349,17.396232,0.703606,0.557362,2,1379.222255,scenario_002,medium
6612,1349,1.70028,0.428758,0.575399,0,1353.020067,scenario_002,short
6613,1349,7.246471,0.132575,0.413936,0,1366.121614,scenario_002,medium
6614,1349,15.253833,0.795083,0.473424,1,1377.643691,scenario_002,medium
6615,1349,2.03509,0.065409,0.361057,2,1353.050916,scenario_002,short
6616,1350,1.202465,0.145258,0.277748,0,1355.097524,scenario_002,short
6617,1350,4.896947,0.453749,0.508869,2,1354.807268,scenario_002,medium
6618,1350,10.141725,0.268619,0.205427,2,1372.235299,scenario_002,medium
6619,1350,6.881617,0.61405,0.584845,0,1370.268546,scenario_002,medium
6620,1350,14.795369,0.169721,0.204974,0,1381.657128,scenario_002,medium
6621,1350,16.150701,0.39908,0.621709,0,1388.056242,scenario_002,long
6622,1350,14.099166,0.341784,0.617033,0,1373.218868,scenario_002,medium
6623,1350,1.418546,0.679092,0.702119,0,1356.98555,scenario_002,short
6624,1350,6.397959,0.603471,0.500947,2,1356.461497,scenario_002,medium
6625,1350,1.791062,0.188321,0.168315,1,1353.276682,scenario_002,short
6626,1350,5.90034,0.186638,0.306283,0,1365.207429,scenario_002,medium
6627,1350,11.144212,0.322682,0.440357,1,1384.336361,scenario_002,medium
6628,1350,1.68348,0.416591,0.648505,2,1353.188658,scenario_002,short
6629,1350,1.670433,0.446094,0.413772,1,1354.472528,scenario_002,short
6630,1350,1.768289,0.355431,0.448528,0,1355.414403,scenario_002,short
6631,1350,14.341705,0.80488,0.667005,0,1378.666612,scenario_002,long
6632,1350,1.309395,0.326014,0.337475,0,1354.01868,scenario_002,short
6633,1350,6.906844,0.196278,0.415152,2,1357.176632,scenario_002,medium
6634,1350,121.987371,0.817795,0.709241,0,1873.872365,scenario_002,long
6635,1350,7.017944,0.809052,0.715432,0,1388.993585,scenario_002,medium
6636,1350,9.650616,0.762733,0.765136,0,1383.134224,scenario_002,medium
6637,1350,1.278131,0.296335,0.614605,2,1352.666216,scenario_002,short
6638,1350,6.500266,0.520447,0.562275,0,1382.661375,scenario_002,medium
6639,1350,5.912355,0.896411,0.823671,0,1368.058127,scenario_002,medium
6640,1350,3.639264,0.617036,0.394095,1,1358.299963,scenario_002,medium
6641,1350,9.341702,0.536319,0.562456,1,1369.144898,scenario_002,medium
6642,1351,14.650492,0.914222,0.924038,0,1390.138593,scenario_002,long
6643,1351,7.233687,0.429229,0.469955,0,1382.03663,scenario_002,medium
6644,1351,37.602622,0.584727,0.610066,2,1434.817568,scenario_002,long
6645,1351,2.306172,0.599571,0.511228,0,1361.723237,scenario_002,short
6646,1351,6.340725,1.0,0.630054,0,1371.375955,scenario_002,medium
6647,1351,1.61512,0.392921,0.377254,1,1355.844686,scenario_002,short
6648,1351,2.01471,0.255936,0.257164,0,1357.321031,scenario_002,short
6649,1352,2.309587,0.439345,0.612072,0,1358.596432,scenario_002,short
6650,1352,4.866993,0.183742,0.248102,0,1360.451536,scenario_002,medium
6651,1352,1.514841,0.818844,0.735395,1,1355.867318,scenario_002,short
6652,1352,15.348173,1.0,1.0,0,1408.530049,scenario_002,long
6653,1352,2.30879,0.101066,0.12215,0,1363.561129,scenario_002,short
6654,1352,8.800557,0.661301,0.523949,0,1396.683038,scenario_002,medium
6655,1352,1.368215,0.179879,0.455586,0,1357.892328,scenario_002,short
6656,1353,1.96638,0.221488,0.268284,0,1359.76048,scenario_002,short
6657,1353,99.752999,0.805605,0.668831,0,1642.203303,scenario_002,long
6658,1353,1.606282,0.349038,0.36798,0,1360.270005,scenario_002,short
6659,1353,1.405027,0.430242,0.418333,0,1358.058375,scenario_002,short
6660,1353,1.445959,0.058734,0.195282,0,1355.461635,scenario_002,short
6661,1353,14.49643,0.152438,0.728198,0,1414.60739,scenario_002,medium
6662,1353,6.024352,0.261476,0.200506,0,1381.368993,scenario_002,medium
6663,1353,5.763241,0.858717,0.95659,0,1371.820579,scenario_002,medium
6664,1353,3.662491,0.247009,0.60297,0,1360.380241,scenario_002,short
6665,1353,1.609677,0.338486,0.430058,0,1361.805592,scenario_002,short
6666,1354,1.925118,0.069055,0.329599,0,1358.468628,scenario_002,short
6667,1354,1.909807,0.707118,0.883089,0,1364.270549,scenario_002,short
6668,1354,1.115484,0.30209,0.284005,0,1358.931291,scenario_002,short
6669,1354,7.197085,0.266797,0.333017,0,1376.449526,scenario_002,medium
6670,1354,1.296034,0.312893,0.359561,0,1359.726453,scenario_002,short
6671,1354,1.711585,0.177857,0.109967,0,1359.677536,scenario_002,short
6672,1354,12.94419,0.306554,0.217427,2,1378.978071,scenario_002,medium
6673,1354,13.26127,0.327934,0.371706,2,1364.854194,scenario_002,medium
6674,1354,10.108815,0.523347,0.552312,0,1372.58814,scenario_002,medium
6675,1354,1.51366,0.325392,0.180912,0,1358.391104,scenario_002,short
6676,1354,80.199135,0.988206,1.0,0,1719.138372,scenario_002,long
6677,1355,9.459649,0.450834,0.531967,0,1387.760105,scenario_002,medium
6678,1355,0.860911,0.34336,0.332728,0,1357.5655,scenario_002,short
6679,1355,2.804902,0.152483,0.401932,0,1366.026313,scenario_002,short
6680,1355,61.041159,0.917885,0.887614,0,1470.794317,scenario_002,long
6681,1355,1.626056,0.187345,0.674659,0,1360.967906,scenario_002,short
6682,1355,1.601813,0.10763,0.313146,2,1357.879605,scenario_002,short
6683,1355,9.205538,0.313789,0.335309,0,1392.878065,scenario_002,medium
6684,1355,5.104414,0.441596,0.552763,0,1379.770679,scenario_002,medium
6685,1355,28.386069,0.64747,1.0,0,1408.596207,scenario_002,long
6686,1355,32.953703,0.951634,0.894241,1,1421.015097,scenario_002,long
6687,1355,2.810311,0.191423,0.342506,0,1364.408655,scenario_002,short
6688,1355,5.242819,0.35806,0.488226,0,1382.305696,scenario_002,medium
6689,1355,6.576869,0.48946,0.392973,0,1374.689824,scenario_002,medium
6690,1356,25.408753,1.0,0.821522,2,1390.915629,scenario_002,long
6691,1356,12.016136,0.490918,0.343727,2,1367.648499,scenario_002,medium
6692,1356,4.680925,0.591127,0.89413,2,1360.070811,scenario_002,medium
6693,1356,32.277401,1.0,0.941319,1,1413.748342,scenario_002,long
6694,1356,7.125188,0.955495,1.0,2,1362.784574,scenario_002,medium
6695,1356,1.993655,0.413998,0.625621,0,1364.770078,scenario_002,short
6696,1356,22.424055,0.606264,0.684889,0,1428.007266,scenario_002,medium
6697,1356,1.993273,0.244189,0.561924,0,1362.736502,scenario_002,short
6698,1356,14.020109,0.809045,0.626986,0,1394.689351,scenario_002,medium
6699,1356,48.03115,0.43095,0.4833,1,1454.63583,scenario_002,long
6700,1356,1.177005,0.199329,0.60564,0,1359.963915,scenario_002,short
6701,1356,0.912758,0.76974,0.812058,0,1358.765889,scenario_002,short
6702,1357,1.213412,0.347091,0.412513,0,1363.21265,scenario_002,short
6703,1357,8.0513,0.711386,0.75289,0,1375.974545,scenario_002,medium
6704,1357,1.890258,0.302973,0.297276,2,1359.124833,scenario_002,short
6705,1357,1.881216,0.626225,0.545815,0,1363.763263,scenario_002,short
6706,1357,0.841297,0.495296,0.562026,1,1359.386885,scenario_002,short
6707,1357,16.406206,0.505965,0.635261,0,1437.477634,scenario_002,long
6708,1357,36.120087,0.885665,0.944222,0,1431.822643,scenario_002,long
6709,1357,20.075681,1.0,0.802206,0,1408.847166,scenario_002,long
6710,1357,1.60328,0.181581,0.623995,0,1359.565434,scenario_002,short
6711,1357,7.863387,0.601866,0.541574,0,1377.520495,scenario_002,medium
6712,1358,8.547581,0.366734,0.387554,0,1394.989937,scenario_002,medium
6713,1358,2.387937,0.122779,0.380167,2,1362.259352,scenario_002,short
6714,1358,1.315662,0.645014,0.478362,0,1360.951327,scenario_002,short
6715,1358,7.747447,0.375712,0.423846,2,1364.828477,scenario_002,medium
6716,1358,17.455881,0.305125,0.668604,0,1448.10515,scenario_002,medium
6717,1358,7.623709,0.495858,0.545237,0,1400.894797,scenario_002,medium
6718,1358,1.562657,0.10652,0.074535,2,1361.183136,scenario_002,short
6719,1358,1.61193,0.278544,0.286748,0,1361.849133,scenario_002,short
6720,1359,9.064429,0.553412,0.533666,1,1377.760711,scenario_002,medium
6721,1359,7.742024,0.622744,0.632094,0,1386.744928,scenario_002,medium
6722,1359,5.044775,0.471654,0.803986,2,1364.661108,scenario_002,medium
6723,1359,6.616198,0.24444,0.372245,0,1372.477529,scenario_002,medium
6724,1359,1.3255,0.388746,0.409319,2,1360.668073,scenario_002,short
6725,1359,2.948439,0.33226,0.768713,2,1362.741066,scenario_002,short
6726,1359,3.222675,0.158291,0.351475,1,1362.037859,scenario_002,short
6727,1359,1.723504,0.309479,0.304317,0,1361.727408,scenario_002,short
6728,1359,1.636754,0.314826,0.454048,0,1361.669428,scenario_002,short
6729,1359,1.643236,0.32819,0.562977,0,1365.435131,scenario_002,short
6730,1359,11.798852,0.892782,0.645727,0,1414.519342,scenario_002,long
6731,1360,1.50555,0.371604,0.674076,1,1364.153591,scenario_002,short
6732,1360,1.41263,0.186407,0.353047,0,1364.439724,scenario_002,short
6733,1360,18.27878,0.181526,0.246711,0,1445.249766,scenario_002,medium
6734,1360,14.219657,0.120173,0.234643,2,1373.546397,scenario_002,medium
6735,1360,9.396436,0.4013,0.312454,1,1380.085324,scenario_002,medium
6736,1360,1.33868,0.34856,0.70464,1,1363.441122,scenario_002,short
6737,1360,11.155455,0.713235,0.703191,2,1378.361242,scenario_002,medium
6738,1361,1.580078,0.667835,1.0,2,1362.051642,scenario_002,short
6739,1361,7.790353,0.163655,0.360009,0,1376.969048,scenario_002,medium
6740,1361,52.913251,0.718351,0.878045,0,1479.185917,scenario_002,long
6741,1361,1.773647,0.446493,0.429131,1,1365.298381,scenario_002,short
6742,1361,1.980849,0.139456,0.361934,0,1364.171968,scenario_002,short
6743,1361,18.745052,0.981885,0.957506,0,1441.831011,scenario_002,long
6744,1361,3.497457,0.246719,0.146221,0,1378.512488,scenario_002,short
6745,1361,4.835857,0.12142,0.065071,0,1374.486622,scenario_002,medium
6746,1361,12.170524,0.410766,0.401621,1,1393.552026,scenario_002,medium
6747,1362,10.95206,0.552969,0.521591,0,1417.225057,scenario_002,medium
6748,1362,11.525576,0.642416,0.451681,0,1421.287832,scenario_002,medium
6749,1362,1.981303,0.278575,0.484062,0,1368.565333,scenario_002,short
6750,1362,0.78358,0.286332,0.477993,0,1364.153822,scenario_002,short
6751,1362,2.443369,0.077254,0.253377,0,1366.69521,scenario_002,short
6752,1362,2.438439,0.261712,0.402392,0,1371.556505,scenario_002,short
6753,1362,7.476,0.129822,0.270439,0,1398.630635,scenario_002,medium
6754,1362,1.122479,0.150108,0.390041,0,1367.502767,scenario_002,short
6755,1362,9.225263,0.460847,0.656324,0,1409.921754,scenario_002,medium
6756,1362,7.711524,0.703776,0.78539,1,1380.286624,scenario_002,medium
6757,1362,1.896519,0.36972,0.458179,0,1368.99499,scenario_002,short
6758,1363,1.819135,0.259266,0.211259,1,1367.908002,scenario_002,short
6759,1363,8.465705,0.187321,0.175083,1,1373.925866,scenario_002,medium
6760,1363,94.883288,0.976042,1.0,0,1810.533311,scenario_002,long
6761,1363,7.965325,0.132438,0.254972,0,1403.657076,scenario_002,medium
6762,1363,5.62727,0.48578,0.569074,2,1368.317257,scenario_002,medium
6763,1363,1.896486,0.356012,0.357609,0,1366.816936,scenario_002,short
6764,1363,11.263652,0.313988,0.428617,0,1423.240847,scenario_002,medium
6765,1363,1.374958,0.231487,0.157336,1,1366.010662,scenario_002,short
6766,1364,5.252056,0.538272,0.89975,0,1372.239304,scenario_002,medium
6767,1364,2.012779,0.365126,0.807767,2,1366.238732,scenario_002,short
6768,1364,1.588097,0.196257,0.258095,0,1370.413067,scenario_002,short
6769,1364,2.881034,0.206697,0.263724,0,1370.345875,scenario_002,short
6770,1364,29.39911,0.82877,1.0,0,1468.948547,scenario_002,long
6771,1364,64.568112,0.424023,0.658806,1,1486.337405,scenario_002,long
6772,1364,1.491465,0.21775,0.617841,0,1372.405483,scenario_002,short
6773,1364,10.432477,0.95439,1.0,1,1384.982586,scenario_002,medium
6774,1364,8.475209,0.481022,0.416562,1,1380.394314,scenario_002,medium
6775,1364,6.518629,0.656395,0.661455,0,1386.375815,scenario_002,medium
6776,1364,63.317713,0.488462,0.405194,0,1481.552683,scenario_002,long
6777,1364,157.559411,0.556531,0.551073,0,2246.124613,scenario_002,long
6778,1365,14.588285,0.987659,0.859486,0,1420.724599,scenario_002,long
6779,1365,5.661742,0.402532,0.860258,0,1386.110788,scenario_002,medium
6780,1365,10.259888,0.187455,0.494881,0,1403.453103,scenario_002,medium
6781,1365,1.403146,0.187394,0.326866,0,1371.481178,scenario_002,short
6782,1365,11.968165,0.292234,0.197129,1,1376.032305,scenario_002,medium
6783,1365,41.549324,0.751818,0.688584,0,1481.040748,scenario_002,long
6784,1365,7.52076,1.0,0.742944,0,1405.942972,scenario_002,medium
6785,1365,1.873433,0.065645,0.185876,1,1369.516148,scenario_002,short
6786,1365,11.850086,0.495768,0.614856,0,1415.206418,scenario_002,medium
6787,1365,9.485754,0.628363,0.548912,2,1385.741897,scenario_002,medium
6788,1366,80.039846,0.966944,0.740477,0,1554.32098,scenario_002,long
6789,1366,7.123885,0.546815,0.369195,0,1382.905388,scenario_002,medium
6790,1366,53.388738,0.642268,0.736757,0,1473.354237,scenario_002,long
6791,1366,1.264935,0.277202,0.122679,0,1372.936047,scenario_002,short
6792,1366,18.133856,0.463563,0.563232,2,1405.392421,scenario_002,medium
6793,1366,3.011314,0.542524,0.479181,0,1377.423212,scenario_002,short
6794,1366,1.252056,0.679056,0.684116,0,1370.888364,scenario_002,short
6795,1366,21.425254,0.566782,0.746843,0,1436.103175,scenario_002,medium
6796,1366,9.651416,0.653159,0.642024,1,1383.832305,scenario_002,medium
6797,1366,1.459874,0.203094,0.371773,0,1368.244068,scenario_002,short
6798,1367,9.253415,0.867789,1.0,2,1372.801509,scenario_002,medium
6799,1367,1.961896,0.217428,0.287057,0,1376.106378,scenario_002,short
6800,1367,7.35993,0.605532,0.544812,0,1397.092176,scenario_002,medium
6801,1367,22.723648,0.880434,0.945071,2,1413.376542,scenario_002,long
6802,1367,7.721915,0.635373,0.788623,0,1388.970509,scenario_002,medium
6803,1367,2.151495,0.330501,0.552685,0,1376.109911,scenario_002,short
6804,1367,1.251231,0.148127,0.131924,0,1370.601649,scenario_002,short
6805,1367,2.948791,0.187153,0.414414,0,1378.908149,scenario_002,short
6806,1367,3.226274,0.997245,0.741997,0,1383.401187,scenario_002,long
6807,1367,9.244522,0.479814,0.292795,1,1391.950705,scenario_002,medium
6808,1367,8.757972,0.34078,0.438639,0,1406.400232,scenario_002,medium
6809,1367,8.76178,0.61578,0.575343,1,1388.274501,scenario_002,medium
6810,1367,10.731266,0.408179,0.498337,2,1387.293918,scenario_002,medium
6811,1368,8.838048,0.15133,0.332177,0,1410.0647,scenario_002,medium
6812,1368,1.911338,0.49836,0.840237,0,1378.423186,scenario_002,short
6813,1368,6.530321,0.513208,0.479674,0,1400.049376,scenario_002,medium
6814,1368,10.607845,0.531505,0.438639,0,1425.195303,scenario_002,medium
6815,1368,1.792396,0.121879,0.05,2,1371.537146,scenario_002,short
6816,1369,11.709177,0.397888,0.667028,0,1426.461963,scenario_002,medium
6817,1369,8.868391,0.740913,0.763792,0,1400.049147,scenario_002,medium
6818,1369,31.838046,0.861716,0.843276,0,1455.036043,scenario_002,long
6819,1369,3.281577,0.797922,0.682919,1,1374.676644,scenario_002,short
6820,1369,12.440656,0.558561,0.603424,2,1387.293186,scenario_002,medium
6821,1369,25.550282,0.570538,0.887382,1,1412.756899,scenario_002,long
6822,1369,59.027128,0.750858,1.0,0,1572.960566,scenario_002,long
6823,1369,2.192252,0.687448,0.635257,0,1378.707234,scenario_002,short
6824,1369,1.552068,0.296483,0.480843,2,1372.153908,scenario_002,short
6825,1369,2.053436,0.35173,0.273124,2,1372.02314,scenario_002,short
6826,1370,1.723597,0.175905,0.270421,0,1377.862475,scenario_002,short
6827,1370,2.317881,0.055403,0.071186,2,1371.442833,scenario_002,short
6828,1370,1.680215,0.553654,0.601962,0,1379.457543,scenario_002,short
6829,1370,1.075306,0.38635,0.316568,0,1371.953797,scenario_002,short
6830,1370,1.339085,0.723383,0.940583,2,1372.594217,scenario_002,short
6831,1370,7.244537,0.832667,0.954599,0,1408.685388,scenario_002,long
6832,1371,11.57639,0.62448,0.53249,0,1415.384729,scenario_002,medium
6833,1371,2.136864,0.750214,0.730528,0,1374.564593,scenario_002,short
6834,1371,118.978605,0.461117,0.777925,0,1671.884101,scenario_002,long
6835,1371,1.342095,0.722263,0.576143,0,1376.445431,scenario_002,short
6836,1372,1.926527,0.587273,0.509669,2,1374.627864,scenario_002,short
6837,1372,1.552711,0.206931,0.462226,0,1376.383787,scenario_002,short
6838,1372,9.779073,0.146276,0.320933,2,1382.369836,scenario_002,medium
6839,1372,5.46511,0.664176,0.604815,0,1391.041125,scenario_002,medium
6840,1372,2.403984,0.423666,0.58578,0,1378.408759,scenario_002,short
6841,1372,1.692011,0.402746,0.761162,0,1380.899473,scenario_002,short
6842,1372,10.39829,0.184082,0.812521,0,1405.267042,scenario_002,medium
6843,1372,7.94409,0.469321,0.759355,1,1387.553712,scenario_002,medium
6844,1372,1.180015,0.717122,0.46185,1,1373.372449,scenario_002,short
6845,1373,2.061781,0.149044,0.432411,0,1376.996915,scenario_002,short
6846,1373,2.683852,0.27167,0.336991,1,1378.66196,scenario_002,short
6847,1373,1.727243,0.294822,0.468153,0,1376.271412,scenario_002,short
6848,1373,7.037474,0.405249,0.354197,0,1410.858453,scenario_002,medium
6849,1373,1.710179,0.274602,0.365753,2,1375.972442,scenario_002,short
6850,1373,12.67674,0.410771,0.234056,0,1415.906668,scenario_002,medium
6851,1373,6.534279,0.164589,0.479348,0,1402.732182,scenario_002,medium
6852,1374,1.052751,0.362434,0.437884,0,1376.849973,scenario_002,short
6853,1374,1.921174,0.74251,1.0,0,1377.512298,scenario_002,short
6854,1374,2.192556,0.329877,0.38321,0,1379.733476,scenario_002,short
6855,1374,1.818291,0.054088,0.250011,2,1376.804992,scenario_002,short
6856,1374,262.881833,1.0,1.0,0,2563.210669,scenario_002,long
6857,1374,12.299285,0.265074,0.321026,2,1382.426222,scenario_002,medium
6858,1374,9.545926,0.94059,0.77715,2,1381.410117,scenario_002,medium
6859,1374,6.931306,0.362357,0.481323,0,1384.671754,scenario_002,medium
6860,1374,1.469633,0.250307,0.343151,0,1378.982594,scenario_002,short
6861,1375,35.227102,0.629155,0.711533,0,1458.733823,scenario_002,long
6862,1375,1.583134,0.365399,0.552238,0,1381.780436,scenario_002,short
6863,1375,1.446073,0.136756,0.664334,0,1380.773498,scenario_002,short
6864,1375,1.993705,0.272103,0.193156,0,1379.669201,scenario_002,short
6865,1375,10.256578,0.58808,0.603806,0,1394.591927,scenario_002,medium
6866,1375,1.698444,0.611333,0.417344,0,1381.815497,scenario_002,short
6867,1375,10.662228,0.905597,0.609849,0,1425.159921,scenario_002,medium
6868,1375,1.649651,0.125562,0.124664,0,1380.295049,scenario_002,short
6869,1376,1.810675,0.554875,0.716584,0,1383.185191,scenario_002,short
6870,1376,1.624468,0.217557,0.222394,0,1384.908287,scenario_002,short
6871,1376,26.125482,0.351612,0.446092,0,1467.555583,scenario_002,long
6872,1376,1.321552,0.235773,0.29718,1,1377.667095,scenario_002,short
6873,1376,1.546845,0.058344,0.44093,0,1384.610101,scenario_002,short
6874,1377,0.869662,0.126231,0.219059,0,1379.01294,scenario_002,short
6875,1377,9.053138,0.614339,0.636705,0,1393.645752,scenario_002,medium
6876,1377,1.949338,0.370251,0.744234,0,1384.541426,scenario_002,short
6877,1377,8.354873,0.550052,0.945981,2,1393.241873,scenario_002,medium
6878,1377,5.392044,0.679515,0.52647,0,1401.386508,scenario_002,medium
6879,1377,3.515568,0.558829,0.730257,0,1384.142277,scenario_002,short
6880,1377,8.271566,0.478389,0.720242,0,1410.533634,scenario_002,medium
6881,1378,2.131581,0.223715,0.770114,0,1388.574268,scenario_002,short
6882,1378,7.712593,0.665004,0.529572,0,1420.849412,scenario_002,medium
6883,1378,13.366474,0.159903,0.377943,1,1396.31518,scenario_002,medium
6884,1378,10.80903,0.2693,0.520248,1,1388.454143,scenario_002,medium
6885,1378,1.631901,0.416229,0.794647,0,1382.298498,scenario_002,short
6886,1378,1.495195,0.444589,0.474036,2,1381.276999,scenario_002,short
6887,1378,17.41496,0.937736,0.651469,0,1436.187255,scenario_002,medium
6888,1378,61.682572,0.625367,0.779164,2,1504.960518,scenario_002,long
6889,1378,2.062442,0.19708,0.19715,1,1382.37476,scenario_002,short
6890,1378,1.674804,0.435626,0.686346,0,1381.498172,scenario_002,short
6891,1378,10.079655,0.247369,0.430868,0,1406.459012,scenario_002,medium
6892,1378,17.006594,0.178029,0.31397,0,1436.247426,scenario_002,medium
6893,1379,18.537862,0.618762,0.747485,2,1410.617055,scenario_002,medium
6894,1379,2.955613,0.273495,0.158264,0,1389.572071,scenario_002,short
6895,1379,1.541589,0.301052,0.40469,0,1387.353024,scenario_002,short
6896,1379,1.635159,0.728944,0.82522,0,1383.504128,scenario_002,short
6897,1379,1.913853,0.23771,0.248376,1,1381.205011,scenario_002,short
6898,1379,1.30099,0.373103,0.396518,0,1384.10813,scenario_002,short
6899,1379,1.376971,0.1807,0.228943,0,1384.347214,scenario_002,short
6900,1379,2.147699,0.324635,0.423878,1,1385.71911,scenario_002,short
6901,1380,1.428377,0.246188,0.20269,2,1382.17047,scenario_002,short
6902,1380,0.98557,0.409997,0.332759,0,1383.423934,scenario_002,short
6903,1380,10.221786,0.556399,0.599998,2,1397.65929,scenario_002,medium
6904,1380,1.017791,0.080004,0.419725,0,1384.150005,scenario_002,short
6905,1380,9.587974,0.421403,0.742688,1,1400.349175,scenario_002,medium
6906,1380,5.962431,0.618466,0.40677,1,1394.367107,scenario_002,medium
6907,1380,2.249866,0.325837,0.431263,0,1385.591043,scenario_002,short
6908,1380,16.122053,0.765137,0.749323,0,1430.493223,scenario_002,long
6909,1380,15.417812,0.631853,0.589103,2,1400.457791,scenario_002,medium
6910,1380,10.505879,0.137026,0.219096,1,1413.701734,scenario_002,medium
6911,1380,2.072024,0.319161,0.522204,0,1384.819656,scenario_002,short
6912,1380,6.12761,0.824551,0.764081,1,1399.142209,scenario_002,medium
6913,1381,9.101671,0.35992,0.458036,0,1400.201504,scenario_002,medium
6914,1381,45.654815,0.699977,0.798968,2,1449.654129,scenario_002,long
6915,1381,7.26377,0.12294,0.238093,0,1415.802303,scenario_002,medium
6916,1381,20.535117,0.67366,0.863386,0,1456.527464,scenario_002,long
6917,1381,1.822377,0.249729,0.632777,1,1385.748604,scenario_002,short
6918,1381,10.540281,0.393426,0.6041,0,1435.075097,scenario_002,medium
6919,1381,13.152571,0.706909,0.860464,2,1400.583379,scenario_002,medium
6920,1381,4.373418,0.609995,0.911189,0,1405.39451,scenario_002,medium
6921,1382,8.061386,0.221755,0.58146,0,1421.512917,scenario_002,medium
6922,1382,7.870165,0.144363,0.429073,0,1407.850209,scenario_002,medium
6923,1382,2.593072,0.087329,0.218012,2,1386.732762,scenario_002,short
6924,1382,11.18786,0.331771,0.315304,0,1438.282506,scenario_002,medium
6925,1382,1.690915,0.325796,0.302169,1,1386.986499,scenario_002,short
6926,1382,6.280146,0.244128,0.415746,0,1411.760781,scenario_002,medium
6927,1383,1.827601,0.341835,0.727107,2,1385.173016,scenario_002,short
6928,1383,23.405248,0.65558,0.753384,1,1434.475382,scenario_002,long
6929,1383,15.728932,0.417538,0.504934,1,1432.727606,scenario_002,medium
6930,1383,8.283024,0.43937,0.45703,0,1428.963368,scenario_002,medium
6931,1383,8.820576,0.366902,0.371725,0,1406.744139,scenario_002,medium
6932,1383,69.63418,0.757625,0.799617,0,1612.929958,scenario_002,long
6933,1383,17.377476,0.184957,0.654122,0,1446.349407,scenario_002,medium
6934,1383,8.488605,0.604793,1.0,0,1400.555956,scenario_002,medium
6935,1383,2.566782,0.228531,0.260059,0,1389.912251,scenario_002,short
6936,1383,1.952627,0.339049,0.492056,0,1388.021675,scenario_002,short
6937,1383,11.609058,0.179575,0.613462,1,1412.323234,scenario_002,medium
6938,1383,7.402792,0.467264,0.537348,0,1400.494959,scenario_002,medium
6939,1383,28.139359,1.0,1.0,1,1425.349338,scenario_002,long
6940,1383,13.30642,0.572196,0.632306,1,1406.100032,scenario_002,medium
6941,1383,8.16808,0.522689,0.340072,1,1396.111602,scenario_002,medium
6942,1383,1.682154,0.091722,0.193645,0,1385.927363,scenario_002,short
6943,1383,4.245205,0.960274,0.723298,0,1398.38332,scenario_002,medium
6944,1383,1.994343,0.162398,0.102239,0,1393.173388,scenario_002,short
6945,1383,18.094471,0.658713,1.0,0,1449.823737,scenario_002,long
6946,1383,8.842796,0.543592,0.929815,0,1414.174289,scenario_002,medium
6947,1384,14.679175,0.260987,0.274507,0,1423.332299,scenario_002,medium
6948,1384,107.745744,0.861089,0.575429,1,1673.773671,scenario_002,long
6949,1384,1.261474,0.620457,0.587818,1,1385.825405,scenario_002,short
6950,1384,1.522961,0.404923,0.556246,2,1387.187653,scenario_002,short
6951,1384,1.636996,0.328457,0.418917,0,1392.853414,scenario_002,short
6952,1385,1.528671,0.440233,0.433603,1,1389.056384,scenario_002,short
6953,1385,2.173325,0.157963,0.178374,0,1393.62212,scenario_002,short
6954,1385,1.130625,0.27012,0.434998,1,1386.860018,scenario_002,short
6955,1385,2.374286,0.723824,0.436426,2,1386.510989,scenario_002,short
6956,1385,9.251201,0.177087,0.505608,1,1399.649233,scenario_002,medium
6957,1386,19.644807,0.270519,0.286687,0,1462.5599,scenario_002,medium
6958,1386,23.983674,0.375147,0.558643,2,1429.109253,scenario_002,long
6959,1386,1.223761,0.271129,0.459466,0,1391.204499,scenario_002,short
6960,1386,1.582176,0.173268,0.242931,0,1393.887463,scenario_002,short
6961,1386,5.95621,0.668336,0.411825,2,1394.670559,scenario_002,medium
6962,1386,9.204645,0.575093,0.46668,0,1401.927822,scenario_002,medium
6963,1387,26.623966,0.427569,0.426666,2,1420.224546,scenario_002,long
6964,1387,12.534823,0.526903,0.611618,0,1419.962022,scenario_002,medium
6965,1387,1.402504,0.677298,0.999167,1,1389.437922,scenario_002,short
6966,1387,8.605228,0.676611,0.615031,0,1419.899983,scenario_002,long
6967,1387,2.133728,0.288299,0.436781,0,1390.768249,scenario_002,short
6968,1387,1.605976,0.358832,0.406047,0,1393.39483,scenario_002,short
6969,1387,1.822506,0.053139,0.073673,0,1394.570728,scenario_002,short
6970,1388,20.437454,0.389566,0.519401,2,1422.702538,scenario_002,long
6971,1388,7.462839,0.774477,0.683839,0,1399.696142,scenario_002,medium
6972,1388,7.607678,0.50491,0.810814,1,1410.109565,scenario_002,medium
6973,1388,1.441289,0.301732,0.281152,0,1394.384345,scenario_002,short
6974,1388,64.350671,0.440997,0.362519,0,1523.947852,scenario_002,long
6975,1388,7.327787,0.582583,0.553923,0,1400.295377,scenario_002,medium
6976,1388,2.572674,0.584504,0.581092,2,1392.15932,scenario_002,short
6977,1388,6.858567,0.565586,0.641484,1,1396.651336,scenario_002,medium
6978,1388,12.158108,0.675593,0.510279,0,1446.64963,scenario_002,medium
6979,1388,1.98162,0.274398,0.352432,1,1393.865687,scenario_002,short
6980,1388,1.156123,0.063267,0.317601,0,1392.175986,scenario_002,short
6981,1388,1.392405,0.36899,0.337504,1,1392.059054,scenario_002,short
6982,1389,8.985343,0.588058,0.636011,1,1399.218193,scenario_002,medium
6983,1389,1.256519,0.27783,0.414718,0,1393.077022,scenario_002,short
6984,1389,5.497557,0.447697,0.396349,0,1408.972437,scenario_002,medium
6985,1389,5.875193,0.428848,0.343693,0,1403.334049,scenario_002,medium
6986,1389,1.175253,0.538974,0.364316,2,1390.897391,scenario_002,short
6987,1389,9.159504,0.172026,0.304576,1,1417.422003,scenario_002,medium
6988,1389,2.53074,0.160452,0.583947,1,1394.962024,scenario_002,short
6989,1389,10.924414,0.598145,0.821942,0,1419.554393,scenario_002,medium
6990,1389,1.746281,0.404721,0.299724,1,1393.999231,scenario_002,short
6991,1389,2.419817,0.091688,0.239123,0,1400.912634,scenario_002,short
6992,1389,8.13803,0.691801,0.799422,2,1401.128083,scenario_002,medium
6993,1389,6.993964,0.374718,0.674951,0,1411.882219,scenario_002,medium
6994,1390,1.900409,0.2482,0.725132,1,1396.122659,scenario_002,short
6995,1390,0.994558,0.303216,0.463731,2,1391.328989,scenario_002,short
6996,1390,5.453513,0.6769,0.48656,2,1398.2483,scenario_002,medium
6997,1390,1.413323,0.238843,0.481642,0,1393.484617,scenario_002,short
6998,1390,9.1594,0.128802,0.590071,0,1416.545666,scenario_002,medium
6999,1390,2.63627,0.247389,0.259489,0,1404.818272,scenario_002,short
7000,1390,1.677624,0.233505,0.473066,0,1397.734865,scenario_002,short
7001,1390,13.277123,0.318182,0.333642,0,1450.993875,scenario_002,medium
7002,1390,6.295458,0.661835,0.735474,1,1399.07099,scenario_002,medium
7003,1390,12.440452,0.465719,0.691335,0,1451.829907,scenario_002,medium
7004,1390,4.546277,0.252369,0.564696,0,1400.67936,scenario_002,long
7005,1390,11.63967,0.275429,0.174087,0,1432.218316,scenario_002,medium
7006,1390,18.144437,0.895446,0.94308,1,1416.413448,scenario_002,long
7007,1390,16.515097,0.961631,0.832187,2,1423.17714,scenario_002,long
7008,1390,1.677969,0.206621,0.224735,0,1398.570819,scenario_002,short
7009,1390,6.163743,0.639541,0.74636,0,1423.027947,scenario_002,medium
7010,1390,2.224371,0.19692,0.283912,2,1394.501826,scenario_002,short
7011,1390,10.162739,0.148472,0.405182,1,1414.204377,scenario_002,medium
7012,1390,1.715799,0.674792,0.585018,0,1396.082814,scenario_002,short
7013,1390,2.092285,0.417879,0.380306,0,1394.316613,scenario_002,short
7014,1390,1.524358,0.738639,0.523706,0,1397.685911,scenario_002,short
7015,1390,2.442601,0.592549,1.0,0,1395.59822,scenario_002,short
7016,1390,2.91856,0.204701,0.788224,0,1403.563667,scenario_002,short
7017,1390,4.282554,0.21581,0.189908,0,1399.007006,scenario_002,medium
7018,1390,9.610032,0.358114,0.383505,0,1423.436891,scenario_002,medium
7019,1390,2.58622,0.05288,0.540246,0,1398.091809,scenario_002,short
7020,1390,12.631794,0.457441,0.442673,0,1417.206393,scenario_002,medium
7021,1390,1.631702,0.681134,0.745552,1,1393.33904,scenario_002,short
7022,1390,12.854293,0.513834,0.491574,0,1422.075522,scenario_002,medium
7023,1390,1.06592,0.089649,0.312166,0,1392.476451,scenario_002,short
7024,1390,2.341695,0.484578,0.920508,1,1395.514755,scenario_002,short
7025,1390,45.382055,0.339008,0.550268,2,1421.645481,scenario_002,long
7026,1390,1.926039,0.161843,0.291787,0,1394.809698,scenario_002,short
7027,1390,1.045446,0.734315,0.583524,1,1392.334027,scenario_002,short
7028,1390,3.593653,0.208149,0.475325,0,1403.974793,scenario_002,short
7029,1390,13.181217,0.281591,0.515397,0,1451.925503,scenario_002,medium
7030,1390,9.64508,0.457687,0.432228,0,1441.932273,scenario_002,medium
7031,1390,2.563239,0.329725,0.407619,0,1393.974457,scenario_002,short
7032,1390,1.23507,0.199657,0.824054,0,1394.263546,scenario_002,short
7033,1390,7.646849,0.488816,0.8334,0,1414.26306,scenario_002,medium
7034,1390,4.732358,0.946821,0.779159,0,1409.456296,scenario_002,medium
7035,1390,2.350117,0.287241,0.452812,2,1393.797418,scenario_002,short
7036,1390,1.654795,0.702399,0.480539,2,1393.624454,scenario_002,short
7037,1390,1.326893,0.100447,0.473693,0,1394.072307,scenario_002,short
7038,1390,1.596354,0.575318,0.488781,0,1395.127801,scenario_002,short
7039,1390,1.976283,0.646027,0.8871,0,1393.175344,scenario_002,short
7040,1390,2.286456,0.621744,0.697352,0,1399.954202,scenario_002,short
7041,1390,1.365626,0.278866,0.441934,0,1397.572755,scenario_002,short
7042,1390,1.72705,0.086152,0.209228,0,1393.113982,scenario_002,short
7043,1390,47.268807,0.740539,0.662422,0,1584.561371,scenario_002,long
7044,1390,49.489136,0.878046,0.77925,0,1634.380719,scenario_002,long
7045,1390,0.971705,0.389596,0.464759,0,1392.197223,scenario_002,short
7046,1390,8.785991,0.427611,0.417543,1,1398.04576,scenario_002,medium
7047,1390,7.480266,0.508828,1.0,0,1404.039162,scenario_002,medium
7048,1390,1.815093,0.752093,0.885329,0,1394.028661,scenario_002,short
7049,1391,1.473017,0.367997,0.67677,1,1395.463008,scenario_002,short
7050,1391,8.809618,0.325659,0.443799,0,1421.59794,scenario_002,medium
7051,1391,2.590736,0.165098,0.230933,1,1394.691723,scenario_002,short
7052,1391,1.887376,0.196448,0.394047,0,1396.269512,scenario_002,short
7053,1391,36.707756,0.33452,0.518468,0,1454.189695,scenario_002,long
7054,1391,2.280862,0.061288,0.276499,1,1393.04429,scenario_002,short
7055,1391,11.498984,0.971703,0.805369,1,1422.729931,scenario_002,long
7056,1391,15.664569,0.665211,0.640945,0,1416.617984,scenario_002,medium
7057,1391,5.644501,0.538638,0.664322,0,1415.344291,scenario_002,medium
7058,1391,40.738989,0.962051,0.713668,0,1544.094169,scenario_002,long
7059,1391,27.802241,0.693786,0.716367,0,1537.111215,scenario_002,long
7060,1391,7.901589,0.162048,0.074568,0,1432.409938,scenario_002,medium
7061,1391,8.918466,0.256923,0.674401,0,1417.51956,scenario_002,medium
7062,1391,6.690717,0.257171,0.383309,0,1422.882486,scenario_002,medium
7063,1391,2.055259,0.22901,0.761717,0,1394.630162,scenario_002,short
7064,1391,121.778013,0.26754,0.344344,0,1667.549295,scenario_002,long
7065,1391,7.592143,0.845567,0.774445,1,1398.809219,scenario_002,medium
7066,1392,10.715681,0.179211,0.257099,0,1430.222828,scenario_002,medium
7067,1392,2.06295,0.539947,0.381831,1,1398.317298,scenario_002,short
7068,1392,11.524861,0.546974,0.575927,2,1409.213069,scenario_002,medium
7069,1392,11.403065,0.558809,0.974446,1,1409.899163,scenario_002,medium
7070,1392,1.029286,0.35977,0.363614,1,1393.521643,scenario_002,short
7071,1392,8.005844,0.549856,0.645142,0,1413.360821,scenario_002,medium
7072,1392,7.118825,0.726504,0.612919,0,1426.215591,scenario_002,medium
7073,1392,1.554441,0.312021,0.460724,0,1395.021249,scenario_002,short
7074,1392,1.524941,0.541076,0.514288,0,1396.45433,scenario_002,short
7075,1392,1.269989,0.397392,0.491588,1,1394.758473,scenario_002,short
7076,1392,6.664711,0.403963,0.761646,0,1407.554542,scenario_002,medium
7077,1392,1.737365,0.178622,0.192483,0,1395.070762,scenario_002,short
7078,1392,2.117062,0.301718,0.680308,0,1403.079013,scenario_002,short
7079,1392,86.592736,0.434999,0.473782,0,1773.66375,scenario_002,long
7080,1392,2.598627,0.14229,0.315953,1,1399.785927,scenario_002,short
7081,1392,2.520161,0.246548,0.304888,0,1403.677669,scenario_002,short
7082,1392,1.444863,0.511218,0.485953,0,1394.6968,scenario_002,short
7083,1392,1.666294,0.369932,0.614238,0,1396.800461,scenario_002,short
7084,1392,6.879849,0.272428,0.711782,0,1425.894971,scenario_002,medium
7085,1393,2.341497,0.088957,0.387576,0,1399.243195,scenario_002,short
7086,1393,1.88419,0.401793,0.626817,0,1400.744632,scenario_002,short
7087,1393,3.113906,0.460998,0.451902,0,1408.674258,scenario_002,medium
7088,1393,1.678794,0.588915,0.674209,0,1401.762959,scenario_002,short
7089,1393,11.485674,0.253124,0.574212,0,1451.625943,scenario_002,medium
7090,1393,1.336141,0.178863,0.741717,1,1394.199621,scenario_002,short
7091,1393,9.65124,0.655911,0.670562,0,1431.775618,scenario_002,medium
7092,1393,6.706738,0.192787,0.13372,0,1425.482601,scenario_002,medium
7093,1393,12.274216,0.655218,0.668742,0,1426.511314,scenario_002,medium
7094,1393,1.981191,0.551678,0.640477,2,1395.48987,scenario_002,short
7095,1393,11.931538,0.529012,1.0,0,1451.308906,scenario_002,medium
7096,1393,2.125915,0.815547,0.710469,0,1402.293386,scenario_002,short
7097,1393,12.57815,0.523175,0.629687,0,1432.318411,scenario_002,medium
7098,1393,1.886945,0.246419,0.329686,0,1401.762858,scenario_002,short
7099,1393,14.608048,0.413058,0.593765,1,1435.787168,scenario_002,medium
7100,1394,12.295985,0.411414,0.713606,0,1425.129321,scenario_002,medium
7101,1394,17.024155,0.631842,0.725894,1,1424.546352,scenario_002,medium
7102,1394,1.377667,0.44443,0.773664,2,1396.621482,scenario_002,short
7103,1394,6.776624,0.585724,0.866638,0,1417.117544,scenario_002,medium
7104,1394,14.888527,0.925761,1.0,0,1468.589431,scenario_002,medium
7105,1394,2.120307,0.32741,0.325243,2,1398.258032,scenario_002,short
7106,1394,2.094423,0.241458,0.315451,2,1398.681861,scenario_002,short
7107,1394,1.531284,0.382642,0.591735,2,1395.177339,scenario_002,short
7108,1394,12.120753,0.205008,0.240326,0,1442.809852,scenario_002,medium
7109,1394,8.701862,0.62374,0.828992,2,1410.987639,scenario_002,medium
7110,1394,2.116001,0.378616,0.640562,1,1397.525587,scenario_002,short
7111,1394,11.349416,0.435307,0.514768,0,1428.247709,scenario_002,medium
7112,1394,7.848494,0.340862,0.489804,0,1429.227056,scenario_002,medium
7113,1394,6.352312,0.216858,0.768081,0,1412.737679,scenario_002,medium
7114,1394,1.976513,0.578431,0.687366,2,1396.789093,scenario_002,short
7115,1394,1.657511,0.302158,0.386367,0,1397.139558,scenario_002,short
7116,1394,5.041464,0.797491,0.590447,2,1404.953792,scenario_002,medium
7117,1394,2.199347,0.121171,0.287199,0,1401.548437,scenario_002,short
7118,1394,11.213643,0.511476,0.34707,0,1449.049457,scenario_002,long
7119,1394,1.300987,0.075897,0.187885,2,1396.685487,scenario_002,short
7120,1394,1.566827,0.657662,0.655124,0,1399.615007,scenario_002,short
7121,1394,2.482767,0.279364,0.332923,2,1398.859884,scenario_002,short
7122,1394,64.408314,1.0,0.901713,1,1524.463982,scenario_002,long
7123,1394,12.485547,0.434528,0.419574,0,1427.892949,scenario_002,medium
7124,1395,38.28162,1.0,0.711393,0,1505.621329,scenario_002,long
7125,1395,2.003808,0.376069,0.324594,0,1398.449669,scenario_002,short
7126,1395,107.271353,0.593179,0.705122,1,1699.146643,scenario_002,long
7127,1395,2.08319,0.33433,0.187485,0,1400.339626,scenario_002,short
7128,1395,128.25823,0.827282,0.599907,0,2080.154803,scenario_002,long
7129,1395,6.398239,0.644534,1.0,0,1428.856342,scenario_002,medium
7130,1395,1.930605,0.075349,0.247787,0,1398.819562,scenario_002,short
7131,1395,11.579253,0.799307,1.0,2,1416.63145,scenario_002,medium
7132,1395,2.235524,0.197867,0.1108,0,1401.358917,scenario_002,short
7133,1395,2.35405,0.154379,0.241279,0,1403.253234,scenario_002,short
7134,1395,1.140533,0.176469,0.467116,0,1400.908624,scenario_002,short
7135,1395,7.715998,0.537318,0.620679,0,1431.839886,scenario_002,medium
7136,1395,1.605161,0.65426,0.799887,2,1396.558577,scenario_002,short
7137,1395,10.928401,1.0,0.707736,0,1416.250135,scenario_002,medium
7138,1395,1.637466,0.351387,0.474929,0,1403.36084,scenario_002,short
7139,1396,1.933852,0.410596,0.272171,2,1399.574672,scenario_002,short
7140,1396,2.152859,0.446165,0.462465,1,1401.3074,scenario_002,short
7141,1396,2.251297,0.325242,0.659786,0,1402.387293,scenario_002,short
7142,1396,2.142536,0.653068,0.677694,0,1402.021774,scenario_002,short
7143,1396,1.920914,0.34691,0.47814,0,1406.367575,scenario_002,short
7144,1396,8.046864,0.856549,0.554924,2,1402.944618,scenario_002,long
7145,1396,9.055728,0.650175,0.713057,0,1422.152142,scenario_002,medium
7146,1396,1.629196,0.657055,0.543801,0,1404.363693,scenario_002,short
7147,1396,94.452461,0.620631,0.57688,0,1565.655339,scenario_002,long
7148,1396,10.449414,0.692788,0.740102,0,1428.423387,scenario_002,medium
7149,1396,1.845395,0.12588,0.233264,0,1403.518725,scenario_002,short
7150,1396,2.111951,0.098166,0.448169,2,1398.658044,scenario_002,short
7151,1396,13.844188,0.941758,0.868896,0,1433.45996,scenario_002,medium
7152,1396,2.681751,0.216481,0.366694,0,1404.030709,scenario_002,short
7153,1396,2.559775,0.621733,0.612198,2,1399.245139,scenario_002,short
7154,1396,9.85367,0.293652,0.119555,0,1417.665789,scenario_002,medium
7155,1396,7.111475,0.469112,0.402437,1,1410.226691,scenario_002,medium
7156,1396,44.537763,0.276235,0.613005,0,1620.294097,scenario_002,long
7157,1396,8.372056,0.920826,0.656966,2,1410.242935,scenario_002,medium
7158,1396,99.723431,0.250914,0.320953,1,1703.492999,scenario_002,long
7159,1396,54.661934,0.791826,0.578407,0,1673.597634,scenario_002,long
7160,1396,1.958972,0.683909,0.935493,0,1400.28684,scenario_002,short
7161,1396,6.196553,0.618893,0.58665,2,1406.986956,scenario_002,medium
7162,1397,6.275958,0.247536,0.509324,2,1405.25906,scenario_002,medium
7163,1397,16.515745,0.958598,0.934948,1,1422.857015,scenario_002,medium
7164,1397,1.753627,0.309776,0.373371,1,1401.580081,scenario_002,short
7165,1397,1.796587,0.37097,0.477876,0,1402.840709,scenario_002,short
7166,1397,1.516261,0.34057,0.51611,0,1404.331351,scenario_002,short
7167,1397,2.223253,0.25149,0.719744,0,1403.322692,scenario_002,short
7168,1397,44.256851,0.6857,0.863669,0,1635.612349,scenario_002,long
7169,1397,3.451438,0.658729,0.952844,0,1409.477898,scenario_002,medium
7170,1397,7.487202,0.503693,0.444789,1,1419.874587,scenario_002,medium
7171,1397,20.46529,0.555783,0.707074,0,1491.719542,scenario_002,long
7172,1398,5.091833,0.463806,0.309394,2,1404.813852,scenario_002,medium
7173,1398,63.459622,0.580313,0.720406,2,1506.277292,scenario_002,long
7174,1398,1.872036,0.710671,0.542815,0,1406.115795,scenario_002,short
7175,1398,2.594175,0.094951,0.238864,1,1401.943968,scenario_002,short
7176,1398,12.422879,0.703591,0.738873,0,1440.341351,scenario_002,medium
7177,1398,0.862499,0.179702,0.530219,0,1401.058745,scenario_002,short
7178,1398,21.781623,0.908086,0.731584,2,1412.877217,scenario_002,long
7179,1398,2.131362,0.697304,0.778745,0,1409.12214,scenario_002,short
7180,1398,8.583171,0.454652,0.451045,0,1437.380312,scenario_002,medium
7181,1398,8.61011,0.547241,0.602844,0,1426.145165,scenario_002,medium
7182,1398,1.869819,0.380225,0.421772,1,1402.056733,scenario_002,short
7183,1398,12.152587,0.667057,0.900062,1,1425.420629,scenario_002,medium
7184,1398,19.100754,0.303485,0.295851,0,1473.844594,scenario_002,medium
7185,1398,2.12022,0.073629,0.335006,0,1403.600732,scenario_002,short
7186,1398,2.169296,0.29768,0.163666,1,1403.643479,scenario_002,short
7187,1398,8.680253,0.376841,0.264502,0,1444.806369,scenario_002,medium
7188,1398,2.143918,0.376458,0.347021,0,1408.474939,scenario_002,short
7189,1398,1.36832,0.395776,0.5283,0,1402.017691,scenario_002,short
7190,1398,2.354024,0.185384,0.694266,0,1408.666662,scenario_002,short
7191,1398,10.395724,0.523693,0.801593,0,1419.956987,scenario_002,medium
7192,1398,6.17744,1.0,1.0,1,1408.47031,scenario_002,long
7193,1398,8.690185,0.673602,1.0,1,1410.473395,scenario_002,medium
7194,1398,1.659944,0.39408,0.29875,0,1406.61385,scenario_002,short
7195,1398,2.093611,0.212413,0.093257,0,1404.327911,scenario_002,short
7196,1398,1.546965,0.061707,0.442495,1,1402.76136,scenario_002,short
7197,1398,10.932379,0.641147,0.919112,1,1430.310268,scenario_002,medium
7198,1399,7.684414,0.404957,0.499687,0,1417.892159,scenario_002,medium
7199,1399,1.469545,0.264058,0.247756,1,1401.934592,scenario_002,short
7200,1399,9.188337,0.881963,0.855886,0,1420.413705,scenario_002,medium
7201,1399,6.852084,0.95953,0.824235,0,1412.773665,scenario_002,medium
7202,1399,10.395988,0.659923,0.626079,2,1413.672384,scenario_002,medium
7203,1399,1.263275,0.369902,0.604693,0,1404.397803,scenario_002,short
7204,1399,1.869397,0.369454,0.40554,1,1402.653536,scenario_002,short
7205,1399,28.575783,0.663345,0.498544,0,1470.519046,scenario_002,long
7206,1399,33.755091,0.374165,0.287588,0,1552.568604,scenario_002,long
7207,1399,2.143092,0.328823,0.607805,2,1402.756251,scenario_002,short
7208,1399,1.803123,0.614767,0.620821,0,1401.855547,scenario_002,short
7209,1399,1.554718,0.248526,0.539877,0,1403.535417,scenario_002,short
7210,1399,1.24288,0.290241,0.583294,0,1404.783235,scenario_002,short
7211,1399,7.264579,0.446121,0.574475,1,1418.496979,scenario_002,medium
7212,1399,1.523021,0.352523,0.363242,2,1400.723028,scenario_002,short
7213,1399,1.462613,0.739902,1.0,1,1400.807725,scenario_002,short
7214,1399,8.644294,0.414218,0.389662,1,1412.200091,scenario_002,medium
7215,1399,2.030068,0.305051,0.343583,0,1403.224654,scenario_002,short
7216,1399,1.963932,0.214563,0.776451,0,1408.366665,scenario_002,short
7217,1399,13.002635,0.973855,0.772391,0,1442.642479,scenario_002,long
7218,1399,2.489449,0.368243,0.810459,2,1400.769729,scenario_002,short
7219,1399,1.464812,0.202678,0.308273,0,1403.550076,scenario_002,short
7220,1399,2.278498,0.137604,0.775557,1,1405.896647,scenario_002,short
7221,1399,15.451371,0.877265,0.806566,0,1472.216338,scenario_002,medium
7222,1399,1.581012,0.623976,0.573839,0,1402.619147,scenario_002,short
7223,1400,15.634484,0.311007,0.559674,0,1480.583171,scenario_002,long
7224,1400,0.953488,0.398802,0.624747,0,1403.056308,scenario_002,short
7225,1400,11.851642,0.876128,0.762876,1,1432.558453,scenario_002,medium
7226,1400,1.991023,0.229803,0.334994,1,1402.657111,scenario_002,short
7227,1400,12.984746,0.570501,0.435578,2,1427.61092,scenario_002,long
7228,1400,118.425027,0.306132,0.343635,0,1792.31059,scenario_002,long
7229,1400,8.974517,0.604024,0.676325,1,1420.451997,scenario_002,medium
7230,1400,2.363121,0.409797,0.428519,1,1404.04851,scenario_002,short
7231,1400,2.631704,0.199853,0.245612,2,1403.422079,scenario_002,short
7232,1400,8.659383,0.130811,0.202607,2,1408.526482,scenario_002,medium
7233,1400,0.921857,0.243017,0.540628,2,1401.544687,scenario_002,short
7234,1400,8.494326,0.475215,0.647331,2,1407.882591,scenario_002,medium
7235,1400,3.781693,0.608222,0.622912,0,1420.557995,scenario_002,medium
7236,1400,1.87136,0.329832,0.537982,1,1404.982996,scenario_002,short
7237,1400,1.087064,0.418728,0.32556,0,1403.995915,scenario_002,short
7238,1400,6.326976,0.684061,0.800078,0,1412.544761,scenario_002,long
7239,1400,3.333341,0.138242,0.362766,0,1408.555337,scenario_002,medium
7240,1400,2.298891,0.373491,0.414336,0,1411.030234,scenario_002,short
7241,1400,1.639147,0.086473,0.326986,0,1402.878675,scenario_002,short
7242,1400,1.700283,0.369272,0.374816,0,1404.944691,scenario_002,short
7243,1400,10.457837,0.323581,0.452417,1,1421.138842,scenario_002,medium
7244,1400,3.117369,0.063178,0.348586,0,1416.151141,scenario_002,short
7245,1400,1.472287,0.245512,0.662637,2,1401.933206,scenario_002,short
7246,1400,40.806913,0.701218,0.645585,0,1553.324431,scenario_002,long
7247,1400,6.213786,0.509822,0.598867,2,1404.738258,scenario_002,medium
7248,1400,9.693656,0.790421,0.787532,1,1417.157639,scenario_002,medium
7249,1400,9.731369,0.302993,0.301326,0,1433.422167,scenario_002,medium
7250,1401,1.89874,0.358093,0.362494,1,1406.506612,scenario_002,short
7251,1401,11.757714,0.528785,0.637881,0,1436.29362,scenario_002,medium
7252,1401,0.920034,0.518364,0.86033,1,1402.280584,scenario_002,short
7253,1401,1.022482,0.212791,0.462754,0,1405.259625,scenario_002,short
7254,1401,13.518715,0.254641,0.433765,0,1447.779494,scenario_002,long
7255,1401,1.746228,0.190052,0.134559,0,1408.916801,scenario_002,short
7256,1401,1.251466,0.492404,0.372546,0,1404.720192,scenario_002,short
7257,1401,8.200396,0.693831,0.497789,0,1414.300979,scenario_002,medium
7258,1401,1.19823,0.421033,0.614577,0,1407.372187,scenario_002,short
7259,1401,2.951359,0.76753,0.562976,0,1408.48629,scenario_002,short
7260,1401,2.726245,0.294757,0.206857,0,1405.333224,scenario_002,short
7261,1401,13.842756,0.254842,0.442602,2,1419.85396,scenario_002,medium
7262,1401,11.223161,0.271626,0.401149,1,1437.253704,scenario_002,medium
7263,1401,1.540083,0.170774,0.348855,2,1402.0,scenario_002,short
7264,1401,11.347509,0.572143,0.364631,0,1447.10011,scenario_002,medium
7265,1401,24.069636,0.846701,0.715646,1,1463.400677,scenario_002,long
7266,1401,1.462987,0.663566,1.0,0,1408.21865,scenario_002,short
7267,1401,1.938651,0.245147,0.235211,0,1409.92592,scenario_002,short
7268,1401,2.979054,0.20385,0.319455,2,1405.574815,scenario_002,short
7269,1401,10.360731,0.611262,0.577944,0,1417.807357,scenario_002,medium
7270,1401,1.203465,0.737031,0.846745,0,1407.558198,scenario_002,short
7271,1401,1.951008,0.362516,0.319063,0,1407.646464,scenario_002,short
7272,1401,12.184451,0.687706,0.582258,0,1445.957923,scenario_002,medium
7273,1401,11.436554,0.280127,0.608832,0,1461.437391,scenario_002,medium
7274,1401,10.301299,0.266385,0.465432,1,1425.213908,scenario_002,medium
7275,1401,4.187569,0.359841,0.523667,2,1409.056583,scenario_002,medium
7276,1401,15.06483,0.430078,0.542647,1,1440.150892,scenario_002,medium
7277,1401,2.030103,0.398258,0.97387,1,1406.010237,scenario_002,short
7278,1402,1.465697,0.619999,0.706828,0,1404.754105,scenario_002,short
7279,1402,1.034646,0.175282,0.413972,0,1404.428675,scenario_002,short
7280,1402,12.30967,0.981601,1.0,0,1439.329666,scenario_002,medium
7281,1402,118.832318,0.263515,0.26259,2,1540.259422,scenario_002,long
7282,1402,7.631994,0.682817,0.609235,0,1436.661173,scenario_002,medium
7283,1402,1.974503,0.425213,0.476395,1,1405.731214,scenario_002,short
7284,1402,11.155112,0.123995,0.114379,0,1432.919535,scenario_002,medium
7285,1402,84.872891,0.592309,1.0,1,1625.848393,scenario_002,long
7286,1402,7.374447,0.503106,0.266535,0,1440.497548,scenario_002,medium
7287,1402,51.95134,0.731508,1.0,0,1503.85156,scenario_002,long
7288,1402,6.750566,0.385439,0.314272,2,1413.988643,scenario_002,medium
7289,1402,1.239274,0.21908,0.110155,1,1404.368223,scenario_002,short
7290,1402,32.10567,0.462901,0.429117,0,1496.673926,scenario_002,long
7291,1402,6.062746,0.312559,0.392679,0,1420.015432,scenario_002,medium
7292,1402,31.109541,0.678822,0.397871,2,1429.004191,scenario_002,long
7293,1402,2.085394,0.288399,0.360319,0,1410.502921,scenario_002,short
7294,1402,6.289131,0.529738,0.651104,0,1413.197347,scenario_002,medium
7295,1402,9.836642,0.643877,1.0,0,1428.615048,scenario_002,medium
7296,1402,1.874866,0.280583,0.79934,0,1407.685937,scenario_002,short
7297,1402,8.433031,0.514826,0.376432,0,1437.220665,scenario_002,medium
7298,1402,6.455965,0.478797,0.870536,1,1413.090429,scenario_002,medium
7299,1402,1.390386,0.255483,0.63034,1,1405.744384,scenario_002,short
7300,1403,1.876423,0.094759,0.579468,0,1411.308783,scenario_002,short
7301,1403,7.099118,0.250139,0.350738,2,1418.064455,scenario_002,medium
7302,1403,6.986834,0.180345,0.296486,0,1422.996772,scenario_002,medium
7303,1403,1.848617,0.107114,0.154617,0,1406.618218,scenario_002,short
7304,1403,1.411017,0.213027,0.174662,0,1407.209399,scenario_002,short
7305,1403,1.539719,0.151501,0.558528,2,1405.642379,scenario_002,short
7306,1403,2.110793,0.513569,0.64117,0,1412.152312,scenario_002,short
7307,1403,6.926706,0.147715,0.304816,0,1414.292827,scenario_002,medium
7308,1403,1.240176,0.122682,0.404542,0,1407.084824,scenario_002,short
7309,1403,14.66334,0.243426,0.267277,1,1418.137591,scenario_002,medium
7310,1403,79.268179,0.620178,0.740001,1,1474.612063,scenario_002,long
7311,1403,1.323142,0.161701,0.622735,1,1404.943231,scenario_002,short
7312,1403,2.056279,0.099272,0.360041,2,1406.230002,scenario_002,short
7313,1403,9.361671,0.479795,0.704029,0,1432.769585,scenario_002,medium
7314,1403,26.695523,1.0,0.976469,0,1470.852539,scenario_002,long
7315,1403,23.515868,0.293152,0.577533,2,1419.827293,scenario_002,medium
7316,1403,9.747491,0.22884,0.246596,0,1449.351812,scenario_002,medium
7317,1403,1.871056,0.230751,0.619433,0,1410.941847,scenario_002,short
7318,1403,6.578052,0.303517,0.492095,0,1419.467441,scenario_002,medium
7319,1403,29.370964,0.395823,0.413221,0,1558.85821,scenario_002,long
7320,1403,12.455945,0.175869,0.512365,0,1464.030182,scenario_002,medium
7321,1403,1.686715,0.261103,0.895206,2,1405.580426,scenario_002,short
7322,1403,15.810218,0.387343,0.434925,0,1456.114847,scenario_002,medium
7323,1403,9.683658,0.512974,0.317992,0,1430.324778,scenario_002,medium
7324,1403,6.775364,0.180286,0.233834,0,1431.819887,scenario_002,medium
7325,1403,1.295366,0.146878,0.39826,0,1405.769805,scenario_002,short
7326,1403,1.691133,0.389113,0.415393,0,1407.871633,scenario_002,short
7327,1403,5.85043,0.601262,0.397103,2,1413.165664,scenario_002,medium
7328,1403,8.617019,0.211091,0.248855,2,1413.022842,scenario_002,medium
7329,1404,1.279122,0.385927,0.491327,0,1408.455909,scenario_002,short
7330,1404,33.85079,0.990072,0.9638,2,1424.46441,scenario_002,long
7331,1404,1.041485,0.101611,0.217251,0,1408.704336,scenario_002,short
7332,1404,1.681828,0.135877,0.41847,0,1410.15543,scenario_002,short
7333,1404,8.014151,0.696378,0.439503,0,1419.387484,scenario_002,medium
7334,1404,6.188844,0.346043,0.301355,0,1417.16272,scenario_002,medium
7335,1404,11.200028,0.686215,0.872968,2,1415.488155,scenario_002,medium
7336,1404,8.619613,0.646691,0.67078,1,1428.387288,scenario_002,medium
7337,1404,8.83899,0.412816,0.354565,0,1438.364606,scenario_002,medium
7338,1404,75.249255,0.286974,0.470692,0,1734.961591,scenario_002,long
7339,1404,1.848429,0.754788,0.895915,0,1410.450727,scenario_002,short
7340,1404,22.939541,0.604935,0.833386,0,1481.347381,scenario_002,long
7341,1404,11.344457,0.785088,0.744096,2,1424.430673,scenario_002,long
7342,1404,50.917463,0.816675,0.955772,0,1562.317869,scenario_002,long
7343,1404,1.670796,0.408041,0.345204,0,1411.231019,scenario_002,short
7344,1404,1.139975,0.426056,0.572013,0,1408.641244,scenario_002,short
7345,1404,10.514348,0.24605,0.409185,0,1451.946488,scenario_002,medium
7346,1404,8.133506,1.0,1.0,1,1424.981849,scenario_002,medium
7347,1404,5.908997,0.742109,0.563095,1,1414.782028,scenario_002,medium
7348,1404,13.701889,0.218752,0.407734,0,1453.32584,scenario_002,medium
7349,1404,6.883359,0.233619,0.20699,0,1424.865476,scenario_002,medium
7350,1404,4.806843,0.519723,0.577281,2,1408.876693,scenario_002,medium
7351,1404,1.910442,0.095392,0.099331,0,1408.120751,scenario_002,short
7352,1404,37.351512,0.814087,0.603229,0,1477.302274,scenario_002,long
7353,1404,10.604663,1.0,0.954585,1,1434.973169,scenario_002,medium
7354,1404,4.730641,0.59571,0.64578,0,1419.780884,scenario_002,medium
7355,1405,18.650983,0.562147,0.571435,0,1439.363583,scenario_002,medium
7356,1405,7.352619,0.265467,0.380429,1,1423.679618,scenario_002,medium
7357,1405,2.367547,0.759315,0.747547,0,1415.755053,scenario_002,short
7358,1405,5.808986,0.31623,0.461145,0,1415.02817,scenario_002,medium
7359,1405,8.714157,0.352183,0.423425,0,1423.009915,scenario_002,medium
7360,1405,1.284449,0.345583,0.297665,0,1410.191984,scenario_002,short
7361,1405,7.25169,0.921112,0.784586,0,1433.213463,scenario_002,medium
7362,1405,14.163943,0.303884,0.494128,0,1473.097656,scenario_002,medium
7363,1405,7.027932,0.50909,0.436552,0,1442.624516,scenario_002,medium
7364,1405,7.030715,0.365898,0.313459,0,1421.544996,scenario_002,medium
7365,1405,1.72067,0.73802,0.686872,0,1408.021436,scenario_002,short
7366,1405,6.831055,0.139414,0.20241,1,1417.131789,scenario_002,medium
7367,1405,11.542297,0.23073,0.341829,1,1420.005794,scenario_002,medium
7368,1405,8.090507,0.596478,0.716571,0,1442.937906,scenario_002,medium
7369,1405,5.750763,0.390548,0.797925,1,1412.998224,scenario_002,medium
7370,1405,1.576668,0.413632,0.595346,0,1407.871936,scenario_002,short
7371,1405,9.534717,0.163936,0.423112,2,1416.564912,scenario_002,medium
7372,1405,1.484077,0.088587,0.337331,0,1412.676669,scenario_002,short
7373,1405,1.75052,0.216066,0.371512,0,1412.831969,scenario_002,short
7374,1405,2.265951,0.086196,0.412654,0,1408.624645,scenario_002,short
7375,1405,1.136452,0.201606,0.113768,0,1410.103452,scenario_002,short
7376,1405,14.908877,0.375929,0.408214,1,1443.829257,scenario_002,medium
7377,1405,47.719902,0.490171,0.442575,2,1506.287101,scenario_002,long
7378,1405,6.446179,0.595805,1.0,0,1430.618181,scenario_002,medium
7379,1405,12.209032,0.511348,0.636387,1,1428.496063,scenario_002,medium
7380,1405,5.528388,0.434192,0.545858,0,1417.462706,scenario_002,medium
7381,1405,1.873144,0.401898,0.538612,2,1409.10251,scenario_002,short
7382,1405,2.04875,0.207167,0.582237,0,1408.618445,scenario_002,short
7383,1405,2.415359,0.381763,0.175784,0,1411.127678,scenario_002,short
7384,1405,22.706854,0.894632,0.994493,0,1526.624986,scenario_002,long
7385,1405,9.270918,0.270976,0.414675,2,1424.597912,scenario_002,medium
7386,1405,1.711202,0.446783,0.473786,1,1410.021992,scenario_002,short
7387,1405,5.127308,0.228733,0.197932,2,1411.12485,scenario_002,medium
7388,1405,5.577318,0.520104,0.609173,0,1431.384335,scenario_002,medium
7389,1405,1.805276,0.170726,0.399762,0,1414.991493,scenario_002,short
7390,1405,1.319779,0.450513,0.411119,0,1410.725353,scenario_002,short
7391,1405,27.367471,1.0,0.82108,0,1503.207706,scenario_002,long
7392,1405,2.099207,0.504199,0.665008,0,1408.909189,scenario_002,short
7393,1405,7.253681,1.0,0.713815,0,1430.746684,scenario_002,medium
7394,1406,7.634613,0.530709,0.311526,2,1418.724171,scenario_002,medium
7395,1406,30.197627,0.948567,1.0,0,1492.554166,scenario_002,long
7396,1406,1.859932,0.642982,0.700204,2,1408.886386,scenario_002,short
7397,1406,28.922372,0.318023,0.323122,2,1470.549278,scenario_002,long
7398,1406,2.239128,0.213943,0.594771,0,1410.564684,scenario_002,short
7399,1406,1.837894,0.367784,0.698304,0,1413.183884,scenario_002,short
7400,1406,5.608886,0.199077,0.271058,0,1423.583259,scenario_002,medium
7401,1406,6.014908,0.50004,0.556641,0,1439.96135,scenario_002,medium
7402,1406,1.677633,0.306912,0.235269,0,1415.069666,scenario_002,short
7403,1406,2.614903,0.404646,0.424036,0,1413.952121,scenario_002,short
7404,1406,10.105974,0.504167,0.341355,2,1416.361777,scenario_002,medium
7405,1406,22.426613,0.89278,0.933557,0,1508.360636,scenario_002,long
7406,1406,1.058955,0.168654,0.332801,2,1407.562525,scenario_002,short
7407,1406,1.603734,0.478563,0.515768,0,1414.60909,scenario_002,short
7408,1406,13.875827,0.711954,0.53091,0,1433.90877,scenario_002,medium
7409,1406,16.547484,0.681818,0.683846,0,1448.810126,scenario_002,medium
7410,1406,8.747226,0.31636,0.332395,1,1414.908561,scenario_002,medium
7411,1406,8.522088,0.812591,0.939377,0,1452.644132,scenario_002,medium
7412,1406,8.182167,0.257737,0.427274,1,1418.614237,scenario_002,medium
7413,1406,2.043382,0.198518,0.545715,2,1407.427394,scenario_002,short
7414,1406,9.691714,0.622298,0.399252,2,1418.876346,scenario_002,medium
7415,1406,1.574652,0.14897,0.494758,0,1413.91813,scenario_002,short
7416,1406,1.417518,0.264126,0.537137,0,1410.518803,scenario_002,short
7417,1406,1.51554,0.190919,0.478027,0,1410.600687,scenario_002,short
7418,1407,1.59845,0.123474,0.190063,1,1412.163458,scenario_002,short
7419,1407,1.568949,0.72556,0.654694,1,1410.013392,scenario_002,short
7420,1407,0.769858,0.489511,0.888016,0,1409.436038,scenario_002,short
7421,1407,1.852412,0.500769,0.727383,1,1410.661225,scenario_002,short
7422,1407,12.916295,0.17917,0.454797,2,1421.446385,scenario_002,medium
7423,1407,2.384947,0.135222,0.082264,0,1411.255397,scenario_002,short
7424,1407,1.239024,0.161415,0.12878,0,1412.196281,scenario_002,short
7425,1407,31.958849,0.588539,0.585364,0,1550.611146,scenario_002,long
7426,1407,8.826094,0.944841,0.793556,1,1423.073198,scenario_002,medium
7427,1407,1.620592,0.25092,0.542162,0,1413.732335,scenario_002,short
7428,1407,1.806521,0.296434,0.209828,0,1415.325421,scenario_002,short
7429,1407,13.002547,0.233185,0.240098,1,1445.202633,scenario_002,medium
7430,1407,8.70481,0.692199,0.633373,0,1433.661469,scenario_002,medium
7431,1407,1.570578,0.168325,0.371411,0,1409.6357,scenario_002,short
7432,1407,1.843117,0.210502,0.225097,0,1416.125391,scenario_002,short
7433,1407,15.828635,0.15878,0.610464,2,1417.389057,scenario_002,medium
7434,1407,16.380262,0.431004,0.559494,2,1442.492743,scenario_002,medium
7435,1407,2.359805,0.107658,0.380258,0,1411.527888,scenario_002,short
7436,1407,7.403847,0.675103,0.669011,0,1419.948545,scenario_002,medium
7437,1407,1.932741,0.208072,0.276667,2,1411.102416,scenario_002,short
7438,1407,1.38305,0.136577,0.418815,2,1408.914451,scenario_002,short
7439,1407,12.853136,0.218834,0.560592,0,1467.37129,scenario_002,medium
7440,1407,10.854415,0.493284,0.973797,0,1452.882363,scenario_002,medium
7441,1407,1.326376,0.494523,0.902001,0,1409.988521,scenario_002,short
7442,1407,1.500832,0.333141,0.313782,0,1413.241072,scenario_002,short
7443,1407,25.452659,1.0,0.857965,2,1435.836352,scenario_002,long
7444,1407,13.071604,0.192893,0.77082,0,1437.049178,scenario_002,medium
7445,1407,1.816638,0.481697,0.651919,0,1414.906031,scenario_002,short
7446,1407,1.906057,0.26889,0.393074,1,1410.705338,scenario_002,short
7447,1407,1.710854,0.292038,0.280652,0,1411.387704,scenario_002,short
7448,1407,7.198984,0.843229,1.0,0,1430.950652,scenario_002,medium
7449,1407,12.359066,0.487801,0.636182,2,1426.379119,scenario_002,medium
7450,1408,17.387856,0.426893,0.911526,0,1486.793542,scenario_002,medium
7451,1408,8.513586,0.96019,0.609612,2,1415.353784,scenario_002,medium
7452,1408,1.551775,0.175948,0.451258,2,1409.88157,scenario_002,short
7453,1408,1.709339,0.38287,0.326751,0,1414.588456,scenario_002,short
7454,1408,7.537691,0.36981,0.569675,2,1413.003157,scenario_002,medium
7455,1408,6.640168,0.438687,0.490138,2,1413.246376,scenario_002,medium
7456,1408,11.044175,0.230269,0.284233,0,1454.339383,scenario_002,medium
7457,1408,16.276842,0.123202,0.301154,1,1441.093756,scenario_002,medium
7458,1408,186.901818,0.472413,0.62774,2,1702.146445,scenario_002,long
7459,1408,2.020525,0.106871,0.225036,0,1414.539403,scenario_002,short
7460,1408,7.413999,0.202982,0.570182,0,1421.649701,scenario_002,medium
7461,1408,1.220655,0.378788,0.446731,0,1410.928393,scenario_002,short
7462,1408,25.939042,0.303799,0.163565,2,1457.070073,scenario_002,long
7463,1408,1.602341,0.158391,0.141437,0,1413.073974,scenario_002,short
7464,1408,2.638701,0.240869,0.507281,0,1417.353382,scenario_002,short
7465,1408,7.659684,0.827797,0.842964,0,1420.409406,scenario_002,medium
7466,1408,9.735547,0.261631,0.681975,1,1426.472444,scenario_002,medium
7467,1408,53.566681,0.698997,0.632527,0,1543.097435,scenario_002,long
7468,1408,74.346069,0.566522,0.576042,2,1525.318033,scenario_002,long
7469,1408,1.896705,0.301753,0.194455,1,1411.451023,scenario_002,short
7470,1408,1.981027,0.122495,0.771459,2,1410.93601,scenario_002,short
7471,1408,1.679907,0.434533,0.385654,0,1411.200271,scenario_002,short
7472,1408,7.405487,0.287188,0.654944,2,1415.254702,scenario_002,medium
7473,1408,1.509482,0.152402,0.207294,0,1410.346401,scenario_002,short
7474,1408,1.396982,0.201914,0.316316,2,1409.805419,scenario_002,short
7475,1408,12.602565,0.513716,0.642389,0,1475.809891,scenario_002,medium
7476,1408,8.788015,0.623676,0.891936,0,1435.239707,scenario_002,medium
7477,1408,12.517692,0.787851,0.745209,0,1465.89233,scenario_002,medium
7478,1408,194.829446,1.0,0.656815,0,2148.265202,scenario_002,long
7479,1408,24.436436,0.731901,0.670875,0,1510.085903,scenario_002,long
7480,1408,1.322422,0.188132,0.398223,0,1414.675258,scenario_002,short
7481,1408,3.081813,0.54436,0.817293,0,1418.773674,scenario_002,medium
7482,1408,6.008795,0.394664,0.41793,0,1423.429268,scenario_002,medium
7483,1408,9.139986,0.260068,0.467477,0,1429.067041,scenario_002,medium
7484,1408,13.364164,0.675328,0.595558,2,1421.823021,scenario_002,medium
7485,1408,1.336534,0.413616,0.531327,0,1415.401815,scenario_002,short
7486,1409,4.688625,0.843825,1.0,0,1432.333642,scenario_002,medium
7487,1409,24.792279,0.902609,0.632979,0,1447.362551,scenario_002,long
7488,1409,11.322259,0.838495,0.669413,0,1471.701487,scenario_002,medium
7489,1409,1.549293,0.339649,0.502715,1,1411.799406,scenario_002,short
7490,1409,7.93276,0.428438,0.508115,2,1417.258678,scenario_002,medium
7491,1409,1.708446,0.318424,0.39978,0,1417.082207,scenario_002,short
7492,1409,5.76982,1.0,0.905897,0,1426.054756,scenario_002,medium
7493,1409,1.334897,0.16489,0.636435,1,1410.608232,scenario_002,short
7494,1409,10.031305,0.71915,0.673366,0,1446.53395,scenario_002,medium
7495,1409,8.812508,0.689378,0.729606,1,1426.541637,scenario_002,medium
7496,1409,1.795898,0.231842,0.354075,0,1411.812504,scenario_002,short
7497,1409,1.612304,0.514762,0.574254,2,1411.57695,scenario_002,short
7498,1409,11.814547,0.484551,0.466185,0,1470.979558,scenario_002,medium
7499,1409,1.278023,0.15451,0.280453,0,1412.94472,scenario_002,short
7500,1409,5.948393,0.489382,0.623736,2,1420.201173,scenario_002,medium
7501,1409,3.219583,0.220026,0.420556,2,1412.973722,scenario_002,short
7502,1409,2.06553,0.07875,0.235915,0,1417.398881,scenario_002,short
7503,1409,6.39127,0.655249,0.646363,0,1437.136101,scenario_002,medium
7504,1409,2.124836,0.081341,0.194479,0,1420.491724,scenario_002,short
7505,1409,6.609246,0.276585,0.382881,0,1430.716278,scenario_002,medium
7506,1409,2.185119,0.384465,0.397757,0,1419.776958,scenario_002,short
7507,1409,2.119038,0.384523,0.544929,2,1412.326001,scenario_002,short
7508,1409,1.567758,0.194583,0.473631,0,1417.025669,scenario_002,short
7509,1409,20.525874,1.0,0.955796,0,1458.822764,scenario_002,long
7510,1409,9.034777,0.607836,0.712203,0,1448.888886,scenario_002,medium
7511,1409,2.368914,0.428305,0.3088,0,1420.220282,scenario_002,short
7512,1409,1.680842,0.467165,0.303081,0,1417.650566,scenario_002,short
7513,1409,1.443379,0.775479,0.687668,0,1415.117643,scenario_002,short
7514,1409,11.205028,0.480004,0.509249,0,1447.496259,scenario_002,medium
7515,1409,9.232504,0.328426,0.444222,0,1438.967757,scenario_002,medium
7516,1409,1.424547,0.051128,0.363647,0,1416.15558,scenario_002,short
7517,1409,0.826292,0.534234,0.895816,0,1411.403334,scenario_002,short
7518,1409,1.668762,0.111326,0.319364,0,1413.507567,scenario_002,short
7519,1409,31.665983,0.367286,0.49226,0,1582.560922,scenario_002,long
7520,1409,25.903341,1.0,0.744003,2,1439.224109,scenario_002,long
7521,1409,1.282362,0.324105,0.317855,0,1414.415137,scenario_002,short
7522,1409,7.998877,0.677947,0.398701,1,1427.339,scenario_002,medium
7523,1409,8.903171,0.373528,0.357337,2,1419.168208,scenario_002,medium
7524,1409,1.305604,0.502143,0.494818,0,1412.691527,scenario_002,short
7525,1410,26.896433,0.776224,0.828088,1,1467.870655,scenario_002,long
7526,1410,8.401428,0.905213,0.896186,0,1427.429035,scenario_002,medium
7527,1410,3.545514,0.310548,0.252689,0,1421.087838,scenario_002,short
7528,1410,1.424607,0.15043,0.872297,0,1417.378413,scenario_002,short
7529,1410,1.302071,0.060164,0.271709,2,1412.015168,scenario_002,short
7530,1410,13.814695,0.136408,0.078193,1,1422.897461,scenario_002,medium
7531,1410,3.900219,0.447511,0.589222,0,1431.599433,scenario_002,medium
7532,1410,58.758325,0.622851,0.432191,2,1461.197212,scenario_002,long
7533,1410,1.640287,0.351899,0.441931,1,1413.594757,scenario_002,short
7534,1410,4.163316,0.693191,0.610237,1,1419.609349,scenario_002,medium
7535,1410,9.210312,0.42911,0.404489,1,1434.517828,scenario_002,medium
7536,1410,1.278156,0.419692,0.469626,1,1411.900761,scenario_002,short
7537,1410,5.883252,0.578057,0.833777,0,1423.492302,scenario_002,medium
7538,1410,1.537835,0.245904,0.380125,1,1413.507851,scenario_002,short
7539,1410,1.494216,0.401768,0.525947,1,1414.293877,scenario_002,short
7540,1410,6.080704,0.283392,0.444176,0,1434.602863,scenario_002,medium
7541,1410,14.519648,0.695534,0.528505,0,1477.801316,scenario_002,medium
7542,1410,9.027146,0.228341,0.140263,0,1449.286542,scenario_002,medium
7543,1410,15.936405,0.120641,0.351816,0,1457.256899,scenario_002,medium
7544,1410,28.536395,0.512352,0.607903,0,1493.161889,scenario_002,long
7545,1410,23.772294,0.875138,0.800354,0,1526.93225,scenario_002,long
7546,1410,13.477259,0.626133,0.765828,0,1432.5199,scenario_002,medium
7547,1410,1.846537,0.136244,0.402119,0,1420.1107,scenario_002,short
7548,1410,2.273325,0.137603,0.520516,0,1417.272282,scenario_002,short
7549,1410,1.917516,0.450923,0.552445,0,1420.664606,scenario_002,short
7550,1410,2.074285,0.361264,0.742404,0,1413.699401,scenario_002,short
7551,1410,1.966545,0.251105,0.327617,0,1418.665241,scenario_002,short
7552,1410,1.471824,0.393304,0.368578,1,1412.739349,scenario_002,short
7553,1411,1.636236,0.319136,0.55277,2,1412.92999,scenario_002,short
7554,1411,2.003883,0.145509,0.352595,2,1413.20742,scenario_002,short
7555,1411,2.566538,0.397318,0.660292,0,1423.591298,scenario_002,short
7556,1411,1.85473,0.446873,0.621005,0,1419.218639,scenario_002,short
7557,1411,1.665977,0.203275,0.194848,0,1417.742096,scenario_002,short
7558,1411,7.277688,0.230346,0.281616,0,1443.653804,scenario_002,medium
7559,1411,1.272685,0.523453,0.469316,0,1414.175975,scenario_002,short
7560,1411,5.716337,0.668786,1.0,1,1424.298312,scenario_002,medium
7561,1411,11.368617,0.556015,0.528148,0,1431.833285,scenario_002,medium
7562,1411,1.927898,0.702201,0.746825,0,1415.03702,scenario_002,short
7563,1411,5.720222,0.998352,0.92051,0,1440.256902,scenario_002,medium
7564,1411,1.825131,0.056116,0.381944,0,1419.858965,scenario_002,short
7565,1411,10.387368,0.204939,0.308031,1,1442.072832,scenario_002,medium
7566,1411,7.379639,0.185204,0.630609,0,1429.259372,scenario_002,medium
7567,1411,1.074144,0.45586,0.526645,2,1412.037851,scenario_002,short
7568,1411,1.499342,0.056097,0.561802,2,1413.021927,scenario_002,short
7569,1411,28.199603,0.970826,0.739507,0,1479.150796,scenario_002,long
7570,1411,2.165993,0.213322,0.117978,1,1413.852878,scenario_002,short
7571,1411,1.340192,0.441354,0.486041,0,1415.519773,scenario_002,short
7572,1411,1.551031,0.239677,0.387803,1,1414.171885,scenario_002,short
7573,1411,4.742172,0.600532,0.766231,1,1419.009429,scenario_002,medium
7574,1411,2.55726,0.202248,0.549533,0,1424.706687,scenario_002,short
7575,1411,2.714687,0.052144,0.22731,0,1417.423742,scenario_002,short
7576,1411,1.154581,0.659982,0.630699,0,1414.972437,scenario_002,short
7577,1411,10.946489,0.300668,0.334355,0,1466.455703,scenario_002,medium
7578,1411,32.000925,0.946887,0.655638,2,1432.329137,scenario_002,long
7579,1412,2.449574,0.283262,0.45921,0,1417.094032,scenario_002,short
7580,1412,142.968759,0.976711,0.633388,1,1710.003906,scenario_002,long
7581,1412,7.766283,0.321057,0.389687,0,1444.875999,scenario_002,medium
7582,1412,7.530013,0.121555,0.055213,0,1443.993012,scenario_002,medium
7583,1412,20.161965,0.15029,0.344844,1,1473.790622,scenario_002,medium
7584,1412,9.296494,0.504616,0.703963,0,1439.992227,scenario_002,medium
7585,1412,2.996678,0.786237,0.706528,0,1418.395092,scenario_002,short
7586,1412,15.600987,0.280179,0.445568,0,1499.350631,scenario_002,medium
7587,1412,10.363773,0.683017,0.652532,0,1463.191354,scenario_002,medium
7588,1412,2.995857,0.446975,0.520052,1,1414.71996,scenario_002,short
7589,1412,13.686661,1.0,0.775245,0,1486.060868,scenario_002,medium
7590,1412,1.402488,0.192809,0.221016,0,1414.595074,scenario_002,short
7591,1412,6.846268,0.965365,0.655947,0,1449.066524,scenario_002,medium
7592,1412,1.020027,0.142836,0.138358,0,1413.826094,scenario_002,short
7593,1412,1.552724,0.578458,0.579924,0,1419.265636,scenario_002,short
7594,1412,2.062646,0.527837,0.804923,2,1413.833163,scenario_002,short
7595,1412,2.337415,0.179847,0.371785,0,1421.696518,scenario_002,short
7596,1412,9.434784,0.382227,0.38562,1,1431.475155,scenario_002,medium
7597,1412,0.935287,0.812796,0.878714,0,1415.03337,scenario_002,short
7598,1412,1.400637,0.526676,0.407722,0,1414.627857,scenario_002,short
7599,1412,11.469638,0.530691,0.404155,0,1456.195368,scenario_002,medium
7600,1412,2.283487,0.178969,0.485562,0,1422.211704,scenario_002,short
7601,1412,1.723556,0.568518,0.823792,0,1416.732074,scenario_002,short
7602,1412,162.481445,0.37033,0.355062,0,1820.204672,scenario_002,long
7603,1412,1.294227,0.260137,0.83725,0,1416.20951,scenario_002,short
7604,1412,2.002198,0.071438,0.194259,1,1415.107933,scenario_002,short
7605,1412,1.892943,0.173475,0.628102,1,1414.59937,scenario_002,short
7606,1412,1.954975,0.373092,0.418158,0,1417.266652,scenario_002,short
7607,1413,7.63851,0.607698,0.504025,0,1454.966989,scenario_002,medium
7608,1413,7.908099,0.352079,0.370276,0,1454.990752,scenario_002,medium
7609,1413,1.997253,0.145451,0.420698,1,1417.561264,scenario_002,short
7610,1413,5.784141,0.260725,0.248238,0,1430.494721,scenario_002,medium
7611,1413,30.601185,0.690101,0.549506,0,1571.27426,scenario_002,long
7612,1413,1.170064,0.418771,0.458799,1,1414.99977,scenario_002,short
7613,1413,1.386173,0.365974,0.317444,1,1414.605862,scenario_002,short
7614,1413,17.673213,0.46275,0.670885,1,1442.925234,scenario_002,medium
7615,1413,8.327694,0.64281,0.44547,2,1428.470468,scenario_002,medium
7616,1413,10.174304,1.0,0.774527,0,1436.398742,scenario_002,medium
7617,1413,1.072555,0.638018,0.536945,0,1415.953075,scenario_002,short
7618,1413,40.229858,0.251496,0.282875,0,1499.403629,scenario_002,long
7619,1413,46.899567,0.541928,0.481695,0,1551.784727,scenario_002,long
7620,1413,9.869434,0.450069,0.40585,0,1456.829821,scenario_002,medium
7621,1413,1.982838,0.648124,0.538615,0,1420.795055,scenario_002,short
7622,1413,11.57592,0.143494,0.374402,0,1445.869685,scenario_002,medium
7623,1413,1.513265,0.220616,0.219265,0,1417.878664,scenario_002,short
7624,1413,6.56177,0.301446,0.780695,0,1448.861375,scenario_002,medium
7625,1413,2.313405,0.448864,0.696487,0,1419.449087,scenario_002,short
7626,1413,2.372668,0.232588,0.389302,0,1419.1669,scenario_002,short
7627,1413,1.794492,0.173627,0.220756,0,1417.411278,scenario_002,short
7628,1413,1.169771,0.317313,0.281527,0,1417.95697,scenario_002,short
7629,1413,11.842219,0.214988,0.345427,0,1458.100468,scenario_002,medium
7630,1413,5.596295,0.650319,1.0,0,1433.878684,scenario_002,medium
7631,1413,6.107022,0.583121,1.0,0,1440.456603,scenario_002,medium
7632,1413,2.02606,0.274916,0.444384,0,1420.849443,scenario_002,short
7633,1413,2.28827,0.380269,0.65296,0,1425.676975,scenario_002,short
7634,1413,1.070407,0.709805,0.669193,0,1417.625438,scenario_002,short
7635,1413,3.135718,0.458225,0.412342,0,1421.591094,scenario_002,short
7636,1413,5.755046,0.754037,0.493384,0,1429.224611,scenario_002,medium
7637,1413,1.545189,0.122548,0.202325,0,1421.533644,scenario_002,short
7638,1413,41.699528,0.603141,0.363519,1,1457.672085,scenario_002,long
7639,1413,2.335897,0.319571,0.441261,1,1416.207868,scenario_002,short
7640,1413,1.298301,0.411887,0.598944,0,1416.461677,scenario_002,short
7641,1414,13.752484,0.55082,0.603555,2,1435.482204,scenario_002,medium
7642,1414,1.78622,0.234396,0.348278,0,1419.331369,scenario_002,short
7643,1414,12.102795,0.397152,0.31979,0,1457.149122,scenario_002,medium
7644,1414,6.821604,0.303526,0.54714,2,1420.589822,scenario_002,medium
7645,1414,10.807516,0.839551,1.0,0,1467.842151,scenario_002,medium
7646,1414,1.895843,0.260488,0.273807,0,1422.683075,scenario_002,short
7647,1414,1.692379,0.38791,0.529002,0,1418.105126,scenario_002,short
7648,1414,2.232099,0.050397,0.28465,1,1419.822413,scenario_002,short
7649,1414,1.989744,0.34401,0.164937,2,1417.951484,scenario_002,short
7650,1414,1.254221,0.145155,0.313844,0,1417.871474,scenario_002,short
7651,1414,89.670647,0.912192,0.745373,0,1712.774883,scenario_002,long
7652,1414,1.193164,0.425234,0.985105,0,1418.146962,scenario_002,short
7653,1414,64.247978,0.389662,0.596897,1,1601.134176,scenario_002,long
7654,1414,24.998053,0.662105,0.700237,0,1464.038253,scenario_002,long
7655,1414,10.221457,0.426036,0.404754,0,1471.281857,scenario_002,medium
7656,1414,11.75326,0.199724,0.290781,0,1440.513596,scenario_002,medium
7657,1414,1.562524,0.276231,0.296943,2,1415.439858,scenario_002,short
7658,1414,23.187488,0.997271,0.935171,0,1519.334374,scenario_002,long
7659,1414,3.135115,0.323081,0.133649,0,1426.551627,scenario_002,short
7660,1414,5.33994,0.273561,0.354077,0,1435.131198,scenario_002,medium
7661,1414,1.80297,0.078578,0.364565,1,1417.862134,scenario_002,short
7662,1414,12.761518,1.0,0.834928,0,1462.581536,scenario_002,long
7663,1415,1.638964,0.420469,0.306455,0,1421.3627,scenario_002,short
7664,1415,9.871008,0.644698,0.95966,1,1429.488098,scenario_002,medium
7665,1415,1.795964,0.267854,0.602678,2,1418.190608,scenario_002,short
7666,1415,2.478744,0.253466,0.218665,0,1427.370688,scenario_002,short
7667,1415,2.873814,0.064425,0.253533,1,1423.007661,scenario_002,short
7668,1415,1.506914,0.368526,0.341099,0,1417.413381,scenario_002,short
7669,1415,8.428526,0.147504,0.36675,0,1431.475755,scenario_002,medium
7670,1415,40.972493,0.274214,0.27712,0,1600.631783,scenario_002,long
7671,1415,1.614208,0.766871,0.920535,0,1421.109703,scenario_002,short
7672,1415,1.016546,0.26413,0.353192,0,1418.850854,scenario_002,short
7673,1415,6.204752,0.504516,0.424803,0,1447.619066,scenario_002,medium
7674,1415,4.856763,0.310671,0.944066,1,1423.236585,scenario_002,medium
7675,1415,1.185245,0.277906,0.722693,0,1417.637931,scenario_002,short
7676,1415,1.714814,0.250858,0.528494,1,1416.917606,scenario_002,short
7677,1415,37.527837,0.803483,1.0,0,1503.777537,scenario_002,long
7678,1415,6.465512,0.607011,0.601221,2,1418.933637,scenario_002,medium
7679,1415,11.238356,0.917447,0.781455,2,1432.693983,scenario_002,medium
7680,1415,10.326718,0.301649,0.197916,2,1428.578673,scenario_002,medium
7681,1415,12.610695,0.716318,0.581965,1,1456.283273,scenario_002,medium
7682,1415,7.355457,0.715139,0.708823,0,1431.059601,scenario_002,medium
7683,1415,1.891961,0.180505,0.233947,2,1418.136951,scenario_002,short
7684,1415,1.2024,0.410746,0.430512,0,1417.866231,scenario_002,short
7685,1415,7.697939,0.38287,0.567409,0,1436.471395,scenario_002,medium
7686,1415,13.245293,0.682968,0.501625,0,1435.948614,scenario_002,medium
7687,1415,13.095328,0.959064,0.800335,0,1477.850413,scenario_002,medium
7688,1416,8.816927,0.979378,1.0,0,1464.825762,scenario_002,long
7689,1416,2.774395,0.362588,0.444762,0,1426.819813,scenario_002,short
7690,1416,1.268594,0.703159,0.810327,0,1419.212176,scenario_002,short
7691,1416,6.923199,0.281966,0.141834,2,1422.059097,scenario_002,medium
7692,1416,2.425033,0.496528,0.551047,0,1427.340355,scenario_002,short
7693,1416,69.194852,0.269405,0.744309,2,1464.748438,scenario_002,long
7694,1416,1.61104,0.107305,0.385034,0,1420.273166,scenario_002,short
7695,1416,14.819566,0.151561,0.501634,0,1486.78799,scenario_002,medium
7696,1416,1.22799,0.447767,0.445391,0,1420.125073,scenario_002,short
7697,1416,53.525,0.783012,0.685363,0,1656.891794,scenario_002,long
7698,1416,25.084928,0.848159,1.0,1,1473.268877,scenario_002,long
7699,1416,84.548795,0.606258,0.608081,1,1615.775031,scenario_002,long
7700,1416,2.327175,0.132316,0.458473,0,1427.77754,scenario_002,short
7701,1416,7.312302,0.736115,0.689354,2,1423.81218,scenario_002,medium
7702,1416,1.658419,0.627045,0.559579,0,1420.714775,scenario_002,short
7703,1416,1.611593,0.183792,0.23411,1,1420.392903,scenario_002,short
7704,1416,1.544161,0.068383,0.405892,0,1424.658092,scenario_002,short
7705,1416,8.522164,0.520887,0.972013,0,1437.099291,scenario_002,long
7706,1416,1.487527,0.241485,0.304288,1,1420.317317,scenario_002,short
7707,1416,1.062508,0.85297,0.650423,0,1418.068368,scenario_002,short
7708,1416,1.773295,0.165536,0.181246,0,1424.991262,scenario_002,short
7709,1416,4.272467,0.505336,0.346296,0,1428.982937,scenario_002,medium
7710,1416,2.33319,0.253041,0.352172,1,1423.150021,scenario_002,short
7711,1416,34.985187,0.648433,0.481221,2,1438.754584,scenario_002,long
7712,1417,7.944778,0.396467,0.771711,0,1451.363263,scenario_002,medium
7713,1417,154.395904,0.309861,0.178536,0,2044.683704,scenario_002,long
7714,1417,44.129647,0.440508,0.518181,1,1528.117501,scenario_002,long
7715,1417,2.661894,0.361537,0.499228,2,1420.195366,scenario_002,short
7716,1417,5.44577,0.250352,0.473191,0,1435.748333,scenario_002,medium
7717,1417,1.771001,0.289301,0.2369,0,1424.851626,scenario_002,short
7718,1417,16.281235,0.579972,1.0,2,1434.212607,scenario_002,medium
7719,1417,9.680513,0.133062,0.300463,0,1440.248332,scenario_002,medium
7720,1417,9.485591,0.479307,0.594998,0,1437.206031,scenario_002,medium
7721,1417,9.708979,0.601829,0.758251,1,1435.447947,scenario_002,medium
7722,1417,1.732349,0.093989,0.266523,0,1423.922723,scenario_002,short
7723,1417,6.528263,0.712512,0.642448,0,1448.467368,scenario_002,medium
7724,1417,1.870814,0.106362,0.131721,0,1420.405828,scenario_002,short
7725,1417,1.16774,0.292041,0.732526,0,1422.9872,scenario_002,short
7726,1417,10.496325,0.431956,0.293286,0,1470.817257,scenario_002,medium
7727,1417,7.592196,0.164787,0.213575,2,1428.209827,scenario_002,medium
7728,1417,27.549437,0.297138,0.2421,1,1467.691539,scenario_002,long
7729,1417,15.293695,0.645774,0.75963,1,1452.490516,scenario_002,long
7730,1417,8.884344,0.696234,0.731872,1,1446.183929,scenario_002,medium
7731,1417,9.028609,0.538631,0.318611,0,1441.037299,scenario_002,medium
7732,1417,8.31031,0.40939,0.854284,0,1439.496481,scenario_002,medium
7733,1417,6.995755,0.645972,0.593711,0,1434.663107,scenario_002,medium
7734,1417,1.541505,0.076038,0.245718,0,1424.11545,scenario_002,short
7735,1417,7.52492,0.373618,0.58972,1,1431.495589,scenario_002,medium
7736,1417,1.288044,0.135058,0.31279,0,1421.862413,scenario_002,short
7737,1418,1.864,0.406143,0.403632,1,1421.128775,scenario_002,short
7738,1418,7.876059,0.419705,0.595393,2,1434.547529,scenario_002,medium
7739,1418,21.835103,0.659063,0.658231,1,1450.387236,scenario_002,long
7740,1418,1.687563,0.249858,0.549022,1,1422.917454,scenario_002,short
7741,1418,9.360896,0.165381,0.091287,0,1448.777896,scenario_002,medium
7742,1418,11.900808,0.638407,0.783898,2,1441.01849,scenario_002,medium
7743,1418,8.151364,0.431973,0.686664,0,1453.220714,scenario_002,medium
7744,1418,10.089029,0.570213,0.486649,0,1464.999687,scenario_002,medium
7745,1418,2.16848,0.075563,0.106731,0,1423.738888,scenario_002,short
7746,1418,13.536012,0.808068,0.782132,0,1491.657793,scenario_002,medium
7747,1418,7.791743,0.563192,0.702354,0,1452.605106,scenario_002,medium
7748,1418,1.171766,0.203024,0.490486,0,1420.20868,scenario_002,short
7749,1418,2.215998,0.666633,0.493138,0,1429.198618,scenario_002,short
7750,1418,10.608648,0.537063,0.784282,0,1470.44269,scenario_002,medium
7751,1418,1.952456,0.505064,0.594859,0,1428.563345,scenario_002,short
7752,1418,1.436801,0.235268,0.324961,1,1422.352538,scenario_002,short
7753,1418,1.414635,0.099185,0.804642,2,1419.795765,scenario_002,short
7754,1418,11.013143,0.158336,0.266359,0,1444.048917,scenario_002,medium
7755,1418,9.146561,0.716641,0.961244,1,1444.489936,scenario_002,medium
7756,1418,10.813303,0.333974,0.260237,1,1444.038577,scenario_002,medium
7757,1418,8.524129,0.247493,0.582504,0,1450.639107,scenario_002,medium
7758,1418,1.396341,0.348195,0.382914,1,1421.411555,scenario_002,short
7759,1418,29.0003,0.992239,0.820692,0,1555.047508,scenario_002,long
7760,1418,1.672574,0.194878,0.223773,0,1424.637753,scenario_002,short
7761,1418,1.12472,0.201732,0.641341,0,1423.585332,scenario_002,short
7762,1418,5.123308,0.921483,0.847063,0,1436.502516,scenario_002,long
7763,1419,1.961189,0.273233,0.274228,2,1421.475862,scenario_002,short
7764,1419,15.365294,0.927834,0.709201,0,1459.552446,scenario_002,long
7765,1419,1.44627,0.200326,0.497399,2,1420.723834,scenario_002,short
7766,1419,64.959451,0.604497,0.548789,0,1774.813372,scenario_002,long
7767,1419,1.608497,0.156485,0.447897,0,1423.647029,scenario_002,short
7768,1419,1.054202,0.369442,0.601741,2,1421.25959,scenario_002,short
7769,1419,2.01095,0.406408,0.971265,0,1424.412357,scenario_002,short
7770,1419,1.451672,0.137726,0.174533,2,1420.544266,scenario_002,short
7771,1419,10.612815,0.605168,0.606474,0,1442.56516,scenario_002,medium
7772,1419,2.131826,0.184877,0.194249,2,1421.519364,scenario_002,short
7773,1419,1.647862,0.32968,0.676473,1,1423.975212,scenario_002,short
7774,1419,3.04128,0.367865,0.459911,1,1428.13301,scenario_002,short
7775,1419,1.910248,0.244373,0.409002,2,1422.507914,scenario_002,short
7776,1419,37.109849,1.0,1.0,1,1476.989096,scenario_002,long
7777,1419,8.120305,0.481954,0.409109,0,1454.979035,scenario_002,medium
7778,1419,9.253684,0.540345,0.523059,0,1468.926406,scenario_002,medium
7779,1419,1.744697,0.363133,0.469422,0,1424.822771,scenario_002,short
7780,1419,1.165252,0.127599,0.637151,0,1421.028711,scenario_002,short
7781,1419,2.604947,0.169128,0.338618,0,1424.266013,scenario_002,short
7782,1419,8.234537,0.699078,0.736035,0,1446.247162,scenario_002,medium
7783,1419,2.525623,0.377755,0.436834,1,1425.645269,scenario_002,short
7784,1419,6.815455,0.51053,0.912227,0,1445.357889,scenario_002,medium
7785,1419,1.306754,0.209116,0.23871,0,1421.64562,scenario_002,short
7786,1419,37.524847,0.992905,0.844706,2,1460.851419,scenario_002,long
7787,1419,13.499785,0.707223,0.693747,2,1434.533564,scenario_002,medium
7788,1419,1.476227,0.157181,0.704389,0,1425.290847,scenario_002,short
7789,1419,65.65179,0.649999,0.711767,0,1676.077199,scenario_002,long
7790,1419,2.917667,0.586029,0.438304,0,1424.633907,scenario_002,short
7791,1419,2.180779,0.324175,0.349194,0,1423.799637,scenario_002,short
7792,1419,1.763209,0.395969,0.504302,1,1423.2317,scenario_002,short
7793,1419,1.594614,0.420598,0.418504,2,1421.836784,scenario_002,short
7794,1419,1.867135,0.628814,0.652207,0,1429.484441,scenario_002,short
7795,1419,17.288481,1.0,0.744316,0,1447.645411,scenario_002,long
7796,1419,1.745476,0.38726,0.53952,2,1420.301245,scenario_002,short
7797,1419,27.430773,0.320603,0.460733,1,1452.713252,scenario_002,long
7798,1419,1.97305,0.219326,0.862242,0,1427.148584,scenario_002,short
7799,1419,7.850216,0.185784,0.719466,0,1437.34435,scenario_002,medium
7800,1419,11.528627,0.123184,0.286065,0,1451.009713,scenario_002,medium
7801,1419,2.063717,0.101644,0.422582,0,1422.960845,scenario_002,short
7802,1419,10.255458,0.544851,0.527112,0,1446.688771,scenario_002,medium
7803,1419,1.660963,0.169784,0.499409,0,1421.530808,scenario_002,short
7804,1419,1.890217,0.126765,0.460156,0,1426.492349,scenario_002,short
7805,1420,2.186716,0.19536,0.19748,1,1424.283352,scenario_002,short
7806,1420,8.017962,0.450399,0.545383,0,1442.582018,scenario_002,medium
7807,1420,16.675262,0.93608,0.771331,1,1466.449808,scenario_002,long
7808,1420,8.228621,0.519081,0.456237,0,1461.3463,scenario_002,medium
7809,1420,11.391833,0.479872,0.74811,0,1461.688206,scenario_002,medium
7810,1420,37.481589,0.464918,0.517001,0,1554.1087,scenario_002,long
7811,1420,7.985263,0.503533,0.564049,0,1462.522192,scenario_002,medium
7812,1420,11.597311,0.368319,0.387906,0,1480.05811,scenario_002,medium
7813,1420,6.466821,0.685678,0.716744,0,1455.38762,scenario_002,medium
7814,1420,0.950223,0.441623,0.923301,0,1422.427537,scenario_002,short
7815,1420,121.639843,0.519352,0.577166,1,1595.04007,scenario_002,long
7816,1420,23.587852,0.781464,0.847831,0,1532.651392,scenario_002,long
7817,1420,11.448526,0.199902,0.433233,0,1445.516665,scenario_002,medium
7818,1420,1.77494,0.396028,0.466339,1,1424.096281,scenario_002,short
7819,1420,17.797648,0.22464,0.444119,1,1443.005913,scenario_002,medium
7820,1421,2.77558,0.557205,0.507805,0,1433.497531,scenario_002,short
7821,1421,13.30476,0.445069,0.471459,2,1429.811304,scenario_002,medium
7822,1421,1.599204,0.429498,0.330658,0,1424.910014,scenario_002,short
7823,1421,1.136159,0.193438,0.261794,0,1426.739494,scenario_002,short
7824,1421,1.240432,0.059545,0.05,1,1423.641779,scenario_002,short
7825,1421,1.858836,0.235028,0.203093,1,1424.711088,scenario_002,short
7826,1421,1.874605,0.12237,0.109029,1,1425.474733,scenario_002,short
7827,1421,1.999504,0.242632,0.512066,0,1429.697536,scenario_002,short
7828,1421,4.398332,0.488313,0.435997,0,1441.701101,scenario_002,medium
7829,1421,10.916513,0.594521,0.551962,0,1446.241137,scenario_002,medium
7830,1421,6.614375,0.498161,0.898644,0,1443.955581,scenario_002,medium
7831,1421,1.62484,0.466256,0.586229,0,1423.589655,scenario_002,short
7832,1421,1.308784,0.184017,0.05,2,1423.130482,scenario_002,short
7833,1421,64.155591,0.920844,0.765641,0,1612.178818,scenario_002,long
7834,1421,0.950249,0.546915,0.386037,1,1423.946278,scenario_002,short
7835,1421,1.716655,0.446901,0.544047,2,1423.838665,scenario_002,short
7836,1422,2.121518,0.350021,0.522831,0,1429.779966,scenario_002,short
7837,1422,7.600826,0.455756,0.968519,1,1434.799948,scenario_002,medium
7838,1422,4.852624,0.660848,0.74657,0,1433.265066,scenario_002,medium
7839,1422,7.160031,0.556773,0.534891,1,1440.468512,scenario_002,medium
7840,1422,15.442269,0.667935,0.63393,1,1462.163996,scenario_002,long
7841,1422,1.234318,0.624205,0.850824,2,1424.742988,scenario_002,short
7842,1422,1.605283,0.604315,0.685592,2,1423.67349,scenario_002,short
7843,1422,9.35116,0.416709,0.532459,0,1457.958892,scenario_002,medium
7844,1422,7.657497,0.881907,0.621247,0,1447.925464,scenario_002,medium
7845,1423,6.836147,0.450247,0.531319,2,1429.361438,scenario_002,medium
7846,1423,20.064151,0.327645,0.487242,2,1443.157565,scenario_002,long
7847,1423,6.63255,0.486069,0.636134,0,1451.188668,scenario_002,medium
7848,1423,40.424261,0.531734,0.663308,0,1631.111839,scenario_002,long
7849,1423,1.711272,0.264369,0.347756,0,1432.163972,scenario_002,short
7850,1423,6.513842,0.695366,0.840542,1,1441.009717,scenario_002,medium
7851,1423,1.819761,0.152062,0.332072,2,1426.234259,scenario_002,short
7852,1423,10.557701,0.626809,0.730916,1,1439.267576,scenario_002,medium
7853,1423,1.922313,0.592025,0.424639,1,1426.410087,scenario_002,short
7854,1423,1.514848,0.23681,0.549338,2,1424.67375,scenario_002,short
7855,1423,1.601985,0.165842,0.279081,0,1429.551683,scenario_002,short
7856,1424,1.473917,0.257198,0.466923,1,1428.55193,scenario_002,short
7857,1424,1.461323,0.517592,0.856502,1,1426.178753,scenario_002,short
7858,1424,8.479425,0.39059,0.383229,0,1459.88709,scenario_002,medium
7859,1424,7.304318,0.705673,0.584297,0,1452.511891,scenario_002,medium
7860,1424,8.540034,0.407669,0.30719,0,1446.884365,scenario_002,medium
7861,1424,10.156907,0.597692,0.54979,0,1450.114776,scenario_002,medium
7862,1424,6.998134,0.175897,0.132529,0,1462.137821,scenario_002,medium
7863,1424,5.410106,0.617121,0.634442,0,1434.753523,scenario_002,medium
7864,1424,2.246808,0.546119,0.649359,0,1428.460235,scenario_002,short
7865,1424,14.345115,0.32516,0.349116,0,1472.737726,scenario_002,medium
7866,1425,1.645741,0.081302,0.382908,1,1428.334695,scenario_002,short
7867,1425,15.715133,0.266497,0.859793,0,1507.011762,scenario_002,medium
7868,1425,8.866852,0.503193,0.753039,0,1450.930536,scenario_002,medium
7869,1425,12.706654,0.457734,0.691653,0,1445.411547,scenario_002,medium
7870,1425,12.085019,0.42625,0.48113,0,1487.807563,scenario_002,medium
7871,1425,10.7513,0.164234,0.339984,0,1480.003129,scenario_002,medium
7872,1425,1.644723,0.093781,0.05,1,1427.274591,scenario_002,short
7873,1425,8.065881,0.454454,0.786799,0,1461.226267,scenario_002,medium
7874,1425,8.12487,0.719036,1.0,1,1446.635749,scenario_002,medium
7875,1425,9.055152,0.211524,0.521179,0,1449.680331,scenario_002,medium
7876,1425,7.382209,0.708292,0.695654,0,1460.207924,scenario_002,medium
7877,1425,39.285366,0.580452,0.611743,1,1532.15518,scenario_002,long
7878,1425,2.463708,0.147191,0.25865,0,1435.717869,scenario_002,short
7879,1425,7.666523,0.729653,0.702105,0,1454.493858,scenario_002,medium
7880,1425,1.286023,0.611913,0.803488,0,1429.474237,scenario_002,short
7881,1425,6.32906,0.461929,0.95242,0,1441.163739,scenario_002,medium
7882,1425,1.653508,0.177213,0.252916,2,1427.865964,scenario_002,short
7883,1425,1.35757,0.379555,0.451794,0,1430.537241,scenario_002,short
7884,1426,6.110442,0.486076,0.500736,1,1442.234905,scenario_002,medium
7885,1426,6.96708,0.434052,0.293259,1,1438.024431,scenario_002,medium
7886,1426,4.761304,0.54361,0.674147,0,1433.742523,scenario_002,medium
7887,1426,11.640644,0.441975,0.582936,1,1460.825046,scenario_002,medium
7888,1426,2.248818,0.321555,0.557953,0,1431.285501,scenario_002,short
7889,1426,100.937822,0.931158,0.808554,1,1698.79411,scenario_002,long
7890,1426,0.988535,0.087167,0.231299,0,1429.057524,scenario_002,short
7891,1426,1.552147,0.305407,0.213858,2,1427.661967,scenario_002,short
7892,1426,1.720763,0.576318,0.565887,2,1428.734217,scenario_002,short
7893,1427,1.878127,0.094966,0.209358,0,1433.301266,scenario_002,short
7894,1427,1.013227,0.215456,0.628039,0,1430.154289,scenario_002,short
7895,1427,1.767338,0.195232,0.546576,0,1431.906752,scenario_002,short
7896,1427,6.001951,1.0,0.845534,2,1439.240049,scenario_002,medium
7897,1427,14.168905,0.926498,0.617989,2,1456.845095,scenario_002,medium
7898,1427,1.214247,0.664375,0.596294,0,1433.401407,scenario_002,short
7899,1427,10.547732,0.714136,0.684754,0,1482.228019,scenario_002,medium
7900,1427,7.488253,0.68856,0.802148,0,1445.327402,scenario_002,medium
7901,1427,14.120429,0.386646,0.561846,0,1473.525445,scenario_002,medium
7902,1427,33.039234,0.964968,0.792999,1,1528.953589,scenario_002,long
7903,1427,2.009818,0.205923,0.413743,2,1429.67332,scenario_002,short
7904,1428,1.858275,0.091428,0.187025,0,1434.786644,scenario_002,short
7905,1428,1.79748,0.748728,0.740784,1,1432.701889,scenario_002,short
7906,1428,9.938787,0.397754,0.329138,0,1470.552154,scenario_002,medium
7907,1428,10.506763,0.266557,0.405226,2,1439.127892,scenario_002,medium
7908,1428,8.95271,1.0,0.892603,0,1477.828811,scenario_002,medium
7909,1428,8.696415,1.0,0.787874,0,1468.703028,scenario_002,medium
7910,1428,9.946468,0.664387,0.762986,0,1460.697249,scenario_002,medium
7911,1428,1.880214,0.716973,0.620216,0,1434.932525,scenario_002,short
7912,1428,2.377494,0.212309,0.392946,2,1432.628289,scenario_002,short
7913,1428,1.287833,0.208092,0.399981,0,1432.475356,scenario_002,short
7914,1428,12.884904,0.556269,0.52335,1,1463.339597,scenario_002,medium
7915,1428,8.195062,0.634232,0.640169,0,1450.625165,scenario_002,medium
7916,1428,19.238818,0.540751,0.446884,2,1469.129413,scenario_002,long
7917,1428,61.633529,0.361358,0.438769,2,1536.372471,scenario_002,long
7918,1428,8.503704,0.43715,0.557742,0,1445.520285,scenario_002,medium
7919,1428,7.879055,0.659834,0.603266,1,1453.8882,scenario_002,medium
7920,1429,4.437317,0.312484,0.403326,1,1437.299509,scenario_002,medium
7921,1429,1.575899,0.337974,0.232205,0,1435.914575,scenario_002,short
7922,1429,6.246322,0.68194,0.816832,2,1436.530948,scenario_002,medium
7923,1429,1.422652,0.421292,0.234614,0,1436.961489,scenario_002,short
7924,1429,1.209407,0.251794,0.568742,0,1433.704584,scenario_002,short
7925,1429,2.453919,0.124977,0.387324,2,1434.099518,scenario_002,short
7926,1429,1.460955,0.277444,0.776511,0,1432.277932,scenario_002,short
7927,1429,18.704252,0.274563,0.190349,0,1497.788233,scenario_002,long
7928,1429,2.640069,0.367929,0.585436,0,1436.30623,scenario_002,short
7929,1429,1.491762,0.400628,0.631256,2,1430.74591,scenario_002,short
7930,1429,1.326141,0.44955,0.370581,0,1434.5988,scenario_002,short
7931,1430,1.301271,0.061948,0.211032,0,1435.681277,scenario_002,short
7932,1430,29.372901,0.307401,0.413571,1,1490.287206,scenario_002,long
7933,1430,2.164731,0.401245,0.845057,0,1437.922421,scenario_002,short
7934,1430,1.691262,0.155803,0.407017,0,1433.095071,scenario_002,short
7935,1430,2.165729,0.433176,0.555308,2,1433.133195,scenario_002,short
7936,1430,7.211486,0.143906,0.344583,0,1449.150304,scenario_002,medium
7937,1430,1.192493,0.172907,0.490223,0,1436.540593,scenario_002,short
7938,1430,22.168593,0.649097,0.792527,2,1452.784967,scenario_002,medium
7939,1430,2.735775,0.76652,0.917939,0,1440.626101,scenario_002,short
7940,1431,2.08557,0.312223,0.692961,2,1435.627652,scenario_002,short
7941,1431,2.186352,0.184102,0.361423,0,1441.083996,scenario_002,short
7942,1431,15.331184,0.384379,0.412135,1,1447.039351,scenario_002,medium
7943,1431,1.478248,0.303719,0.456948,0,1433.607203,scenario_002,short
7944,1431,1.656854,0.447835,0.442547,1,1433.981547,scenario_002,short
7945,1431,11.362136,0.272705,0.203116,0,1472.372524,scenario_002,medium
7946,1431,1.528762,0.52991,0.445478,1,1433.478535,scenario_002,short
7947,1431,11.158464,0.426462,0.609291,2,1439.156334,scenario_002,medium
7948,1431,9.944005,0.326343,0.514364,0,1454.780272,scenario_002,medium
7949,1432,2.004277,0.249307,0.667819,0,1439.854917,scenario_002,short
7950,1432,18.240016,0.531229,0.360052,0,1512.074234,scenario_002,long
7951,1432,1.659456,0.059218,0.405823,0,1438.113074,scenario_002,short
7952,1432,1.939213,0.193441,0.370801,0,1437.453605,scenario_002,short
7953,1432,2.479403,0.130875,0.248425,0,1438.559895,scenario_002,short
7954,1432,1.560473,0.214651,0.45407,0,1438.410139,scenario_002,short
7955,1432,1.895577,0.41227,0.240196,0,1437.018601,scenario_002,short
7956,1432,2.05072,0.089061,0.133282,2,1436.528346,scenario_002,short
7957,1432,8.485709,0.452783,0.426507,0,1459.656307,scenario_002,medium
7958,1432,1.657963,0.271129,0.805167,1,1433.950669,scenario_002,short
7959,1432,1.390544,0.240196,0.498421,0,1438.318996,scenario_002,short
7960,1432,1.619235,0.448063,0.547454,0,1440.22519,scenario_002,short
7961,1433,7.935531,0.359273,0.324463,0,1475.522891,scenario_002,medium
7962,1433,1.674249,0.085686,0.41151,1,1438.41678,scenario_002,short
7963,1433,1.639605,0.335707,0.35969,0,1437.104533,scenario_002,short
7964,1433,15.957128,0.653797,0.89807,0,1497.873039,scenario_002,long
7965,1433,37.713282,0.855023,1.0,0,1622.538597,scenario_002,long
7966,1433,1.558234,0.230569,0.586339,2,1434.913971,scenario_002,short
7967,1433,1.007554,0.237346,0.26441,0,1435.312506,scenario_002,short
7968,1433,1.200445,0.123137,0.207775,0,1434.962391,scenario_002,short
7969,1433,80.656143,0.317186,0.450183,2,1554.731491,scenario_002,long
7970,1433,1.807004,0.065934,0.348698,0,1436.648621,scenario_002,short
7971,1433,10.752569,0.832768,0.561092,0,1460.606885,scenario_002,medium
7972,1433,11.310298,0.664992,0.994718,0,1465.346887,scenario_002,long
7973,1434,35.764811,0.729998,1.0,0,1500.427769,scenario_002,long
7974,1434,8.244918,0.52813,0.82369,0,1455.681918,scenario_002,medium
7975,1434,31.039073,0.919848,0.879142,0,1585.518797,scenario_002,long
7976,1434,7.776375,0.501074,0.39647,0,1456.881502,scenario_002,medium
7977,1434,1.655652,0.179061,0.264927,1,1435.943744,scenario_002,short
7978,1434,1.087139,0.470421,0.378397,0,1438.995897,scenario_002,short
7979,1434,7.525699,0.584319,0.546562,0,1469.438184,scenario_002,medium
7980,1434,11.709286,0.636295,0.689957,0,1482.479649,scenario_002,medium
7981,1434,11.294453,0.622019,0.425832,0,1497.637645,scenario_002,medium
7982,1434,6.40112,0.544172,0.524618,2,1438.348049,scenario_002,medium
7983,1434,9.533057,0.573371,0.518334,2,1450.295773,scenario_002,medium
7984,1434,4.47598,0.53368,0.654618,0,1443.4983,scenario_002,medium
7985,1434,2.070818,0.113339,0.092174,2,1436.097292,scenario_002,short
7986,1435,1.794768,0.095414,0.05,1,1440.344236,scenario_002,short
7987,1435,21.800794,0.273342,0.504152,2,1460.048039,scenario_002,long
7988,1435,13.249014,0.445093,0.782637,0,1455.654723,scenario_002,long
7989,1435,0.995927,0.275918,0.190602,0,1436.753103,scenario_002,short
7990,1435,33.981287,0.359271,0.365781,1,1499.782155,scenario_002,long
7991,1435,12.794138,0.481628,0.457923,0,1498.957215,scenario_002,medium
7992,1435,53.114588,0.265877,0.199022,0,1524.086695,scenario_002,long
7993,1435,16.405132,0.601534,0.726841,2,1455.049317,scenario_002,medium
7994,1435,5.561483,0.340013,0.368081,0,1453.348809,scenario_002,medium
7995,1435,7.286934,0.492313,0.542743,0,1462.803631,scenario_002,medium
7996,1435,24.219097,0.616283,0.447806,0,1537.513851,scenario_002,medium
7997,1435,2.066099,0.225697,0.176848,0,1442.90933,scenario_002,short
7998,1436,12.905323,0.578007,0.635893,2,1460.018498,scenario_002,medium
7999,1436,1.640749,0.359423,0.455466,0,1440.834719,scenario_002,short
8000,1436,1.412809,0.105447,0.186503,2,1438.269906,scenario_002,short
8001,1436,1.15929,0.100497,0.360842,0,1437.827257,scenario_002,short
8002,1436,18.169738,1.0,1.0,0,1502.373513,scenario_002,long
8003,1436,2.269792,0.600574,0.843736,1,1442.940102,scenario_002,short
8004,1436,2.521748,0.733462,0.64954,0,1447.418567,scenario_002,short
8005,1436,2.015882,0.11958,0.147009,0,1446.209965,scenario_002,short
8006,1436,1.547801,0.437018,0.495208,0,1443.359747,scenario_002,short
8007,1436,12.765934,0.563736,0.738716,1,1469.435057,scenario_002,medium
8008,1436,10.180334,0.636733,0.840165,2,1455.43783,scenario_002,medium
8009,1436,1.738512,0.805495,0.801165,0,1442.107565,scenario_002,short
8010,1436,2.077132,0.052722,0.215832,0,1441.902103,scenario_002,short
8011,1436,1.209025,0.489942,0.469069,1,1437.153012,scenario_002,short
8012,1436,8.688624,0.396234,0.68191,0,1453.561426,scenario_002,medium
8013,1436,1.521352,0.098362,0.160554,1,1438.339833,scenario_002,short
8014,1436,7.543516,0.70722,0.460182,0,1465.094361,scenario_002,medium
8015,1436,1.304895,0.124379,0.254859,0,1440.397699,scenario_002,short
8016,1437,12.123533,0.218886,0.396641,0,1464.429497,scenario_002,medium
8017,1437,14.585473,1.0,0.899789,0,1464.642191,scenario_002,medium
8018,1437,13.451141,0.464804,0.626982,0,1463.167031,scenario_002,medium
8019,1437,1.219819,0.582952,0.486277,0,1441.800406,scenario_002,short
8020,1437,1.583313,0.166325,0.237705,0,1440.528819,scenario_002,short
8021,1438,7.072833,0.368263,0.385504,0,1452.466135,scenario_002,long
8022,1438,14.569809,1.0,1.0,0,1506.045365,scenario_002,long
8023,1438,2.088136,0.821796,0.756696,1,1443.329637,scenario_002,short
8024,1438,10.842649,0.315977,0.471658,0,1478.526367,scenario_002,medium
8025,1438,1.983876,0.735285,0.82081,0,1447.194501,scenario_002,short
8026,1438,1.152499,0.46994,0.500646,0,1441.210026,scenario_002,short
8027,1439,2.057362,0.377159,0.530116,2,1443.372115,scenario_002,short
8028,1439,1.355199,0.20322,0.412081,0,1445.632376,scenario_002,short
8029,1439,1.429284,0.851776,0.569776,2,1440.484313,scenario_002,short
8030,1439,13.635903,0.387481,0.467136,0,1468.317135,scenario_002,medium
8031,1439,1.979561,0.844898,0.850068,0,1443.188627,scenario_002,short
8032,1439,3.109872,0.106024,0.447649,2,1440.955247,scenario_002,short
8033,1439,1.638101,0.690113,0.673413,1,1441.240017,scenario_002,short
8034,1439,6.723973,0.595867,0.600619,0,1471.417457,scenario_002,medium
8035,1439,4.858413,0.666107,0.664539,1,1450.391296,scenario_002,medium
8036,1439,8.708948,0.726304,0.548541,0,1480.644128,scenario_002,medium
8037,1439,2.137543,0.650998,0.702902,2,1440.638715,scenario_002,short
8038,1439,1.278026,0.06475,0.05,1,1443.199083,scenario_002,short
8039,1439,1.562349,0.348177,0.399096,0,1446.768367,scenario_002,short
8040,1439,1.405878,0.213393,0.289676,2,1441.084428,scenario_002,short
8041,1440,2.082168,0.518713,0.719817,1,1445.79914,scenario_002,short
8042,1440,1.525941,0.164156,0.478676,2,1442.69964,scenario_002,short
8043,1440,8.409903,0.886221,0.745172,0,1453.987839,scenario_002,medium
8044,1440,7.593651,0.449266,0.307579,2,1445.115456,scenario_002,medium
8045,1440,8.563273,0.129325,0.35822,0,1483.83368,scenario_002,medium
8046,1440,8.928752,0.424287,0.325813,0,1459.959701,scenario_002,medium
8047,1440,1.462093,0.138318,0.287144,0,1447.692272,scenario_002,short
8048,1440,1.402892,0.196841,0.680738,0,1443.850386,scenario_002,short
8049,1440,3.277159,0.484644,0.476395,1,1443.631636,scenario_002,short
8050,1440,2.053999,0.249896,0.522025,0,1443.836784,scenario_002,short
8051,1440,1.817998,0.406614,0.609972,2,1443.767918,scenario_002,short
8052,1440,8.913675,0.555126,0.363572,1,1463.046847,scenario_002,medium
8053,1441,31.078619,0.777406,1.0,2,1491.647927,scenario_002,long
8054,1441,1.774724,0.72964,0.787419,2,1442.165282,scenario_002,short
8055,1441,8.391055,0.544934,0.599577,0,1461.513168,scenario_002,medium
8056,1441,17.25278,0.931555,1.0,0,1520.458242,scenario_002,long
8057,1441,1.414198,0.181109,0.298792,1,1444.730164,scenario_002,short
8058,1441,2.142704,0.347945,0.355021,0,1450.637566,scenario_002,short
8059,1441,2.288896,0.114756,0.284096,0,1452.467409,scenario_002,short
8060,1441,92.633262,0.639603,0.605261,1,1742.007324,scenario_002,long
8061,1441,15.025957,0.637805,0.624694,1,1481.41061,scenario_002,medium
8062,1441,8.896207,0.359208,0.460344,0,1456.519675,scenario_002,medium
8063,1441,79.45487,0.430276,0.268937,1,1684.752431,scenario_002,long
8064,1441,6.847083,0.627015,0.468654,0,1472.823345,scenario_002,medium
8065,1441,49.897588,0.25269,0.491924,0,1689.112003,scenario_002,long
8066,1442,1.93251,0.350845,0.626457,0,1446.039176,scenario_002,short
8067,1442,1.203287,0.446696,0.356733,2,1443.739678,scenario_002,short
8068,1442,10.901179,0.567737,0.648849,0,1462.36011,scenario_002,medium
8069,1442,7.964633,0.829025,1.0,0,1456.649283,scenario_002,medium
8070,1442,2.082833,0.273451,0.400238,1,1444.242448,scenario_002,short
8071,1443,81.686039,0.84897,0.952122,0,1855.841737,scenario_002,long
8072,1443,15.192798,0.764757,0.60831,1,1474.404087,scenario_002,long
8073,1443,6.544214,0.325824,0.827596,0,1470.384259,scenario_002,medium
8074,1443,1.474886,0.195397,0.5903,1,1446.185292,scenario_002,short
8075,1443,88.176795,0.823056,0.80648,2,1629.858955,scenario_002,long
8076,1443,9.051785,0.509353,0.6304,2,1456.609826,scenario_002,medium
8077,1444,7.976521,0.68187,0.780046,1,1456.948364,scenario_002,medium
8078,1444,2.494686,0.090091,0.05,2,1446.918474,scenario_002,short
8079,1444,2.715357,0.677455,0.480093,1,1451.122822,scenario_002,short
8080,1444,6.335024,0.394788,0.757308,1,1459.365119,scenario_002,medium
8081,1444,2.052541,0.253451,0.469637,0,1453.589923,scenario_002,short
8082,1444,6.788864,0.479835,0.572881,0,1472.104139,scenario_002,medium
8083,1444,1.305298,0.573123,0.496254,0,1446.730187,scenario_002,short
8084,1444,1.481118,0.388218,0.425821,0,1448.184092,scenario_002,short
8085,1444,2.087885,0.220073,0.33904,0,1454.317856,scenario_002,short
8086,1444,1.586215,0.171561,0.134988,0,1447.387997,scenario_002,short
8087,1444,1.799915,0.272739,0.362793,2,1447.475368,scenario_002,short
8088,1444,10.583733,0.497524,0.466749,0,1475.654636,scenario_002,medium
8089,1444,2.07298,0.231011,0.784715,2,1447.922294,scenario_002,short
8090,1445,14.814645,0.313746,0.386125,2,1474.518896,scenario_002,medium
8091,1445,7.618009,0.556168,0.477614,1,1457.972882,scenario_002,medium
8092,1445,12.990397,0.475671,0.623846,1,1472.339825,scenario_002,medium
8093,1445,1.439417,0.25195,0.463081,0,1449.743912,scenario_002,short
8094,1445,13.505963,0.381027,0.564166,1,1460.312718,scenario_002,medium
8095,1445,14.724175,0.21935,0.446731,2,1467.280719,scenario_002,medium
8096,1446,1.525193,0.514599,0.624118,2,1448.836516,scenario_002,short
8097,1446,1.34292,0.369789,0.544255,0,1451.282501,scenario_002,short
8098,1446,3.097436,0.392667,0.409175,1,1452.860723,scenario_002,short
8099,1446,9.342584,0.208018,0.365723,0,1484.398188,scenario_002,medium
8100,1446,9.196183,0.657782,0.576248,2,1462.835588,scenario_002,medium
8101,1446,1.572434,0.347335,0.347079,0,1450.603947,scenario_002,short
8102,1446,5.746364,0.559521,0.594406,2,1451.2028,scenario_002,medium
8103,1446,5.684111,0.202042,0.233839,1,1464.157267,scenario_002,medium
8104,1446,2.179436,0.155064,0.197723,2,1448.258391,scenario_002,short
8105,1446,49.471259,0.819387,0.755849,0,1567.196099,scenario_002,long
8106,1446,1.939758,0.301257,0.812452,0,1450.373435,scenario_002,short
8107,1446,1.899095,0.061858,0.078327,0,1450.817904,scenario_002,short
8108,1447,6.263905,0.407523,0.456264,1,1459.718095,scenario_002,medium
8109,1447,40.119976,0.693317,0.640848,0,1584.030632,scenario_002,long
8110,1447,8.432646,0.353826,0.293592,0,1467.162122,scenario_002,medium
8111,1447,2.240064,0.252695,0.446082,1,1449.168672,scenario_002,short
8112,1447,2.41195,0.408805,0.518222,2,1451.696213,scenario_002,short
8113,1447,1.402471,0.131003,0.59677,0,1454.875154,scenario_002,short
8114,1447,9.428037,0.133058,0.182125,1,1477.83921,scenario_002,medium
8115,1447,1.255311,0.344001,0.336271,2,1448.0,scenario_002,short
8116,1447,9.052939,0.960697,0.818223,0,1464.287035,scenario_002,long
8117,1448,35.165224,0.728375,0.647535,0,1566.273068,scenario_002,long
8118,1448,1.360791,0.098722,0.05,0,1452.357329,scenario_002,short
8119,1448,2.833515,0.46088,0.682692,0,1454.820232,scenario_002,medium
8120,1448,64.695409,0.454612,0.597138,1,1637.58423,scenario_002,long
8121,1449,33.315133,0.968646,0.878398,0,1597.336541,scenario_002,long
8122,1449,6.377201,0.450274,0.620551,0,1461.031595,scenario_002,medium
8123,1449,2.383127,0.315777,0.560292,0,1454.753231,scenario_002,short
8124,1449,7.645087,0.360065,0.584734,1,1469.533427,scenario_002,medium
8125,1449,6.785281,0.502411,0.392657,1,1461.492032,scenario_002,medium
8126,1449,100.812184,0.672106,0.946684,0,1800.963268,scenario_002,long
8127,1449,1.891837,0.070874,0.127852,0,1451.889285,scenario_002,short
8128,1449,2.404799,0.118528,0.349149,0,1455.425072,scenario_002,short
8129,1449,36.050119,0.777091,1.0,0,1624.64429,scenario_002,long
8130,1449,1.239288,0.390161,0.454099,2,1450.744701,scenario_002,short
8131,1449,1.506681,0.102718,0.614024,0,1451.586456,scenario_002,short
8132,1449,1.983425,0.303583,0.337655,0,1457.940248,scenario_002,short
8133,1449,1.080841,0.084978,0.147437,0,1450.8563,scenario_002,short
8134,1449,5.812524,0.374844,0.224075,0,1473.446442,scenario_002,medium
8135,1449,1.715283,0.293847,0.299331,0,1457.299932,scenario_002,short
8136,1450,1.80691,0.095963,0.229127,0,1452.92492,scenario_002,short
8137,1450,7.375776,0.259335,0.341646,0,1489.680279,scenario_002,medium
8138,1450,5.108785,0.926227,0.643254,2,1458.655046,scenario_002,medium
8139,1450,1.404379,0.095389,0.279459,0,1453.64526,scenario_002,short
8140,1450,2.37067,0.214159,0.498855,2,1452.716578,scenario_002,short
8141,1450,11.461452,0.592359,0.599239,0,1469.599889,scenario_002,medium
8142,1451,29.511799,0.892783,0.715303,0,1582.583921,scenario_002,long
8143,1451,14.780992,0.865043,0.844422,0,1523.226111,scenario_002,medium
8144,1451,5.505852,0.523418,0.612712,0,1472.803725,scenario_002,medium
8145,1451,6.505822,0.560548,0.717309,0,1482.995357,scenario_002,medium
8146,1451,1.560869,0.176502,0.326158,1,1455.97734,scenario_002,short
8147,1451,12.80994,0.223859,0.246476,0,1483.608516,scenario_002,medium
8148,1451,18.892567,0.864746,0.796585,2,1492.394688,scenario_002,long
8149,1452,10.773362,0.519188,0.46295,0,1497.751237,scenario_002,medium
8150,1452,1.800918,0.42931,0.869017,2,1454.418553,scenario_002,short
8151,1452,1.051134,0.537476,0.618429,0,1457.656473,scenario_002,short
8152,1452,1.803,0.053837,0.214007,0,1457.085367,scenario_002,short
8153,1452,12.761282,0.315298,0.353309,0,1512.356712,scenario_002,medium
8154,1452,9.220483,0.458798,0.642626,1,1467.383317,scenario_002,medium
8155,1452,6.325986,0.718796,0.657772,1,1468.614951,scenario_002,medium
8156,1452,1.641396,0.390191,0.856064,1,1453.94769,scenario_002,short
8157,1452,1.549106,0.071365,0.298042,0,1457.143377,scenario_002,short
8158,1452,7.53376,0.912117,0.824937,0,1485.846525,scenario_002,medium
8159,1453,10.188591,0.302183,0.392599,1,1481.445569,scenario_002,medium
8160,1453,8.698622,0.48201,0.629565,0,1479.261171,scenario_002,medium
8161,1453,46.995153,0.965995,0.777683,0,1627.727932,scenario_002,long
8162,1453,12.747079,0.623058,0.494536,0,1500.227421,scenario_002,medium
8163,1453,3.870185,0.5645,0.744796,0,1461.849921,scenario_002,medium
8164,1453,25.157306,0.421817,0.473444,2,1498.968386,scenario_002,long
8165,1453,184.519277,0.314917,0.436327,1,1617.333346,scenario_002,long
8166,1453,1.440925,0.369633,0.493726,1,1457.675408,scenario_002,short
8167,1453,8.46055,0.491414,0.835215,0,1485.804991,scenario_002,medium
8168,1454,1.417054,0.709884,0.901812,2,1456.430349,scenario_002,short
8169,1454,2.135157,0.43454,0.407936,0,1461.748384,scenario_002,short
8170,1454,50.211961,0.885226,0.887059,0,1565.440107,scenario_002,long
8171,1454,3.126533,0.208035,0.134849,1,1463.565292,scenario_002,short
8172,1454,9.175044,0.19302,0.479991,1,1465.974388,scenario_002,medium
8173,1454,6.740003,0.642998,0.897874,2,1468.260059,scenario_002,medium
8174,1454,1.631146,0.41012,0.509393,2,1455.704703,scenario_002,short
8175,1454,85.3355,0.891904,0.570458,0,1691.257336,scenario_002,long
8176,1454,1.507955,0.390159,0.47102,0,1458.456598,scenario_002,short
8177,1455,41.835703,0.431967,0.696311,1,1555.479372,scenario_002,long
8178,1455,3.927718,0.72836,1.0,0,1477.09557,scenario_002,medium
8179,1455,7.269418,0.837395,0.751383,0,1468.213508,scenario_002,medium
8180,1455,1.26977,0.112122,0.211589,1,1457.177327,scenario_002,short
8181,1455,65.312342,0.712687,0.765079,0,1705.443723,scenario_002,long
8182,1455,1.669512,0.072993,0.243775,0,1460.017734,scenario_002,short
8183,1455,29.849532,0.756735,0.917407,0,1575.825063,scenario_002,long
8184,1455,24.606959,0.360882,0.36256,1,1516.968527,scenario_002,medium
8185,1455,15.130896,0.470462,0.539452,0,1527.1273,scenario_002,medium
8186,1456,7.469946,0.496274,0.546535,0,1492.716897,scenario_002,medium
8187,1456,1.438404,0.334677,0.315036,1,1458.862577,scenario_002,short
8188,1456,1.689449,0.422109,0.33987,0,1462.843575,scenario_002,short
8189,1456,72.688311,0.986903,0.970043,0,1787.810167,scenario_002,long
8190,1456,14.071001,0.288964,0.399751,0,1496.590625,scenario_002,medium
8191,1456,11.291537,0.634482,0.485328,0,1494.545836,scenario_002,long
8192,1456,2.321402,0.224249,0.185124,1,1462.838693,scenario_002,short
8193,1457,10.04252,0.886372,0.844665,0,1483.028991,scenario_002,medium
8194,1457,11.833033,0.205466,0.520585,0,1478.558142,scenario_002,medium
8195,1457,1.496408,0.201941,0.185473,1,1458.572518,scenario_002,short
8196,1457,86.080801,1.0,0.856101,0,1801.17762,scenario_002,long
8197,1457,54.640137,0.488248,0.992476,0,1705.826784,scenario_002,long
8198,1457,3.001997,0.373006,0.753065,1,1464.613529,scenario_002,short
8199,1458,24.482943,0.337881,0.591607,1,1509.836932,scenario_002,medium
8200,1458,8.15519,0.237206,0.367911,0,1485.599756,scenario_002,medium
8201,1458,1.878461,0.207713,0.346236,0,1461.251682,scenario_002,short
8202,1458,1.328857,0.314289,0.412839,2,1459.876827,scenario_002,short
8203,1458,13.027208,0.291925,0.298765,0,1527.093771,scenario_002,medium
8204,1458,16.012244,0.559965,0.399024,2,1487.301751,scenario_002,long
8205,1458,5.664384,0.470726,0.591765,0,1472.777057,scenario_002,medium
8206,1458,1.721903,0.127887,0.149601,0,1463.255,scenario_002,short
8207,1458,1.288504,0.723871,0.462044,2,1459.748708,scenario_002,short
8208,1458,1.807504,0.374846,0.269288,0,1463.429766,scenario_002,short
8209,1458,20.988218,0.891467,1.0,0,1543.339019,scenario_002,long
8210,1458,1.545619,0.328817,0.188353,1,1459.579892,scenario_002,short
8211,1458,2.161592,0.258946,0.291436,1,1463.306062,scenario_002,short
8212,1459,17.613357,0.774163,1.0,0,1537.159187,scenario_002,long
8213,1459,9.333968,0.603811,0.489782,0,1498.124816,scenario_002,medium
8214,1459,11.143487,0.617805,0.685159,0,1500.69196,scenario_002,medium
8215,1459,2.489988,0.799893,0.961421,0,1472.463666,scenario_002,short
8216,1459,2.788053,0.270463,0.530547,2,1464.515957,scenario_002,short
8217,1459,7.818149,0.151286,0.20428,0,1486.057318,scenario_002,medium
8218,1459,69.789199,0.965764,1.0,1,1677.305371,scenario_002,long
8219,1459,9.455099,0.398927,0.574246,1,1477.592499,scenario_002,medium
8220,1459,5.224834,0.41759,0.561587,0,1480.283134,scenario_002,medium
8221,1459,1.889248,0.519624,0.715127,0,1465.194246,scenario_002,short
8222,1459,12.338132,0.555986,0.819872,0,1492.924666,scenario_002,medium
8223,1459,14.818194,0.506926,0.514605,0,1537.150922,scenario_002,medium
8224,1459,10.454529,0.710835,0.661502,1,1485.665015,scenario_002,medium
8225,1459,1.29432,0.225422,0.113742,1,1461.751527,scenario_002,short
8226,1459,6.903944,0.356511,0.239181,1,1469.014446,scenario_002,medium
8227,1459,1.039708,0.845855,0.863039,2,1460.0,scenario_002,short
8228,1459,2.029371,0.111543,0.1355,0,1463.971333,scenario_002,short
8229,1459,1.447301,0.127964,0.17936,0,1461.438811,scenario_002,short
8230,1459,1.910333,0.676273,0.451313,0,1469.340592,scenario_002,short
8231,1460,10.890056,0.321746,0.452967,1,1495.771494,scenario_002,medium
8232,1460,2.350383,0.294848,0.564165,1,1465.010491,scenario_002,short
8233,1460,16.814854,0.52402,0.747892,1,1492.422857,scenario_002,medium
8234,1460,13.847293,0.493482,0.462034,0,1502.873768,scenario_002,medium
8235,1460,85.063187,0.258369,0.222199,0,1921.303946,scenario_002,long
8236,1460,40.263543,0.251124,0.387203,2,1508.433909,scenario_002,long
8237,1460,1.851852,0.415317,0.466024,1,1462.571061,scenario_002,short
8238,1460,2.35421,0.663952,0.823058,1,1462.713054,scenario_002,short
8239,1460,9.695009,0.884654,0.638022,0,1506.125484,scenario_002,medium
8240,1460,11.549909,0.725956,0.714443,1,1485.086291,scenario_002,medium
8241,1460,1.651202,0.260429,0.268662,1,1464.857416,scenario_002,short
8242,1460,1.999604,0.415476,0.401922,0,1464.131038,scenario_002,short
8243,1460,1.902625,0.265313,0.352373,1,1465.970801,scenario_002,short
8244,1460,20.431586,0.366471,0.567851,1,1522.052574,scenario_002,medium
8245,1460,106.189001,0.971335,1.0,0,1808.878792,scenario_002,long
8246,1460,4.333385,0.210258,0.445163,2,1468.544063,scenario_002,medium
8247,1460,1.526219,0.071487,0.714281,2,1463.222794,scenario_002,short
8248,1460,1.538872,0.34844,0.506383,0,1464.762044,scenario_002,short
8249,1460,2.627569,0.311412,0.378845,1,1468.096537,scenario_002,short
8250,1460,35.899141,1.0,0.846774,0,1533.946694,scenario_002,long
8251,1461,12.851487,0.637667,0.972426,2,1478.54512,scenario_002,medium
8252,1461,25.908401,0.340762,0.42563,0,1595.940226,scenario_002,long
8253,1461,38.73571,0.417461,0.504562,0,1532.084295,scenario_002,long
8254,1461,7.252303,0.496235,0.516474,2,1465.388505,scenario_002,medium
8255,1461,2.088496,0.282915,0.419898,0,1470.346705,scenario_002,short
8256,1461,8.734891,0.598019,0.637677,0,1494.113879,scenario_002,medium
8257,1461,2.395421,0.245191,0.355453,0,1464.938528,scenario_002,short
8258,1461,12.910158,1.0,1.0,0,1485.954075,scenario_002,long
8259,1461,7.823452,0.417116,0.398181,1,1477.707888,scenario_002,medium
8260,1461,2.438138,0.398737,0.366297,1,1466.271604,scenario_002,short
8261,1461,1.28644,0.188086,0.387136,1,1463.674883,scenario_002,short
8262,1461,1.470474,0.425873,0.422607,0,1463.461885,scenario_002,short
8263,1461,1.505527,0.209665,0.226767,0,1464.989756,scenario_002,short
8264,1461,6.72021,0.232342,0.792883,2,1469.46776,scenario_002,medium
8265,1461,6.501533,0.58978,0.382976,0,1480.02994,scenario_002,medium
8266,1461,2.966107,0.076046,0.203616,0,1472.858347,scenario_002,short
8267,1461,1.956037,0.2508,0.520784,0,1471.154215,scenario_002,short
8268,1461,1.704372,0.206043,0.227281,1,1462.907078,scenario_002,short
8269,1461,1.832713,0.728652,0.572348,0,1467.956212,scenario_002,short
8270,1461,8.794765,0.57486,0.479292,0,1485.277527,scenario_002,medium
8271,1461,1.119381,0.258278,0.384838,0,1463.131032,scenario_002,short
8272,1461,1.290548,0.256,0.294681,1,1462.466976,scenario_002,short
8273,1461,1.336778,0.106146,0.362927,1,1462.296936,scenario_002,short
8274,1461,8.016813,0.651607,0.462364,0,1489.104392,scenario_002,medium
8275,1461,9.301652,0.470485,0.85184,0,1495.818953,scenario_002,medium
8276,1461,2.419748,0.170706,0.254607,0,1467.444177,scenario_002,short
8277,1462,1.060343,0.276914,0.395191,0,1465.106383,scenario_002,short
8278,1462,149.670789,0.727531,0.814044,0,2261.678689,scenario_002,long
8279,1462,1.286996,0.07931,0.247289,0,1466.751351,scenario_002,short
8280,1462,23.540742,0.280424,0.378245,0,1530.726523,scenario_002,long
8281,1462,6.276674,0.316648,0.430256,0,1482.948456,scenario_002,medium
8282,1462,1.367486,0.061117,0.099699,0,1467.521073,scenario_002,short
8283,1462,1.894725,0.203825,0.626742,2,1466.021966,scenario_002,short
8284,1462,1.085172,0.180236,0.327943,0,1466.494693,scenario_002,short
8285,1462,15.25417,0.277571,0.391385,1,1495.924348,scenario_002,medium
8286,1462,1.766603,0.630721,0.618326,0,1469.009357,scenario_002,short
8287,1462,1.29375,0.158542,0.281836,0,1465.132579,scenario_002,short
8288,1462,13.79967,0.668551,0.91922,0,1499.780834,scenario_002,medium
8289,1462,1.858137,0.306846,0.322096,0,1468.994738,scenario_002,short
8290,1462,13.297204,0.768164,0.668641,1,1496.873606,scenario_002,medium
8291,1462,6.635841,0.356718,0.354143,2,1468.96957,scenario_002,medium
8292,1463,0.976309,0.404006,0.611237,0,1467.042464,scenario_002,short
8293,1463,15.251895,0.605537,0.641918,0,1494.615881,scenario_002,medium
8294,1463,1.594236,0.845788,0.799021,2,1465.338188,scenario_002,short
8295,1463,1.305351,0.067536,0.486907,0,1466.593571,scenario_002,short
8296,1463,8.663105,0.562338,0.621017,0,1486.761614,scenario_002,medium
8297,1463,41.330772,0.982542,1.0,2,1496.357769,scenario_002,long
8298,1463,19.613726,0.935744,0.959283,1,1501.599566,scenario_002,long
8299,1464,8.756248,0.203293,0.248044,0,1511.052155,scenario_002,medium
8300,1464,1.357852,0.402022,0.720176,1,1468.250986,scenario_002,short
8301,1464,1.181667,0.438043,0.770597,0,1468.163941,scenario_002,short
8302,1464,1.566433,0.381802,0.215687,0,1468.639053,scenario_002,short
8303,1464,2.105728,0.489185,0.660675,0,1471.194054,scenario_002,short
8304,1464,7.587433,0.563643,0.521382,1,1482.039301,scenario_002,medium
8305,1464,1.97,0.285894,0.29421,0,1470.67106,scenario_002,short
8306,1464,9.009029,0.714943,0.622246,0,1483.885354,scenario_002,medium
8307,1464,1.689022,0.191143,0.587314,0,1470.391999,scenario_002,short
8308,1464,2.105105,0.135257,0.32077,0,1472.838682,scenario_002,short
8309,1464,1.244447,0.249576,0.750985,1,1465.603913,scenario_002,short
8310,1464,2.062014,0.316211,0.249946,0,1472.385247,scenario_002,short
8311,1464,1.475114,0.057733,0.239291,2,1466.405225,scenario_002,short
8312,1464,2.772338,0.322151,0.356731,0,1476.814562,scenario_002,short
8313,1464,1.458344,0.81646,0.555448,0,1469.33559,scenario_002,short
8314,1464,8.4849,0.464994,0.458157,1,1484.55492,scenario_002,medium
8315,1464,1.552202,0.214584,0.368492,0,1466.979306,scenario_002,short
8316,1464,2.069329,0.293758,0.657859,0,1468.973217,scenario_002,short
8317,1465,8.173969,0.609751,0.712019,0,1498.745631,scenario_002,medium
8318,1465,20.302493,0.704193,0.611327,0,1544.202529,scenario_002,long
8319,1465,22.944518,0.457184,0.495073,2,1506.845141,scenario_002,medium
8320,1465,23.994363,0.711592,0.730572,0,1563.50302,scenario_002,long
8321,1465,23.249883,0.663067,0.966712,0,1582.908671,scenario_002,long
8322,1465,7.958426,0.640784,0.580186,0,1498.006662,scenario_002,medium
8323,1465,11.288401,1.0,0.955298,1,1483.483476,scenario_002,long
8324,1465,6.677624,0.139819,0.158715,0,1502.511674,scenario_002,medium
8325,1465,82.067567,1.0,1.0,1,1688.315162,scenario_002,long
8326,1465,7.301814,0.619204,0.770179,0,1502.027895,scenario_002,medium
8327,1465,0.994809,0.354409,0.405492,0,1469.37858,scenario_002,short
8328,1465,1.505272,0.566341,0.63404,0,1467.668666,scenario_002,short
8329,1465,6.65108,0.559846,0.778384,0,1488.960835,scenario_002,medium
8330,1465,11.277222,0.593139,0.664109,0,1499.362157,scenario_002,medium
8331,1466,230.767083,0.934169,0.818398,2,1972.158947,scenario_002,long
8332,1466,6.444364,0.365598,0.677998,0,1498.00354,scenario_002,medium
8333,1466,3.002917,0.351643,0.367109,0,1471.831023,scenario_002,short
8334,1466,10.28893,0.445845,0.581904,1,1496.20618,scenario_002,medium
8335,1466,12.433451,0.290457,0.562122,0,1500.370932,scenario_002,medium
8336,1466,2.57472,0.145814,0.229734,0,1473.825712,scenario_002,short
8337,1466,1.426984,0.173168,0.16458,0,1473.90491,scenario_002,short
8338,1466,4.967932,0.448717,0.591591,0,1487.952106,scenario_002,medium
8339,1466,1.158744,0.433093,0.646979,0,1468.828617,scenario_002,short
8340,1466,2.534091,0.368368,0.333153,1,1472.247459,scenario_002,short
8341,1466,2.055241,0.393145,0.445322,2,1468.598635,scenario_002,short
8342,1466,12.72666,0.392321,0.316216,2,1474.960258,scenario_002,medium
8343,1466,14.118086,0.276913,0.664966,0,1525.452964,scenario_002,medium
8344,1466,3.099853,0.58165,0.470191,2,1469.957044,scenario_002,short
8345,1466,2.200631,0.327063,0.347714,0,1474.680603,scenario_002,short
8346,1466,37.565903,0.876961,0.951749,0,1639.067766,scenario_002,long
8347,1467,38.415879,1.0,0.780659,0,1627.754447,scenario_002,long
8348,1467,2.512092,0.171542,0.414383,0,1477.908337,scenario_002,short
8349,1467,16.936457,0.454232,0.45851,0,1544.150818,scenario_002,medium
8350,1467,6.189379,0.590231,0.673797,0,1488.080878,scenario_002,medium
8351,1467,7.773828,0.594134,0.628061,0,1479.964979,scenario_002,medium
8352,1467,1.819858,0.301926,0.335879,2,1470.349715,scenario_002,short
8353,1467,1.319303,0.39498,0.510437,0,1473.878842,scenario_002,short
8354,1467,1.593,0.108618,0.219054,0,1474.962731,scenario_002,short
8355,1467,2.226523,0.712042,0.665739,0,1473.070869,scenario_002,short
8356,1467,10.957053,0.16771,0.27055,0,1499.245779,scenario_002,medium
8357,1467,2.593161,0.157884,0.489232,1,1472.886971,scenario_002,short
8358,1467,2.064221,0.426853,0.395418,1,1469.708375,scenario_002,short
8359,1467,1.131595,0.321357,0.469314,0,1471.476718,scenario_002,short
8360,1467,2.314464,0.122616,0.196669,0,1472.266868,scenario_002,short
8361,1467,1.9032,0.25395,0.203889,0,1476.364046,scenario_002,short
8362,1467,5.277999,0.557487,0.367223,0,1478.209,scenario_002,medium
8363,1467,1.912034,0.176145,0.167326,1,1472.969829,scenario_002,short
8364,1467,1.336638,0.061773,0.05,0,1469.81738,scenario_002,short
8365,1467,49.096028,0.411306,0.369469,0,1675.715538,scenario_002,long
8366,1467,9.019435,0.227546,0.52229,2,1480.762817,scenario_002,medium
8367,1468,2.687045,0.323013,0.266469,0,1474.97979,scenario_002,short
8368,1468,1.060884,0.347209,0.481494,0,1471.137029,scenario_002,short
8369,1468,2.524231,0.371947,0.519501,0,1474.09273,scenario_002,short
8370,1468,1.635252,0.098707,0.244829,0,1476.024313,scenario_002,short
8371,1468,2.207942,0.367159,0.748233,0,1474.590782,scenario_002,short
8372,1468,2.093532,0.203303,0.283305,0,1473.385735,scenario_002,short
8373,1468,25.672385,0.628705,0.72808,0,1517.149408,scenario_002,long
8374,1468,13.120058,0.622805,0.42415,0,1503.510589,scenario_002,medium
8375,1468,97.064855,0.919266,0.655451,0,1808.890633,scenario_002,long
8376,1468,2.769719,0.695656,0.477735,0,1478.773094,scenario_002,short
8377,1468,9.916517,0.383471,0.445421,0,1515.666823,scenario_002,medium
8378,1468,31.548023,1.0,1.0,0,1541.077161,scenario_002,long
8379,1468,15.590415,0.980134,0.797913,0,1550.670772,scenario_002,medium
8380,1468,12.227508,0.126505,0.214085,0,1521.412862,scenario_002,medium
8381,1468,9.755085,0.694796,0.747113,1,1490.536856,scenario_002,medium
8382,1468,7.562972,0.706377,0.875089,0,1490.633431,scenario_002,medium
8383,1468,2.211151,0.25298,0.452323,0,1471.93079,scenario_002,short
8384,1468,1.568166,0.193607,0.185039,1,1472.399517,scenario_002,short
8385,1468,11.603715,0.129199,0.2089,1,1480.706276,scenario_002,medium
8386,1469,43.539629,1.0,0.675958,0,1692.529852,scenario_002,long
8387,1469,2.780821,0.531636,0.454549,2,1475.194958,scenario_002,short
8388,1469,6.65995,0.413177,0.852723,0,1490.94301,scenario_002,medium
8389,1469,1.615357,0.385646,0.320143,2,1471.80493,scenario_002,short
8390,1469,2.00361,0.264368,0.205343,2,1471.206582,scenario_002,short
8391,1469,1.730153,0.302867,0.390719,0,1478.720046,scenario_002,short
8392,1469,23.506466,1.0,1.0,1,1509.752207,scenario_002,medium
8393,1469,1.953048,0.064669,0.371003,2,1472.897616,scenario_002,short
8394,1469,1.499077,0.424099,0.602071,1,1472.460222,scenario_002,short
8395,1469,2.691842,0.545827,0.726309,0,1478.126807,scenario_002,short
8396,1469,7.626352,0.53394,0.558483,1,1490.039424,scenario_002,medium
8397,1469,9.633969,0.212767,0.563283,0,1503.96249,scenario_002,medium
8398,1469,1.20126,0.127766,0.250567,0,1471.516857,scenario_002,short
8399,1470,10.118165,1.0,0.743093,0,1485.849239,scenario_002,medium
8400,1470,1.750111,0.404324,0.514977,1,1474.759947,scenario_002,short
8401,1470,22.608207,1.0,0.848157,0,1523.886409,scenario_002,long
8402,1470,1.672049,0.812947,0.639369,0,1478.740911,scenario_002,short
8403,1470,2.01315,0.090747,0.204853,1,1472.736152,scenario_002,short
8404,1470,1.638021,0.163049,0.279269,0,1474.338055,scenario_002,short
8405,1470,5.745292,0.362848,0.181228,0,1501.84111,scenario_002,medium
8406,1470,74.454429,0.801543,0.912613,2,1592.200868,scenario_002,long
8407,1470,1.988168,0.087002,0.163546,1,1471.937662,scenario_002,short
8408,1470,1.897169,0.780951,1.0,2,1472.512626,scenario_002,short
8409,1470,2.396479,0.290325,0.600413,2,1472.329986,scenario_002,short
8410,1470,79.536059,0.79609,0.489204,1,1557.808312,scenario_002,long
8411,1470,12.605087,0.683038,0.665596,0,1535.8355,scenario_002,medium
8412,1470,40.336878,0.791004,0.683038,1,1569.156001,scenario_002,long
8413,1470,1.292148,0.340804,0.386484,2,1472.122308,scenario_002,short
8414,1470,1.455718,0.64318,0.399231,0,1477.300767,scenario_002,short
8415,1470,12.473504,0.196497,0.236208,0,1509.852947,scenario_002,medium
8416,1470,6.083,0.122697,0.058152,0,1498.508217,scenario_002,medium
8417,1470,1.40127,0.276492,0.455002,1,1473.658791,scenario_002,short
8418,1471,1.438041,0.110213,0.371609,0,1477.011283,scenario_002,short
8419,1471,69.077357,0.709203,0.752832,0,1792.45692,scenario_002,long
8420,1471,11.529099,0.602963,0.619652,2,1485.728819,scenario_002,medium
8421,1471,60.313425,0.596136,0.654154,0,1686.929735,scenario_002,long
8422,1471,5.210091,0.612024,0.621124,0,1494.788296,scenario_002,medium
8423,1471,16.549546,1.0,0.946298,2,1495.759788,scenario_002,long
8424,1471,1.633177,0.266635,0.655584,1,1475.325003,scenario_002,short
8425,1471,2.151754,0.276543,0.349126,0,1482.140994,scenario_002,short
8426,1471,1.959504,0.270235,0.417777,0,1480.521591,scenario_002,short
8427,1471,17.002198,0.458408,0.2912,0,1511.477707,scenario_002,medium
8428,1471,1.383185,0.234269,0.089532,2,1473.434666,scenario_002,short
8429,1471,9.204583,0.312061,0.500972,1,1481.197079,scenario_002,medium
8430,1471,1.398968,0.061748,0.515393,0,1476.273508,scenario_002,short
8431,1471,1.946798,0.229265,0.550963,0,1476.17761,scenario_002,short
8432,1471,2.506288,0.190254,0.726538,0,1475.532041,scenario_002,short
8433,1471,1.713596,0.086651,0.523186,1,1473.318439,scenario_002,short
8434,1471,1.979177,0.707851,1.0,0,1477.112029,scenario_002,short
8435,1471,1.444923,0.403381,0.470267,0,1474.900111,scenario_002,short
8436,1471,6.939722,0.830887,0.791585,0,1482.39239,scenario_002,medium
8437,1471,1.850457,0.436044,0.510067,2,1473.0312,scenario_002,short
8438,1472,5.013617,0.454625,0.531761,0,1497.022592,scenario_002,medium
8439,1472,9.896614,0.220264,0.388802,0,1519.607566,scenario_002,medium
8440,1472,1.70186,0.424945,0.469103,1,1474.435166,scenario_002,short
8441,1472,1.715463,0.366212,0.443192,0,1476.508455,scenario_002,short
8442,1472,14.119325,0.622026,0.676853,0,1515.582747,scenario_002,medium
8443,1472,11.890002,0.158069,0.53043,0,1492.228924,scenario_002,medium
8444,1472,0.893304,0.359465,0.311092,2,1473.919338,scenario_002,short
8445,1472,1.928508,0.190292,0.29918,0,1481.093496,scenario_002,short
8446,1472,12.781658,0.794183,1.0,2,1485.107125,scenario_002,long
8447,1472,1.401645,0.185475,0.278404,0,1477.725468,scenario_002,short
8448,1472,6.170916,0.368628,0.429878,0,1497.883489,scenario_002,medium
8449,1472,8.530305,0.612776,0.633027,0,1507.095122,scenario_002,medium
8450,1472,5.140035,0.127711,0.4026,1,1488.784211,scenario_002,medium
8451,1473,7.388121,0.667931,0.831099,0,1511.936579,scenario_002,medium
8452,1473,1.458379,0.167982,0.484056,1,1477.083139,scenario_002,short
8453,1473,1.954368,0.337178,0.702197,0,1478.081666,scenario_002,short
8454,1473,6.685506,0.159516,0.281847,0,1500.347967,scenario_002,medium
8455,1473,6.872202,1.0,0.717413,0,1487.256146,scenario_002,medium
8456,1473,93.652098,0.339176,0.233571,0,1792.70312,scenario_002,long
8457,1473,2.800918,0.330004,0.433882,0,1479.777933,scenario_002,short
8458,1473,2.243136,0.30978,0.513376,0,1480.507145,scenario_002,short
8459,1473,52.646843,1.0,0.904414,2,1565.58545,scenario_002,long
8460,1473,1.747554,0.475794,0.564392,0,1480.421845,scenario_002,short
8461,1473,7.292184,0.507542,0.506793,2,1483.374787,scenario_002,medium
8462,1473,34.846794,0.627867,0.634574,2,1501.664275,scenario_002,long
8463,1473,6.739168,0.668379,0.711605,1,1492.289205,scenario_002,medium
8464,1473,2.719844,0.414409,0.355948,0,1477.393257,scenario_002,short
8465,1473,8.4302,0.23809,0.364025,1,1487.315605,scenario_002,medium
8466,1474,10.149048,0.451307,0.454711,0,1515.985665,scenario_002,medium
8467,1474,35.529973,0.418536,0.394105,2,1511.16691,scenario_002,long
8468,1474,1.364528,0.293746,0.687983,1,1475.493246,scenario_002,short
8469,1474,1.19288,0.371681,0.462967,2,1476.465894,scenario_002,short
8470,1474,1.467296,0.113595,0.251018,0,1477.924921,scenario_002,short
8471,1474,8.819778,0.373778,0.268977,1,1487.381524,scenario_002,medium
8472,1474,3.457804,0.133336,0.457577,2,1480.707388,scenario_002,medium
8473,1474,15.052899,0.601057,0.599406,0,1548.070745,scenario_002,medium
8474,1474,9.669268,0.348492,0.407545,0,1508.7802,scenario_002,medium
8475,1474,1.423655,0.393218,0.784132,1,1477.286048,scenario_002,short
8476,1474,1.403056,0.068827,0.281663,0,1480.096528,scenario_002,short
8477,1475,13.660341,0.278418,0.311301,2,1505.229857,scenario_002,medium
8478,1475,1.074018,0.094074,0.242808,0,1480.988665,scenario_002,short
8479,1475,1.669428,0.131014,0.174343,0,1479.060381,scenario_002,short
8480,1475,8.665037,0.518592,0.52504,0,1494.998438,scenario_002,medium
8481,1475,13.253547,0.961957,0.894721,0,1542.18241,scenario_002,medium
8482,1475,1.983355,0.58898,0.925066,0,1480.050557,scenario_002,short
8483,1475,12.466287,0.57111,0.502432,0,1539.197355,scenario_002,medium
8484,1475,1.614465,0.116148,0.567853,1,1478.189991,scenario_002,short
8485,1475,5.44678,0.982609,0.985144,0,1490.263801,scenario_002,medium
8486,1475,1.838648,0.241698,0.426869,0,1484.765276,scenario_002,short
8487,1475,4.097161,0.522691,0.554639,1,1478.934598,scenario_002,medium
8488,1475,4.314412,0.588399,0.482737,0,1487.989849,scenario_002,medium
8489,1475,1.014376,0.341824,0.703012,0,1478.307391,scenario_002,short
8490,1475,1.525679,0.250213,0.40708,0,1481.110726,scenario_002,short
8491,1475,53.988566,0.318687,0.289142,2,1537.916336,scenario_002,long
8492,1475,2.063163,0.333098,0.318535,0,1480.933112,scenario_002,short
8493,1475,23.818368,0.870287,0.892077,0,1584.248519,scenario_002,long
8494,1475,19.402126,0.358159,0.430975,0,1512.921104,scenario_002,medium
8495,1475,6.787088,0.438443,0.805122,0,1501.012263,scenario_002,medium
8496,1475,63.11378,1.0,1.0,2,1537.148658,scenario_002,long
8497,1475,8.410636,0.446257,0.512077,2,1484.792463,scenario_002,medium
8498,1476,1.636358,0.271483,0.457251,0,1479.698466,scenario_002,short
8499,1476,10.214686,0.628957,0.762643,0,1504.842106,scenario_002,medium
8500,1476,7.311473,0.399624,0.744152,1,1497.648645,scenario_002,medium
8501,1476,13.020963,1.0,0.885717,0,1529.188548,scenario_002,medium
8502,1476,1.358074,0.738252,0.810039,1,1478.788461,scenario_002,short
8503,1476,15.24757,0.892868,0.714133,0,1525.81167,scenario_002,long
8504,1476,9.020249,0.599075,0.741483,0,1503.686389,scenario_002,medium
8505,1476,12.337527,0.529823,0.615444,0,1502.701043,scenario_002,medium
8506,1476,10.50128,0.418723,0.410688,0,1526.703702,scenario_002,medium
8507,1476,10.746794,0.380992,0.505355,2,1484.323389,scenario_002,medium
8508,1476,9.778158,0.911654,1.0,0,1505.273904,scenario_002,medium
8509,1476,2.295498,0.777761,0.748273,0,1488.028487,scenario_002,short
8510,1477,9.724688,0.32632,0.405593,0,1501.214862,scenario_002,medium
8511,1477,1.714365,0.71523,0.624677,1,1480.326075,scenario_002,short
8512,1477,10.420706,0.961215,0.848409,0,1532.555125,scenario_002,medium
8513,1477,1.253651,0.634964,0.769031,0,1480.836044,scenario_002,short
8514,1477,2.052297,0.094697,0.321503,0,1485.232863,scenario_002,short
8515,1477,31.284707,0.874879,0.834354,0,1652.097462,scenario_002,long
8516,1477,1.050127,0.223464,0.558881,1,1478.955558,scenario_002,short
8517,1477,3.061553,0.64219,0.599936,1,1484.426887,scenario_002,short
8518,1477,42.1188,0.615282,0.678351,0,1663.504219,scenario_002,long
8519,1477,8.889262,0.722248,0.859395,2,1494.4682,scenario_002,medium
8520,1477,43.046531,0.566984,0.517039,2,1542.732652,scenario_002,long
8521,1477,1.865389,0.299791,0.441696,1,1483.146281,scenario_002,short
8522,1477,2.104539,0.418405,0.645603,0,1487.142807,scenario_002,short
8523,1477,15.188813,0.673094,0.629593,0,1524.324853,scenario_002,medium
8524,1477,1.576866,0.611885,0.717038,2,1478.175228,scenario_002,short
8525,1477,1.950184,0.182897,0.21212,2,1481.094878,scenario_002,short
8526,1477,1.751901,0.498523,0.478147,0,1482.796925,scenario_002,short
8527,1477,8.446616,0.21552,0.327527,0,1500.049655,scenario_002,medium
8528,1477,1.1475,0.33868,0.461061,0,1482.486678,scenario_002,short
8529,1477,9.196915,0.966903,0.696398,0,1494.488208,scenario_002,medium
8530,1478,6.091757,0.580934,0.746477,0,1500.595311,scenario_002,medium
8531,1478,2.478212,0.447707,0.42854,2,1479.598032,scenario_002,short
8532,1478,25.831133,0.541598,0.692031,0,1588.326067,scenario_002,long
8533,1478,2.427805,0.212647,0.140417,0,1486.016083,scenario_002,short
8534,1478,2.44551,0.298777,0.555068,0,1486.477237,scenario_002,short
8535,1478,2.160711,0.329174,0.176944,0,1481.831231,scenario_002,short
8536,1479,2.041034,0.208717,0.235087,2,1482.98942,scenario_002,short
8537,1479,8.537454,0.800213,0.52632,1,1493.988233,scenario_002,medium
8538,1479,1.819405,0.378149,0.253697,0,1488.436341,scenario_002,short
8539,1479,25.374811,0.323965,0.29995,0,1620.920261,scenario_002,long
8540,1479,6.339906,0.675633,0.742036,2,1492.532551,scenario_002,medium
8541,1479,8.384075,0.533064,0.699052,0,1515.896861,scenario_002,long
8542,1479,1.628357,0.346205,0.518008,0,1486.37175,scenario_002,short
8543,1480,6.518694,0.249502,0.25651,2,1486.440951,scenario_002,medium
8544,1480,2.141602,0.059018,0.131951,0,1483.504749,scenario_002,short
8545,1481,15.661231,0.443851,0.674656,1,1532.380925,scenario_002,medium
8546,1481,20.177333,0.859203,0.806156,1,1522.770667,scenario_002,long
8547,1481,11.937868,0.429423,0.967164,1,1499.390547,scenario_002,medium
8548,1481,8.395735,0.466555,0.416327,1,1493.062328,scenario_002,medium
8549,1481,6.555317,0.273284,0.376056,0,1494.632228,scenario_002,medium
8550,1481,1.462028,0.098895,0.224662,2,1483.072378,scenario_002,short
8551,1481,2.45889,0.26663,0.232993,2,1485.811103,scenario_002,short
8552,1481,1.416749,0.616467,0.679015,1,1484.687277,scenario_002,short
8553,1481,1.607508,0.254742,0.349072,0,1488.289574,scenario_002,short
8554,1482,37.006459,0.640278,0.743212,0,1604.392604,scenario_002,long
8555,1482,10.222829,0.816907,0.802304,1,1499.088787,scenario_002,medium
8556,1482,16.522659,0.700152,0.637775,1,1503.339641,scenario_002,medium
8557,1482,2.379739,0.296989,0.417783,1,1489.2829,scenario_002,short
8558,1482,10.804501,0.636259,0.687271,1,1510.286749,scenario_002,medium
8559,1483,12.430808,0.627194,0.798314,0,1519.29546,scenario_002,medium
8560,1483,1.34141,0.334857,0.381873,0,1488.692747,scenario_002,short
8561,1483,53.514703,0.898597,0.772455,0,1768.950969,scenario_002,long
8562,1483,6.763892,0.322676,0.597497,0,1509.803635,scenario_002,medium
8563,1483,2.015015,0.145017,0.170777,0,1488.559111,scenario_002,short
8564,1483,1.222097,0.598894,0.696932,0,1489.766378,scenario_002,short
8565,1483,1.186811,0.688753,0.660645,0,1486.758782,scenario_002,short
8566,1483,6.362678,0.957296,0.956172,2,1493.390625,scenario_002,medium
8567,1483,5.55976,0.751438,1.0,0,1509.110269,scenario_002,medium
8568,1484,39.312877,0.920915,0.684687,0,1650.60727,scenario_002,long
8569,1484,1.38384,0.332894,0.848809,0,1487.345633,scenario_002,short
8570,1484,43.313116,0.815929,0.702957,0,1632.40998,scenario_002,long
8571,1485,11.521305,1.0,0.846772,0,1548.497397,scenario_002,medium
8572,1485,1.929457,0.304728,0.410944,0,1495.304267,scenario_002,short
8573,1485,1.406864,0.066141,0.380693,0,1488.990364,scenario_002,short
8574,1485,1.225331,0.353773,0.462476,0,1489.157841,scenario_002,short
8575,1485,2.470546,0.30506,0.314023,0,1495.026361,scenario_002,short
8576,1486,9.890406,0.656319,0.474018,1,1506.346535,scenario_002,medium
8577,1486,10.317029,0.332303,0.459391,0,1525.815883,scenario_002,medium
8578,1486,1.241708,0.254333,0.352004,2,1487.128943,scenario_002,short
8579,1486,58.267284,0.950528,0.700651,0,1788.051349,scenario_002,long
8580,1486,7.031759,0.536092,0.491487,0,1496.955469,scenario_002,medium
8581,1486,2.970293,0.670982,0.638502,0,1491.617911,scenario_002,short
8582,1486,5.512823,0.198445,0.432574,0,1513.410459,scenario_002,medium
8583,1487,8.275129,0.401191,0.348234,2,1502.007075,scenario_002,medium
8584,1487,2.068276,0.605475,0.563899,1,1489.518096,scenario_002,short
8585,1488,1.17934,0.152235,0.346547,0,1491.089621,scenario_002,short
8586,1488,10.360587,0.604392,0.501041,0,1544.291884,scenario_002,medium
8587,1488,12.514383,0.583096,0.545573,0,1549.140648,scenario_002,medium
8588,1488,71.621051,0.844912,0.760086,0,1801.938674,scenario_002,long
8589,1488,6.470405,0.506998,0.402459,2,1493.087766,scenario_002,medium
8590,1488,2.814486,0.055858,0.309051,0,1503.051343,scenario_002,short
8591,1488,11.255591,0.645171,0.958587,0,1536.98381,scenario_002,medium
8592,1488,8.548923,0.534556,0.456761,2,1506.079108,scenario_002,medium
8593,1488,65.918952,0.723484,0.629561,0,1708.107639,scenario_002,long
8594,1489,38.424768,0.910216,1.0,1,1577.737177,scenario_002,long
8595,1489,2.434208,0.218649,0.397209,1,1491.84866,scenario_002,short
8596,1490,1.630992,0.062134,0.441889,1,1492.041671,scenario_002,short
8597,1490,3.521488,0.223011,0.256671,0,1497.09829,scenario_002,short
8598,1490,7.176311,1.0,0.904216,0,1520.833699,scenario_002,long
8599,1490,1.360102,0.079816,0.195242,1,1493.893827,scenario_002,short
8600,1490,7.900781,0.609839,0.483569,0,1529.353848,scenario_002,medium
8601,1490,1.990231,0.16009,0.532143,0,1497.565301,scenario_002,short
8602,1491,11.105283,1.0,1.0,0,1529.102549,scenario_002,medium
8603,1491,2.159604,0.352517,0.320057,0,1501.793558,scenario_002,short
8604,1491,1.243866,0.208299,0.459473,0,1494.738927,scenario_002,short
8605,1491,6.301208,0.489651,0.47761,0,1519.896555,scenario_002,medium
8606,1491,1.897372,0.35927,0.341094,0,1501.14607,scenario_002,short
8607,1492,27.981049,0.844162,0.71374,0,1538.182105,scenario_002,long
8608,1492,10.311875,0.178183,0.28139,2,1507.416358,scenario_002,medium
8609,1492,6.318458,0.671971,0.702157,2,1504.879811,scenario_002,medium
8610,1492,3.546073,0.834471,0.764181,0,1510.952232,scenario_002,medium
8611,1492,34.61651,0.697504,0.572905,0,1556.141334,scenario_002,long
8612,1492,6.934602,0.256088,0.214982,0,1507.342955,scenario_002,medium
8613,1492,12.993687,0.603981,0.872449,0,1521.937783,scenario_002,medium
8614,1492,1.535558,0.135629,0.093353,0,1498.429732,scenario_002,short
8615,1492,8.719029,0.17362,0.572563,2,1511.496086,scenario_002,medium
8616,1492,13.659691,0.333347,0.518797,2,1500.920861,scenario_002,long
8617,1493,2.314134,0.249037,0.366098,0,1498.50288,scenario_002,short
8618,1493,1.370341,0.289202,0.518646,0,1498.711329,scenario_002,short
8619,1493,6.230593,0.212274,0.351714,0,1524.62596,scenario_002,medium
8620,1493,46.487059,0.846805,0.856778,1,1630.730046,scenario_002,long
8621,1493,38.439293,0.708778,0.499956,0,1654.874281,scenario_002,long
8622,1493,5.035718,0.614067,0.586015,1,1498.282654,scenario_002,medium
8623,1493,2.044163,0.437386,0.535491,0,1502.662292,scenario_002,short
8624,1494,18.495225,0.458668,0.595833,0,1596.729347,scenario_002,long
8625,1494,1.659081,0.302091,0.684787,2,1495.770327,scenario_002,short
8626,1494,3.13964,0.197963,0.435731,0,1507.185308,scenario_002,short
8627,1495,3.664686,0.540403,0.534361,0,1504.860525,scenario_002,short
8628,1495,1.564166,0.380894,0.39069,0,1501.32998,scenario_002,short
8629,1495,1.945949,0.080418,0.481677,1,1500.327307,scenario_002,short
8630,1495,2.171469,0.55555,0.559624,1,1498.18915,scenario_002,short
8631,1496,12.783704,0.288383,0.738724,0,1560.807821,scenario_002,medium
8632,1496,8.248385,0.607544,0.62786,0,1538.883991,scenario_002,medium
8633,1497,14.302545,1.0,0.893471,0,1565.986702,scenario_002,medium
8634,1497,11.724601,0.653306,0.633474,0,1551.293767,scenario_002,medium
8635,1498,1.23396,0.159009,0.246311,1,1500.579092,scenario_002,short
8636,1498,1.921112,0.072023,0.265987,0,1507.345026,scenario_002,short
8637,1498,1.170444,0.306651,0.872189,0,1502.875234,scenario_002,short
8638,1498,2.167855,0.443076,0.458115,1,1501.946445,scenario_002,short
8639,1499,17.145672,0.920254,0.964969,1,1520.239763,scenario_002,medium
8640,1499,2.056075,0.236385,0.369259,0,1506.447253,scenario_002,short
8641,1499,1.132117,0.287309,0.338859,0,1502.312413,scenario_002,short
8642,1500,2.011179,0.347751,0.394515,0,1508.164952,scenario_002,short
8643,1500,9.61209,0.159728,0.261979,0,1518.030197,scenario_002,medium
8644,1500,1.810179,0.105846,0.52515,0,1505.830993,scenario_002,short
8645,1500,1.925699,0.684428,0.641097,0,1507.795208,scenario_002,short
8646,1501,1.425327,0.780779,0.658427,0,1508.618606,scenario_002,short
8647,1501,1.610974,0.263204,0.468179,1,1504.92461,scenario_002,short
8648,1501,7.779111,0.482269,0.770531,0,1540.904778,scenario_002,medium
8649,1501,7.133442,0.427511,0.705237,2,1510.032533,scenario_002,medium
8650,1501,9.990721,0.417463,0.439245,0,1528.594715,scenario_002,medium
8651,1502,4.528181,0.559177,0.784946,1,1510.373011,scenario_002,medium
8652,1502,9.839245,0.404419,0.395905,0,1523.142904,scenario_002,medium
8653,1503,1.396383,0.657865,0.699167,0,1510.588615,scenario_002,short
8654,1503,6.038556,0.702656,0.575342,2,1509.774274,scenario_002,medium
8655,1503,9.675987,0.23671,0.354807,1,1518.581553,scenario_002,medium
8656,1503,6.53463,0.193552,0.293183,2,1507.385925,scenario_002,medium
8657,1506,1.671593,0.611998,1.0,0,1515.114084,scenario_002,short
8658,1506,1.319858,0.776141,0.881528,0,1513.026917,scenario_002,short
8659,1506,6.74641,0.39831,0.273255,0,1539.616917,scenario_002,medium
8660,1506,1.729274,0.61857,0.473172,1,1511.468391,scenario_002,short
8661,1507,7.48533,0.461758,0.249186,0,1543.332599,scenario_002,long
8662,1507,2.030537,0.393339,0.892079,2,1508.483067,scenario_002,short
8663,1507,6.94801,0.513275,0.68401,0,1543.06418,scenario_002,medium
8664,1507,33.538326,0.286253,0.565759,0,1625.242919,scenario_002,long
8665,1507,57.207936,0.656031,0.720725,0,1782.900747,scenario_002,long
8666,1507,145.240754,0.375984,0.905473,0,2261.44278,scenario_002,long
8667,1508,1.638643,0.138804,0.545883,2,1511.264778,scenario_002,short
8668,1508,10.93621,1.0,0.887444,0,1528.921885,scenario_002,medium
8669,1508,2.46605,0.111926,0.165034,0,1512.417926,scenario_002,short
8670,1508,8.336197,0.708581,0.609954,0,1522.958061,scenario_002,medium
8671,1508,1.659289,0.46004,0.328982,0,1512.015849,scenario_002,short
8672,1508,8.492373,0.153229,0.266063,0,1548.279472,scenario_002,medium
8673,1508,1.473661,0.173306,0.290953,0,1512.264598,scenario_002,short
8674,1508,1.45464,0.439626,0.688003,0,1513.541091,scenario_002,short
8675,1509,1.053192,0.198107,0.364577,0,1513.091128,scenario_002,short
8676,1509,18.826718,0.946314,0.988854,1,1570.309823,scenario_002,long
8677,1509,2.15551,0.311198,0.648155,1,1511.546842,scenario_002,short
8678,1510,7.832956,0.481652,0.653725,0,1537.066556,scenario_002,medium
8679,1510,13.946279,0.142236,0.210911,0,1535.392028,scenario_002,medium
8680,1510,12.023379,0.629424,0.678752,0,1542.695067,scenario_002,medium
8681,1510,7.208203,0.260182,0.355107,0,1521.749132,scenario_002,medium
8682,1511,2.012157,0.134346,0.262613,0,1521.584972,scenario_002,short
8683,1512,2.337217,0.234706,0.641236,1,1518.069662,scenario_002,short
8684,1512,9.296585,0.564899,0.753993,0,1563.704756,scenario_002,medium
8685,1512,1.977459,0.391206,0.371566,0,1522.919062,scenario_002,short
8686,1513,1.871404,0.457136,0.777162,2,1515.36585,scenario_002,short
8687,1515,13.908039,0.66832,0.559859,0,1558.268152,scenario_002,medium
8688,1515,8.595745,0.589213,0.755396,1,1525.778459,scenario_002,medium
8689,1515,6.491335,0.267244,0.318496,2,1522.329617,scenario_002,medium
8690,1516,12.106123,0.619463,0.682175,1,1535.15729,scenario_002,medium
8691,1516,2.86762,0.114527,0.194563,1,1520.48769,scenario_002,short
8692,1517,9.5392,0.508911,0.700765,2,1525.429044,scenario_002,medium
8693,1517,1.388166,0.058224,0.340203,0,1520.500679,scenario_002,short
8694,1517,2.337849,0.329087,0.586473,0,1526.324137,scenario_002,short
8695,1517,1.356308,0.220034,0.338283,1,1520.004869,scenario_002,short
8696,1517,6.263808,0.803265,0.6391,0,1548.349642,scenario_002,medium
8697,1517,1.632873,0.382749,0.479455,0,1525.501371,scenario_002,short
8698,1517,8.28226,0.179985,0.323394,2,1527.142289,scenario_002,medium
8699,1518,6.161731,0.516485,0.492919,2,1529.886369,scenario_002,medium
8700,1518,9.127619,0.956317,0.888755,1,1532.964185,scenario_002,medium
8701,1518,17.79608,1.0,0.92293,0,1600.155628,scenario_002,long
8702,1518,8.591936,0.398485,0.635473,0,1560.959113,scenario_002,medium
8703,1518,12.804376,0.265324,0.275505,0,1577.02381,scenario_002,medium
8704,1519,9.984821,0.564381,0.822981,0,1540.395347,scenario_002,medium
8705,1519,9.629947,0.644077,0.529521,1,1548.110392,scenario_002,medium
8706,1519,7.357061,0.21843,0.410262,0,1533.321784,scenario_002,medium
8707,1519,1.527281,0.075505,0.568935,1,1522.982259,scenario_002,short
8708,1520,7.839155,0.711819,0.558869,0,1555.811118,scenario_002,medium
8709,1520,1.728833,0.226699,0.460906,0,1525.800902,scenario_002,short
8710,1520,13.086724,1.0,0.943834,1,1532.924709,scenario_002,medium
8711,1521,12.331322,0.254571,0.279729,2,1535.431455,scenario_002,medium
8712,1521,11.128422,0.406957,0.705442,0,1570.482211,scenario_002,medium
8713,1521,2.08613,0.067839,0.670177,2,1525.012508,scenario_002,short
8714,1522,16.22843,0.521453,0.565258,0,1566.819148,scenario_002,long
8715,1522,11.921478,0.192541,0.410902,2,1537.930151,scenario_002,medium
8716,1522,63.226715,1.0,1.0,1,1602.632239,scenario_002,long
8717,1522,1.579737,0.250238,0.177633,1,1526.809904,scenario_002,short
8718,1523,8.015353,0.636233,0.721098,1,1548.007035,scenario_002,medium
8719,1523,40.767436,0.634467,0.443121,0,1703.06545,scenario_002,long
8720,1525,2.163478,0.272576,0.457386,0,1534.39215,scenario_002,short
8721,1525,9.925881,0.772198,0.747029,2,1546.844672,scenario_002,medium
8722,1525,6.062229,0.369222,0.253671,1,1534.716958,scenario_002,medium
8723,1525,2.043637,0.221198,0.591525,0,1534.089683,scenario_002,short
8724,1526,1.679531,0.457821,0.720688,0,1534.384448,scenario_002,short
8725,1527,15.554878,0.277492,0.52637,2,1557.283741,scenario_002,medium
8726,1527,39.4442,0.437341,0.411899,0,1737.878308,scenario_002,long
8727,1527,5.267649,0.694943,0.948106,0,1540.186068,scenario_002,medium
8728,1528,2.015701,0.287134,0.361503,0,1538.992616,scenario_002,short
8729,1529,9.889226,0.522411,0.567875,0,1548.573395,scenario_002,medium
8730,1529,2.363376,0.20796,0.307438,2,1530.812268,scenario_002,short
8731,1530,28.818214,0.69123,0.568499,0,1629.603299,scenario_002,long
8732,1530,1.45223,0.145506,0.124927,1,1532.387918,scenario_002,short
8733,1530,2.223254,0.298381,0.206888,0,1536.745828,scenario_002,short
8734,1531,7.450792,0.413857,0.505735,0,1570.054536,scenario_002,medium
8735,1531,2.156725,0.446918,0.551683,0,1540.076412,scenario_002,short
8736,1532,8.134406,0.664438,0.536728,0,1572.448708,scenario_002,medium
8737,1532,3.106364,0.488844,0.376573,0,1539.149969,scenario_002,short
8738,1532,11.60599,0.387472,0.741492,0,1550.747125,scenario_002,medium
8739,1533,8.097549,0.346266,0.531137,0,1572.360084,scenario_002,medium
8740,1533,25.745126,0.721099,0.710848,2,1580.243974,scenario_002,long
8741,1533,1.409104,0.578446,0.528267,1,1534.787004,scenario_002,short
8742,1533,1.630598,0.630561,0.578185,0,1540.081841,scenario_002,short
8743,1534,5.236848,0.141802,0.070156,0,1559.487893,scenario_002,medium
8744,1534,2.690047,0.426984,0.718959,1,1540.056575,scenario_002,short
8745,1535,11.356428,0.126809,0.342459,0,1594.840332,scenario_002,medium
8746,1535,1.694502,0.234904,0.748016,0,1538.601112,scenario_002,short
8747,1536,2.003757,0.231862,0.215947,0,1540.401186,scenario_002,short
8748,1536,2.241055,0.446565,0.374362,2,1538.989031,scenario_002,short
8749,1537,49.630225,0.60309,0.549156,0,1662.367268,scenario_002,long
8750,1538,7.259275,0.35347,0.40152,0,1573.048776,scenario_002,medium
8751,1539,9.885522,0.69541,0.629447,2,1551.988017,scenario_002,medium
8752,1539,16.259502,0.667039,0.627906,0,1596.368199,scenario_002,medium
8753,1539,8.693749,0.273316,0.222962,1,1567.350332,scenario_002,medium
8754,1540,12.510913,0.698775,0.47119,0,1564.873211,scenario_002,medium
8755,1540,47.30761,0.677658,0.603596,1,1672.266759,scenario_002,long
8756,1541,1.542831,0.3969,0.856851,2,1543.77674,scenario_002,short
8757,1542,7.413612,0.269082,0.409133,2,1548.028988,scenario_002,medium
8758,1542,8.92241,0.615934,0.560371,0,1580.265055,scenario_002,medium
8759,1543,1.503511,0.38472,0.48289,0,1545.32125,scenario_002,short
8760,1543,7.66322,0.684788,0.639693,0,1569.074667,scenario_002,medium
8761,1543,0.860627,0.11567,0.383404,0,1546.174445,scenario_002,short
8762,1544,6.652844,0.550131,0.695894,0,1566.841634,scenario_002,medium
8763,1544,1.817925,0.239969,0.53238,0,1553.237788,scenario_002,short
8764,1544,1.561294,0.499834,0.339253,0,1550.307866,scenario_002,short
8765,1545,8.20956,0.530326,0.490215,0,1580.844382,scenario_002,medium
8766,1546,9.533175,0.603712,0.694559,1,1574.736637,scenario_002,medium
8767,1546,5.925512,0.981088,0.820948,1,1555.260576,scenario_002,medium
8768,1547,1.694178,0.232882,0.605084,0,1552.439376,scenario_002,short
8769,1547,45.702313,0.599787,0.746497,2,1591.56141,scenario_002,long
8770,1547,1.059395,0.438295,0.621239,0,1550.169289,scenario_002,short
8771,1548,1.104077,0.133427,0.083713,0,1552.123314,scenario_002,short
8772,1548,1.598056,0.153215,0.270988,1,1552.570985,scenario_002,short
8773,1548,8.920221,0.631581,0.568597,1,1572.902014,scenario_002,medium
8774,1549,17.545245,0.70763,0.478203,1,1603.174341,scenario_002,medium
8775,1549,2.397919,0.571237,1.0,2,1551.202053,scenario_002,short
8776,1550,12.789984,0.493322,0.451796,0,1586.225665,scenario_002,medium
8777,1550,2.12776,0.189361,0.267983,0,1558.564614,scenario_002,short
8778,1550,1.432666,0.322534,0.162523,0,1557.409215,scenario_002,short
8779,1551,35.064857,0.568769,0.371513,2,1610.356667,scenario_002,long
8780,1551,9.530852,0.455033,0.566613,1,1568.01543,scenario_002,medium
8781,1552,6.361272,0.35899,0.774025,0,1570.719102,scenario_002,medium
8782,1552,1.632594,0.139064,0.570266,2,1553.783705,scenario_002,short
8783,1553,1.523298,0.668508,0.541918,2,1555.972394,scenario_002,short
8784,1553,8.315167,0.591295,0.633904,0,1599.06745,scenario_002,medium
8785,1555,2.240691,0.291687,0.524059,0,1558.636988,scenario_002,short
8786,1555,10.377811,0.642514,0.909025,0,1585.110793,scenario_002,medium
8787,1556,1.298529,0.137002,0.128038,0,1558.620196,scenario_002,short
8788,1557,6.342556,0.179288,0.233203,0,1586.695985,scenario_002,medium
8789,1558,28.235713,1.0,0.859294,0,1602.225885,scenario_002,long
8790,1559,1.513377,0.494929,0.489,2,1560.861058,scenario_002,short
8791,1560,2.454499,0.303854,0.311361,0,1565.003744,scenario_002,short
8792,1560,1.121635,0.177492,0.741364,0,1563.982268,scenario_002,short
8793,1561,2.018628,0.1942,0.287895,1,1565.947385,scenario_002,short
8794,1562,2.353735,0.397292,0.681358,1,1569.363572,scenario_002,short
8795,1563,2.089966,0.16403,0.467136,0,1572.999883,scenario_002,short
8796,1563,10.491239,0.657012,0.458359,0,1590.279853,scenario_002,long
8797,1564,49.307177,0.676829,0.714953,0,1772.348755,scenario_002,long
8798,1565,1.205812,0.156572,0.179721,0,1568.050674,scenario_002,short
8799,1565,8.76864,0.618602,0.724389,1,1586.495221,scenario_002,medium
8800,1565,9.564994,0.237222,0.173747,0,1603.791357,scenario_002,medium
8801,1565,9.074243,0.629113,0.890204,2,1574.958119,scenario_002,medium
8802,1566,1.573837,0.133557,0.466529,2,1569.143761,scenario_002,short
8803,1567,11.627142,0.488109,0.617371,0,1613.484937,scenario_002,medium
8804,1571,6.151182,0.229252,0.318327,2,1575.13897,scenario_002,medium
8805,1572,2.099025,0.207173,0.491923,0,1575.288035,scenario_002,short
8806,1573,1.553442,0.17447,0.146445,0,1581.392294,scenario_002,short
8807,1573,14.00036,0.145765,0.558506,0,1616.615985,scenario_002,medium
8808,1577,1.644216,0.420809,0.314352,2,1579.141622,scenario_002,short
8809,1578,1.653009,0.277054,0.622166,1,1581.541824,scenario_002,short
8810,1579,1.675596,0.570108,0.645134,0,1583.859663,scenario_002,short
8811,1579,7.277928,0.61906,0.567928,0,1597.017472,scenario_002,medium
8812,1579,7.408949,0.437721,0.889259,1,1596.628311,scenario_002,medium
8813,1580,29.882156,1.0,0.787248,0,1717.273684,scenario_002,long
8814,1582,10.491713,0.651401,0.674245,2,1589.642401,scenario_002,medium
8815,1584,17.457469,1.0,0.973596,0,1674.400513,scenario_002,long
8816,1584,1.308676,0.168362,0.224199,2,1586.092832,scenario_002,short
8817,1586,22.81233,1.0,1.0,0,1672.193214,scenario_002,long
8818,1587,1.196428,0.211127,0.56559,0,1589.887741,scenario_002,short
8819,1587,1.900316,0.198078,0.411693,1,1589.256235,scenario_002,short
8820,1589,9.535791,0.278642,0.422425,0,1625.537194,scenario_002,medium
8821,1591,6.112959,0.431939,0.47909,0,1622.722417,scenario_002,medium
8822,1592,10.931808,0.152429,0.144097,0,1640.039073,scenario_002,medium
8823,1593,11.181453,0.333421,0.555021,0,1633.112607,scenario_002,medium
8824,1593,21.562748,0.284069,0.361988,0,1681.109147,scenario_002,medium
8825,1593,1.167377,0.181234,0.2881,1,1596.164763,scenario_002,short
8826,1594,20.40862,0.677756,0.661564,0,1700.200175,scenario_002,medium
8827,1595,1.147521,0.650979,1.0,0,1600.975878,scenario_002,short
8828,1596,7.85462,0.717484,0.618045,0,1634.406955,scenario_002,medium
8829,1596,7.267202,0.567901,0.566653,0,1625.10817,scenario_002,medium
8830,1597,12.818854,0.590278,0.569759,0,1660.266638,scenario_002,medium
8831,1601,45.105782,0.605124,0.431646,2,1650.907449,scenario_002,long
8832,1602,2.301837,0.276669,0.428504,1,1604.217311,scenario_002,short
8833,1604,9.952641,0.438358,0.733622,0,1627.220675,scenario_002,medium
8834,1606,1.580047,0.203498,0.268039,0,1610.812857,scenario_002,short
8835,1608,1.318153,0.222558,0.373815,1,1610.283609,scenario_002,short
8836,1608,1.978549,0.309788,0.370254,0,1613.346344,scenario_002,short
8837,1611,1.450159,0.310227,0.594178,0,1615.542479,scenario_002,short
8838,1611,2.067936,0.159433,0.139039,0,1616.749308,scenario_002,short
8839,1614,2.159299,0.261196,0.389174,0,1619.169714,scenario_002,short
8840,1614,7.737197,0.590888,0.447469,0,1643.786278,scenario_002,medium
8841,1620,1.880904,0.279354,0.63284,0,1629.828605,scenario_002,short
8842,1625,58.040755,0.559581,0.627789,0,1865.311575,scenario_002,long
8843,1628,10.189998,0.374664,0.604224,0,1661.560281,scenario_002,medium
8844,1632,1.50979,0.394558,0.500263,0,1635.92762,scenario_002,short
8845,1632,1.503084,0.114284,0.549686,0,1638.99637,scenario_002,short
8846,1633,14.735888,0.852226,0.736023,2,1647.223555,scenario_002,medium
8847,1636,1.54725,0.38865,0.852538,0,1642.776491,scenario_002,short
8848,1636,1.266032,0.296464,0.180459,0,1642.687256,scenario_002,short
8849,1637,6.328716,0.186994,0.824313,0,1668.851401,scenario_002,medium
8850,1641,6.477633,0.350237,0.492344,2,1655.428532,scenario_002,medium
8851,1643,156.926851,0.443244,0.669619,0,1926.682253,scenario_002,long
8852,1645,17.429176,0.414548,0.460628,0,1726.112036,scenario_002,medium
8853,1647,1.425289,0.062767,0.095111,0,1650.05181,scenario_002,short
8854,1648,1.190474,0.406465,0.419871,0,1652.551401,scenario_002,short
8855,1648,39.607241,0.799406,0.91134,0,1849.245256,scenario_002,long
8856,1648,1.311982,0.405273,0.864965,1,1650.508272,scenario_002,short
8857,1650,38.585884,0.628745,0.771244,2,1696.848635,scenario_002,long
8858,1655,9.928564,0.15975,0.65828,0,1690.441721,scenario_002,medium
8859,1661,10.065003,0.554629,0.604128,0,1706.075472,scenario_002,medium
8860,1661,1.902932,0.308345,0.498603,1,1664.717632,scenario_002,short
8861,1663,7.461959,0.434666,0.469833,0,1681.623206,scenario_002,medium
8862,1667,19.411886,0.67592,0.892096,0,1765.281101,scenario_002,medium
8863,1671,2.19704,0.657765,0.74846,0,1679.390988,scenario_002,short
8864,1672,9.721483,0.701478,0.455503,1,1685.181635,scenario_002,medium
8865,1672,2.327031,0.422069,0.575945,0,1685.038375,scenario_002,short
8866,1673,2.248605,0.30815,0.502411,0,1680.659358,scenario_002,short
8867,1673,2.096259,0.35,0.237733,1,1676.991487,scenario_002,short
8868,1674,4.296378,0.129125,0.283352,0,1691.807545,scenario_002,short
8869,1674,1.731072,0.322672,0.671374,0,1677.131589,scenario_002,short
8870,1674,12.757305,0.349907,0.519516,2,1697.04704,scenario_002,medium
8871,1676,1.69464,0.05544,0.283427,0,1681.147944,scenario_002,short
8872,1676,1.733917,0.725295,0.694255,0,1684.89859,scenario_002,short
8873,1678,7.874588,0.482866,0.567421,0,1703.411851,scenario_002,medium
8874,1678,9.762113,0.444405,0.46017,0,1707.414381,scenario_002,medium
8875,1678,6.996794,0.980279,0.881468,1,1684.53237,scenario_002,medium
8876,1678,7.53681,0.694745,1.0,2,1684.53115,scenario_002,medium
8877,1680,2.093529,0.267159,0.265079,2,1682.227188,scenario_002,short
8878,1680,1.43316,0.389726,0.586268,0,1685.320185,scenario_002,short
8879,1681,4.849945,0.327725,0.705115,0,1703.194259,scenario_002,medium
8880,1681,8.324429,0.393951,0.615545,0,1725.508345,scenario_002,medium
8881,1681,1.332985,0.151615,0.069982,2,1683.054189,scenario_002,short
8882,1682,1.42077,0.270302,0.18368,0,1689.388224,scenario_002,short
8883,1685,13.350491,0.543896,0.684141,0,1714.926985,scenario_002,medium
8884,1685,1.244628,0.24928,0.40593,2,1687.428129,scenario_002,short
8885,1687,1.132753,0.719159,0.721535,2,1688.632324,scenario_002,short
8886,1690,153.618412,0.885382,0.992721,2,1800.35912,scenario_002,long
8887,1692,1.768443,0.738176,0.539576,0,1699.011337,scenario_002,short
8888,1693,16.01097,0.661541,0.493515,1,1715.978403,scenario_002,medium
8889,1693,1.795486,0.09603,0.171413,0,1696.433167,scenario_002,short
8890,1694,9.82781,0.548746,0.937761,0,1709.250206,scenario_002,medium
8891,1695,16.719201,0.941465,0.665439,0,1766.837164,scenario_002,medium
8892,1697,2.233391,0.407944,0.404974,1,1703.359424,scenario_002,short
8893,1698,11.784225,0.696394,0.603457,1,1716.66215,scenario_002,medium
8894,1699,14.523994,0.550874,0.710852,0,1729.210831,scenario_002,medium
8895,1701,76.06927,0.897108,0.834479,2,1870.129444,scenario_002,long
8896,1703,46.931257,0.794302,1.0,2,1767.197285,scenario_002,long
8897,1704,10.796444,0.438723,0.398597,2,1711.229667,scenario_002,medium
8898,1705,8.613492,0.255756,0.55526,1,1724.947207,scenario_002,medium
8899,1705,2.533897,0.158937,0.46269,0,1711.558809,scenario_002,short
8900,1705,1.84197,0.241152,0.394108,2,1708.347877,scenario_002,short
8901,1705,37.110096,0.929623,0.717018,0,1789.790452,scenario_002,long
8902,1706,17.555373,0.907102,0.745921,0,1760.095657,scenario_002,long
8903,1708,7.456806,0.339252,0.365719,0,1739.298223,scenario_002,medium
8904,1708,2.486307,0.447533,0.279295,0,1721.539149,scenario_002,short
8905,1710,154.051262,0.516725,0.429827,1,2169.041547,scenario_002,long
8906,1711,1.270445,0.083923,0.148232,1,1712.183121,scenario_002,short
8907,1711,9.819372,0.678094,0.868976,0,1733.447006,scenario_002,medium
8908,1711,1.474371,0.209151,0.672432,0,1718.559346,scenario_002,short
8909,1712,11.831495,0.213279,0.431046,0,1752.86319,scenario_002,medium
8910,1713,1.370545,0.270615,0.522536,0,1719.750661,scenario_002,short
8911,1715,1.360392,0.113607,0.180517,0,1721.294674,scenario_002,short
8912,1716,1.273908,0.193733,0.597734,0,1719.529482,scenario_002,short
8913,1716,2.879217,0.325821,0.477084,0,1729.626002,scenario_002,short
8914,1718,13.24012,0.643087,0.560016,0,1747.387767,scenario_002,medium
8915,1718,11.006124,0.297317,0.630936,0,1761.847231,scenario_002,long
8916,1719,1.5173,0.277441,0.198091,1,1722.280039,scenario_002,short
8917,1719,11.624869,1.0,0.758384,0,1744.673947,scenario_002,medium
8918,1719,1.437385,0.34908,0.959006,0,1725.589955,scenario_002,short
8919,1720,5.819697,0.17229,0.547015,0,1738.279722,scenario_002,medium
8920,1721,11.609548,0.26516,0.453589,1,1756.143245,scenario_002,medium
8921,1721,8.420964,0.580125,0.484252,0,1757.85887,scenario_002,medium
8922,1721,11.944717,0.854696,0.743801,0,1741.172636,scenario_002,medium
8923,1721,2.629674,0.379136,0.380341,0,1732.410475,scenario_002,short
8924,1721,1.791657,0.214773,0.099455,0,1730.224747,scenario_002,short
8925,1721,1.295267,0.113195,0.213254,0,1723.468253,scenario_002,short
8926,1722,7.284815,0.364987,0.515301,1,1732.868043,scenario_002,medium
8927,1722,14.268116,0.697535,0.682168,0,1784.176738,scenario_002,medium
8928,1723,1.615005,0.436619,0.552454,2,1725.532388,scenario_002,short
8929,1723,7.392733,0.704311,0.748906,1,1740.648336,scenario_002,medium
8930,1723,1.352006,0.705775,0.620475,0,1728.549993,scenario_002,short
8931,1723,6.346225,0.551722,0.576727,0,1750.554543,scenario_002,medium
8932,1724,2.156476,0.754014,0.80112,0,1733.01092,scenario_002,short
8933,1724,7.003539,0.53986,0.424567,0,1750.659752,scenario_002,medium
8934,1725,14.66206,0.377233,0.562143,2,1747.564944,scenario_002,medium
8935,1725,1.969705,0.177783,0.267563,0,1730.666967,scenario_002,short
8936,1725,10.349492,0.318392,0.454791,2,1733.026392,scenario_002,medium
8937,1725,2.16275,0.225263,0.523242,2,1729.284886,scenario_002,short
8938,1726,13.538354,0.761325,0.622279,0,1794.105886,scenario_002,medium
8939,1726,7.501301,0.355489,0.733216,1,1735.665975,scenario_002,medium
8940,1727,7.878019,0.557677,0.671574,2,1733.409686,scenario_002,medium
8941,1727,6.926032,0.794,1.0,0,1746.313875,scenario_002,medium
8942,1727,1.197554,0.060565,0.389125,0,1732.428203,scenario_002,short
8943,1727,1.539782,0.421419,0.576399,1,1729.246161,scenario_002,short
8944,1728,8.773406,0.401501,0.499562,1,1741.043385,scenario_002,medium
8945,1728,5.132468,0.658182,0.699227,1,1738.997941,scenario_002,medium
8946,1728,4.011199,0.9602,0.930907,2,1730.608334,scenario_002,medium
8947,1728,22.894225,0.657649,0.85316,0,1854.694178,scenario_002,long
8948,1729,22.404835,1.0,0.638883,0,1766.692132,scenario_002,long
8949,1730,1.177821,0.41686,0.755374,0,1735.354109,scenario_002,short
8950,1731,9.399998,0.121383,0.702292,2,1743.07763,scenario_002,medium
8951,1734,10.592461,0.279587,0.504377,2,1757.366384,scenario_002,medium
8952,1735,2.226097,0.260688,0.288038,0,1743.215753,scenario_002,short
8953,1736,11.958614,0.173603,0.123201,0,1788.681505,scenario_002,medium
8954,1736,8.266746,0.677022,0.735554,0,1775.546681,scenario_002,medium
8955,1736,13.819937,1.0,0.71441,0,1763.920069,scenario_002,long
8956,1738,1.723625,0.423861,0.651178,2,1741.434549,scenario_002,short
8957,1739,52.3535,0.561416,0.581501,1,1887.868774,scenario_002,long
8958,1740,2.229075,0.38177,0.853383,0,1744.868737,scenario_002,short
8959,1741,78.09926,0.307231,0.42148,2,1836.096479,scenario_002,long
8960,1745,8.382922,0.915732,0.899198,2,1751.317472,scenario_002,medium
8961,1746,1.214766,0.476494,0.668005,0,1749.891959,scenario_002,short
8962,1746,50.061617,0.373633,0.861003,1,1865.601416,scenario_002,long
8963,1747,1.776005,0.225782,0.434169,0,1755.158104,scenario_002,short
8964,1747,9.155444,0.331619,0.309423,0,1794.453222,scenario_002,long
8965,1749,1.904869,0.376092,0.396891,0,1759.353612,scenario_002,short
8966,1750,1.84118,0.400876,0.39742,1,1755.03184,scenario_002,short
8967,1751,13.883418,0.760258,0.760041,2,1780.408202,scenario_002,long
8968,1751,1.162956,0.051015,0.05,1,1754.224228,scenario_002,short
8969,1752,1.613252,0.184662,0.370223,2,1753.501286,scenario_002,short
8970,1752,10.502616,0.789688,1.0,0,1810.194965,scenario_002,medium
8971,1752,2.05333,0.070357,0.157444,0,1761.886861,scenario_002,short
8972,1753,1.811984,0.445798,0.811699,2,1755.705381,scenario_002,short
8973,1753,5.720395,0.357841,0.59858,0,1762.937102,scenario_002,medium
8974,1754,1.534785,0.692611,0.618946,2,1757.10829,scenario_002,short
8975,1754,1.509208,0.512642,0.388589,2,1755.311969,scenario_002,short
8976,1755,2.282952,0.171539,0.339824,1,1760.309127,scenario_002,short
8977,1756,2.078102,0.237942,0.577226,0,1765.74636,scenario_002,short
8978,1756,7.959718,0.273991,0.53217,0,1777.107673,scenario_002,medium
8979,1756,183.585518,0.587167,0.585082,0,2150.745686,scenario_002,long
8980,1758,12.29963,0.585356,0.731179,1,1794.19054,scenario_002,medium
8981,1759,13.543737,0.639339,0.57553,0,1811.755744,scenario_002,medium
8982,1759,2.335194,0.742467,1.0,0,1766.365252,scenario_002,short
8983,1759,1.302242,0.294276,0.646873,1,1760.561182,scenario_002,short
8984,1760,10.363582,0.845934,0.615555,2,1767.866635,scenario_002,medium
8985,1762,1.851285,0.573743,0.832982,0,1772.22754,scenario_002,short
8986,1765,18.230689,1.0,0.734545,0,1797.430008,scenario_002,long
8987,1765,9.632486,0.65884,0.83995,0,1804.027811,scenario_002,medium
8988,1766,5.416362,0.549383,1.0,0,1792.576785,scenario_002,medium
8989,1766,6.462488,0.767254,0.962495,2,1772.732855,scenario_002,medium
8990,1766,1.352292,0.093988,0.351752,1,1770.016296,scenario_002,short
8991,1766,2.134391,0.251,0.507803,0,1777.419324,scenario_002,short
8992,1767,4.988653,0.592929,0.585147,0,1793.336165,scenario_002,medium
8993,1768,1.212986,0.463604,0.810757,0,1773.8142,scenario_002,short
8994,1769,1.645994,0.441937,0.557413,0,1772.336067,scenario_002,short
8995,1769,5.742946,0.859615,0.781652,2,1778.224682,scenario_002,medium
8996,1769,33.927206,0.702162,0.820055,2,1792.702381,scenario_002,long
8997,1769,2.184205,0.179976,0.192832,0,1776.62213,scenario_002,short
8998,1770,10.959461,0.567128,0.513242,1,1786.347597,scenario_002,medium
8999,1770,2.223299,0.293001,0.338199,0,1776.517271,scenario_002,short
9000,1770,13.741267,0.65859,0.507329,0,1831.340166,scenario_002,medium
9001,1770,1.050451,0.097214,0.316584,2,1771.0,scenario_002,short
9002,1771,1.493642,0.637041,0.60174,0,1777.316641,scenario_002,short
9003,1771,12.581741,0.601707,0.650042,0,1812.00365,scenario_002,medium
9004,1771,6.560283,0.995802,0.87996,0,1802.776352,scenario_002,medium
9005,1771,7.97299,0.367383,0.434368,1,1778.595932,scenario_002,medium
9006,1772,13.228608,0.388143,0.408338,0,1824.844109,scenario_002,medium
9007,1772,5.916306,0.379832,0.575836,0,1787.560339,scenario_002,medium
9008,1772,1.547458,0.161463,0.474532,1,1773.961102,scenario_002,short
9009,1772,1.579325,0.440021,0.409345,0,1774.655572,scenario_002,short
9010,1773,11.321806,0.529628,0.655927,0,1820.207937,scenario_002,medium
9011,1774,15.225412,1.0,0.963567,2,1797.956736,scenario_002,medium
9012,1775,2.036023,0.410296,0.84822,2,1779.097592,scenario_002,short
9013,1775,18.544318,0.919278,1.0,2,1812.512347,scenario_002,medium
9014,1776,7.144955,0.25615,0.318538,0,1812.558868,scenario_002,medium
9015,1776,4.580389,0.137241,0.274213,0,1785.523857,scenario_002,medium
9016,1776,42.5205,0.309084,0.801745,0,1893.370519,scenario_002,long
9017,1777,6.324365,0.617881,0.67577,0,1788.585599,scenario_002,medium
9018,1777,1.42458,0.288759,0.381781,0,1782.474531,scenario_002,short
9019,1777,2.652708,0.15364,0.3768,0,1782.764521,scenario_002,short
9020,1777,10.181352,0.618817,0.726051,0,1807.645995,scenario_002,medium
9021,1778,1.662261,0.465892,0.441219,1,1780.155208,scenario_002,short
9022,1778,1.165876,0.083291,0.343766,0,1781.290412,scenario_002,short
9023,1778,0.977941,0.053694,0.225475,0,1782.860322,scenario_002,short
9024,1780,11.225823,0.620724,0.696695,0,1830.586015,scenario_002,medium
9025,1780,2.110711,0.150729,0.344102,0,1783.795792,scenario_002,short
9026,1781,4.692567,0.452934,0.562862,0,1799.149488,scenario_002,medium
9027,1781,2.098519,0.193742,0.321214,0,1786.424528,scenario_002,short
9028,1781,0.74125,0.096358,0.389259,0,1783.154275,scenario_002,short
9029,1781,9.902949,0.661543,0.551131,0,1828.092143,scenario_002,medium
9030,1782,2.637756,0.086618,0.249475,0,1788.515495,scenario_002,short
9031,1782,3.301894,0.361063,0.62909,0,1798.461252,scenario_002,short
9032,1782,25.88831,0.91757,0.970179,0,1847.909517,scenario_002,long
9033,1783,9.135147,0.600893,0.619049,1,1804.130115,scenario_002,medium
9034,1783,9.099399,0.231716,0.34121,1,1798.270092,scenario_002,medium
9035,1783,1.48599,0.342504,0.441562,0,1787.598464,scenario_002,short
9036,1783,8.700828,0.242664,0.232704,0,1796.879785,scenario_002,medium
9037,1784,10.352145,0.200854,0.50947,0,1833.01532,scenario_002,medium
9038,1784,8.840468,0.467403,0.57629,0,1825.449031,scenario_002,medium
9039,1784,0.742604,0.586053,0.806188,0,1786.469353,scenario_002,short
9040,1784,45.428524,1.0,0.87371,1,1861.800172,scenario_002,long
9041,1785,1.787585,0.75455,1.0,2,1786.593692,scenario_002,short
9042,1785,13.397876,0.881444,0.825597,0,1808.148717,scenario_002,medium
9043,1786,1.288107,0.198235,0.164673,0,1792.19593,scenario_002,short
9044,1786,9.419857,0.439996,0.460684,2,1798.691958,scenario_002,medium
9045,1787,1.353182,0.723582,0.661917,1,1789.632075,scenario_002,short
9046,1787,1.385982,0.304997,0.394772,0,1792.840842,scenario_002,short
9047,1788,9.675403,0.648812,0.526564,0,1812.846519,scenario_002,medium
9048,1788,77.285929,0.630179,0.474844,0,2149.449776,scenario_002,long
9049,1788,2.381761,0.118779,0.157133,2,1791.063776,scenario_002,short
9050,1789,10.305138,0.337,0.220208,0,1838.792949,scenario_002,medium
9051,1789,9.409719,0.667088,0.749651,0,1809.844561,scenario_002,medium
9052,1790,1.829516,0.117945,0.160425,0,1797.03538,scenario_002,short
9053,1790,48.230321,0.550643,0.74235,1,1911.747178,scenario_002,long
9054,1790,1.60399,0.133938,0.526766,0,1796.381911,scenario_002,short
9055,1791,1.270739,0.158937,0.161648,2,1792.988902,scenario_002,short
9056,1791,46.587114,0.314531,0.545027,2,1893.619251,scenario_002,long
9057,1792,14.633074,0.508861,0.644513,0,1846.289542,scenario_002,medium
9058,1792,9.758825,0.337862,0.783262,0,1812.766641,scenario_002,medium
9059,1792,11.628386,0.566749,0.573036,2,1815.477213,scenario_002,medium
9060,1792,33.82219,0.568916,0.52817,0,1948.824675,scenario_002,long
9061,1792,1.90629,0.298928,0.810988,1,1793.88217,scenario_002,short
9062,1793,32.50029,0.293081,0.471707,1,1824.717321,scenario_002,long
9063,1794,1.124193,0.396414,0.495068,2,1795.012082,scenario_002,short
9064,1795,1.811767,0.228419,0.224642,0,1800.711859,scenario_002,short
9065,1795,8.13098,0.5671,0.556196,0,1822.777326,scenario_002,medium
9066,1795,8.4117,0.653628,0.684886,1,1814.144791,scenario_002,medium
9067,1795,1.716699,0.399589,0.460192,2,1798.096646,scenario_002,short
9068,1795,7.749816,0.336762,0.25857,0,1833.52014,scenario_002,medium
9069,1795,10.093054,0.705578,0.580849,1,1813.439441,scenario_002,medium
9070,1796,10.734647,0.694436,0.880824,0,1825.27329,scenario_002,medium
9071,1796,1.245304,0.090263,0.350052,1,1797.414219,scenario_002,short
9072,1797,0.949443,0.225963,0.414199,0,1800.684512,scenario_002,short
9073,1798,1.551456,0.437024,0.557216,2,1800.386403,scenario_002,short
9074,1799,1.471754,0.400995,0.569322,0,1801.268963,scenario_002,short
9075,1800,9.394513,1.0,0.954722,0,1818.530679,scenario_002,medium
9076,1800,41.148658,1.0,0.867143,2,1857.039818,scenario_002,long
9077,1800,2.126886,0.29577,0.41114,0,1807.053408,scenario_002,short
9078,1800,1.940123,0.357942,0.71477,0,1806.896511,scenario_002,short
9079,1800,5.912342,0.672295,0.570485,1,1809.360239,scenario_002,medium
9080,1800,1.211461,0.261697,0.322132,0,1804.139918,scenario_002,short
9081,1800,1.587925,0.153398,0.261086,1,1804.565048,scenario_002,short
9082,1801,1.808879,0.239945,0.332264,0,1804.565592,scenario_002,short
9083,1801,1.985327,0.773745,0.742339,0,1804.393951,scenario_002,short
9084,1802,6.956389,0.511272,0.508808,0,1818.201121,scenario_002,medium
9085,1803,4.610233,0.283614,0.475236,0,1819.884918,scenario_002,medium
9086,1803,2.488137,0.403468,0.753021,0,1814.672379,scenario_002,short
9087,1803,2.143927,0.307049,0.384788,0,1807.505718,scenario_002,short
9088,1803,1.630831,0.445809,0.806673,0,1808.689944,scenario_002,short
9089,1804,21.459666,0.519582,0.439684,1,1859.782545,scenario_002,medium
9090,1804,1.400401,0.324231,0.373944,0,1810.13249,scenario_002,short
9091,1804,1.387266,0.214068,0.45974,1,1807.200322,scenario_002,short
9092,1805,5.840827,0.424707,0.671793,1,1814.971826,scenario_002,medium
9093,1805,1.953844,0.416455,0.629543,1,1810.684502,scenario_002,short
9094,1805,9.062855,0.389094,0.654434,1,1816.737846,scenario_002,medium
9095,1805,1.271344,0.224519,0.632299,1,1807.159868,scenario_002,short
9096,1807,7.186862,0.398595,0.521722,0,1824.587204,scenario_002,medium
9097,1807,8.264822,0.665801,0.698371,0,1846.029816,scenario_002,medium
9098,1807,5.387834,0.208731,0.654641,0,1828.141656,scenario_002,medium
9099,1807,7.237488,0.810864,0.541098,0,1831.211883,scenario_002,medium
9100,1808,8.330288,0.978076,0.900949,0,1829.221902,scenario_002,medium
9101,1808,5.964956,0.369455,0.384592,0,1834.835579,scenario_002,medium
9102,1808,7.989746,0.172509,0.262937,0,1850.189812,scenario_002,medium
9103,1808,83.521818,0.868957,0.748045,0,2099.606177,scenario_002,long
9104,1808,25.89547,0.446011,0.590878,0,1933.673697,scenario_002,long
9105,1808,1.94134,0.287735,0.743308,0,1815.861443,scenario_002,short
9106,1808,1.382984,0.294594,0.717157,0,1812.303443,scenario_002,short
9107,1809,8.519847,0.173451,0.524257,0,1847.183858,scenario_002,medium
9108,1809,9.226426,0.215003,0.523374,0,1823.940141,scenario_002,medium
9109,1810,17.499915,0.39993,0.40172,0,1836.876115,scenario_002,medium
9110,1810,1.414968,0.17482,0.154746,0,1817.20045,scenario_002,short
9111,1810,18.157827,0.454075,0.773089,0,1873.213866,scenario_002,medium
9112,1810,1.499373,0.197694,0.263467,0,1814.163689,scenario_002,short
9113,1811,66.016856,0.645296,0.679503,0,1985.803934,scenario_002,long
9114,1811,1.910264,0.722855,1.0,2,1812.942666,scenario_002,short
9115,1812,1.074304,0.296381,0.514661,0,1817.565292,scenario_002,short
9116,1812,1.449607,0.645412,0.922369,0,1814.371194,scenario_002,short
9117,1812,1.850499,0.370744,0.361807,0,1820.587479,scenario_002,short
9118,1812,11.672824,0.629685,0.595204,0,1852.158025,scenario_002,medium
9119,1812,1.472179,0.621307,0.870122,2,1813.783513,scenario_002,short
9120,1812,2.130685,0.269566,0.324079,0,1816.353302,scenario_002,short
9121,1812,2.20359,0.165645,0.430991,0,1821.23509,scenario_002,short
9122,1812,141.792416,0.899641,0.766864,1,2045.164355,scenario_002,long
9123,1813,0.998115,0.387507,0.433121,2,1814.656718,scenario_002,short
9124,1813,9.997738,0.204641,0.264427,0,1864.799644,scenario_002,medium
9125,1813,2.57244,0.094017,0.14702,0,1817.912232,scenario_002,short
9126,1813,1.474286,0.291987,0.494969,0,1816.784853,scenario_002,short
9127,1814,98.040383,0.87642,0.764819,0,2218.764511,scenario_002,long
9128,1814,6.944639,0.473788,0.504805,1,1821.806791,scenario_002,medium
9129,1814,1.259457,0.395509,0.627059,0,1817.411867,scenario_002,short
9130,1814,1.754292,0.688455,0.651131,1,1818.026535,scenario_002,short
9131,1814,10.882163,0.373934,0.435136,1,1840.916438,scenario_002,medium
9132,1814,14.106842,0.804497,0.857029,1,1837.471899,scenario_002,medium
9133,1814,1.586536,0.218797,0.174452,1,1818.097125,scenario_002,short
9134,1815,11.552861,0.988768,1.0,0,1872.790443,scenario_002,medium
9135,1815,5.926916,0.171405,0.183941,0,1846.500619,scenario_002,medium
9136,1815,7.362414,0.624059,0.754516,0,1844.771965,scenario_002,medium
9137,1815,6.412722,0.192382,0.490331,0,1824.821976,scenario_002,medium
9138,1815,2.457196,0.569456,0.36321,0,1828.56816,scenario_002,short
9139,1815,7.815325,0.202051,0.205268,0,1836.512688,scenario_002,medium
9140,1815,9.6157,0.14904,0.169978,0,1839.602486,scenario_002,medium
9141,1816,7.796864,0.296993,0.311612,1,1837.898012,scenario_002,medium
9142,1816,2.104271,0.78819,0.596616,2,1819.932609,scenario_002,short
9143,1816,1.301157,0.171912,0.281935,2,1817.185953,scenario_002,short
9144,1816,12.21944,0.703055,0.686658,2,1842.030853,scenario_002,long
9145,1816,1.463552,0.394976,0.568104,0,1822.622948,scenario_002,short
9146,1816,9.138462,0.455719,0.902291,0,1858.430979,scenario_002,medium
9147,1817,1.853377,0.421669,0.345018,0,1819.811597,scenario_002,short
9148,1817,6.774743,0.770399,0.504529,0,1842.890961,scenario_002,medium
9149,1817,2.361368,0.413379,0.998743,0,1825.58926,scenario_002,short
9150,1818,1.845418,0.747214,0.774116,1,1822.708594,scenario_002,short
9151,1818,7.016104,0.282335,0.731352,0,1854.933602,scenario_002,medium
9152,1819,1.779206,0.294936,0.184418,0,1821.970005,scenario_002,short
9153,1819,7.64053,0.247647,0.162577,2,1826.458225,scenario_002,medium
9154,1819,22.961187,0.591739,0.632589,1,1843.233501,scenario_002,long
9155,1820,13.023685,0.613949,0.695322,1,1847.903888,scenario_002,medium
9156,1820,38.800935,0.365748,0.55645,0,1903.013213,scenario_002,long
9157,1820,7.372387,0.473772,0.48385,0,1857.184713,scenario_002,medium
9158,1821,11.243068,0.504478,0.931742,1,1843.543879,scenario_002,medium
9159,1821,9.546112,0.468152,0.509978,0,1874.330606,scenario_002,medium
9160,1822,1.836922,0.228202,0.33478,0,1825.127903,scenario_002,short
9161,1822,11.872276,0.315753,0.330706,2,1843.632641,scenario_002,medium
9162,1822,7.211193,0.18454,0.608062,0,1835.224079,scenario_002,medium
9163,1822,7.156568,0.688493,0.81182,2,1837.552026,scenario_002,medium
9164,1822,5.773985,0.981322,0.710491,0,1841.094933,scenario_002,medium
9165,1823,1.953551,0.360003,0.26532,1,1827.398421,scenario_002,short
9166,1823,7.188344,0.707556,0.750864,0,1857.500455,scenario_002,medium
9167,1823,27.309027,0.376495,0.473553,1,1900.686344,scenario_002,medium
9168,1823,1.301095,0.254281,0.43573,1,1825.647324,scenario_002,short
9169,1823,2.147597,0.433012,0.448177,1,1827.680333,scenario_002,short
9170,1824,1.302033,0.805221,0.650246,2,1825.827981,scenario_002,short
9171,1824,32.572307,0.439544,0.606744,2,1853.522853,scenario_002,long
9172,1825,107.808051,0.820717,1.0,0,2408.182303,scenario_002,long
9173,1825,22.691765,0.679926,0.584134,1,1856.10858,scenario_002,long
9174,1825,10.019403,0.546078,0.544469,0,1854.237873,scenario_002,medium
9175,1825,2.131181,0.082546,0.58664,2,1829.591668,scenario_002,short
9176,1825,7.21917,0.666749,0.651272,2,1837.485935,scenario_002,medium
9177,1825,7.243189,0.858774,0.769971,1,1847.966812,scenario_002,medium
9178,1826,35.246088,1.0,0.914603,0,1934.787594,scenario_002,long
9179,1826,1.987057,0.675177,0.826251,1,1832.024095,scenario_002,short
9180,1826,10.267209,0.632183,0.965383,2,1847.266233,scenario_002,medium
9181,1827,1.673008,0.299627,0.475794,0,1834.834809,scenario_002,short
9182,1827,5.722389,0.613947,0.457374,0,1857.415111,scenario_002,medium
9183,1827,6.802097,0.581134,1.0,0,1863.502243,scenario_002,medium
9184,1827,1.376993,0.439676,0.371741,0,1831.151051,scenario_002,short
9185,1827,1.508543,0.307744,0.465161,0,1831.299072,scenario_002,short
9186,1827,8.745093,0.705354,0.761369,0,1845.604497,scenario_002,medium
9187,1827,1.358233,0.121552,0.312797,1,1829.326835,scenario_002,short
9188,1828,1.119318,0.099375,0.210464,0,1831.518616,scenario_002,short
9189,1828,9.205349,0.619506,0.518068,0,1879.214656,scenario_002,medium
9190,1828,6.07291,0.5085,0.659926,1,1836.676576,scenario_002,medium
9191,1829,114.460823,0.527584,0.538442,0,2231.134004,scenario_002,long
9192,1829,2.020615,0.650399,0.490863,0,1832.194491,scenario_002,short
9193,1829,7.151318,0.901361,0.643061,1,1841.281899,scenario_002,medium
9194,1829,29.359374,1.0,1.0,0,1874.747098,scenario_002,long
9195,1830,5.66662,0.299898,0.370864,0,1851.217849,scenario_002,medium
9196,1830,25.812472,0.728851,0.748028,2,1870.697774,scenario_002,long
9197,1830,8.550818,0.186305,0.489665,0,1851.910168,scenario_002,medium
9198,1832,8.880139,0.863291,0.800034,1,1844.133225,scenario_002,medium
9199,1833,8.027444,0.158185,0.194784,1,1844.095057,scenario_002,medium
9200,1833,8.140342,0.1699,0.477141,0,1849.060581,scenario_002,medium
9201,1833,10.666094,0.401608,0.901246,0,1871.941231,scenario_002,medium
9202,1833,2.139588,0.432333,0.574027,0,1840.487508,scenario_002,short
9203,1833,2.155676,0.285406,0.479266,0,1837.531678,scenario_002,short
9204,1833,1.886447,0.15311,0.276965,0,1840.778248,scenario_002,short
9205,1834,2.088507,0.247412,0.593849,0,1845.375225,scenario_002,short
9206,1834,2.479352,0.436942,0.540841,2,1836.056452,scenario_002,short
9207,1835,11.870557,0.618022,0.874796,0,1873.596109,scenario_002,medium
9208,1835,2.208123,0.18718,0.358374,0,1840.385117,scenario_002,short
9209,1835,7.129237,0.306912,0.673249,1,1842.396758,scenario_002,medium
9210,1836,10.756696,0.521776,0.601455,0,1889.751266,scenario_002,medium
9211,1836,7.12577,0.337803,0.550175,2,1840.86893,scenario_002,medium
9212,1837,1.817051,0.355752,0.619319,1,1841.886134,scenario_002,short
9213,1837,1.020575,0.587304,0.471086,0,1842.620804,scenario_002,short
9214,1837,18.729648,0.318894,0.511043,0,1889.865727,scenario_002,medium
9215,1837,27.461995,0.795316,0.505442,0,1900.982767,scenario_002,medium
9216,1837,10.005459,0.187293,0.441473,0,1881.106539,scenario_002,medium
9217,1837,8.371206,0.329348,0.57754,0,1864.151294,scenario_002,medium
9218,1837,1.787642,0.410146,0.388532,0,1844.621041,scenario_002,short
9219,1837,85.878144,1.0,0.909018,0,2318.944939,scenario_002,long
9220,1837,10.983987,0.405996,0.86441,2,1856.595621,scenario_002,medium
9221,1837,1.43661,0.792006,0.460578,0,1841.838409,scenario_002,short
9222,1837,1.524459,0.492849,0.449128,0,1840.23198,scenario_002,short
9223,1837,8.13021,0.37067,0.733984,0,1859.078632,scenario_002,medium
9224,1837,9.774599,0.333864,0.620866,0,1885.837102,scenario_002,medium
9225,1838,4.951458,0.227709,0.691647,1,1852.63815,scenario_002,medium
9226,1838,1.746561,0.33496,0.621214,0,1846.729224,scenario_002,short
9227,1838,11.214693,0.539268,0.7298,2,1852.483055,scenario_002,medium
9228,1838,1.746291,0.468253,0.523091,0,1845.58258,scenario_002,short
9229,1838,12.507617,0.563483,0.439437,1,1873.770406,scenario_002,medium
9230,1838,1.950818,0.290708,0.399648,0,1843.755256,scenario_002,short
9231,1839,1.949046,0.136632,0.610365,0,1844.249302,scenario_002,short
9232,1839,2.29652,0.53215,0.474731,0,1843.365551,scenario_002,short
9233,1839,8.88833,0.251586,0.253421,2,1848.913398,scenario_002,medium
9234,1839,5.99569,0.332615,0.694864,1,1853.936262,scenario_002,medium
9235,1839,1.966759,0.637634,0.695011,0,1842.524865,scenario_002,short
9236,1840,1.851727,0.063886,0.079456,1,1842.029374,scenario_002,short
9237,1840,55.880791,0.275295,0.684701,2,1932.360855,scenario_002,long
9238,1840,2.184904,0.38582,0.612754,1,1844.810679,scenario_002,short
9239,1840,1.560454,0.426282,0.417809,0,1846.30597,scenario_002,short
9240,1840,1.800594,0.419282,0.662251,0,1845.776018,scenario_002,short
9241,1840,8.059475,0.337142,0.475163,2,1851.622288,scenario_002,medium
9242,1840,1.572697,0.709535,0.467007,2,1841.668601,scenario_002,short
9243,1840,60.964373,0.921629,0.947643,0,1952.545205,scenario_002,long
9244,1840,1.739393,0.235772,0.689797,2,1841.610684,scenario_002,short
9245,1840,1.694311,0.441737,0.323089,0,1848.664829,scenario_002,short
9246,1840,1.497388,0.678993,0.693591,2,1841.961851,scenario_002,short
9247,1840,1.528808,0.248802,0.391267,0,1844.260351,scenario_002,short
9248,1841,1.66394,0.29878,0.289076,0,1846.082138,scenario_002,short
9249,1841,1.823719,0.772616,0.86795,0,1850.421862,scenario_002,short
9250,1841,8.181319,0.305399,0.482236,0,1877.733962,scenario_002,medium
9251,1841,1.594372,0.237216,0.412019,2,1843.331692,scenario_002,short
9252,1841,6.116607,0.431964,0.458528,0,1851.450766,scenario_002,medium
9253,1841,6.073876,0.561199,0.794102,0,1850.907581,scenario_002,medium
9254,1841,117.352679,0.862898,0.739029,2,1993.538195,scenario_002,long
9255,1841,11.777295,0.41382,0.356371,0,1903.278871,scenario_002,medium
9256,1841,1.369779,0.176219,0.312089,0,1845.222683,scenario_002,short
9257,1842,2.640861,0.42898,0.915675,1,1845.654983,scenario_002,short
9258,1842,3.203225,0.107194,0.151407,0,1847.928232,scenario_002,short
9259,1842,14.674519,0.193906,0.15973,0,1869.359239,scenario_002,medium
9260,1842,1.643701,0.10291,0.135955,2,1843.60621,scenario_002,short
9261,1842,11.355459,0.838369,0.810079,0,1866.643265,scenario_002,medium
9262,1842,0.975867,0.402772,0.579059,0,1845.92956,scenario_002,short
9263,1842,28.048686,0.917636,0.794996,2,1873.520929,scenario_002,long
9264,1842,12.419452,0.666531,0.917556,0,1875.204091,scenario_002,medium
9265,1842,1.592228,0.322432,0.383563,2,1843.729691,scenario_002,short
9266,1842,78.384546,0.454089,0.798778,0,2058.057556,scenario_002,long
9267,1843,1.584382,0.277638,0.30018,0,1848.033739,scenario_002,short
9268,1843,8.934959,0.520412,0.513265,1,1853.254431,scenario_002,long
9269,1843,1.731455,0.237277,0.386916,0,1848.459911,scenario_002,short
9270,1843,151.916406,0.937009,0.796136,2,2163.444468,scenario_002,long
9271,1844,143.90823,0.748081,0.667552,0,2576.487721,scenario_002,long
9272,1844,10.865389,0.968149,0.871973,0,1871.044713,scenario_002,medium
9273,1844,1.417023,0.068997,0.138305,0,1849.931982,scenario_002,short
9274,1844,9.895481,0.47118,0.561245,0,1893.390435,scenario_002,medium
9275,1844,1.069563,0.31398,0.467881,0,1848.384375,scenario_002,short
9276,1844,7.314525,0.552342,0.507688,0,1873.956423,scenario_002,medium
9277,1845,8.745006,0.739858,0.765217,0,1889.00163,scenario_002,medium
9278,1845,30.844815,0.988751,0.775537,0,1941.284162,scenario_002,long
9279,1845,9.462192,0.697768,0.94721,0,1862.116904,scenario_002,medium
9280,1845,5.674465,0.258067,0.362338,0,1869.871598,scenario_002,medium
9281,1845,1.978978,0.160856,0.617869,0,1849.574915,scenario_002,short
9282,1845,1.288583,0.621666,0.718887,0,1847.721834,scenario_002,short
9283,1845,9.298128,0.694172,0.78341,0,1879.048118,scenario_002,medium
9284,1845,1.124294,0.295534,0.396193,0,1849.128432,scenario_002,short
9285,1845,1.252782,0.251971,0.277913,1,1846.607915,scenario_002,short
9286,1845,2.230317,0.068358,0.186965,1,1850.924182,scenario_002,short
9287,1846,7.747102,0.683495,1.0,0,1879.90777,scenario_002,medium
9288,1846,9.761637,0.645973,0.803295,1,1873.302069,scenario_002,medium
9289,1846,6.71525,0.512246,0.637982,0,1860.454237,scenario_002,medium
9290,1846,1.366571,0.064434,0.217567,0,1853.266186,scenario_002,short
9291,1846,11.143564,0.218755,0.387377,0,1905.641758,scenario_002,medium
9292,1846,1.651807,0.374027,0.677228,0,1851.011046,scenario_002,short
9293,1846,1.33941,0.490026,0.385808,2,1847.015199,scenario_002,short
9294,1847,6.927806,0.339306,0.385304,0,1859.411868,scenario_002,medium
9295,1847,39.124847,0.93176,1.0,1,1948.643813,scenario_002,long
9296,1847,14.204949,0.685024,0.675724,0,1886.863606,scenario_002,long
9297,1847,120.322284,0.683203,0.595131,2,1996.384932,scenario_002,long
9298,1847,1.398976,0.274051,0.403589,0,1852.745714,scenario_002,short
9299,1847,6.620664,0.282021,0.384966,0,1876.189702,scenario_002,medium
9300,1847,5.47008,0.38697,0.397838,0,1857.457415,scenario_002,medium
9301,1847,1.51332,0.168982,0.327639,0,1851.887367,scenario_002,short
9302,1848,2.288128,0.261103,0.338732,2,1853.048618,scenario_002,short
9303,1848,7.774215,0.522437,0.507367,0,1883.336215,scenario_002,medium
9304,1848,28.580055,0.550059,0.544424,0,1983.218141,scenario_002,long
9305,1848,1.188091,0.438341,0.561361,0,1852.684256,scenario_002,short
9306,1848,14.339639,0.265688,0.256158,0,1902.983124,scenario_002,medium
9307,1848,6.865591,0.342696,0.829902,0,1861.439238,scenario_002,medium
9308,1848,2.469983,0.138363,0.11714,0,1854.466066,scenario_002,short
9309,1849,10.143856,0.369226,0.741869,2,1862.035994,scenario_002,medium
9310,1849,1.56342,0.487959,0.582848,0,1855.133437,scenario_002,short
9311,1849,0.958682,0.154358,0.230708,1,1852.034705,scenario_002,short
9312,1849,2.289151,0.673091,0.607801,2,1853.358289,scenario_002,short
9313,1850,100.535061,0.720945,0.669611,1,2086.657161,scenario_002,long
9314,1850,4.780517,0.684718,0.572361,0,1864.401239,scenario_002,medium
9315,1850,15.182887,0.763979,0.778554,1,1884.592772,scenario_002,medium
9316,1850,1.480792,0.34489,0.555862,0,1853.395749,scenario_002,short
9317,1850,2.169267,0.395151,0.687226,0,1861.009631,scenario_002,short
9318,1851,9.138981,0.439707,0.380655,0,1875.82355,scenario_002,medium
9319,1851,10.968611,0.291616,0.734528,0,1896.487533,scenario_002,medium
9320,1851,11.839315,0.62979,0.673149,0,1902.533965,scenario_002,medium
9321,1851,6.088933,0.706002,0.816143,1,1864.305758,scenario_002,medium
9322,1851,6.24967,0.466058,0.466514,0,1863.405212,scenario_002,medium
9323,1852,1.433281,0.492481,0.617667,1,1855.754551,scenario_002,short
9324,1852,1.536608,0.674488,1.0,0,1860.517039,scenario_002,short
9325,1852,1.5111,0.064637,0.109882,2,1853.23753,scenario_002,short
9326,1852,2.015008,0.194971,0.248348,1,1855.330723,scenario_002,short
9327,1852,9.444038,0.704483,0.538667,1,1864.07458,scenario_002,medium
9328,1852,6.969371,0.426257,0.795353,0,1866.744546,scenario_002,medium
9329,1852,9.154501,0.585243,0.613742,0,1888.332694,scenario_002,medium
9330,1853,1.30043,0.070741,0.186997,0,1856.525283,scenario_002,short
9331,1853,7.867392,0.402418,0.45668,0,1879.999311,scenario_002,medium
9332,1853,21.013793,0.151605,0.281447,0,1928.753587,scenario_002,medium
9333,1854,7.276632,0.536247,0.537299,0,1877.078727,scenario_002,medium
9334,1854,13.452111,0.651046,0.421536,0,1915.781831,scenario_002,medium
9335,1854,2.101384,0.730206,0.668561,0,1862.794621,scenario_002,short
9336,1854,1.139247,0.419839,0.502232,0,1856.752992,scenario_002,short
9337,1854,35.121558,0.598263,0.778031,2,1926.211274,scenario_002,long
9338,1854,1.673457,0.444909,0.641969,0,1862.415191,scenario_002,short
9339,1855,5.341861,0.274887,0.241164,1,1864.351285,scenario_002,medium
9340,1855,6.569643,0.585405,0.51373,2,1859.562719,scenario_002,medium
9341,1855,10.425579,0.452019,0.331177,0,1904.699432,scenario_002,medium
9342,1855,13.313369,0.238914,0.59363,0,1877.849204,scenario_002,medium
9343,1855,1.383127,0.388057,0.564476,2,1856.030501,scenario_002,short
9344,1855,2.057997,0.64272,0.703151,1,1859.226888,scenario_002,short
9345,1855,2.112922,0.054285,0.393414,0,1864.781768,scenario_002,short
9346,1855,27.192656,0.657545,0.553552,2,1885.258613,scenario_002,long
9347,1855,10.324454,0.912286,0.760023,0,1870.99746,scenario_002,medium
9348,1856,1.89578,0.422221,0.643476,2,1859.379472,scenario_002,short
9349,1856,1.870828,0.408353,0.581451,0,1865.724663,scenario_002,short
9350,1856,7.496755,0.384014,0.441837,0,1870.541881,scenario_002,medium
9351,1856,1.484121,0.429324,0.401505,0,1862.248469,scenario_002,short
9352,1857,37.027742,0.62897,0.567406,2,1884.286434,scenario_002,long
9353,1857,4.361046,0.257633,0.378379,0,1870.665008,scenario_002,medium
9354,1857,12.803659,0.666996,0.609407,1,1868.896561,scenario_002,medium
9355,1857,1.851867,0.309811,0.416809,0,1864.223517,scenario_002,short
9356,1857,7.185657,0.40673,0.40679,0,1888.132689,scenario_002,medium
9357,1857,10.623555,0.29989,0.312321,0,1908.903053,scenario_002,medium
9358,1857,7.623347,0.456496,0.577759,0,1870.285853,scenario_002,medium
9359,1857,11.97206,0.402334,0.334063,0,1909.991309,scenario_002,medium
9360,1857,77.389544,0.946218,0.826234,0,2224.63317,scenario_002,long
9361,1858,11.580068,0.266592,0.267771,1,1896.174282,scenario_002,medium
9362,1858,1.536497,0.334396,0.599014,1,1861.63048,scenario_002,short
9363,1858,7.08217,0.497574,0.523118,0,1891.511038,scenario_002,medium
9364,1858,1.630341,0.442943,0.645565,0,1863.937909,scenario_002,short
9365,1858,2.453996,0.255296,0.203029,1,1861.312766,scenario_002,short
9366,1858,1.893641,0.226887,0.801315,0,1864.846545,scenario_002,short
9367,1858,11.353088,0.640709,0.666921,0,1912.498713,scenario_002,medium
9368,1858,0.93516,0.337939,0.448046,2,1859.925756,scenario_002,short
9369,1859,4.54095,0.65497,0.759775,0,1867.812648,scenario_002,medium
9370,1859,5.333398,0.220793,0.275695,0,1884.295186,scenario_002,medium
9371,1859,1.56783,0.412117,0.560709,0,1864.506885,scenario_002,short
9372,1859,49.130564,0.661383,0.720603,0,1938.113314,scenario_002,long
9373,1859,7.32864,0.717908,1.0,2,1869.13989,scenario_002,medium
9374,1859,1.697249,0.250156,0.692312,1,1862.835879,scenario_002,short
9375,1859,2.158854,0.422614,0.447815,0,1871.029273,scenario_002,short
9376,1860,2.164898,0.438668,0.82978,0,1870.025864,scenario_002,short
9377,1860,1.618861,0.180568,0.590252,0,1867.028394,scenario_002,short
9378,1860,2.424003,0.15507,0.679214,1,1865.068347,scenario_002,short
9379,1860,13.287012,0.655588,0.505909,0,1897.923773,scenario_002,medium
9380,1860,1.893553,0.46729,0.807629,0,1868.086412,scenario_002,short
9381,1860,1.258583,0.401257,0.54328,1,1863.776968,scenario_002,short
9382,1860,2.334313,0.436317,0.863883,2,1861.832819,scenario_002,short
9383,1861,1.013449,0.317512,0.523907,0,1863.36484,scenario_002,short
9384,1861,1.328864,0.426966,0.383607,2,1863.947472,scenario_002,short
9385,1861,16.274598,0.83308,0.602466,0,1920.235256,scenario_002,long
9386,1861,1.581606,0.125758,0.268209,0,1867.686218,scenario_002,short
9387,1861,10.353792,0.524935,0.394576,0,1911.589578,scenario_002,medium
9388,1861,9.462953,0.823765,0.840547,0,1903.681031,scenario_002,medium
9389,1861,2.727449,0.305628,0.39858,0,1870.393413,scenario_002,short
9390,1861,0.905945,0.105682,0.05,1,1863.348704,scenario_002,short
9391,1861,1.576935,0.786083,0.537477,0,1869.48484,scenario_002,short
9392,1861,12.775377,0.205459,0.312055,2,1870.340417,scenario_002,medium
9393,1861,1.65103,0.068411,0.351558,1,1865.090261,scenario_002,short
9394,1861,2.010483,0.188433,0.262887,0,1864.855024,scenario_002,short
9395,1861,104.405439,1.0,0.938857,0,2358.734568,scenario_002,long
9396,1861,50.727776,1.0,0.625972,2,1917.882367,scenario_002,long
9397,1862,2.472993,0.303587,0.71065,0,1871.037753,scenario_002,short
9398,1862,11.009717,0.170266,0.318333,1,1893.104499,scenario_002,medium
9399,1862,1.821622,0.400461,0.551341,0,1864.779108,scenario_002,short
9400,1862,1.062396,0.240125,0.289589,0,1863.822741,scenario_002,short
9401,1862,5.078688,0.902528,0.780356,0,1882.534625,scenario_002,medium
9402,1862,1.930144,0.434436,0.418169,1,1867.412294,scenario_002,short
9403,1862,55.28659,0.330097,0.362832,1,1990.70922,scenario_002,long
9404,1862,6.190229,0.341007,0.389208,2,1868.566166,scenario_002,medium
9405,1862,1.404287,0.260836,0.550598,0,1866.878613,scenario_002,short
9406,1863,25.068735,1.0,0.806805,0,1906.270716,scenario_002,long
9407,1863,8.915866,0.868077,0.782247,0,1903.082104,scenario_002,medium
9408,1863,2.190332,0.395315,0.526443,0,1867.255705,scenario_002,short
9409,1863,8.098678,0.599375,0.483062,2,1879.8324,scenario_002,medium
9410,1863,1.117895,0.229274,0.734927,0,1866.495962,scenario_002,short
9411,1863,1.39776,0.122321,0.285969,0,1869.891867,scenario_002,short
9412,1863,8.36528,0.517363,0.614357,1,1875.65267,scenario_002,medium
9413,1864,1.570207,0.302691,0.420826,2,1867.075666,scenario_002,short
9414,1864,1.604479,0.429028,0.824781,1,1868.297482,scenario_002,short
9415,1864,2.067098,0.551672,0.727176,1,1870.026038,scenario_002,short
9416,1864,14.82325,0.676355,0.501255,0,1943.968471,scenario_002,medium
9417,1864,5.006003,0.717991,0.883243,0,1879.939276,scenario_002,medium
9418,1864,3.110464,0.194279,0.276159,0,1880.199368,scenario_002,short
9419,1864,1.776619,0.056149,0.680751,0,1873.881277,scenario_002,short
9420,1864,8.55662,0.299407,0.366191,0,1879.988157,scenario_002,medium
9421,1864,12.022831,0.216172,0.192869,1,1885.800535,scenario_002,medium
9422,1864,2.596499,0.427607,0.215585,0,1876.497872,scenario_002,short
9423,1864,59.125467,0.380527,0.376226,0,2130.273134,scenario_002,long
9424,1864,1.80569,0.311557,0.327922,0,1871.877837,scenario_002,short
9425,1865,12.850703,0.609337,0.444086,1,1894.135158,scenario_002,medium
9426,1865,2.018911,0.311946,0.763262,0,1871.207552,scenario_002,short
9427,1865,26.270891,0.821024,0.781685,0,1992.191495,scenario_002,long
9428,1865,2.572703,0.079999,0.357202,0,1876.702723,scenario_002,short
9429,1865,1.320497,0.691205,0.486092,0,1872.395576,scenario_002,short
9430,1865,19.928925,0.542852,0.572361,0,1933.220912,scenario_002,medium
9431,1865,41.64996,0.514634,0.709758,0,1985.318917,scenario_002,long
9432,1866,9.715193,0.631526,0.739491,0,1894.256076,scenario_002,medium
9433,1866,1.596203,0.117227,0.155926,0,1868.771355,scenario_002,short
9434,1866,12.518382,0.340638,0.330761,0,1934.944276,scenario_002,medium
9435,1866,1.838191,0.39327,0.322141,2,1868.593934,scenario_002,short
9436,1866,1.577222,0.131742,0.274974,1,1868.136775,scenario_002,short
9437,1867,8.056373,0.626413,0.533815,1,1888.392706,scenario_002,medium
9438,1867,1.661262,0.613215,0.367513,0,1873.092783,scenario_002,short
9439,1867,7.199384,0.501816,0.398025,0,1894.224576,scenario_002,medium
9440,1867,1.28538,0.597795,0.558057,1,1869.521419,scenario_002,short
9441,1867,1.811739,0.38687,0.384541,1,1872.811121,scenario_002,short
9442,1867,1.368951,0.264324,0.422762,0,1874.229331,scenario_002,short
9443,1867,9.450448,0.270186,0.398684,0,1895.428069,scenario_002,medium
9444,1868,6.716588,0.424405,0.505504,0,1887.020888,scenario_002,medium
9445,1868,1.871581,0.410862,0.873675,0,1871.851423,scenario_002,short
9446,1868,1.329407,0.075107,0.492668,0,1872.930258,scenario_002,short
9447,1868,1.393871,0.29864,0.577702,1,1871.75495,scenario_002,short
9448,1868,9.379376,0.525589,0.71525,0,1913.514356,scenario_002,medium
9449,1868,1.839984,0.422876,0.476411,2,1869.880884,scenario_002,short
9450,1868,2.716109,0.387872,0.546125,0,1881.184048,scenario_002,short
9451,1869,9.014042,0.189253,0.277857,0,1911.707056,scenario_002,medium
9452,1869,12.101551,0.906697,0.609072,2,1895.082615,scenario_002,medium
9453,1869,1.398391,0.698869,0.517239,0,1873.491679,scenario_002,short
9454,1869,7.847718,0.371232,0.290255,1,1889.685514,scenario_002,medium
9455,1869,1.433992,0.373984,0.730927,0,1871.787255,scenario_002,short
9456,1869,1.692828,0.379265,0.743004,0,1877.319832,scenario_002,short
9457,1870,9.289892,0.598393,0.641879,0,1896.464589,scenario_002,medium
9458,1870,10.492931,0.639893,0.481673,0,1905.056938,scenario_002,medium
9459,1870,2.058615,0.34581,0.731474,2,1874.223456,scenario_002,short
9460,1870,1.944957,0.693589,0.479482,2,1872.887306,scenario_002,short
9461,1870,1.47312,0.652058,0.682404,2,1873.025371,scenario_002,short
9462,1870,1.373423,0.853188,0.590962,2,1871.986891,scenario_002,short
9463,1870,5.861777,0.409868,0.480002,1,1884.609575,scenario_002,medium
9464,1870,2.635164,0.140115,0.329712,1,1875.631192,scenario_002,short
9465,1871,11.067488,0.636363,0.583949,2,1885.528163,scenario_002,medium
9466,1871,2.187482,0.060152,0.306624,0,1882.287424,scenario_002,short
9467,1871,11.881286,0.54507,0.681675,2,1883.187837,scenario_002,medium
9468,1871,6.801018,0.737435,0.649947,0,1901.818004,scenario_002,medium
9469,1871,42.203051,0.811966,1.0,0,1981.44662,scenario_002,long
9470,1871,8.169685,0.50614,0.943263,2,1887.516913,scenario_002,medium
9471,1871,7.727849,0.132711,0.197827,1,1888.046525,scenario_002,medium
9472,1871,10.102002,0.807163,0.870879,0,1899.170017,scenario_002,medium
9473,1871,1.148357,0.41403,0.386116,0,1872.86966,scenario_002,short
9474,1871,6.250553,0.978741,0.783268,0,1895.28617,scenario_002,medium
9475,1872,1.49021,0.36765,0.573169,0,1879.730272,scenario_002,short
9476,1872,2.287073,0.327902,0.312549,0,1882.565044,scenario_002,short
9477,1872,1.545704,0.541891,0.535066,0,1877.994571,scenario_002,short
9478,1872,1.369781,0.610464,0.559314,0,1876.662841,scenario_002,short
9479,1872,1.319067,0.486222,0.36401,0,1877.150898,scenario_002,short
9480,1872,6.518641,0.304323,0.264179,2,1880.563147,scenario_002,medium
9481,1872,2.152812,0.374516,0.328992,0,1875.392922,scenario_002,short
9482,1872,7.747531,0.640074,0.949844,0,1908.59373,scenario_002,medium
9483,1872,2.468224,0.469127,0.598994,0,1876.07306,scenario_002,short
9484,1872,1.503567,0.430587,0.413259,0,1875.864145,scenario_002,short
9485,1872,9.335878,0.32621,0.795313,1,1889.104019,scenario_002,medium
9486,1873,13.704291,0.451285,0.472701,0,1934.871784,scenario_002,medium
9487,1873,2.459339,0.727683,0.80037,1,1877.018514,scenario_002,short
9488,1873,0.790538,0.062705,0.05,0,1876.76765,scenario_002,short
9489,1873,2.480567,0.256433,0.437248,0,1877.331285,scenario_002,short
9490,1873,7.776502,0.487101,0.478094,0,1903.033548,scenario_002,medium
9491,1873,7.146481,0.684536,0.86725,0,1887.868814,scenario_002,medium
9492,1873,35.475857,0.439779,0.627991,0,2065.552633,scenario_002,long
9493,1873,121.228415,0.91796,0.904121,2,2140.993733,scenario_002,long
9494,1873,2.436168,0.101159,0.344965,0,1878.908708,scenario_002,short
9495,1873,8.547632,0.559827,0.825708,1,1888.003484,scenario_002,medium
9496,1874,1.121734,0.170561,0.454394,0,1876.607301,scenario_002,short
9497,1874,9.891276,0.204292,0.199179,0,1914.686016,scenario_002,medium
9498,1874,1.46195,0.270753,0.266174,2,1875.63875,scenario_002,short
9499,1875,1.537451,0.416563,0.614328,0,1881.086364,scenario_002,short
9500,1875,1.46969,0.181556,0.902744,0,1877.801217,scenario_002,short
9501,1875,9.066748,0.632231,0.665198,1,1895.810374,scenario_002,long
9502,1875,6.141688,0.263384,0.654974,2,1879.05793,scenario_002,medium
9503,1875,13.38783,0.938675,0.836053,2,1900.420975,scenario_002,medium
9504,1875,35.689099,0.413602,0.497863,0,1981.946538,scenario_002,long
9505,1875,1.638831,0.574555,0.709077,0,1884.12842,scenario_002,short
9506,1875,24.811099,0.449112,0.3151,0,1980.835318,scenario_002,long
9507,1875,8.895878,0.510456,0.482911,0,1924.231846,scenario_002,medium
9508,1875,1.311284,0.118724,0.175277,2,1876.0,scenario_002,short
9509,1876,6.984761,0.777509,0.48698,2,1880.7013,scenario_002,medium
9510,1876,7.090033,0.293901,0.547747,0,1907.181071,scenario_002,medium
9511,1876,10.945521,0.746213,0.630101,1,1896.16745,scenario_002,medium
9512,1876,2.469425,0.326434,0.298215,0,1880.350442,scenario_002,short
9513,1876,7.818077,0.323144,0.452248,0,1914.432286,scenario_002,medium
9514,1876,2.824969,0.316111,0.381283,0,1890.330243,scenario_002,short
9515,1876,6.694709,0.45666,0.40608,2,1890.75307,scenario_002,medium
9516,1876,6.937782,0.23091,0.47413,0,1887.011968,scenario_002,medium
9517,1877,2.554717,0.063244,0.493108,1,1882.645248,scenario_002,short
9518,1877,14.071726,0.351888,0.341947,0,1912.356719,scenario_002,medium
9519,1877,2.021514,0.188629,0.758484,1,1878.971111,scenario_002,short
9520,1877,6.690978,0.85182,0.882711,0,1896.656842,scenario_002,medium
9521,1877,1.357984,0.134181,0.377599,0,1883.863673,scenario_002,short
9522,1877,9.680631,0.190831,0.576382,0,1899.132973,scenario_002,medium
9523,1877,24.059157,0.701008,0.801568,0,1943.145096,scenario_002,long
9524,1877,7.481336,0.791151,0.86597,1,1886.276697,scenario_002,medium
9525,1877,6.262475,0.340728,0.420485,0,1894.783467,scenario_002,medium
9526,1877,11.301982,0.704144,0.539446,0,1900.775545,scenario_002,medium
9527,1878,34.62539,0.672589,0.602476,0,1982.792243,scenario_002,long
9528,1878,2.39778,0.419584,0.524481,2,1881.181973,scenario_002,short
9529,1878,24.429726,0.639294,0.683415,1,1901.094804,scenario_002,long
9530,1878,1.332925,0.075625,0.214363,0,1880.532011,scenario_002,short
9531,1878,9.833834,0.602987,0.53211,0,1915.996521,scenario_002,medium
9532,1878,3.101878,0.426087,0.355671,2,1883.218562,scenario_002,short
9533,1878,1.449304,0.196294,0.244441,0,1885.061446,scenario_002,short
9534,1878,1.33223,0.208258,0.725278,0,1880.560925,scenario_002,short
9535,1878,1.528208,0.643597,0.578084,2,1880.014955,scenario_002,short
9536,1878,1.914469,0.174318,0.757027,0,1881.731852,scenario_002,short
9537,1878,1.07904,0.375635,0.413616,0,1880.002813,scenario_002,short
9538,1879,9.748579,0.421882,0.447468,0,1896.473929,scenario_002,medium
9539,1879,8.042626,0.602972,0.635398,0,1921.231648,scenario_002,medium
9540,1879,2.656032,0.472234,0.632698,0,1883.054396,scenario_002,short
9541,1879,181.422842,0.85736,0.823249,0,2313.096659,scenario_002,long
9542,1879,1.516923,0.617557,0.48383,0,1883.539149,scenario_002,short
9543,1879,2.063364,0.373724,0.482619,0,1889.259786,scenario_002,short
9544,1880,11.419932,0.262897,0.329737,0,1918.984567,scenario_002,medium
9545,1880,11.106126,0.540797,0.400267,1,1894.218869,scenario_002,medium
9546,1880,2.707561,0.586932,0.722542,0,1894.879199,scenario_002,short
9547,1880,11.293173,0.270565,0.290781,2,1905.141382,scenario_002,medium
9548,1880,32.817216,0.741977,0.725594,0,2008.67096,scenario_002,long
9549,1880,1.665425,0.315332,0.297307,0,1887.453602,scenario_002,short
9550,1881,1.816519,0.61667,0.382773,2,1884.409222,scenario_002,short
9551,1881,12.622886,0.474502,0.669011,0,1913.037293,scenario_002,medium
9552,1881,88.893509,0.433933,0.520368,2,1950.553202,scenario_002,long
9553,1881,1.658075,0.34166,0.593672,0,1887.306009,scenario_002,short
9554,1881,8.161744,0.207927,0.246654,0,1894.523517,scenario_002,medium
9555,1881,2.595037,0.310704,0.551457,0,1893.556002,scenario_002,short
9556,1881,2.091154,0.311391,0.338318,2,1884.552222,scenario_002,short
9557,1881,1.67362,0.070626,0.382431,0,1885.632301,scenario_002,short
9558,1881,2.256762,0.326564,0.476219,0,1884.501812,scenario_002,short
9559,1881,12.250987,0.215299,0.066476,0,1939.597997,scenario_002,medium
9560,1882,9.030322,0.582882,0.790882,0,1906.443225,scenario_002,medium
9561,1882,108.496404,0.68572,0.750265,2,1977.973901,scenario_002,long
9562,1882,1.724995,0.274475,0.375197,0,1889.948217,scenario_002,short
9563,1882,1.492417,0.435638,0.654562,0,1884.68346,scenario_002,short
9564,1882,1.378126,0.444117,0.462386,0,1887.766459,scenario_002,short
9565,1882,1.376423,0.212522,0.288026,2,1884.896936,scenario_002,short
9566,1883,1.551894,0.062645,0.229863,0,1891.738283,scenario_002,short
9567,1883,8.705811,0.295956,0.229169,0,1912.211679,scenario_002,medium
9568,1883,15.54174,0.5742,0.690087,0,1966.796582,scenario_002,medium
9569,1883,1.24175,0.10123,0.245733,0,1887.518274,scenario_002,short
9570,1883,1.374446,0.272142,0.532628,1,1885.403583,scenario_002,short
9571,1883,10.104518,0.586418,0.501163,1,1910.0087,scenario_002,medium
9572,1883,2.172038,0.31022,0.639683,0,1891.320112,scenario_002,short
9573,1883,1.952234,0.306246,0.503384,1,1889.213278,scenario_002,short
9574,1883,1.846213,0.075736,0.069855,1,1888.532565,scenario_002,short
9575,1884,39.438705,0.966832,1.0,0,2079.310138,scenario_002,long
9576,1884,2.10384,0.236257,0.245246,0,1890.674558,scenario_002,short
9577,1884,54.984405,0.61761,0.82105,2,1977.120672,scenario_002,long
9578,1884,2.69334,0.136846,0.624682,1,1891.653831,scenario_002,short
9579,1884,2.129658,0.432394,0.329388,2,1887.124561,scenario_002,short
9580,1884,1.581895,0.155728,0.235728,0,1889.763932,scenario_002,short
9581,1884,1.72656,0.355239,0.191503,2,1887.482948,scenario_002,short
9582,1884,24.796868,0.820021,1.0,1,1963.527174,scenario_002,long
9583,1884,1.803569,0.223748,0.315123,0,1886.991486,scenario_002,short
9584,1885,1.509209,0.312674,0.689848,2,1886.768315,scenario_002,short
9585,1885,11.853751,0.869152,0.585888,2,1895.897534,scenario_002,medium
9586,1885,7.626212,0.549281,0.967883,1,1900.061742,scenario_002,medium
9587,1885,2.5224,0.246757,0.648368,0,1891.60746,scenario_002,short
9588,1885,1.693004,0.184744,0.287198,0,1893.264931,scenario_002,short
9589,1885,1.947255,0.090211,0.252107,0,1889.656297,scenario_002,short
9590,1885,2.311176,0.710598,0.609988,1,1889.167458,scenario_002,short
9591,1885,7.564302,0.371384,0.477885,2,1901.410427,scenario_002,medium
9592,1885,1.295134,0.552484,0.354606,0,1891.253405,scenario_002,short
9593,1885,7.977594,0.399467,0.451813,2,1891.318703,scenario_002,medium
9594,1885,7.796195,0.418217,0.452275,0,1905.69455,scenario_002,medium
9595,1886,1.667757,0.097525,0.356161,0,1894.975056,scenario_002,short
9596,1886,20.212545,0.926557,0.93517,0,1995.614534,scenario_002,medium
9597,1886,13.574567,0.515966,0.561252,0,1924.091444,scenario_002,medium
9598,1887,1.805402,0.15729,0.127883,0,1890.147758,scenario_002,short
9599,1887,2.457398,0.718187,0.48627,0,1893.902941,scenario_002,short
9600,1887,10.882654,0.666185,0.633938,0,1910.6946,scenario_002,medium
9601,1887,8.846709,0.36452,0.500962,0,1928.191667,scenario_002,medium
9602,1887,60.210438,1.0,0.880765,1,1980.093645,scenario_002,long
9603,1887,8.137813,0.136164,0.214604,2,1899.560142,scenario_002,medium
9604,1888,14.891113,0.686264,1.0,0,1956.388395,scenario_002,medium
9605,1888,1.3599,0.448306,0.473086,2,1889.355339,scenario_002,short
9606,1888,18.946373,0.550803,0.658769,1,1917.915763,scenario_002,long
9607,1888,1.29243,0.159872,0.44067,0,1893.01533,scenario_002,short
9608,1889,1.906504,0.522723,0.531433,2,1893.047598,scenario_002,short
9609,1889,1.451597,0.818898,0.716079,0,1894.799312,scenario_002,short
9610,1889,3.627058,0.68359,0.704205,1,1894.979951,scenario_002,medium
9611,1890,1.33875,0.210517,0.331775,0,1894.603227,scenario_002,short
9612,1890,1.20198,0.323999,0.58988,0,1896.564944,scenario_002,short
9613,1890,151.90798,1.0,0.840982,1,2135.665003,scenario_002,long
9614,1890,1.491758,0.440106,0.591343,0,1896.640555,scenario_002,short
9615,1891,8.355931,0.207116,0.513509,1,1899.306449,scenario_002,medium
9616,1892,9.096221,0.210147,0.616899,2,1910.404904,scenario_002,medium
9617,1892,1.851387,0.363694,0.471644,0,1896.714161,scenario_002,short
9618,1892,1.810554,0.447462,0.373197,1,1895.447512,scenario_002,short
9619,1892,8.014919,0.346926,0.489991,0,1910.140322,scenario_002,medium
9620,1892,8.059631,0.679491,0.520759,0,1925.336486,scenario_002,medium
9621,1892,6.512443,0.710136,0.797233,0,1919.957608,scenario_002,medium
9622,1893,1.450522,0.07309,0.261545,0,1897.599786,scenario_002,short
9623,1893,12.239985,0.582045,0.70651,2,1918.947924,scenario_002,medium
9624,1893,6.162586,0.430171,0.28574,1,1900.20539,scenario_002,medium
9625,1893,40.156549,0.827572,0.845646,1,1957.636369,scenario_002,long
9626,1894,7.472256,0.401793,0.533349,0,1909.14766,scenario_002,medium
9627,1894,1.98036,0.371813,0.40171,0,1903.984877,scenario_002,short
9628,1894,14.267242,0.679284,0.510845,2,1919.012595,scenario_002,medium
9629,1894,1.235456,0.448959,0.469571,1,1897.477944,scenario_002,short
9630,1894,9.25489,0.705015,0.857715,0,1944.675708,scenario_002,medium
9631,1895,1.110706,0.351569,0.205454,0,1898.782659,scenario_002,short
9632,1895,2.703982,0.305697,0.160803,1,1901.839174,scenario_002,short
9633,1896,94.106027,0.680359,0.621338,0,2403.151893,scenario_002,long
9634,1896,1.602835,0.148533,0.32775,1,1900.64678,scenario_002,short
9635,1896,102.417532,0.298172,0.576884,0,2183.813841,scenario_002,long
9636,1896,8.35247,0.696707,0.890581,2,1913.822846,scenario_002,long
9637,1896,10.535434,0.247268,0.250343,1,1920.751814,scenario_002,medium
9638,1897,58.252411,0.786792,0.590919,0,2163.63244,scenario_002,long
9639,1897,1.507104,0.348343,0.922856,1,1900.249002,scenario_002,short
9640,1897,1.346695,0.418815,0.492604,2,1898.913704,scenario_002,short
9641,1898,6.021208,0.667739,0.587308,1,1908.428196,scenario_002,medium
9642,1898,8.664507,0.674217,1.0,1,1917.305708,scenario_002,medium
9643,1898,5.457714,0.373893,0.617347,0,1910.635624,scenario_002,medium
9644,1898,42.673221,0.361593,0.786769,0,2115.315737,scenario_002,long
9645,1898,1.430969,0.370458,0.421646,0,1904.275862,scenario_002,short
9646,1898,9.64882,0.648751,0.930827,0,1913.440309,scenario_002,medium
9647,1898,1.561963,0.245045,0.485511,0,1902.458665,scenario_002,short
9648,1898,11.551448,0.811313,0.703466,0,1945.657946,scenario_002,medium
9649,1899,0.837805,0.414678,0.300512,0,1902.659782,scenario_002,short
9650,1899,1.9499,0.185629,0.217656,2,1901.596064,scenario_002,short
9651,1899,12.295055,0.185359,0.360185,1,1929.514621,scenario_002,medium
9652,1899,2.350632,0.334332,0.616149,0,1905.981628,scenario_002,short
9653,1899,11.416563,0.541817,0.387416,0,1925.0605,scenario_002,medium
9654,1900,8.738902,0.946348,0.80576,0,1930.810334,scenario_002,medium
9655,1901,42.42051,1.0,0.775206,0,2118.75374,scenario_002,long
9656,1901,1.694377,0.734979,0.667966,0,1908.315906,scenario_002,short
9657,1901,1.849852,0.406267,0.505191,2,1903.104697,scenario_002,short
9658,1901,50.083135,0.668944,0.63238,0,2179.342865,scenario_002,long
9659,1901,11.142408,0.607749,0.739293,2,1911.527072,scenario_002,medium
9660,1902,63.985444,0.740949,0.701377,0,2214.9259,scenario_002,long
9661,1902,1.397615,0.143356,0.192605,0,1907.683995,scenario_002,short
9662,1902,2.033937,0.135728,0.763363,2,1903.879359,scenario_002,short
9663,1902,6.642142,0.432983,0.348207,0,1936.051564,scenario_002,medium
9664,1903,1.580586,0.258018,0.347413,0,1911.62049,scenario_002,short
9665,1903,2.324838,0.113291,0.295281,0,1911.58617,scenario_002,short
9666,1903,1.636515,0.274302,0.529666,0,1907.273906,scenario_002,short
9667,1903,2.018639,0.416344,0.557862,2,1907.058531,scenario_002,short
9668,1903,0.793752,0.392609,0.35899,0,1906.412906,scenario_002,short
9669,1904,4.705669,0.584262,0.765104,2,1910.471411,scenario_002,medium
9670,1904,80.020981,0.34517,0.48766,1,2012.842141,scenario_002,long
9671,1904,1.326538,0.075945,0.159358,1,1907.795195,scenario_002,short
9672,1904,6.273757,0.55024,0.626264,0,1921.374718,scenario_002,medium
9673,1904,7.789047,0.448481,0.506489,0,1945.380057,scenario_002,medium
9674,1904,1.850616,0.308744,0.671964,2,1905.550722,scenario_002,short
9675,1904,1.503636,0.341861,0.744039,1,1906.516167,scenario_002,short
9676,1905,2.691893,0.290109,0.280986,0,1918.000922,scenario_002,short
9677,1905,2.290552,0.083233,0.209358,0,1917.022658,scenario_002,short
9678,1905,13.500364,0.69656,0.504205,1,1921.31494,scenario_002,long
9679,1905,1.653972,0.297862,0.472047,0,1913.385427,scenario_002,short
9680,1905,1.425482,0.285087,0.443683,0,1910.201536,scenario_002,short
9681,1905,10.233768,0.939185,1.0,0,1940.616453,scenario_002,medium
9682,1906,1.520054,0.397238,0.403461,0,1910.456469,scenario_002,short
9683,1906,11.935488,0.644821,0.779127,0,1948.13839,scenario_002,medium
9684,1906,28.43288,0.34485,0.447544,0,2060.502508,scenario_002,long
9685,1906,1.863473,0.57381,0.509844,2,1907.798926,scenario_002,short
9686,1907,11.050117,0.475585,0.590138,2,1918.713328,scenario_002,medium
9687,1907,2.272929,0.110102,0.05,0,1917.212231,scenario_002,short
9688,1907,1.613754,0.381655,0.574371,0,1914.861435,scenario_002,short
9689,1907,2.021802,0.647378,0.864049,0,1912.713221,scenario_002,short
9690,1907,2.533784,0.377579,0.496279,0,1919.25921,scenario_002,short
9691,1907,2.381346,0.10057,0.267414,1,1914.258414,scenario_002,short
9692,1907,67.176388,0.859527,0.6155,1,2052.014282,scenario_002,long
9693,1908,12.048892,0.689748,0.698968,0,1966.253375,scenario_002,medium
9694,1909,7.451369,0.661516,1.0,0,1946.325299,scenario_002,medium
9695,1909,2.046848,0.525379,0.719774,1,1914.649447,scenario_002,short
9696,1909,1.453234,0.153371,0.100924,0,1913.591879,scenario_002,short
9697,1909,2.836063,0.294539,0.156824,1,1912.98407,scenario_002,short
9698,1910,2.12991,0.128515,0.443092,0,1915.51837,scenario_002,short
9699,1910,2.52517,0.402898,0.486622,0,1922.842602,scenario_002,short
9700,1910,1.446549,0.314394,0.181698,0,1916.237507,scenario_002,short
9701,1910,1.628032,0.222384,0.521133,1,1915.299247,scenario_002,short
9702,1910,2.107541,0.658401,0.599931,0,1919.925173,scenario_002,short
9703,1911,1.198148,0.742621,1.0,0,1915.142588,scenario_002,short
9704,1911,1.918306,0.091276,0.452257,1,1913.073838,scenario_002,short
9705,1911,17.938802,0.488089,0.639565,0,1938.676209,scenario_002,medium
9706,1912,7.471619,0.849221,0.634919,1,1922.327052,scenario_002,medium
9707,1912,0.899649,0.67544,0.655916,1,1913.08834,scenario_002,short
9708,1913,4.56973,0.413328,0.850574,0,1924.138323,scenario_002,medium
9709,1913,1.366267,0.269852,0.650276,0,1918.307019,scenario_002,short
9710,1913,2.248611,0.669469,0.465841,0,1925.215678,scenario_002,short
9711,1913,1.454459,0.199041,0.315247,0,1919.421897,scenario_002,short
9712,1913,12.543215,0.21703,0.326535,0,1950.54495,scenario_002,medium
9713,1914,2.028613,0.344838,0.300415,0,1919.790758,scenario_002,short
9714,1914,10.955083,0.330861,0.726338,1,1936.661009,scenario_002,medium
9715,1914,2.058549,0.745163,0.774314,2,1917.673086,scenario_002,short
9716,1914,6.828204,0.901401,0.949882,1,1933.986806,scenario_002,medium
9717,1914,13.531347,0.656022,0.587142,0,1940.321359,scenario_002,medium
9718,1914,6.756965,0.174357,0.504095,1,1921.166548,scenario_002,medium
9719,1914,6.85712,1.0,0.799616,0,1935.552465,scenario_002,medium
9720,1915,1.249727,0.069171,0.168912,1,1917.100889,scenario_002,short
9721,1915,9.849145,0.527187,0.582152,1,1938.479682,scenario_002,medium
9722,1915,1.658636,0.487089,0.546893,1,1918.831966,scenario_002,short
9723,1916,2.473755,0.163482,0.439219,0,1923.934237,scenario_002,short
9724,1916,12.668819,0.677299,0.561299,1,1957.356139,scenario_002,medium
9725,1916,6.713726,0.665727,0.602504,0,1929.165005,scenario_002,medium
9726,1916,8.311607,0.698454,0.697089,1,1924.509913,scenario_002,medium
9727,1917,1.689106,0.259979,0.206364,1,1919.970655,scenario_002,short
9728,1917,12.717923,0.215379,0.398418,2,1939.83118,scenario_002,medium
9729,1917,1.312293,0.162684,0.05,0,1920.696728,scenario_002,short
9730,1917,2.418978,0.426044,0.462127,1,1923.654563,scenario_002,short
9731,1917,3.564723,0.813659,0.759791,1,1928.388453,scenario_002,medium
9732,1917,9.113824,0.649501,0.686509,1,1946.789903,scenario_002,medium
9733,1917,12.976759,0.824084,0.616368,2,1926.218569,scenario_002,medium
9734,1917,1.923843,0.405733,0.357059,0,1927.791918,scenario_002,short
9735,1918,2.037718,0.245784,0.402136,1,1921.526495,scenario_002,short
9736,1918,5.090315,0.425474,0.374878,0,1934.340082,scenario_002,medium
9737,1918,5.064013,0.2972,0.818399,0,1941.612739,scenario_002,medium
9738,1918,1.671997,0.240825,0.791542,0,1924.44848,scenario_002,short
9739,1919,7.978764,0.602037,0.610063,0,1963.64176,scenario_002,medium
9740,1919,37.752421,0.541677,0.954847,1,1959.6932,scenario_002,long
9741,1919,1.492742,0.622768,1.0,0,1927.114068,scenario_002,short
9742,1919,1.507493,0.417792,0.519623,2,1921.237066,scenario_002,short
9743,1919,15.534978,0.251673,0.356348,1,1956.623851,scenario_002,medium
9744,1919,1.484057,0.422249,0.504791,1,1921.060361,scenario_002,short
9745,1920,11.039581,0.232551,0.234377,0,1939.704442,scenario_002,medium
9746,1920,66.523489,0.547224,0.38149,0,2023.020961,scenario_002,long
9747,1920,2.809905,0.15166,0.496423,2,1922.408706,scenario_002,short
9748,1921,1.859459,0.187086,0.344878,1,1926.82112,scenario_002,short
9749,1921,8.538324,0.481527,0.483264,0,1942.986039,scenario_002,medium
9750,1921,11.502294,0.347902,0.420336,2,1945.520203,scenario_002,medium
9751,1921,2.026597,0.705509,0.51346,2,1922.427865,scenario_002,short
9752,1921,2.766901,0.26121,0.545055,1,1928.186085,scenario_002,short
9753,1921,1.346269,0.400195,0.585744,0,1923.314907,scenario_002,short
9754,1921,138.732482,0.349706,0.817844,0,2475.592401,scenario_002,long
9755,1921,1.363893,0.265235,0.38687,0,1926.033617,scenario_002,short
9756,1921,1.781126,0.212518,0.331315,0,1924.331182,scenario_002,short
9757,1921,5.554417,0.317291,0.528572,2,1930.555376,scenario_002,medium
9758,1922,9.961779,0.984752,0.778765,0,1938.461686,scenario_002,medium
9759,1922,8.934245,0.152708,0.556235,0,1956.909795,scenario_002,medium
9760,1922,2.126863,0.399165,0.193724,1,1924.388667,scenario_002,short
9761,1922,8.620762,0.367538,0.58302,0,1969.549295,scenario_002,medium
9762,1922,1.286613,0.438624,0.393536,0,1927.467847,scenario_002,short
9763,1922,1.44698,0.238039,0.465741,0,1927.091209,scenario_002,short
9764,1922,6.071226,0.351608,0.48679,0,1952.874827,scenario_002,medium
9765,1922,1.772427,0.142977,0.205176,0,1929.173451,scenario_002,short
9766,1922,2.567361,0.105579,0.192142,0,1927.445643,scenario_002,short
9767,1922,15.987328,0.450904,0.728278,0,2001.028543,scenario_002,medium
9768,1922,8.983012,0.217921,0.474374,0,1951.47668,scenario_002,medium
9769,1923,16.499641,0.980387,0.925377,2,1957.210879,scenario_002,medium
9770,1923,9.79446,0.567819,1.0,1,1940.298837,scenario_002,medium
9771,1923,30.24927,0.700948,0.745572,1,2002.989034,scenario_002,long
9772,1923,1.985608,0.060124,0.05,0,1928.654162,scenario_002,short
9773,1923,1.328973,0.249831,0.321242,1,1927.369054,scenario_002,short
9774,1923,2.653448,0.303411,0.442271,1,1929.283482,scenario_002,short
9775,1923,8.428614,0.58842,0.517628,0,1947.65831,scenario_002,medium
9776,1923,1.7862,0.428345,0.408611,0,1927.743383,scenario_002,short
9777,1923,1.356246,0.314584,0.182033,0,1926.510278,scenario_002,short
9778,1924,2.109077,0.344293,0.44612,0,1935.876157,scenario_002,short
9779,1924,1.631007,0.329145,0.535868,0,1929.549084,scenario_002,short
9780,1924,18.186332,0.427806,0.622247,0,1966.933827,scenario_002,long
9781,1924,10.015617,0.627394,0.365196,0,1965.405576,scenario_002,medium
9782,1924,1.86259,0.30229,0.423336,0,1929.782343,scenario_002,short
9783,1924,12.345816,0.215982,0.84725,1,1956.722728,scenario_002,medium
9784,1924,1.44871,0.072279,0.245307,0,1927.206192,scenario_002,short
9785,1925,1.931291,0.088431,0.141801,1,1928.174262,scenario_002,short
9786,1925,2.082122,0.206777,0.422694,2,1928.36214,scenario_002,short
9787,1925,1.512424,0.340007,0.573663,0,1932.942321,scenario_002,short
9788,1925,6.959549,0.777101,0.77923,1,1940.549923,scenario_002,medium
9789,1925,8.156985,0.647289,0.612932,0,1969.408541,scenario_002,medium
9790,1925,1.549907,0.449821,0.650786,0,1932.371399,scenario_002,short
9791,1925,2.546492,0.397926,0.560642,0,1935.565855,scenario_002,short
9792,1925,2.11909,0.264913,0.465079,0,1930.473561,scenario_002,short
9793,1925,2.546359,0.373216,0.364951,0,1931.198689,scenario_002,short
9794,1925,59.149194,0.953814,0.719715,0,2146.02418,scenario_002,long
9795,1925,87.610919,0.98454,0.804006,0,2215.285466,scenario_002,long
9796,1925,13.125102,0.229966,0.448386,0,1972.455645,scenario_002,medium
9797,1926,1.698574,0.136631,0.168886,1,1927.554798,scenario_002,short
9798,1926,1.896034,0.307598,0.343705,2,1929.055155,scenario_002,short
9799,1926,2.316155,0.300261,0.703278,1,1932.037557,scenario_002,short
9800,1926,92.177889,0.690783,0.619223,0,2099.792143,scenario_002,long
9801,1926,1.143008,0.12773,0.281402,0,1931.979102,scenario_002,short
9802,1926,17.111806,0.604696,0.634288,0,2005.326447,scenario_002,long
9803,1926,1.216883,0.38019,0.333718,0,1932.831427,scenario_002,short
9804,1926,16.531839,0.869915,0.802603,0,2002.771914,scenario_002,medium
9805,1926,19.189228,0.986026,1.0,0,1992.992352,scenario_002,long
9806,1927,2.184025,0.419064,0.273729,0,1934.251746,scenario_002,short
9807,1927,1.759081,0.158805,0.409994,0,1931.586674,scenario_002,short
9808,1927,40.596544,0.895732,1.0,1,2029.988117,scenario_002,long
9809,1927,13.333487,0.3804,0.441079,0,1949.019684,scenario_002,medium
9810,1927,25.372222,0.685873,0.695684,0,2059.00766,scenario_002,long
9811,1927,1.654241,0.717254,0.667788,0,1933.237497,scenario_002,short
9812,1927,1.773565,0.112789,0.278839,0,1933.235452,scenario_002,short
9813,1927,1.479884,0.236334,0.706286,0,1934.138788,scenario_002,short
9814,1927,11.856542,1.0,0.925952,1,1940.310012,scenario_002,medium
9815,1927,9.20511,0.384881,0.282615,0,1960.080451,scenario_002,medium
9816,1927,2.164776,0.16286,0.179221,1,1932.113226,scenario_002,short
9817,1927,18.324271,0.696648,0.831704,0,1981.393057,scenario_002,long
9818,1927,13.403942,0.411583,0.506197,0,1952.20622,scenario_002,medium
9819,1928,2.329938,0.722061,0.768287,1,1934.565202,scenario_002,short
9820,1928,26.423826,0.303868,0.414299,1,1958.023851,scenario_002,long
9821,1928,1.974236,0.078592,0.075031,2,1929.492241,scenario_002,short
9822,1928,14.661536,0.710228,0.796747,0,2006.901491,scenario_002,medium
9823,1928,1.72426,0.276701,0.240361,0,1935.200972,scenario_002,short
9824,1928,10.431583,0.960262,0.5863,0,1946.229448,scenario_002,long
9825,1928,1.976898,0.263345,0.290002,0,1933.542738,scenario_002,short
9826,1928,5.863517,0.487664,0.484024,0,1937.492142,scenario_002,medium
9827,1928,6.184739,0.446005,0.569958,1,1945.202609,scenario_002,medium
9828,1928,2.140167,0.10318,0.528372,0,1938.084286,scenario_002,short
9829,1928,1.372225,0.198908,0.613143,1,1930.418682,scenario_002,short
9830,1928,1.754578,0.325126,0.260665,0,1933.709055,scenario_002,short
9831,1928,10.020087,0.345043,0.321611,0,1976.516493,scenario_002,medium
9832,1928,8.620723,0.530303,0.347499,1,1939.208001,scenario_002,medium
9833,1928,2.033283,0.636485,0.748106,0,1932.049,scenario_002,short
9834,1928,1.488475,0.168438,0.165558,0,1935.114314,scenario_002,short
9835,1928,1.134068,0.663399,1.0,0,1933.470332,scenario_002,short
9836,1928,1.890875,0.144989,0.726462,0,1936.009728,scenario_002,short
9837,1929,2.551632,0.062603,0.267541,0,1936.086933,scenario_002,short
9838,1929,1.808739,0.218165,0.217614,0,1933.539046,scenario_002,short
9839,1929,1.686404,0.26552,0.286688,0,1934.780498,scenario_002,short
9840,1929,2.027509,0.329513,0.478278,0,1940.301171,scenario_002,short
9841,1929,2.356849,0.323644,0.381814,0,1933.235248,scenario_002,short
9842,1929,0.97933,0.257859,0.497004,1,1931.624075,scenario_002,short
9843,1929,111.074372,0.721363,0.717189,0,2284.689899,scenario_002,long
9844,1929,1.438557,0.39551,0.785573,2,1930.409978,scenario_002,short
9845,1929,10.878746,0.12662,0.427126,2,1951.262218,scenario_002,medium
9846,1929,90.054947,0.815402,0.730328,1,2075.126849,scenario_002,long
9847,1930,1.355767,0.437225,0.743483,0,1932.456471,scenario_002,short
9848,1930,7.97678,0.651901,0.471836,0,1949.330306,scenario_002,medium
9849,1930,5.554557,0.321919,0.47033,0,1942.152882,scenario_002,medium
9850,1930,1.699818,0.345266,0.413997,0,1937.501261,scenario_002,short
9851,1930,14.745063,0.629403,0.537003,1,1969.33168,scenario_002,medium
9852,1930,1.748642,0.478909,0.46874,0,1935.441481,scenario_002,short
9853,1930,17.428336,0.375942,0.383586,0,1992.108646,scenario_002,medium
9854,1930,1.275204,0.320099,0.303259,1,1933.021651,scenario_002,short
9855,1931,1.096708,0.176667,0.177771,0,1935.289242,scenario_002,short
9856,1931,13.968736,1.0,0.845911,0,1985.784197,scenario_002,medium
9857,1931,14.061299,0.144441,0.113337,0,2007.794783,scenario_002,medium
9858,1931,22.604677,0.689109,0.401867,1,1975.465423,scenario_002,long
9859,1931,1.56088,0.149232,0.181126,0,1938.689617,scenario_002,short
9860,1931,23.757463,0.555853,0.385844,0,1978.347258,scenario_002,long
9861,1931,3.135097,0.408212,0.781023,1,1934.700593,scenario_002,short
9862,1931,8.603711,0.424058,0.635959,2,1940.194231,scenario_002,medium
9863,1932,1.070717,0.215644,0.117023,1,1935.375298,scenario_002,short
9864,1932,11.629487,0.634907,0.774327,0,1959.026891,scenario_002,medium
9865,1932,9.201138,0.397137,0.497689,2,1949.694402,scenario_002,medium
9866,1932,1.749975,0.093447,0.301074,0,1938.264271,scenario_002,short
9867,1932,9.556025,0.36591,0.398063,0,1960.20233,scenario_002,medium
9868,1932,12.574856,0.554167,0.341964,0,1958.898996,scenario_002,long
9869,1932,27.052361,0.491704,0.538748,0,2008.236501,scenario_002,long
9870,1933,7.913331,0.640617,0.743974,0,1963.349647,scenario_002,medium
9871,1933,6.455055,0.620807,0.479856,0,1962.600633,scenario_002,medium
9872,1933,9.389956,0.365133,0.687301,0,1968.107264,scenario_002,medium
9873,1933,11.280737,1.0,0.895966,0,1984.511749,scenario_002,long
9874,1934,10.002675,0.399035,0.464928,0,1989.977396,scenario_002,medium
9875,1934,6.690016,0.713837,0.619699,2,1941.957768,scenario_002,medium
9876,1934,1.368859,0.787035,0.585031,1,1935.748253,scenario_002,short
9877,1934,1.440816,0.371219,0.419721,0,1936.496042,scenario_002,short
9878,1934,1.528855,0.717271,0.551719,2,1936.81914,scenario_002,short
9879,1934,13.341357,1.0,0.922302,0,2005.624337,scenario_002,long
9880,1934,7.687673,0.152595,0.214611,1,1956.309135,scenario_002,medium
9881,1934,3.846482,0.467798,0.509964,2,1939.9961,scenario_002,medium
9882,1934,1.831892,0.450123,0.28792,0,1942.852873,scenario_002,short
9883,1934,8.23269,0.85658,1.0,0,1949.293505,scenario_002,medium
9884,1934,9.595207,0.339703,0.137848,0,1952.312101,scenario_002,medium
9885,1934,1.614136,0.249379,0.323178,0,1938.732257,scenario_002,short
9886,1934,3.447882,0.546027,0.398871,0,1941.273878,scenario_002,medium
9887,1934,2.206297,0.610579,0.833578,2,1938.519931,scenario_002,short
9888,1935,4.740878,0.580833,0.838506,2,1944.934949,scenario_002,medium
9889,1935,11.051945,0.304674,0.301868,2,1953.316344,scenario_002,medium
9890,1935,40.397713,0.835789,0.997922,0,1999.872715,scenario_002,long
9891,1935,106.399447,0.686634,0.486755,2,2160.649165,scenario_002,long
9892,1935,2.235553,0.383487,0.677322,1,1938.549749,scenario_002,short
9893,1935,6.178936,0.551449,0.639523,1,1942.189102,scenario_002,medium
9894,1935,1.169383,0.061932,0.553462,0,1938.459929,scenario_002,short
9895,1935,12.780242,0.655245,0.701179,2,1944.222112,scenario_002,medium
9896,1935,12.141454,0.684762,0.938916,2,1942.446524,scenario_002,medium
9897,1935,5.704019,0.300975,0.278755,0,1945.051606,scenario_002,medium
9898,1935,4.256871,0.38422,0.493885,0,1949.370694,scenario_002,medium
9899,1935,11.4255,0.286118,0.26994,1,1967.818663,scenario_002,medium
9900,1936,138.882527,0.628896,0.795518,0,2312.564318,scenario_002,long
9901,1936,8.814778,0.339908,0.590076,2,1947.324618,scenario_002,medium
9902,1936,1.720068,0.438272,0.543708,0,1939.680955,scenario_002,short
9903,1936,10.67853,0.564637,0.752252,0,1992.737956,scenario_002,medium
9904,1936,2.274268,0.32467,0.217979,0,1941.434257,scenario_002,short
9905,1936,14.121896,0.15857,0.230586,2,1964.152947,scenario_002,medium
9906,1936,1.345364,0.337347,0.481336,2,1938.337914,scenario_002,short
9907,1936,308.329015,0.965433,0.892856,0,2530.467723,scenario_002,long
9908,1936,10.924605,0.243537,0.500485,2,1955.951404,scenario_002,medium
9909,1936,2.672101,0.428592,0.641137,0,1944.02079,scenario_002,short
9910,1936,2.838585,0.176215,0.300863,0,1942.037126,scenario_002,short
9911,1937,8.699014,0.375274,0.578285,0,1953.584729,scenario_002,medium
9912,1937,1.62786,0.05799,0.169181,2,1940.27499,scenario_002,short
9913,1937,1.416747,0.66102,0.879487,2,1938.80838,scenario_002,short
9914,1937,0.879391,0.722955,0.468786,0,1939.977419,scenario_002,short
9915,1937,8.873799,0.588828,0.462554,0,1979.672173,scenario_002,medium
9916,1937,1.390442,0.211518,0.458448,0,1940.588294,scenario_002,short
9917,1938,6.375777,0.860957,0.979935,0,1953.272478,scenario_002,medium
9918,1938,12.161799,0.30464,0.358076,0,1975.585664,scenario_002,medium
9919,1938,2.20655,0.532119,0.583448,1,1945.109719,scenario_002,short
9920,1938,9.629867,0.628807,0.510011,0,1969.991593,scenario_002,long
9921,1938,2.589968,0.308473,0.726379,1,1942.862052,scenario_002,short
9922,1938,13.521763,0.367932,0.383948,0,1995.695124,scenario_002,medium
9923,1938,125.7603,1.0,1.0,0,2305.70428,scenario_002,long
9924,1938,2.484905,0.079512,0.05,0,1944.885373,scenario_002,short
9925,1938,11.260839,0.645596,0.548879,0,1988.135533,scenario_002,medium
9926,1938,10.838506,0.467821,0.352741,0,1990.417667,scenario_002,medium
9927,1938,10.24513,0.47899,0.285257,0,1977.457586,scenario_002,medium
9928,1938,1.303185,0.109265,0.075656,0,1943.541672,scenario_002,short
9929,1939,1.199689,0.125421,0.225303,0,1944.863484,scenario_002,short
9930,1939,9.487861,0.613113,0.639504,0,1976.641228,scenario_002,medium
9931,1939,2.099014,0.351695,0.640525,1,1944.314547,scenario_002,short
9932,1939,1.719246,0.340998,0.287431,2,1940.60745,scenario_002,short
9933,1939,1.020017,0.296991,0.418931,0,1942.362878,scenario_002,short
9934,1939,6.591188,0.276336,0.369287,0,1974.584177,scenario_002,medium
9935,1939,12.46672,0.566956,0.959782,0,2008.843884,scenario_002,medium
9936,1939,1.547202,0.18108,0.421198,0,1943.071854,scenario_002,short
9937,1939,1.029935,0.232887,0.135129,0,1943.128035,scenario_002,short
9938,1939,4.438513,0.375668,0.354162,2,1943.667324,scenario_002,medium
9939,1939,10.476162,0.472396,0.455275,0,1981.841976,scenario_002,medium
9940,1940,70.4421,0.558995,0.449344,1,2081.49309,scenario_002,long
9941,1940,1.244014,0.223839,0.288928,0,1942.950696,scenario_002,short
9942,1940,1.836949,0.584739,1.0,1,1942.562742,scenario_002,short
9943,1940,0.898948,0.225353,0.521804,2,1941.0,scenario_002,short
9944,1940,1.212326,0.368709,0.562072,2,1941.620359,scenario_002,short
9945,1940,2.769142,0.13199,0.408328,0,1954.722872,scenario_002,short
9946,1940,9.393399,0.454903,0.660535,2,1953.711007,scenario_002,medium
9947,1940,1.22126,0.112762,0.273975,0,1943.698716,scenario_002,short
9948,1940,2.108622,0.78888,0.740064,0,1945.59185,scenario_002,short
9949,1941,1.290116,0.115939,0.184442,1,1944.535568,scenario_002,short
9950,1941,1.638485,0.322538,0.50773,0,1947.681627,scenario_002,short
9951,1941,6.97548,0.610884,0.481832,1,1949.553623,scenario_002,medium
9952,1941,1.631742,0.188545,0.492281,2,1942.921845,scenario_002,short
9953,1941,1.143825,0.338816,0.263817,2,1942.200057,scenario_002,short
9954,1941,2.016544,0.389113,0.58904,2,1942.571791,scenario_002,short
9955,1941,1.620429,0.443558,0.406818,0,1949.070675,scenario_002,short
9956,1941,4.108396,0.515892,0.548747,0,1954.139852,scenario_002,medium
9957,1941,6.97193,0.473628,0.587151,2,1948.258063,scenario_002,medium
9958,1941,7.280337,0.252229,0.449451,0,1953.346465,scenario_002,medium
9959,1941,2.043603,0.178899,0.525976,0,1944.794545,scenario_002,short
9960,1941,1.155368,0.119686,0.283968,2,1943.097592,scenario_002,short
9961,1942,1.749177,0.091004,0.30541,0,1949.569952,scenario_002,short
9962,1942,1.931637,0.126082,0.26761,0,1946.427595,scenario_002,short
9963,1942,10.112501,0.667405,0.676837,1,1953.703321,scenario_002,medium
9964,1942,1.887911,0.155448,0.389764,1,1947.310044,scenario_002,short
9965,1942,2.193665,0.449381,0.406365,0,1953.087052,scenario_002,short
9966,1942,11.628541,0.347407,0.251457,1,1969.058946,scenario_002,medium
9967,1943,1.953867,0.406482,0.294863,0,1953.810605,scenario_002,short
9968,1943,7.729019,0.530255,0.569966,0,1961.866505,scenario_002,medium
9969,1943,8.640501,0.674896,0.634023,0,1963.538264,scenario_002,medium
9970,1943,1.672847,0.355624,0.252752,1,1947.244943,scenario_002,short
9971,1943,12.69453,0.667513,0.661807,1,1962.895318,scenario_002,medium
9972,1943,19.707377,0.736568,0.7099,0,2022.038899,scenario_002,long
9973,1943,1.494538,0.327193,0.434225,0,1950.336652,scenario_002,short
9974,1943,1.749044,0.443076,0.626413,0,1952.024576,scenario_002,short
9975,1944,15.106599,0.922311,1.0,0,1967.828853,scenario_002,long
9976,1944,7.360211,0.403264,0.835196,0,1979.533893,scenario_002,medium
9977,1944,2.31278,0.056608,0.167639,0,1955.800566,scenario_002,short
9978,1944,6.731391,0.26862,0.660925,0,1975.52728,scenario_002,medium
9979,1944,7.419831,0.355716,0.422393,0,1981.193351,scenario_002,medium
9980,1944,1.293756,0.27761,0.482258,0,1947.450016,scenario_002,short
9981,1944,2.105259,0.23504,0.499245,1,1947.927255,scenario_002,short
9982,1944,2.593949,0.558198,0.458543,0,1954.929711,scenario_002,short
9983,1944,5.161514,0.309822,0.241334,1,1956.427537,scenario_002,medium
9984,1944,19.887284,0.461134,0.693831,0,2030.824176,scenario_002,medium
9985,1945,1.661237,0.355623,0.348971,0,1953.374283,scenario_002,short
9986,1945,33.611495,0.386043,0.530946,2,1995.437932,scenario_002,long
9987,1945,1.104344,0.075096,0.296427,0,1949.638401,scenario_002,short
9988,1945,10.019784,0.570003,0.65779,0,2000.053977,scenario_002,medium
9989,1945,19.556908,0.726983,0.610241,2,1963.433086,scenario_002,long
9990,1945,21.21634,0.658785,0.537951,0,2021.764218,scenario_002,medium
9991,1945,1.123069,0.124505,0.288596,0,1949.586455,scenario_002,short
9992,1945,1.48109,0.20559,0.44055,2,1947.884837,scenario_002,short
9993,1945,0.998422,0.66475,0.801152,1,1948.129059,scenario_002,short
9994,1945,7.316951,0.698282,0.612477,0,1963.454201,scenario_002,medium
9995,1945,1.563258,0.612189,0.444626,0,1952.625538,scenario_002,short
9996,1946,1.678563,0.532514,0.470215,2,1947.724265,scenario_002,short
9997,1946,1.03328,0.448986,0.421686,1,1948.518679,scenario_002,short
9998,1946,78.790525,1.0,0.973603,0,2339.179742,scenario_002,long
9999,1946,2.589689,0.448908,0.515147,2,1951.780148,scenario_002,short
10000,1946,11.944293,0.435518,0.434672,1,1976.583954,scenario_002,medium
10001,1946,2.222563,0.057783,0.050636,0,1951.90179,scenario_002,short
10002,1946,31.609707,0.991349,0.825593,0,2027.488091,scenario_002,long
10003,1946,1.307405,0.079564,0.38015,1,1950.29469,scenario_002,short
10004,1947,19.280484,0.749387,0.709096,0,2032.469149,scenario_002,long
10005,1947,0.90348,0.05008,0.614592,2,1948.466695,scenario_002,short
10006,1947,1.535908,0.153886,0.412609,0,1952.427364,scenario_002,short
10007,1947,1.933861,0.338922,0.215929,1,1950.680487,scenario_002,short
10008,1947,1.386577,0.422218,0.652423,2,1948.028336,scenario_002,short
10009,1947,1.141459,0.819698,0.748248,0,1951.992118,scenario_002,short
10010,1947,10.074525,0.232181,0.185633,0,1977.696878,scenario_002,medium
10011,1947,9.108825,0.43681,0.514086,0,1970.041513,scenario_002,medium
10012,1947,1.761044,0.091522,0.19673,1,1951.791238,scenario_002,short
10013,1947,2.647935,0.573703,0.941454,1,1949.663096,scenario_002,short
10014,1947,11.065307,0.240111,0.614057,0,1986.20716,scenario_002,medium
10015,1947,0.937039,0.10845,0.255534,0,1948.737859,scenario_002,short
10016,1948,11.641763,0.26191,0.321824,0,1991.137978,scenario_002,medium
10017,1948,1.548526,0.153369,0.241567,0,1956.27722,scenario_002,short
10018,1948,10.42874,0.895427,0.912273,0,2005.360706,scenario_002,long
10019,1948,1.728188,0.48699,0.488442,0,1957.16514,scenario_002,short
10020,1948,1.96771,0.173172,0.42789,0,1954.068155,scenario_002,short
10021,1948,1.389872,0.772913,1.0,0,1953.892107,scenario_002,short
10022,1948,5.885158,0.451399,0.400978,0,1981.220289,scenario_002,medium
10023,1948,1.550987,0.111402,0.216655,2,1950.640634,scenario_002,short
10024,1948,9.332091,0.401671,0.453924,1,1960.529684,scenario_002,medium
10025,1948,1.354188,0.376332,0.285095,0,1953.501596,scenario_002,short
10026,1948,7.520785,0.46803,0.675671,0,1960.137323,scenario_002,medium
10027,1948,14.977568,0.332031,0.71297,0,2016.720943,scenario_002,long
10028,1949,7.606183,0.399857,0.526682,0,1989.494952,scenario_002,medium
10029,1949,9.681591,0.620125,0.607796,0,1984.64758,scenario_002,medium
10030,1949,1.176939,0.518859,0.770845,0,1953.764856,scenario_002,short
10031,1949,5.075132,0.826228,0.629773,1,1956.660088,scenario_002,medium
10032,1949,1.586333,0.363081,0.378339,2,1951.334645,scenario_002,short
10033,1949,10.314458,0.459608,0.561871,0,2006.248232,scenario_002,medium
10034,1949,15.645109,0.680338,0.627029,2,1963.038742,scenario_002,medium
10035,1949,6.519978,0.967451,1.0,0,1965.206512,scenario_002,medium
10036,1949,5.630937,0.331312,0.24391,0,1977.305404,scenario_002,medium
10037,1949,1.430853,0.242264,0.356347,1,1950.450966,scenario_002,short
10038,1949,1.323616,0.2864,0.962258,0,1953.859382,scenario_002,short
10039,1949,1.232547,0.623462,0.892699,1,1951.291677,scenario_002,short
10040,1949,1.858615,0.183569,0.430946,0,1957.142121,scenario_002,short
10041,1949,2.020339,0.460331,0.618616,0,1954.048925,scenario_002,short
10042,1949,1.650089,0.078554,0.367629,1,1950.939148,scenario_002,short
10043,1949,1.193825,0.165075,0.341615,0,1954.012939,scenario_002,short
10044,1949,1.754532,0.075736,0.134052,0,1956.064662,scenario_002,short
10045,1949,1.05976,0.130392,0.196625,0,1954.481638,scenario_002,short
10046,1950,11.833152,0.318876,0.250501,0,1985.428219,scenario_002,medium
10047,1950,1.472128,0.218179,0.148379,2,1951.0,scenario_002,short
10048,1950,5.977961,0.168711,0.158187,0,1973.365553,scenario_002,medium
10049,1950,1.454897,0.154416,0.305076,0,1953.015822,scenario_002,short
10050,1950,15.544202,0.22657,0.070413,0,2035.408505,scenario_002,medium
10051,1950,8.96628,0.265823,0.31407,1,1977.665629,scenario_002,medium
10052,1950,3.007975,0.68413,0.514617,0,1958.449145,scenario_002,short
10053,1950,8.234685,0.336099,0.460723,0,1986.219617,scenario_002,medium
10054,1951,1.410045,0.786993,0.977545,1,1953.209455,scenario_002,short
10055,1951,1.279115,0.323298,0.519336,0,1956.757383,scenario_002,short
10056,1951,41.447054,0.438064,0.28138,0,2123.269569,scenario_002,long
10057,1951,37.676345,0.288418,0.549865,0,2155.851447,scenario_002,long
10058,1951,1.591947,0.173057,0.226818,2,1953.825816,scenario_002,short
10059,1951,6.704947,1.0,0.718693,0,1972.216619,scenario_002,medium
10060,1951,12.490412,0.243063,0.537691,2,1971.818995,scenario_002,medium
10061,1951,9.492877,0.312184,0.417807,1,1973.517452,scenario_002,medium
10062,1952,2.028426,0.121318,0.188312,0,1961.040366,scenario_002,short
10063,1952,5.540398,0.15424,0.362621,0,1978.331193,scenario_002,medium
10064,1952,7.106465,0.426808,0.384647,0,1981.660517,scenario_002,medium
10065,1952,1.522389,0.094978,0.145828,0,1957.217425,scenario_002,short
10066,1952,1.249821,0.233854,0.390372,0,1958.642315,scenario_002,short
10067,1952,1.327261,0.132401,0.345373,0,1957.730287,scenario_002,short
10068,1952,1.98913,0.129307,0.324298,0,1957.922503,scenario_002,short
10069,1952,19.687288,0.637592,0.971252,0,2029.718726,scenario_002,long
10070,1952,9.838073,0.45386,0.646652,0,1991.534988,scenario_002,medium
10071,1952,4.317842,0.610467,0.732363,0,1965.334443,scenario_002,medium
10072,1952,12.572405,0.247058,0.442092,1,1986.486207,scenario_002,medium
10073,1952,1.604588,0.651166,1.0,0,1957.017464,scenario_002,short
10074,1952,32.951545,0.64231,0.654208,1,2035.986165,scenario_002,long
10075,1953,1.743863,0.098256,0.356306,0,1962.015463,scenario_002,short
10076,1953,10.620397,0.445769,0.825492,0,1973.171077,scenario_002,medium
10077,1953,2.416347,0.48127,0.413634,1,1957.929924,scenario_002,short
10078,1953,0.930787,0.433414,0.262935,1,1955.721622,scenario_002,short
10079,1953,2.199208,0.33709,0.828646,0,1956.545096,scenario_002,short
10080,1953,34.515043,0.400316,0.599843,1,2010.612635,scenario_002,long
10081,1953,10.723197,0.567272,0.482474,0,1990.249079,scenario_002,medium
10082,1953,2.137467,0.32587,0.348206,0,1956.989966,scenario_002,short
10083,1953,1.521427,0.158561,0.311819,1,1957.244649,scenario_002,short
10084,1953,16.473333,0.533656,0.517848,1,1971.255142,scenario_002,medium
10085,1954,11.048214,0.488617,0.419923,0,2003.75888,scenario_002,medium
10086,1954,2.429011,0.270368,0.529272,0,1957.946785,scenario_002,short
10087,1954,1.7795,0.191292,0.221051,0,1958.734176,scenario_002,short
10088,1954,1.372494,0.187001,0.382087,2,1956.72521,scenario_002,short
10089,1954,31.650253,0.347016,0.371432,0,2047.976112,scenario_002,long
10090,1954,1.057041,0.645158,0.832292,0,1958.020754,scenario_002,short
10091,1954,1.59707,0.782511,0.71791,0,1961.835812,scenario_002,short
10092,1954,2.189341,0.331227,0.372199,2,1957.589934,scenario_002,short
10093,1954,15.186813,0.347233,0.472045,2,1980.880168,scenario_002,medium
10094,1954,8.731556,0.213389,0.524186,0,1999.628798,scenario_002,medium
10095,1954,1.663504,0.08826,0.218255,0,1958.687183,scenario_002,short
10096,1954,2.753572,0.230346,0.452512,0,1959.834681,scenario_002,short
10097,1955,10.622393,0.320421,0.246378,2,1964.740126,scenario_002,medium
10098,1955,1.843446,0.355415,0.291123,0,1963.020872,scenario_002,short
10099,1955,1.600491,0.392156,0.399923,0,1962.035477,scenario_002,short
10100,1955,2.591625,0.202388,0.266458,0,1960.111168,scenario_002,short
10101,1955,1.37257,0.378406,0.49268,1,1959.480712,scenario_002,short
10102,1955,9.15335,0.826879,0.922049,0,1993.683942,scenario_002,medium
10103,1955,7.573455,0.359358,0.392855,0,1966.63248,scenario_002,medium
10104,1955,6.249401,0.461312,0.608607,1,1972.315823,scenario_002,medium
10105,1955,19.320391,0.613641,0.627783,0,2038.109207,scenario_002,medium
10106,1955,1.700385,0.093704,0.119725,0,1963.902799,scenario_002,short
10107,1955,1.284394,0.258781,0.31622,0,1956.960555,scenario_002,short
10108,1955,7.973783,0.71889,0.658295,2,1971.452079,scenario_002,medium
10109,1955,1.338169,0.367402,0.465571,2,1956.0,scenario_002,short
10110,1956,1.563159,0.347483,0.530546,0,1963.703476,scenario_002,short
10111,1956,1.781203,0.059134,0.078685,0,1960.269003,scenario_002,short
10112,1956,1.83778,0.345622,0.43112,2,1959.718105,scenario_002,short
10113,1956,13.410384,0.415108,0.482618,0,1994.611136,scenario_002,medium
10114,1956,9.085823,0.200859,0.233243,1,1967.081714,scenario_002,medium
10115,1956,2.076278,0.223072,0.251652,0,1963.123243,scenario_002,short
10116,1956,2.145191,0.109339,0.321085,2,1957.95413,scenario_002,short
10117,1956,62.142208,0.907052,0.860513,1,2071.298483,scenario_002,long
10118,1956,9.428183,0.448414,0.62858,0,2006.393557,scenario_002,medium
10119,1956,1.812651,0.180702,0.563548,0,1959.502854,scenario_002,short
10120,1956,2.672047,0.432504,0.463863,2,1961.366461,scenario_002,short
10121,1956,1.961249,0.750688,0.76046,0,1964.136993,scenario_002,short
10122,1957,7.939886,0.760393,0.754816,2,1969.641674,scenario_002,medium
10123,1957,7.24983,0.656597,1.0,0,1991.427475,scenario_002,medium
10124,1957,6.405247,0.449237,0.527984,0,1990.585635,scenario_002,medium
10125,1957,44.281921,0.719209,0.760433,1,2079.932742,scenario_002,long
10126,1957,1.476496,0.437253,0.517806,0,1964.572269,scenario_002,short
10127,1957,1.541922,0.179957,0.351514,0,1962.896985,scenario_002,short
10128,1957,2.037374,0.618315,0.55538,1,1960.799407,scenario_002,short
10129,1957,27.908702,0.771829,0.79997,1,2039.968161,scenario_002,long
10130,1957,1.233483,0.761732,0.783551,0,1959.785618,scenario_002,short
10131,1957,1.44941,0.089774,0.367853,0,1960.675774,scenario_002,short
10132,1958,6.679285,0.755648,0.537783,0,1980.66637,scenario_002,medium
10133,1958,13.363163,0.488373,0.47241,1,1974.973892,scenario_002,medium
10134,1958,8.873533,0.160764,0.6686,0,2005.950196,scenario_002,medium
10135,1958,50.321384,0.959433,0.726233,0,2127.991732,scenario_002,long
10136,1958,1.823085,0.630857,0.636199,0,1963.660079,scenario_002,short
10137,1958,8.529726,0.634781,0.509589,0,1977.922134,scenario_002,medium
10138,1958,1.787613,0.074691,0.416122,0,1962.289414,scenario_002,short
10139,1958,13.115112,0.431261,0.582532,0,2001.925325,scenario_002,medium
10140,1958,1.509682,0.389403,0.451883,0,1965.970381,scenario_002,short
10141,1958,1.966414,0.055717,0.150947,0,1963.280817,scenario_002,short
10142,1958,2.674227,0.411351,0.454221,1,1963.319508,scenario_002,short
10143,1958,1.395772,0.798842,0.749548,1,1961.6946,scenario_002,short
10144,1958,1.120898,0.137996,0.457609,0,1962.448102,scenario_002,short
10145,1958,1.831144,0.544199,0.522226,2,1959.1286,scenario_002,short
10146,1958,1.488403,0.677029,0.561863,0,1966.391776,scenario_002,short
10147,1958,10.589534,0.998377,1.0,0,1991.701822,scenario_002,medium
10148,1958,42.866905,0.809647,0.570774,0,2087.423138,scenario_002,long
10149,1958,272.779708,0.908804,0.796248,0,3004.032611,scenario_002,long
10150,1959,9.909147,0.318612,0.343108,0,1980.863266,scenario_002,medium
10151,1959,7.152261,0.571359,0.37473,0,1986.379301,scenario_002,medium
10152,1959,36.906307,0.655713,0.505155,0,2111.234694,scenario_002,long
10153,1959,1.839708,0.399576,0.869476,0,1966.695717,scenario_002,short
10154,1959,6.872425,0.39686,0.323738,1,1976.299071,scenario_002,medium
10155,1959,9.411857,0.646876,0.610113,0,1983.064652,scenario_002,medium
10156,1959,42.109192,0.938584,0.784005,0,2156.445204,scenario_002,long
10157,1959,1.622303,0.197426,0.377475,0,1967.141103,scenario_002,short
10158,1959,1.958765,0.720592,0.810997,0,1965.542009,scenario_002,short
10159,1959,1.750711,0.480924,0.652608,0,1961.786393,scenario_002,short
10160,1959,1.539268,0.408164,0.543237,2,1960.437615,scenario_002,short
10161,1959,9.641984,0.492014,0.409072,0,2000.472328,scenario_002,medium
10162,1959,14.805842,0.325374,0.360649,0,1991.041659,scenario_002,long
10163,1959,6.312024,0.386224,0.5318,0,1974.188076,scenario_002,medium
10164,1959,30.573866,0.762847,0.652414,0,2013.403303,scenario_002,long
10165,1959,12.232582,0.798444,0.629859,0,1978.648684,scenario_002,medium
10166,1959,1.468985,0.156161,0.241837,2,1960.439214,scenario_002,short
10167,1960,2.290094,0.183563,0.107486,0,1971.447464,scenario_002,short
10168,1960,11.232357,0.892781,0.837437,1,1970.770223,scenario_002,medium
10169,1960,6.85807,0.277541,0.24337,2,1969.136073,scenario_002,medium
10170,1960,32.492669,0.673172,0.68128,0,2050.922646,scenario_002,long
10171,1960,18.375208,0.279415,0.186091,1,2014.387597,scenario_002,long
10172,1960,12.609035,0.583585,0.759307,0,2015.328736,scenario_002,medium
10173,1960,1.145495,0.128436,0.181614,1,1963.415161,scenario_002,short
10174,1960,1.162457,0.407732,0.515955,2,1962.499052,scenario_002,short
10175,1960,1.480932,0.789547,0.726756,0,1967.208123,scenario_002,short
10176,1960,126.94494,0.825325,0.997701,0,2652.006362,scenario_002,long
10177,1960,1.689331,0.564877,0.842308,0,1967.613549,scenario_002,short
10178,1960,66.588796,0.523106,0.669085,1,2113.06941,scenario_002,long
10179,1960,34.782956,1.0,0.829087,1,2069.228479,scenario_002,long
10180,1960,1.861341,0.675424,1.0,1,1965.705103,scenario_002,short
10181,1960,1.051208,0.32457,0.504679,1,1961.501729,scenario_002,short
10182,1961,13.362204,0.499957,0.612923,0,1988.635067,scenario_002,medium
10183,1961,2.374063,0.419701,0.447261,0,1968.038332,scenario_002,short
10184,1961,0.718658,0.66433,0.475323,2,1962.128967,scenario_002,short
10185,1961,1.268861,0.224386,0.279239,1,1964.709919,scenario_002,short
10186,1961,1.750127,0.175744,0.594218,0,1967.069631,scenario_002,short
10187,1961,5.83786,0.648384,0.637622,0,1984.843431,scenario_002,medium
10188,1961,14.413774,0.615274,0.914168,0,2034.005422,scenario_002,medium
10189,1961,2.136158,0.3069,0.399024,1,1966.418277,scenario_002,short
10190,1961,37.777595,0.3243,0.673257,1,2038.978085,scenario_002,long
10191,1961,13.619686,0.821677,0.692778,0,1984.739018,scenario_002,medium
10192,1961,1.364734,0.326249,0.409576,1,1964.497665,scenario_002,short
10193,1961,4.737669,0.674185,0.865766,0,1971.205024,scenario_002,medium
10194,1961,29.128605,0.754655,0.862579,0,2049.737907,scenario_002,long
10195,1961,82.500995,1.0,0.882212,2,2051.13468,scenario_002,long
10196,1961,11.839274,0.242476,0.296629,1,1976.168232,scenario_002,medium
10197,1961,1.894886,0.073725,0.256934,1,1964.031517,scenario_002,short
10198,1961,1.194485,0.420776,0.711851,2,1962.946494,scenario_002,short
10199,1961,7.558105,0.331948,0.308119,0,1983.305162,scenario_002,medium
10200,1961,11.295682,1.0,0.862818,0,2005.643631,scenario_002,medium
10201,1961,10.756476,0.276329,0.222318,0,1990.097116,scenario_002,medium
10202,1961,2.02676,0.570814,0.642009,0,1966.797664,scenario_002,short
10203,1961,9.006752,0.313519,0.21001,0,1993.064907,scenario_002,medium
10204,1961,1.52083,0.367995,0.53574,2,1962.450861,scenario_002,short
10205,1961,1.337857,0.536023,0.696855,2,1963.157453,scenario_002,short
10206,1961,8.706543,0.608256,0.420083,1,1979.751472,scenario_002,medium
10207,1961,1.350929,0.353795,0.315321,0,1964.112834,scenario_002,short
10208,1961,1.993861,0.161959,0.20231,0,1971.492974,scenario_002,short
10209,1961,0.732732,0.184559,0.479715,0,1964.224142,scenario_002,short
10210,1962,1.999761,0.107606,0.230117,1,1965.139193,scenario_002,short
10211,1962,1.822307,0.294276,0.442628,0,1969.207248,scenario_002,short
10212,1962,44.005928,0.735647,0.62,2,2023.882012,scenario_002,long
10213,1962,12.050016,0.819171,0.660159,0,1986.752115,scenario_002,medium
10214,1962,9.348241,0.389754,0.557635,2,1975.008864,scenario_002,medium
10215,1962,1.851949,0.453669,0.522614,1,1964.418638,scenario_002,short
10216,1962,2.566922,0.327707,0.30002,0,1969.968349,scenario_002,short
10217,1962,0.988893,0.227134,0.318873,0,1964.145783,scenario_002,short
10218,1962,17.208354,1.0,1.0,2,1997.76488,scenario_002,long
10219,1962,4.01859,0.462506,0.447033,1,1965.637506,scenario_002,medium
10220,1962,2.140679,0.79934,0.877673,0,1971.797158,scenario_002,short
10221,1962,109.389369,1.0,1.0,1,2078.382673,scenario_002,long
10222,1962,1.253315,0.334655,0.354788,0,1967.01618,scenario_002,short
10223,1962,16.477635,0.65642,0.784429,0,2043.236806,scenario_002,long
10224,1962,2.725624,0.391614,0.486076,1,1966.005737,scenario_002,short
10225,1962,1.908682,0.427622,0.93946,0,1969.530453,scenario_002,short
10226,1962,9.334104,0.396951,0.506139,0,2001.533729,scenario_002,medium
10227,1962,2.650472,0.630696,0.542842,0,1971.535689,scenario_002,long
10228,1963,8.664663,0.613616,0.473206,1,1975.788921,scenario_002,medium
10229,1963,12.567273,0.429866,0.763136,1,1991.221043,scenario_002,medium
10230,1963,1.015404,0.692728,0.464885,2,1964.0,scenario_002,short
10231,1963,7.825313,0.638245,0.486734,0,1980.359398,scenario_002,medium
10232,1963,12.899426,0.452752,0.480354,0,2033.198578,scenario_002,medium
10233,1963,1.535966,0.39387,0.208079,0,1968.559167,scenario_002,short
10234,1963,12.858229,0.462299,0.724034,1,1986.914376,scenario_002,medium
10235,1963,6.23194,0.148321,0.39898,0,1995.711344,scenario_002,medium
10236,1963,1.869736,0.577711,0.588582,2,1964.925459,scenario_002,short
10237,1963,3.137705,0.108146,0.138586,0,1967.959634,scenario_002,short
10238,1963,12.231219,0.153851,0.083047,1,1993.545574,scenario_002,medium
10239,1963,9.070284,0.201054,0.315643,0,1984.509099,scenario_002,medium
10240,1963,7.187134,0.497972,0.466173,0,1974.770481,scenario_002,medium
10241,1963,12.568005,0.948004,0.995386,0,2028.36385,scenario_002,medium
10242,1963,2.238968,0.202288,0.261526,0,1971.587635,scenario_002,short
10243,1964,7.716894,0.159835,0.296194,0,1999.638991,scenario_002,medium
10244,1964,1.196503,0.184703,0.42499,1,1967.858135,scenario_002,short
10245,1964,30.040774,0.268902,0.494375,0,2096.762067,scenario_002,long
10246,1964,1.354286,0.187083,0.296819,2,1965.470783,scenario_002,short
10247,1965,4.248245,0.985921,0.888796,0,1976.920561,scenario_002,medium
10248,1965,2.739793,0.600032,0.568123,0,1973.260476,scenario_002,short
10249,1965,14.875113,0.87563,0.776012,0,2025.272028,scenario_002,medium
10250,1965,1.723479,0.389131,0.452756,0,1973.730158,scenario_002,short
10251,1965,1.308274,0.180949,0.372749,0,1967.093456,scenario_002,short
10252,1965,1.441967,0.720271,0.808429,0,1970.172565,scenario_002,short
10253,1965,0.967949,0.527147,0.562948,1,1968.143701,scenario_002,short
10254,1966,56.926499,0.927649,0.726155,1,2032.792389,scenario_002,long
10255,1966,1.893874,0.360469,0.555937,0,1970.432507,scenario_002,short
10256,1966,1.131211,0.332927,0.547118,2,1967.042704,scenario_002,short
10257,1966,1.844963,0.445465,0.299131,0,1969.210595,scenario_002,short
10258,1966,1.557805,0.103425,0.509042,0,1968.801003,scenario_002,short
10259,1967,6.231694,0.516576,0.664164,1,1986.254896,scenario_002,medium
10260,1967,8.568931,0.616083,0.862142,0,2010.609374,scenario_002,medium
10261,1967,1.820669,0.500579,0.40348,0,1973.873513,scenario_002,short
10262,1967,10.223372,0.221931,0.483748,0,1991.068225,scenario_002,medium
10263,1967,8.453001,0.63158,0.726455,0,1995.082627,scenario_002,medium
10264,1967,8.843817,0.122022,0.18347,2,1977.130142,scenario_002,medium
10265,1967,29.390753,0.53961,0.478984,2,2000.540903,scenario_002,long
10266,1968,3.736918,0.904653,0.785686,0,1978.298207,scenario_002,medium
10267,1968,1.969575,0.123266,0.298751,0,1977.029593,scenario_002,short
10268,1968,6.113463,0.447322,0.442064,0,1999.498492,scenario_002,medium
10269,1968,5.155124,0.236896,0.328719,2,1978.898621,scenario_002,medium
10270,1968,2.480468,0.221321,0.626544,0,1978.188078,scenario_002,short
10271,1969,1.715373,0.404447,0.862697,0,1975.249162,scenario_002,short
10272,1969,21.911746,0.510613,0.512162,0,2035.047605,scenario_002,long
10273,1969,6.844765,0.701009,0.961822,0,1988.178783,scenario_002,medium
10274,1969,2.330191,0.471637,0.497305,0,1978.208218,scenario_002,short
10275,1970,17.195964,0.436767,0.578928,0,2043.596935,scenario_002,medium
10276,1970,0.990486,0.331678,0.4007,2,1972.032795,scenario_002,short
10277,1970,8.744922,0.593014,0.799667,0,2018.396179,scenario_002,medium
10278,1970,10.337031,0.523046,0.722053,0,1986.22652,scenario_002,medium
10279,1970,1.63931,0.123569,0.369882,2,1971.9415,scenario_002,short
10280,1970,1.426731,0.067543,0.252522,0,1974.718621,scenario_002,short
10281,1970,1.983296,0.19548,0.229252,0,1975.365353,scenario_002,short
10282,1970,1.511042,0.524917,0.553723,0,1972.886999,scenario_002,short
10283,1971,1.729395,0.082585,0.685785,0,1974.990071,scenario_002,short
10284,1971,6.662052,0.554748,0.525131,1,1981.000577,scenario_002,medium
10285,1971,5.997871,0.207892,0.341839,0,1984.462176,scenario_002,medium
10286,1971,9.33367,0.499659,0.597683,1,1997.54897,scenario_002,medium
10287,1971,7.312005,0.544457,0.567558,1,1993.87455,scenario_002,medium
10288,1971,15.156487,0.552443,0.607705,0,2045.832601,scenario_002,medium
10289,1971,36.5987,0.557266,0.69507,2,2032.403407,scenario_002,long
10290,1972,28.544616,0.855677,0.800761,0,2081.981121,scenario_002,long
10291,1972,1.995296,0.31341,0.610294,1,1975.757357,scenario_002,short
10292,1972,0.76077,0.055471,0.195223,0,1975.494162,scenario_002,short
10293,1972,3.61721,0.511134,0.805884,0,1980.509034,scenario_002,medium
10294,1972,1.627711,0.574741,0.398016,2,1974.852711,scenario_002,short
10295,1972,12.550198,0.596191,0.559193,0,2004.792872,scenario_002,medium
10296,1972,1.586644,0.117114,0.459738,0,1979.07588,scenario_002,short
10297,1972,9.553108,0.912968,0.920073,0,2021.248785,scenario_002,medium
10298,1973,2.258261,0.263519,0.258143,1,1976.891178,scenario_002,short
10299,1973,2.806727,0.429102,0.548721,0,1980.438238,scenario_002,short
10300,1973,2.322819,0.098203,0.342662,0,1976.700147,scenario_002,short
10301,1973,1.820088,0.541712,0.807341,1,1975.958619,scenario_002,short
10302,1973,1.518142,0.368852,0.521234,0,1977.313767,scenario_002,short
10303,1973,1.710778,0.409914,0.413566,1,1976.118179,scenario_002,short
10304,1973,1.43141,0.076816,0.192961,1,1977.073905,scenario_002,short
10305,1973,6.10212,0.274195,0.575936,2,1982.334295,scenario_002,medium
10306,1973,47.55697,0.978243,1.0,1,2064.714154,scenario_002,long
10307,1973,4.109444,0.463859,0.350321,0,1983.749845,scenario_002,medium
10308,1973,2.248774,0.293464,0.435774,0,1977.621662,scenario_002,short
10309,1974,42.279434,0.949587,0.920669,0,2180.425339,scenario_002,long
10310,1974,7.667045,0.243034,0.30073,2,1986.250506,scenario_002,medium
10311,1974,2.2447,0.32712,0.462294,1,1981.271831,scenario_002,short
10312,1974,16.828287,0.257075,0.242715,1,1995.489196,scenario_002,medium
10313,1974,2.688626,0.343309,0.538721,0,1978.961021,scenario_002,short
10314,1974,1.790082,0.646723,0.800546,0,1983.729807,scenario_002,short
10315,1974,9.024554,0.28253,0.286167,1,2000.966619,scenario_002,medium
10316,1974,1.61995,0.448357,0.344211,1,1976.456091,scenario_002,short
10317,1975,1.094456,0.57395,0.990477,2,1977.444227,scenario_002,short
10318,1975,16.810359,0.275115,0.491573,1,1993.855288,scenario_002,long
10319,1975,2.500091,0.454748,0.822835,2,1976.738656,scenario_002,short
10320,1975,1.573949,0.185672,0.389736,1,1979.652464,scenario_002,short
10321,1975,106.539226,0.831581,1.0,0,2270.057974,scenario_002,long
10322,1975,1.971729,0.431067,0.467862,1,1978.294596,scenario_002,short
10323,1975,6.581427,0.885865,0.91638,0,2006.176797,scenario_002,long
10324,1975,92.309283,0.818233,0.897819,0,2358.67664,scenario_002,long
10325,1976,2.867772,0.419256,0.416183,0,1991.944353,scenario_002,short
10326,1976,1.800011,0.395442,0.445332,2,1978.402283,scenario_002,short
10327,1976,10.896382,0.86509,0.644935,1,2000.85684,scenario_002,medium
10328,1976,13.961363,0.297395,0.238883,0,2020.453515,scenario_002,medium
10329,1977,1.62439,0.548274,0.363823,0,1984.411779,scenario_002,short
10330,1977,17.1415,0.971465,0.692809,0,2029.531658,scenario_002,long
10331,1977,8.893037,0.431295,0.817461,0,2009.620977,scenario_002,medium
10332,1977,29.320502,0.782493,0.585539,0,2088.66201,scenario_002,long
10333,1977,66.857201,0.75783,0.942766,0,2309.812532,scenario_002,long
10334,1977,14.156251,0.576336,0.585756,1,1998.913749,scenario_002,medium
10335,1977,2.388641,0.055695,0.319646,0,1988.473066,scenario_002,short
10336,1977,1.715267,0.862164,0.698586,0,1984.799286,scenario_002,short
10337,1978,1.528306,0.314844,0.530037,0,1985.188072,scenario_002,short
10338,1978,13.741827,0.310615,0.54295,1,2016.800993,scenario_002,medium
10339,1978,7.374093,0.688829,0.721258,0,2008.876801,scenario_002,medium
10340,1978,4.051567,0.342445,0.349205,0,1992.108369,scenario_002,medium
10341,1978,13.351824,0.181426,0.167155,0,2026.311955,scenario_002,medium
10342,1978,13.240951,0.761117,0.748732,0,2000.580665,scenario_002,medium
10343,1979,28.962909,1.0,0.695819,0,2071.769172,scenario_002,long
10344,1979,8.240419,0.609473,0.937344,1,1995.074652,scenario_002,medium
10345,1979,1.305551,0.24759,0.260809,2,1980.849164,scenario_002,short
10346,1979,2.152036,0.150886,0.274942,0,1985.472428,scenario_002,short
10347,1979,13.40442,0.714942,0.517964,0,2013.685184,scenario_002,medium
10348,1979,32.006076,0.352615,0.594598,0,2112.99929,scenario_002,long
10349,1979,2.650339,0.373802,0.420679,0,1985.441955,scenario_002,short
10350,1979,1.218435,0.244727,0.315962,0,1981.979424,scenario_002,short
10351,1980,1.202581,0.168666,0.311862,0,1983.205947,scenario_002,short
10352,1980,0.899988,0.067995,0.160144,0,1984.565708,scenario_002,short
10353,1980,1.85879,0.204302,0.338191,0,1990.292151,scenario_002,short
10354,1980,1.702109,0.251193,0.295124,0,1988.120529,scenario_002,short
10355,1980,0.770483,0.544226,0.68409,0,1982.25979,scenario_002,short
10356,1981,1.331182,0.380164,0.278151,0,1986.096209,scenario_002,short
10357,1981,18.05402,0.418958,0.513372,2,2008.946581,scenario_002,medium
10358,1981,57.062093,0.374537,0.264784,0,2067.719438,scenario_002,long
10359,1982,1.028785,0.177288,0.312273,0,1985.820764,scenario_002,short
10360,1982,74.448537,1.0,0.828246,2,2038.288685,scenario_002,long
10361,1982,2.014731,0.316949,0.424273,1,1985.237284,scenario_002,short
10362,1982,1.226691,0.362157,0.597474,0,1984.568538,scenario_002,short
10363,1983,8.207893,0.483467,0.397929,0,2025.351261,scenario_002,medium
10364,1983,1.525911,0.824818,0.761703,0,1989.649719,scenario_002,short
10365,1983,15.20832,0.360356,0.170129,1,2021.780914,scenario_002,medium
10366,1983,9.157873,0.51452,0.36026,0,2020.221219,scenario_002,medium
10367,1984,59.469992,0.727579,0.483162,0,2256.098387,scenario_002,long
10368,1984,1.52649,0.19293,0.693523,0,1989.940363,scenario_002,short
10369,1984,2.252029,0.199481,0.507244,0,1990.697195,scenario_002,short
10370,1985,11.592202,0.605213,0.743594,2,2008.529129,scenario_002,medium
10371,1985,5.472418,0.885766,0.893691,1,1998.210014,scenario_002,medium
10372,1985,2.148694,0.497845,0.83701,0,1990.532405,scenario_002,short
10373,1985,19.406901,0.496484,1.0,1,2037.668959,scenario_002,medium
10374,1985,1.316682,0.436161,0.947916,2,1986.0,scenario_002,short
10375,1985,11.724926,0.530349,0.473879,2,1999.021659,scenario_002,medium
10376,1985,1.437557,0.726622,0.705262,1,1986.64434,scenario_002,short
10377,1985,59.904234,0.576539,0.470843,0,2109.453836,scenario_002,long
10378,1986,2.061002,0.458983,0.387978,2,1987.704319,scenario_002,short
10379,1986,24.157319,0.541922,0.763301,0,2095.301741,scenario_002,medium
10380,1986,1.20806,0.083101,0.483008,0,1989.426976,scenario_002,short
10381,1986,1.583722,0.626394,0.54973,0,1990.495426,scenario_002,short
10382,1986,1.96965,0.532615,0.660044,1,1989.499572,scenario_002,short
10383,1986,2.49511,0.231735,0.397921,2,1988.867924,scenario_002,short
10384,1987,11.549551,0.792326,0.827997,0,2040.627755,scenario_002,medium
10385,1987,7.923886,0.290598,0.339617,1,1997.377701,scenario_002,medium
10386,1987,7.641472,0.297238,0.470046,0,2020.610843,scenario_002,medium
10387,1987,1.552784,0.413431,0.938461,0,1995.653342,scenario_002,short
10388,1987,11.760039,0.223092,0.342499,0,2028.001004,scenario_002,medium
10389,1987,2.123842,0.786677,0.695113,1,1993.850637,scenario_002,short
10390,1987,1.558655,0.409462,0.431208,0,1990.818161,scenario_002,short
10391,1988,2.720407,0.46254,0.285918,1,1994.897336,scenario_002,short
10392,1988,1.923582,0.31805,0.473829,0,1998.464863,scenario_002,short
10393,1988,36.546588,0.789457,0.743706,2,2053.599497,scenario_002,long
10394,1988,1.217873,0.352522,0.784911,0,1992.091626,scenario_002,short
10395,1989,2.108508,0.334693,0.490219,0,1992.903758,scenario_002,short
10396,1989,1.087478,0.209152,0.356899,0,1991.679227,scenario_002,short
10397,1989,35.664253,1.0,0.879832,0,2153.609224,scenario_002,long
10398,1990,4.33423,0.618034,0.742737,0,2005.76637,scenario_002,medium
10399,1990,1.622846,0.444542,0.664852,1,1993.215648,scenario_002,short
10400,1990,1.650842,0.115847,0.371751,0,1993.292314,scenario_002,short
10401,1990,67.385306,0.354872,0.44163,0,2198.193966,scenario_002,long
10402,1990,1.619547,0.183263,0.247157,1,1993.031754,scenario_002,short
10403,1990,4.820056,0.657879,0.799647,0,2002.410931,scenario_002,medium
10404,1991,12.455835,0.348593,0.347148,0,2054.812274,scenario_002,long
10405,1991,7.627249,0.568086,0.779561,0,2025.802321,scenario_002,medium
10406,1991,1.536444,0.354358,0.359075,0,1994.653516,scenario_002,short
10407,1992,1.598834,0.269657,0.290469,0,1997.496806,scenario_002,short
10408,1992,2.307225,0.267386,0.56127,0,1996.456201,scenario_002,short
10409,1992,1.218949,0.231212,0.186458,0,1993.910272,scenario_002,short
10410,1992,6.917589,0.715633,1.0,0,2028.185975,scenario_002,medium
10411,1992,1.515247,0.108486,0.062954,1,1995.631476,scenario_002,short
10412,1992,76.592951,0.469528,0.57311,0,2209.718152,scenario_002,long
10413,1992,13.62557,0.380827,0.358926,0,2051.202348,scenario_002,medium
10414,1992,1.533341,0.650152,0.594366,2,1995.187512,scenario_002,short
10415,1992,14.077458,0.204707,0.23489,0,2039.7616,scenario_002,medium
10416,1992,5.037964,0.466241,0.536775,1,2007.152905,scenario_002,medium
10417,1993,6.883489,0.389804,0.708004,2,2007.016706,scenario_002,medium
10418,1993,16.275532,0.541275,0.544693,2,2020.214595,scenario_002,long
10419,1993,1.392547,0.205254,0.32474,2,1994.0,scenario_002,short
10420,1993,5.728161,0.615234,0.601131,0,2017.062174,scenario_002,medium
10421,1994,11.307591,0.299438,0.392685,0,2017.239283,scenario_002,medium
10422,1994,6.723105,0.290325,0.39866,2,2004.467301,scenario_002,medium
10423,1994,1.510043,0.177292,0.573545,0,2001.866228,scenario_002,short
10424,1995,6.633593,0.692691,0.731729,0,2017.021527,scenario_002,medium
10425,1995,1.491302,0.343423,0.47093,1,1997.662687,scenario_002,short
10426,1995,1.519667,0.168023,0.356628,1,1999.479997,scenario_002,short
10427,1995,0.905094,0.264052,0.480705,1,1997.380506,scenario_002,short
10428,1995,6.533664,0.266918,0.354245,0,2015.709429,scenario_002,medium
10429,1996,1.504064,0.684171,0.638666,0,2003.414606,scenario_002,short
10430,1996,1.968215,0.548811,0.676286,2,1999.636986,scenario_002,short
10431,1996,12.696961,0.949428,0.751304,0,2060.795182,scenario_002,long
10432,1997,1.896248,0.198453,0.268531,0,2002.613464,scenario_002,short
10433,1997,2.295577,0.257621,0.876311,1,2000.96963,scenario_002,short
10434,1998,24.145632,1.0,0.926837,0,2116.108942,scenario_002,long
10435,1998,1.179278,0.322444,0.39832,0,2004.500196,scenario_002,short
10436,1998,2.037617,0.658044,0.83603,2,1999.702444,scenario_002,short
10437,1999,12.265044,0.220025,0.551527,2,2010.836223,scenario_002,medium
10438,1999,7.057567,0.769675,0.835327,1,2019.440978,scenario_002,medium
10439,1999,12.25889,0.787456,0.633514,0,2065.854151,scenario_002,medium
10440,1999,19.020767,0.419572,0.565991,0,2075.889526,scenario_002,medium
10441,1999,9.140346,0.56456,0.441125,0,2032.985231,scenario_002,medium
10442,1999,1.272786,0.318972,0.877728,0,2002.735308,scenario_002,short
10443,2000,9.594523,0.130424,0.252796,2,2008.246871,scenario_002,medium
10444,2000,5.6562,0.652369,0.535808,0,2026.685977,scenario_002,medium
10445,2000,24.335095,1.0,0.90978,0,2127.02994,scenario_002,medium
10446,2000,15.490484,0.364492,0.519803,2,2030.139748,scenario_002,medium
10447,2000,8.202302,0.249786,0.456141,0,2043.432248,scenario_002,medium
10448,2000,8.61321,0.382654,0.431453,0,2033.831301,scenario_002,medium
10449,2001,2.219437,0.11413,0.274834,2,2002.442785,scenario_002,short
10450,2001,1.635749,0.185375,0.319539,2,2002.112822,scenario_002,short
10451,2001,1.682553,0.145448,0.3857,2,2003.469719,scenario_002,short
10452,2002,1.30865,0.344969,0.401445,2,2003.349841,scenario_002,short
10453,2003,1.021521,0.25872,0.300377,0,2007.459917,scenario_002,short
10454,2003,7.859541,0.517765,0.547664,2,2009.666139,scenario_002,medium
10455,2003,27.565426,0.318105,0.331805,0,2094.413059,scenario_002,long
10456,2003,4.778126,0.700242,0.824022,0,2020.992502,scenario_002,medium
10457,2004,2.830569,0.35904,0.478277,2,2007.668209,scenario_002,short
10458,2004,7.198734,0.331912,0.281911,0,2039.313544,scenario_002,medium
10459,2004,22.324645,0.345513,0.295947,1,2056.914095,scenario_002,long
10460,2005,1.245124,0.247271,0.180574,2,2006.198956,scenario_002,short
10461,2005,2.138946,0.259082,0.433238,1,2007.246199,scenario_002,short
10462,2005,1.613688,0.374107,0.285579,1,2006.799122,scenario_002,short
10463,2005,15.342122,0.759877,0.834735,0,2042.302453,scenario_002,medium
10464,2006,8.564908,0.976512,1.0,0,2032.244074,scenario_002,medium
10465,2006,2.780968,0.639004,0.52208,1,2012.217666,scenario_002,short
10466,2006,14.581595,0.611967,0.61591,0,2080.338511,scenario_002,medium
10467,2006,14.82208,1.0,0.97913,0,2054.098906,scenario_002,long
10468,2006,10.013257,0.670293,1.0,1,2035.957142,scenario_002,medium
10469,2007,28.91316,0.800213,0.560407,0,2158.624372,scenario_002,long
10470,2007,10.988383,0.433122,0.322266,0,2036.654941,scenario_002,medium
10471,2008,14.411047,0.639686,0.630256,2,2024.391324,scenario_002,medium
10472,2008,109.905649,0.921552,1.0,2,2204.513641,scenario_002,long
10473,2009,7.373902,0.499187,0.390653,0,2030.08305,scenario_002,medium
10474,2009,1.300625,0.146756,0.435658,0,2016.255103,scenario_002,short
10475,2010,10.365143,0.250527,0.257731,2,2031.316247,scenario_002,medium
10476,2010,6.791462,0.516418,0.990445,0,2030.294606,scenario_002,long
10477,2010,15.721264,0.683305,0.535427,0,2036.079558,scenario_002,medium
10478,2010,2.018946,0.794014,0.59977,0,2020.039119,scenario_002,short
10479,2011,9.384683,0.526223,0.87226,0,2034.192703,scenario_002,medium
10480,2011,44.487449,1.0,0.74494,1,2051.440374,scenario_002,long
10481,2011,2.586901,0.742488,1.0,1,2018.498685,scenario_002,short
10482,2011,1.899881,0.311264,0.316655,0,2020.767052,scenario_002,short
10483,2012,11.076126,0.244621,0.292664,0,2062.509528,scenario_002,medium
10484,2012,2.57742,0.436491,0.226259,0,2023.173562,scenario_002,short
10485,2012,1.398674,0.34767,0.321397,0,2017.898578,scenario_002,short
10486,2012,9.751669,0.266728,0.352387,2,2030.778185,scenario_002,medium
10487,2013,13.50244,0.734917,0.956286,0,2042.424622,scenario_002,medium
10488,2013,8.873639,0.521155,0.691911,0,2028.229231,scenario_002,medium
10489,2013,1.432427,0.452365,0.482053,0,2016.589942,scenario_002,short
10490,2013,13.936303,0.365338,0.428019,0,2056.447246,scenario_002,medium
10491,2013,1.227681,0.325078,0.961486,0,2015.996683,scenario_002,short
10492,2013,1.572863,0.289726,0.484829,0,2017.344094,scenario_002,short
10493,2014,1.406503,0.076847,0.111781,2,2015.048122,scenario_002,short
10494,2014,7.576988,0.753131,0.675705,2,2020.449511,scenario_002,medium
10495,2014,69.107399,0.565629,0.480654,1,2218.370678,scenario_002,long
10496,2016,0.964363,0.315703,0.273871,0,2018.372886,scenario_002,short
10497,2016,27.470934,0.493736,0.539797,0,2154.233598,scenario_002,long
10498,2016,1.459745,0.597934,0.668734,0,2019.825077,scenario_002,short
10499,2017,12.33102,0.491877,0.458601,1,2047.539335,scenario_002,medium
10500,2017,13.127777,0.63271,0.734891,0,2086.813066,scenario_002,medium
10501,2017,1.238448,0.088806,0.098772,0,2021.092102,scenario_002,short
10502,2017,128.073161,0.954097,1.0,0,2738.044753,scenario_002,long
10503,2017,3.12037,0.05246,0.1572,0,2023.886183,scenario_002,short
10504,2017,2.037976,0.07794,0.509011,0,2025.380708,scenario_002,short
10505,2017,2.024723,0.255199,0.496664,0,2021.494678,scenario_002,short
10506,2018,1.869869,0.40517,0.270648,0,2024.679882,scenario_002,short
10507,2019,1.4401,0.103659,0.621836,0,2025.165884,scenario_002,short
10508,2019,28.994123,0.275175,0.504871,0,2135.853385,scenario_002,long
10509,2019,13.081914,0.12439,0.284964,0,2041.372061,scenario_002,medium
10510,2019,1.684248,0.36843,0.586194,0,2022.49723,scenario_002,short
10511,2019,2.001672,0.12419,0.189097,0,2026.542918,scenario_002,short
10512,2020,25.146358,0.921557,0.864523,0,2161.254948,scenario_002,long
10513,2020,9.857247,0.569976,0.552763,0,2070.841039,scenario_002,medium
10514,2020,10.513904,0.509313,0.531454,2,2039.143272,scenario_002,medium
10515,2020,6.755402,0.23567,0.519275,1,2037.204031,scenario_002,medium
10516,2021,2.396702,0.100459,0.343574,1,2028.882034,scenario_002,short
10517,2021,40.77988,0.725998,0.484714,1,2064.93548,scenario_002,long
10518,2022,2.277192,0.26167,0.76687,1,2028.27941,scenario_002,short
10519,2022,3.414058,0.679254,0.805731,0,2031.822611,scenario_002,medium
10520,2022,1.968178,0.158897,0.309679,2,2024.049843,scenario_002,short
10521,2022,1.734773,0.655646,0.662974,0,2026.091561,scenario_002,short
10522,2022,1.981715,0.165642,0.149432,0,2029.589955,scenario_002,short
10523,2022,28.832906,0.724471,0.707049,2,2072.141335,scenario_002,long
10524,2023,4.480521,0.350773,0.516462,0,2039.33677,scenario_002,medium
10525,2023,1.323432,0.321777,0.262837,0,2029.449994,scenario_002,short
10526,2023,9.093003,0.130651,0.287706,1,2046.874777,scenario_002,medium
10527,2023,6.739161,0.519204,0.330069,0,2051.863572,scenario_002,medium
10528,2023,6.777604,1.0,0.901006,1,2029.509962,scenario_002,medium
10529,2023,1.525898,0.581788,0.612356,0,2025.480069,scenario_002,short
10530,2023,1.210937,0.386868,0.519567,0,2027.00991,scenario_002,short
10531,2023,1.60415,0.707731,0.830888,1,2024.465701,scenario_002,short
10532,2023,4.1812,0.677076,0.859597,0,2044.018117,scenario_002,medium
10533,2023,1.262568,0.152743,0.124406,2,2024.108842,scenario_002,short
10534,2023,1.436721,0.385048,0.490779,1,2026.321481,scenario_002,short
10535,2024,89.043188,0.555118,0.703598,1,2176.177565,scenario_002,long
10536,2024,56.594098,0.841517,0.680615,0,2165.78856,scenario_002,long
10537,2024,8.084852,0.253024,0.482477,0,2037.669235,scenario_002,medium
10538,2024,1.086769,0.336852,0.258339,1,2026.305276,scenario_002,short
10539,2025,10.073189,0.392719,0.76064,2,2043.368559,scenario_002,medium
10540,2025,9.572036,0.410563,0.444292,0,2056.643114,scenario_002,medium
10541,2025,1.42303,0.28556,0.220061,1,2028.3885,scenario_002,short
10542,2025,1.987777,0.48931,0.48749,0,2033.958038,scenario_002,short
10543,2025,1.803366,0.320711,0.315486,1,2030.620088,scenario_002,short
10544,2025,1.629821,0.227288,0.105383,0,2028.560734,scenario_002,short
10545,2025,7.964114,0.699143,0.496881,1,2037.104994,scenario_002,medium
10546,2025,1.775968,0.689292,0.904999,0,2033.090053,scenario_002,short
10547,2025,9.789623,0.698593,0.786664,0,2045.360968,scenario_002,medium
10548,2025,9.358814,0.524963,0.460815,0,2061.572731,scenario_002,medium
10549,2026,1.725095,0.339331,0.458823,0,2029.673866,scenario_002,short
10550,2026,1.692138,0.490768,0.699737,2,2027.800509,scenario_002,short
10551,2026,10.639276,0.231844,0.167938,0,2065.068832,scenario_002,medium
10552,2026,1.399585,0.072556,0.166147,0,2029.997357,scenario_002,short
10553,2026,10.814729,0.852143,0.797359,0,2057.000203,scenario_002,medium
10554,2026,2.370955,0.76223,0.80917,0,2032.681415,scenario_002,short
10555,2026,1.849571,0.328295,0.290587,1,2031.758644,scenario_002,short
10556,2026,8.307285,0.529863,0.566729,1,2050.31021,scenario_002,medium
10557,2026,2.066946,0.401096,0.299359,0,2029.302585,scenario_002,short
10558,2026,2.362436,0.438305,0.534991,2,2030.067854,scenario_002,short
10559,2026,61.629706,0.468411,0.748847,0,2179.813331,scenario_002,long
10560,2026,20.127172,0.526431,0.315073,0,2070.624832,scenario_002,medium
10561,2026,1.28207,0.385672,0.47846,2,2027.0,scenario_002,short
10562,2027,3.658714,0.42594,0.34889,2,2029.671632,scenario_002,medium
10563,2027,16.686333,0.606206,0.383784,0,2120.958252,scenario_002,medium
10564,2027,9.506648,0.571143,0.459679,1,2048.870473,scenario_002,medium
10565,2027,0.920895,0.20305,0.73025,1,2029.993915,scenario_002,short
10566,2027,5.561161,0.759391,0.707221,2,2034.029709,scenario_002,medium
10567,2027,5.424881,1.0,1.0,0,2036.671126,scenario_002,medium
10568,2028,1.375702,0.257178,0.261271,0,2034.616492,scenario_002,short
10569,2028,1.382585,0.447519,0.597065,0,2035.688547,scenario_002,short
10570,2028,34.611284,0.784894,0.668494,2,2098.834283,scenario_002,long
10571,2028,3.912508,0.569362,0.773159,0,2046.568717,scenario_002,medium
10572,2028,2.75158,0.268558,0.264706,2,2032.193278,scenario_002,short
10573,2028,1.996635,0.152893,0.351281,2,2029.95572,scenario_002,short
10574,2028,14.011948,0.125743,0.403542,1,2067.675599,scenario_002,medium
10575,2028,9.4232,0.205704,0.560038,0,2043.44092,scenario_002,medium
10576,2028,7.695833,0.235613,0.485505,0,2052.257596,scenario_002,medium
10577,2028,7.437887,0.517991,0.875777,1,2047.380883,scenario_002,medium
10578,2028,7.56868,0.616493,0.589412,0,2069.374447,scenario_002,medium
10579,2028,2.862589,0.192101,0.377642,0,2042.26274,scenario_002,short
10580,2028,5.867977,0.5653,0.438794,0,2052.412877,scenario_002,medium
10581,2029,2.159083,0.311711,0.392552,2,2032.608093,scenario_002,short
10582,2029,6.094728,0.58914,0.848529,0,2051.533414,scenario_002,medium
10583,2029,0.931119,0.660593,0.75585,2,2030.960176,scenario_002,short
10584,2029,7.610207,0.504426,0.685538,2,2036.275464,scenario_002,long
10585,2029,9.371396,0.617749,0.503371,1,2048.081086,scenario_002,medium
10586,2030,1.812567,0.202775,0.328149,1,2033.64738,scenario_002,short
10587,2030,1.320632,0.385222,0.642471,0,2037.241527,scenario_002,short
10588,2030,5.570583,0.314812,0.458529,0,2054.506025,scenario_002,medium
10589,2030,1.015751,0.589572,0.800127,0,2033.213144,scenario_002,short
10590,2030,1.473319,0.292533,0.566226,2,2031.429027,scenario_002,short
10591,2030,5.682421,0.462677,0.700851,2,2037.555102,scenario_002,medium
10592,2031,81.717261,0.801075,0.821179,0,2401.155901,scenario_002,long
10593,2031,8.126684,0.530019,0.474544,1,2040.949743,scenario_002,medium
10594,2031,10.572032,0.387217,0.403836,2,2039.159418,scenario_002,medium
10595,2031,1.376505,0.356054,0.466429,0,2035.99621,scenario_002,short
10596,2031,1.300121,0.138429,0.354029,0,2036.346709,scenario_002,short
10597,2031,1.342269,0.270449,0.409828,0,2036.638829,scenario_002,short
10598,2031,16.295861,0.323917,0.459191,1,2066.79809,scenario_002,long
10599,2031,76.165868,0.261923,0.202693,0,2305.897396,scenario_002,long
10600,2031,5.063895,0.558989,0.85205,2,2041.041917,scenario_002,medium
10601,2032,6.082787,0.784879,0.91584,0,2042.81815,scenario_002,medium
10602,2032,9.165167,0.610788,0.950196,0,2059.30781,scenario_002,medium
10603,2032,1.979288,0.083214,0.187276,2,2033.811396,scenario_002,short
10604,2032,6.951873,0.276698,0.943489,0,2061.576548,scenario_002,medium
10605,2032,18.914675,0.439107,0.388408,1,2078.641211,scenario_002,medium
10606,2032,1.867632,0.300697,0.688934,0,2036.423009,scenario_002,short
10607,2032,44.890355,0.90371,0.819539,0,2227.011906,scenario_002,long
10608,2033,10.046117,0.494059,0.502468,2,2055.338572,scenario_002,medium
10609,2033,9.455076,0.324011,0.390197,0,2071.954719,scenario_002,medium
10610,2033,1.621585,0.439771,0.528654,0,2038.533,scenario_002,short
10611,2033,9.840799,0.340729,0.495132,2,2049.721906,scenario_002,medium
10612,2033,1.37761,0.098615,0.138442,0,2038.245705,scenario_002,short
10613,2033,9.090799,0.193974,0.246846,1,2062.987035,scenario_002,medium
10614,2034,1.569282,0.468283,0.341614,0,2037.640246,scenario_002,short
10615,2034,13.416139,0.510259,0.809649,2,2061.739209,scenario_002,medium
10616,2034,0.964633,0.316228,0.314176,0,2036.933234,scenario_002,short
10617,2034,7.295729,0.560661,0.49518,1,2057.785132,scenario_002,medium
10618,2034,5.545556,0.592814,0.605015,0,2060.963918,scenario_002,medium
10619,2034,2.517739,0.643807,0.682356,1,2040.292385,scenario_002,short
10620,2034,1.86828,0.405074,0.279091,2,2037.252081,scenario_002,short
10621,2035,30.212006,0.83342,0.537294,2,2088.095435,scenario_002,long
10622,2035,6.876746,0.482675,0.515424,0,2064.145796,scenario_002,medium
10623,2035,22.705338,0.559863,0.602605,0,2103.099555,scenario_002,long
10624,2035,2.461385,0.426238,0.43067,0,2040.719879,scenario_002,short
10625,2035,26.516338,0.91779,0.726952,0,2096.664813,scenario_002,long
10626,2035,2.171821,0.168936,0.308639,0,2045.420079,scenario_002,short
10627,2035,20.907962,0.59987,0.960104,2,2048.236715,scenario_002,medium
10628,2035,1.995029,0.146533,0.28618,0,2045.57748,scenario_002,short
10629,2035,1.449855,0.308648,0.355627,1,2038.436901,scenario_002,short
10630,2035,59.213001,0.943378,0.864855,1,2127.896328,scenario_002,long
10631,2036,2.270538,0.619671,0.748035,0,2046.523284,scenario_002,short
10632,2036,1.013581,0.438498,0.384102,0,2039.733223,scenario_002,short
10633,2036,7.777539,0.509055,0.530699,0,2057.759512,scenario_002,medium
10634,2036,10.510111,0.321468,0.502256,0,2053.720418,scenario_002,medium
10635,2036,1.434247,0.413657,0.485653,2,2038.552816,scenario_002,short
10636,2036,1.997249,0.246934,0.181432,0,2041.93415,scenario_002,short
10637,2036,11.443141,0.122159,0.109727,0,2073.457087,scenario_002,medium
10638,2036,11.86192,0.6792,1.0,0,2096.971958,scenario_002,medium
10639,2037,8.623593,0.591403,0.955996,2,2046.815453,scenario_002,medium
10640,2037,1.893504,0.104907,0.629016,0,2043.847884,scenario_002,short
10641,2037,1.66627,0.332688,0.429693,0,2042.47061,scenario_002,short
10642,2037,12.757568,0.351546,0.518682,0,2079.53787,scenario_002,medium
10643,2037,10.308414,0.578124,0.979513,0,2059.559999,scenario_002,medium
10644,2037,11.963265,0.369173,0.466644,0,2073.688596,scenario_002,medium
10645,2037,9.331339,0.956155,0.743726,0,2061.618653,scenario_002,medium
10646,2037,2.079579,0.5605,0.710849,0,2045.853654,scenario_002,short
10647,2037,12.687735,0.349444,0.372009,0,2073.470682,scenario_002,medium
10648,2038,7.674276,0.156004,0.235062,1,2048.774764,scenario_002,medium
10649,2038,10.224226,0.6124,0.494016,2,2054.542482,scenario_002,medium
10650,2038,2.356144,0.36207,0.263718,0,2042.47053,scenario_002,short
10651,2038,36.302078,0.78212,0.654881,0,2142.862747,scenario_002,long
10652,2038,1.978864,0.19128,0.28702,1,2043.749701,scenario_002,short
10653,2038,29.533568,0.709704,0.935767,0,2108.923494,scenario_002,long
10654,2038,6.552541,0.60989,0.547415,2,2045.950631,scenario_002,medium
10655,2038,18.698642,0.376286,0.505543,0,2127.582912,scenario_002,long
10656,2038,8.782098,0.442773,0.643578,2,2044.333413,scenario_002,medium
10657,2038,1.490943,0.492679,0.49352,2,2040.173618,scenario_002,short
10658,2038,10.68955,0.273107,0.235534,1,2063.238675,scenario_002,medium
10659,2038,2.139755,0.601777,0.701865,0,2041.574771,scenario_002,short
10660,2038,12.089307,0.419098,0.633103,0,2063.715279,scenario_002,medium
10661,2038,7.886787,0.531697,0.442563,2,2044.673816,scenario_002,medium
10662,2039,6.977578,0.465748,0.596596,0,2071.565102,scenario_002,medium
10663,2039,54.251192,0.704554,0.514661,1,2159.886199,scenario_002,long
10664,2039,5.474868,0.580383,0.555427,0,2060.033996,scenario_002,medium
10665,2039,14.069791,0.354112,0.459263,0,2069.723725,scenario_002,long
10666,2039,226.421525,0.676905,0.813199,0,2653.086444,scenario_002,long
10667,2039,12.08443,0.125827,0.402303,0,2086.553544,scenario_002,medium
10668,2039,1.30235,0.258406,0.317527,2,2041.746412,scenario_002,short
10669,2040,1.927345,0.363398,0.510265,1,2045.228323,scenario_002,short
10670,2040,1.333275,0.316603,0.347849,0,2043.746688,scenario_002,short
10671,2040,2.405334,0.447285,0.693672,0,2049.63365,scenario_002,short
10672,2040,14.907938,0.148526,0.232699,0,2110.92013,scenario_002,medium
10673,2041,4.724696,0.87024,0.885554,0,2062.011426,scenario_002,medium
10674,2041,10.73925,0.50897,0.409062,2,2061.295754,scenario_002,medium
10675,2041,2.883803,0.108708,0.236485,2,2047.045774,scenario_002,short
10676,2041,3.758524,0.874805,0.995877,0,2054.351882,scenario_002,medium
10677,2042,9.699316,0.218338,0.421855,0,2085.354143,scenario_002,medium
10678,2042,8.054843,0.211476,0.482183,0,2057.312238,scenario_002,medium
10679,2042,1.794796,0.32567,0.429493,1,2044.179869,scenario_002,short
10680,2042,39.976732,0.996998,1.0,2,2122.425405,scenario_002,long
10681,2042,1.662794,0.733175,0.569567,1,2045.536458,scenario_002,short
10682,2042,13.744584,0.5727,0.523924,0,2079.38228,scenario_002,medium
10683,2042,1.46961,0.40642,0.730578,0,2044.654468,scenario_002,short
10684,2043,7.522579,0.392361,0.416717,0,2059.906015,scenario_002,medium
10685,2043,2.403801,0.612275,0.48425,0,2052.033899,scenario_002,short
10686,2043,1.550091,0.261196,0.295142,0,2047.307655,scenario_002,short
10687,2044,10.925892,1.0,0.8533,2,2052.159965,scenario_002,medium
10688,2044,5.938656,0.291062,0.277791,0,2055.909635,scenario_002,medium
10689,2045,20.053405,0.176245,0.159794,1,2106.998793,scenario_002,medium
10690,2045,44.758491,0.846983,0.752196,0,2213.547708,scenario_002,long
10691,2045,103.345223,0.60479,0.703321,1,2358.130226,scenario_002,long
10692,2045,1.330216,0.244082,0.323997,0,2047.554041,scenario_002,short
10693,2045,1.492279,0.200064,0.120719,0,2052.528288,scenario_002,short
10694,2045,2.259852,0.114189,0.355953,1,2051.729471,scenario_002,short
10695,2045,1.998839,0.349182,0.556462,1,2050.093149,scenario_002,short
10696,2045,2.028339,0.41768,0.373824,1,2048.657284,scenario_002,short
10697,2045,1.942486,0.728424,0.849936,0,2049.027325,scenario_002,short
10698,2045,5.486099,0.516617,0.815817,2,2048.420767,scenario_002,medium
10699,2046,1.907999,0.630477,0.456407,1,2048.941784,scenario_002,short
10700,2046,1.108601,0.304909,0.167875,0,2048.676358,scenario_002,short
10701,2046,6.676667,0.812075,0.731972,1,2056.169257,scenario_002,medium
10702,2046,1.410005,0.351705,0.551772,0,2051.3039,scenario_002,short
10703,2046,1.369961,0.411088,0.468214,0,2051.69222,scenario_002,short
10704,2047,1.495833,0.314222,0.553595,0,2053.17275,scenario_002,short
10705,2047,6.20247,0.138384,0.384496,0,2062.621875,scenario_002,medium
10706,2047,1.875397,0.285936,0.483071,0,2057.014052,scenario_002,short
10707,2047,9.266788,0.160016,0.376132,0,2072.099346,scenario_002,medium
10708,2047,9.772563,0.794121,0.583027,2,2059.568953,scenario_002,medium
10709,2047,10.868658,0.497153,0.500722,2,2063.672357,scenario_002,medium
10710,2047,7.123578,0.249868,0.569706,0,2070.518858,scenario_002,medium
10711,2047,1.228063,0.201598,0.435569,0,2051.873861,scenario_002,short
10712,2048,20.871082,0.347589,0.581664,2,2073.718872,scenario_002,medium
10713,2048,7.995199,0.330878,0.742828,1,2072.963773,scenario_002,medium
10714,2048,8.397229,0.594317,0.54186,1,2066.371695,scenario_002,medium
10715,2048,1.875981,0.285124,0.461955,0,2054.699954,scenario_002,short
10716,2048,16.24917,0.561492,0.305225,0,2089.712028,scenario_002,medium
10717,2048,2.439773,0.600624,0.631137,0,2051.781261,scenario_002,short
10718,2048,10.047697,0.476623,0.734389,0,2103.302129,scenario_002,medium
10719,2049,3.249463,0.428653,0.726055,1,2053.79752,scenario_002,short
10720,2049,45.479491,0.284126,0.386138,0,2235.113072,scenario_002,long
10721,2049,2.275044,0.213018,0.230491,2,2051.539692,scenario_002,short
10722,2049,22.804503,0.796059,1.0,0,2158.933386,scenario_002,long
10723,2049,1.677856,0.113896,0.253916,0,2052.638032,scenario_002,short
10724,2050,7.714772,0.619433,0.409431,1,2070.581061,scenario_002,medium
10725,2050,6.230027,0.696286,0.670308,0,2073.916636,scenario_002,medium
10726,2051,9.251916,0.442906,0.54889,0,2065.804472,scenario_002,medium
10727,2051,2.618859,0.177986,0.126408,0,2059.414544,scenario_002,short
10728,2051,8.27469,0.738978,0.749842,1,2063.301554,scenario_002,medium
10729,2051,2.202632,0.203894,0.362869,1,2054.037184,scenario_002,short
10730,2051,13.303712,1.0,0.724416,2,2076.259331,scenario_002,medium
10731,2051,6.694133,0.283519,0.191149,0,2077.413125,scenario_002,medium
10732,2051,7.750091,0.747659,0.947149,1,2059.362578,scenario_002,medium
10733,2051,10.985164,0.124811,0.49435,0,2094.837318,scenario_002,medium
10734,2052,7.275628,0.515068,0.53737,0,2073.209362,scenario_002,medium
10735,2052,1.848902,0.331034,0.590956,2,2055.138601,scenario_002,short
10736,2052,1.637946,0.24268,0.254683,2,2053.869939,scenario_002,short
10737,2052,27.25048,0.843659,0.604324,0,2122.158683,scenario_002,long
10738,2052,8.320176,0.91484,0.726632,0,2077.526329,scenario_002,medium
10739,2052,10.14553,0.623079,0.548547,2,2074.256603,scenario_002,medium
10740,2053,1.215862,0.248546,0.288392,1,2056.63635,scenario_002,short
10741,2053,2.103133,0.495255,0.492046,0,2061.502785,scenario_002,short
10742,2053,1.62041,0.386741,0.343844,0,2061.968068,scenario_002,short
10743,2053,2.661649,0.519249,0.471018,0,2063.867737,scenario_002,short
10744,2054,1.763153,0.149178,0.443373,0,2056.87501,scenario_002,short
10745,2054,1.069659,0.15836,0.231348,0,2056.045383,scenario_002,short
10746,2054,1.701034,0.416892,0.44008,0,2057.27425,scenario_002,short
10747,2054,1.143175,0.052447,0.208792,0,2056.373959,scenario_002,short
10748,2054,1.567001,0.143391,0.450075,0,2057.284847,scenario_002,short
10749,2054,2.043223,0.080322,0.118753,0,2063.591851,scenario_002,short
10750,2055,17.848541,0.700152,0.580879,0,2102.404751,scenario_002,medium
10751,2055,2.223462,0.400413,0.56512,0,2065.429078,scenario_002,short
10752,2055,1.507045,0.561494,0.320145,0,2062.190539,scenario_002,short
10753,2055,6.942779,0.281796,0.209196,1,2067.189701,scenario_002,medium
10754,2055,1.113578,0.228333,0.148373,1,2056.457409,scenario_002,short
10755,2055,5.776369,0.37755,0.599069,0,2071.807195,scenario_002,medium
10756,2055,1.693824,0.283114,0.446184,0,2064.366182,scenario_002,short
10757,2055,12.045121,0.184499,0.744594,0,2087.297762,scenario_002,medium
10758,2055,1.676906,0.305193,0.5036,2,2058.355105,scenario_002,short
10759,2055,6.852289,0.95066,1.0,0,2066.37873,scenario_002,medium
10760,2055,10.401976,0.615787,0.643112,0,2071.612649,scenario_002,medium
10761,2055,16.244839,0.42305,0.684837,0,2116.579168,scenario_002,long
10762,2056,29.809296,0.927847,1.0,1,2146.79065,scenario_002,long
10763,2056,1.707824,0.129389,0.312941,1,2060.211835,scenario_002,short
10764,2056,2.299795,0.288829,0.427902,1,2059.009838,scenario_002,short
10765,2056,9.176295,0.165345,0.258413,0,2105.065476,scenario_002,medium
10766,2056,3.706435,0.216061,0.291905,2,2060.453466,scenario_002,short
10767,2057,1.67953,0.319718,0.354665,0,2063.788699,scenario_002,short
10768,2057,1.716347,0.726492,0.701935,2,2058.102074,scenario_002,short
10769,2057,1.454837,0.100102,0.463411,0,2061.605364,scenario_002,short
10770,2057,14.053285,0.596985,0.979753,0,2129.509413,scenario_002,medium
10771,2057,1.75003,0.427533,0.27267,2,2059.098769,scenario_002,short
10772,2058,6.650816,0.502796,0.365573,0,2088.022647,scenario_002,medium
10773,2058,11.190999,0.49284,0.651329,1,2081.071383,scenario_002,medium
10774,2059,1.468848,0.134731,0.292831,1,2060.586427,scenario_002,short
10775,2059,2.179316,0.361436,0.255439,0,2063.689022,scenario_002,short
10776,2059,1.490234,0.167615,0.154017,0,2066.920155,scenario_002,short
10777,2059,2.249634,0.357189,0.420144,0,2069.288293,scenario_002,short
10778,2059,9.594608,0.521244,0.959355,0,2078.635581,scenario_002,medium
10779,2059,2.760038,0.310409,0.382856,0,2068.287051,scenario_002,short
10780,2059,7.776112,0.236192,0.664822,0,2083.681922,scenario_002,medium
10781,2060,1.415746,0.399194,0.717103,0,2065.545157,scenario_002,short
10782,2060,1.639006,0.403278,0.385153,2,2061.944332,scenario_002,short
10783,2060,1.937421,0.508802,0.33569,2,2062.333357,scenario_002,short
10784,2060,7.728687,0.571865,0.878337,1,2083.087713,scenario_002,medium
10785,2060,6.239251,0.364257,0.527278,0,2084.388763,scenario_002,medium
10786,2060,11.791301,0.449916,0.439397,1,2071.982118,scenario_002,medium
10787,2060,9.72075,0.41075,0.555205,0,2101.30644,scenario_002,medium
10788,2061,14.252234,0.28819,0.650974,0,2098.96975,scenario_002,medium
10789,2061,9.132844,0.133157,0.229295,0,2080.126039,scenario_002,medium
10790,2061,5.249143,0.586952,0.758301,0,2082.894541,scenario_002,medium
10791,2061,1.009691,0.325061,0.304266,0,2063.903431,scenario_002,short
10792,2061,1.81198,0.42634,0.710896,0,2066.231413,scenario_002,short
10793,2062,1.908164,0.482765,0.415776,0,2067.24462,scenario_002,short
10794,2062,50.252833,0.451618,0.482629,0,2239.934409,scenario_002,long
10795,2062,1.760836,0.060657,0.275682,0,2065.056349,scenario_002,short
10796,2062,1.473929,0.258396,0.706062,0,2065.876147,scenario_002,short
10797,2062,1.733511,0.174497,0.246964,0,2070.932826,scenario_002,short
10798,2062,13.237925,0.878011,0.791182,1,2074.173811,scenario_002,medium
10799,2062,1.861432,0.348801,0.77617,0,2070.866981,scenario_002,short
10800,2062,22.507488,0.88362,0.831312,1,2110.528927,scenario_002,long
10801,2062,2.91467,0.416376,0.35082,0,2076.911987,scenario_002,short
10802,2063,22.542726,0.338283,0.236638,2,2093.908649,scenario_002,long
10803,2063,1.174551,0.570291,0.545761,0,2066.668953,scenario_002,short
10804,2063,13.429325,0.627265,0.605653,0,2096.717793,scenario_002,medium
10805,2063,1.763495,0.44252,0.365956,0,2070.356029,scenario_002,short
10806,2063,1.740871,0.25878,0.843231,2,2066.710991,scenario_002,short
10807,2064,9.24192,0.979827,0.896147,0,2101.381212,scenario_002,long
10808,2064,11.624449,0.401686,0.605515,0,2106.369611,scenario_002,medium
10809,2064,8.735583,0.584402,0.644274,0,2083.367837,scenario_002,medium
10810,2064,104.395891,0.89674,0.996379,0,2321.604163,scenario_002,long
10811,2064,1.674524,0.151296,0.250758,0,2068.631571,scenario_002,short
10812,2064,7.851974,0.281634,0.4801,0,2095.999147,scenario_002,medium
10813,2064,2.006183,0.072395,0.228609,0,2070.632265,scenario_002,short
10814,2065,5.349528,0.714149,0.703123,2,2075.017171,scenario_002,medium
10815,2065,12.942943,0.658245,0.728298,2,2093.381823,scenario_002,medium
10816,2065,1.976691,0.771892,1.0,1,2068.264712,scenario_002,short
10817,2065,1.292566,0.403243,0.412862,1,2069.169006,scenario_002,short
10818,2065,8.088738,0.654265,0.703492,0,2092.345141,scenario_002,medium
10819,2065,11.252408,0.520387,0.454161,0,2109.591414,scenario_002,medium
10820,2065,10.561771,0.567241,0.697822,1,2089.588809,scenario_002,medium
10821,2065,10.155412,0.127933,0.275574,1,2078.936858,scenario_002,medium
10822,2065,15.895563,0.127322,0.270659,0,2117.181275,scenario_002,medium
10823,2066,12.772939,0.490634,0.726308,0,2107.376736,scenario_002,medium
10824,2066,20.752502,0.478363,0.342541,2,2107.335042,scenario_002,medium
10825,2066,1.729711,0.751008,0.761069,1,2069.53543,scenario_002,short
10826,2066,5.931288,0.837938,0.72313,0,2098.328116,scenario_002,medium
10827,2066,1.764256,0.376283,0.530027,0,2072.249277,scenario_002,short
10828,2066,291.276512,0.592895,0.786166,0,3677.227159,scenario_002,long
10829,2066,6.09578,0.318834,0.246567,0,2079.25094,scenario_002,medium
10830,2066,12.598131,0.2932,0.424618,0,2087.96433,scenario_002,medium
10831,2067,1.136763,0.367933,0.6967,0,2072.5331,scenario_002,short
10832,2067,1.374198,0.353341,0.491349,1,2068.495685,scenario_002,short
10833,2067,41.627523,0.332342,0.569779,0,2210.656508,scenario_002,long
10834,2067,170.305154,0.556925,0.690916,0,2886.533477,scenario_002,long
10835,2067,1.086167,0.44245,0.299035,0,2069.014781,scenario_002,short
10836,2067,8.993451,0.356132,0.21439,0,2104.428665,scenario_002,medium
10837,2068,6.541706,0.591539,0.416216,0,2091.672176,scenario_002,medium
10838,2068,25.514479,0.552588,0.621415,0,2140.886351,scenario_002,long
10839,2068,15.009485,0.437176,0.303962,1,2108.797367,scenario_002,medium
10840,2068,61.224688,0.66307,0.437919,0,2270.17869,scenario_002,long
10841,2068,1.838569,0.093804,0.457766,0,2075.068887,scenario_002,short
10842,2068,44.417589,0.538292,0.506331,0,2277.751527,scenario_002,long
10843,2068,16.979862,0.16785,0.260487,1,2113.979329,scenario_002,medium
10844,2069,12.959661,0.582112,0.608386,0,2125.53438,scenario_002,medium
10845,2069,1.50239,0.397086,0.46303,0,2076.173739,scenario_002,short
10846,2069,4.933051,0.363003,0.597691,0,2092.922153,scenario_002,long
10847,2069,1.792913,0.330031,0.477289,0,2074.553771,scenario_002,short
10848,2069,2.458741,0.328116,0.831381,0,2078.580969,scenario_002,short
10849,2070,8.842059,0.45322,0.510366,2,2081.860657,scenario_002,medium
10850,2070,20.391562,0.383381,0.711307,0,2180.993468,scenario_002,medium
10851,2070,9.673601,0.502158,0.573289,2,2079.562858,scenario_002,medium
10852,2070,2.021944,0.394418,0.44483,0,2074.670535,scenario_002,short
10853,2070,2.31062,0.379357,0.649176,0,2077.060967,scenario_002,short
10854,2070,2.200299,0.306721,0.367416,0,2078.168146,scenario_002,short
10855,2071,1.582815,0.263227,0.429251,0,2073.729935,scenario_002,short
10856,2071,10.614686,0.627676,0.575531,2,2085.055544,scenario_002,medium
10857,2071,9.01225,0.276716,0.212804,0,2098.304298,scenario_002,medium
10858,2071,1.932557,0.773771,0.838572,0,2076.001939,scenario_002,short
10859,2071,2.903583,0.221663,0.663981,2,2076.79698,scenario_002,short
10860,2071,15.85766,0.648614,0.470566,0,2122.673296,scenario_002,medium
10861,2071,1.351978,0.33913,0.312549,1,2073.905171,scenario_002,short
10862,2071,1.388177,0.123382,0.121868,1,2075.218335,scenario_002,short
10863,2071,5.791043,0.853234,0.750904,1,2089.978479,scenario_002,long
10864,2072,14.96834,0.823349,0.907216,0,2096.241402,scenario_002,long
10865,2072,76.9885,1.0,1.0,0,2475.646015,scenario_002,long
10866,2072,1.356437,0.106632,0.290313,2,2073.553424,scenario_002,short
10867,2072,1.573436,0.196903,0.583104,1,2076.070328,scenario_002,short
10868,2073,12.846781,0.62144,0.510653,1,2111.341782,scenario_002,medium
10869,2073,1.514441,0.154425,0.442348,2,2075.609108,scenario_002,short
10870,2073,5.632937,0.5787,0.495553,0,2088.317379,scenario_002,medium
10871,2073,47.424171,1.0,0.982591,0,2225.865029,scenario_002,long
10872,2073,2.456784,0.16834,0.328759,1,2077.344779,scenario_002,short
10873,2073,7.879561,0.619256,0.736862,1,2091.189779,scenario_002,medium
10874,2073,10.01591,0.67317,0.593077,0,2100.081003,scenario_002,medium
10875,2074,7.366631,0.126843,0.513567,0,2102.682078,scenario_002,medium
10876,2074,2.029381,0.417687,0.298903,1,2077.575046,scenario_002,short
10877,2074,1.722624,0.323358,0.327532,0,2079.671288,scenario_002,short
10878,2074,60.033494,0.258124,0.358754,0,2314.167665,scenario_002,long
10879,2074,2.343421,0.409833,0.598401,0,2086.55912,scenario_002,short
10880,2074,1.911909,0.319913,0.289748,1,2078.03208,scenario_002,short
10881,2075,1.81254,0.695678,0.684985,2,2078.311626,scenario_002,short
10882,2075,2.337879,0.251972,0.190955,0,2085.088819,scenario_002,short
10883,2075,1.626573,0.106941,0.100587,0,2078.475706,scenario_002,short
10884,2075,4.38598,1.0,0.745951,0,2092.889359,scenario_002,medium
10885,2075,2.378202,0.077977,0.211368,0,2086.665219,scenario_002,short
10886,2075,3.44335,0.25216,0.279277,0,2084.778181,scenario_002,short
10887,2075,1.369657,0.178529,0.57724,0,2079.563813,scenario_002,short
10888,2075,1.288273,0.14078,0.48538,0,2080.327934,scenario_002,short
10889,2075,22.590525,0.429416,0.872094,0,2121.550319,scenario_002,long
10890,2075,1.959168,0.391353,0.397591,0,2078.761619,scenario_002,short
10891,2076,11.645727,0.673101,0.695696,0,2105.013406,scenario_002,medium
10892,2076,3.39668,0.659539,0.621734,0,2091.52863,scenario_002,short
10893,2076,50.595187,0.9864,0.7143,0,2161.027371,scenario_002,long
10894,2076,0.964506,0.181177,0.330722,2,2077.988147,scenario_002,short
10895,2076,1.764182,0.102886,0.34873,0,2080.703753,scenario_002,short
10896,2076,1.538864,0.15672,0.327484,0,2084.206416,scenario_002,short
10897,2077,2.562902,0.342478,0.416839,0,2083.533333,scenario_002,short
10898,2077,6.474275,0.697522,0.650036,0,2106.323149,scenario_002,medium
10899,2077,80.419876,0.967978,1.0,0,2458.597137,scenario_002,long
10900,2077,1.86123,0.158644,0.306614,0,2082.101221,scenario_002,short
10901,2077,1.614156,0.405605,0.661341,0,2079.909127,scenario_002,short
10902,2078,19.361945,0.658168,1.0,0,2148.156549,scenario_002,medium
10903,2078,1.892437,0.375924,0.583714,1,2081.983192,scenario_002,short
10904,2078,9.514633,0.165207,0.215627,0,2095.771749,scenario_002,medium
10905,2078,1.559415,0.133356,0.554498,2,2080.536953,scenario_002,short
10906,2079,1.832228,0.621896,0.651825,0,2089.343553,scenario_002,short
10907,2079,2.168337,0.111111,0.130649,0,2082.632805,scenario_002,short
10908,2079,16.234886,0.354804,0.2901,2,2105.797389,scenario_002,medium
10909,2080,1.690297,0.657129,0.905077,0,2085.995729,scenario_002,short
10910,2080,1.686529,0.808707,0.798591,0,2082.636292,scenario_002,short
10911,2080,7.494378,0.281811,0.402361,1,2101.022404,scenario_002,medium
10912,2080,2.032799,0.421194,0.296994,2,2082.667795,scenario_002,short
10913,2081,60.349648,1.0,0.67125,0,2243.001517,scenario_002,long
10914,2081,9.170546,0.871827,0.938685,0,2095.70504,scenario_002,medium
10915,2081,1.900431,0.428796,0.449325,0,2091.144007,scenario_002,short
10916,2081,16.515116,0.706235,0.719238,0,2150.629194,scenario_002,medium
10917,2081,2.048373,0.077413,0.390712,0,2085.050666,scenario_002,short
10918,2081,1.057226,0.126393,0.157357,1,2082.122613,scenario_002,short
10919,2081,11.092639,0.153118,0.12466,0,2117.05003,scenario_002,medium
10920,2082,1.757708,0.210423,0.185375,1,2087.60529,scenario_002,short
10921,2082,1.643404,0.189443,0.330681,0,2086.011644,scenario_002,short
10922,2082,1.609678,0.437788,0.315398,1,2086.600019,scenario_002,short
10923,2082,1.986362,0.270213,0.80856,0,2087.383239,scenario_002,short
10924,2082,1.970572,0.130511,0.291183,0,2089.959161,scenario_002,short
10925,2083,2.157414,0.340973,0.530462,0,2092.906961,scenario_002,short
10926,2083,60.313535,0.31005,0.397758,0,2256.181261,scenario_002,long
10927,2084,10.362486,0.742839,0.60681,0,2133.320171,scenario_002,medium
10928,2084,12.83998,0.803148,0.74585,1,2102.199196,scenario_002,medium
10929,2085,16.345215,0.184882,0.391785,0,2158.890014,scenario_002,medium
10930,2085,7.373882,0.706377,0.964489,0,2106.776416,scenario_002,medium
10931,2085,14.784967,0.256333,0.224047,0,2158.814085,scenario_002,medium
10932,2086,7.822167,0.646484,0.577874,0,2101.843466,scenario_002,medium
10933,2086,1.018132,0.323279,0.343468,0,2090.974271,scenario_002,short
10934,2086,11.080728,0.400085,0.320849,2,2101.859711,scenario_002,medium
10935,2086,8.086508,0.669926,0.493216,0,2102.750334,scenario_002,medium
10936,2087,23.371486,0.676161,0.576855,0,2123.631217,scenario_002,long
10937,2087,105.132803,0.348241,0.429752,0,2289.06625,scenario_002,long
10938,2087,2.224784,0.21231,0.282063,0,2092.378478,scenario_002,short
10939,2087,34.747902,0.601091,0.820301,1,2137.169685,scenario_002,long
10940,2088,2.386908,0.227381,0.285578,1,2090.25118,scenario_002,short
10941,2089,9.677702,0.577789,0.815394,1,2103.9545,scenario_002,medium
10942,2089,1.063974,0.414194,0.53742,0,2092.272954,scenario_002,short
10943,2090,1.511218,0.587344,0.971299,0,2095.070853,scenario_002,short
10944,2091,1.915611,0.44703,0.691974,0,2098.136049,scenario_002,short
10945,2091,51.358778,0.596906,0.912268,0,2282.880868,scenario_002,long
10946,2092,10.792264,0.309396,0.239719,0,2139.938532,scenario_002,medium
10947,2093,1.87834,0.27967,0.290739,0,2099.703649,scenario_002,short
10948,2095,18.296625,0.508975,0.661754,1,2122.695597,scenario_002,long
10949,2096,6.164807,0.583856,0.61553,0,2111.609875,scenario_002,medium
10950,2096,12.764264,0.164525,0.733801,0,2148.551792,scenario_002,medium
10951,2097,1.546201,0.129947,0.182073,0,2101.863756,scenario_002,short
10952,2097,5.358503,0.881316,0.69438,1,2103.434239,scenario_002,medium
10953,2097,34.056697,0.726374,0.820291,0,2176.239455,scenario_002,long
10954,2097,9.61214,0.579251,0.856754,2,2106.703701,scenario_002,medium
10955,2097,70.607875,0.345656,0.445508,0,2405.246985,scenario_002,long
10956,2098,9.831819,0.205812,0.569912,2,2113.882055,scenario_002,medium
10957,2098,45.817147,0.73192,0.767601,1,2204.054304,scenario_002,long
10958,2098,12.389232,0.459175,0.568025,2,2106.49921,scenario_002,medium
10959,2098,1.261253,0.302405,0.81175,0,2104.57011,scenario_002,short
10960,2098,8.775385,0.553462,0.621866,2,2113.964886,scenario_002,medium
10961,2099,8.349008,0.597197,0.424694,0,2123.747537,scenario_002,medium
10962,2099,1.440329,0.320511,0.425363,1,2100.492618,scenario_002,short
10963,2099,2.209661,0.320856,0.422576,0,2107.004414,scenario_002,short
10964,2099,109.421977,0.411227,0.628502,1,2249.781617,scenario_002,long
10965,2099,2.092036,0.128469,0.54479,0,2103.193104,scenario_002,short
10966,2099,48.990508,1.0,0.907188,0,2218.661934,scenario_002,long
10967,2100,8.618232,0.640408,0.647858,1,2112.416665,scenario_002,medium
10968,2101,1.778525,0.637171,0.586522,0,2110.303726,scenario_002,short
10969,2101,10.47843,0.453866,0.464342,1,2112.623656,scenario_002,medium
10970,2101,1.956299,0.399116,0.591979,1,2104.036744,scenario_002,short
10971,2102,5.084572,0.703071,0.650251,0,2130.375702,scenario_002,medium
10972,2102,1.682147,0.678395,0.928369,1,2104.787462,scenario_002,short
10973,2103,36.270086,0.944563,0.947782,0,2208.533644,scenario_002,long
10974,2103,1.852131,0.650422,0.419543,2,2105.188062,scenario_002,short
10975,2104,6.51937,0.685051,0.652493,0,2123.155825,scenario_002,medium
10976,2104,8.621196,0.271903,0.44112,2,2110.038842,scenario_002,medium
10977,2105,13.842918,0.165611,0.66229,0,2129.428383,scenario_002,medium
10978,2105,4.450805,1.0,1.0,0,2124.850267,scenario_002,medium
10979,2105,1.438116,0.372349,0.350173,0,2112.979335,scenario_002,short
10980,2106,15.717966,0.229802,0.385817,0,2187.577346,scenario_002,medium
10981,2107,8.819051,0.143325,0.313778,0,2144.505558,scenario_002,medium
10982,2107,1.40432,0.230987,0.362745,0,2112.916778,scenario_002,short
10983,2107,2.069863,0.273189,0.565444,1,2111.655162,scenario_002,short
10984,2107,8.945112,0.571023,0.547907,2,2122.482322,scenario_002,medium
10985,2108,12.918624,0.696848,0.651442,0,2144.654161,scenario_002,medium
10986,2109,6.341799,0.170978,0.320678,0,2143.528238,scenario_002,medium
10987,2109,2.492517,0.123863,0.268214,0,2121.443964,scenario_002,short
10988,2110,9.931781,0.166816,0.236774,2,2126.917785,scenario_002,medium
10989,2110,1.539956,0.595989,0.459619,0,2117.790796,scenario_002,short
10990,2110,1.721982,0.415735,0.405245,2,2113.217313,scenario_002,short
10991,2110,2.84834,0.190338,0.243532,0,2120.35144,scenario_002,short
10992,2110,206.854583,0.684498,0.547488,0,2427.483947,scenario_002,long
10993,2110,5.997652,0.436378,0.618972,0,2125.984567,scenario_002,medium
10994,2110,30.023591,0.277906,0.491127,0,2225.438255,scenario_002,long
10995,2111,1.514096,0.292443,0.119567,0,2114.988956,scenario_002,short
10996,2111,1.57659,0.214235,0.365134,0,2119.62594,scenario_002,short
10997,2111,22.116827,0.655478,0.683781,0,2185.39813,scenario_002,long
10998,2111,8.560489,0.42257,0.682683,1,2134.631488,scenario_002,medium
10999,2111,2.11109,0.175782,0.31445,0,2114.8593,scenario_002,short
11000,2112,1.272414,0.681047,1.0,0,2115.035549,scenario_002,short
11001,2112,10.668384,0.563176,1.0,2,2132.943044,scenario_002,medium
11002,2112,18.989974,1.0,0.853531,0,2218.976667,scenario_002,long
11003,2113,25.581988,0.91387,0.970544,0,2221.62353,scenario_002,long
11004,2113,2.04114,0.238799,0.1702,1,2115.162876,scenario_002,short
11005,2113,2.082787,0.385958,0.625241,0,2118.484913,scenario_002,short
11006,2113,51.516027,0.830463,1.0,0,2229.65509,scenario_002,long
11007,2114,12.926567,0.264905,0.469993,1,2130.304806,scenario_002,medium
11008,2114,11.204844,0.93124,0.710298,0,2134.451921,scenario_002,medium
11009,2114,1.482254,0.649051,0.832349,0,2120.18109,scenario_002,short
11010,2114,16.392421,0.994558,0.890202,0,2169.750734,scenario_002,long
11011,2115,5.8229,0.411113,0.607578,1,2121.249577,scenario_002,medium
11012,2115,60.173419,0.534278,0.391198,0,2435.616516,scenario_002,long
11013,2115,5.271764,0.745661,0.873269,0,2126.98593,scenario_002,medium
11014,2115,1.960078,0.413829,0.389107,1,2117.887188,scenario_002,short
11015,2116,1.804407,0.058379,0.178976,1,2119.362885,scenario_002,short
11016,2116,36.864057,1.0,1.0,0,2287.559034,scenario_002,long
11017,2116,1.47636,0.591059,0.717275,0,2124.003886,scenario_002,short
11018,2116,1.572496,0.409371,0.506242,0,2124.852189,scenario_002,short
11019,2116,10.863677,0.59581,0.584707,0,2144.498082,scenario_002,medium
11020,2116,1.397391,0.432942,0.594388,0,2120.594992,scenario_002,short
11021,2117,2.155944,0.396378,0.491912,0,2121.867068,scenario_002,short
11022,2117,1.886302,0.425815,0.49011,0,2125.213446,scenario_002,short
11023,2117,1.726855,0.721443,0.867815,0,2121.577033,scenario_002,short
11024,2118,2.503429,0.848553,0.646738,0,2128.019204,scenario_002,short
11025,2118,53.370491,0.671642,0.693334,1,2260.295209,scenario_002,long
11026,2118,1.874466,0.21259,0.374588,0,2125.287965,scenario_002,short
11027,2118,1.316094,0.212297,0.285947,0,2124.125641,scenario_002,short
11028,2119,23.016906,0.43175,0.388168,2,2149.274991,scenario_002,long
11029,2119,8.430111,0.260951,0.303462,0,2138.990469,scenario_002,medium
11030,2119,31.150171,0.333623,0.571197,0,2210.97081,scenario_002,long
11031,2119,16.375459,0.608154,0.662065,0,2156.219542,scenario_002,medium
11032,2120,9.589387,0.281117,0.204445,0,2165.624449,scenario_002,medium
11033,2120,2.30151,0.423089,0.426643,0,2124.766761,scenario_002,short
11034,2120,6.5859,0.372861,0.747873,1,2125.997961,scenario_002,medium
11035,2120,9.233922,0.46673,0.592795,1,2141.441534,scenario_002,medium
11036,2120,1.426957,0.160285,0.225443,0,2123.773716,scenario_002,short
11037,2121,2.183388,0.366142,0.444508,0,2125.584417,scenario_002,short
11038,2121,9.008859,0.93419,0.983228,1,2135.50077,scenario_002,medium
11039,2121,1.881482,0.259951,0.207123,0,2124.121943,scenario_002,short
11040,2121,1.159604,0.617508,0.846969,2,2122.229516,scenario_002,short
11041,2121,4.929118,0.31951,0.416468,0,2144.415261,scenario_002,medium
11042,2123,32.162745,0.664984,0.84084,0,2259.412167,scenario_002,long
11043,2123,8.706637,1.0,1.0,1,2137.688609,scenario_002,medium
11044,2123,2.330205,0.283934,0.459732,1,2125.145407,scenario_002,short
11045,2123,1.922139,0.247721,0.374532,0,2132.317263,scenario_002,short
11046,2124,5.316801,0.351589,0.493719,0,2148.565261,scenario_002,medium
11047,2124,29.741002,0.844862,0.564962,2,2159.574156,scenario_002,long
11048,2124,13.166647,0.827337,1.0,0,2177.245926,scenario_002,medium
11049,2124,2.251214,0.435354,0.374508,0,2129.670293,scenario_002,short
11050,2125,1.719346,0.43673,0.71435,2,2128.527473,scenario_002,short
11051,2125,1.60164,0.443058,0.721985,1,2129.959449,scenario_002,short
11052,2125,11.884694,0.537736,0.601468,0,2164.915405,scenario_002,medium
11053,2125,1.477662,0.095335,0.614076,1,2126.690826,scenario_002,short
11054,2126,17.374046,0.173858,0.176022,0,2174.254665,scenario_002,medium
11055,2127,3.061106,0.235298,0.242023,0,2132.613714,scenario_002,short
11056,2127,1.864209,0.365875,0.391794,0,2137.338866,scenario_002,short
11057,2127,1.618571,0.303054,0.322095,0,2135.739263,scenario_002,short
11058,2127,1.41627,0.181394,0.095945,0,2130.27569,scenario_002,short
11059,2127,14.308594,0.834659,0.784306,0,2184.501379,scenario_002,medium
11060,2127,137.434997,0.316194,0.511437,0,2366.914073,scenario_002,long
11061,2127,1.565458,0.173823,0.366196,0,2132.503291,scenario_002,short
11062,2127,1.827663,0.164534,0.167948,2,2130.168709,scenario_002,short
11063,2128,1.64403,0.516033,0.672915,0,2132.319865,scenario_002,short
11064,2128,1.849045,0.077915,0.515783,1,2133.23609,scenario_002,short
11065,2128,1.847109,0.087612,0.139558,0,2131.432792,scenario_002,short
11066,2128,2.611004,0.18198,0.40815,0,2133.84417,scenario_002,short
11067,2129,14.769451,0.588376,0.619352,2,2154.887464,scenario_002,long
11068,2129,0.873969,0.109411,0.108481,0,2133.479981,scenario_002,short
11069,2129,14.302062,0.443494,0.395568,1,2170.476152,scenario_002,medium
11070,2129,2.106305,0.615377,0.516731,1,2133.546754,scenario_002,short
11071,2129,1.998013,0.085602,0.326135,0,2133.390501,scenario_002,short
11072,2129,13.043504,1.0,0.901472,0,2153.690529,scenario_002,long
11073,2130,16.080117,0.628321,0.625069,1,2160.952536,scenario_002,medium
11074,2130,0.944914,0.443367,0.584984,2,2131.834357,scenario_002,short
11075,2130,0.884552,0.065051,0.451272,0,2132.605604,scenario_002,short
11076,2130,6.668065,0.594696,0.586811,0,2166.400512,scenario_002,medium
11077,2130,2.023901,0.276757,0.325688,0,2138.652696,scenario_002,short
11078,2130,2.563486,0.636404,0.70538,0,2138.816717,scenario_002,short
11079,2131,7.409557,0.707191,0.773303,0,2160.450534,scenario_002,medium
11080,2131,2.003671,0.088428,0.266188,1,2135.293418,scenario_002,short
11081,2131,20.570022,0.806878,0.637632,0,2175.572249,scenario_002,long
11082,2131,7.119295,0.902419,0.704482,0,2147.127964,scenario_002,medium
11083,2132,30.174203,0.70748,0.679141,1,2193.980406,scenario_002,long
11084,2133,72.21909,0.837543,1.0,0,2252.334694,scenario_002,long
11085,2133,1.768637,0.375237,0.255257,2,2134.384581,scenario_002,short
11086,2133,8.573185,0.24012,0.267854,0,2148.501484,scenario_002,medium
11087,2133,9.425275,0.680589,0.705936,1,2159.831917,scenario_002,medium
11088,2134,2.478387,0.161716,0.69297,0,2146.908817,scenario_002,short
11089,2135,6.080264,0.186925,0.355124,2,2145.653517,scenario_002,medium
11090,2135,15.194006,0.659139,0.818013,2,2146.097924,scenario_002,medium
11091,2135,10.648045,0.514178,0.430631,0,2163.267477,scenario_002,medium
11092,2135,35.076038,0.371266,0.903147,0,2201.463111,scenario_002,long
11093,2135,10.365347,0.573386,0.615637,0,2172.541549,scenario_002,medium
11094,2136,1.76247,0.513905,0.756649,0,2145.882147,scenario_002,short
11095,2136,2.369718,0.257256,0.79028,0,2141.57327,scenario_002,short
11096,2136,16.120963,0.362282,0.728416,1,2168.297928,scenario_002,medium
11097,2137,2.307249,0.235594,0.302503,0,2147.67509,scenario_002,short
11098,2137,1.155512,0.582376,0.606337,2,2139.177093,scenario_002,short
11099,2137,1.2316,0.42343,0.435325,0,2141.975393,scenario_002,short
11100,2137,12.930679,0.15865,0.119981,2,2148.34527,scenario_002,medium
11101,2138,30.420842,0.965907,0.651639,2,2159.873021,scenario_002,long
11102,2139,2.336291,0.385866,0.601081,0,2144.930491,scenario_002,short
11103,2139,14.24236,0.718007,0.595792,0,2194.948622,scenario_002,long
11104,2139,11.366963,0.16382,0.410198,0,2172.426178,scenario_002,medium
11105,2140,1.427959,0.545058,0.316384,0,2146.190135,scenario_002,short
11106,2141,2.498166,0.224079,0.256069,0,2149.82757,scenario_002,short
11107,2142,1.600111,0.199643,0.43798,1,2144.926915,scenario_002,short
11108,2142,30.946398,0.901551,0.72497,0,2297.971145,scenario_002,long
11109,2146,1.860812,0.250283,0.334763,2,2148.653441,scenario_002,short
11110,2147,1.591543,0.378093,0.245898,0,2154.165636,scenario_002,short
11111,2147,2.17303,0.41043,0.273879,0,2155.91527,scenario_002,short
11112,2148,8.397657,0.501034,0.891386,0,2184.037529,scenario_002,medium
11113,2148,11.444243,0.165814,0.430257,1,2179.65337,scenario_002,medium
11114,2148,2.149646,0.440943,0.408336,1,2152.559996,scenario_002,short
11115,2153,1.245418,0.06578,0.155342,0,2157.335943,scenario_002,short
11116,2154,7.187127,0.795108,0.614266,0,2192.798973,scenario_002,medium
11117,2154,10.603425,0.66776,0.547873,1,2168.451128,scenario_002,medium
11118,2154,1.997305,0.179377,0.234805,0,2159.455454,scenario_002,short
11119,2155,1.213621,0.655311,0.615424,0,2158.395152,scenario_002,short
11120,2156,0.948065,0.327211,0.215655,2,2157.195318,scenario_002,short
11121,2156,1.912083,0.278314,0.327272,2,2159.105363,scenario_002,short
11122,2156,2.05482,0.140967,0.248865,0,2163.08841,scenario_002,short
11123,2158,11.041398,0.871947,0.940876,0,2198.02566,scenario_002,long
11124,2159,25.777139,1.0,0.99541,0,2228.597662,scenario_002,long
11125,2160,2.289042,0.433686,0.50183,0,2170.468817,scenario_002,short
11126,2160,1.660228,0.431881,0.681697,0,2167.662944,scenario_002,short
11127,2161,2.177453,0.255839,0.179121,2,2163.103515,scenario_002,short
11128,2163,1.369548,0.553349,0.554532,0,2168.138995,scenario_002,short
11129,2169,2.350986,0.094179,0.333084,2,2170.626231,scenario_002,short
11130,2170,2.604105,0.471757,0.717262,0,2178.55151,scenario_002,short
11131,2173,2.78224,0.37171,0.429409,1,2176.804186,scenario_002,short
11132,2175,2.71638,0.277575,0.600821,0,2188.220477,scenario_002,short
11133,2176,1.234883,0.061767,0.28247,0,2181.312489,scenario_002,short
11134,2177,26.841153,0.681379,0.590407,0,2252.868099,scenario_002,long
11135,2178,1.991651,0.052158,0.05,1,2179.844729,scenario_002,short
11136,2178,13.699208,0.329623,0.350687,1,2213.033828,scenario_002,long
11137,2179,99.807669,0.400516,0.382648,0,2440.920087,scenario_002,long
11138,2179,7.506519,0.439822,0.558766,0,2198.354094,scenario_002,medium
11139,2179,7.764465,0.254112,0.468594,2,2193.866291,scenario_002,medium
11140,2183,19.907885,0.477095,0.269545,0,2277.195749,scenario_002,medium
11141,2183,8.476538,0.505008,0.697095,0,2227.459308,scenario_002,medium
11142,2183,11.755672,0.91587,0.605795,0,2233.563016,scenario_002,medium
11143,2184,8.575672,0.455923,0.789374,0,2216.556791,scenario_002,medium
11144,2186,20.99603,0.514881,0.497708,2,2231.673226,scenario_002,long
11145,2186,12.262785,0.851749,0.835668,0,2254.973904,scenario_002,medium
11146,2187,10.332086,0.192432,0.26377,0,2244.635472,scenario_002,medium
11147,2188,10.552609,0.800138,0.841417,2,2201.100735,scenario_002,medium
11148,2189,1.565981,0.092587,0.519911,0,2196.422945,scenario_002,short
11149,2190,12.238116,0.260484,0.63591,0,2253.269706,scenario_002,medium
11150,2192,8.697574,0.218451,0.367998,0,2239.584825,scenario_002,medium
11151,2194,2.238083,0.21985,0.273537,1,2196.669655,scenario_002,short
11152,2196,2.857657,0.26748,0.203084,0,2201.78997,scenario_002,short
11153,2198,1.773164,0.335413,0.415298,2,2199.953367,scenario_002,short
11154,2216,12.259883,0.865727,0.763903,0,2277.710995,scenario_002,long
11155,2217,1.511897,0.381207,0.415321,0,2222.451695,scenario_002,short
11156,2220,91.44695,1.0,1.0,0,2535.810132,scenario_002,long
11157,2221,2.27627,0.337097,0.559098,0,2231.330621,scenario_002,short
11158,2225,1.893262,0.639392,0.720605,0,2234.895469,scenario_002,short
11159,2226,1.820721,0.463815,0.440943,0,2230.825592,scenario_002,short
11160,2229,1.598156,0.411926,0.617401,1,2233.698916,scenario_002,short
11161,2233,8.670124,0.541243,0.590435,0,2267.4469,scenario_002,medium
11162,2239,1.543288,0.151134,0.354079,0,2246.021859,scenario_002,short
11163,2249,5.265409,0.46753,0.590968,1,2258.905526,scenario_002,medium
11164,2252,1.427925,0.250994,0.730412,0,2257.870181,scenario_002,short
11165,2253,1.527031,0.293115,0.279691,1,2256.154558,scenario_002,short
11166,2253,2.232114,0.14649,0.363788,0,2259.672866,scenario_002,short
11167,2254,12.509464,0.562836,0.487117,2,2264.18137,scenario_002,medium
11168,2255,36.6731,0.67206,0.571377,0,2386.901955,scenario_002,long
11169,2258,6.545162,0.530888,0.640292,1,2264.636002,scenario_002,medium
11170,2262,6.660777,0.345186,0.342506,0,2295.631494,scenario_002,medium
11171,2264,6.860293,0.515594,0.67236,0,2290.718103,scenario_002,medium
11172,2265,1.909079,0.400326,0.4864,0,2274.3466,scenario_002,short
11173,2268,1.193171,0.108179,0.561472,1,2269.640059,scenario_002,short
11174,2269,17.874505,0.629048,1.0,0,2300.367967,scenario_002,medium
11175,2269,1.963145,0.575271,0.566919,0,2276.552079,scenario_002,short
11176,2273,1.949428,0.054144,0.05,0,2278.059528,scenario_002,short
11177,2276,11.620145,0.470528,0.340281,0,2305.534425,scenario_002,medium
11178,2278,1.769255,0.162842,0.646273,0,2287.600249,scenario_002,short
11179,2280,2.166346,0.221631,0.384112,0,2290.801128,scenario_002,short
11180,2281,9.45132,0.51816,0.477287,0,2326.82707,scenario_002,medium
11181,2283,7.973591,0.475691,0.51619,0,2314.673536,scenario_002,medium
11182,2284,2.676342,0.099448,0.180031,1,2290.555483,scenario_002,short
11183,2289,7.962565,0.412788,0.789278,1,2307.205786,scenario_002,medium
11184,2290,1.265577,0.286683,0.488937,0,2294.27554,scenario_002,short
11185,2294,1.401008,0.162823,0.638317,0,2298.196821,scenario_002,short
11186,2298,1.801916,0.390797,0.69118,0,2307.952207,scenario_002,short
11187,2298,7.857524,0.156733,0.514468,0,2322.331829,scenario_002,medium
11188,2299,8.379446,0.363568,0.433874,0,2325.644996,scenario_002,medium
11189,2300,7.703095,0.69861,0.739596,1,2324.611083,scenario_002,medium
11190,2301,2.449099,0.447267,0.392027,0,2307.961878,scenario_002,short
11191,2305,1.736008,0.37273,0.75626,0,2309.256048,scenario_002,short
11192,2306,1.606978,0.448912,0.664461,1,2309.309121,scenario_002,short
11193,2306,1.470535,0.405153,0.312699,2,2309.252306,scenario_002,short
11194,2307,6.631917,0.334621,0.292279,1,2318.564802,scenario_002,medium
11195,2307,14.614439,0.529955,0.689091,0,2333.212803,scenario_002,medium
11196,2308,9.900666,0.613001,0.993349,1,2325.624013,scenario_002,medium
11197,2309,1.68432,0.425352,0.6929,1,2314.440521,scenario_002,short
11198,2309,18.045997,0.67345,0.888904,0,2376.533572,scenario_002,medium
11199,2309,10.897535,0.575426,0.978525,0,2333.50852,scenario_002,long
11200,2309,10.90535,0.192851,0.683408,0,2329.224606,scenario_002,medium
11201,2309,10.548522,0.349565,0.437556,1,2330.24376,scenario_002,medium
11202,2310,19.167419,0.868944,0.861718,0,2353.455072,scenario_002,long
11203,2312,6.661219,0.564583,0.642153,0,2338.628047,scenario_002,medium
11204,2314,2.11647,0.250723,0.279415,0,2318.894733,scenario_002,short
11205,2316,9.582086,0.433082,0.28874,0,2362.316022,scenario_002,medium
11206,2316,1.74727,0.098941,0.127211,1,2321.29984,scenario_002,short
11207,2316,22.57286,0.758476,0.768918,0,2382.91062,scenario_002,long
11208,2316,36.043854,0.816436,1.0,1,2424.341414,scenario_002,long
11209,2320,5.423896,0.559391,0.559998,0,2334.716538,scenario_002,medium
11210,2325,2.565907,0.225127,0.414032,0,2330.063944,scenario_002,short
11211,2325,1.232783,0.270336,0.544511,2,2326.921561,scenario_002,short
11212,2326,6.6819,0.345005,0.300645,0,2345.840481,scenario_002,medium
11213,2326,21.758538,0.712567,0.740768,0,2415.309326,scenario_002,long
11214,2328,2.37389,0.52818,0.434725,0,2338.898851,scenario_002,short
11215,2329,1.544632,0.119075,0.084878,0,2331.722825,scenario_002,short
11216,2333,5.390779,1.0,0.914605,0,2350.171883,scenario_002,medium
11217,2333,53.347778,0.86256,0.748852,2,2434.069208,scenario_002,long
11218,2333,5.634894,0.738055,0.585739,2,2342.050758,scenario_002,medium
11219,2334,8.919554,0.189638,0.060236,2,2347.504859,scenario_002,medium
11220,2334,1.48817,0.446699,0.450962,0,2338.866668,scenario_002,short
11221,2334,24.890495,0.996907,0.698433,2,2355.043612,scenario_002,long
11222,2335,16.991374,0.492692,0.372749,0,2400.9767,scenario_002,medium
11223,2335,156.644055,0.605836,0.643633,1,2809.55002,scenario_002,long
11224,2336,2.55315,0.434279,0.356306,0,2340.061826,scenario_002,short
11225,2337,29.781363,0.510059,0.276056,1,2418.753032,scenario_002,long
11226,2337,8.262467,0.415816,0.40729,0,2353.691428,scenario_002,medium
11227,2337,6.516983,0.675452,0.569336,1,2356.904475,scenario_002,medium
11228,2337,1.661518,0.425134,0.480299,0,2341.728174,scenario_002,short
11229,2337,80.441583,0.351399,0.577905,1,2495.058252,scenario_002,long
11230,2338,1.685372,0.767452,1.0,2,2341.38122,scenario_002,short
11231,2338,2.366029,0.674545,0.44205,1,2341.290516,scenario_002,short
11232,2338,7.441921,0.408108,0.370359,2,2349.802415,scenario_002,medium
11233,2338,6.264866,0.314507,0.224361,0,2373.249519,scenario_002,long
11234,2339,6.149542,0.393573,0.608355,1,2352.501132,scenario_002,medium
11235,2339,2.039452,0.232837,0.490058,1,2342.531575,scenario_002,short
11236,2340,5.211377,0.680358,0.588695,0,2349.670075,scenario_002,medium
11237,2344,6.761283,0.228497,0.341094,0,2368.727133,scenario_002,medium
11238,2345,12.33819,0.285701,0.629933,0,2409.978158,scenario_002,medium
11239,2345,14.53594,0.490589,0.49468,2,2374.838393,scenario_002,medium
11240,2347,4.507231,0.585414,0.53832,0,2368.059006,scenario_002,medium
11241,2348,57.40029,0.854919,0.965086,0,2586.899239,scenario_002,long
11242,2348,15.435592,0.428271,0.522989,0,2378.474538,scenario_002,medium
11243,2349,30.520362,0.71388,0.75812,0,2410.042948,scenario_002,long
11244,2350,0.969039,0.628011,0.410551,0,2354.033586,scenario_002,short
11245,2351,2.177427,0.098916,0.05,0,2362.26338,scenario_002,short
11246,2352,10.477967,0.471199,0.302617,1,2379.399524,scenario_002,medium
11247,2353,7.737406,0.861566,0.777624,1,2376.694995,scenario_002,medium
11248,2353,1.665983,0.392492,0.316251,0,2356.671146,scenario_002,short
11249,2356,9.217609,0.746912,0.683713,0,2376.70415,scenario_002,long
11250,2357,1.834728,0.302559,0.33926,0,2365.343848,scenario_002,short
11251,2357,2.052662,0.678009,0.461266,0,2362.320868,scenario_002,short
11252,2357,10.032252,0.146852,0.389091,0,2373.767808,scenario_002,medium
11253,2358,1.467912,0.707973,0.917817,1,2362.200046,scenario_002,short
11254,2360,9.107389,0.494626,0.323014,1,2384.943859,scenario_002,medium
11255,2361,12.040817,0.480165,0.492559,1,2386.332461,scenario_002,medium
11256,2361,1.596208,0.321676,0.153376,0,2363.958641,scenario_002,short
11257,2362,1.424321,0.424568,0.630859,0,2367.275575,scenario_002,short
11258,2362,1.637823,0.139471,0.302145,0,2365.760831,scenario_002,short
11259,2363,2.460898,0.327087,0.38291,0,2370.115768,scenario_002,short
11260,2364,2.270008,0.100359,0.188056,0,2372.813038,scenario_002,short
11261,2366,10.744877,0.37045,0.545466,2,2383.52783,scenario_002,medium
11262,2366,12.821774,0.471072,0.774016,0,2392.8868,scenario_002,medium
11263,2367,16.217441,0.219927,0.313324,0,2399.308836,scenario_002,medium
11264,2369,6.922569,0.518129,0.47197,0,2381.586241,scenario_002,medium
11265,2369,7.825079,0.707304,0.851583,2,2380.297884,scenario_002,medium
11266,2370,1.673485,0.132582,0.345002,0,2377.019744,scenario_002,short
11267,2371,8.374197,0.638284,0.709832,0,2409.435599,scenario_002,medium
11268,2372,2.481184,0.16316,0.643975,0,2376.929581,scenario_002,short
11269,2372,4.077939,0.286345,0.265382,0,2383.703243,scenario_002,long
11270,2373,1.675158,0.197304,0.34343,2,2374.095836,scenario_002,short
11271,2376,1.736795,0.449146,0.519222,1,2379.328838,scenario_002,short
11272,2377,1.948558,0.341931,0.302724,1,2380.938568,scenario_002,short
11273,2377,1.79092,0.154735,0.345835,2,2379.684679,scenario_002,short
11274,2378,7.567028,0.285952,0.827183,0,2411.457582,scenario_002,medium
11275,2379,7.739794,0.214491,0.629396,0,2416.210579,scenario_002,medium
11276,2380,47.78923,1.0,0.965733,1,2519.275257,scenario_002,long
11277,2380,6.103337,0.455417,0.471293,0,2405.733099,scenario_002,medium
11278,2381,12.396376,0.570922,0.66164,0,2427.701255,scenario_002,long
11279,2383,2.156929,0.097968,0.139407,1,2387.872616,scenario_002,short
11280,2383,3.989388,0.500928,0.345437,0,2393.871274,scenario_002,medium
11281,2386,5.943431,0.710171,0.742673,1,2392.026181,scenario_002,medium
11282,2387,14.21257,0.505941,0.642229,2,2398.398233,scenario_002,medium
11283,2388,12.787013,0.27508,0.461752,2,2404.28365,scenario_002,medium
11284,2388,2.681354,0.328033,0.384375,0,2400.967904,scenario_002,short
11285,2389,2.208982,0.37024,0.577025,2,2390.879917,scenario_002,short
11286,2390,0.831285,0.461092,0.521793,0,2394.121649,scenario_002,short
11287,2390,8.571136,0.12789,0.195769,0,2409.704584,scenario_002,medium
11288,2392,16.551992,0.795335,0.864827,0,2477.986592,scenario_002,medium
11289,2393,12.919817,0.551112,0.698703,1,2433.208006,scenario_002,medium
11290,2394,8.611034,0.657533,0.54724,0,2417.353569,scenario_002,medium
11291,2395,2.332486,0.077862,0.330229,0,2399.870224,scenario_002,short
11292,2395,7.452557,0.912021,0.781828,1,2414.21059,scenario_002,medium
11293,2396,23.887526,0.858759,0.643428,1,2435.561485,scenario_002,medium
11294,2396,14.503088,0.233916,0.293554,1,2434.16158,scenario_002,medium
11295,2396,29.364207,0.567945,0.707502,2,2418.877477,scenario_002,long
11296,2397,18.342762,0.5932,0.683917,0,2442.614622,scenario_002,long
11297,2397,1.49383,0.503521,0.499556,0,2399.964173,scenario_002,short
11298,2398,2.232343,0.130537,0.230047,0,2407.916187,scenario_002,short
11299,2398,1.857202,0.572145,0.566174,1,2401.958662,scenario_002,short
11300,2398,1.317034,0.724576,0.770477,0,2401.058726,scenario_002,short
11301,2398,12.168065,0.190344,0.202596,1,2413.025269,scenario_002,medium
11302,2398,27.65036,1.0,0.808783,0,2544.748905,scenario_002,long
11303,2399,16.785931,0.455836,0.918948,1,2450.17049,scenario_002,medium
11304,2399,1.698769,0.718034,0.660124,2,2402.310659,scenario_002,short
11305,2400,19.390229,0.28629,0.259724,0,2444.326946,scenario_002,long
11306,2400,16.853028,0.727814,1.0,0,2461.148576,scenario_002,long
11307,2400,14.417307,0.475431,0.544421,0,2446.669122,scenario_002,medium
11308,2401,9.34674,0.60808,0.977875,0,2433.147104,scenario_002,medium
11309,2401,11.317881,0.629466,0.619997,1,2413.665981,scenario_002,medium
11310,2401,4.104402,0.298338,0.395443,2,2409.401605,scenario_002,medium
11311,2402,1.768076,0.087292,0.347813,0,2411.635528,scenario_002,short
11312,2403,5.711168,0.195761,0.431234,0,2417.000342,scenario_002,medium
11313,2404,8.590839,1.0,0.902046,0,2420.527519,scenario_002,long
11314,2405,1.446593,0.293964,0.32948,1,2407.569415,scenario_002,short
11315,2405,6.725047,0.645674,0.732269,0,2424.112285,scenario_002,medium
11316,2405,1.440473,0.628215,0.955295,0,2410.67995,scenario_002,short
11317,2406,7.975154,0.264554,0.278781,1,2425.579883,scenario_002,medium
11318,2407,1.653946,0.247623,0.351543,0,2410.162862,scenario_002,short
11319,2407,9.984377,0.496636,0.722717,0,2432.899707,scenario_002,medium
11320,2409,6.784286,0.384811,0.725094,0,2434.000154,scenario_002,medium
11321,2409,7.929552,0.628393,0.671762,1,2427.539541,scenario_002,medium
11322,2410,40.58545,0.5918,0.503738,0,2542.622434,scenario_002,long
11323,2410,10.994799,0.456176,0.937372,0,2429.501773,scenario_002,medium
11324,2411,9.170445,0.18486,0.402095,2,2417.563625,scenario_002,medium
11325,2411,2.678363,0.258199,0.329092,0,2420.211617,scenario_002,short
11326,2411,5.78686,0.49243,0.522067,0,2433.289138,scenario_002,medium
11327,2411,1.579934,0.621998,0.605043,0,2418.508114,scenario_002,short
11328,2411,10.205316,0.462941,0.928402,0,2465.428697,scenario_002,medium
11329,2411,11.218203,0.542105,0.490062,0,2428.923339,scenario_002,medium
11330,2412,1.707805,0.4844,0.689369,0,2421.108078,scenario_002,short
11331,2412,1.459048,0.352483,0.543286,0,2416.769956,scenario_002,short
11332,2412,2.055097,0.664762,0.603226,2,2415.173259,scenario_002,short
11333,2413,9.234771,0.42182,0.61246,0,2444.25045,scenario_002,medium
11334,2413,1.773428,0.786832,0.779594,0,2416.322247,scenario_002,short
11335,2414,2.658489,0.127713,0.285842,0,2426.163045,scenario_002,short
11336,2414,13.035236,0.127577,0.630404,1,2427.932427,scenario_002,medium
11337,2416,2.602389,0.367115,0.523121,1,2419.842187,scenario_002,short
11338,2416,3.889997,0.58968,0.393541,0,2428.262666,scenario_002,medium
11339,2417,1.792272,0.096414,0.346016,0,2426.053566,scenario_002,short
11340,2418,8.792368,1.0,1.0,0,2455.1878,scenario_002,medium
11341,2418,14.32065,0.854348,0.756547,0,2489.386101,scenario_002,long
11342,2420,1.552331,0.138753,0.151104,2,2421.942387,scenario_002,short
11343,2420,1.549686,0.109935,0.235973,0,2426.427503,scenario_002,short
11344,2420,14.046236,1.0,1.0,0,2488.237971,scenario_002,medium
11345,2420,2.208899,0.282371,0.506067,0,2428.681399,scenario_002,short
11346,2421,1.153363,0.09021,0.150588,2,2423.193827,scenario_002,short
11347,2421,9.053059,0.58184,0.663339,2,2440.473989,scenario_002,medium
11348,2421,53.215162,0.824309,1.0,1,2502.470986,scenario_002,long
11349,2422,9.360705,0.358351,0.504796,0,2450.293778,scenario_002,medium
11350,2422,1.622438,0.321524,0.288872,0,2427.554545,scenario_002,short
11351,2423,1.393119,0.27287,0.539318,0,2427.219663,scenario_002,short
11352,2423,1.282129,0.529977,0.934053,0,2429.315864,scenario_002,short
11353,2423,2.223285,0.083295,0.284967,0,2431.822386,scenario_002,short
11354,2423,76.037352,0.508702,0.436856,0,2670.889754,scenario_002,long
11355,2423,1.987661,0.286708,0.425401,1,2425.72034,scenario_002,short
11356,2424,82.175858,0.592544,0.486061,2,2505.858954,scenario_002,long
11357,2425,2.097503,0.081039,0.191689,1,2431.68039,scenario_002,short
11358,2425,10.727453,0.17307,0.464686,2,2444.161106,scenario_002,medium
11359,2425,1.982575,0.814947,0.557538,1,2427.502631,scenario_002,short
11360,2425,10.592652,0.677508,0.809845,0,2482.571583,scenario_002,medium
11361,2426,2.265137,0.430142,0.540991,0,2438.232357,scenario_002,short
11362,2426,2.08657,0.313491,0.339922,0,2435.01029,scenario_002,short
11363,2427,8.80139,0.335804,0.357282,0,2446.14523,scenario_002,medium
11364,2428,7.565539,0.364073,0.686388,0,2442.191161,scenario_002,medium
11365,2429,12.938277,0.471877,0.543353,0,2461.807046,scenario_002,medium
11366,2429,10.108337,0.402837,0.645358,0,2485.517319,scenario_002,medium
11367,2430,1.469333,0.585041,0.461225,0,2437.070132,scenario_002,short
11368,2432,51.861509,0.550356,0.320759,0,2592.124981,scenario_002,long
11369,2432,1.878997,0.249269,0.44196,0,2439.844865,scenario_002,short
11370,2433,18.706582,0.529217,0.383955,2,2451.794529,scenario_002,medium
11371,2433,17.221909,0.433661,0.32963,0,2481.953308,scenario_002,medium
11372,2433,8.485553,0.615476,0.621539,2,2444.75417,scenario_002,medium
11373,2434,6.608707,0.287572,0.507206,1,2443.835331,scenario_002,medium
11374,2434,9.14288,0.898623,0.653582,0,2464.409366,scenario_002,medium
11375,2435,7.929596,0.747534,0.496335,2,2443.1937,scenario_002,medium
11376,2435,1.136158,0.594404,0.572843,1,2436.211284,scenario_002,short
11377,2436,12.370497,0.623888,0.486828,0,2473.735896,scenario_002,medium
11378,2437,10.033038,0.656281,0.559258,0,2493.281688,scenario_002,medium
11379,2437,1.932538,0.173539,0.126413,1,2443.021199,scenario_002,short
11380,2438,1.26068,0.373852,0.346735,0,2440.1096,scenario_002,short
11381,2438,2.575024,0.183613,0.347265,2,2442.945705,scenario_002,short
11382,2438,198.013285,0.579522,0.640922,0,3465.668463,scenario_002,long
11383,2439,1.628043,0.729304,0.958598,2,2442.403,scenario_002,short
11384,2440,1.429633,0.055296,0.227751,0,2444.090106,scenario_002,short
11385,2441,8.826567,0.540158,0.621219,2,2455.09117,scenario_002,medium
11386,2442,1.89923,0.428439,0.34225,0,2445.118133,scenario_002,short
11387,2443,1.603592,0.143001,0.409904,1,2446.475235,scenario_002,short
11388,2443,11.061057,0.920581,0.745474,2,2450.224441,scenario_002,medium
11389,2445,1.983643,0.563316,0.998959,0,2455.005136,scenario_002,short
11390,2445,51.929094,0.705512,0.796197,0,2552.736406,scenario_002,long
11391,2446,37.869186,0.328207,0.588404,0,2523.389899,scenario_002,long
11392,2446,8.439986,0.355394,0.284593,0,2475.919951,scenario_002,medium
11393,2446,2.146586,0.529197,0.792544,0,2456.467416,scenario_002,short
11394,2448,2.554706,0.438615,0.408425,0,2459.089117,scenario_002,short
11395,2449,14.864736,0.452103,0.516541,1,2471.536548,scenario_002,medium
11396,2449,12.807029,0.123635,0.252712,0,2513.687179,scenario_002,medium
11397,2450,79.729496,0.690334,0.679097,0,2895.681399,scenario_002,long
11398,2450,2.15116,0.418129,0.458565,1,2453.74257,scenario_002,short
11399,2451,4.748331,0.552733,0.839605,0,2460.206389,scenario_002,medium
11400,2451,35.802434,0.776942,0.695767,2,2488.737592,scenario_002,long
11401,2452,9.663286,0.956061,0.781102,0,2501.627146,scenario_002,medium
11402,2452,7.674433,0.685057,0.997399,0,2487.952771,scenario_002,medium
11403,2453,12.020187,0.636569,0.601832,1,2476.692411,scenario_002,medium
11404,2453,44.19084,0.8587,0.584324,0,2622.109269,scenario_002,long
11405,2454,195.964354,0.904473,0.910277,0,3280.253229,scenario_002,long
11406,2454,1.910818,0.349989,0.345224,1,2457.143545,scenario_002,short
11407,2454,6.001185,0.562835,0.399102,0,2475.153517,scenario_002,medium
11408,2454,1.849027,0.554803,0.99022,0,2458.803018,scenario_002,short
11409,2454,6.305718,0.245332,0.240467,2,2466.551913,scenario_002,medium
11410,2455,6.477275,0.663902,0.736491,0,2470.433534,scenario_002,medium
11411,2455,1.962866,0.338524,0.353901,0,2458.971203,scenario_002,short
11412,2456,2.03621,0.316516,0.39159,2,2457.607255,scenario_002,short
11413,2456,2.317969,0.362178,0.364524,2,2460.475747,scenario_002,short
11414,2456,1.183568,0.181807,0.252995,0,2460.086314,scenario_002,short
11415,2457,12.606415,0.310212,0.363277,0,2476.482129,scenario_002,medium
11416,2458,1.45242,0.409196,0.388141,0,2463.796868,scenario_002,short
11417,2459,8.245775,0.338956,0.162758,2,2468.020473,scenario_002,medium
11418,2459,10.88019,1.0,1.0,1,2487.830723,scenario_002,medium
11419,2460,1.231848,0.152745,0.286778,0,2466.579401,scenario_002,short
11420,2461,1.657439,0.39151,0.920196,2,2463.946814,scenario_002,short
11421,2462,1.520386,0.430826,0.478133,0,2469.847464,scenario_002,short
11422,2462,15.260581,0.340025,0.383406,0,2530.046343,scenario_002,medium
11423,2463,2.0333,0.370019,0.382503,0,2471.286847,scenario_002,short
11424,2463,1.534074,0.744708,0.586401,1,2464.393736,scenario_002,short
11425,2463,2.223695,0.43744,0.425706,0,2472.555828,scenario_002,short
11426,2463,1.519062,0.346209,0.519676,1,2467.719001,scenario_002,short
11427,2464,1.291783,0.601315,0.503138,1,2468.208504,scenario_002,short
11428,2464,5.942138,0.381453,0.617017,0,2481.852289,scenario_002,medium
11429,2465,3.278303,0.371599,0.53665,0,2470.743068,scenario_002,short
11430,2465,8.977111,0.251471,0.645901,0,2481.186974,scenario_002,medium
11431,2465,25.362501,0.743988,0.725611,0,2525.568252,scenario_002,long
11432,2466,1.75997,0.320209,0.853533,0,2469.273604,scenario_002,short
11433,2466,1.011675,0.207964,0.134541,1,2468.706765,scenario_002,short
11434,2466,20.585886,0.736739,1.0,1,2509.553313,scenario_002,long
11435,2467,60.724945,0.29634,0.456072,0,2718.533101,scenario_002,long
11436,2467,1.873482,0.25635,0.333743,0,2475.145219,scenario_002,short
11437,2467,9.922664,0.394508,0.394847,0,2485.892972,scenario_002,medium
11438,2467,15.669608,0.769189,0.652652,0,2549.732647,scenario_002,medium
11439,2467,38.770825,0.314171,0.339048,0,2564.620525,scenario_002,long
11440,2467,1.492961,0.389808,0.282025,1,2470.309702,scenario_002,short
11441,2467,3.020282,0.778229,0.685162,0,2475.232524,scenario_002,short
11442,2468,153.98392,0.85378,0.674585,0,3120.261721,scenario_002,long
11443,2468,4.335439,0.603075,0.809083,0,2476.869468,scenario_002,medium
11444,2468,2.43414,0.254529,0.408914,2,2471.149441,scenario_002,short
11445,2468,1.322638,0.328279,0.751402,0,2474.676173,scenario_002,short
11446,2468,17.320531,0.134391,0.244669,0,2543.863166,scenario_002,medium
11447,2469,1.166904,0.445662,0.553163,2,2470.249401,scenario_002,short
11448,2469,5.575867,0.494821,0.520854,0,2480.637097,scenario_002,medium
11449,2470,18.982848,0.36895,0.532265,1,2518.703138,scenario_002,medium
11450,2470,10.574095,0.297467,0.175553,1,2481.996198,scenario_002,medium
11451,2470,1.187087,0.095874,0.602162,0,2475.085905,scenario_002,short
11452,2470,1.806712,0.528318,0.37426,0,2475.87701,scenario_002,short
11453,2470,2.047127,0.430486,0.254155,2,2474.528491,scenario_002,short
11454,2470,2.667615,0.052366,0.281463,0,2481.878508,scenario_002,short
11455,2470,10.914548,0.248653,0.36772,1,2503.320646,scenario_002,medium
11456,2470,4.670656,0.129466,0.550157,0,2485.133927,scenario_002,medium
11457,2471,1.712093,0.39757,0.477656,0,2480.475537,scenario_002,short
11458,2471,11.155551,0.915156,0.961094,1,2498.200111,scenario_002,long
11459,2471,2.423893,0.381675,0.510617,0,2474.710295,scenario_002,short
11460,2471,22.267418,0.403024,0.401156,1,2507.572624,scenario_002,long
11461,2472,6.842255,0.241086,0.295179,0,2506.594391,scenario_002,medium
11462,2473,7.558931,0.564462,0.463178,0,2505.727606,scenario_002,medium
11463,2474,5.855865,0.127952,0.446581,2,2483.710563,scenario_002,medium
11464,2474,2.324055,0.231494,0.344462,0,2482.306818,scenario_002,short
11465,2474,10.342732,0.293215,0.468572,1,2491.297267,scenario_002,medium
11466,2475,1.406498,0.201301,0.200465,0,2478.396354,scenario_002,short
11467,2476,1.7506,0.657515,0.803454,0,2478.938622,scenario_002,short
11468,2476,40.748812,0.321166,0.476605,0,2687.980846,scenario_002,long
11469,2477,8.845677,0.929543,0.771736,0,2495.416575,scenario_002,medium
11470,2478,13.101586,0.214849,0.478563,2,2488.252219,scenario_002,medium
11471,2478,28.552881,0.53552,0.396516,1,2553.369729,scenario_002,long
11472,2479,1.566383,0.220521,0.511207,2,2481.871327,scenario_002,short
11473,2479,1.25563,0.199999,0.402126,1,2481.792321,scenario_002,short
11474,2479,1.408094,0.219608,0.650695,1,2483.105123,scenario_002,short
11475,2479,11.290949,0.59619,0.721971,0,2539.245962,scenario_002,medium
11476,2480,10.897669,0.152096,0.431949,0,2535.080171,scenario_002,medium
11477,2480,13.98039,0.402211,0.58878,0,2558.927354,scenario_002,medium
11478,2480,2.501526,0.369515,0.518601,1,2482.788694,scenario_002,short
11479,2481,1.657885,0.545203,0.620744,0,2485.614404,scenario_002,short
11480,2481,2.245534,0.395538,0.433629,0,2491.404399,scenario_002,short
11481,2481,1.271673,0.374996,0.814993,0,2485.644246,scenario_002,short
11482,2482,18.387438,0.513834,0.493197,1,2537.973699,scenario_002,long
11483,2482,1.390426,0.369985,0.49233,2,2483.323723,scenario_002,short
11484,2482,1.509327,0.544517,0.946879,0,2489.230487,scenario_002,short
11485,2482,1.19374,0.092594,0.302411,1,2485.769201,scenario_002,short
11486,2483,5.191117,0.631054,0.443551,0,2503.021806,scenario_002,medium
11487,2484,52.381329,0.57507,0.765202,0,2736.40715,scenario_002,long
11488,2484,14.098774,0.313993,0.500058,0,2551.718308,scenario_002,medium
11489,2484,6.913504,0.282283,0.247523,2,2498.04094,scenario_002,medium
11490,2485,0.735335,0.419587,0.707647,0,2488.29051,scenario_002,short
11491,2485,1.766238,0.387098,0.323093,0,2491.734762,scenario_002,short
11492,2485,1.974556,0.151687,0.274922,0,2489.884415,scenario_002,short
11493,2485,1.396498,0.22351,0.315318,0,2492.785756,scenario_002,short
11494,2485,2.293213,0.269195,0.272674,0,2494.863136,scenario_002,short
11495,2486,1.672994,0.216091,0.401796,0,2494.717183,scenario_002,short
11496,2486,14.615041,0.492934,0.379861,0,2552.090213,scenario_002,medium
11497,2487,9.740368,0.904958,1.0,1,2502.533845,scenario_002,medium
11498,2487,38.151414,1.0,0.940332,0,2601.78115,scenario_002,long
11499,2487,2.207442,0.056079,0.355839,1,2492.314952,scenario_002,short
11500,2488,6.953492,0.123879,0.374148,0,2516.067671,scenario_002,medium
11501,2488,1.813496,0.054548,0.212665,0,2495.688204,scenario_002,short
11502,2488,1.353094,0.140945,0.34649,0,2492.040233,scenario_002,short
11503,2488,8.532956,0.794368,0.848721,0,2511.622979,scenario_002,medium
11504,2488,35.873064,0.27788,0.507099,0,2682.170398,scenario_002,long
11505,2489,28.426232,0.657931,0.519976,0,2578.414322,scenario_002,long
11506,2490,10.624795,0.479149,0.69415,1,2503.693485,scenario_002,medium
11507,2490,11.669057,0.413003,0.324102,1,2505.11826,scenario_002,medium
11508,2490,13.581058,0.882389,0.746512,0,2544.964658,scenario_002,long
11509,2491,5.954502,0.165425,0.258458,1,2502.252565,scenario_002,medium
11510,2492,2.343506,0.231848,0.412947,2,2495.067661,scenario_002,short
11511,2492,1.735368,0.218777,0.474849,2,2495.311896,scenario_002,short
11512,2493,1.277594,0.34455,0.361579,2,2494.09199,scenario_002,short
11513,2493,5.412575,0.297822,0.791953,2,2500.524485,scenario_002,medium
11514,2493,8.834609,0.467522,0.463198,0,2537.947627,scenario_002,medium
11515,2493,2.087523,0.277467,0.52892,1,2496.583657,scenario_002,short
11516,2493,1.1422,0.385459,0.436422,0,2495.526237,scenario_002,short
11517,2493,2.122994,0.062212,0.086466,1,2497.350126,scenario_002,short
11518,2493,2.444322,0.45446,0.509168,0,2506.682111,scenario_002,short
11519,2494,2.484099,0.154735,0.414545,0,2498.842067,scenario_002,short
11520,2495,1.893839,0.422655,0.451342,1,2497.988521,scenario_002,short
11521,2495,1.729017,0.298565,0.340646,0,2502.813032,scenario_002,short
11522,2495,12.904542,0.885503,0.756221,0,2543.128612,scenario_002,medium
11523,2495,27.494558,0.730018,0.72763,2,2520.84648,scenario_002,long
11524,2496,2.306401,0.326361,0.450363,0,2505.840488,scenario_002,short
11525,2496,1.521407,0.150264,0.264857,2,2497.603412,scenario_002,short
11526,2496,7.649084,0.237622,0.633037,1,2520.186536,scenario_002,medium
11527,2496,1.183549,0.849603,0.54529,0,2502.265432,scenario_002,short
11528,2496,1.57996,0.172456,0.225934,0,2498.890607,scenario_002,short
11529,2498,13.148523,0.715894,0.687517,1,2536.512549,scenario_002,medium
11530,2498,8.059439,0.349032,0.711638,0,2511.170963,scenario_002,medium
11531,2498,6.799084,0.557256,0.554715,0,2524.765508,scenario_002,medium
11532,2498,11.901623,0.527003,0.480852,1,2537.257889,scenario_002,medium
11533,2498,1.669348,0.215246,0.426973,0,2501.63991,scenario_002,short
11534,2499,177.364212,0.958471,1.0,0,3450.331933,scenario_002,long
11535,2499,7.39451,0.403565,0.372589,0,2533.055709,scenario_002,medium
11536,2499,15.055306,0.844984,0.740048,0,2575.737539,scenario_002,medium
11537,2499,10.608373,0.54986,0.728569,0,2555.076562,scenario_002,medium
11538,2500,6.27533,0.361344,0.780271,0,2531.089832,scenario_002,medium
11539,2500,1.153691,0.253405,0.283307,1,2502.016831,scenario_002,short
11540,2500,8.877928,0.492483,0.480411,0,2528.831558,scenario_002,medium
11541,2500,1.079835,0.073864,0.549228,2,2501.387754,scenario_002,short
11542,2500,1.66656,0.39552,0.458026,2,2502.843402,scenario_002,short
11543,2501,2.399188,0.414693,0.491244,2,2504.554511,scenario_002,short
11544,2501,1.431079,0.150179,0.169221,0,2504.048695,scenario_002,short
11545,2502,1.793563,0.524513,0.5382,0,2504.807294,scenario_002,short
11546,2502,7.346544,0.698568,0.718458,0,2538.330594,scenario_002,medium
11547,2502,1.031593,0.372829,0.383451,0,2504.896525,scenario_002,short
11548,2503,15.203878,0.463017,0.654138,2,2519.936846,scenario_002,medium
11549,2503,11.656325,0.25875,0.853863,2,2525.147099,scenario_002,medium
11550,2503,1.53332,0.317011,0.601147,0,2505.660598,scenario_002,short
11551,2504,1.55553,0.084677,0.281814,0,2511.393266,scenario_002,short
11552,2504,11.324413,0.985417,0.896736,0,2561.747818,scenario_002,medium
11553,2505,1.532852,0.093752,0.126882,2,2507.578348,scenario_002,short
11554,2505,10.800909,0.655908,0.475625,0,2539.340478,scenario_002,medium
11555,2506,5.867488,0.393144,0.460613,0,2537.536499,scenario_002,medium
11556,2506,1.336665,0.159856,0.107003,0,2512.002471,scenario_002,short
11557,2506,9.035789,1.0,0.77858,1,2523.656137,scenario_002,medium
11558,2507,74.430572,0.267213,0.325805,0,2744.930154,scenario_002,long
11559,2508,1.310258,0.360585,0.684488,0,2513.71839,scenario_002,short
11560,2508,15.418125,0.183702,0.161319,0,2557.749988,scenario_002,medium
11561,2508,1.841448,0.36669,0.533695,1,2512.268708,scenario_002,short
11562,2509,8.294848,0.310485,0.447639,0,2545.736129,scenario_002,medium
11563,2509,87.357907,0.935965,0.893824,1,2763.453112,scenario_002,long
11564,2509,10.178601,0.185053,0.340049,0,2560.686087,scenario_002,medium
11565,2510,1.830537,0.32525,0.276277,0,2517.183093,scenario_002,short
11566,2510,11.363618,0.498556,0.553171,1,2534.401637,scenario_002,medium
11567,2511,1.281677,0.440916,0.521008,1,2513.116037,scenario_002,short
11568,2511,6.005189,0.523655,0.516388,0,2529.066491,scenario_002,medium
11569,2512,5.217066,0.195292,0.228645,1,2518.606468,scenario_002,medium
11570,2512,2.359902,0.162605,0.158527,0,2522.50247,scenario_002,short
11571,2512,12.151495,0.89238,1.0,0,2574.198791,scenario_002,medium
11572,2513,34.533148,0.861632,1.0,0,2676.005782,scenario_002,long
11573,2513,45.962445,0.912975,0.697757,2,2608.241676,scenario_002,long
11574,2513,17.854073,0.784451,0.73796,0,2578.947146,scenario_002,long
11575,2513,8.284603,0.122588,0.167034,0,2530.818025,scenario_002,medium
11576,2513,44.895524,0.586169,0.416362,0,2694.775303,scenario_002,long
11577,2514,8.093636,0.687657,0.742998,0,2536.712827,scenario_002,medium
11578,2514,8.220817,0.811937,0.78868,0,2547.723436,scenario_002,medium
11579,2514,1.344026,0.431917,0.473568,0,2518.546155,scenario_002,short
11580,2515,72.196097,1.0,1.0,0,2629.071173,scenario_002,long
11581,2515,65.482766,0.488047,0.702753,1,2672.364146,scenario_002,long
11582,2515,10.26112,0.613697,0.560822,0,2570.080175,scenario_002,medium
11583,2516,1.769914,0.170124,0.161678,0,2521.432581,scenario_002,short
11584,2516,61.312303,0.778504,0.491912,0,2827.575779,scenario_002,long
11585,2516,8.806534,0.656212,0.818897,2,2527.733272,scenario_002,medium
11586,2518,1.84651,0.266891,0.35251,0,2525.039527,scenario_002,short
11587,2518,1.636658,0.372489,0.593533,0,2520.933901,scenario_002,short
11588,2518,6.288575,0.295132,0.167056,0,2534.237491,scenario_002,long
11589,2519,6.792913,1.0,1.0,0,2531.734314,scenario_002,medium
11590,2519,9.053411,0.586937,0.918288,0,2551.611877,scenario_002,medium
11591,2519,6.543269,0.650031,0.673032,0,2554.119732,scenario_002,medium
11592,2520,6.225125,0.410306,0.414606,0,2550.063032,scenario_002,medium
11593,2520,12.650732,0.399834,0.544771,1,2536.443701,scenario_002,medium
11594,2520,17.181656,0.667453,0.675686,1,2572.703386,scenario_002,medium
11595,2521,1.771228,0.258328,0.322077,0,2525.309202,scenario_002,short
11596,2521,1.645297,0.287983,0.439079,1,2525.357417,scenario_002,short
11597,2521,14.698711,0.634761,0.47911,1,2568.75566,scenario_002,medium
11598,2521,1.282684,0.207286,0.787906,1,2524.782541,scenario_002,short
11599,2521,1.731043,0.303255,0.800746,1,2523.28364,scenario_002,short
11600,2521,1.292984,0.344598,0.717382,0,2527.064434,scenario_002,short
11601,2521,28.10006,0.562872,0.602587,0,2596.147561,scenario_002,long
11602,2521,1.574062,0.646292,0.772569,0,2528.942316,scenario_002,short
11603,2522,12.174375,0.27459,0.588456,0,2550.437003,scenario_002,medium
11604,2523,4.228666,0.716165,0.822584,0,2542.661103,scenario_002,medium
11605,2523,6.463334,1.0,1.0,1,2530.154891,scenario_002,long
11606,2523,1.502198,0.442768,0.805824,2,2525.314536,scenario_002,short
11607,2524,10.814484,0.464151,0.532775,1,2533.842543,scenario_002,medium
11608,2525,8.049415,0.194727,0.372784,2,2531.66671,scenario_002,medium
11609,2525,6.15068,0.378509,0.361473,0,2554.490318,scenario_002,medium
11610,2526,8.376895,0.558716,0.630878,0,2567.583395,scenario_002,medium
11611,2526,1.302544,0.656776,0.997071,0,2533.224781,scenario_002,short
11612,2527,6.899019,0.613349,0.912832,0,2560.663139,scenario_002,medium
11613,2528,12.599272,0.257595,0.230718,0,2590.251395,scenario_002,medium
11614,2529,1.965411,0.259312,0.394372,0,2532.933559,scenario_002,short
11615,2529,1.845772,0.332296,0.177441,1,2532.604468,scenario_002,short
11616,2529,15.401123,0.576598,0.717901,0,2569.013612,scenario_002,medium
11617,2529,8.981353,0.305106,0.33064,0,2565.545098,scenario_002,medium
11618,2530,1.502481,0.356386,0.557535,0,2534.218087,scenario_002,short
11619,2530,1.854923,0.130973,0.091384,1,2532.471697,scenario_002,short
11620,2530,10.159469,0.620885,0.741892,0,2572.675088,scenario_002,medium
11621,2531,1.144671,0.70484,0.673021,0,2535.975373,scenario_002,short
11622,2531,1.816449,0.170782,0.140689,0,2540.210089,scenario_002,short
11623,2531,1.748511,0.445511,0.591871,0,2535.597813,scenario_002,short
11624,2531,50.505331,0.420548,0.296323,0,2692.797453,scenario_002,long
11625,2531,12.621463,0.244281,0.181586,2,2542.366846,scenario_002,medium
11626,2532,1.609121,0.216528,0.213657,2,2535.086241,scenario_002,short
11627,2532,6.713219,0.638679,0.75936,2,2541.737535,scenario_002,medium
11628,2533,1.916297,0.717101,0.884126,0,2543.324904,scenario_002,short
11629,2533,1.429337,0.250994,0.533736,0,2536.707201,scenario_002,short
11630,2534,1.020471,0.257135,0.523723,0,2536.869658,scenario_002,short
11631,2535,2.5145,0.219781,0.301068,0,2544.183289,scenario_002,short
11632,2535,2.057693,0.518951,0.494062,0,2541.790723,scenario_002,short
11633,2536,6.984711,0.658394,0.743208,2,2546.775016,scenario_002,medium
11634,2536,1.075185,0.735983,0.856482,0,2540.902021,scenario_002,short
11635,2537,1.640392,0.335429,0.508218,2,2539.240606,scenario_002,short
11636,2537,13.515795,0.702378,0.581445,0,2579.305158,scenario_002,medium
11637,2537,14.994533,0.184993,0.548205,0,2598.574057,scenario_002,medium
11638,2538,52.173163,1.0,0.690014,0,2776.921636,scenario_002,long
11639,2538,5.384345,0.430454,0.490725,2,2542.724834,scenario_002,medium
11640,2539,2.422254,0.273763,0.471095,1,2544.466339,scenario_002,short
11641,2539,12.582396,0.263567,0.280805,0,2572.385002,scenario_002,long
11642,2540,7.61876,0.67289,0.590814,0,2563.373147,scenario_002,medium
11643,2540,1.85973,0.154106,0.206296,0,2550.246585,scenario_002,short
11644,2540,19.55417,0.41723,0.465411,1,2586.441524,scenario_002,long
11645,2540,11.951172,0.664451,0.810036,0,2567.788521,scenario_002,medium
11646,2540,1.733061,0.260717,0.267321,1,2545.511313,scenario_002,short
11647,2540,1.672323,0.182572,0.551264,0,2545.273781,scenario_002,short
11648,2541,8.25879,0.179787,0.454941,2,2556.121818,scenario_002,medium
11649,2541,10.141304,0.605961,0.493873,2,2547.175822,scenario_002,medium
11650,2541,8.066123,0.482154,0.544524,0,2561.568496,scenario_002,medium
11651,2542,18.984842,0.93011,0.8166,2,2580.587301,scenario_002,medium
11652,2542,1.912991,0.379328,0.570653,0,2546.467074,scenario_002,short
11653,2542,1.655152,0.40974,0.438337,0,2546.899049,scenario_002,short
11654,2542,9.513152,0.987891,1.0,0,2576.489874,scenario_002,medium
11655,2542,8.502869,0.36162,0.699992,1,2561.61696,scenario_002,medium
11656,2543,8.105115,0.539265,0.595194,2,2552.741153,scenario_002,medium
11657,2543,6.13805,0.569704,0.567728,0,2559.162875,scenario_002,medium
11658,2543,1.423835,0.729472,1.0,2,2545.206115,scenario_002,short
11659,2544,4.325863,0.540467,0.829554,2,2552.720466,scenario_002,medium
11660,2545,6.054842,0.966305,0.88715,2,2556.59698,scenario_002,medium
11661,2545,18.431507,0.422631,0.762571,1,2585.219686,scenario_002,medium
11662,2546,2.058145,0.250028,0.723446,2,2549.404148,scenario_002,short
11663,2546,2.310202,0.428129,0.265795,0,2557.685573,scenario_002,short
11664,2547,7.583517,0.170116,0.206338,0,2574.325998,scenario_002,medium
11665,2548,117.43325,0.409811,0.677444,1,2707.232379,scenario_002,long
11666,2548,59.022931,0.528671,0.506309,0,2643.631043,scenario_002,long
11667,2548,20.477346,0.477487,0.509361,1,2582.422407,scenario_002,medium
11668,2549,12.023392,0.87337,1.0,0,2614.44573,scenario_002,medium
11669,2549,7.732867,0.523371,0.493021,0,2575.650956,scenario_002,medium
11670,2550,7.837243,0.927341,0.741873,0,2566.772771,scenario_002,medium
11671,2553,2.105459,0.34898,0.347609,2,2556.072742,scenario_002,short
11672,2554,1.724611,0.180018,0.369106,0,2563.143254,scenario_002,short
11673,2554,1.532117,0.058685,0.128716,1,2556.911959,scenario_002,short
11674,2555,1.839755,0.273311,0.408349,0,2558.586869,scenario_002,short
11675,2555,10.905491,0.711229,0.688537,0,2582.255039,scenario_002,medium
11676,2555,1.672058,0.408806,0.641271,2,2558.125908,scenario_002,short
11677,2555,1.88368,0.172473,0.39314,0,2564.120101,scenario_002,short
11678,2555,1.616064,0.057346,0.232014,0,2560.378443,scenario_002,short
11679,2555,17.922575,0.297553,0.357956,0,2655.930987,scenario_002,long
11680,2556,1.515296,0.453981,0.703222,0,2563.522038,scenario_002,short
11681,2556,2.855066,0.441468,0.610948,0,2563.06832,scenario_002,short
11682,2556,164.984402,0.392635,0.624646,0,2935.206003,scenario_002,long
11683,2556,9.869648,0.93751,0.925489,1,2585.068124,scenario_002,medium
11684,2556,1.730283,0.752426,0.707181,0,2564.175126,scenario_002,short
11685,2556,7.915685,0.862955,0.999302,2,2562.439427,scenario_002,medium
11686,2557,1.868052,0.185369,0.167865,0,2563.288446,scenario_002,short
11687,2557,1.630531,0.079573,0.416977,2,2560.475659,scenario_002,short
11688,2557,1.626805,0.076903,0.616631,0,2562.880291,scenario_002,short
11689,2557,1.908511,0.318434,0.239228,0,2560.953569,scenario_002,short
11690,2557,15.949002,0.482535,0.635423,0,2612.220581,scenario_002,long
11691,2557,1.728817,0.262058,0.185732,0,2566.289218,scenario_002,short
11692,2558,1.571188,0.321339,0.360513,0,2562.557117,scenario_002,short
11693,2558,1.934859,0.219885,0.296498,2,2560.071797,scenario_002,short
11694,2558,7.666949,0.983278,1.0,0,2583.266717,scenario_002,medium
11695,2558,9.045448,0.497129,0.722321,0,2591.851543,scenario_002,medium
11696,2558,8.532804,0.401392,0.241157,0,2598.049604,scenario_002,medium
11697,2558,80.023675,0.28225,0.40783,0,2694.962067,scenario_002,long
11698,2558,1.236809,0.12639,0.254727,0,2563.78371,scenario_002,short
11699,2559,15.237553,0.644186,0.665905,0,2611.043328,scenario_002,medium
11700,2559,11.759911,0.16197,0.546594,0,2620.924509,scenario_002,medium
11701,2559,13.951093,0.281676,0.424436,0,2618.816705,scenario_002,medium
11702,2559,14.314758,0.383682,0.429883,0,2632.910374,scenario_002,medium
11703,2559,7.546608,0.298101,0.38626,1,2578.150005,scenario_002,medium
11704,2559,2.739067,0.28242,0.557605,1,2562.914903,scenario_002,short
11705,2559,0.976083,0.0973,0.194542,2,2561.079053,scenario_002,short
11706,2559,5.429895,0.446474,0.383563,0,2571.779063,scenario_002,medium
11707,2559,2.035009,0.803499,1.0,0,2563.213557,scenario_002,short
11708,2560,12.839942,0.15979,0.211242,0,2610.365932,scenario_002,medium
11709,2560,8.446336,0.769857,0.54809,1,2574.84324,scenario_002,medium
11710,2560,18.442037,0.821351,0.879875,0,2661.979434,scenario_002,long
11711,2560,25.49286,1.0,1.0,2,2578.937255,scenario_002,long
11712,2560,1.580617,0.223893,0.59572,0,2568.863585,scenario_002,short
11713,2560,7.245046,0.546004,0.59682,1,2577.619963,scenario_002,medium
11714,2560,1.072085,0.208261,0.40548,1,2562.352779,scenario_002,short
11715,2561,7.50683,0.534976,0.531031,0,2592.417996,scenario_002,medium
11716,2561,1.885356,0.121553,0.336095,0,2566.05317,scenario_002,short
11717,2561,1.145738,0.224771,0.33034,0,2563.29153,scenario_002,short
11718,2562,1.184935,0.265762,0.515488,2,2564.395749,scenario_002,short
11719,2562,1.962337,0.398523,0.374308,2,2564.835797,scenario_002,short
11720,2562,12.725208,0.984732,1.0,0,2621.151577,scenario_002,medium
11721,2562,1.248548,0.331892,0.493196,0,2567.158742,scenario_002,short
11722,2562,9.552982,0.223383,0.224575,2,2568.685496,scenario_002,medium
11723,2562,67.126968,0.711338,0.822811,2,2661.221484,scenario_002,long
11724,2563,2.441458,0.28856,0.318282,1,2570.703933,scenario_002,short
11725,2563,2.874065,0.588491,0.784597,1,2570.364449,scenario_002,short
11726,2563,72.632252,0.956363,0.769812,0,2944.605463,scenario_002,long
11727,2563,10.391089,0.851971,0.534658,0,2580.639129,scenario_002,medium
11728,2563,54.180552,0.973201,0.686692,1,2641.424303,scenario_002,long
11729,2564,42.791265,0.380239,0.264178,0,2674.700294,scenario_002,long
11730,2564,8.566403,0.333708,0.242548,0,2603.699563,scenario_002,medium
11731,2564,15.38168,0.413032,0.626062,0,2607.783059,scenario_002,medium
11732,2564,2.037518,0.392897,0.658812,0,2567.927492,scenario_002,short
11733,2564,7.343383,0.234056,0.089925,0,2590.027658,scenario_002,medium
11734,2564,7.385695,0.15462,0.412892,0,2603.85022,scenario_002,medium
11735,2564,5.983119,0.897431,0.826601,0,2581.114481,scenario_002,medium
11736,2564,10.302842,0.294424,0.624352,0,2602.051192,scenario_002,medium
11737,2564,1.341279,0.262526,0.152486,0,2566.817574,scenario_002,short
11738,2564,9.101522,0.528468,0.608664,2,2579.821571,scenario_002,long
11739,2564,1.700175,0.530435,0.412022,1,2565.791817,scenario_002,short
11740,2565,1.426896,0.189124,0.440603,0,2569.968276,scenario_002,short
11741,2565,1.637889,0.614978,0.582099,0,2572.751028,scenario_002,short
11742,2565,41.74907,1.0,0.830657,0,2651.70035,scenario_002,long
11743,2565,29.540659,1.0,0.899537,2,2623.373505,scenario_002,long
11744,2565,1.511327,0.805224,0.935596,0,2567.50544,scenario_002,short
11745,2565,1.976216,0.365249,0.635812,0,2571.20534,scenario_002,short
11746,2566,5.89794,0.233411,0.274428,0,2581.428297,scenario_002,medium
11747,2566,1.499255,0.269164,0.158847,1,2567.934055,scenario_002,short
11748,2566,1.48878,0.07096,0.376118,2,2568.81934,scenario_002,short
11749,2566,40.743884,0.665067,0.846847,1,2675.455703,scenario_002,long
11750,2566,2.185431,0.422966,0.376866,0,2576.178145,scenario_002,short
11751,2566,2.028835,0.17558,0.05216,0,2571.843451,scenario_002,short
11752,2566,1.359986,0.094301,0.648351,0,2570.860902,scenario_002,short
11753,2566,2.102166,0.313874,0.409559,0,2569.759419,scenario_002,short
11754,2566,1.806686,0.394023,0.278118,0,2569.939117,scenario_002,short
11755,2566,1.448305,0.315201,0.191857,1,2567.784364,scenario_002,short
11756,2567,1.823117,0.252322,0.431226,0,2572.006263,scenario_002,short
11757,2567,8.589006,0.382669,0.475229,2,2578.807557,scenario_002,medium
11758,2567,1.475157,0.49492,0.633486,0,2570.168886,scenario_002,short
11759,2568,1.133656,0.176428,0.304727,0,2571.537973,scenario_002,short
11760,2568,1.842616,0.695832,0.785276,0,2572.510157,scenario_002,short
11761,2568,1.660485,0.379965,0.387226,0,2572.579841,scenario_002,short
11762,2568,16.58196,0.626738,0.557574,0,2609.183334,scenario_002,long
11763,2569,1.28013,0.066718,0.12332,0,2573.076803,scenario_002,short
11764,2570,1.810155,0.096319,0.385637,2,2571.981615,scenario_002,short
11765,2570,1.096579,0.271432,0.415572,0,2573.268343,scenario_002,short
11766,2571,2.720039,0.570793,0.683768,0,2582.945669,scenario_002,short
11767,2571,8.832342,0.656525,0.51672,0,2611.948535,scenario_002,medium
11768,2572,13.86154,0.320812,0.292546,0,2622.213478,scenario_002,medium
11769,2572,2.314891,0.099326,0.05,1,2579.321882,scenario_002,short
11770,2572,6.110663,0.158287,0.297014,0,2585.569186,scenario_002,medium
11771,2573,9.248647,0.197465,0.276658,2,2590.934394,scenario_002,medium
11772,2573,14.639357,0.537377,0.579668,0,2606.864168,scenario_002,medium
11773,2573,2.018807,0.375005,0.730948,0,2580.637142,scenario_002,short
11774,2575,13.21294,0.541495,0.741066,0,2600.42265,scenario_002,medium
11775,2575,12.742167,0.265668,0.484839,1,2591.940218,scenario_002,medium
11776,2575,52.766387,0.563991,0.756688,0,2864.967265,scenario_002,long
11777,2576,1.395121,0.2734,0.549341,0,2581.022148,scenario_002,short
11778,2576,12.01456,0.347529,0.468896,0,2601.960871,scenario_002,medium
11779,2577,21.923198,0.907281,0.681276,0,2652.05728,scenario_002,long
11780,2577,57.067492,0.357873,0.41616,0,2790.951885,scenario_002,long
11781,2578,1.157739,0.551564,0.602156,0,2581.183093,scenario_002,short
11782,2578,21.385161,0.313096,0.4973,0,2636.38816,scenario_002,medium
11783,2578,9.01477,0.203462,0.205743,0,2606.996508,scenario_002,medium
11784,2579,2.579165,0.068012,0.43488,2,2582.49792,scenario_002,short
11785,2579,13.927009,0.68626,0.818955,1,2595.819729,scenario_002,medium
11786,2579,20.495887,0.194658,0.097928,0,2661.056187,scenario_002,medium
11787,2579,1.542369,0.191428,0.381346,0,2587.084268,scenario_002,short
11788,2580,1.141125,0.369752,0.57882,2,2581.736967,scenario_002,short
11789,2580,232.710324,1.0,0.770686,0,3458.392243,scenario_002,long
11790,2580,11.181757,1.0,0.971148,0,2597.217831,scenario_002,long
11791,2580,5.621281,0.741742,0.902473,0,2600.969906,scenario_002,medium
11792,2581,2.147737,0.251379,0.285932,0,2591.570746,scenario_002,short
11793,2582,2.491045,0.414479,0.600166,0,2595.340156,scenario_002,short
11794,2582,24.107636,0.433453,0.517721,0,2672.502003,scenario_002,medium
11795,2582,5.883958,0.442792,0.541281,0,2600.039628,scenario_002,medium
11796,2582,1.289853,0.099805,0.220022,2,2583.579094,scenario_002,short
11797,2582,2.018811,0.545963,0.674105,1,2584.90343,scenario_002,short
11798,2583,2.180558,0.60898,0.578842,0,2591.289149,scenario_002,short
11799,2583,10.511328,0.306412,0.33196,0,2640.943883,scenario_002,medium
11800,2584,2.005812,0.408959,0.641721,2,2587.420529,scenario_002,short
11801,2584,2.023406,0.639215,0.845898,2,2588.061329,scenario_002,short
11802,2584,35.516203,0.424127,0.826585,2,2630.576323,scenario_002,long
11803,2584,2.592164,0.075966,0.574405,0,2595.278408,scenario_002,short
11804,2584,2.673674,0.452376,0.327963,0,2596.164148,scenario_002,short
11805,2585,2.506707,0.425177,0.566144,0,2597.109632,scenario_002,short
11806,2585,2.186433,0.589102,0.667872,0,2588.679315,scenario_002,short
11807,2585,1.727666,0.369017,0.364554,0,2587.905835,scenario_002,short
11808,2585,4.367792,0.614849,0.476271,1,2589.111865,scenario_002,medium
11809,2586,10.332061,0.602449,0.545755,0,2605.529783,scenario_002,medium
11810,2586,40.632491,0.605593,0.910325,0,2696.725345,scenario_002,long
11811,2586,12.170242,0.337445,0.386041,0,2606.010726,scenario_002,medium
11812,2586,14.315058,0.12079,0.399005,0,2636.978783,scenario_002,medium
11813,2586,5.036657,0.410913,0.633892,0,2602.564703,scenario_002,medium
11814,2586,9.352824,0.268939,0.174655,0,2637.422918,scenario_002,medium
11815,2587,144.734751,0.682639,0.692207,1,2859.532173,scenario_002,long
11816,2587,1.24709,0.18005,0.273538,2,2589.047984,scenario_002,short
11817,2588,28.452801,0.667219,0.784253,2,2615.307069,scenario_002,long
11818,2589,9.718881,0.552256,0.69859,2,2607.067225,scenario_002,medium
11819,2589,0.932322,0.20189,0.198327,2,2590.492957,scenario_002,short
11820,2589,1.542476,0.56202,0.584779,0,2592.858597,scenario_002,short
11821,2590,122.578703,0.870085,0.915958,0,2948.844649,scenario_002,long
11822,2591,6.358674,0.592851,0.403338,1,2605.27372,scenario_002,medium
11823,2591,6.617565,0.261112,0.215317,0,2603.156304,scenario_002,medium
11824,2592,6.564624,0.655543,0.672803,0,2616.312236,scenario_002,medium
11825,2592,1.864317,0.781871,0.887069,0,2601.748292,scenario_002,short
11826,2592,1.938809,0.077552,0.246763,1,2595.868792,scenario_002,short
11827,2592,25.004628,0.782692,0.995415,0,2658.712364,scenario_002,long
11828,2592,9.516611,0.286074,0.371434,2,2609.597501,scenario_002,medium
11829,2592,10.068799,0.141993,0.703042,1,2616.496073,scenario_002,medium
11830,2592,10.329775,0.386607,0.519738,0,2614.755337,scenario_002,medium
11831,2592,1.329296,0.434374,0.602524,0,2596.543138,scenario_002,short
11832,2592,7.118696,0.465688,0.474002,0,2616.882064,scenario_002,medium
11833,2593,7.973247,0.659447,0.64061,0,2634.018989,scenario_002,medium
11834,2593,5.530479,0.184219,0.633014,0,2623.167261,scenario_002,medium
11835,2593,1.833036,0.566514,0.586734,1,2597.832849,scenario_002,short
11836,2593,11.575545,0.926136,0.806512,1,2618.868138,scenario_002,long
11837,2594,6.677724,0.583222,0.646738,0,2613.26317,scenario_002,medium
11838,2594,42.114669,1.0,0.736298,0,2809.060649,scenario_002,long
11839,2595,10.702948,0.484156,0.869559,0,2640.705084,scenario_002,medium
11840,2596,7.988125,0.550758,0.523856,1,2607.770905,scenario_002,medium
11841,2596,2.178455,0.208132,0.452841,0,2601.522181,scenario_002,short
11842,2596,2.748934,0.180855,0.065779,0,2610.517356,scenario_002,short
11843,2596,9.237226,0.516319,0.920379,0,2631.955695,scenario_002,medium
11844,2597,17.408898,0.805492,0.79633,0,2675.825241,scenario_002,long
11845,2597,1.353374,0.639177,0.60373,0,2601.699297,scenario_002,short
11846,2597,1.853744,0.13971,0.610818,0,2604.991895,scenario_002,short
11847,2598,2.034792,0.210364,0.19133,0,2603.146904,scenario_002,short
11848,2598,1.422739,0.475401,0.950977,2,2599.248696,scenario_002,short
11849,2598,2.124985,0.349535,0.481344,1,2603.399139,scenario_002,short
11850,2598,1.028161,0.422811,0.655007,2,2600.09839,scenario_002,short
11851,2598,2.726312,0.341969,0.499841,1,2602.919772,scenario_002,short
11852,2598,4.957771,0.281935,0.454423,0,2611.112538,scenario_002,medium
11853,2599,2.088092,0.589904,0.646367,0,2609.279976,scenario_002,short
11854,2599,1.033229,0.399313,0.770193,1,2600.00906,scenario_002,short
11855,2600,2.310325,0.109964,0.054985,0,2611.805081,scenario_002,short
11856,2601,1.570116,0.550822,0.637045,0,2606.043519,scenario_002,short
11857,2601,2.133428,0.369291,0.564391,1,2605.198223,scenario_002,short
11858,2601,14.377981,0.643484,0.712549,1,2621.172706,scenario_002,medium
11859,2601,7.434931,0.633565,0.841531,0,2639.136057,scenario_002,medium
11860,2601,3.281703,0.413031,0.521583,2,2608.164098,scenario_002,short
11861,2601,2.19274,0.105858,0.151095,0,2605.444544,scenario_002,short
11862,2601,4.533576,0.818696,0.744519,0,2625.08192,scenario_002,medium
11863,2601,5.063702,0.408966,0.401953,0,2621.98961,scenario_002,medium
11864,2601,2.039973,0.256784,0.273827,0,2610.465155,scenario_002,short
11865,2602,13.829405,0.803312,0.899725,1,2647.442302,scenario_002,medium
11866,2602,1.919194,0.089354,0.358853,0,2612.217437,scenario_002,short
11867,2602,16.197045,0.120742,0.714451,1,2621.922215,scenario_002,medium
11868,2602,10.135051,0.91983,0.807254,0,2642.101483,scenario_002,medium
11869,2603,3.467946,0.441633,0.734212,0,2622.225794,scenario_002,short
11870,2603,7.440619,0.228552,0.308568,1,2627.167711,scenario_002,medium
11871,2603,1.567271,0.428302,0.637621,2,2604.557354,scenario_002,short
11872,2603,2.119526,0.403283,0.390314,0,2613.845931,scenario_002,short
11873,2603,67.68295,0.411708,0.467714,0,2715.415422,scenario_002,long
11874,2603,11.289358,0.575491,0.529281,1,2631.503405,scenario_002,medium
11875,2603,15.344545,0.177141,0.478591,1,2648.352214,scenario_002,medium
11876,2603,1.623745,0.64245,0.644686,0,2608.17757,scenario_002,short
11877,2604,1.946516,0.195098,0.636601,1,2610.03532,scenario_002,short
11878,2605,9.392806,0.832899,0.691141,0,2657.430989,scenario_002,medium
11879,2605,1.379739,0.333793,0.439048,2,2607.475469,scenario_002,short
11880,2606,13.594709,0.666488,0.593244,0,2638.00772,scenario_002,medium
11881,2606,14.906427,0.260652,0.349236,0,2648.282637,scenario_002,medium
11882,2607,6.262384,0.665761,0.608952,0,2619.03296,scenario_002,medium
11883,2607,1.21922,0.218783,0.090881,0,2613.388244,scenario_002,short
11884,2607,1.265953,0.260581,0.327369,0,2610.493798,scenario_002,short
11885,2609,7.356648,0.281202,0.71858,0,2648.798212,scenario_002,medium
11886,2609,2.39433,0.088287,0.199468,1,2615.658093,scenario_002,short
11887,2610,1.599885,0.493187,0.476493,1,2613.217564,scenario_002,short
11888,2610,38.55789,1.0,1.0,1,2690.356477,scenario_002,long
11889,2611,9.009993,0.666075,1.0,1,2636.197541,scenario_002,medium
11890,2611,2.652278,0.253262,0.448311,0,2623.341558,scenario_002,short
11891,2612,2.598126,0.408288,0.368595,0,2625.116226,scenario_002,short
11892,2612,6.870868,0.286627,0.165049,2,2624.222414,scenario_002,medium
11893,2612,10.423613,0.58895,0.521095,0,2629.827075,scenario_002,medium
11894,2612,1.552058,0.651171,0.602905,0,2619.204245,scenario_002,short
11895,2613,11.443061,0.940339,1.0,0,2637.401635,scenario_002,long
11896,2613,9.547208,0.76199,0.545947,0,2641.933694,scenario_002,long
11897,2613,1.855354,0.240188,0.396846,0,2620.232299,scenario_002,short
11898,2614,9.181707,0.498452,0.284466,0,2635.926611,scenario_002,medium
11899,2614,1.643611,0.334447,0.473446,0,2619.553579,scenario_002,short
11900,2614,12.271095,0.377634,0.233657,0,2672.841138,scenario_002,medium
11901,2615,0.972066,0.111046,0.237436,0,2619.996989,scenario_002,short
11902,2615,1.559508,0.250305,0.484804,0,2618.681164,scenario_002,short
11903,2616,10.72594,0.301676,0.159279,1,2630.046299,scenario_002,medium
11904,2616,16.599399,0.669729,0.56563,2,2637.719096,scenario_002,medium
11905,2616,5.945049,0.703933,0.617087,2,2628.174658,scenario_002,medium
11906,2616,1.953874,0.452141,0.317322,2,2618.721808,scenario_002,short
11907,2617,2.635324,0.237029,0.722624,2,2619.645063,scenario_002,short
11908,2617,67.551043,1.0,1.0,1,2782.832796,scenario_002,long
11909,2619,11.219919,0.520042,0.346467,0,2672.461777,scenario_002,medium
11910,2619,1.388757,0.405091,0.879315,1,2620.914018,scenario_002,short
11911,2619,14.080448,0.461967,0.42387,0,2642.128809,scenario_002,medium
11912,2620,16.381623,0.159331,0.372059,0,2709.509574,scenario_002,medium
11913,2620,63.052854,0.396356,0.424773,0,2860.344779,scenario_002,long
11914,2620,12.26385,0.42462,0.331868,0,2639.380301,scenario_002,medium
11915,2620,1.800498,0.050324,0.498904,0,2630.134126,scenario_002,short
11916,2620,1.931884,0.270546,0.619529,0,2630.869853,scenario_002,short
11917,2620,1.475842,0.342358,0.369467,0,2624.501697,scenario_002,short
11918,2620,1.583333,0.111259,0.341567,0,2626.12648,scenario_002,short
11919,2620,35.347593,0.732891,0.660402,2,2694.746038,scenario_002,long
11920,2620,2.059428,0.20334,0.278899,0,2627.103154,scenario_002,short
11921,2620,1.908694,0.60501,0.668222,0,2624.893998,scenario_002,short
11922,2621,5.151109,0.154336,0.615008,0,2635.080208,scenario_002,medium
11923,2622,0.963449,0.235971,0.218043,0,2624.069774,scenario_002,short
11924,2622,1.870058,0.405427,0.307278,2,2624.417145,scenario_002,short
11925,2622,7.472908,0.80183,0.627546,0,2641.312337,scenario_002,medium
11926,2623,46.22414,0.863052,0.59205,0,2870.746816,scenario_002,long
11927,2623,1.758796,0.250656,0.708559,2,2626.060042,scenario_002,short
11928,2623,1.142796,0.05747,0.196911,1,2626.480342,scenario_002,short
11929,2623,1.57724,0.525194,0.967014,2,2626.371718,scenario_002,short
11930,2624,1.4378,0.239982,0.589215,1,2628.092502,scenario_002,short
11931,2625,8.124332,0.512752,1.0,1,2642.117457,scenario_002,medium
11932,2625,1.749242,0.276824,0.576485,0,2630.283618,scenario_002,short
11933,2625,2.08248,0.394474,0.398132,1,2630.946737,scenario_002,short
11934,2626,1.767495,0.233876,0.578112,0,2634.072858,scenario_002,short
11935,2626,7.820877,0.164851,0.287516,0,2644.559485,scenario_002,medium
11936,2627,2.193687,0.103561,0.352142,0,2632.02414,scenario_002,short
11937,2627,7.974501,0.451474,0.432207,0,2660.963775,scenario_002,medium
11938,2627,4.328166,0.354064,0.663811,1,2638.704449,scenario_002,medium
11939,2628,9.315553,0.382897,0.833041,0,2666.909213,scenario_002,medium
11940,2628,31.695179,0.790035,0.567529,1,2672.756667,scenario_002,long
11941,2628,18.034781,0.936186,0.968365,0,2686.553168,scenario_002,medium
11942,2629,1.53851,0.318748,0.548283,2,2631.675139,scenario_002,short
11943,2629,2.389115,0.695969,0.962182,0,2637.384976,scenario_002,short
11944,2629,1.541627,0.388803,0.485284,1,2631.285489,scenario_002,short
11945,2630,11.616864,0.655705,0.731432,0,2660.362613,scenario_002,medium
11946,2630,7.428923,0.266987,0.562372,1,2646.010072,scenario_002,medium
11947,2632,8.323163,0.569234,0.702015,1,2650.424808,scenario_002,medium
11948,2632,1.402757,0.381211,0.489414,1,2635.156431,scenario_002,short
11949,2632,2.289831,0.729227,0.76265,0,2644.02438,scenario_002,short
11950,2633,10.442498,0.35894,0.256688,0,2659.485411,scenario_002,medium
11951,2633,10.680707,0.633067,0.950202,1,2653.012809,scenario_002,medium
11952,2634,59.174825,0.610734,0.44389,1,2759.851992,scenario_002,long
11953,2635,7.105874,0.826167,0.76833,2,2642.072788,scenario_002,medium
11954,2635,45.367891,0.897849,0.677519,2,2711.189642,scenario_002,long
11955,2636,2.614572,0.323253,0.272927,1,2643.229075,scenario_002,short
11956,2637,7.238025,0.304559,0.214761,0,2651.663844,scenario_002,medium
11957,2637,1.210676,0.773271,0.692961,0,2640.945378,scenario_002,short
11958,2638,6.677996,0.417068,0.873778,0,2664.772221,scenario_002,medium
11959,2639,13.44962,0.887503,0.522699,0,2684.292456,scenario_002,medium
11960,2639,35.106098,1.0,0.804095,0,2699.412669,scenario_002,long
11961,2639,17.980689,0.283459,0.206022,0,2678.437532,scenario_002,long
11962,2640,13.365832,0.560346,0.816374,1,2673.280125,scenario_002,medium
11963,2641,1.376355,0.422082,0.431467,0,2648.16118,scenario_002,short
11964,2641,2.122874,0.550802,0.89777,1,2643.035579,scenario_002,short
11965,2642,2.30106,0.121193,0.177583,2,2643.753265,scenario_002,short
11966,2642,12.22003,0.578455,0.61337,0,2706.64411,scenario_002,medium
11967,2643,2.148621,0.158905,0.401062,0,2647.598556,scenario_002,short
11968,2643,1.441558,0.323281,0.658453,0,2650.834631,scenario_002,short
11969,2643,31.078568,0.847762,0.632106,2,2684.703004,scenario_002,long
11970,2644,2.601188,0.247335,0.165962,0,2657.492822,scenario_002,short
11971,2644,0.981044,0.122017,0.158967,1,2645.0,scenario_002,short
11972,2644,1.475517,0.360792,0.332796,0,2651.052284,scenario_002,short
11973,2645,2.032934,0.191525,0.283345,0,2650.588345,scenario_002,short
11974,2646,1.493308,0.301299,0.253526,2,2648.18673,scenario_002,short
11975,2646,2.571089,0.317062,0.195997,0,2660.134627,scenario_002,short
11976,2646,5.045325,0.675527,0.725336,0,2655.503297,scenario_002,medium
11977,2647,10.310762,0.654494,0.738973,0,2675.742725,scenario_002,medium
11978,2647,5.786734,0.455126,0.550779,1,2662.261966,scenario_002,medium
11979,2647,1.516917,0.254439,0.285269,0,2652.26417,scenario_002,short
11980,2648,1.17488,0.365383,0.645405,0,2651.123306,scenario_002,short
11981,2648,1.951127,0.189484,0.289026,1,2650.592615,scenario_002,short
11982,2648,17.043609,0.36254,0.343947,0,2737.678502,scenario_002,long
11983,2648,8.89556,0.962557,1.0,0,2679.342195,scenario_002,medium
11984,2649,25.783395,0.536722,0.843085,0,2719.055332,scenario_002,long
11985,2649,1.766276,0.235642,0.323698,0,2654.51131,scenario_002,short
11986,2650,2.082828,0.242594,0.284297,0,2660.119393,scenario_002,short
11987,2651,6.958913,0.442931,0.444819,0,2671.592342,scenario_002,medium
11988,2652,6.979286,0.827859,0.874909,1,2668.235969,scenario_002,medium
11989,2652,1.85406,0.156134,0.370053,0,2655.275702,scenario_002,short
11990,2652,1.695373,0.757634,0.603295,0,2660.423207,scenario_002,short
11991,2652,1.676952,0.284368,0.398202,0,2658.885567,scenario_002,short
11992,2652,2.718624,0.218642,0.219726,0,2667.200478,scenario_002,short
11993,2652,1.931619,0.249748,0.531572,0,2655.164933,scenario_002,short
11994,2654,1.525282,0.075032,0.338089,0,2662.086802,scenario_002,short
11995,2654,1.706153,0.403479,0.563777,2,2656.696748,scenario_002,short
11996,2655,29.229947,0.301203,0.328553,1,2686.907506,scenario_002,long
11997,2655,1.508945,0.258707,0.418814,0,2657.306148,scenario_002,short
11998,2655,1.663469,0.305031,0.414916,0,2663.396078,scenario_002,short
11999,2656,11.748721,0.373551,0.23933,0,2685.253804,scenario_002,medium
