job_id,arrival_time,runtime,cpu_demand,mem_demand,priority,deadline_time,scenario_id,job_class
0,0,2.00786,0.138176,0.213065,2,2.951822,scenario_000,short
1,0,2.296102,0.498972,0.608058,1,7.194423,scenario_000,short
2,0,1.989737,0.297408,0.63898,0,5.360657,scenario_000,short
3,0,1.445214,0.596819,0.442129,1,3.797115,scenario_000,short
4,0,1.966746,0.201782,0.345007,2,3.66849,scenario_000,short
5,0,1.376375,0.592824,0.630623,0,5.982825,scenario_000,short
6,0,1.580791,0.620694,1.0,1,3.01462,scenario_000,short
7,0,1.201603,0.366832,0.265585,1,3.761603,scenario_000,short
8,0,14.948067,0.280095,0.229191,2,29.235466,scenario_000,medium
9,1,1.645596,0.401204,0.661365,2,3.103114,scenario_000,short
10,1,1.821279,0.398973,0.366442,0,6.743069,scenario_000,short
11,1,21.784089,0.894356,0.972033,0,83.466629,scenario_000,long
12,1,1.439528,0.550669,0.677924,2,3.726206,scenario_000,short
13,1,1.363643,0.219431,0.409615,0,5.545417,scenario_000,short
14,1,2.12492,0.126084,0.54596,0,10.012798,scenario_000,short
15,1,1.394333,0.135499,0.097991,0,6.700702,scenario_000,short
16,1,0.906452,0.448169,0.446061,2,2.528992,scenario_000,short
17,1,1.958793,0.283671,0.365145,0,6.688487,scenario_000,short
18,1,1.934183,0.097955,0.173445,0,8.140489,scenario_000,short
19,1,2.17698,0.635423,0.602383,2,3.67199,scenario_000,short
20,1,1.450756,0.15608,0.454621,0,7.074064,scenario_000,short
21,2,1.96628,0.625828,1.0,0,7.000648,scenario_000,short
22,2,13.151951,0.564739,0.787042,2,23.783969,scenario_000,medium
23,2,12.447079,0.621213,0.760347,0,39.717131,scenario_000,medium
24,2,1.619738,0.111821,0.441809,2,3.917899,scenario_000,short
25,2,15.241578,1.0,0.895235,1,35.605985,scenario_000,medium
26,2,8.833176,0.638612,0.580716,2,16.555565,scenario_000,medium
27,2,9.959728,0.380738,0.396929,0,38.628968,scenario_000,medium
28,2,2.504349,0.337772,0.720446,0,9.90791,scenario_000,short
29,2,14.239842,0.305571,0.547623,2,27.286779,scenario_000,medium
30,2,12.985727,0.720491,0.665257,1,33.104438,scenario_000,medium
31,2,1.604988,0.589609,0.607336,2,4.957535,scenario_000,short
32,2,9.473647,0.453439,0.465593,1,21.429843,scenario_000,medium
33,3,2.255108,0.370567,0.568956,2,6.872335,scenario_000,short
34,3,11.92886,0.448723,0.74185,1,36.939579,scenario_000,medium
35,3,1.895374,0.348922,0.567738,2,6.415776,scenario_000,short
36,3,1.64701,0.521346,0.65178,2,6.056559,scenario_000,short
37,3,1.336576,0.35139,0.503584,1,6.500763,scenario_000,short
38,3,1.475304,0.431395,0.351774,0,8.559127,scenario_000,short
39,3,1.621861,0.060841,0.329955,0,8.162819,scenario_000,short
40,3,8.667411,0.839631,0.630081,0,36.138401,scenario_000,medium
41,3,17.183982,0.894862,0.606341,1,38.80527,scenario_000,medium
42,3,14.298448,0.484348,0.468533,0,39.990371,scenario_000,medium
43,3,1.551282,0.080399,0.145441,2,5.646549,scenario_000,short
44,4,8.715404,0.693374,1.0,0,41.293511,scenario_000,medium
45,4,15.30297,0.574899,0.597888,0,49.524764,scenario_000,medium
46,4,8.798775,0.403956,0.477257,2,16.382194,scenario_000,medium
47,4,1.490513,0.097822,0.485352,2,7.051323,scenario_000,short
48,4,1.623093,0.372507,0.686505,1,8.463658,scenario_000,short
49,4,2.32585,0.399088,0.575145,2,7.709255,scenario_000,short
50,4,10.968915,0.734967,0.645214,0,48.419964,scenario_000,medium
51,4,2.042673,0.259029,0.405547,0,11.692069,scenario_000,short
52,4,1.546815,0.557625,0.314362,1,7.380601,scenario_000,short
53,4,2.302618,0.231613,0.498371,1,11.088579,scenario_000,short
54,4,1.861576,0.413365,0.249263,2,7.12325,scenario_000,short
55,4,1.13251,0.329893,0.543903,0,7.594942,scenario_000,short
56,4,2.384803,0.430315,0.787432,1,10.406249,scenario_000,short
57,4,7.284137,0.500871,0.360959,1,25.65527,scenario_000,medium
58,4,1.96544,0.428077,0.458275,0,12.759862,scenario_000,short
59,4,2.807501,0.313064,0.274865,2,8.853347,scenario_000,short
60,4,7.800117,0.676604,0.596178,1,20.483951,scenario_000,medium
61,4,1.852629,0.087284,0.671771,1,9.14431,scenario_000,short
62,4,1.065234,0.779914,0.777366,2,6.071964,scenario_000,short
63,4,2.136295,0.423699,0.486826,1,10.77027,scenario_000,short
64,4,1.3369,0.18805,0.284736,0,9.236751,scenario_000,short
65,4,1.140806,0.067459,0.327496,1,7.332894,scenario_000,short
66,4,18.323885,0.626718,0.787376,1,48.266974,scenario_000,long
67,4,9.97382,0.212617,0.389165,1,33.568788,scenario_000,medium
68,4,16.785454,0.309997,0.697512,1,55.376572,scenario_000,medium
69,4,24.263213,0.323832,0.467958,2,33.196105,scenario_000,long
70,5,1.413224,0.188226,0.664507,0,9.660523,scenario_000,short
71,5,1.412568,0.279925,0.408985,0,10.165204,scenario_000,short
72,5,13.747608,0.483844,0.553252,1,36.21258,scenario_000,medium
73,5,14.788974,0.552557,0.666788,1,37.68497,scenario_000,medium
74,5,1.984006,0.472924,0.311924,2,8.259654,scenario_000,short
75,5,15.440508,0.614814,0.731168,0,73.594646,scenario_000,medium
76,5,1.398236,0.055567,0.218158,1,9.088227,scenario_000,short
77,5,8.540753,0.135015,0.527795,2,21.963735,scenario_000,medium
78,5,1.70665,0.751661,0.934977,1,9.801912,scenario_000,short
79,5,9.651557,0.212714,0.190664,2,16.497614,scenario_000,medium
80,5,1.158804,0.7636,0.822521,0,8.374396,scenario_000,short
81,5,2.252918,0.315107,0.286047,0,11.275469,scenario_000,short
82,5,1.545011,0.634767,0.592331,0,9.316048,scenario_000,short
83,5,1.24141,0.457808,0.526993,2,7.034228,scenario_000,short
84,6,1.854265,0.160006,0.234748,1,10.471265,scenario_000,short
85,6,2.588419,0.357585,0.551352,0,14.696455,scenario_000,short
86,6,1.636807,0.630467,0.737503,2,9.106158,scenario_000,short
87,6,1.911335,0.470258,0.590478,2,9.898589,scenario_000,short
88,6,1.557746,0.135096,0.0774,0,12.302614,scenario_000,short
89,6,1.999263,0.060502,0.551155,0,12.415565,scenario_000,short
90,6,2.440557,0.568607,0.743628,0,13.97772,scenario_000,short
91,6,17.42782,0.410327,0.831919,1,47.741688,scenario_000,medium
92,6,1.976896,0.591587,0.857999,1,9.541317,scenario_000,short
93,6,1.567523,0.35414,0.391468,2,8.531907,scenario_000,short
94,6,19.889868,0.46404,0.59798,2,40.25239,scenario_000,medium
95,6,15.541184,0.473323,0.414344,0,50.588437,scenario_000,medium
96,6,1.323979,0.794214,1.0,0,10.936863,scenario_000,short
97,6,13.178114,0.583709,0.698052,2,28.053166,scenario_000,medium
98,6,20.690607,0.713402,0.761028,1,51.770531,scenario_000,medium
99,6,2.505096,0.252827,0.414809,0,16.369721,scenario_000,short
100,6,9.494023,0.436392,0.531657,1,25.182933,scenario_000,medium
101,6,1.703836,0.552312,0.464089,1,10.903146,scenario_000,short
102,7,21.106308,0.617375,0.647498,0,75.648838,scenario_000,medium
103,7,1.525898,0.429067,0.65666,0,13.198738,scenario_000,short
104,7,7.605043,0.439191,0.618013,0,32.877568,scenario_000,medium
105,7,1.935776,0.614814,0.583693,2,10.071872,scenario_000,short
106,7,20.469355,0.620928,0.795531,0,69.045417,scenario_000,medium
107,7,19.721758,0.181554,0.322239,0,92.365665,scenario_000,medium
108,7,1.149427,0.138815,0.369808,0,12.178328,scenario_000,short
109,7,2.548528,0.638272,1.0,0,13.490026,scenario_000,short
110,7,1.023185,0.269522,0.25625,0,9.691708,scenario_000,short
111,7,2.172984,0.094343,0.126684,0,13.12876,scenario_000,short
112,7,1.878805,0.216627,0.587837,1,12.926635,scenario_000,short
113,7,1.64411,0.304268,0.184389,0,13.555486,scenario_000,short
114,7,22.12201,0.656015,0.625409,1,67.775219,scenario_000,medium
115,7,16.070019,0.545933,0.520412,2,33.579952,scenario_000,medium
116,7,1.995738,0.19279,0.587483,2,10.663406,scenario_000,short
117,7,11.667547,0.674586,1.0,2,26.324079,scenario_000,medium
118,7,1.481026,0.220446,0.157049,0,13.682855,scenario_000,short
119,7,1.147075,0.195324,0.74791,2,8.368643,scenario_000,short
120,8,18.263544,0.88962,1.0,2,34.507656,scenario_000,long
121,8,1.246083,0.406533,0.599875,2,10.022305,scenario_000,short
122,8,1.560209,0.704655,0.69115,1,10.965189,scenario_000,short
123,8,1.851091,0.822431,0.76436,0,15.912234,scenario_000,short
124,8,13.031206,0.699759,0.842486,0,49.373868,scenario_000,medium
125,8,7.676636,0.726211,1.0,0,37.480872,scenario_000,medium
126,8,17.726742,0.458171,0.240824,1,55.60964,scenario_000,medium
127,8,10.159075,0.418823,0.501828,2,26.11093,scenario_000,medium
128,8,1.699985,0.131609,0.24517,2,11.478246,scenario_000,short
129,8,1.590696,0.177646,0.37561,0,13.972272,scenario_000,short
130,8,2.088297,0.180974,0.291294,1,13.166351,scenario_000,short
131,8,1.887408,0.348693,0.489145,1,12.768875,scenario_000,short
132,8,8.145732,0.556505,0.48753,0,37.580812,scenario_000,medium
133,8,1.787842,0.161888,0.222188,0,15.34788,scenario_000,short
134,8,1.413003,0.48429,0.444507,1,11.528595,scenario_000,short
135,8,1.867513,0.446246,0.375178,1,13.165226,scenario_000,short
136,8,2.139641,0.319523,0.471677,2,10.537116,scenario_000,short
137,8,2.266045,0.33856,0.333582,2,10.935894,scenario_000,short
138,8,10.231707,0.5343,0.706767,2,20.463028,scenario_000,medium
139,8,1.510779,0.314891,0.245875,0,12.891293,scenario_000,short
140,8,17.204201,0.535988,0.389011,0,84.771072,scenario_000,medium
141,9,1.395927,0.42321,0.382022,0,14.39151,scenario_000,short
142,9,1.874893,0.215321,0.54807,2,11.869667,scenario_000,short
143,9,18.357705,0.239674,0.307471,0,76.425055,scenario_000,medium
144,9,2.140469,0.832807,0.854802,2,13.353794,scenario_000,short
145,9,12.288329,1.0,0.87533,2,28.48919,scenario_000,medium
146,9,1.494584,0.480116,0.626481,2,10.973954,scenario_000,short
147,9,11.844411,0.756706,0.791729,2,33.005015,scenario_000,medium
148,9,2.139908,0.351551,0.375895,2,12.089149,scenario_000,short
149,9,2.212981,0.529242,0.49393,0,17.018856,scenario_000,short
150,9,1.85135,0.52605,0.526065,2,11.281651,scenario_000,short
151,9,1.2375,0.252195,0.193951,0,12.641759,scenario_000,short
152,9,1.30058,0.373477,0.675307,2,11.363744,scenario_000,short
153,9,2.824678,0.567457,0.5563,0,21.385833,scenario_000,short
154,9,1.532981,0.356331,0.424473,0,15.527204,scenario_000,short
155,9,9.195392,0.517076,0.808526,1,34.677271,scenario_000,medium
156,9,1.410634,0.267778,0.367464,0,15.195589,scenario_000,short
157,9,9.465556,0.901774,0.575166,2,20.413023,scenario_000,medium
158,9,10.831107,0.250362,0.209625,2,28.765939,scenario_000,medium
159,9,1.985262,0.414081,0.421853,0,17.763061,scenario_000,short
160,9,23.176837,0.37632,0.651938,2,42.620863,scenario_000,medium
161,10,2.090354,0.789872,0.789291,2,13.059288,scenario_000,short
162,10,12.14448,0.403385,0.518095,1,37.689968,scenario_000,long
163,10,1.792803,0.089443,0.286437,0,16.016069,scenario_000,short
164,10,1.572411,0.15431,0.493615,0,16.582219,scenario_000,short
165,10,2.132231,0.152931,0.418453,0,18.763617,scenario_000,short
166,10,2.085054,0.41676,0.741525,2,13.685381,scenario_000,short
167,10,8.304843,0.25886,0.20339,1,32.485121,scenario_000,medium
168,10,1.754264,0.052645,0.456521,0,17.273293,scenario_000,short
169,10,8.956227,0.435874,0.373667,0,42.732948,scenario_000,medium
170,10,10.576984,0.8859,1.0,1,29.659096,scenario_000,long
171,10,1.390025,0.223564,0.694883,0,14.107169,scenario_000,short
172,10,18.526367,0.579333,1.0,0,92.251379,scenario_000,medium
173,10,2.463597,0.449931,0.481549,2,13.602782,scenario_000,short
174,10,15.481456,1.0,0.91822,2,33.552296,scenario_000,medium
175,10,7.850142,0.715552,0.728413,2,23.821607,scenario_000,medium
176,10,2.210574,0.573799,0.649184,0,16.072736,scenario_000,short
177,10,1.588202,0.404755,0.438238,0,15.140788,scenario_000,short
178,10,1.874572,0.501045,0.49208,2,13.149734,scenario_000,short
179,10,1.686478,0.170453,0.137637,1,13.183378,scenario_000,short
180,10,1.38033,0.514266,0.572332,1,14.000683,scenario_000,short
181,11,2.064425,0.431202,0.499281,2,14.931116,scenario_000,short
182,11,10.475995,0.864667,1.0,1,35.490727,scenario_000,medium
183,11,1.919424,0.193812,0.673221,1,15.365033,scenario_000,short
184,11,14.077756,0.57161,0.699812,1,47.427609,scenario_000,medium
185,11,1.717854,0.358937,0.545151,0,18.627622,scenario_000,short
186,11,1.561301,0.132747,0.222868,0,15.887877,scenario_000,short
187,11,15.570606,0.218612,0.448364,2,32.360444,scenario_000,medium
188,11,1.280261,0.576381,0.502262,2,12.726052,scenario_000,short
189,11,8.791631,0.810189,0.770064,1,33.828496,scenario_000,medium
190,11,2.486608,0.375495,0.574269,0,18.809867,scenario_000,short
191,11,2.057923,0.513223,0.46431,1,17.524749,scenario_000,short
192,11,1.767885,0.175832,0.304865,2,14.598665,scenario_000,short
193,11,1.765313,0.216252,0.540987,0,16.437754,scenario_000,short
194,11,1.413885,0.347007,0.661918,2,13.112718,scenario_000,short
195,11,14.631607,0.719588,0.699492,2,38.286844,scenario_000,medium
196,11,2.352249,0.190252,0.442624,0,17.242159,scenario_000,short
197,11,1.487844,0.179461,0.164916,2,13.644752,scenario_000,short
198,11,2.077159,0.77428,0.854861,1,16.365929,scenario_000,short
199,11,1.675184,0.303451,0.260338,2,13.506523,scenario_000,short
200,11,22.127587,0.558559,0.842892,0,85.941419,scenario_000,medium
201,11,1.074199,0.185102,0.295951,2,12.294947,scenario_000,short
202,12,7.816486,0.696184,0.532458,2,22.739219,scenario_000,medium
203,12,11.529706,0.255715,0.246744,2,29.808165,scenario_000,medium
204,12,1.37016,0.620643,0.609177,2,13.757008,scenario_000,short
205,12,11.322526,0.256356,0.369869,0,49.944986,scenario_000,long
206,12,12.827227,0.932907,0.657119,1,45.674486,scenario_000,medium
207,12,25.461731,0.844481,0.815806,0,121.838442,scenario_000,medium
208,12,18.313257,0.624687,0.718656,2,35.464455,scenario_000,long
209,12,12.531425,0.529765,0.882786,0,44.770066,scenario_000,medium
210,12,2.209721,0.301428,0.674679,1,16.787035,scenario_000,short
211,12,1.785261,0.373224,0.419077,2,14.180796,scenario_000,short
212,12,29.6445,0.463364,0.494408,2,66.344644,scenario_000,medium
213,13,1.32958,0.19405,0.450049,1,16.703339,scenario_000,short
214,13,1.781966,0.713113,0.544143,2,15.963277,scenario_000,short
215,13,15.153661,0.313081,0.620996,1,58.982049,scenario_000,medium
216,13,1.743934,0.726211,0.464492,0,19.572948,scenario_000,short
217,13,1.899796,0.784156,0.972174,0,19.121197,scenario_000,short
218,13,25.893958,0.182369,0.606359,2,45.262785,scenario_000,medium
219,13,19.568695,0.984147,0.999702,0,84.628273,scenario_000,medium
220,13,1.559232,0.370327,0.60275,0,19.36213,scenario_000,short
221,13,1.522782,0.236422,0.666654,0,17.223566,scenario_000,short
222,13,2.647993,0.737732,0.771689,1,20.20775,scenario_000,short
223,13,1.663974,0.664742,0.978187,2,15.130108,scenario_000,short
224,13,9.463379,0.506811,0.688088,2,27.797838,scenario_000,medium
225,13,1.663086,0.577869,0.945243,0,17.924855,scenario_000,short
226,13,1.552434,0.214797,0.33146,2,15.543504,scenario_000,short
227,13,9.678339,0.410808,0.646813,0,54.709882,scenario_000,medium
228,13,12.675681,0.719763,0.948297,2,28.366735,scenario_000,medium
229,13,24.652172,0.879417,0.713592,2,62.067065,scenario_000,long
230,14,9.476509,0.550163,0.890212,2,31.662104,scenario_000,medium
231,14,10.908601,0.540435,0.727143,1,36.066052,scenario_000,medium
232,14,23.257178,0.968418,0.803913,2,61.022673,scenario_000,long
233,14,1.397619,0.811011,1.0,0,19.506323,scenario_000,short
234,14,18.070981,0.496076,0.591053,2,50.871267,scenario_000,medium
235,14,11.64171,0.767487,0.833072,0,45.224364,scenario_000,medium
236,14,9.7281,0.933524,0.839588,2,26.121493,scenario_000,medium
237,14,1.927422,0.062397,0.372245,0,19.613254,scenario_000,short
238,14,19.508385,0.538546,0.430424,0,77.412961,scenario_000,medium
239,14,1.41574,0.49652,0.726782,0,18.704625,scenario_000,short
240,14,1.897113,0.689024,0.860462,0,19.820114,scenario_000,short
241,14,2.356231,0.419645,0.598086,2,18.485581,scenario_000,short
242,14,1.961572,0.23993,0.213429,2,17.171656,scenario_000,short
243,14,20.876809,0.881461,0.80823,2,40.639352,scenario_000,medium
244,15,1.812165,0.535752,0.63705,1,19.974161,scenario_000,short
245,15,2.206775,0.145032,0.816103,0,21.821605,scenario_000,short
246,15,1.925875,0.841115,1.0,1,18.932447,scenario_000,short
247,15,2.830645,0.353797,0.720466,1,20.574171,scenario_000,short
248,15,15.481052,0.393869,0.432069,1,56.239989,scenario_000,medium
249,15,1.343649,0.705238,1.0,2,17.400071,scenario_000,short
250,15,1.688357,0.278903,0.480503,0,20.6508,scenario_000,short
251,15,2.783972,0.053559,0.464569,2,19.004984,scenario_000,short
252,15,21.522002,0.795356,0.752123,0,73.943145,scenario_000,long
253,15,2.613006,0.199692,0.439086,2,19.553102,scenario_000,short
254,15,7.024283,0.892907,0.955973,2,26.981299,scenario_000,medium
255,15,17.517734,0.51324,0.432133,0,83.985058,scenario_000,medium
256,15,1.163601,0.138945,0.423004,1,18.439393,scenario_000,short
257,15,15.584771,0.443225,0.932661,0,57.281129,scenario_000,medium
258,15,2.0252,0.630376,0.629181,2,18.424152,scenario_000,short
259,15,11.748475,0.562517,0.812696,1,50.72583,scenario_000,medium
260,15,1.395874,0.361576,0.365774,0,19.296098,scenario_000,short
261,15,11.406511,0.172825,0.285663,0,44.780921,scenario_000,medium
262,15,1.692643,0.178885,0.236118,0,21.616909,scenario_000,short
263,15,1.418875,0.691429,0.539524,1,18.192844,scenario_000,short
264,15,18.698547,0.907937,1.0,0,89.342178,scenario_000,medium
265,15,2.196709,0.480229,0.742186,0,24.89715,scenario_000,short
266,15,12.916853,0.53385,0.510379,0,65.537432,scenario_000,medium
267,15,8.144712,0.868898,1.0,0,37.494907,scenario_000,medium
268,15,1.543242,0.155198,0.228556,0,20.430454,scenario_000,short
269,15,2.2603,0.051095,0.375899,0,21.135646,scenario_000,short
270,16,13.243149,0.334516,0.866047,0,60.094903,scenario_000,medium
271,16,14.508368,0.888004,1.0,0,79.866886,scenario_000,long
272,16,1.645065,0.370906,0.299816,0,22.40141,scenario_000,short
273,16,11.066139,0.65311,0.728938,1,50.747281,scenario_000,medium
274,16,9.501619,0.905776,0.692794,0,55.881092,scenario_000,medium
275,16,1.892099,0.389538,0.425636,0,24.43284,scenario_000,short
276,16,1.329023,0.526084,0.594595,0,19.682986,scenario_000,short
277,16,1.892682,0.214935,0.069958,1,20.171594,scenario_000,short
278,16,1.273299,0.643711,0.524318,1,19.104727,scenario_000,short
279,16,13.632397,0.860931,0.965994,1,53.579016,scenario_000,medium
280,16,1.535123,0.336742,0.693328,0,21.28242,scenario_000,short
281,16,13.626241,0.368682,0.52543,0,68.321912,scenario_000,medium
282,16,11.553374,1.0,0.952419,2,31.276868,scenario_000,long
283,16,1.959841,0.204962,0.400077,2,19.904248,scenario_000,short
284,17,1.922057,0.216991,0.345183,2,20.143718,scenario_000,short
285,17,1.189202,0.129961,0.459304,2,18.699642,scenario_000,short
286,17,16.506448,0.262557,0.366736,2,41.974711,scenario_000,medium
287,17,28.565517,0.926929,0.912736,2,73.791498,scenario_000,long
288,17,17.028979,0.447969,0.655773,0,83.203662,scenario_000,medium
289,17,1.382817,0.200879,0.219408,0,21.412056,scenario_000,short
290,17,9.105067,0.746673,0.753765,1,37.745111,scenario_000,medium
291,17,10.143689,0.556607,0.739139,0,49.391263,scenario_000,medium
292,17,1.16172,0.2622,0.856861,0,22.026646,scenario_000,short
293,17,1.963046,0.416373,0.426089,2,20.743665,scenario_000,short
294,17,2.176876,0.067541,0.11783,0,26.642281,scenario_000,short
295,17,2.350769,0.39598,0.334827,2,21.3831,scenario_000,short
296,17,7.884361,0.532596,0.623753,0,41.033518,scenario_000,medium
297,17,1.934597,0.056756,0.233068,2,20.274531,scenario_000,short
298,17,10.244989,0.579165,0.57406,1,37.185085,scenario_000,medium
299,17,2.266897,0.803376,0.906862,0,27.010454,scenario_000,short
300,17,1.817918,0.052012,0.303629,2,20.601139,scenario_000,short
301,17,1.619806,0.510218,0.881278,2,20.132087,scenario_000,short
302,17,12.241861,0.541815,0.806857,0,63.062396,scenario_000,medium
303,17,9.545141,0.835848,0.732736,0,41.299526,scenario_000,medium
304,17,1.191553,0.22445,0.267056,1,19.715937,scenario_000,short
305,17,1.817837,0.292651,0.369008,0,24.800238,scenario_000,short
306,17,1.780756,0.282756,0.473352,1,22.643076,scenario_000,short
307,17,2.087679,0.139323,0.261608,1,21.868901,scenario_000,short
308,17,2.646476,0.372616,0.329134,0,28.6827,scenario_000,short
309,17,11.536953,0.251291,0.381445,2,34.18056,scenario_000,medium
310,18,1.555822,0.194889,0.12095,2,20.486561,scenario_000,short
311,18,1.561566,0.594132,0.512996,0,23.72963,scenario_000,short
312,18,1.591002,0.433295,0.360966,1,21.459913,scenario_000,short
313,18,2.094614,0.382145,0.894016,0,26.315454,scenario_000,short
314,18,1.702171,0.141926,0.073674,1,22.024259,scenario_000,short
315,18,1.332592,0.691866,0.553582,0,22.971818,scenario_000,short
316,18,14.223533,0.674681,0.631747,0,70.660864,scenario_000,medium
317,18,19.998404,0.497915,0.519617,2,48.640619,scenario_000,medium
318,18,2.571672,0.482993,0.58168,0,25.310265,scenario_000,short
319,18,10.879182,0.285336,0.401358,1,42.970673,scenario_000,medium
320,18,1.555633,0.187743,0.432326,2,20.436998,scenario_000,short
321,18,8.978219,0.697981,1.0,0,42.389499,scenario_000,medium
322,18,2.352467,0.295642,0.208309,1,23.892638,scenario_000,short
323,18,35.650067,0.612137,0.499338,2,68.656843,scenario_000,medium
324,18,1.917264,0.351684,0.609832,2,20.841022,scenario_000,short
325,18,1.898037,0.567312,0.5763,0,26.433533,scenario_000,short
326,18,1.865456,0.421886,0.532528,0,26.22867,scenario_000,short
327,18,18.500341,0.536515,0.615079,2,47.187521,scenario_000,medium
328,18,1.835938,0.454923,0.879541,2,20.992497,scenario_000,short
329,18,2.093865,0.087204,0.196396,1,22.757454,scenario_000,short
330,18,11.71321,0.561257,0.705169,0,50.18093,scenario_000,medium
331,18,16.200748,0.488296,0.400051,1,57.935347,scenario_000,medium
332,18,12.629433,1.0,0.778788,1,49.9821,scenario_000,long
333,18,1.565101,0.11992,0.278855,0,22.622413,scenario_000,short
334,18,1.501116,0.15388,0.181479,0,23.289398,scenario_000,short
335,19,7.855166,0.717337,0.72024,0,47.664289,scenario_000,medium
336,19,1.57126,0.074015,0.226923,0,24.107872,scenario_000,short
337,19,2.205971,0.474776,0.541729,1,23.463297,scenario_000,short
338,19,8.907225,0.412496,0.521018,1,36.654201,scenario_000,medium
339,19,2.111521,0.302509,0.563996,0,25.573182,scenario_000,short
340,19,1.912233,0.227959,0.296258,0,24.545933,scenario_000,short
341,19,2.283074,0.426175,0.426955,2,22.787409,scenario_000,short
342,19,1.508169,0.322119,0.514017,0,23.673499,scenario_000,short
343,19,16.318426,0.405693,0.395902,2,48.278332,scenario_000,medium
344,19,1.959874,0.30434,0.406819,0,26.064588,scenario_000,short
345,19,11.075185,0.475907,0.658439,1,38.84925,scenario_000,medium
346,19,19.904223,0.12548,0.361973,0,91.570082,scenario_000,medium
347,19,1.10157,0.471634,0.403306,2,21.086252,scenario_000,short
348,19,6.977252,0.605285,0.601626,1,37.415233,scenario_000,medium
349,19,1.878776,0.391501,0.578028,2,21.579014,scenario_000,short
350,20,1.66615,0.258456,0.370364,0,26.301044,scenario_000,short
351,20,2.495956,0.151325,0.269167,0,26.888232,scenario_000,short
352,20,10.287606,0.682946,0.395689,1,46.844638,scenario_000,medium
353,20,1.191047,0.42234,0.379597,2,22.238314,scenario_000,short
354,20,2.763329,0.37221,0.378187,0,31.924731,scenario_000,short
355,20,1.718133,0.575472,0.933656,2,22.859708,scenario_000,short
356,20,1.479458,0.35552,0.566536,2,22.759594,scenario_000,short
357,20,2.260064,0.265583,0.345157,1,25.037881,scenario_000,short
358,20,7.066918,0.160008,0.524759,0,45.912045,scenario_000,medium
359,20,14.40809,0.832377,0.670682,0,70.558905,scenario_000,medium
360,20,6.33324,0.682946,0.652794,0,36.57198,scenario_000,medium
361,20,2.124461,0.125784,0.538751,0,25.831813,scenario_000,short
362,20,9.963676,0.519145,0.354215,0,48.389888,scenario_000,medium
363,20,17.378864,0.486366,0.419245,0,89.050581,scenario_000,long
364,20,1.82983,0.356283,0.44865,0,27.271988,scenario_000,short
365,20,20.857881,1.0,1.0,2,49.447869,scenario_000,long
366,20,2.357809,0.4008,0.306619,0,29.765907,scenario_000,short
367,20,1.126784,0.343706,0.395707,2,21.897634,scenario_000,short
368,20,12.753555,0.558474,0.32867,0,72.977684,scenario_000,medium
369,20,1.324259,0.685275,0.846188,0,24.675738,scenario_000,short
370,20,1.652421,0.288053,0.229913,0,24.460884,scenario_000,short
371,20,1.342612,0.084032,0.484245,1,23.60801,scenario_000,short
372,20,2.091488,0.542691,0.909757,0,26.746637,scenario_000,short
373,21,13.417588,0.642289,0.548147,0,67.860586,scenario_000,medium
374,21,5.60697,0.131033,0.398468,2,30.65496,scenario_000,medium
375,21,1.6775,0.390833,0.411789,1,24.526098,scenario_000,short
376,21,1.059573,0.587787,0.872794,1,23.378037,scenario_000,short
377,21,1.460121,0.190765,0.329293,2,23.524629,scenario_000,short
378,21,9.98402,0.658305,0.480974,1,47.459253,scenario_000,medium
379,21,1.584119,0.438215,0.611585,1,25.582588,scenario_000,short
380,21,7.847886,0.883205,0.824674,2,32.375515,scenario_000,medium
381,21,1.009344,0.340832,0.475054,0,25.425823,scenario_000,short
382,21,16.963173,0.833651,1.0,0,71.819218,scenario_000,medium
383,21,8.863542,0.405961,0.5189,2,35.245777,scenario_000,medium
384,21,1.534339,0.346947,0.362926,2,23.988725,scenario_000,short
385,21,1.574492,0.148714,0.188444,0,26.899362,scenario_000,short
386,21,13.248457,0.64547,0.605216,0,80.720504,scenario_000,medium
387,21,1.533149,0.27308,0.271698,0,25.812765,scenario_000,short
388,22,1.312649,0.412865,0.675623,0,26.690398,scenario_000,short
389,22,2.217733,0.725053,0.839554,1,26.411724,scenario_000,short
390,22,5.874835,0.763907,0.894805,0,44.140627,scenario_000,medium
391,22,1.596221,0.688076,0.592377,0,26.299243,scenario_000,short
392,22,1.439104,0.297906,0.655203,0,28.082502,scenario_000,short
393,22,15.798884,0.97647,0.802761,2,48.87556,scenario_000,medium
394,22,8.122398,0.46738,0.325807,0,43.688006,scenario_000,medium
395,22,1.823729,0.103818,0.169061,2,25.130608,scenario_000,short
396,22,2.236946,0.444876,0.622659,0,30.369688,scenario_000,short
397,22,1.668074,0.275054,0.682159,2,25.41883,scenario_000,short
398,22,1.692443,0.274166,0.14184,2,24.438274,scenario_000,short
399,22,1.972821,0.339759,0.187479,0,29.629964,scenario_000,short
400,22,19.709937,0.408897,0.55651,2,52.293481,scenario_000,medium
401,22,15.764366,0.88895,0.751408,2,45.366486,scenario_000,medium
402,22,30.557775,0.542175,0.696028,0,101.413527,scenario_000,long
403,22,1.773287,0.230763,0.536532,2,25.5285,scenario_000,short
404,22,1.261029,0.680931,0.705029,0,27.374712,scenario_000,short
405,22,10.735849,0.866491,1.0,0,60.292827,scenario_000,medium
406,22,8.904234,0.307286,0.476788,0,46.656773,scenario_000,medium
407,23,1.717131,0.398987,0.371237,2,26.08357,scenario_000,short
408,23,1.210765,0.335159,0.511788,1,25.377778,scenario_000,short
409,23,19.113825,0.393351,0.685093,2,55.895456,scenario_000,medium
410,23,9.383374,0.519108,0.881568,0,55.3665,scenario_000,medium
411,23,2.286008,0.505346,0.549196,2,26.759757,scenario_000,short
412,23,1.630944,0.26918,0.272255,1,27.682248,scenario_000,short
413,23,2.246685,0.144462,0.242058,1,28.84989,scenario_000,short
414,23,1.993054,0.12047,0.05,2,25.999925,scenario_000,short
415,23,1.896349,0.376813,0.74704,0,29.804023,scenario_000,short
416,23,1.841162,0.665176,0.689935,0,31.251147,scenario_000,short
417,23,2.40763,0.393328,0.336659,2,26.581005,scenario_000,short
418,23,15.763285,0.541333,0.459498,1,65.585138,scenario_000,medium
419,23,1.470209,0.419793,0.475787,0,26.937549,scenario_000,short
420,23,2.085555,0.224694,0.232063,0,31.546806,scenario_000,short
421,24,1.706623,0.792586,0.987905,2,26.708002,scenario_000,short
422,24,1.700944,0.218406,0.716054,2,27.097081,scenario_000,short
423,24,1.302023,0.565223,0.666971,0,28.605462,scenario_000,short
424,24,10.002731,0.288583,0.429376,0,58.213974,scenario_000,medium
425,24,7.151002,0.410951,0.689555,2,33.306194,scenario_000,medium
426,24,1.491468,0.68862,0.634502,0,28.277526,scenario_000,short
427,24,1.326519,0.350971,0.41731,0,29.649846,scenario_000,short
428,24,2.370837,0.321397,0.318397,1,31.37279,scenario_000,short
429,24,1.632853,0.089311,0.249229,2,26.768408,scenario_000,short
430,24,1.460185,0.121967,0.537069,0,28.992453,scenario_000,short
431,24,1.606657,0.494107,0.625639,1,28.442257,scenario_000,short
432,24,2.068865,0.312558,0.502831,2,26.878457,scenario_000,short
433,24,2.207918,0.220793,0.506107,2,27.331119,scenario_000,short
434,24,1.518077,0.246689,0.278307,0,30.160454,scenario_000,short
435,24,3.273166,0.55439,0.505434,2,28.243925,scenario_000,short
436,24,7.236546,0.662771,0.733375,0,54.445779,scenario_000,medium
437,24,17.216952,0.121984,0.317913,2,49.602658,scenario_000,medium
438,24,9.915286,1.0,0.888768,2,41.341873,scenario_000,medium
439,24,1.343663,0.126401,0.377901,0,29.091111,scenario_000,short
440,24,8.891429,0.551843,0.436434,0,55.949334,scenario_000,medium
441,24,14.194345,0.526847,0.450659,0,63.978401,scenario_000,medium
442,24,9.431276,0.147481,0.303189,2,38.856705,scenario_000,medium
443,24,2.139481,0.092532,0.228994,0,32.863497,scenario_000,short
444,24,21.746099,0.98189,0.835043,2,60.955251,scenario_000,long
445,24,1.506263,0.216062,0.303481,0,28.118271,scenario_000,short
446,24,16.034691,0.129378,0.344547,2,48.677751,scenario_000,medium
447,25,1.402215,0.354451,0.392029,0,29.094056,scenario_000,short
448,25,11.498875,0.883301,0.707886,2,46.264948,scenario_000,medium
449,25,1.76469,0.408032,0.743705,0,32.197099,scenario_000,short
450,25,2.214661,0.138265,0.719573,0,32.315062,scenario_000,short
451,25,2.218836,0.672025,0.939357,1,29.479032,scenario_000,short
452,25,2.554157,0.365819,0.361896,2,28.167197,scenario_000,short
453,25,2.510319,0.474949,0.484791,0,32.993258,scenario_000,medium
454,25,2.539846,0.109588,0.476943,2,28.027725,scenario_000,short
455,25,1.709177,0.378517,0.697093,2,27.191068,scenario_000,short
456,25,1.886663,0.617739,1.0,2,28.68711,scenario_000,short
457,25,2.108375,0.235718,0.312061,0,30.483776,scenario_000,short
458,25,1.91794,0.785289,0.66813,1,30.782544,scenario_000,short
459,25,1.55692,0.535926,0.861563,0,29.298661,scenario_000,short
460,25,2.62267,0.819896,0.946787,0,31.980604,scenario_000,short
461,25,1.756683,0.099084,0.276025,1,30.081295,scenario_000,short
462,25,11.394413,1.0,0.70595,1,59.148229,scenario_000,medium
463,25,1.899149,0.43783,0.32652,1,29.151315,scenario_000,short
464,26,14.084253,0.703924,0.954544,0,70.548998,scenario_000,medium
465,26,1.591608,0.554231,0.473302,0,30.98684,scenario_000,short
466,26,10.416534,0.20723,0.129999,2,41.228973,scenario_000,medium
467,26,11.458546,0.686406,0.57576,2,43.903894,scenario_000,medium
468,26,7.128407,0.304849,0.610122,1,44.474335,scenario_000,medium
469,26,2.223787,0.059019,0.495755,0,33.038903,scenario_000,short
470,26,1.671106,0.684729,0.545597,2,28.073903,scenario_000,short
471,26,15.27064,0.603404,0.952528,0,71.010992,scenario_000,medium
472,26,1.971948,0.213784,0.292496,2,28.535464,scenario_000,short
473,26,1.608781,0.066893,0.240191,1,28.924723,scenario_000,short
474,26,2.249077,0.311525,0.347851,0,32.23552,scenario_000,short
475,26,2.209585,0.27623,0.375656,0,33.845965,scenario_000,short
476,26,2.071016,0.492983,0.577812,2,29.074218,scenario_000,short
477,26,2.11199,0.255547,0.149294,1,32.321995,scenario_000,short
478,26,13.810401,0.531266,0.439661,0,75.193383,scenario_000,medium
479,26,1.760753,0.652954,0.466599,1,31.170195,scenario_000,short
480,26,1.823817,0.667646,0.58938,1,30.037495,scenario_000,short
481,26,2.071481,0.186818,0.595425,0,32.182858,scenario_000,short
482,26,2.468641,0.081094,0.515046,1,30.599193,scenario_000,short
483,26,1.609081,0.317035,0.928388,0,31.200786,scenario_000,short
484,26,2.295218,0.114223,0.230573,0,34.448164,scenario_000,short
485,26,1.558575,0.162743,0.592796,1,30.308625,scenario_000,short
486,26,1.884653,0.721805,0.743076,2,28.400473,scenario_000,short
487,27,1.366611,0.549261,0.918618,2,28.66765,scenario_000,short
488,27,14.261311,1.0,0.872709,1,57.80593,scenario_000,long
489,27,13.599601,0.405496,0.409941,2,44.129633,scenario_000,medium
490,27,1.770993,0.317056,0.30237,0,33.87299,scenario_000,short
491,27,1.867486,0.080607,0.664771,1,31.004614,scenario_000,short
492,27,2.386984,0.738634,0.76198,0,35.226041,scenario_000,short
493,27,2.065897,0.171218,0.181664,1,30.992779,scenario_000,short
494,27,16.065192,0.463326,0.578042,1,77.287257,scenario_000,medium
495,27,1.657667,0.068047,0.587972,0,31.523634,scenario_000,short
496,27,1.636087,0.676517,0.983174,0,31.213263,scenario_000,short
497,27,1.596181,0.27722,0.331653,2,29.400856,scenario_000,short
498,27,2.044933,0.090023,0.169959,0,34.675483,scenario_000,short
499,27,1.69357,0.388934,0.528002,0,34.635471,scenario_000,short
500,27,1.193408,0.086783,0.413032,1,29.47299,scenario_000,short
501,27,13.409224,0.602476,0.51927,1,59.325144,scenario_000,medium
502,27,29.338446,0.906635,0.855752,1,104.298821,scenario_000,medium
503,27,10.663996,0.496055,0.704444,0,63.237985,scenario_000,medium
504,27,1.471352,0.379484,0.379397,0,31.290664,scenario_000,short
505,27,2.229873,0.27393,0.457854,0,36.202734,scenario_000,short
506,28,9.74393,0.950094,1.0,0,56.091277,scenario_000,medium
507,28,17.454548,0.692111,0.718543,0,95.860899,scenario_000,long
508,28,13.523188,1.0,0.97561,2,52.178042,scenario_000,long
509,28,8.174042,0.305561,0.772557,2,40.374343,scenario_000,medium
510,28,9.924813,0.866221,0.974416,2,46.429015,scenario_000,medium
511,28,1.743538,0.386465,0.604308,2,30.825811,scenario_000,short
512,28,2.177821,0.345114,0.16119,1,34.272563,scenario_000,short
513,28,1.607438,0.414944,0.563333,2,31.101718,scenario_000,short
514,28,15.299723,0.407019,0.420951,2,48.528353,scenario_000,medium
515,28,2.94775,0.814966,0.619506,0,35.995786,scenario_000,short
516,28,2.051449,0.417996,0.403662,0,36.703558,scenario_000,short
517,28,9.041565,0.19812,0.436797,2,41.932461,scenario_000,medium
518,28,1.474494,0.15472,0.338475,1,30.646735,scenario_000,short
519,28,1.432778,0.324741,0.668332,0,32.577985,scenario_000,short
520,28,2.053899,0.423119,0.373499,2,31.427953,scenario_000,short
521,28,1.483189,0.422131,0.308199,0,32.104734,scenario_000,short
522,28,2.913163,0.839729,1.0,2,32.217472,scenario_000,short
523,28,22.402259,0.889775,0.966879,0,96.357623,scenario_000,long
524,28,8.636895,0.41112,0.798206,2,39.447487,scenario_000,medium
525,28,1.783816,0.406358,0.57578,1,32.208912,scenario_000,short
526,28,2.4201,0.775275,0.727536,2,32.647926,scenario_000,short
527,28,1.980245,0.432081,0.437888,2,30.883688,scenario_000,short
528,28,12.376662,0.149209,0.489525,0,69.162795,scenario_000,medium
529,28,1.284343,0.634337,0.658564,2,29.644795,scenario_000,short
530,29,1.797677,0.280365,0.541176,1,32.834213,scenario_000,short
531,29,1.297282,0.095574,0.054802,0,34.541959,scenario_000,short
532,29,1.885005,0.318104,0.425493,0,34.471449,scenario_000,short
533,29,19.366266,0.183798,0.324662,2,66.752392,scenario_000,medium
534,29,20.857701,0.713875,0.664378,0,94.396814,scenario_000,long
535,29,2.103352,0.309449,0.383593,0,35.587568,scenario_000,short
536,29,1.758326,0.492092,0.619737,1,32.623086,scenario_000,short
537,29,2.91129,0.288336,0.296098,1,36.658612,scenario_000,short
538,29,17.193996,0.548574,0.849861,0,88.719797,scenario_000,medium
539,29,2.28142,0.601008,0.663834,2,32.351722,scenario_000,short
540,29,2.576575,0.48031,0.696987,2,33.852642,scenario_000,short
541,29,20.611452,0.289474,0.613848,0,98.249228,scenario_000,medium
542,29,15.691366,0.705514,0.53375,2,47.682041,scenario_000,long
543,29,1.659709,0.362731,0.700421,0,33.706079,scenario_000,short
544,29,12.065261,0.543843,0.511431,0,62.129107,scenario_000,medium
545,29,1.193356,0.398348,0.291898,1,32.34012,scenario_000,short
546,29,1.928398,0.105109,0.187702,0,36.979948,scenario_000,short
547,29,1.779482,0.198975,0.631939,0,34.316979,scenario_000,short
548,29,10.704747,0.395252,0.664799,0,73.236133,scenario_000,medium
549,29,8.053602,0.924534,0.919442,2,38.777269,scenario_000,medium
550,29,17.298806,0.732368,0.735141,2,63.356614,scenario_000,medium
551,29,1.492439,0.41818,0.36323,2,31.616026,scenario_000,short
552,29,10.889512,0.584542,1.0,0,58.618879,scenario_000,medium
553,29,1.834946,0.513161,0.4794,2,32.773652,scenario_000,short
554,29,1.367017,0.512729,0.466881,2,31.149641,scenario_000,short
555,30,15.129363,0.247586,0.499443,2,55.827607,scenario_000,medium
556,30,1.276615,0.35898,0.491377,2,31.647462,scenario_000,short
557,30,2.136529,0.37765,0.281281,0,37.842601,scenario_000,short
558,30,1.718218,0.292284,0.350281,0,37.304779,scenario_000,short
559,30,2.477948,0.512701,0.637192,2,34.329725,scenario_000,short
560,30,15.821618,0.597695,0.503227,0,89.506505,scenario_000,medium
561,30,1.204901,0.125758,0.25507,0,33.101108,scenario_000,short
562,30,6.85876,0.652593,0.724806,0,59.099753,scenario_000,medium
563,30,1.705984,0.658154,0.606228,0,34.629407,scenario_000,short
564,30,1.70347,0.502583,0.363427,0,35.413742,scenario_000,short
565,30,2.040664,0.131024,0.264429,0,35.640434,scenario_000,short
566,30,1.736997,0.243669,0.735275,1,33.687734,scenario_000,short
567,30,2.069246,0.571648,0.590698,2,33.870981,scenario_000,short
568,30,1.28802,0.54686,0.57893,0,35.647107,scenario_000,short
569,30,2.229073,0.560113,0.910391,1,34.900752,scenario_000,short
570,30,1.508178,0.580582,0.704374,2,32.220485,scenario_000,short
571,30,2.109417,0.148371,0.202953,0,38.239155,scenario_000,short
572,30,25.059852,0.367898,0.53035,2,73.859425,scenario_000,medium
573,30,2.158644,0.191198,0.682239,2,32.523993,scenario_000,short
574,30,2.379983,0.408892,0.824788,0,39.4183,scenario_000,short
575,30,1.76942,0.162303,0.606599,0,37.534965,scenario_000,short
576,30,1.76702,0.313935,0.620773,0,35.389737,scenario_000,short
577,30,1.43566,0.732396,0.852535,0,35.233121,scenario_000,short
578,30,2.369161,0.818086,0.692594,2,33.234422,scenario_000,short
579,30,1.682369,0.272516,0.249681,2,32.600794,scenario_000,short
580,30,1.588385,0.174322,0.160304,1,34.211181,scenario_000,short
581,30,1.599959,0.358952,0.431798,2,32.757385,scenario_000,short
582,30,14.096046,0.379657,0.635888,2,52.022578,scenario_000,medium
583,30,1.867558,0.321026,0.633163,0,36.953326,scenario_000,short
584,30,7.166606,0.597099,0.570298,2,41.275565,scenario_000,medium
585,30,1.562847,0.685424,0.574781,0,35.266309,scenario_000,short
586,30,11.202869,0.876132,0.869448,0,78.046183,scenario_000,medium
587,30,8.546877,0.527761,0.869866,2,46.583083,scenario_000,medium
588,30,1.540744,0.4134,0.442632,2,32.627664,scenario_000,short
589,30,1.913122,0.114912,0.350438,0,35.724208,scenario_000,short
590,30,6.375109,1.0,0.709828,0,47.099027,scenario_000,medium
591,30,1.45071,0.127761,0.402199,0,36.222178,scenario_000,short
592,30,9.381755,0.637845,0.601623,0,68.419221,scenario_000,medium
593,30,2.243953,0.14606,0.402961,2,34.400553,scenario_000,short
594,30,8.622261,0.344553,0.767176,0,61.008228,scenario_000,medium
595,30,10.472431,0.597367,0.784057,0,58.247838,scenario_000,medium
596,30,1.895456,0.253446,0.371897,1,34.223092,scenario_000,short
597,30,2.291705,0.548153,0.880244,0,39.728467,scenario_000,short
598,31,1.620894,0.376226,0.406984,2,33.988675,scenario_000,short
599,31,5.826713,0.589877,0.565217,1,45.527498,scenario_000,medium
600,31,8.173613,0.256156,0.329404,2,45.849459,scenario_000,medium
601,31,2.0807,0.125139,0.222393,1,35.788749,scenario_000,short
602,31,2.144825,0.217659,0.345743,0,36.538351,scenario_000,short
603,31,17.816519,0.497904,0.622758,0,89.964859,scenario_000,medium
604,31,1.558812,0.277806,0.645103,0,37.079847,scenario_000,short
605,31,2.259827,0.143216,0.05,0,40.577656,scenario_000,short
606,31,1.538014,0.264581,0.331419,0,35.526959,scenario_000,short
607,31,2.06082,0.291484,0.381996,0,36.256984,scenario_000,short
608,31,1.354852,0.373026,0.617893,1,34.801062,scenario_000,short
609,31,2.306019,0.330127,0.357949,0,37.985896,scenario_000,short
610,31,15.301871,1.0,1.0,0,88.835828,scenario_000,medium
611,31,1.974284,0.247395,0.635662,2,33.876973,scenario_000,short
612,31,1.473543,0.608488,0.623631,2,33.241697,scenario_000,short
613,31,1.37412,0.581011,0.958692,2,32.80874,scenario_000,short
614,31,1.438039,0.263862,0.287321,0,35.66661,scenario_000,short
615,31,1.252754,0.3846,0.514452,0,34.941917,scenario_000,short
616,31,1.67013,0.086555,0.621211,0,38.153046,scenario_000,short
617,31,14.991487,0.220228,0.159452,0,75.168453,scenario_000,medium
618,31,1.504462,0.119449,0.158447,0,37.243338,scenario_000,short
619,31,10.745362,0.600854,0.61408,2,51.768435,scenario_000,medium
620,31,1.978618,0.304141,0.402125,0,38.401915,scenario_000,short
621,31,1.571862,0.14297,0.319041,2,33.266089,scenario_000,short
622,31,17.824413,0.430107,0.672987,1,86.174704,scenario_000,medium
623,31,10.119774,0.506161,0.631758,0,57.140287,scenario_000,medium
624,31,10.211973,0.443587,0.450823,2,48.492889,scenario_000,medium
625,31,1.576222,0.052417,0.05,0,35.634874,scenario_000,short
626,31,2.179039,0.642266,0.624414,0,37.287591,scenario_000,short
627,31,1.536083,0.699564,0.6501,0,36.238068,scenario_000,short
628,31,2.559216,0.377842,0.261626,2,36.111327,scenario_000,short
629,31,1.105996,0.152917,0.216099,0,34.104235,scenario_000,short
630,32,3.393797,0.209067,0.667152,2,36.720434,scenario_000,short
631,32,1.667175,0.214644,0.265525,2,34.457232,scenario_000,short
632,32,1.68085,0.44481,0.22988,1,36.522271,scenario_000,short
633,32,8.459077,0.787924,0.82241,0,54.441544,scenario_000,medium
634,32,2.023296,0.410909,0.507388,0,38.305622,scenario_000,short
635,32,1.56481,0.284259,0.641388,0,37.773058,scenario_000,short
636,32,10.737419,0.255446,0.526077,1,56.150023,scenario_000,long
637,32,1.14538,0.449778,0.62973,0,35.712228,scenario_000,short
638,32,1.3496,0.329323,0.402886,2,33.909707,scenario_000,short
639,32,15.966467,0.491011,0.869668,2,62.311758,scenario_000,medium
640,32,1.681456,0.6841,0.643761,0,37.688984,scenario_000,short
641,32,14.396778,0.56706,0.660144,0,91.224358,scenario_000,medium
642,32,2.048799,0.711486,0.796789,2,35.605562,scenario_000,short
643,32,1.630489,0.114094,0.617732,1,36.937492,scenario_000,short
644,32,1.326485,0.713112,0.863662,1,35.549439,scenario_000,short
645,32,2.414138,0.20266,0.396372,0,38.675633,scenario_000,short
646,32,1.416112,0.391332,0.614346,2,34.903176,scenario_000,short
647,32,1.517958,0.368626,0.373762,1,35.674848,scenario_000,short
648,32,1.77564,0.656924,0.749455,0,39.984772,scenario_000,short
649,32,1.693868,0.24801,0.408882,2,34.291095,scenario_000,short
650,32,22.271591,0.15154,0.168002,2,71.184491,scenario_000,medium
651,32,8.574679,0.714189,0.637756,2,43.477278,scenario_000,medium
652,32,10.867534,0.57136,0.724452,1,53.824243,scenario_000,medium
653,32,1.968606,0.495025,0.449214,1,37.361586,scenario_000,short
654,32,13.709741,1.0,0.671274,1,67.720673,scenario_000,long
655,32,21.051692,0.597651,0.736828,0,114.223555,scenario_000,long
656,32,18.23356,0.638937,0.582706,0,81.226714,scenario_000,medium
657,32,2.019062,0.059211,0.156774,2,34.676907,scenario_000,short
658,32,1.953182,0.494444,1.0,0,39.103854,scenario_000,short
659,32,2.229662,0.25756,0.799037,2,36.404751,scenario_000,short
660,32,1.857681,0.271889,0.34329,1,37.506541,scenario_000,short
661,32,2.551228,0.195424,0.600263,2,36.165187,scenario_000,short
662,32,14.000629,0.466243,0.605688,1,61.014179,scenario_000,medium
663,32,2.076193,0.533386,0.91869,0,39.823579,scenario_000,short
664,32,1.531903,0.411464,0.272279,2,34.523883,scenario_000,short
665,32,1.944784,0.198857,0.403129,0,40.753523,scenario_000,short
666,32,1.287024,0.076384,0.494031,0,35.289259,scenario_000,short
667,32,2.352625,0.092001,0.182281,2,35.777319,scenario_000,short
668,32,3.094057,0.270617,0.370823,0,41.96148,scenario_000,short
669,32,21.769458,0.47677,0.673233,0,92.657662,scenario_000,medium
670,33,47.121358,0.861418,0.860732,0,187.874312,scenario_000,long
671,33,1.450428,0.63136,0.476594,1,36.021162,scenario_000,short
672,33,1.712998,0.599189,0.869351,0,38.546829,scenario_000,short
673,33,1.770099,0.486688,0.411523,0,38.874803,scenario_000,short
674,33,1.718771,0.684261,0.649426,0,38.581531,scenario_000,short
675,33,9.309356,0.144154,0.6141,1,58.18525,scenario_000,medium
676,33,1.66344,0.369928,0.430178,1,38.097509,scenario_000,short
677,33,10.84988,0.423613,0.836155,0,81.491684,scenario_000,medium
678,33,11.070014,0.411558,0.292319,0,77.879437,scenario_000,medium
679,33,15.017955,0.543877,0.991479,1,72.986876,scenario_000,medium
680,33,1.653078,0.388198,0.640869,1,37.115154,scenario_000,short
681,33,9.930341,0.592852,0.579426,2,46.443887,scenario_000,medium
682,33,1.650645,0.426697,0.511758,0,39.731431,scenario_000,short
683,33,1.548679,0.134013,0.26082,0,38.726167,scenario_000,short
684,33,13.191807,0.542796,0.434232,2,60.161738,scenario_000,medium
685,33,1.935473,0.126683,0.263531,2,36.95963,scenario_000,short
686,33,10.470885,0.971261,1.0,2,46.387216,scenario_000,medium
687,33,2.002233,0.327521,0.400274,2,35.626312,scenario_000,short
688,33,8.467469,0.606526,0.423923,2,48.90648,scenario_000,medium
689,33,2.090408,0.548428,0.686464,0,38.914741,scenario_000,short
690,33,16.848237,0.594373,0.584578,0,87.320149,scenario_000,medium
691,33,1.68379,0.332185,0.424856,0,37.46129,scenario_000,short
692,33,15.157637,1.0,0.990099,2,52.070178,scenario_000,medium
693,33,9.490695,0.642015,0.915753,1,60.555609,scenario_000,medium
694,33,8.880402,0.981314,1.0,0,64.1463,scenario_000,medium
695,33,12.869545,0.516301,0.655842,2,59.273456,scenario_000,medium
696,33,1.841928,0.373197,0.268331,2,36.21601,scenario_000,short
697,33,1.603032,0.107054,0.20642,0,39.401822,scenario_000,short
698,33,1.95665,0.24217,0.226623,0,38.17887,scenario_000,short
699,33,12.826898,0.88914,1.0,0,76.378289,scenario_000,medium
700,33,1.913814,0.401596,0.810155,0,38.239256,scenario_000,short
701,33,14.50961,0.338763,0.599866,0,85.03762,scenario_000,long
702,33,1.921287,0.7213,0.529593,1,38.912558,scenario_000,short
703,33,13.506964,0.121307,0.178563,0,86.545567,scenario_000,medium
704,33,11.55557,0.466706,0.325204,0,71.115321,scenario_000,medium
705,33,1.618748,0.215578,0.331033,0,38.447154,scenario_000,short
706,33,1.824315,0.378562,0.423232,2,36.35697,scenario_000,short
707,33,27.511989,0.959879,1.0,0,110.626453,scenario_000,medium
708,33,4.641736,0.594032,0.991273,0,51.217947,scenario_000,medium
709,33,10.706594,0.166239,0.604575,2,52.218785,scenario_000,medium
710,33,1.689612,0.362559,0.268576,0,39.797764,scenario_000,short
711,33,3.049748,0.271662,0.457134,0,41.681459,scenario_000,short
712,33,34.181264,0.698611,0.497562,1,133.857536,scenario_000,long
713,33,11.393285,0.505135,0.493153,0,64.340575,scenario_000,medium
714,33,2.282052,0.396612,0.339109,0,41.280238,scenario_000,short
715,33,7.886376,0.705998,0.970093,2,42.22148,scenario_000,medium
716,33,1.551915,0.127953,0.415318,0,38.187316,scenario_000,short
717,33,6.93515,0.349267,0.709547,2,41.642568,scenario_000,medium
718,33,17.7206,0.216628,0.36349,2,59.070365,scenario_000,medium
719,33,10.030273,0.633572,0.77394,0,70.559591,scenario_000,medium
720,33,1.253722,0.249009,0.319881,2,35.344707,scenario_000,short
721,33,1.424449,0.693652,0.853287,0,37.947313,scenario_000,short
722,33,2.653331,0.448362,0.432077,2,38.288727,scenario_000,short
723,33,1.28927,0.801368,0.667567,2,35.223164,scenario_000,short
724,33,14.284943,1.0,0.726603,0,80.208644,scenario_000,medium
725,34,1.688493,0.334883,0.793909,0,41.296394,scenario_000,short
726,34,1.988241,0.189711,0.647808,0,41.770013,scenario_000,short
727,34,1.846961,0.317185,0.445375,2,37.379273,scenario_000,short
728,34,1.395966,0.108995,0.235685,1,36.492884,scenario_000,short
729,34,2.046363,0.229731,0.13745,0,41.402351,scenario_000,short
730,34,1.65575,0.430951,0.361837,0,41.138556,scenario_000,short
731,34,2.801768,0.309565,0.311099,1,41.968642,scenario_000,short
732,34,1.437406,0.120758,0.218667,2,36.239926,scenario_000,short
733,34,3.234023,0.392799,0.417793,1,41.60757,scenario_000,short
734,34,1.357734,0.55497,0.45854,0,37.969133,scenario_000,short
735,34,2.309892,0.378167,0.366749,0,41.155261,scenario_000,short
736,34,4.750796,0.597083,0.602934,0,47.491469,scenario_000,medium
737,34,1.878201,0.433664,0.814699,2,37.546473,scenario_000,short
738,34,1.213948,0.866985,1.0,1,37.22714,scenario_000,short
739,34,20.73131,0.276138,0.656119,1,88.012336,scenario_000,medium
740,34,1.377131,0.660362,0.997825,0,38.952436,scenario_000,short
741,34,2.8928,0.358157,0.449221,1,41.48073,scenario_000,short
742,34,1.710129,0.516482,0.407659,2,36.592505,scenario_000,short
743,34,1.985889,0.175434,0.475767,1,39.210835,scenario_000,short
744,34,1.748461,0.654017,0.814506,1,37.483688,scenario_000,short
745,34,8.643131,0.69846,0.712085,2,46.771629,scenario_000,medium
746,34,1.314351,0.248321,0.547996,2,35.861755,scenario_000,short
747,34,2.029523,0.174634,0.393627,0,42.14903,scenario_000,short
748,34,14.230202,0.377588,0.609107,0,84.496772,scenario_000,medium
749,34,1.138854,0.308039,0.447648,2,35.692333,scenario_000,short
750,34,1.949252,0.641453,0.435362,2,37.852813,scenario_000,short
751,34,1.595458,0.530417,0.649996,0,40.86601,scenario_000,short
752,34,2.042718,0.57873,0.68077,0,39.872823,scenario_000,short
753,34,1.601876,0.164015,0.479707,0,40.73182,scenario_000,short
754,34,2.669248,0.159869,0.250222,1,40.21241,scenario_000,short
755,34,9.733555,0.993768,0.932103,0,64.907702,scenario_000,medium
756,34,11.172774,0.234696,0.378454,2,55.77233,scenario_000,medium
757,34,2.001192,0.71119,0.956315,0,40.900632,scenario_000,short
758,34,1.675054,0.098949,0.279656,0,40.671978,scenario_000,short
759,34,1.566993,0.083118,0.347473,0,38.216212,scenario_000,short
760,34,14.72172,0.406496,0.533637,0,84.569874,scenario_000,long
761,35,1.913257,0.247446,0.410263,0,40.053647,scenario_000,short
762,35,1.617626,0.445468,0.833818,2,37.27254,scenario_000,short
763,35,2.09083,0.165197,0.233089,2,38.332605,scenario_000,short
764,35,2.167123,0.422881,0.742448,0,41.257839,scenario_000,short
765,35,2.455928,0.437817,0.753555,1,42.754259,scenario_000,short
766,35,11.94472,0.4841,0.548062,2,51.662314,scenario_000,medium
767,35,1.469198,0.406549,0.633007,0,40.720899,scenario_000,short
768,35,22.406596,0.20498,0.284737,0,124.847571,scenario_000,medium
769,35,1.128244,0.630529,0.679081,2,36.627029,scenario_000,short
770,35,1.7962,0.294947,0.460502,0,43.003028,scenario_000,short
771,35,2.021576,0.110091,0.300752,0,43.328067,scenario_000,short
772,35,1.398758,0.563684,0.78522,0,39.331938,scenario_000,short
773,35,18.257949,0.480689,0.554276,0,89.216528,scenario_000,medium
774,35,1.331694,0.304818,0.622367,0,39.86415,scenario_000,short
775,35,9.032363,0.763915,0.954634,1,57.936636,scenario_000,medium
776,35,2.277681,0.105444,0.278582,1,40.409803,scenario_000,short
777,35,1.715778,0.273564,0.385038,0,40.175767,scenario_000,short
778,35,1.310011,0.665064,0.924906,2,37.068401,scenario_000,short
779,35,1.931138,0.409327,0.291273,1,40.423406,scenario_000,short
780,35,1.56174,0.34617,0.364535,0,39.922108,scenario_000,short
781,35,21.039172,0.250027,0.397559,2,67.906183,scenario_000,long
782,35,1.401425,0.443079,0.569745,2,37.719893,scenario_000,short
783,35,1.65691,0.123923,0.201288,1,39.047065,scenario_000,short
784,35,1.761881,0.206476,0.171052,0,41.062828,scenario_000,short
785,35,2.947365,0.724715,0.785152,0,48.203758,scenario_000,short
786,35,2.3194,0.189534,0.150356,0,44.184983,scenario_000,short
787,35,2.586667,0.161336,0.185987,1,40.959788,scenario_000,short
788,35,2.042281,0.420965,0.368432,2,38.016954,scenario_000,short
789,35,1.710377,0.614948,0.587386,2,38.508744,scenario_000,short
790,35,14.15786,1.0,1.0,0,94.642465,scenario_000,medium
791,35,2.279148,0.386272,0.425114,2,38.833279,scenario_000,short
792,35,1.507167,0.404958,0.893324,1,39.084598,scenario_000,short
793,35,1.625524,0.514958,0.678491,1,39.775345,scenario_000,short
794,35,1.749204,0.297392,0.16045,0,39.68172,scenario_000,short
795,35,2.063268,0.447543,0.35769,2,37.867014,scenario_000,short
796,35,16.110199,0.679085,0.501735,0,90.880202,scenario_000,medium
797,36,3.049653,0.263674,0.444072,0,48.357417,scenario_000,short
798,36,10.864894,0.202662,0.517151,0,72.945107,scenario_000,medium
799,36,1.392965,0.14085,0.42507,2,37.636892,scenario_000,short
800,36,8.84016,0.510034,0.395465,1,53.24514,scenario_000,medium
801,36,1.448031,0.247972,0.71596,2,38.706479,scenario_000,short
802,36,2.00438,0.157014,0.155404,2,39.458558,scenario_000,short
803,36,1.562354,0.825853,0.631761,0,42.987226,scenario_000,short
804,36,13.894436,0.188543,0.105019,2,53.204373,scenario_000,medium
805,36,1.925822,0.395109,0.496234,0,42.047682,scenario_000,short
806,36,1.675349,0.293496,0.571063,1,40.746707,scenario_000,short
807,36,2.205968,0.22102,0.511591,2,39.91861,scenario_000,short
808,36,19.43695,0.463562,0.405123,2,74.875072,scenario_000,medium
809,36,1.448261,0.185013,0.279542,2,38.746372,scenario_000,short
810,36,1.283673,0.423092,0.427554,2,38.050081,scenario_000,short
811,36,17.067543,0.702208,0.9966,0,100.585662,scenario_000,medium
812,36,1.859936,0.466889,0.92918,0,43.348315,scenario_000,short
813,36,1.340588,0.772576,0.954292,1,38.828737,scenario_000,short
814,36,1.354988,0.216388,0.319765,2,37.985545,scenario_000,short
815,36,1.97648,0.4394,0.262774,2,38.341653,scenario_000,short
816,36,2.245708,0.36235,0.750777,0,44.924503,scenario_000,short
817,36,1.444079,0.279776,0.383245,1,38.674661,scenario_000,short
818,36,1.805037,0.157673,0.486637,0,42.206825,scenario_000,short
819,36,8.564331,0.559679,0.477045,2,51.02205,scenario_000,medium
820,36,1.718649,0.277737,0.25589,0,42.348477,scenario_000,short
821,36,1.566669,0.480793,0.641961,2,39.098217,scenario_000,short
822,36,8.435296,0.678075,0.421992,2,53.370361,scenario_000,medium
823,36,2.242765,0.210927,0.265874,2,39.808078,scenario_000,short
824,36,2.0386,0.229558,0.380255,1,40.011498,scenario_000,short
825,36,2.55266,0.19795,0.243544,1,43.897715,scenario_000,short
826,36,1.583458,0.275653,0.450574,0,41.014655,scenario_000,short
827,36,1.419024,0.280055,0.40837,0,42.08618,scenario_000,short
828,36,1.908865,0.132737,0.199454,2,39.151739,scenario_000,short
829,36,22.190501,0.559254,0.916201,2,70.718768,scenario_000,medium
830,36,1.423373,0.081627,0.227382,0,41.387023,scenario_000,short
831,36,2.525797,0.175924,0.36085,0,46.613506,scenario_000,short
832,37,1.52771,0.368698,0.548063,2,39.82043,scenario_000,short
833,37,2.301733,0.631151,0.459399,2,41.288488,scenario_000,short
834,37,2.218135,0.487534,0.593748,0,46.01491,scenario_000,short
835,37,1.588131,0.226781,0.367115,0,43.601373,scenario_000,short
836,37,1.641522,0.472936,0.635743,1,39.968455,scenario_000,short
837,37,14.40249,0.542838,0.622456,1,69.895156,scenario_000,medium
838,37,1.348319,0.79421,1.0,2,38.610319,scenario_000,short
839,37,1.649392,0.37028,0.607973,2,39.895985,scenario_000,short
840,37,2.007944,0.464495,0.889718,1,40.999299,scenario_000,short
841,37,14.679599,0.764347,0.786001,0,93.296661,scenario_000,medium
842,37,1.629806,0.436755,0.555162,0,41.189025,scenario_000,short
843,37,1.667064,0.524648,0.870764,1,41.458062,scenario_000,short
844,37,1.480974,0.395931,0.27905,1,41.125546,scenario_000,short
845,37,1.156502,0.435277,0.323644,0,39.945856,scenario_000,short
846,37,25.304513,0.810355,0.731384,2,89.173001,scenario_000,medium
847,37,1.46762,0.114837,0.126286,0,41.95465,scenario_000,short
848,37,2.213706,0.349597,0.32349,0,46.655063,scenario_000,short
849,37,12.154142,0.342979,0.607038,2,56.8424,scenario_000,medium
850,37,1.429551,0.420832,0.457965,2,38.673303,scenario_000,short
851,37,2.299467,0.12507,0.475443,0,44.427291,scenario_000,short
852,37,1.348645,0.82634,0.860343,1,40.157474,scenario_000,short
853,37,1.857381,0.463655,0.714046,1,42.285176,scenario_000,short
854,37,2.277093,0.160895,0.404913,0,46.306669,scenario_000,short
855,37,14.037199,1.0,0.747108,1,68.377749,scenario_000,long
856,37,1.283904,0.200924,0.240893,1,40.862567,scenario_000,short
857,37,23.984181,0.623926,0.662512,1,94.223888,scenario_000,medium
858,37,1.343494,0.23643,0.311328,2,39.705033,scenario_000,short
859,37,1.105275,0.054269,0.07631,0,40.61034,scenario_000,short
860,37,2.648392,0.383095,0.653588,2,42.053588,scenario_000,short
861,37,13.766013,0.404069,0.737007,2,54.902893,scenario_000,medium
862,37,15.272925,0.371744,0.502859,1,85.073368,scenario_000,medium
863,38,41.074895,0.633463,0.602383,1,162.610703,scenario_000,long
864,38,1.982284,0.071334,0.05,0,43.766206,scenario_000,short
865,38,8.827034,0.861006,0.750544,0,71.414597,scenario_000,medium
866,38,10.056636,0.246398,0.358836,0,77.435615,scenario_000,medium
867,38,1.49921,0.427162,0.283905,0,42.923954,scenario_000,short
868,38,2.569382,0.053159,0.55634,0,46.89117,scenario_000,short
869,38,1.709127,0.223987,0.34022,0,44.6307,scenario_000,short
870,38,1.78382,0.359629,0.266669,2,41.506176,scenario_000,short
871,38,12.907473,0.969935,0.855925,1,63.95042,scenario_000,long
872,38,1.638394,0.367015,0.387345,0,43.703619,scenario_000,short
873,38,1.715184,0.329512,0.509991,2,40.141399,scenario_000,short
874,38,1.988645,0.359304,0.547922,0,43.325685,scenario_000,short
875,38,2.205619,0.138678,0.289237,2,41.783185,scenario_000,short
876,38,24.193339,0.455656,0.419421,0,113.007873,scenario_000,medium
877,38,2.386629,0.115417,0.634998,0,48.128107,scenario_000,short
878,38,7.521724,0.464809,0.466353,0,68.563134,scenario_000,medium
879,38,1.388682,0.291454,0.313839,0,42.992895,scenario_000,short
880,38,1.810225,0.604166,1.0,2,40.849612,scenario_000,short
881,38,1.61872,0.66814,0.618333,0,44.730588,scenario_000,short
882,38,1.474083,0.416003,0.773204,0,41.983823,scenario_000,short
883,38,2.235809,0.665403,0.615102,2,42.082552,scenario_000,short
884,38,1.746282,0.643329,0.738594,2,40.153211,scenario_000,short
885,38,15.315626,0.13343,0.215728,2,61.810144,scenario_000,medium
886,38,1.520017,0.171281,0.305799,0,43.278202,scenario_000,short
887,38,10.046166,0.954845,0.959342,0,71.577503,scenario_000,medium
888,38,1.711846,0.156821,0.500642,0,42.557514,scenario_000,short
889,38,2.804249,0.285166,0.280444,0,47.003019,scenario_000,short
890,38,1.708711,0.72146,1.0,2,40.963119,scenario_000,short
891,38,1.65119,0.716903,0.960684,0,43.33719,scenario_000,short
892,38,1.767865,0.770251,1.0,1,41.58692,scenario_000,short
893,38,2.621936,0.210447,0.347928,0,46.534906,scenario_000,short
894,38,2.048922,0.264251,0.433925,2,41.215082,scenario_000,short
895,38,8.853987,0.755605,0.69945,1,65.756304,scenario_000,medium
896,38,2.029352,0.105429,0.383072,2,40.955393,scenario_000,short
897,38,1.864892,0.472128,0.627595,2,41.604165,scenario_000,short
898,38,1.203041,0.120084,0.306208,2,39.623278,scenario_000,short
899,38,1.397531,0.445885,0.89696,0,44.090301,scenario_000,short
900,38,1.220017,0.421971,0.669184,0,42.101616,scenario_000,short
901,39,1.505257,0.631288,0.541055,0,43.696375,scenario_000,short
902,39,13.50526,0.2954,0.509958,1,67.918379,scenario_000,medium
903,39,10.060622,0.461215,0.529888,2,55.113204,scenario_000,medium
904,39,1.796221,0.845591,0.885836,2,42.372038,scenario_000,short
905,39,9.945205,0.667622,0.801818,1,59.866113,scenario_000,medium
906,39,1.966141,0.306335,0.391148,2,43.014012,scenario_000,short
907,39,1.835547,0.152429,0.668012,0,43.801487,scenario_000,short
908,39,1.814121,0.126006,0.21835,0,44.418336,scenario_000,short
909,39,1.879172,0.264773,0.501043,0,44.500309,scenario_000,short
910,39,1.443486,0.277732,0.352145,2,40.931734,scenario_000,short
911,39,13.354209,0.120297,0.537617,1,80.440574,scenario_000,medium
912,39,2.13101,0.160115,0.197765,2,42.41756,scenario_000,short
913,39,2.48001,0.423256,0.501516,1,45.272738,scenario_000,short
914,39,2.75262,0.135287,0.429712,1,46.086294,scenario_000,short
915,39,1.864484,0.432683,0.569608,0,47.172071,scenario_000,short
916,39,2.148969,0.396478,0.48706,0,46.224837,scenario_000,short
917,39,7.356544,0.704991,0.902451,0,63.096992,scenario_000,medium
918,39,2.085726,0.527734,0.824073,0,46.27054,scenario_000,short
919,39,6.141,0.1476,0.403572,0,61.95096,scenario_000,medium
920,39,1.175812,0.59132,0.379778,0,43.786733,scenario_000,short
921,39,1.524197,0.391544,0.378165,0,44.468067,scenario_000,short
922,39,1.992035,0.391373,0.774091,1,43.469253,scenario_000,short
923,39,13.890996,0.798388,0.671795,0,88.761715,scenario_000,medium
924,39,11.813136,0.708377,0.806404,1,70.452014,scenario_000,medium
925,39,16.991017,0.599155,0.568273,2,70.321446,scenario_000,medium
926,39,11.04901,0.390773,0.841418,0,78.565919,scenario_000,medium
927,39,16.625567,0.13289,0.396146,0,89.68566,scenario_000,medium
928,39,1.95601,0.233101,0.406682,2,42.810299,scenario_000,short
929,39,2.018749,0.473115,0.647914,2,41.944419,scenario_000,short
930,39,1.563771,0.171172,0.553442,0,45.748891,scenario_000,short
931,39,2.167632,0.227581,0.348066,0,45.379973,scenario_000,short
932,39,2.020864,0.120039,0.20482,0,46.08215,scenario_000,short
933,39,2.035087,0.126392,0.464831,0,44.190585,scenario_000,short
934,39,7.600098,0.332809,0.462374,0,73.317443,scenario_000,medium
935,39,1.938632,0.238545,0.294481,0,44.872401,scenario_000,short
936,39,1.506789,0.328028,0.33815,1,42.461611,scenario_000,short
937,39,1.521927,0.424517,0.962576,0,43.349134,scenario_000,short
938,39,1.464205,0.693861,0.681908,0,45.241345,scenario_000,short
939,39,7.467489,0.479104,0.283504,0,72.548422,scenario_000,medium
940,39,1.029756,0.392456,0.35625,0,42.568793,scenario_000,short
941,39,5.997032,0.33935,0.445098,2,47.033574,scenario_000,medium
942,39,1.58851,0.087916,0.417834,1,42.554233,scenario_000,short
943,39,22.980509,0.682875,0.619766,1,98.427649,scenario_000,long
944,40,1.74442,0.688513,0.574698,0,47.418319,scenario_000,short
945,40,0.927013,0.859421,0.573427,0,43.453971,scenario_000,short
946,40,2.3556,0.62771,0.726587,0,46.746688,scenario_000,short
947,40,18.699422,1.0,0.980686,2,77.810953,scenario_000,medium
948,40,2.34012,0.104448,0.05,0,50.211431,scenario_000,short
949,40,1.707877,0.378977,0.958061,1,43.969389,scenario_000,short
950,40,2.254537,0.791969,0.752473,1,46.398142,scenario_000,short
951,40,1.443612,0.091045,0.244987,0,45.784545,scenario_000,short
952,40,2.240369,0.158841,0.591354,1,46.718113,scenario_000,short
953,40,24.943921,0.704181,0.704941,2,84.014198,scenario_000,medium
954,40,19.252982,0.502836,0.716523,1,85.513729,scenario_000,medium
955,40,8.550204,0.474651,0.449527,1,65.177689,scenario_000,medium
956,40,1.952015,0.203035,0.389304,1,43.794634,scenario_000,short
957,40,9.00637,0.662274,0.653259,2,57.421783,scenario_000,medium
958,40,2.04663,0.375264,0.824995,0,49.023523,scenario_000,short
959,40,3.131212,0.151406,0.590588,0,50.781803,scenario_000,short
960,40,8.849442,0.407036,0.410541,0,76.730878,scenario_000,long
961,40,16.331326,0.489842,0.525153,0,104.76148,scenario_000,medium
962,40,9.309384,0.497885,0.52568,2,57.185203,scenario_000,medium
963,40,16.18761,0.686385,0.709089,1,77.779546,scenario_000,long
964,40,9.546934,0.478782,0.409388,1,62.26505,scenario_000,medium
965,40,8.710581,0.169327,0.144614,1,58.825643,scenario_000,medium
966,40,1.570897,0.512263,0.331715,2,42.415229,scenario_000,short
967,40,1.854227,0.389162,0.555333,2,43.342171,scenario_000,short
968,40,23.895987,0.527671,0.601623,2,70.671894,scenario_000,long
969,40,12.045668,0.708607,0.652654,2,60.590588,scenario_000,medium
970,40,17.13429,0.452444,0.786207,1,80.899084,scenario_000,medium
971,40,11.422685,0.956148,0.848367,0,85.226912,scenario_000,long
972,40,2.076481,0.331687,0.449403,1,45.644851,scenario_000,short
973,40,2.190765,0.76341,1.0,2,43.256672,scenario_000,short
974,40,1.850474,0.693404,0.950799,1,43.602456,scenario_000,short
975,40,2.624052,0.429612,0.714729,0,48.500145,scenario_000,short
976,40,18.742726,0.23074,0.357109,0,115.43238,scenario_000,medium
977,40,1.677658,0.43544,0.675867,1,44.991361,scenario_000,short
978,40,10.89134,0.672652,0.830134,1,72.8895,scenario_000,long
979,40,15.602408,0.20931,0.06156,2,71.432728,scenario_000,medium
980,40,9.942796,0.659055,0.728397,2,59.844159,scenario_000,medium
981,40,21.090934,0.353308,0.311643,0,103.488908,scenario_000,medium
982,40,8.477553,0.334993,0.577181,2,56.297602,scenario_000,medium
983,41,1.454074,0.132695,0.537066,2,42.695307,scenario_000,short
984,41,2.155618,0.620532,0.565373,0,48.901919,scenario_000,short
985,41,12.933226,0.647209,0.596827,0,80.921458,scenario_000,medium
986,41,17.198787,0.480078,0.511675,1,76.955893,scenario_000,medium
987,41,11.620802,0.316427,0.353383,0,82.810093,scenario_000,medium
988,41,1.828678,0.09776,0.430741,1,44.57938,scenario_000,short
989,41,17.977055,0.421484,0.428768,0,108.492884,scenario_000,long
990,41,1.276083,0.066421,0.423456,1,44.954872,scenario_000,short
991,41,1.655945,0.307654,0.421812,0,47.357023,scenario_000,short
992,41,1.452432,0.713785,0.584927,1,44.835169,scenario_000,short
993,41,2.294562,0.36581,0.394021,2,43.914305,scenario_000,short
994,41,1.981549,0.07957,0.421823,0,48.442364,scenario_000,short
995,41,2.377168,0.742038,1.0,0,47.708557,scenario_000,short
996,41,10.783606,0.918253,1.0,2,56.977436,scenario_000,medium
997,41,10.778996,0.56007,0.487269,0,83.773022,scenario_000,medium
998,41,1.558694,0.127841,0.31214,1,45.430761,scenario_000,short
999,41,1.901293,0.469592,0.51135,1,44.520052,scenario_000,short
1000,41,1.816895,0.203716,0.195025,0,48.007203,scenario_000,short
1001,41,2.190855,0.112342,0.233044,1,47.544629,scenario_000,short
1002,41,2.246562,0.423208,0.605819,2,43.784298,scenario_000,short
1003,41,2.150502,0.648372,0.617676,2,44.635764,scenario_000,short
1004,41,11.127584,0.634317,0.62789,1,70.377962,scenario_000,medium
1005,41,1.842363,0.443321,0.689684,0,47.295355,scenario_000,short
1006,41,8.140598,0.55261,0.67183,1,57.553251,scenario_000,medium
1007,41,16.82912,0.712689,0.45547,0,88.662316,scenario_000,medium
1008,41,32.169177,1.0,0.886114,2,78.833274,scenario_000,long
1009,41,11.025038,0.900813,0.899424,2,54.326694,scenario_000,medium
1010,41,1.55809,0.610679,0.934187,0,47.969201,scenario_000,short
1011,41,5.404399,0.715986,0.67541,2,51.120396,scenario_000,medium
1012,41,2.131387,0.673872,0.644924,0,48.552537,scenario_000,short
1013,41,1.679474,0.370583,0.746613,2,43.891214,scenario_000,short
1014,41,2.559395,0.234305,0.625487,0,51.271452,scenario_000,short
1015,41,1.409945,0.261733,0.371936,0,45.379978,scenario_000,short
1016,41,9.126824,0.206336,0.472354,0,67.527101,scenario_000,medium
1017,41,2.009722,0.290622,0.281652,2,44.301356,scenario_000,short
1018,41,17.270446,0.788274,0.727383,2,62.313492,scenario_000,medium
1019,41,13.838337,0.472883,0.493773,0,83.286551,scenario_000,medium
1020,41,10.415,0.408269,0.467716,0,79.522739,scenario_000,medium
1021,41,1.60284,0.234656,0.523929,2,43.519064,scenario_000,short
1022,41,2.085926,0.338973,0.555656,0,49.558431,scenario_000,short
1023,41,7.124603,0.528169,0.641832,0,72.542561,scenario_000,medium
1024,41,1.457316,0.339492,0.431211,0,47.469948,scenario_000,short
1025,41,1.565771,0.601563,0.868657,0,46.925442,scenario_000,short
1026,41,11.149644,0.578846,0.733795,2,54.589678,scenario_000,medium
1027,42,1.931916,0.379655,0.901192,2,44.585624,scenario_000,short
1028,42,6.157243,0.373795,0.383746,1,59.488931,scenario_000,medium
1029,42,1.536266,0.109046,0.264601,0,46.728255,scenario_000,short
1030,42,2.044112,0.554187,0.532695,0,48.460109,scenario_000,short
1031,42,12.745283,0.507797,0.76729,1,74.767306,scenario_000,medium
1032,42,14.837524,0.261008,0.424558,2,65.860947,scenario_000,medium
1033,42,1.822051,0.614108,1.0,0,47.484152,scenario_000,short
1034,42,12.172787,0.836335,0.975574,1,69.140139,scenario_000,medium
1035,42,16.206659,0.521785,0.425827,0,101.800716,scenario_000,medium
1036,42,2.1257,0.197247,0.130791,2,45.903789,scenario_000,short
1037,42,1.853655,0.46585,0.576281,0,46.806962,scenario_000,short
1038,42,1.993514,0.422691,0.592205,0,49.306376,scenario_000,short
1039,42,22.076106,0.651991,0.47146,1,108.448549,scenario_000,medium
1040,42,1.786524,0.420052,0.502532,1,46.151567,scenario_000,short
1041,42,19.354995,0.478044,0.818332,0,92.283338,scenario_000,medium
1042,42,1.400275,0.308309,0.404568,1,45.072423,scenario_000,short
1043,42,1.505652,0.232771,0.854812,2,44.831316,scenario_000,short
1044,42,9.183094,0.742591,0.593046,0,72.517507,scenario_000,medium
1045,42,1.310263,0.439598,0.60865,2,44.365447,scenario_000,short
1046,42,9.117118,0.522746,0.484755,2,52.955255,scenario_000,medium
1047,42,2.401359,0.331179,0.502583,0,49.836485,scenario_000,short
1048,42,12.250459,0.661093,0.590414,0,87.141493,scenario_000,medium
1049,42,1.188824,0.405772,0.738796,0,47.191519,scenario_000,short
1050,42,10.971602,0.528203,0.585452,0,77.247133,scenario_000,medium
1051,42,8.148581,0.648434,0.629947,0,71.546402,scenario_000,medium
1052,42,18.75386,0.592635,0.6071,2,72.680476,scenario_000,medium
1053,42,8.964791,0.364799,0.337827,2,59.690911,scenario_000,medium
1054,42,1.779194,0.54527,0.447334,1,45.407023,scenario_000,short
1055,42,8.786705,0.848999,0.859925,0,76.423839,scenario_000,medium
1056,42,1.684394,0.22141,0.602193,0,47.337824,scenario_000,short
1057,42,3.043671,0.203502,0.231613,0,55.572581,scenario_000,short
1058,42,1.689717,0.239949,0.262216,2,44.659446,scenario_000,short
1059,42,7.718098,0.586298,0.653064,2,56.430086,scenario_000,medium
1060,42,10.939291,0.397908,0.505827,0,82.428014,scenario_000,medium
1061,42,11.079315,0.568605,0.776407,0,80.764881,scenario_000,medium
1062,42,3.023355,0.412164,0.244996,2,47.829978,scenario_000,short
1063,42,1.657538,0.649463,0.786163,0,47.407094,scenario_000,short
1064,42,16.285191,0.183797,0.234791,0,91.77444,scenario_000,medium
1065,42,10.116797,0.671565,0.932903,1,66.287989,scenario_000,medium
1066,42,16.474538,0.300114,0.258315,0,88.589636,scenario_000,long
1067,42,1.152745,0.704325,0.656462,2,43.536242,scenario_000,short
1068,42,1.760285,0.205143,0.561814,1,47.241662,scenario_000,short
1069,42,2.635572,0.664816,0.899206,0,50.937747,scenario_000,short
1070,42,9.870817,0.640161,0.534492,2,59.248419,scenario_000,medium
1071,42,6.904119,0.292577,0.399065,2,50.931149,scenario_000,medium
1072,42,10.260289,0.398704,0.499938,0,74.281324,scenario_000,medium
1073,43,1.854065,0.48973,0.59585,1,47.298547,scenario_000,short
1074,43,1.474215,0.782314,1.0,2,45.630451,scenario_000,short
1075,43,2.48645,0.410032,0.670297,1,48.349436,scenario_000,short
1076,43,2.062743,0.526452,0.990618,2,45.566633,scenario_000,short
1077,43,11.612454,0.942106,0.83195,0,79.543663,scenario_000,medium
1078,43,1.886816,0.355854,0.447403,0,50.082845,scenario_000,short
1079,43,1.813755,0.402723,0.521317,1,47.781815,scenario_000,short
1080,43,13.023478,0.542074,0.561532,0,84.131487,scenario_000,medium
1081,43,1.556174,0.142358,0.128676,0,49.095919,scenario_000,short
1082,43,2.132611,0.510813,0.887258,0,49.956501,scenario_000,short
1083,43,18.080777,0.890235,0.887686,2,69.979908,scenario_000,long
1084,43,19.12126,0.295892,0.628932,1,83.210014,scenario_000,medium
1085,43,2.416931,0.809901,0.8732,2,46.199224,scenario_000,short
1086,43,1.675099,0.772321,0.515566,2,45.725388,scenario_000,short
1087,43,1.779012,0.342957,0.382258,1,46.858442,scenario_000,short
1088,43,1.549941,0.149286,0.220742,0,48.344842,scenario_000,short
1089,43,14.058937,0.444881,0.585297,0,95.509867,scenario_000,medium
1090,43,21.831603,0.434082,0.460686,0,124.293442,scenario_000,medium
1091,43,1.468632,0.508371,0.649634,1,45.915581,scenario_000,short
1092,43,24.025438,0.770566,0.504855,1,101.355446,scenario_000,medium
1093,43,2.316116,0.653251,0.825403,0,51.006729,scenario_000,short
1094,43,1.964479,0.617435,0.689164,1,47.460596,scenario_000,short
1095,43,1.977887,0.390146,0.276883,1,48.231401,scenario_000,short
1096,43,1.255641,0.099319,0.624937,2,45.103393,scenario_000,short
1097,43,1.552982,0.225945,0.162171,0,48.118947,scenario_000,short
1098,43,1.38996,0.773748,1.0,0,49.046068,scenario_000,short
1099,43,1.499741,0.076436,0.435594,0,48.168268,scenario_000,short
1100,43,8.348013,0.653502,0.610895,1,67.558473,scenario_000,medium
1101,43,2.523188,0.765051,0.624367,0,54.258587,scenario_000,short
1102,43,9.128124,1.0,1.0,1,61.198731,scenario_000,long
1103,43,1.820259,0.347009,0.521784,2,45.223886,scenario_000,short
1104,43,2.296623,0.694318,0.833541,2,46.692072,scenario_000,short
1105,43,20.206342,1.0,0.69291,0,97.56246,scenario_000,long
1106,43,1.829313,0.086926,0.329962,0,48.28258,scenario_000,short
1107,43,2.360917,0.324265,0.733258,0,49.169736,scenario_000,short
1108,43,2.05984,0.117974,0.272502,1,48.174196,scenario_000,short
1109,43,10.162409,0.844567,0.710826,2,55.099887,scenario_000,medium
1110,43,16.387418,0.933381,0.811098,2,65.529567,scenario_000,medium
1111,43,15.347487,0.669316,0.71284,0,86.461296,scenario_000,long
1112,43,2.452368,0.281708,0.242781,2,47.076451,scenario_000,short
1113,43,2.182884,0.478424,0.66754,0,49.342452,scenario_000,short
1114,43,1.958627,0.566883,0.620299,0,51.517422,scenario_000,short
1115,43,1.670459,0.866402,0.724255,2,46.032202,scenario_000,short
1116,43,2.335747,0.334546,0.235032,2,46.774488,scenario_000,short
1117,43,1.478975,0.344618,0.497672,1,46.892179,scenario_000,short
1118,43,1.67278,0.268849,0.301277,0,49.31909,scenario_000,short
1119,43,10.297072,0.677429,0.598911,1,67.766148,scenario_000,medium
1120,43,1.883715,0.141789,0.127973,0,51.327834,scenario_000,short
1121,43,1.660127,0.433455,0.473845,0,48.859496,scenario_000,short
1122,43,30.956336,0.479653,0.804102,0,128.612349,scenario_000,long
1123,43,1.543121,0.130103,0.164093,0,47.310419,scenario_000,short
1124,43,7.570213,0.523087,0.736532,2,53.918087,scenario_000,medium
1125,43,1.810785,0.443125,0.787082,2,46.654031,scenario_000,short
1126,43,11.734345,0.341079,0.777394,0,74.694886,scenario_000,long
1127,43,10.104467,0.23358,0.475744,2,61.760255,scenario_000,medium
1128,43,13.254841,0.641565,0.643823,0,85.543665,scenario_000,long
1129,43,1.975963,0.254968,0.179686,2,46.635038,scenario_000,short
1130,43,3.477287,0.24775,0.49077,0,51.844654,scenario_000,short
1131,44,10.669446,0.700622,0.49608,0,76.900567,scenario_000,medium
1132,44,12.544659,0.635552,0.635926,0,89.534029,scenario_000,medium
1133,44,1.627884,0.374806,0.829023,1,47.715879,scenario_000,short
1134,44,1.432601,0.274476,0.153265,1,48.276872,scenario_000,short
1135,44,13.690835,0.694375,1.0,0,100.26176,scenario_000,medium
1136,44,7.642405,0.522344,0.4468,0,72.321112,scenario_000,medium
1137,44,9.838917,0.93874,0.860707,0,72.676991,scenario_000,medium
1138,44,1.498299,0.674084,0.422238,2,46.733921,scenario_000,short
1139,44,8.764452,0.69564,0.740285,0,68.084085,scenario_000,medium
1140,44,1.097874,0.364239,0.341381,2,45.71672,scenario_000,short
1141,44,1.892217,0.191271,0.421609,2,46.948589,scenario_000,short
1142,44,1.724124,0.362557,0.659113,0,49.340209,scenario_000,short
1143,44,2.148337,0.668661,0.874567,2,48.372479,scenario_000,short
1144,44,1.752841,0.103395,0.2346,1,48.685179,scenario_000,short
1145,44,1.547457,0.567425,0.514275,0,50.857012,scenario_000,short
1146,44,2.166375,0.147718,0.456639,2,48.327314,scenario_000,short
1147,44,17.882958,0.533783,0.607088,0,116.409273,scenario_000,medium
1148,44,2.336587,0.301539,0.504925,0,52.815475,scenario_000,short
1149,44,5.462757,0.334128,0.395452,1,58.964711,scenario_000,medium
1150,44,2.15178,0.699711,0.681321,2,47.360533,scenario_000,short
1151,44,1.989373,0.518293,0.613601,2,47.921937,scenario_000,short
1152,44,2.667185,0.436985,0.902647,0,51.646504,scenario_000,short
1153,44,5.080743,0.597433,0.763783,0,63.890444,scenario_000,medium
1154,44,16.695581,0.218577,0.452489,0,113.523643,scenario_000,medium
1155,44,2.067506,0.480367,0.412608,2,47.088989,scenario_000,short
1156,44,10.238652,0.914693,0.964529,0,71.686572,scenario_000,medium
1157,44,1.352923,0.223847,0.2706,2,46.222822,scenario_000,short
1158,44,12.687997,0.391833,0.755871,0,97.196405,scenario_000,medium
1159,44,1.491514,0.420485,0.467815,2,46.361265,scenario_000,short
1160,44,2.061593,0.484962,0.591104,0,51.880161,scenario_000,short
1161,44,14.958795,0.150455,0.166401,0,97.488522,scenario_000,medium
1162,44,1.457711,0.703871,0.657766,2,45.811431,scenario_000,short
1163,44,1.711007,0.693577,0.678677,0,48.45157,scenario_000,short
1164,44,1.37141,0.353023,0.713124,0,49.605841,scenario_000,short
1165,44,1.417565,0.349389,0.575618,1,48.090106,scenario_000,short
1166,44,1.58979,0.11371,0.175884,0,49.675669,scenario_000,short
1167,44,8.297878,0.355572,0.272367,0,69.337346,scenario_000,medium
1168,44,1.626976,0.194587,0.273765,0,48.607127,scenario_000,short
1169,44,1.52914,0.719924,1.0,1,46.83562,scenario_000,short
1170,44,1.407342,0.273305,0.306159,1,48.342126,scenario_000,short
1171,44,10.080211,0.193446,0.287774,1,62.019155,scenario_000,medium
1172,44,11.560246,0.820361,0.82824,0,89.262927,scenario_000,medium
1173,44,1.619581,0.278568,0.599261,0,50.406537,scenario_000,short
1174,44,2.121862,0.530123,0.505572,0,53.507536,scenario_000,short
1175,44,1.429477,0.353063,0.574141,0,49.55887,scenario_000,short
1176,45,1.866006,0.287327,0.205373,0,50.5664,scenario_000,short
1177,45,25.94482,0.693726,0.677166,0,130.799426,scenario_000,medium
1178,45,1.776607,0.27102,0.686501,2,47.111074,scenario_000,short
1179,45,1.996222,0.101163,0.274652,1,50.504838,scenario_000,short
1180,45,1.880755,0.197162,0.085408,0,50.228575,scenario_000,short
1181,45,2.047042,0.564942,0.628624,2,48.133843,scenario_000,short
1182,45,1.924519,0.079401,0.525309,2,48.731563,scenario_000,short
1183,45,1.797961,0.348858,0.500804,1,49.189998,scenario_000,short
1184,45,1.927081,0.101515,0.379416,1,48.97575,scenario_000,short
1185,45,1.401178,0.178151,0.465218,0,50.821141,scenario_000,short
1186,45,1.347805,0.244154,0.318262,1,49.243346,scenario_000,short
1187,45,8.327624,0.452718,0.671387,0,80.345893,scenario_000,medium
1188,45,15.998167,0.725758,0.852073,2,63.845443,scenario_000,medium
1189,45,22.979347,0.740844,0.803926,0,114.891973,scenario_000,medium
1190,45,10.093162,0.463672,0.489581,2,62.735153,scenario_000,medium
1191,45,16.887535,0.567611,0.991508,0,114.026306,scenario_000,medium
1192,45,1.998747,0.108773,0.23686,1,50.76035,scenario_000,short
1193,45,14.97388,0.588317,0.566757,0,101.422257,scenario_000,medium
1194,45,1.821799,0.306096,0.440044,0,50.399144,scenario_000,short
1195,45,1.883803,0.315017,0.510812,1,49.823821,scenario_000,short
1196,45,2.096813,0.353097,0.561629,1,49.999101,scenario_000,short
1197,45,3.004666,0.212492,0.228431,0,55.895774,scenario_000,short
1198,45,1.518411,0.759833,0.680019,2,47.819137,scenario_000,short
1199,45,9.849953,1.0,1.0,2,64.031541,scenario_000,medium
1200,45,2.059801,0.717862,0.690937,0,54.295663,scenario_000,short
1201,45,2.377561,0.379157,0.528414,0,55.479737,scenario_000,short
1202,45,1.163402,0.079265,0.370864,0,49.292184,scenario_000,short
1203,45,1.708453,0.611941,0.455762,0,49.881951,scenario_000,short
1204,45,11.299826,0.361932,0.477593,1,66.567359,scenario_000,medium
1205,45,26.114025,0.673697,0.777201,0,151.439376,scenario_000,medium
1206,45,1.445448,0.518521,0.964321,0,50.002881,scenario_000,short
1207,45,11.400343,0.717667,0.854803,0,83.435757,scenario_000,medium
1208,45,18.117691,0.400637,0.796594,2,75.002274,scenario_000,medium
1209,45,2.014159,0.117477,0.198596,0,53.367998,scenario_000,short
1210,45,1.631582,0.230695,0.379446,2,48.234238,scenario_000,short
1211,45,11.717188,1.0,0.993389,1,79.339146,scenario_000,medium
1212,45,1.399923,0.776003,0.765913,1,47.947878,scenario_000,short
1213,45,2.000164,0.759613,0.868572,2,47.364967,scenario_000,short
1214,45,14.252814,0.377214,0.541438,0,107.621357,scenario_000,medium
1215,45,1.512126,0.108618,0.071005,0,51.351769,scenario_000,short
1216,45,1.907755,0.113687,0.55077,2,48.837072,scenario_000,short
1217,45,10.937369,0.163717,0.281688,0,81.35584,scenario_000,medium
1218,45,1.84195,0.286253,0.274794,0,51.665257,scenario_000,short
1219,45,1.372655,0.063564,0.29551,2,47.33908,scenario_000,short
1220,45,11.798011,0.197993,0.303579,1,76.623247,scenario_000,medium
1221,45,1.707063,0.233154,0.474298,0,49.93452,scenario_000,short
1222,46,15.67347,0.764782,0.67641,0,109.380247,scenario_000,medium
1223,46,18.406746,1.0,0.83672,1,96.339333,scenario_000,medium
1224,46,1.689174,0.308328,0.600848,0,51.355679,scenario_000,short
1225,46,2.605578,0.496715,0.444327,1,53.99462,scenario_000,short
1226,46,1.751896,0.068756,0.432638,2,48.368904,scenario_000,short
1227,46,1.576211,0.407513,0.470505,2,48.511056,scenario_000,short
1228,46,11.958377,0.37575,0.767601,2,66.866663,scenario_000,medium
1229,46,1.358106,0.232653,0.345813,1,48.53187,scenario_000,short
1230,46,7.571231,0.694185,0.738914,0,67.253326,scenario_000,medium
1231,46,1.726039,0.179782,0.349705,0,51.398098,scenario_000,short
1232,46,1.768571,0.184914,0.337094,1,51.520406,scenario_000,short
1233,46,7.906388,0.720413,0.886998,2,58.253316,scenario_000,medium
1234,46,2.124371,0.141829,0.657739,2,50.060891,scenario_000,short
1235,46,7.370597,0.498525,0.67056,2,58.069133,scenario_000,medium
1236,46,1.763489,0.390137,0.34122,0,53.787414,scenario_000,short
1237,46,9.880998,0.855458,0.793234,2,59.026725,scenario_000,medium
1238,46,2.780965,0.376215,0.63031,0,55.129558,scenario_000,short
1239,46,1.450367,0.534342,0.675487,1,48.7582,scenario_000,short
1240,46,1.75653,0.705664,0.620936,2,48.558735,scenario_000,short
1241,46,1.808368,0.317914,0.497453,0,52.553216,scenario_000,short
1242,46,1.730886,0.60938,0.572961,2,49.03926,scenario_000,short
1243,46,16.074399,0.682486,0.726575,2,75.353312,scenario_000,long
1244,46,14.824801,0.841879,0.600767,2,66.507577,scenario_000,medium
1245,46,2.135846,0.576847,0.593889,2,48.904891,scenario_000,short
1246,46,12.441582,0.272338,0.444951,0,88.560251,scenario_000,medium
1247,46,17.453225,0.449547,0.290197,1,89.8636,scenario_000,medium
1248,46,1.337551,0.753048,0.990923,2,48.466679,scenario_000,short
1249,46,2.128909,0.366234,0.345849,0,53.735184,scenario_000,short
1250,46,1.800975,0.530215,0.642665,1,49.669204,scenario_000,short
1251,46,10.933189,0.622713,1.0,0,93.69746,scenario_000,medium
1252,46,12.340206,0.159845,0.103039,2,70.042572,scenario_000,medium
1253,46,1.303398,0.361688,0.620781,1,49.505359,scenario_000,short
1254,46,7.178081,0.541696,0.459387,0,77.952965,scenario_000,medium
1255,46,1.507603,0.097232,0.263257,1,48.79666,scenario_000,short
1256,46,1.963996,0.095084,0.371006,0,53.792296,scenario_000,short
1257,46,16.369891,0.493784,0.394999,0,104.893064,scenario_000,medium
1258,46,9.363604,0.606756,0.540052,0,75.020948,scenario_000,medium
1259,46,15.865179,0.406552,0.822037,0,112.620932,scenario_000,medium
1260,46,1.998476,0.437071,0.449515,1,51.795856,scenario_000,short
1261,46,2.071793,0.101281,0.497003,0,52.384313,scenario_000,short
1262,46,1.642499,0.627681,0.407318,2,49.067441,scenario_000,short
1263,46,1.697197,0.438496,0.697927,2,48.635109,scenario_000,short
1264,46,8.495349,0.510057,0.414435,2,61.140773,scenario_000,medium
1265,46,6.466653,0.522447,0.652419,1,65.73257,scenario_000,medium
1266,46,5.475601,0.615659,0.757213,0,61.756928,scenario_000,medium
1267,46,1.760772,0.693254,0.553596,2,48.866274,scenario_000,short
1268,46,2.267583,0.090151,0.465377,1,51.666923,scenario_000,short
1269,46,14.18799,0.588827,0.747665,0,83.175733,scenario_000,medium
1270,46,1.489784,0.353625,0.468842,0,50.6639,scenario_000,short
1271,46,5.936847,0.134874,0.167404,0,66.062938,scenario_000,medium
1272,46,1.26251,0.699512,0.837651,0,50.295426,scenario_000,short
1273,46,1.898474,0.382277,0.303764,0,52.414394,scenario_000,short
1274,46,1.52235,0.352038,0.301154,0,50.621423,scenario_000,short
1275,46,2.041736,0.267551,0.275678,2,49.540053,scenario_000,short
1276,46,1.929024,0.780666,0.897876,1,52.088712,scenario_000,short
1277,46,13.143367,0.47419,0.544973,0,90.025731,scenario_000,medium
1278,46,1.467846,0.484635,0.599588,0,51.864379,scenario_000,short
1279,46,24.005816,0.687148,1.0,2,77.480048,scenario_000,long
1280,46,1.27479,0.256228,0.428391,0,50.912343,scenario_000,short
1281,46,2.406077,0.088031,0.436376,0,55.362158,scenario_000,short
1282,46,13.079849,0.650971,0.910514,2,69.863069,scenario_000,medium
1283,46,2.456124,0.376128,0.648077,0,52.901388,scenario_000,short
1284,46,9.112865,0.333631,0.520261,1,67.770952,scenario_000,medium
1285,46,1.616415,0.239723,0.293345,0,50.371946,scenario_000,short
1286,46,1.152217,0.50636,0.580391,1,48.729955,scenario_000,short
1287,46,5.315548,0.355263,0.532906,0,59.935133,scenario_000,medium
1288,46,1.977002,0.366188,0.730659,1,50.006871,scenario_000,short
1289,47,1.86513,0.577384,0.647449,0,54.520016,scenario_000,short
1290,47,1.474739,0.337886,0.677395,1,49.819522,scenario_000,short
1291,47,1.577609,0.332198,0.447682,0,52.772722,scenario_000,short
1292,47,1.661704,0.349009,0.240384,2,49.880251,scenario_000,short
1293,47,2.288679,0.490366,0.44246,2,51.401247,scenario_000,short
1294,47,23.494102,0.688311,0.682572,0,151.947862,scenario_000,medium
1295,47,1.921764,0.700211,0.658021,0,53.066929,scenario_000,short
1296,47,6.278701,0.553429,0.47126,0,71.587896,scenario_000,medium
1297,47,1.986158,0.448845,0.432077,2,50.761436,scenario_000,short
1298,47,1.579066,0.66241,0.799365,0,52.862144,scenario_000,short
1299,47,10.164838,0.438212,0.326635,0,90.191088,scenario_000,medium
1300,47,16.406428,0.380945,0.523444,2,70.680647,scenario_000,medium
1301,47,1.442734,0.185967,0.369261,0,51.289517,scenario_000,short
1302,47,7.842455,0.645531,0.631121,2,56.495208,scenario_000,medium
1303,47,1.516352,0.515259,0.6775,0,53.737568,scenario_000,short
1304,47,8.056974,0.53637,0.56981,0,69.087389,scenario_000,medium
1305,47,1.936535,0.199004,0.402058,1,51.493413,scenario_000,short
1306,47,1.258791,0.256508,0.876317,0,51.676658,scenario_000,short
1307,47,9.973772,0.128172,0.344938,0,75.535819,scenario_000,medium
1308,47,11.996247,0.575833,0.450983,0,95.298015,scenario_000,medium
1309,47,3.824209,0.570405,0.805019,2,53.188067,scenario_000,short
1310,47,8.3003,1.0,0.79934,1,65.686,scenario_000,medium
1311,47,1.133324,0.22898,0.400763,2,48.954439,scenario_000,short
1312,47,7.415821,0.584132,0.448411,2,58.904424,scenario_000,medium
1313,47,2.416479,0.419997,0.494411,0,57.179808,scenario_000,short
1314,47,1.679248,0.425516,0.353965,0,53.649862,scenario_000,short
1315,47,1.248564,0.141775,0.236252,2,49.342299,scenario_000,short
1316,47,12.103127,0.357803,0.444915,0,81.823136,scenario_000,medium
1317,47,1.52054,0.714111,0.518908,0,52.977392,scenario_000,short
1318,47,2.863101,0.666746,0.520841,1,55.577084,scenario_000,short
1319,47,18.122477,0.375351,0.338959,2,69.052254,scenario_000,medium
1320,47,13.885093,0.349634,0.570599,0,84.676592,scenario_000,long
1321,47,14.918916,0.615753,0.778717,1,76.940332,scenario_000,medium
1322,47,1.82677,0.440314,0.507395,2,50.68519,scenario_000,short
1323,47,1.7861,0.28123,0.1699,0,52.343247,scenario_000,short
1324,47,10.346721,0.188769,0.31792,1,76.959119,scenario_000,medium
1325,47,1.701282,0.376612,0.448142,0,53.177477,scenario_000,short
1326,47,15.183435,0.171031,0.14526,2,76.42542,scenario_000,medium
1327,47,8.916801,0.639813,0.966055,2,57.494453,scenario_000,medium
1328,47,10.902278,0.342035,0.62223,0,76.258898,scenario_000,medium
1329,47,2.012158,0.438978,0.656298,2,49.883043,scenario_000,short
1330,47,1.164016,0.620191,0.729069,1,49.918609,scenario_000,short
1331,47,2.714818,0.221959,0.166294,1,54.180761,scenario_000,short
1332,47,2.137467,0.261182,0.356566,0,54.660186,scenario_000,short
1333,47,17.477695,0.564301,0.501045,1,99.908977,scenario_000,medium
1334,47,1.849091,0.847602,0.793253,1,51.77647,scenario_000,short
1335,47,17.309421,0.518767,0.431634,1,88.815986,scenario_000,medium
1336,47,13.254577,0.298079,0.342331,2,69.024087,scenario_000,medium
1337,47,1.961125,0.425986,0.280791,0,54.255335,scenario_000,short
1338,47,2.189731,0.575537,0.611595,1,53.440761,scenario_000,short
1339,47,2.000818,0.79911,0.764754,0,54.983222,scenario_000,short
1340,47,1.074036,0.409391,0.738044,2,48.705342,scenario_000,short
1341,48,1.709739,0.055882,0.171549,0,54.042825,scenario_000,short
1342,48,12.408341,0.295821,0.280208,1,79.979608,scenario_000,medium
1343,48,11.010141,0.274255,0.396441,2,68.706798,scenario_000,medium
1344,48,1.377047,0.371909,0.399196,0,52.195321,scenario_000,short
1345,48,1.565614,0.540104,0.47848,2,50.85266,scenario_000,short
1346,48,1.914997,0.146783,0.167324,0,54.92558,scenario_000,short
1347,48,1.7187,0.269181,0.569602,1,52.367621,scenario_000,short
1348,48,15.817327,0.940853,0.941953,0,89.600983,scenario_000,long
1349,48,1.712101,0.450707,0.46873,0,53.040423,scenario_000,short
1350,48,2.392734,0.657752,0.512479,2,52.224584,scenario_000,short
1351,48,1.359707,0.167973,0.211412,0,51.512514,scenario_000,short
1352,48,10.560907,0.610544,0.689959,0,77.611893,scenario_000,medium
1353,48,1.267934,0.276356,0.146031,2,50.529405,scenario_000,short
1354,48,1.476426,0.757417,0.854421,0,53.59685,scenario_000,short
1355,48,1.39249,0.432345,0.579149,1,51.545577,scenario_000,short
1356,48,16.056351,0.597344,0.788465,2,75.707687,scenario_000,medium
1357,48,24.502238,0.686675,0.725635,2,93.35457,scenario_000,long
1358,48,1.853358,0.413943,0.538639,2,51.765955,scenario_000,short
1359,48,2.018614,0.19952,0.328139,2,51.387062,scenario_000,short
1360,48,1.941573,0.221389,0.289194,2,51.096008,scenario_000,short
1361,48,1.95494,0.611647,0.755031,1,52.266362,scenario_000,short
1362,48,2.340927,0.462705,0.762765,0,56.870146,scenario_000,short
1363,48,8.377228,0.772401,0.522181,0,70.260331,scenario_000,medium
1364,48,1.079414,0.077898,0.05,0,52.183855,scenario_000,short
1365,48,2.119315,0.492041,0.511296,0,53.945939,scenario_000,short
1366,48,7.697465,0.694613,0.695738,1,72.213912,scenario_000,medium
1367,48,1.216826,0.287439,0.156338,0,52.702664,scenario_000,short
1368,48,8.239538,0.747882,0.560625,0,76.154727,scenario_000,medium
1369,48,1.656949,0.335478,0.286768,0,54.811114,scenario_000,short
1370,48,8.556034,0.666231,0.730495,2,62.326417,scenario_000,medium
1371,48,2.179216,0.472134,0.395508,2,51.89539,scenario_000,short
1372,48,1.931368,0.484991,0.874463,2,51.301055,scenario_000,short
1373,48,1.826903,0.427042,0.572763,0,56.110802,scenario_000,short
1374,48,1.786951,0.565091,0.595129,1,53.265172,scenario_000,short
1375,48,1.907903,0.472603,0.695865,1,51.688283,scenario_000,short
1376,48,2.312659,0.493529,0.591294,0,54.097493,scenario_000,short
1377,48,13.692563,0.19872,0.743914,0,102.186698,scenario_000,medium
1378,48,1.999699,0.299174,0.224083,2,50.947411,scenario_000,short
1379,48,11.246558,0.996173,0.850619,1,74.525164,scenario_000,medium
1380,48,18.32132,0.753835,0.704323,1,83.663185,scenario_000,medium
1381,48,4.637172,0.565124,0.701659,2,54.240245,scenario_000,medium
1382,48,1.758476,0.196757,0.336413,2,50.776944,scenario_000,short
1383,48,17.358198,0.540256,0.42664,0,102.443102,scenario_000,medium
1384,48,2.025612,0.312411,0.469425,1,52.137871,scenario_000,short
1385,48,1.721168,0.622293,0.785766,0,53.372188,scenario_000,short
1386,48,1.484111,0.104978,0.219133,0,52.208547,scenario_000,short
1387,49,1.825483,0.345522,0.245315,1,54.555252,scenario_000,short
1388,49,2.222053,0.47512,0.472712,1,54.183184,scenario_000,short
1389,49,8.726986,1.0,1.0,2,61.399859,scenario_000,medium
1390,49,19.72754,0.922945,0.847583,0,127.090576,scenario_000,long
1391,49,1.833258,0.798391,0.653832,2,51.332296,scenario_000,short
1392,49,9.111028,0.341016,0.387103,0,78.650459,scenario_000,medium
1393,49,11.678108,1.0,1.0,1,72.450518,scenario_000,long
1394,49,12.806269,0.645187,0.52294,1,78.929527,scenario_000,medium
1395,49,1.427369,0.09459,0.147321,2,51.713267,scenario_000,short
1396,49,17.818264,0.509446,0.641443,0,98.706584,scenario_000,medium
1397,49,1.455239,0.634763,0.662177,0,55.336937,scenario_000,short
1398,49,12.303286,0.172107,0.615748,0,83.958755,scenario_000,medium
1399,49,5.711984,0.862123,0.930597,2,60.640292,scenario_000,medium
1400,49,2.730697,0.377527,0.522165,2,52.642709,scenario_000,short
1401,49,1.612284,0.327397,0.747276,0,54.708266,scenario_000,short
1402,49,17.992219,0.286716,0.15677,2,71.870557,scenario_000,long
1403,49,1.690644,0.471501,0.634276,0,56.510213,scenario_000,short
1404,49,12.957165,0.173784,0.400401,2,67.131009,scenario_000,medium
1405,49,16.334652,0.314587,0.205154,0,112.769271,scenario_000,medium
1406,49,1.791058,0.801037,0.798824,1,53.975213,scenario_000,short
1407,49,26.651552,0.227183,0.256622,1,133.246634,scenario_000,medium
1408,49,3.181861,0.146897,0.327513,0,61.150259,scenario_000,short
1409,49,1.356679,0.505789,0.463012,2,51.525846,scenario_000,short
1410,49,13.309902,0.35122,0.349437,0,104.57938,scenario_000,medium
1411,49,1.6832,0.342199,0.22779,2,52.385004,scenario_000,short
1412,49,10.16374,0.893785,0.864043,0,93.557972,scenario_000,medium
1413,49,2.173482,0.471388,0.372604,0,55.10224,scenario_000,short
1414,49,1.725138,0.055964,0.133238,0,54.42544,scenario_000,short
1415,49,14.015859,0.377998,0.401394,0,100.263379,scenario_000,medium
1416,49,1.564098,0.24622,0.23652,0,54.985923,scenario_000,short
1417,49,12.213263,0.856983,0.986092,2,70.920214,scenario_000,medium
1418,49,2.063136,0.12535,0.353829,0,54.741791,scenario_000,short
1419,49,1.761307,0.447275,0.558701,2,51.047843,scenario_000,short
1420,49,1.844239,0.173675,0.232197,1,54.651033,scenario_000,short
1421,49,10.516369,0.948851,0.680114,2,65.700227,scenario_000,medium
1422,49,1.891749,0.435154,0.387827,0,56.404326,scenario_000,short
1423,49,1.23999,0.287426,0.422578,0,52.651462,scenario_000,short
1424,49,2.949369,0.298306,0.342041,2,53.533062,scenario_000,short
1425,49,1.587415,0.15469,0.432941,0,53.255375,scenario_000,short
1426,49,13.147737,0.676802,0.640133,2,67.560407,scenario_000,medium
1427,49,2.149474,0.26033,0.554612,0,56.23932,scenario_000,short
1428,49,1.556056,0.445331,0.541835,2,51.187936,scenario_000,short
1429,49,2.501432,0.101636,0.344638,2,53.081913,scenario_000,short
1430,49,2.224539,0.198218,0.611415,0,55.866791,scenario_000,short
1431,49,1.267878,0.276629,0.307379,0,52.50373,scenario_000,short
1432,49,9.903211,0.638591,0.557613,1,78.191759,scenario_000,medium
1433,49,19.554372,0.854623,1.0,0,108.634791,scenario_000,long
1434,49,1.696578,0.139129,0.306308,0,56.086713,scenario_000,short
1435,49,1.911579,0.70757,0.547812,0,54.726088,scenario_000,short
1436,49,1.885215,0.327259,0.432595,0,56.73528,scenario_000,short
1437,49,25.637788,0.92289,0.811485,0,154.867584,scenario_000,long
1438,49,1.998818,0.671581,0.715608,0,54.973125,scenario_000,short
1439,49,12.880863,0.742408,0.803607,0,85.072059,scenario_000,medium
1440,49,20.369555,0.652537,0.680645,0,109.51116,scenario_000,long
1441,49,1.753577,0.326903,0.353185,0,56.418844,scenario_000,short
1442,49,1.739536,0.775023,0.531136,0,56.654447,scenario_000,short
1443,49,1.397054,0.357833,0.582892,2,50.681942,scenario_000,short
1444,49,1.329093,0.369822,0.857758,0,52.800798,scenario_000,short
1445,49,10.568713,0.180954,0.362854,0,78.019408,scenario_000,medium
1446,49,18.438907,0.965336,0.860356,0,120.50177,scenario_000,medium
1447,49,5.383812,0.508153,0.614974,0,70.736384,scenario_000,medium
1448,49,1.475128,0.345799,0.423296,2,50.815586,scenario_000,short
1449,49,1.239075,0.810626,0.872361,2,50.495488,scenario_000,short
1450,49,11.365984,0.598763,0.568931,1,73.217512,scenario_000,medium
1451,49,2.039101,0.634466,0.613112,2,51.830458,scenario_000,short
1452,50,1.694421,0.35241,0.471995,0,57.012982,scenario_000,short
1453,50,2.031437,0.692438,0.631018,2,52.761967,scenario_000,short
1454,50,1.341975,0.330453,0.35959,0,54.48909,scenario_000,short
1455,50,17.67564,0.986619,0.753285,1,95.017767,scenario_000,medium
1456,50,1.569919,0.311881,0.19385,2,52.826339,scenario_000,short
1457,50,1.659547,0.315099,0.44089,1,54.191055,scenario_000,short
1458,50,22.194854,0.495037,0.338667,0,143.061103,scenario_000,long
1459,50,2.029601,0.421227,0.483298,2,53.31603,scenario_000,short
1460,50,23.267002,0.191251,0.439737,2,86.228212,scenario_000,medium
1461,50,1.462845,0.443336,0.504326,0,55.832152,scenario_000,short
1462,50,21.326701,0.637123,0.581733,2,82.62945,scenario_000,medium
1463,50,2.271292,0.566483,0.514817,0,59.69584,scenario_000,short
1464,50,2.17045,0.127357,0.221823,0,56.275805,scenario_000,short
1465,50,1.801521,0.333914,0.321359,2,52.371858,scenario_000,short
1466,50,13.986601,0.390661,0.487951,2,77.126,scenario_000,medium
1467,50,2.143908,0.402806,0.585081,0,58.894726,scenario_000,short
1468,50,2.13943,0.304,0.590929,2,52.828611,scenario_000,short
1469,50,1.439592,0.87934,0.734365,0,54.294075,scenario_000,short
1470,50,1.282748,0.253241,0.214607,2,51.563674,scenario_000,short
1471,50,2.46847,0.864557,0.735903,0,59.335182,scenario_000,short
1472,50,1.831324,0.409542,0.714125,1,54.449992,scenario_000,short
1473,50,1.668449,0.693751,0.708752,1,53.664175,scenario_000,short
1474,50,6.341354,0.714405,0.540166,2,59.661916,scenario_000,medium
1475,50,1.831325,0.533655,0.881738,1,54.96948,scenario_000,short
1476,50,6.781345,0.71413,0.475942,2,60.410714,scenario_000,medium
1477,50,1.671173,0.243772,0.36087,2,52.327525,scenario_000,short
1478,50,1.967271,0.539516,0.68954,0,56.788919,scenario_000,short
1479,50,1.347516,0.187345,0.624454,2,52.217407,scenario_000,short
1480,50,1.276365,0.116666,0.405434,0,55.348843,scenario_000,short
1481,50,14.333644,0.594011,0.902132,0,101.524599,scenario_000,long
1482,50,1.83465,0.050218,0.130366,0,56.405438,scenario_000,short
1483,50,12.117608,0.477003,0.875931,2,66.675188,scenario_000,medium
1484,50,1.271376,0.338082,0.387196,1,53.403855,scenario_000,short
1485,50,2.330179,0.167114,0.266826,1,56.885163,scenario_000,short
1486,50,16.621317,0.62699,0.81036,0,113.30516,scenario_000,long
1487,50,1.394454,0.528884,0.886008,0,54.872641,scenario_000,short
1488,50,22.1895,0.677475,0.737897,2,78.126112,scenario_000,medium
1489,50,13.246752,0.71298,0.980391,0,89.246658,scenario_000,medium
1490,50,13.988514,0.13764,0.215666,2,70.38017,scenario_000,medium
1491,50,1.877691,0.088556,0.431794,2,52.67059,scenario_000,short
1492,50,9.507735,0.61734,0.529276,1,79.439088,scenario_000,medium
1493,50,9.377129,0.504056,0.417799,1,73.808834,scenario_000,medium
1494,50,1.632316,0.320043,0.30975,2,52.40864,scenario_000,short
1495,50,9.641431,0.99856,0.647833,0,90.709322,scenario_000,medium
1496,50,1.641466,0.547199,0.645573,0,55.587625,scenario_000,short
1497,50,2.49206,0.094854,0.172089,2,54.185264,scenario_000,short
1498,50,1.504224,0.245332,0.330561,2,52.686255,scenario_000,short
1499,51,13.379187,0.43936,0.476786,0,109.59569,scenario_000,medium
1500,51,5.795765,0.444182,0.793892,0,76.46078,scenario_000,medium
1501,51,7.082789,0.660566,0.702434,1,72.244805,scenario_000,medium
1502,51,16.796149,0.875962,0.954525,0,98.368528,scenario_000,medium
1503,51,1.994673,0.293681,0.533904,0,58.193104,scenario_000,short
1504,51,18.574093,0.451211,0.44573,2,86.23304,scenario_000,medium
1505,51,14.75401,0.417804,0.428362,0,109.628732,scenario_000,medium
1506,51,8.167086,0.571191,0.750137,1,71.659218,scenario_000,medium
1507,51,2.562063,0.803735,0.854804,1,58.57479,scenario_000,short
1508,51,10.819659,0.757605,1.0,0,96.199644,scenario_000,medium
1509,51,1.78809,0.351818,0.532687,0,57.918558,scenario_000,short
1510,51,1.970013,0.146452,0.231923,2,55.0475,scenario_000,short
1511,51,1.923077,0.098505,0.05,2,54.624703,scenario_000,short
1512,51,13.491006,0.316644,0.54061,0,103.83638,scenario_000,medium
1513,51,11.677805,0.361234,0.339776,1,81.019971,scenario_000,medium
1514,51,1.379922,0.331726,0.512734,2,53.141223,scenario_000,short
1515,51,2.418916,0.148524,0.701501,0,58.795226,scenario_000,short
1516,51,8.27739,0.355732,0.192565,0,79.959912,scenario_000,medium
1517,51,2.375415,0.21873,0.153972,0,59.47579,scenario_000,short
1518,51,1.609873,0.331918,0.166453,1,55.989812,scenario_000,short
1519,51,7.907541,0.610881,0.505847,2,60.454129,scenario_000,medium
1520,51,12.122523,0.943755,0.784506,1,74.31249,scenario_000,medium
1521,51,14.316218,0.437321,0.557653,1,87.937481,scenario_000,medium
1522,51,1.77164,0.352469,0.529065,0,56.102454,scenario_000,short
1523,51,2.034791,0.295466,0.255274,0,59.008373,scenario_000,short
1524,51,16.761571,0.978394,1.0,2,85.05907,scenario_000,medium
1525,51,39.255201,0.879358,1.0,0,189.718235,scenario_000,long
1526,51,1.289365,0.269351,0.728039,0,56.212601,scenario_000,short
1527,51,2.033715,0.336984,0.330528,0,59.483243,scenario_000,short
1528,51,8.983921,0.488584,0.839431,2,66.414923,scenario_000,medium
1529,51,9.933005,0.124394,0.05,2,70.093852,scenario_000,medium
1530,51,1.827814,0.198493,0.68805,1,54.505724,scenario_000,short
1531,51,12.335468,0.472429,0.539183,2,71.75314,scenario_000,medium
1532,51,1.772081,0.373915,0.811823,0,58.400771,scenario_000,short
1533,51,1.474848,0.222648,0.475466,2,52.940318,scenario_000,short
1534,51,15.287617,0.261867,0.225949,0,118.780524,scenario_000,medium
1535,51,1.262262,0.515911,0.409314,2,52.496004,scenario_000,short
1536,51,1.861717,0.663922,0.43901,0,55.873718,scenario_000,short
1537,51,2.691183,0.454484,0.517709,2,55.940398,scenario_000,short
1538,51,20.254165,0.384993,0.419183,2,79.911024,scenario_000,medium
1539,51,15.908091,0.206535,0.425321,2,71.526044,scenario_000,medium
1540,51,12.626292,0.613976,0.505089,0,87.587898,scenario_000,medium
1541,51,10.601859,0.67377,0.509666,2,63.54691,scenario_000,medium
1542,51,25.442288,0.864301,1.0,1,128.91773,scenario_000,long
1543,51,2.275212,0.211841,0.26851,0,58.927846,scenario_000,short
1544,51,1.913189,0.235444,0.691798,0,58.68996,scenario_000,short
1545,51,1.388561,0.697844,0.502514,2,53.78807,scenario_000,short
1546,51,15.020818,0.478223,0.42847,0,117.18464,scenario_000,medium
1547,51,1.50657,0.436186,0.325521,0,55.017549,scenario_000,short
1548,51,2.123029,0.629156,0.793017,0,56.460774,scenario_000,short
1549,51,1.555799,0.335727,0.504872,1,55.453174,scenario_000,short
1550,51,13.646249,0.720832,0.566465,2,74.052881,scenario_000,long
1551,51,2.578502,0.346005,0.376702,0,62.588257,scenario_000,short
1552,51,19.484432,0.656175,0.808424,1,104.228648,scenario_000,long
1553,52,7.29447,0.685998,0.883814,1,66.942424,scenario_000,medium
1554,52,2.204459,0.721963,0.476889,2,55.663444,scenario_000,short
1555,52,1.882331,0.425307,0.64475,0,59.254222,scenario_000,short
1556,52,11.416003,0.153229,0.05,1,79.600335,scenario_000,medium
1557,52,2.463823,0.120312,0.19105,0,59.96009,scenario_000,short
1558,52,1.920858,0.58738,0.964682,2,55.822299,scenario_000,short
1559,52,7.67159,0.946813,0.716626,2,62.997192,scenario_000,medium
1560,52,11.70024,0.878525,0.981243,0,93.051409,scenario_000,medium
1561,52,2.602527,0.100487,0.317792,1,59.699418,scenario_000,short
1562,52,10.527943,0.539274,0.352715,2,70.161469,scenario_000,medium
1563,52,1.527816,0.157825,0.334062,1,56.077814,scenario_000,short
1564,52,1.318532,0.250239,0.555632,2,53.89938,scenario_000,short
1565,52,1.582499,0.428977,0.414545,0,58.326475,scenario_000,short
1566,52,1.566452,0.118827,0.223656,2,54.908223,scenario_000,short
1567,52,2.072801,0.128226,0.557755,0,58.181763,scenario_000,short
1568,52,16.773286,0.6384,0.673408,2,79.64901,scenario_000,medium
1569,52,11.703646,0.263715,0.731877,2,68.895522,scenario_000,long
1570,52,5.867799,0.231893,0.188546,2,61.624844,scenario_000,medium
1571,52,2.470941,0.090192,0.286519,0,58.572416,scenario_000,short
1572,52,7.533038,0.616843,0.81291,2,62.183885,scenario_000,medium
1573,52,11.517284,0.184163,0.369262,1,79.151352,scenario_000,medium
1574,52,6.046796,0.352772,0.577553,1,69.081774,scenario_000,medium
1575,52,1.781233,0.309206,0.484367,0,56.550769,scenario_000,short
1576,52,1.461444,0.139383,0.189943,1,55.97559,scenario_000,short
1577,52,11.888019,0.202561,0.416007,2,66.94949,scenario_000,medium
1578,52,1.92335,0.296228,0.362522,2,55.259804,scenario_000,short
1579,52,13.470167,0.625173,0.510369,2,78.6359,scenario_000,long
1580,52,2.269958,0.319495,0.30625,1,56.088516,scenario_000,short
1581,52,13.595079,1.0,0.909235,0,87.503767,scenario_000,medium
1582,52,24.219126,0.663615,0.949534,2,87.962369,scenario_000,long
1583,52,1.950829,0.389882,0.451401,0,58.190735,scenario_000,short
1584,52,16.266128,0.122647,0.128072,2,80.464051,scenario_000,medium
1585,52,15.641931,0.629121,0.680917,1,86.127086,scenario_000,medium
1586,52,11.753895,0.126131,0.327934,2,69.025518,scenario_000,medium
1587,52,1.442183,0.078507,0.242619,0,56.487943,scenario_000,short
1588,52,7.287858,0.681431,0.808339,2,66.284085,scenario_000,medium
1589,52,1.774654,0.44745,0.576324,2,54.576483,scenario_000,short
1590,52,1.39992,0.75226,0.561202,2,53.796236,scenario_000,short
1591,52,2.162007,0.328076,0.513001,2,55.416848,scenario_000,short
1592,52,1.686916,0.364707,0.592261,0,57.823212,scenario_000,short
1593,52,1.615346,0.467654,0.440982,2,54.580475,scenario_000,short
1594,52,25.063689,1.0,0.944226,0,156.321636,scenario_000,long
1595,52,11.757316,0.607864,0.560986,0,94.110782,scenario_000,medium
1596,52,25.007193,0.848569,0.987524,0,125.664957,scenario_000,long
1597,52,1.505221,0.340652,0.647416,0,57.393992,scenario_000,short
1598,52,19.914258,0.363862,0.226061,1,98.350034,scenario_000,medium
1599,52,6.089246,0.588103,0.749808,2,63.335949,scenario_000,medium
1600,52,1.98706,0.846236,0.875606,1,56.426759,scenario_000,short
1601,52,2.118833,0.402734,0.335147,0,60.328867,scenario_000,short
1602,52,2.305467,0.36138,0.462475,0,58.119285,scenario_000,short
1603,52,1.983493,0.292699,0.17199,0,60.498117,scenario_000,short
1604,53,1.944206,0.567709,0.686149,2,55.831445,scenario_000,short
1605,53,7.546818,0.196332,0.420594,0,85.509556,scenario_000,medium
1606,53,1.665307,0.069103,0.456251,0,58.52626,scenario_000,short
1607,53,1.826926,0.440892,0.461058,0,60.247687,scenario_000,short
1608,53,1.820101,0.051116,0.379734,0,57.776802,scenario_000,short
1609,53,1.941784,0.433932,0.405246,2,56.623038,scenario_000,short
1610,53,15.993747,0.48265,0.30316,0,99.656173,scenario_000,medium
1611,53,1.680182,0.373835,0.461716,0,60.204247,scenario_000,short
1612,53,1.622762,0.337165,0.293753,1,57.153367,scenario_000,short
1613,53,9.367973,0.826009,1.0,0,86.725924,scenario_000,medium
1614,53,2.167217,0.715957,1.0,0,61.843482,scenario_000,short
1615,53,5.711104,0.487037,0.801992,0,72.924357,scenario_000,medium
1616,53,1.677539,0.412566,0.558276,1,58.089707,scenario_000,short
1617,53,1.415642,0.40081,0.339996,2,54.996228,scenario_000,short
1618,53,2.016957,0.642845,0.767124,0,59.906576,scenario_000,short
1619,53,5.164166,0.858468,0.627702,0,73.162889,scenario_000,medium
1620,53,10.272734,0.282543,0.483254,2,69.752672,scenario_000,medium
1621,53,2.370082,0.105863,0.322566,2,56.082612,scenario_000,short
1622,53,1.881548,0.151749,0.31317,1,58.275221,scenario_000,short
1623,53,13.960371,0.619479,0.910138,0,93.108912,scenario_000,long
1624,53,1.83652,0.193187,0.129616,1,58.721012,scenario_000,short
1625,53,2.200661,0.251382,0.399845,1,59.893982,scenario_000,short
1626,53,1.585416,0.10399,0.095411,0,58.855534,scenario_000,short
1627,53,1.618554,0.362056,0.371534,0,57.614525,scenario_000,short
1628,53,1.414242,0.662267,0.717701,2,55.216304,scenario_000,short
1629,53,1.093898,0.402325,0.433708,0,56.366699,scenario_000,short
1630,53,1.899663,0.365224,0.427108,0,58.323283,scenario_000,short
1631,53,1.050982,0.187076,0.541317,2,54.837432,scenario_000,short
1632,53,1.59379,0.599831,0.471897,0,57.982061,scenario_000,short
1633,53,1.217572,0.414623,0.946527,0,57.05214,scenario_000,short
1634,53,1.685813,0.260289,0.414108,0,57.57635,scenario_000,short
1635,53,23.389067,0.940815,1.0,1,103.852553,scenario_000,medium
1636,53,1.726864,0.417261,0.5048,0,57.990508,scenario_000,short
1637,53,2.418243,0.240644,0.321917,0,60.334835,scenario_000,short
1638,53,1.863685,0.160977,0.106872,1,57.462027,scenario_000,short
1639,53,28.062474,0.986567,0.861632,0,141.26407,scenario_000,long
1640,53,6.975031,0.646641,0.692224,0,78.564915,scenario_000,medium
1641,53,24.212628,0.419046,0.687467,0,139.129084,scenario_000,long
1642,53,7.72424,0.992278,0.820744,1,76.885679,scenario_000,medium
1643,53,1.678425,0.178515,0.217877,0,59.030011,scenario_000,short
1644,53,1.707987,0.388572,0.441728,2,55.793306,scenario_000,short
1645,53,1.729356,0.200071,0.315663,2,55.410907,scenario_000,short
1646,53,1.709684,0.543443,1.0,2,55.12105,scenario_000,short
1647,53,1.805768,0.376626,0.453349,0,59.428141,scenario_000,short
1648,53,2.191396,0.385051,0.30484,2,55.611637,scenario_000,short
1649,53,9.368557,0.280205,0.282909,1,78.353601,scenario_000,medium
1650,53,1.57669,0.83832,0.587851,2,56.134264,scenario_000,short
1651,53,18.263817,0.582658,0.929354,1,106.043155,scenario_000,medium
1652,53,1.751626,0.619186,0.691881,1,57.291608,scenario_000,short
1653,53,2.025684,0.65318,0.972596,2,55.460834,scenario_000,short
1654,53,13.768294,0.578905,0.838294,0,89.586902,scenario_000,medium
1655,53,2.240186,0.434863,0.255568,1,59.376576,scenario_000,short
1656,53,2.026189,0.27666,0.489794,2,56.767358,scenario_000,short
1657,53,9.775867,0.562523,0.638377,0,85.636189,scenario_000,medium
1658,54,13.295082,0.575174,0.833028,2,77.378253,scenario_000,medium
1659,54,13.023005,0.120884,0.516991,0,103.292821,scenario_000,medium
1660,54,2.12141,0.255271,0.432193,0,60.049477,scenario_000,short
1661,54,1.87389,0.358158,0.456223,1,57.386889,scenario_000,short
1662,54,1.787916,0.185552,0.481023,1,58.234896,scenario_000,short
1663,54,1.237514,0.407739,0.345752,0,57.21964,scenario_000,short
1664,54,1.698178,0.371786,0.435463,0,59.040964,scenario_000,short
1665,54,9.498794,0.835635,1.0,2,67.576767,scenario_000,medium
1666,54,13.473692,0.816533,0.505468,2,75.253205,scenario_000,medium
1667,54,1.855331,0.376545,0.321651,0,62.078498,scenario_000,short
1668,54,1.683229,0.355942,0.245565,0,59.939306,scenario_000,short
1669,54,1.815006,0.196887,0.451551,2,56.555938,scenario_000,short
1670,54,11.807886,0.331367,0.372962,0,100.598519,scenario_000,medium
1671,54,1.660337,0.360185,0.697946,1,58.074923,scenario_000,short
1672,54,8.003766,0.654853,0.532979,0,81.488329,scenario_000,medium
1673,54,12.481686,1.0,1.0,0,108.261927,scenario_000,medium
1674,54,2.577145,0.136134,0.397549,1,61.132876,scenario_000,short
1675,54,1.714253,0.148824,0.241347,2,57.255193,scenario_000,short
1676,54,1.401429,0.12584,0.244987,0,60.0425,scenario_000,short
1677,54,1.259256,0.7469,0.787674,2,56.297556,scenario_000,short
1678,54,1.57607,0.13165,0.158749,1,57.096502,scenario_000,short
1679,54,1.852189,0.383129,0.400247,0,62.029246,scenario_000,short
1680,54,1.640591,0.278091,0.354485,1,57.516588,scenario_000,short
1681,54,5.666058,0.461031,0.654961,0,79.450222,scenario_000,medium
1682,54,1.972246,0.08407,0.245221,0,59.394406,scenario_000,short
1683,54,2.736709,0.358498,0.212203,1,59.331619,scenario_000,short
1684,54,1.590344,0.127668,0.441974,1,58.25189,scenario_000,short
1685,54,2.352507,0.484202,0.885048,1,60.92221,scenario_000,short
1686,54,1.454668,0.45379,0.343713,2,56.052569,scenario_000,short
1687,54,1.528252,0.227573,0.596862,2,57.001433,scenario_000,short
1688,54,11.410195,0.586435,0.677432,2,76.083076,scenario_000,medium
1689,54,19.078701,0.450988,0.488125,1,97.361297,scenario_000,long
1690,54,1.422213,0.341568,0.755376,1,57.85519,scenario_000,short
1691,54,1.27356,0.441945,0.703761,2,55.614753,scenario_000,short
1692,54,2.13385,0.669441,0.430204,2,57.963116,scenario_000,short
1693,54,6.523333,0.669203,0.708741,2,61.701997,scenario_000,medium
1694,54,1.807717,0.178678,0.346306,2,57.262516,scenario_000,short
1695,54,1.536586,0.552207,0.577323,2,56.485942,scenario_000,short
1696,54,1.729441,0.337934,0.498979,0,60.712739,scenario_000,short
1697,54,1.927378,0.385638,0.57505,0,59.65017,scenario_000,short
1698,54,8.177472,0.449075,0.568194,0,76.67107,scenario_000,medium
1699,54,1.687265,0.231929,0.361969,1,58.107664,scenario_000,short
1700,54,1.755398,0.71607,0.679135,2,57.26882,scenario_000,short
1701,54,14.585151,0.567539,0.629969,0,113.879477,scenario_000,medium
1702,54,10.861589,0.541874,0.618351,0,89.81229,scenario_000,medium
1703,54,10.175615,0.411697,0.361818,0,86.468244,scenario_000,medium
1704,54,10.941685,0.357486,0.162986,2,67.58033,scenario_000,medium
1705,54,12.099997,0.635749,1.0,1,77.953947,scenario_000,medium
1706,55,13.501559,1.0,0.802105,0,100.511891,scenario_000,long
1707,55,11.751939,0.545767,0.567066,0,96.36964,scenario_000,medium
1708,55,1.699723,0.458252,0.540901,0,60.203729,scenario_000,short
1709,55,10.68808,0.60699,1.0,0,101.861565,scenario_000,medium
1710,55,1.986615,0.280232,0.579849,0,60.883276,scenario_000,short
1711,55,2.449898,0.479742,0.469816,1,59.386002,scenario_000,short
1712,55,6.260358,0.406961,0.664401,1,71.052621,scenario_000,medium
1713,55,1.900747,0.551103,0.619893,2,57.437597,scenario_000,short
1714,55,2.145529,0.065967,0.267371,2,59.310856,scenario_000,short
1715,55,10.990733,0.717578,0.592535,0,98.561496,scenario_000,medium
1716,55,12.936732,0.606787,0.938673,0,108.257969,scenario_000,medium
1717,55,1.610345,0.168769,0.304229,0,61.228696,scenario_000,short
1718,55,1.651111,0.387096,0.298947,0,60.614104,scenario_000,short
1719,55,12.889618,0.896584,0.949985,0,91.638823,scenario_000,medium
1720,55,10.484128,0.58745,0.944757,0,96.658327,scenario_000,medium
1721,55,7.253023,0.677148,0.868944,0,78.829366,scenario_000,medium
1722,55,1.869387,0.608913,0.550856,2,57.675801,scenario_000,short
1723,55,2.176035,0.320159,0.433178,0,62.32929,scenario_000,short
1724,55,1.721298,0.688317,0.763148,2,58.263067,scenario_000,short
1725,55,2.235224,0.558068,0.508693,0,62.982112,scenario_000,short
1726,55,2.045131,0.321756,0.520769,1,58.861689,scenario_000,short
1727,55,2.030752,0.285711,0.259013,1,60.875556,scenario_000,short
1728,55,1.723006,0.450335,0.811606,1,60.306388,scenario_000,short
1729,55,2.095968,0.686171,1.0,0,62.184853,scenario_000,short
1730,55,8.874522,0.474947,0.706605,2,72.785652,scenario_000,medium
1731,55,1.654501,0.251606,0.488769,2,57.11506,scenario_000,short
1732,55,2.066981,0.073123,0.278557,0,63.096663,scenario_000,short
1733,55,9.211944,0.958138,0.91992,2,67.964485,scenario_000,long
1734,55,2.038681,0.324679,0.790536,0,60.18543,scenario_000,short
1735,55,1.698617,0.805779,0.850645,0,62.337542,scenario_000,short
1736,55,14.209138,0.28667,0.576776,2,76.124129,scenario_000,medium
1737,55,1.512268,0.383232,0.448528,1,57.971987,scenario_000,short
1738,55,10.0803,0.570217,1.0,1,79.567583,scenario_000,medium
1739,55,1.402187,0.41486,0.381957,2,57.731479,scenario_000,short
1740,55,5.797212,0.720478,0.692836,1,68.636556,scenario_000,medium
1741,55,2.096776,0.069405,0.095434,2,58.855337,scenario_000,short
1742,55,2.345452,0.379469,0.499406,1,60.764131,scenario_000,short
1743,55,10.402421,0.578546,0.384535,0,85.597004,scenario_000,medium
1744,55,9.170254,0.299493,0.511547,1,74.168809,scenario_000,medium
1745,55,1.355003,0.381355,0.337326,0,60.091691,scenario_000,short
1746,55,2.382086,0.290224,0.491981,0,62.363625,scenario_000,short
1747,55,10.383221,0.177821,0.314004,1,82.288263,scenario_000,medium
1748,55,12.875658,0.635114,0.63924,0,87.749166,scenario_000,long
1749,55,2.983436,0.178,0.424503,0,65.936552,scenario_000,short
1750,55,1.904795,0.43843,0.493449,2,58.519676,scenario_000,short
1751,55,1.676739,0.833563,0.778632,0,61.212256,scenario_000,short
1752,55,15.456484,0.342918,0.497065,1,93.279304,scenario_000,medium
1753,55,1.435212,0.472828,0.798383,0,59.01934,scenario_000,short
1754,55,8.431552,0.390186,0.565224,0,87.723486,scenario_000,medium
1755,55,2.108033,0.379569,0.509373,1,60.371737,scenario_000,short
1756,55,13.42297,0.594637,0.453277,2,81.285234,scenario_000,medium
1757,55,1.86366,0.55952,0.405542,0,61.870388,scenario_000,short
1758,55,1.879946,0.646603,0.59388,2,58.819368,scenario_000,short
1759,55,10.886358,0.476207,0.5084,1,83.949108,scenario_000,medium
1760,55,1.812897,0.276829,0.32638,2,57.945471,scenario_000,short
1761,56,1.490928,0.140729,0.093836,2,57.88576,scenario_000,short
1762,56,4.290322,0.649658,0.742524,0,67.334927,scenario_000,medium
1763,56,19.445139,0.334296,0.438942,0,140.54071,scenario_000,medium
1764,56,26.154398,0.892169,0.952333,0,133.653034,scenario_000,long
1765,56,2.811307,0.192027,0.677491,1,63.595087,scenario_000,short
1766,56,1.939407,0.569046,0.475351,2,59.41682,scenario_000,short
1767,56,9.395064,0.632722,0.449118,1,80.344099,scenario_000,medium
1768,56,6.744397,0.540458,0.649918,2,67.334303,scenario_000,medium
1769,56,1.743098,0.419339,0.415098,2,59.443464,scenario_000,short
1770,56,1.968355,0.270725,0.903222,0,62.057754,scenario_000,short
1771,56,1.921489,0.286319,0.270927,0,64.663035,scenario_000,short
1772,56,1.949572,0.212027,0.548028,0,61.529464,scenario_000,short
1773,56,26.701512,0.734357,0.668988,0,147.636389,scenario_000,long
1774,56,0.902628,0.050598,0.351514,2,57.802902,scenario_000,short
1775,56,2.061634,0.32202,0.713375,0,63.015273,scenario_000,short
1776,56,1.483568,0.193233,0.265279,0,61.629648,scenario_000,short
1777,56,1.69004,0.322089,0.371427,0,61.492444,scenario_000,short
1778,56,14.581246,0.350238,0.231938,2,77.653928,scenario_000,medium
1779,56,9.698486,0.320913,0.210441,0,97.509345,scenario_000,medium
1780,56,10.287003,0.249799,0.482391,2,74.879642,scenario_000,medium
1781,56,2.197601,0.269731,0.504789,1,60.649993,scenario_000,short
1782,56,1.537172,0.201188,0.225625,2,57.993015,scenario_000,short
1783,56,1.180204,0.233195,0.664995,0,59.025839,scenario_000,short
1784,56,1.469583,0.472758,0.614163,0,61.830929,scenario_000,short
1785,56,1.575592,0.34405,0.369426,2,57.851334,scenario_000,short
1786,56,7.245938,0.147202,0.246614,0,80.89189,scenario_000,medium
1787,56,2.068046,0.05092,0.66214,0,65.102045,scenario_000,short
1788,56,1.709144,0.308813,0.365332,2,58.246025,scenario_000,short
1789,56,7.143307,0.406025,0.915873,0,86.743464,scenario_000,medium
1790,56,1.970872,0.313613,0.441869,0,63.592639,scenario_000,short
1791,56,1.556125,0.088242,0.473681,0,60.891645,scenario_000,short
1792,56,1.4647,0.414432,0.977819,0,62.128553,scenario_000,short
1793,56,1.619017,0.171712,0.290649,0,60.122072,scenario_000,short
1794,56,1.78982,0.157049,0.343506,0,62.147399,scenario_000,short
1795,56,20.989292,0.265502,0.650718,0,126.052496,scenario_000,medium
1796,56,10.349346,0.350189,0.324814,0,97.902487,scenario_000,medium
1797,56,2.358635,0.297835,0.252413,0,63.145659,scenario_000,short
1798,56,13.563054,0.646894,0.835116,2,79.957115,scenario_000,medium
1799,56,1.915546,0.329884,0.547313,2,59.524245,scenario_000,short
1800,56,2.074386,0.645326,0.52196,1,62.386961,scenario_000,short
1801,56,16.386744,0.68981,0.597088,0,119.255794,scenario_000,medium
1802,56,2.115468,0.582957,0.631794,2,59.967624,scenario_000,short
1803,56,2.021615,0.090602,0.145298,0,61.219724,scenario_000,short
1804,56,11.421739,0.810443,0.49849,0,95.866329,scenario_000,medium
1805,56,2.121032,0.105975,0.153169,2,59.229716,scenario_000,short
1806,56,2.815292,0.58742,0.720648,1,62.533814,scenario_000,short
1807,56,9.968717,0.897518,0.797636,1,86.212035,scenario_000,medium
1808,56,1.620984,0.252251,0.369198,2,58.446293,scenario_000,short
1809,56,1.707705,0.230599,0.615901,1,59.118858,scenario_000,short
1810,56,12.512093,1.0,1.0,2,71.456541,scenario_000,long
1811,56,1.580313,0.240495,0.770231,1,59.034535,scenario_000,short
1812,56,1.995117,0.156121,0.471224,0,61.351933,scenario_000,short
1813,56,1.808948,0.417782,0.510442,0,61.703592,scenario_000,short
1814,56,7.152404,0.64902,0.705689,0,87.801874,scenario_000,medium
1815,56,12.749859,0.206628,0.311678,2,74.305976,scenario_000,medium
1816,56,1.651116,0.074553,0.236226,2,58.067197,scenario_000,short
1817,56,10.828293,0.967795,0.913202,2,74.302216,scenario_000,medium
1818,56,2.561002,0.594206,0.483482,0,63.18836,scenario_000,short
1819,56,2.45367,0.293029,0.354966,0,64.305493,scenario_000,short
1820,56,1.12039,0.081876,0.631519,0,60.122701,scenario_000,short
1821,56,1.590711,0.18934,0.107303,0,60.196202,scenario_000,short
1822,56,1.650003,0.205414,0.423056,2,58.660022,scenario_000,short
1823,56,1.608024,0.37349,0.417763,0,61.751875,scenario_000,short
1824,56,10.438098,0.42401,0.771067,2,74.757573,scenario_000,medium
1825,56,1.319124,0.707821,0.749979,0,61.01213,scenario_000,short
1826,56,1.431984,0.645908,0.636304,1,58.715102,scenario_000,short
1827,57,8.144324,0.584932,0.727734,0,91.409233,scenario_000,medium
1828,57,6.55058,0.475229,0.459613,1,77.187182,scenario_000,medium
1829,57,1.448722,0.289518,0.196949,2,58.714014,scenario_000,short
1830,57,2.944903,0.610239,1.0,2,60.676116,scenario_000,short
1831,57,8.721757,1.0,0.931215,1,79.928789,scenario_000,medium
1832,57,1.516202,0.442536,0.408692,1,60.933155,scenario_000,short
1833,57,1.498727,0.314261,0.373254,0,62.938882,scenario_000,short
1834,57,2.825699,0.415987,0.425315,1,63.124564,scenario_000,short
1835,57,3.022084,0.291097,0.440125,0,68.300709,scenario_000,short
1836,57,1.380497,0.622916,0.884446,0,60.756009,scenario_000,short
1837,57,1.896307,0.285098,0.408985,1,61.427018,scenario_000,short
1838,57,2.509331,0.561772,0.649288,2,59.93567,scenario_000,short
1839,57,1.121262,0.685752,0.721515,0,61.442352,scenario_000,short
1840,57,2.335742,0.093205,0.113634,2,60.526879,scenario_000,short
1841,57,12.483585,0.530336,0.707644,2,79.149252,scenario_000,medium
1842,57,1.52425,0.083027,0.235716,0,60.9269,scenario_000,short
1843,57,13.04786,0.662893,0.860839,0,93.678133,scenario_000,medium
1844,57,1.567938,0.26663,0.609537,0,62.851893,scenario_000,short
1845,57,1.576746,0.445843,0.580507,0,63.43452,scenario_000,short
1846,57,10.043033,0.149249,0.225326,1,81.684818,scenario_000,medium
1847,57,1.33967,0.423193,0.514662,0,61.703172,scenario_000,short
1848,57,1.368202,0.281747,0.392796,2,59.491205,scenario_000,short
1849,57,13.586874,0.97178,0.936317,0,100.375812,scenario_000,long
1850,57,3.040875,0.227575,0.160024,0,68.41036,scenario_000,short
1851,57,19.58485,0.372432,0.219057,2,87.174703,scenario_000,medium
1852,57,2.014215,0.084616,0.172812,0,64.985011,scenario_000,short
1853,57,1.347519,0.268838,0.244186,0,61.312068,scenario_000,short
1854,57,1.426769,0.26566,0.136871,1,60.104801,scenario_000,short
1855,57,1.236006,0.321571,0.550298,0,60.958535,scenario_000,short
1856,57,12.871928,0.925541,1.0,1,88.906201,scenario_000,medium
1857,57,1.863307,0.241499,0.284422,0,64.245289,scenario_000,short
1858,57,2.217882,0.517279,0.667014,2,61.192889,scenario_000,short
1859,57,1.709673,0.222433,0.499177,2,59.742271,scenario_000,short
1860,57,15.366443,0.971677,0.922126,0,118.830595,scenario_000,long
1861,57,1.721667,0.623881,0.666736,0,62.753045,scenario_000,short
1862,57,1.297274,0.101846,0.183458,0,62.392108,scenario_000,short
1863,57,1.717488,0.228924,0.564137,0,62.85487,scenario_000,short
1864,57,12.533917,0.641206,0.641048,0,101.032491,scenario_000,medium
1865,57,2.337998,0.052501,0.367673,2,60.50783,scenario_000,short
1866,57,8.055154,0.757806,0.602172,2,73.272749,scenario_000,medium
1867,57,13.623301,0.583531,0.367584,2,76.736605,scenario_000,long
1868,57,10.514466,0.807189,0.803179,2,76.917407,scenario_000,medium
1869,57,2.105319,0.548276,0.58659,0,65.476959,scenario_000,short
1870,57,1.70145,0.059176,0.216013,0,63.753261,scenario_000,short
1871,57,14.28205,0.631093,0.634546,2,81.352572,scenario_000,medium
1872,57,1.33137,0.070799,0.133357,0,61.863014,scenario_000,short
1873,58,1.62075,0.386318,0.263455,0,64.961739,scenario_000,short
1874,58,13.80381,0.483786,0.463843,0,95.925031,scenario_000,medium
1875,58,1.795853,0.084075,0.269891,2,60.934995,scenario_000,short
1876,58,16.448449,0.954822,0.803446,0,114.03592,scenario_000,medium
1877,58,1.645029,0.5098,0.589285,0,64.31983,scenario_000,short
1878,58,1.665351,0.322528,0.299429,1,61.446969,scenario_000,short
1879,58,15.376518,0.214554,0.277001,1,99.216705,scenario_000,medium
1880,58,1.376034,0.625445,0.666979,0,62.139755,scenario_000,short
1881,58,11.431014,0.66916,0.638825,2,77.900802,scenario_000,medium
1882,58,16.50725,0.671912,0.6175,0,104.057432,scenario_000,medium
1883,58,5.010104,0.156887,0.05,2,65.085706,scenario_000,medium
1884,58,2.017813,0.405379,0.436633,2,61.161838,scenario_000,short
1885,58,3.167994,0.363481,0.569302,1,65.297762,scenario_000,short
1886,58,9.812327,0.361582,0.378694,0,99.489472,scenario_000,medium
1887,58,1.900209,0.114591,0.085423,2,60.835394,scenario_000,short
1888,58,14.393395,0.266326,0.093578,1,88.496509,scenario_000,medium
1889,58,1.337151,0.733184,0.854029,2,60.656037,scenario_000,short
1890,58,1.633246,0.337107,0.581794,2,61.257486,scenario_000,short
1891,58,1.548004,0.7591,0.625503,1,60.952912,scenario_000,short
1892,58,1.781898,0.303428,0.721346,0,66.029067,scenario_000,short
1893,58,1.198567,0.548925,0.872511,2,60.46659,scenario_000,short
1894,58,2.57834,0.343855,0.465933,2,62.841794,scenario_000,short
1895,58,1.915136,0.420978,0.528492,2,61.751281,scenario_000,short
1896,58,9.181992,0.65916,0.703091,2,70.337465,scenario_000,medium
1897,58,2.374947,0.076387,0.05,2,61.90377,scenario_000,short
1898,58,3.127816,0.142256,0.151664,1,64.350931,scenario_000,short
1899,58,12.927531,0.674077,0.990416,0,104.448303,scenario_000,medium
1900,58,12.185742,0.562996,0.521287,2,75.504165,scenario_000,medium
1901,58,1.960603,0.52007,0.477907,2,60.342043,scenario_000,short
1902,58,1.817051,0.777406,0.790727,1,61.968572,scenario_000,short
1903,58,1.976524,0.668551,0.988318,0,64.913899,scenario_000,short
1904,58,2.346235,0.241486,0.228287,0,68.255692,scenario_000,short
1905,58,1.827874,0.556699,1.0,0,63.210906,scenario_000,short
1906,58,1.689319,0.701261,0.8521,2,60.221211,scenario_000,short
1907,58,2.088202,0.33565,0.204658,2,61.496641,scenario_000,short
1908,58,1.491726,0.522788,0.550316,1,61.04601,scenario_000,short
1909,58,2.561377,0.176835,0.494484,2,61.229305,scenario_000,short
1910,58,10.244894,0.469627,0.521048,2,77.958487,scenario_000,medium
1911,58,1.283127,0.52636,0.422326,0,61.364969,scenario_000,short
1912,58,8.963204,0.979377,0.960206,1,74.580806,scenario_000,medium
1913,58,1.560567,0.70084,0.53495,0,62.808253,scenario_000,short
1914,58,2.378437,0.756117,0.683548,0,64.59281,scenario_000,short
1915,59,1.769447,0.484952,0.489613,1,63.440902,scenario_000,short
1916,59,1.789256,0.147481,0.360425,0,66.474922,scenario_000,short
1917,59,1.665435,0.184887,0.30579,0,63.420273,scenario_000,short
1918,59,13.974567,1.0,0.906119,2,82.41962,scenario_000,long
1919,59,7.968727,0.857041,0.745151,1,83.928455,scenario_000,medium
1920,59,1.818764,0.666886,0.734891,0,67.186336,scenario_000,short
1921,59,1.357916,0.59584,0.790708,1,61.856923,scenario_000,short
1922,59,1.73639,0.752745,0.967081,1,62.755125,scenario_000,short
1923,59,10.873834,0.734272,1.0,0,87.678372,scenario_000,medium
1924,59,1.562995,0.609104,0.650142,2,61.946834,scenario_000,short
1925,59,14.14126,0.680898,0.713351,2,78.24655,scenario_000,medium
1926,59,1.502807,0.38808,0.332116,2,60.936987,scenario_000,short
1927,59,1.559705,0.435329,0.59093,0,63.269127,scenario_000,short
1928,59,7.911562,0.191117,0.60725,0,88.009197,scenario_000,medium
1929,59,2.090427,0.720656,0.518558,2,62.017315,scenario_000,short
1930,59,1.505849,0.691291,0.804796,0,65.215539,scenario_000,short
1931,59,12.240717,0.980401,1.0,0,98.994275,scenario_000,medium
1932,59,10.638386,0.879339,1.0,2,75.617172,scenario_000,medium
1933,59,1.852698,0.543405,0.422342,1,64.120408,scenario_000,short
1934,59,4.611568,0.534027,0.554388,0,76.561926,scenario_000,medium
1935,59,1.593558,0.095877,0.119387,2,62.019935,scenario_000,short
1936,59,9.486607,0.186926,0.508791,0,94.677134,scenario_000,medium
1937,59,1.860078,0.557446,0.46263,0,63.816575,scenario_000,short
1938,59,1.792625,0.050392,0.16646,2,61.688892,scenario_000,short
1939,59,1.552712,0.054141,0.120818,2,61.147228,scenario_000,short
1940,59,2.577948,0.634465,0.506072,0,67.562319,scenario_000,short
1941,59,2.048788,0.291835,0.256598,2,61.932752,scenario_000,short
1942,59,1.947216,0.365523,0.487379,0,64.603585,scenario_000,short
1943,59,1.969915,0.372964,0.564607,1,63.498076,scenario_000,short
1944,59,1.204436,0.128795,0.385535,2,61.094967,scenario_000,short
1945,59,2.098161,0.276136,0.340325,0,65.901369,scenario_000,short
1946,59,2.230361,0.172503,0.341219,0,67.823825,scenario_000,short
1947,59,11.180662,0.679966,0.756507,0,91.347282,scenario_000,medium
1948,59,1.79692,0.094052,0.314147,0,64.480644,scenario_000,short
1949,59,1.859128,0.613847,0.60445,0,65.357216,scenario_000,short
1950,59,11.735031,0.20482,0.545204,2,82.460187,scenario_000,medium
1951,59,1.665365,0.089378,0.302747,2,61.184981,scenario_000,short
1952,59,2.036623,0.476592,0.432431,0,65.045905,scenario_000,short
1953,59,1.908941,0.232832,0.287283,0,64.95829,scenario_000,short
1954,59,1.985324,0.626036,0.485133,1,64.172099,scenario_000,short
1955,59,16.428797,0.450724,0.286127,1,102.032588,scenario_000,medium
1956,59,10.833142,0.625764,0.541298,2,78.52829,scenario_000,medium
1957,59,5.986282,0.69199,0.465313,0,82.98599,scenario_000,medium
1958,59,12.364163,0.630217,0.883473,0,104.63825,scenario_000,medium
1959,59,17.190062,1.0,0.965161,1,109.505136,scenario_000,long
1960,59,1.442424,0.54002,0.760441,2,61.709494,scenario_000,short
1961,59,12.954157,0.664669,0.623351,0,104.485442,scenario_000,long
1962,59,14.542013,0.265952,0.161202,2,80.725142,scenario_000,medium
1963,59,2.826041,0.700489,0.612307,1,64.380595,scenario_000,short
1964,59,16.983707,0.984836,1.0,2,86.422215,scenario_000,medium
1965,59,1.770753,0.620561,0.720879,0,66.427273,scenario_000,short
1966,59,1.942631,0.569076,0.798976,0,65.30088,scenario_000,short
1967,59,1.791682,0.139963,0.73455,1,64.079429,scenario_000,short
1968,59,1.759249,0.343007,0.399966,2,61.212393,scenario_000,short
1969,59,6.018653,0.984006,0.794153,2,67.37784,scenario_000,medium
1970,59,1.713208,0.424023,0.634885,0,65.706422,scenario_000,short
1971,59,1.841031,0.153283,0.332259,0,65.08927,scenario_000,short
1972,59,12.502386,0.583087,0.578353,2,74.04592,scenario_000,medium
1973,59,1.972725,0.402772,0.459103,0,67.851254,scenario_000,short
1974,59,2.810644,0.234361,0.38153,2,63.331544,scenario_000,short
1975,60,1.832804,0.582785,0.717475,0,67.663009,scenario_000,short
1976,60,2.131634,0.253428,0.197934,2,62.528616,scenario_000,short
1977,60,1.585433,0.122495,0.257468,0,65.220706,scenario_000,short
1978,60,2.89329,0.461341,0.373746,1,65.525464,scenario_000,short
1979,60,1.24464,0.38431,0.454061,1,62.473717,scenario_000,short
1980,60,1.716196,0.595701,0.700055,0,65.161683,scenario_000,short
1981,60,2.049141,0.620333,0.649641,0,66.207521,scenario_000,short
1982,60,1.584277,0.308626,0.269356,1,63.586098,scenario_000,short
1983,60,33.925074,0.95196,0.98866,2,125.356353,scenario_000,long
1984,60,8.934373,0.662584,0.560879,0,97.904443,scenario_000,medium
1985,60,1.29852,0.371027,0.343969,0,63.643874,scenario_000,short
1986,60,1.376827,0.444382,0.473564,2,62.135794,scenario_000,short
1987,60,1.878002,0.05656,0.262948,2,63.657136,scenario_000,short
1988,60,2.905209,0.082317,0.136778,2,65.830828,scenario_000,short
1989,60,1.579514,0.193399,0.60919,0,64.068485,scenario_000,short
1990,60,1.767809,0.27519,0.599559,1,64.719715,scenario_000,short
1991,60,1.787433,0.440562,0.515354,2,62.73843,scenario_000,short
1992,60,14.811085,0.732099,0.974246,0,121.943802,scenario_000,medium
1993,60,1.47569,0.436604,0.255269,2,62.4353,scenario_000,short
1994,60,8.466462,0.618553,0.701115,0,92.314474,scenario_000,medium
1995,60,2.089653,0.570056,0.833695,0,65.628499,scenario_000,short
1996,60,10.722386,0.882277,0.701254,2,80.813373,scenario_000,medium
1997,60,2.842233,0.233867,0.510005,0,72.527963,scenario_000,short
1998,60,9.101048,0.288755,0.292682,2,76.50319,scenario_000,medium
1999,60,1.853121,0.420152,0.423224,2,62.906221,scenario_000,short
2000,60,1.378563,0.477364,0.513518,0,66.070539,scenario_000,short
2001,60,1.651414,0.295701,0.49804,0,65.809268,scenario_000,short
2002,60,10.5326,0.563428,0.5134,2,76.495502,scenario_000,medium
2003,60,1.048318,0.060999,0.09606,1,61.903166,scenario_000,short
2004,60,10.868835,0.304875,0.187561,1,82.491644,scenario_000,medium
2005,60,6.040387,0.59326,0.535798,2,69.057365,scenario_000,medium
2006,60,1.781304,0.427243,0.657478,0,65.385264,scenario_000,short
2007,60,12.316326,0.98789,1.0,0,91.941212,scenario_000,long
2008,60,21.618157,0.801709,0.806869,0,118.19438,scenario_000,long
2009,60,13.486705,0.561359,0.956709,1,98.054373,scenario_000,medium
2010,60,2.32037,0.0806,0.491532,1,65.780361,scenario_000,short
2011,60,9.108086,0.47013,0.594095,2,76.428729,scenario_000,medium
2012,60,1.681349,0.211646,0.207905,0,66.655327,scenario_000,short
2013,60,6.00142,0.417828,0.499865,2,70.362359,scenario_000,medium
2014,60,2.395264,0.477321,0.521208,0,68.226725,scenario_000,short
2015,60,10.24718,0.53159,0.470911,0,104.190308,scenario_000,medium
2016,60,5.57524,0.589855,0.842133,2,70.291999,scenario_000,medium
2017,60,1.042578,0.499707,1.0,0,63.377623,scenario_000,short
2018,60,1.698347,0.813602,0.915376,0,64.707197,scenario_000,short
2019,60,1.054738,0.717027,0.702193,0,63.031686,scenario_000,short
2020,60,28.992295,0.855738,0.795967,2,98.352204,scenario_000,long
2021,60,1.420859,0.85472,0.888455,2,61.734261,scenario_000,short
2022,60,1.676148,0.331431,0.699797,0,65.788478,scenario_000,short
2023,60,26.016594,0.459562,0.568795,2,92.299857,scenario_000,medium
2024,60,1.491991,0.194977,0.532407,0,63.814274,scenario_000,short
2025,60,2.604246,0.4052,0.422691,0,68.702133,scenario_000,short
2026,60,9.913128,0.303256,0.381176,0,96.740673,scenario_000,medium
2027,60,1.877064,0.292539,0.701357,0,67.342499,scenario_000,short
2028,60,2.103316,0.475752,0.630075,0,68.100015,scenario_000,short
2029,60,2.063822,0.106558,0.609164,0,67.841207,scenario_000,short
2030,60,1.850675,0.108404,0.261343,2,63.401233,scenario_000,short
2031,61,1.561231,0.428927,0.455534,0,66.686967,scenario_000,short
2032,61,2.362689,0.776344,0.843136,0,68.813462,scenario_000,short
2033,61,17.295521,0.945609,0.93038,0,117.951394,scenario_000,long
2034,61,11.408363,0.519245,0.684872,0,90.310341,scenario_000,medium
2035,61,2.543513,0.392735,0.574264,1,68.890523,scenario_000,short
2036,61,1.491975,0.753614,1.0,1,64.877238,scenario_000,short
2037,61,18.928678,0.590132,0.543601,1,115.960682,scenario_000,medium
2038,61,1.790342,0.375877,0.571457,2,63.321965,scenario_000,short
2039,61,9.185899,0.517457,0.538254,2,79.175851,scenario_000,medium
2040,61,8.61112,0.576479,0.526829,0,98.900888,scenario_000,medium
2041,61,2.70307,0.250953,0.259337,1,66.82324,scenario_000,short
2042,61,1.523821,0.473243,0.512217,0,67.239828,scenario_000,short
2043,61,3.329168,0.330008,0.776992,0,73.636043,scenario_000,short
2044,61,9.637122,0.946408,0.68792,0,97.215386,scenario_000,long
2045,61,1.580295,0.574825,0.699719,2,63.711761,scenario_000,short
2046,61,1.863791,0.33905,0.379705,1,64.794666,scenario_000,short
2047,61,10.824334,0.142583,0.198682,0,94.469623,scenario_000,medium
2048,61,1.485918,0.713748,0.541993,1,64.719757,scenario_000,short
2049,61,1.887064,0.083125,0.299324,2,64.139218,scenario_000,short
2050,61,1.723045,0.367824,0.681276,0,66.791873,scenario_000,short
2051,61,1.587076,0.20718,0.365942,2,63.423374,scenario_000,short
2052,61,11.690083,0.750949,0.733639,0,106.637736,scenario_000,medium
2053,61,15.910042,0.386668,0.547993,0,132.254523,scenario_000,medium
2054,61,29.361533,0.509405,0.615848,0,186.315328,scenario_000,medium
2055,61,1.513318,0.74638,0.636007,0,66.664178,scenario_000,short
2056,61,12.826783,0.180033,0.529211,2,79.376549,scenario_000,medium
2057,61,12.662869,0.673018,0.586017,2,81.649614,scenario_000,medium
2058,61,14.212015,0.383985,0.348068,1,93.451161,scenario_000,medium
2059,61,2.00154,0.333345,0.451569,1,65.934663,scenario_000,short
2060,61,1.645142,0.4303,0.489991,2,63.637311,scenario_000,short
2061,61,13.911671,0.535968,0.642434,0,122.440684,scenario_000,medium
2062,61,9.937206,0.5799,0.539496,1,88.284274,scenario_000,medium
2063,61,1.73432,0.496169,0.599821,0,67.231979,scenario_000,short
2064,61,10.61498,0.934291,0.939899,0,104.213703,scenario_000,medium
2065,61,11.47196,0.945115,1.0,1,95.924245,scenario_000,medium
2066,61,8.73891,0.604602,0.692591,0,91.208787,scenario_000,medium
2067,61,1.651121,0.151794,0.300883,2,63.285595,scenario_000,short
2068,61,1.91008,0.278762,0.28562,0,68.743193,scenario_000,short
2069,61,1.7446,0.599317,0.579861,0,65.786803,scenario_000,short
2070,61,19.42116,0.802707,1.0,0,114.018565,scenario_000,medium
2071,61,7.545305,0.26181,0.435672,2,72.17943,scenario_000,medium
2072,61,1.527187,0.192418,0.259287,0,66.500877,scenario_000,short
2073,61,1.458933,0.370338,0.706882,1,65.444883,scenario_000,short
2074,61,1.768663,0.295795,0.557088,2,64.220718,scenario_000,short
2075,61,2.23407,0.827217,0.90932,2,64.959565,scenario_000,short
2076,61,1.549386,0.387392,0.410802,2,63.281253,scenario_000,short
2077,61,13.451087,0.557676,0.718523,0,108.60482,scenario_000,medium
2078,61,3.851254,0.182212,0.435678,0,72.779286,scenario_000,medium
2079,61,10.283861,0.346566,0.489859,2,74.314206,scenario_000,medium
2080,61,1.892787,0.440698,0.394941,0,67.195589,scenario_000,short
2081,61,1.372188,0.162066,0.063162,1,65.064679,scenario_000,short
2082,61,10.355117,1.0,1.0,1,80.882243,scenario_000,medium
2083,61,1.162487,0.446465,0.490997,0,64.82745,scenario_000,short
2084,61,1.92338,0.36209,0.425816,0,66.622849,scenario_000,short
2085,61,2.242162,0.166432,0.163357,1,66.498413,scenario_000,short
2086,61,1.908743,0.200887,0.254678,2,63.330883,scenario_000,short
2087,61,2.497831,0.066719,0.489778,1,68.273777,scenario_000,short
2088,61,2.354011,0.152681,0.384623,2,65.195926,scenario_000,short
2089,62,2.125492,0.083073,0.287208,0,68.701431,scenario_000,short
2090,62,10.637701,0.74066,0.839989,0,108.162738,scenario_000,medium
2091,62,1.410865,0.255291,0.608641,2,64.742063,scenario_000,short
2092,62,1.766444,0.392808,0.310218,2,65.482684,scenario_000,short
2093,62,1.383732,0.624996,0.814792,0,67.58061,scenario_000,short
2094,62,2.232074,0.396268,0.518509,2,66.29858,scenario_000,short
2095,62,16.467711,0.501013,0.633668,0,111.187002,scenario_000,medium
2096,62,1.869756,0.381487,0.438461,2,65.858109,scenario_000,short
2097,62,2.061825,0.162362,0.094938,0,70.50289,scenario_000,short
2098,62,7.199194,0.839941,0.859649,0,88.521191,scenario_000,medium
2099,62,16.13951,0.511449,0.641799,0,112.19684,scenario_000,medium
2100,62,10.67146,0.427042,0.333872,0,96.20269,scenario_000,medium
2101,62,18.604476,0.467982,0.463306,0,124.53864,scenario_000,medium
2102,62,9.762583,0.478475,0.666409,0,89.315159,scenario_000,medium
2103,62,1.808942,0.357012,0.378213,1,67.124249,scenario_000,short
2104,62,2.040262,0.424835,0.426861,0,69.88113,scenario_000,short
2105,62,1.838384,0.124973,0.325487,0,67.396648,scenario_000,short
2106,62,2.414832,0.42495,0.509654,2,66.58836,scenario_000,short
2107,62,9.661499,0.670278,0.498203,1,84.465503,scenario_000,medium
2108,62,12.537956,0.80236,0.670318,0,106.980875,scenario_000,medium
2109,62,9.440401,0.814582,0.888564,1,78.93888,scenario_000,medium
2110,62,1.637457,0.107269,0.292273,2,65.343256,scenario_000,short
2111,62,2.202811,0.393856,0.477772,0,70.546771,scenario_000,short
2112,62,1.506562,0.080064,0.217187,2,64.515299,scenario_000,short
2113,62,30.892828,0.654959,0.620827,1,125.726254,scenario_000,long
2114,62,18.156208,1.0,0.898033,0,123.400163,scenario_000,medium
2115,62,2.194745,0.252623,0.380939,0,70.541717,scenario_000,short
2116,62,2.280224,0.051451,0.134402,0,69.026441,scenario_000,short
2117,62,1.532788,0.784709,0.751796,2,64.402213,scenario_000,short
2118,62,2.078625,0.672163,0.652569,2,64.770094,scenario_000,short
2119,62,2.530379,0.247365,0.309021,1,68.004985,scenario_000,short
2120,62,16.46511,0.940339,0.762753,0,126.697225,scenario_000,medium
2121,62,1.747019,0.375785,0.530933,0,68.56627,scenario_000,short
2122,62,1.826144,0.77031,0.598129,2,64.866348,scenario_000,short
2123,62,1.390463,0.129082,0.117241,0,68.182029,scenario_000,short
2124,62,10.426835,0.194936,0.23575,0,91.847835,scenario_000,medium
2125,62,2.086114,0.839331,0.994748,0,70.639029,scenario_000,short
2126,62,12.459155,0.198172,0.306505,0,109.709286,scenario_000,medium
2127,62,22.219198,0.943003,0.897578,0,126.765761,scenario_000,long
2128,62,1.911348,0.17172,0.196691,0,68.65084,scenario_000,short
2129,62,1.57325,0.172954,0.407238,1,66.050903,scenario_000,short
2130,62,15.110634,0.195217,0.49775,2,87.330099,scenario_000,medium
2131,62,1.754329,0.100978,0.242588,2,64.2381,scenario_000,short
2132,62,1.637042,0.071221,0.203275,2,65.255938,scenario_000,short
2133,62,8.79509,1.0,0.92637,0,101.021945,scenario_000,medium
2134,62,2.014002,0.401521,0.352651,0,71.01102,scenario_000,short
2135,62,2.030932,0.280083,0.550838,0,68.82853,scenario_000,short
2136,62,2.493901,0.657128,0.860139,2,66.574326,scenario_000,short
2137,62,2.114131,0.054239,0.106746,2,65.675313,scenario_000,short
2138,62,2.202078,0.395866,0.367266,2,65.967001,scenario_000,short
2139,62,1.890237,0.680577,0.93415,0,68.413899,scenario_000,short
2140,62,15.254847,0.462543,0.363369,1,95.041211,scenario_000,medium
2141,62,18.417733,0.639076,0.579524,2,88.978384,scenario_000,medium
2142,63,21.486737,0.687782,0.901623,2,90.523039,scenario_000,medium
2143,63,1.757188,0.284553,0.495647,2,65.597714,scenario_000,short
2144,63,14.400943,0.696599,0.803726,0,119.25314,scenario_000,medium
2145,63,9.326709,0.192766,0.204182,1,81.312061,scenario_000,medium
2146,63,1.604474,0.103651,0.358959,2,65.905639,scenario_000,short
2147,63,1.471154,0.274951,0.46947,0,69.286218,scenario_000,short
2148,63,2.224992,0.218983,0.366124,0,68.989429,scenario_000,short
2149,63,2.532011,0.389832,0.451709,1,67.854158,scenario_000,short
2150,63,2.728663,0.5351,0.509294,2,66.388834,scenario_000,short
2151,63,10.020243,0.477531,0.564066,2,81.533569,scenario_000,medium
2152,63,1.392886,0.696914,0.933133,1,66.783734,scenario_000,short
2153,63,10.053795,0.540887,0.410055,2,74.940888,scenario_000,medium
2154,63,1.34223,0.227378,0.40226,0,68.108937,scenario_000,short
2155,63,1.485747,0.214662,0.233495,2,65.236341,scenario_000,short
2156,63,1.691248,0.720215,0.539125,0,69.528788,scenario_000,short
2157,63,15.0643,0.302202,0.146417,0,118.759479,scenario_000,medium
2158,63,1.952202,0.261702,0.721844,2,66.121119,scenario_000,short
2159,63,1.910855,0.248052,0.28888,0,68.91754,scenario_000,short
2160,63,1.194679,0.509914,0.59146,1,65.179387,scenario_000,short
2161,63,27.950159,0.689612,0.647492,1,132.989269,scenario_000,long
2162,63,1.641711,0.534211,0.479086,0,67.260888,scenario_000,short
2163,63,1.571288,0.172885,0.401983,0,68.346628,scenario_000,short
2164,63,2.380812,0.446148,0.441062,0,69.508469,scenario_000,short
2165,63,1.683516,0.112081,0.370727,0,70.258216,scenario_000,short
2166,63,1.474913,0.230643,0.603077,1,65.71547,scenario_000,short
2167,63,1.357456,0.067378,0.05,1,66.461244,scenario_000,short
2168,63,11.460141,0.718647,0.464857,0,104.581357,scenario_000,medium
2169,63,16.108371,0.612987,0.822456,0,126.948992,scenario_000,medium
2170,63,1.729078,0.605837,0.763115,0,67.907296,scenario_000,short
2171,63,18.074512,0.672052,0.598074,0,111.891529,scenario_000,medium
2172,63,2.450701,0.347743,0.555966,2,67.728968,scenario_000,short
2173,63,2.056596,0.405356,0.427369,0,72.160593,scenario_000,short
2174,63,2.162005,0.094346,0.344424,2,66.181485,scenario_000,short
2175,63,1.943305,0.304472,0.27117,0,69.318077,scenario_000,short
2176,63,2.756412,0.372669,0.354331,1,68.72313,scenario_000,short
2177,63,0.965919,0.158707,0.29974,2,64.647224,scenario_000,short
2178,63,11.284393,0.25349,0.392311,1,97.541832,scenario_000,medium
2179,63,1.597882,0.141504,0.641859,2,64.958701,scenario_000,short
2180,63,15.701658,0.621722,0.46897,0,124.130041,scenario_000,medium
2181,63,1.216314,0.514169,0.36519,0,66.779807,scenario_000,short
2182,63,1.136271,0.210002,0.37197,1,65.842775,scenario_000,short
2183,63,1.608112,0.054847,0.068375,2,65.532917,scenario_000,short
2184,64,1.136272,0.605576,1.0,2,65.998741,scenario_000,short
2185,64,1.742053,0.330518,0.636293,2,67.472758,scenario_000,short
2186,64,2.364238,0.196117,0.271394,1,68.621682,scenario_000,short
2187,64,8.935264,0.134699,0.296094,0,91.313452,scenario_000,medium
2188,64,1.360274,0.327585,0.227205,1,67.104058,scenario_000,short
2189,64,2.514766,0.144935,0.613073,0,75.126429,scenario_000,short
2190,64,1.465625,0.291735,0.123585,0,67.872607,scenario_000,short
2191,64,2.538743,0.631614,0.383256,0,71.735085,scenario_000,short
2192,64,2.323148,0.477638,0.309764,1,70.252376,scenario_000,short
2193,64,2.635518,0.200187,0.214655,2,69.020879,scenario_000,short
2194,64,11.525748,0.945225,0.671757,2,82.260754,scenario_000,medium
2195,64,13.41845,0.939879,0.99358,2,86.241927,scenario_000,medium
2196,64,10.72424,0.765839,0.956522,0,93.669335,scenario_000,medium
2197,64,13.158457,0.233565,0.241733,0,97.76172,scenario_000,medium
2198,64,1.3937,0.077088,0.054061,2,66.29335,scenario_000,short
2199,64,13.483579,0.687662,1.0,1,103.859524,scenario_000,medium
2200,64,1.538592,0.29596,0.339864,2,66.905358,scenario_000,short
2201,64,10.110772,0.445277,1.0,0,90.570201,scenario_000,medium
2202,64,1.92665,0.17819,0.124911,1,69.198063,scenario_000,short
2203,64,13.587597,0.408889,0.392686,0,102.548012,scenario_000,medium
2204,64,9.24662,0.564342,0.769383,0,90.119345,scenario_000,medium
2205,64,1.508961,0.052685,0.173531,1,68.301107,scenario_000,short
2206,64,9.845385,0.458595,0.606053,0,102.134718,scenario_000,medium
2207,64,31.614711,0.413813,0.315773,1,139.239528,scenario_000,long
2208,64,1.585382,0.594112,0.664801,2,65.887695,scenario_000,short
2209,64,15.70918,0.57905,0.458316,2,84.68772,scenario_000,medium
2210,64,2.802434,0.501622,0.54435,2,67.993802,scenario_000,short
2211,64,1.420637,0.052633,0.559428,2,65.73956,scenario_000,short
2212,64,6.803576,0.377929,0.7457,0,85.727268,scenario_000,medium
2213,64,8.321946,0.674884,0.53474,0,91.998456,scenario_000,medium
2214,64,13.529306,0.278715,0.237141,1,100.932007,scenario_000,long
2215,64,13.057431,0.394138,0.566696,0,121.847746,scenario_000,medium
2216,64,2.414544,0.639292,0.697014,1,70.739115,scenario_000,short
2217,64,1.564078,0.151088,0.478162,0,69.659347,scenario_000,short
2218,64,2.158596,0.089941,0.468298,2,66.840099,scenario_000,short
2219,64,1.643836,0.057263,0.300325,0,70.54745,scenario_000,short
2220,64,14.398952,0.538879,0.506334,0,114.863471,scenario_000,medium
2221,64,1.897496,0.418494,0.655595,2,66.504136,scenario_000,short
2222,64,2.109694,0.195653,0.277258,2,67.061532,scenario_000,short
2223,64,17.248417,0.542475,0.601394,1,95.161567,scenario_000,medium
2224,64,2.261373,0.75882,0.765391,2,68.368855,scenario_000,short
2225,64,2.130181,0.885981,0.783309,2,67.626149,scenario_000,short
2226,64,1.297172,0.275412,0.35533,0,69.037787,scenario_000,short
2227,64,6.51199,0.575158,1.0,2,72.082586,scenario_000,medium
2228,64,2.389828,0.06559,0.336315,0,73.73536,scenario_000,short
2229,64,2.153323,0.528889,0.450183,0,71.625132,scenario_000,short
2230,64,1.804127,0.140913,0.310861,2,67.318869,scenario_000,short
2231,64,14.072536,0.407499,0.8211,0,110.666169,scenario_000,medium
2232,64,1.272825,0.349267,0.78,1,67.935565,scenario_000,short
2233,64,11.903943,0.182948,0.151216,0,99.910664,scenario_000,medium
2234,64,13.494238,0.708131,0.812375,0,110.58137,scenario_000,medium
2235,64,24.993405,0.746577,0.690244,2,96.101909,scenario_000,medium
2236,64,16.95689,0.259356,0.790108,2,94.97744,scenario_000,medium
2237,64,2.570333,0.133719,0.22921,1,68.770518,scenario_000,short
2238,64,15.752629,0.377516,0.689035,0,124.721836,scenario_000,medium
2239,64,7.061596,0.305658,0.54293,2,73.550766,scenario_000,medium
2240,64,20.464991,0.765031,0.722779,1,105.94024,scenario_000,long
2241,64,11.795498,0.719664,1.0,0,107.643824,scenario_000,medium
2242,64,2.288755,0.356331,0.393421,2,68.076891,scenario_000,short
2243,64,1.439998,0.175425,0.13764,0,69.346204,scenario_000,short
2244,64,1.5223,0.157135,0.275623,0,68.593271,scenario_000,short
2245,64,1.511615,0.890167,0.640148,0,69.084962,scenario_000,short
2246,64,1.998565,0.609708,0.539242,0,71.580735,scenario_000,short
2247,64,2.660724,0.696495,0.907052,2,68.656789,scenario_000,short
2248,64,13.336486,0.297624,0.568562,0,119.244342,scenario_000,medium
2249,64,1.65371,0.213156,0.282413,1,68.788282,scenario_000,short
2250,64,2.047884,0.104759,0.373631,0,72.532515,scenario_000,short
2251,64,1.818686,0.379924,0.426513,0,72.068723,scenario_000,short
2252,65,2.149807,0.254363,0.263373,0,71.669875,scenario_000,short
2253,65,1.76289,0.405655,0.847367,0,71.77533,scenario_000,short
2254,65,10.44784,0.455799,0.454406,2,79.701303,scenario_000,medium
2255,65,2.213659,0.633691,0.942509,2,69.577321,scenario_000,short
2256,65,1.729296,0.560015,0.60225,2,68.10496,scenario_000,short
2257,65,1.56325,0.668669,0.55892,0,71.815967,scenario_000,short
2258,65,1.356613,0.767388,0.579474,2,67.505696,scenario_000,short
2259,65,1.420176,0.30819,0.216772,1,67.549734,scenario_000,short
2260,65,1.684297,0.23878,0.739571,0,69.682538,scenario_000,short
2261,65,2.027075,0.718403,0.654764,2,67.510421,scenario_000,short
2262,65,1.284319,0.426009,0.490626,0,68.690922,scenario_000,short
2263,65,2.172206,0.071926,0.05,1,69.994187,scenario_000,short
2264,65,1.528972,0.530056,0.903679,1,67.72366,scenario_000,short
2265,65,12.368602,0.767924,0.60731,2,89.801083,scenario_000,medium
2266,65,1.928782,0.082763,0.216195,2,68.623135,scenario_000,short
2267,65,2.104838,0.311581,0.262557,0,73.951451,scenario_000,short
2268,65,22.720891,1.0,0.940912,1,110.693565,scenario_000,long
2269,65,1.705948,0.634354,0.791173,0,72.359763,scenario_000,short
2270,65,1.65497,0.606079,0.622865,2,67.952977,scenario_000,short
2271,65,1.864664,0.410204,0.316454,2,68.532752,scenario_000,short
2272,65,1.845717,0.576165,0.767999,1,68.829072,scenario_000,short
2273,65,9.908758,0.578816,0.456938,1,88.659447,scenario_000,medium
2274,65,1.668836,0.108143,0.477306,0,71.548985,scenario_000,short
2275,65,1.918809,0.263693,0.320277,2,67.788293,scenario_000,short
2276,65,1.506532,0.380701,0.352015,0,70.892112,scenario_000,short
2277,65,26.22924,0.124988,0.257853,0,149.497973,scenario_000,medium
2278,65,17.590744,0.256489,0.356138,1,117.947481,scenario_000,long
2279,65,1.952268,0.075695,0.589883,0,71.130341,scenario_000,short
2280,65,1.511237,0.612531,0.744399,2,66.865915,scenario_000,short
2281,65,1.721211,0.264134,0.21074,0,70.885162,scenario_000,short
2282,65,6.729382,0.431082,0.491969,1,79.725322,scenario_000,medium
2283,65,1.506295,0.437373,0.385029,2,67.54362,scenario_000,short
2284,65,19.4644,0.984989,1.0,1,100.395941,scenario_000,medium
2285,65,1.586222,0.291617,0.771323,2,67.431691,scenario_000,short
2286,65,9.040443,0.672957,0.618858,1,85.311383,scenario_000,medium
2287,65,1.374675,0.375656,0.350952,0,69.06661,scenario_000,short
2288,65,2.497267,0.415436,0.452917,1,70.43357,scenario_000,short
2289,65,2.257406,0.394631,0.67989,1,71.678812,scenario_000,short
2290,65,1.744003,0.068994,0.131798,1,69.343425,scenario_000,short
2291,65,1.653945,0.180441,0.631806,2,67.185216,scenario_000,short
2292,65,1.809735,0.654448,0.735072,2,68.096194,scenario_000,short
2293,65,7.833386,0.213791,0.259742,0,85.556339,scenario_000,medium
2294,65,1.288938,0.375797,0.507655,2,66.693106,scenario_000,short
2295,65,16.254703,0.688674,0.655379,2,91.916513,scenario_000,medium
2296,65,2.016835,0.10761,0.231969,2,68.226292,scenario_000,short
2297,65,2.211812,0.081997,0.427898,1,70.005214,scenario_000,short
2298,65,14.95338,0.325274,0.335226,2,88.511131,scenario_000,medium
2299,66,1.909846,0.313694,0.553199,2,69.391757,scenario_000,short
2300,66,1.490878,0.584066,0.743349,0,72.600581,scenario_000,short
2301,66,2.097673,0.086447,0.05,1,69.890789,scenario_000,short
2302,66,18.135304,0.251076,0.347426,0,134.825458,scenario_000,medium
2303,66,1.404153,0.202389,0.305524,1,70.252998,scenario_000,short
2304,66,1.767638,0.586603,0.632413,2,68.673151,scenario_000,short
2305,66,1.939317,0.592668,0.760551,1,71.992784,scenario_000,short
2306,66,14.036309,0.947433,0.614659,0,109.917813,scenario_000,medium
2307,66,11.509171,0.562929,0.669812,0,109.384012,scenario_000,medium
2308,66,1.414207,0.797612,0.69108,0,71.612356,scenario_000,short
2309,66,2.163223,0.594783,0.584642,2,68.556064,scenario_000,short
2310,66,1.159708,0.379096,0.732076,0,70.245771,scenario_000,short
2311,66,5.603752,0.718743,0.936998,0,86.354902,scenario_000,medium
2312,66,1.515905,0.435293,0.397118,0,70.487882,scenario_000,short
2313,66,15.023524,0.655496,0.875179,0,107.567425,scenario_000,medium
2314,66,1.94636,0.3065,0.65118,2,68.350449,scenario_000,short
2315,66,1.796104,0.201938,0.588135,1,71.36748,scenario_000,short
2316,66,1.200392,0.126877,0.593113,0,70.851465,scenario_000,short
2317,66,13.657503,0.715021,1.0,0,118.353749,scenario_000,medium
2318,66,7.233689,0.857902,0.769206,2,74.553063,scenario_000,medium
2319,66,9.297393,0.13669,0.18578,0,104.790924,scenario_000,medium
2320,66,1.464744,0.193242,0.210719,2,67.979001,scenario_000,short
2321,66,2.570757,0.433872,0.382145,2,70.779212,scenario_000,short
2322,66,1.855784,0.658329,0.493401,0,74.064696,scenario_000,short
2323,66,18.958684,0.482758,0.725914,0,118.139941,scenario_000,medium
2324,66,11.891378,0.135857,0.558862,0,101.248646,scenario_000,medium
2325,66,1.559311,0.620329,0.657952,1,69.30419,scenario_000,short
2326,66,3.058163,0.659885,0.584392,2,71.07869,scenario_000,short
2327,66,1.570226,0.790431,0.930548,2,69.132967,scenario_000,short
2328,66,1.075581,0.221346,0.429358,0,69.925871,scenario_000,short
2329,66,8.778042,0.389043,0.329028,0,102.158094,scenario_000,medium
2330,66,1.537914,0.456085,0.39204,0,71.247018,scenario_000,short
2331,66,1.42554,0.170764,0.402559,0,71.15089,scenario_000,short
2332,66,18.216738,0.989733,0.708432,2,101.654731,scenario_000,medium
2333,66,1.788914,0.632618,0.590176,0,71.451489,scenario_000,short
2334,66,11.729771,0.836258,1.0,2,88.208299,scenario_000,medium
2335,66,2.743631,0.750723,0.7454,0,73.006509,scenario_000,short
2336,66,11.62223,0.693042,0.900824,0,115.200869,scenario_000,long
2337,66,13.972807,0.405745,0.335479,0,117.508005,scenario_000,long
2338,66,12.735671,0.80134,0.798835,2,84.959425,scenario_000,medium
2339,66,1.351849,0.750167,0.926593,0,70.156538,scenario_000,short
2340,66,7.89554,0.462247,0.94381,1,83.959827,scenario_000,medium
2341,66,2.08839,0.402857,0.550006,2,69.095735,scenario_000,short
2342,66,1.755773,0.356827,0.614009,2,68.145923,scenario_000,short
2343,66,14.016987,0.684969,0.877522,0,112.907991,scenario_000,long
2344,66,1.573343,0.161399,0.345686,2,67.89349,scenario_000,short
2345,66,1.983165,0.312445,0.915907,2,69.703047,scenario_000,short
2346,66,9.879697,0.539311,0.496572,2,79.673163,scenario_000,medium
2347,66,26.013073,0.652199,0.750583,1,125.308841,scenario_000,medium
2348,66,1.114962,0.529454,0.727395,2,67.392057,scenario_000,short
2349,66,1.789326,0.341504,0.571877,2,69.173903,scenario_000,short
2350,66,1.844645,0.720543,0.905215,0,71.608081,scenario_000,short
2351,66,12.997106,0.15621,0.176868,0,122.592673,scenario_000,medium
2352,66,2.58356,0.256472,0.334366,0,77.667238,scenario_000,short
2353,66,25.356616,0.735174,0.811796,0,177.067164,scenario_000,medium
2354,66,2.50199,0.714199,0.706734,1,72.592348,scenario_000,short
2355,66,11.0879,0.824417,0.777596,1,91.307852,scenario_000,medium
2356,66,1.320026,0.544559,1.0,1,69.877075,scenario_000,short
2357,66,8.077319,0.789991,0.762733,2,80.886553,scenario_000,medium
2358,66,29.000763,0.543781,0.864868,0,179.46904,scenario_000,medium
2359,66,2.127517,0.396093,0.592347,0,75.032796,scenario_000,short
2360,66,10.43296,0.376242,0.367788,0,94.586595,scenario_000,medium
2361,66,13.917693,0.512519,0.525261,0,105.407933,scenario_000,long
2362,66,2.382207,0.700855,0.717378,0,72.852112,scenario_000,short
2363,66,16.811127,0.126065,0.428994,2,89.459423,scenario_000,medium
2364,67,1.169968,0.32312,0.685342,0,71.741636,scenario_000,short
2365,67,1.604152,0.26897,0.492991,2,69.774404,scenario_000,short
2366,67,13.359668,0.689687,0.496042,1,96.282052,scenario_000,medium
2367,67,10.320152,0.911112,1.0,0,99.086039,scenario_000,medium
2368,67,2.200628,0.230121,0.470881,0,73.470755,scenario_000,short
2369,67,4.76472,0.14281,0.307719,2,74.772231,scenario_000,medium
2370,67,1.250019,0.407609,0.426585,2,69.356395,scenario_000,short
2371,67,17.685817,0.505638,0.669577,1,117.358396,scenario_000,medium
2372,67,1.768615,0.398333,0.752611,0,73.641179,scenario_000,short
2373,67,9.327667,0.627612,0.940172,0,101.233756,scenario_000,medium
2374,67,11.868624,0.711315,0.529745,0,114.585404,scenario_000,long
2375,67,1.653675,0.411752,0.691934,0,71.67356,scenario_000,short
2376,67,11.431685,0.908615,0.766639,1,98.794125,scenario_000,medium
2377,67,5.502661,0.291049,0.226189,0,85.220116,scenario_000,medium
2378,67,12.340975,0.126226,0.273598,2,83.661515,scenario_000,medium
2379,67,8.596095,0.674385,0.797254,0,96.783424,scenario_000,medium
2380,67,2.975095,0.546001,0.410802,2,72.228111,scenario_000,short
2381,67,1.287784,0.375844,0.506933,0,71.524912,scenario_000,short
2382,67,2.221752,0.226192,0.256562,2,69.844244,scenario_000,short
2383,67,7.582292,0.382046,0.23739,2,80.896453,scenario_000,medium
2384,67,2.781114,0.577163,0.791912,1,74.345058,scenario_000,short
2385,67,1.521527,0.400979,0.477264,0,73.275389,scenario_000,short
2386,67,6.579956,0.518745,0.823609,2,76.963539,scenario_000,long
2387,67,11.756481,0.715197,0.639274,0,103.791167,scenario_000,medium
2388,67,8.69652,0.384778,0.507785,2,80.461476,scenario_000,medium
2389,67,1.430318,0.787643,0.809475,1,70.359636,scenario_000,short
2390,67,1.895222,0.066962,0.304467,0,73.847077,scenario_000,short
2391,67,17.535474,0.725044,0.539789,0,129.47922,scenario_000,medium
2392,67,1.503096,0.191528,0.3134,0,73.037067,scenario_000,short
2393,67,8.179982,0.460923,0.371685,0,101.950067,scenario_000,medium
2394,67,1.935078,0.345878,0.505,0,73.566938,scenario_000,short
2395,67,7.55465,0.688752,0.481501,2,79.601425,scenario_000,medium
2396,67,9.95599,0.972708,0.959104,2,81.087726,scenario_000,medium
2397,67,1.770347,0.501744,0.815288,2,70.632272,scenario_000,short
2398,67,23.376836,0.552489,0.775864,2,114.147899,scenario_000,medium
2399,67,1.768838,0.094067,0.128893,2,70.124873,scenario_000,short
2400,67,2.118953,0.142009,0.641317,0,76.043986,scenario_000,short
2401,67,1.76479,0.104263,0.05,1,71.614443,scenario_000,short
2402,67,2.243821,0.448577,0.655129,1,72.775553,scenario_000,short
2403,67,3.033989,0.415988,0.497385,1,74.110317,scenario_000,short
2404,67,1.814366,0.152044,0.123085,0,73.796983,scenario_000,short
2405,67,5.423196,0.7573,0.591621,0,85.09124,scenario_000,medium
2406,67,2.776962,0.381454,0.375344,0,75.914779,scenario_000,short
2407,67,1.900601,0.305071,0.363551,0,75.518357,scenario_000,short
2408,67,1.252739,0.05643,0.263421,2,68.658682,scenario_000,short
2409,67,15.663475,0.292593,0.229598,0,108.117677,scenario_000,medium
2410,67,2.139203,0.105594,0.190608,2,71.211566,scenario_000,short
2411,67,2.484018,0.101791,0.245702,0,77.080408,scenario_000,short
2412,67,1.600711,0.173377,0.317094,1,71.255051,scenario_000,short
2413,67,10.048525,0.434312,0.457285,0,93.73633,scenario_000,medium
2414,67,1.206376,0.353835,0.238668,0,70.140428,scenario_000,short
2415,67,2.150392,0.29772,0.84197,0,75.743488,scenario_000,short
2416,67,1.461389,0.362979,0.471678,0,71.659347,scenario_000,short
2417,67,20.531318,0.743461,0.806687,2,95.89206,scenario_000,long
2418,67,2.474254,0.741719,1.0,2,70.963312,scenario_000,short
2419,67,2.554346,0.128734,0.312252,1,73.995422,scenario_000,short
2420,68,10.942068,0.55888,0.460072,0,110.83498,scenario_000,medium
2421,68,1.297092,0.133043,0.383127,0,71.776505,scenario_000,short
2422,68,1.978245,0.101358,0.178007,2,70.758813,scenario_000,short
2423,68,11.265146,0.341336,0.381896,1,101.639809,scenario_000,long
2424,68,1.386239,0.174755,0.219773,1,72.030713,scenario_000,short
2425,68,10.498531,0.61098,0.602657,1,88.040385,scenario_000,medium
2426,68,24.395541,0.651466,0.671897,0,156.510301,scenario_000,medium
2427,68,1.260817,0.252635,0.300384,2,70.389475,scenario_000,short
2428,68,1.572281,0.563743,0.990054,1,70.898135,scenario_000,short
2429,68,9.495601,0.23173,0.280475,0,97.53133,scenario_000,medium
2430,68,1.443449,0.42672,0.495789,1,71.492921,scenario_000,short
2431,68,11.695785,0.130799,0.338293,0,97.74905,scenario_000,medium
2432,68,13.954984,0.371541,0.419053,2,92.372222,scenario_000,long
2433,68,2.700493,0.393487,0.538286,2,73.004201,scenario_000,short
2434,68,1.161654,0.492252,0.514443,2,69.80326,scenario_000,short
2435,68,1.397192,0.436352,0.729129,2,69.974074,scenario_000,short
2436,68,12.244265,0.847566,0.641426,0,99.75884,scenario_000,medium
2437,68,1.420671,0.085339,0.09461,0,72.661376,scenario_000,short
2438,68,11.954446,0.653865,0.696254,1,95.472915,scenario_000,medium
2439,68,6.784937,0.419784,0.493406,0,94.467685,scenario_000,medium
2440,68,1.771374,0.234486,0.625521,0,73.224143,scenario_000,short
2441,68,8.324193,0.477369,0.490739,2,82.593501,scenario_000,medium
2442,68,15.38841,0.887536,0.786474,0,109.312625,scenario_000,medium
2443,68,1.43644,0.682664,0.669872,0,71.855185,scenario_000,short
2444,68,19.7597,0.898005,0.835477,2,105.704703,scenario_000,long
2445,68,14.738082,0.173737,0.275695,0,123.267624,scenario_000,medium
2446,68,1.743243,0.230836,0.507007,0,73.046566,scenario_000,short
2447,68,1.902794,0.253567,0.463848,2,71.280817,scenario_000,short
2448,68,2.2764,0.195614,0.20094,1,72.076017,scenario_000,short
2449,68,1.46827,0.08835,0.189156,2,70.837289,scenario_000,short
2450,68,2.401663,0.186133,0.421242,0,74.389829,scenario_000,short
2451,68,12.262535,0.40457,0.555741,2,92.478789,scenario_000,medium
2452,68,1.69653,0.498665,0.584964,2,71.147876,scenario_000,short
2453,68,1.303415,0.466648,0.816593,0,72.447873,scenario_000,short
2454,68,1.533264,0.656149,0.818563,0,74.240132,scenario_000,short
2455,68,1.767832,0.052224,0.294364,0,73.277999,scenario_000,short
2456,68,10.538425,0.384556,0.84501,1,92.25277,scenario_000,medium
2457,68,1.395723,0.419965,0.691152,0,73.58553,scenario_000,short
2458,68,1.019638,0.33261,0.22814,0,71.314657,scenario_000,short
2459,68,1.836087,0.49559,0.42297,2,71.794062,scenario_000,short
2460,68,16.322873,0.692285,0.543277,1,107.832445,scenario_000,long
2461,68,2.088678,0.333485,0.57748,0,75.320321,scenario_000,short
2462,68,2.017227,0.697476,0.720084,1,73.369312,scenario_000,short
2463,68,1.531233,0.383811,0.291717,2,70.294096,scenario_000,short
2464,68,11.254676,1.0,0.884783,0,97.250342,scenario_000,medium
2465,68,7.187794,0.825769,0.522224,2,80.782701,scenario_000,medium
2466,68,1.520773,0.403218,0.457823,1,71.477273,scenario_000,short
2467,68,11.940528,0.523303,1.0,1,89.411169,scenario_000,medium
2468,68,13.615367,0.624785,0.655167,0,103.338706,scenario_000,medium
2469,68,1.738818,0.265137,0.378495,0,72.446554,scenario_000,short
2470,68,2.160813,0.135227,0.148004,2,72.229626,scenario_000,short
2471,68,1.747741,0.712453,1.0,0,75.844413,scenario_000,short
2472,68,2.37839,0.703726,0.849189,2,71.950689,scenario_000,short
2473,68,12.39262,0.717509,0.567354,0,116.929312,scenario_000,medium
2474,68,1.645509,0.071634,0.18839,2,70.817213,scenario_000,short
2475,69,1.574822,0.290001,0.386288,0,75.228549,scenario_000,short
2476,69,9.354234,0.182987,0.28641,0,102.26563,scenario_000,medium
2477,69,2.27003,0.507092,0.467881,1,74.701743,scenario_000,short
2478,69,10.058734,0.472937,0.562709,1,98.725459,scenario_000,medium
2479,69,1.777799,0.726222,0.742817,2,72.491408,scenario_000,short
2480,69,15.823141,0.503544,0.390071,0,135.779047,scenario_000,medium
2481,69,1.397549,0.290534,0.442629,1,73.156902,scenario_000,short
2482,69,2.246376,0.228655,0.323095,1,74.539947,scenario_000,short
2483,69,2.215552,0.65596,0.688939,2,72.072467,scenario_000,short
2484,69,1.855501,0.357583,0.484472,0,76.233224,scenario_000,short
2485,69,2.050855,0.561459,0.666985,0,75.679336,scenario_000,short
2486,69,2.128528,0.155403,0.083358,2,73.375052,scenario_000,short
2487,69,1.984433,0.399694,0.306781,0,75.983266,scenario_000,short
2488,69,9.486639,0.453411,0.463531,2,87.964998,scenario_000,medium
2489,69,19.18701,0.454946,0.367391,1,121.817751,scenario_000,medium
2490,69,10.525215,0.456294,0.318857,2,82.100913,scenario_000,medium
2491,69,1.436833,0.51611,0.388442,1,72.723049,scenario_000,short
2492,69,2.136705,0.361375,0.622313,0,76.633651,scenario_000,short
2493,69,19.979159,0.560471,0.641098,0,134.283212,scenario_000,long
2494,69,1.333685,0.069395,0.362079,1,71.825323,scenario_000,short
2495,69,1.928648,0.274207,0.293452,1,74.082845,scenario_000,short
2496,69,1.829463,0.214886,0.697388,0,73.668473,scenario_000,short
2497,69,1.784991,0.167578,0.193489,2,71.741972,scenario_000,short
2498,69,1.281344,0.273522,0.479215,0,72.857584,scenario_000,short
2499,69,1.996301,0.32324,0.742084,0,76.14375,scenario_000,short
2500,69,9.750812,0.709655,0.651857,0,102.16908,scenario_000,medium
2501,69,1.258184,0.348808,0.5403,2,71.380158,scenario_000,short
2502,69,2.343887,0.21732,0.816603,0,75.59003,scenario_000,short
2503,69,6.090614,0.509956,0.497418,0,95.339233,scenario_000,medium
2504,69,1.436693,0.718511,0.606339,1,72.158982,scenario_000,short
2505,69,11.949084,0.68724,0.615413,2,86.407487,scenario_000,medium
2506,69,15.653223,0.519651,0.558869,1,96.919491,scenario_000,medium
2507,69,5.994957,0.199059,0.60895,1,81.465271,scenario_000,medium
2508,69,1.464331,0.63759,0.658409,0,72.891964,scenario_000,short
2509,69,2.560172,0.227231,0.403739,1,73.888663,scenario_000,short
2510,69,11.582566,0.786499,0.997776,0,102.675924,scenario_000,long
2511,69,1.358585,0.397213,0.826818,1,72.7257,scenario_000,short
2512,69,1.600667,0.479326,0.694347,0,75.669166,scenario_000,short
2513,69,1.675389,0.397391,0.591817,1,73.768643,scenario_000,short
2514,69,1.876574,0.34813,0.412777,2,71.546653,scenario_000,short
2515,69,11.75656,0.307267,0.398491,2,83.973071,scenario_000,medium
2516,69,1.202492,0.111257,0.107962,0,73.962802,scenario_000,short
2517,69,1.739226,0.228805,0.349428,0,76.165124,scenario_000,short
2518,69,1.700901,0.642669,0.477002,1,73.018241,scenario_000,short
2519,69,1.730549,0.109916,0.330617,1,72.219711,scenario_000,short
2520,69,2.224881,0.349331,0.433966,0,74.654773,scenario_000,short
2521,69,1.19339,0.503899,0.611,0,73.906726,scenario_000,short
2522,69,1.274341,0.142539,0.223368,2,71.599207,scenario_000,short
2523,69,10.652595,0.153639,0.401149,0,101.740935,scenario_000,medium
2524,69,1.251205,0.363649,0.51655,0,72.258797,scenario_000,short
2525,70,1.759604,0.437149,0.619214,0,75.727534,scenario_000,short
2526,70,7.743751,0.960815,0.743353,0,99.506356,scenario_000,medium
2527,70,2.185761,0.626669,0.687516,2,74.180141,scenario_000,short
2528,70,16.098721,0.880703,0.908518,2,88.798242,scenario_000,long
2529,70,1.84875,0.220151,0.354448,2,72.83596,scenario_000,short
2530,70,18.565943,0.951728,0.921553,0,139.374573,scenario_000,medium
2531,70,12.425328,0.287003,0.335596,0,106.341907,scenario_000,medium
2532,70,2.197179,0.671955,0.72131,2,74.248005,scenario_000,short
2533,70,10.892053,0.423912,0.360017,1,100.52694,scenario_000,medium
2534,70,11.639357,0.310761,0.413575,2,92.147731,scenario_000,medium
2535,70,1.32146,0.38772,0.328838,2,72.653891,scenario_000,short
2536,70,23.210209,0.589461,0.422839,0,163.191379,scenario_000,medium
2537,70,14.842539,0.633892,0.410465,0,120.845391,scenario_000,medium
2538,70,18.354559,0.530362,0.684443,1,110.513239,scenario_000,long
2539,70,1.575293,0.286102,0.351691,0,76.169091,scenario_000,short
2540,70,10.512593,0.209222,0.095576,1,91.483409,scenario_000,medium
2541,70,1.932278,0.080521,0.132934,0,75.407889,scenario_000,short
2542,70,15.28178,0.542156,0.756737,2,101.000194,scenario_000,medium
2543,70,1.778969,0.273412,0.46191,0,76.103934,scenario_000,short
2544,70,1.539125,0.642801,0.572785,2,72.580098,scenario_000,short
2545,70,3.012973,0.199409,0.287802,2,74.85212,scenario_000,short
2546,70,1.638866,0.375668,0.333255,2,72.005822,scenario_000,short
2547,70,1.206308,0.106289,0.161444,2,71.606999,scenario_000,short
2548,70,2.25912,0.190935,0.505561,1,76.817267,scenario_000,short
2549,70,12.128036,0.359841,0.434774,0,120.012509,scenario_000,medium
2550,70,1.373078,0.349469,0.396007,0,75.985552,scenario_000,short
2551,70,1.802642,0.295981,0.702066,2,73.119914,scenario_000,short
2552,70,1.175901,0.459754,0.418656,1,73.491559,scenario_000,short
2553,70,1.686849,0.087003,0.26963,0,74.903922,scenario_000,short
2554,70,10.072682,0.797744,0.924124,0,103.311231,scenario_000,medium
2555,70,6.37966,0.870903,0.647029,0,91.041692,scenario_000,medium
2556,70,7.298525,0.765126,0.877873,2,78.818639,scenario_000,medium
2557,70,1.991228,0.390894,0.778463,0,77.545969,scenario_000,short
2558,70,1.671078,0.066642,0.552027,2,72.349974,scenario_000,short
2559,70,1.991943,0.193863,0.152637,2,72.435476,scenario_000,short
2560,70,32.149711,0.451155,0.542585,1,152.53374,scenario_000,medium
2561,70,12.561689,0.608664,0.528152,1,108.266256,scenario_000,medium
2562,70,2.001269,0.511148,0.966145,2,73.814166,scenario_000,short
2563,70,1.500101,0.110859,0.182764,1,73.720432,scenario_000,short
2564,70,16.479969,0.808587,0.823646,0,124.376664,scenario_000,long
2565,70,8.925935,0.181069,0.448442,2,88.192367,scenario_000,medium
2566,70,1.532438,0.311853,0.158824,0,74.197036,scenario_000,short
2567,70,2.145086,0.502029,0.287091,2,74.283445,scenario_000,short
2568,70,2.434133,0.477759,0.631212,2,73.386226,scenario_000,short
2569,70,1.541191,0.375417,0.356463,2,72.701168,scenario_000,short
2570,70,14.953309,0.441158,0.557944,1,97.703728,scenario_000,medium
2571,70,1.765776,0.065887,0.059632,0,77.388853,scenario_000,short
2572,70,17.077637,0.163826,0.412243,1,122.182972,scenario_000,medium
2573,70,1.015371,0.474455,0.577621,2,71.725082,scenario_000,short
2574,70,1.625304,0.351376,0.667978,0,75.896123,scenario_000,short
2575,70,11.824017,0.716451,0.652294,0,100.487451,scenario_000,medium
2576,70,4.040833,0.91423,1.0,0,84.877078,scenario_000,medium
2577,70,1.46388,0.149779,0.278746,2,73.02342,scenario_000,short
2578,70,1.762231,0.273436,0.469354,1,75.078886,scenario_000,short
2579,70,2.15485,0.251828,0.754443,2,74.284999,scenario_000,short
2580,71,2.235475,0.298835,0.395331,1,77.28544,scenario_000,short
2581,71,10.299567,0.85297,0.934581,2,87.615426,scenario_000,medium
2582,71,7.989188,1.0,0.642463,0,106.667568,scenario_000,medium
2583,71,1.592841,0.362588,0.77664,1,74.964243,scenario_000,short
2584,71,1.980029,0.430734,0.880839,0,78.790923,scenario_000,short
2585,71,2.26067,0.075072,0.181854,0,80.132682,scenario_000,short
2586,71,1.916369,0.782089,0.781119,1,75.093848,scenario_000,short
2587,71,10.21616,0.56373,0.585573,0,109.632253,scenario_000,medium
2588,71,1.436123,0.183583,0.211712,2,73.968497,scenario_000,short
2589,71,8.68299,0.696058,0.96223,0,106.44923,scenario_000,medium
2590,71,18.673514,0.575103,0.627203,2,101.006944,scenario_000,medium
2591,71,1.711717,0.075427,0.091928,1,74.247919,scenario_000,short
2592,71,13.289157,0.99633,0.745476,1,100.557774,scenario_000,long
2593,71,10.460673,0.617421,0.92667,1,99.59586,scenario_000,medium
2594,71,2.602226,0.06602,0.239524,0,79.307314,scenario_000,short
2595,71,1.982488,0.631152,0.54835,2,74.383173,scenario_000,short
2596,71,12.87433,0.732337,0.653308,2,86.053325,scenario_000,medium
2597,71,12.076483,0.593977,0.534482,2,88.841559,scenario_000,long
2598,71,1.522465,0.162966,0.202724,2,73.703851,scenario_000,short
2599,71,2.06124,0.260253,0.449542,2,73.647463,scenario_000,short
2600,71,24.345671,0.354879,0.403199,0,169.367662,scenario_000,long
2601,71,1.499262,0.211013,0.262342,2,73.12151,scenario_000,short
2602,71,9.550397,0.410085,0.322813,0,100.749142,scenario_000,medium
2603,71,8.418571,0.605929,0.470912,0,94.968257,scenario_000,medium
2604,71,1.402128,0.167503,0.080624,0,75.730669,scenario_000,short
2605,71,1.921527,0.374514,0.868884,0,79.611421,scenario_000,short
2606,71,10.732758,0.564412,0.515695,0,108.145813,scenario_000,medium
2607,71,1.796232,0.647269,0.919073,2,74.58877,scenario_000,short
2608,71,14.555293,0.884086,0.95647,0,129.784542,scenario_000,medium
2609,71,1.964396,0.40532,0.317743,2,74.508826,scenario_000,short
2610,71,1.89682,0.099389,0.546791,2,74.304277,scenario_000,short
2611,71,2.285191,0.131561,0.435237,0,79.721597,scenario_000,short
2612,71,1.66796,0.549944,0.841481,1,75.410274,scenario_000,short
2613,71,7.543107,0.367852,0.50588,0,101.527997,scenario_000,medium
2614,71,17.105415,1.0,0.829872,1,124.462907,scenario_000,long
2615,71,1.53946,0.272064,0.434383,2,73.816783,scenario_000,short
2616,71,15.525717,0.862237,0.656283,1,100.545907,scenario_000,medium
2617,71,15.803218,0.593018,0.650821,2,96.412279,scenario_000,medium
2618,71,1.83579,0.591705,0.839302,2,74.670471,scenario_000,short
2619,71,1.811289,0.346686,0.552497,1,76.202118,scenario_000,short
2620,71,17.484403,0.639206,0.749766,2,91.696125,scenario_000,medium
2621,71,1.350843,0.500457,0.381706,2,73.615747,scenario_000,short
2622,71,6.406971,0.61264,0.47266,2,79.047457,scenario_000,medium
2623,71,1.246114,0.652474,0.591967,2,73.107928,scenario_000,short
2624,71,1.966767,0.262466,0.445522,0,79.588465,scenario_000,short
2625,71,2.197947,0.414131,0.467231,1,77.200493,scenario_000,short
2626,71,2.378002,0.343218,0.360736,1,78.123689,scenario_000,short
2627,71,11.240405,0.257149,0.600184,2,88.074147,scenario_000,medium
2628,71,8.057946,0.397002,0.258765,2,82.392616,scenario_000,medium
2629,71,9.988756,0.168461,0.250296,0,99.019974,scenario_000,medium
2630,71,5.208012,0.217161,0.388009,0,92.386382,scenario_000,medium
2631,71,6.973217,0.371999,0.608493,0,99.067225,scenario_000,medium
2632,71,13.830289,0.38428,0.518091,0,132.321396,scenario_000,medium
2633,71,1.324579,0.245887,0.135017,0,76.973037,scenario_000,short
2634,71,2.636093,0.364919,0.48781,0,82.396228,scenario_000,short
2635,71,1.355583,0.587067,0.517107,0,76.109182,scenario_000,short
2636,72,11.922377,0.731621,1.0,2,87.165458,scenario_000,medium
2637,72,1.290837,0.300109,0.408102,0,77.018683,scenario_000,short
2638,72,1.83172,0.591314,0.651987,1,76.985808,scenario_000,short
2639,72,1.438982,0.185647,0.472043,2,73.966373,scenario_000,short
2640,72,2.055769,0.068394,0.478625,0,78.000856,scenario_000,short
2641,72,0.969791,0.226648,0.417975,1,74.85107,scenario_000,short
2642,72,12.161929,0.492357,0.364819,0,118.281499,scenario_000,medium
2643,72,15.860591,0.930465,1.0,0,117.252837,scenario_000,long
2644,72,2.04133,0.317998,0.376134,2,75.182964,scenario_000,short
2645,72,1.720918,0.242989,0.189508,0,77.706645,scenario_000,short
2646,72,1.41931,0.40641,0.64576,2,74.237905,scenario_000,short
2647,72,2.029737,0.472465,0.467636,0,79.316352,scenario_000,short
2648,72,7.017245,0.147707,0.580014,2,85.380495,scenario_000,medium
2649,72,1.896465,0.256233,0.394311,1,77.641711,scenario_000,short
2650,72,6.541765,0.470786,0.508354,0,99.88312,scenario_000,medium
2651,72,1.408381,0.286501,0.515564,0,76.652434,scenario_000,short
2652,72,2.093618,0.714973,0.700464,2,76.125424,scenario_000,short
2653,72,14.299802,0.344794,0.382482,1,107.39122,scenario_000,medium
2654,72,1.384774,0.402951,0.424543,1,74.799056,scenario_000,short
2655,72,1.43866,0.334102,0.401136,1,76.243178,scenario_000,short
2656,72,6.864832,0.134286,0.262954,1,84.288109,scenario_000,medium
2657,72,17.044715,0.58834,0.680563,2,95.909158,scenario_000,medium
2658,72,10.908529,0.658775,0.754866,2,91.977165,scenario_000,medium
2659,72,1.986535,0.364764,0.472312,2,75.603765,scenario_000,short
2660,72,2.301716,0.20762,0.196808,0,80.757468,scenario_000,short
2661,72,0.984479,0.711569,0.630832,1,74.564908,scenario_000,short
2662,72,1.601334,0.116645,0.296005,0,77.98668,scenario_000,short
2663,72,1.890172,0.142864,0.624556,0,78.346383,scenario_000,short
2664,72,15.601624,0.316722,0.942894,2,91.657791,scenario_000,long
2665,72,2.140033,0.384023,0.381946,0,78.654284,scenario_000,short
2666,72,1.670847,0.160592,0.193308,2,74.260726,scenario_000,short
2667,72,1.70473,0.268483,0.431636,0,79.593487,scenario_000,short
2668,72,29.235731,0.907576,0.80073,1,152.936326,scenario_000,long
2669,72,11.13102,0.398385,0.444146,0,102.933519,scenario_000,medium
2670,72,1.838851,0.378892,0.406841,0,78.376635,scenario_000,short
2671,72,9.077702,0.601025,0.502304,0,97.124036,scenario_000,medium
2672,72,17.523544,0.673442,0.62721,0,139.166086,scenario_000,long
2673,72,12.574566,0.591976,0.726904,2,88.74884,scenario_000,medium
2674,72,17.793801,0.346455,0.511404,1,125.921424,scenario_000,long
2675,72,7.715637,0.609306,0.734553,0,94.884027,scenario_000,medium
2676,72,9.686916,0.292769,0.284752,0,101.870819,scenario_000,medium
2677,72,1.919543,0.42776,0.410789,2,74.336427,scenario_000,short
2678,72,11.987048,0.958845,0.813801,2,88.606277,scenario_000,medium
2679,72,1.190567,0.426104,0.569597,2,73.601269,scenario_000,short
2680,72,1.931297,0.088477,0.099964,2,74.469696,scenario_000,short
2681,72,11.219026,0.678025,0.592024,1,95.489924,scenario_000,medium
2682,72,1.818912,0.664545,0.505016,0,77.395087,scenario_000,short
2683,72,13.94918,0.279754,0.306306,1,100.86596,scenario_000,medium
2684,72,2.553432,0.277758,0.425687,1,79.689086,scenario_000,short
2685,72,1.75334,0.403826,0.552353,0,78.008583,scenario_000,short
2686,73,5.405553,0.597829,1.0,0,94.531302,scenario_000,medium
2687,73,2.169507,0.19787,0.297878,1,76.947033,scenario_000,short
2688,73,2.426676,0.138088,0.299195,2,76.727859,scenario_000,short
2689,73,5.540788,0.461739,0.308019,0,97.724432,scenario_000,medium
2690,73,17.582195,0.184935,0.389358,0,146.031145,scenario_000,medium
2691,73,1.856251,0.646889,1.0,2,75.414509,scenario_000,short
2692,73,1.68301,0.354691,0.597392,0,78.445043,scenario_000,short
2693,73,19.633296,0.238776,0.389859,0,139.493813,scenario_000,medium
2694,73,2.018378,0.49017,0.542183,0,82.030791,scenario_000,short
2695,73,1.277164,0.645024,0.760475,2,75.128609,scenario_000,short
2696,73,2.525579,0.317046,0.187728,1,78.24293,scenario_000,short
2697,73,14.148057,0.59343,0.567154,0,120.064816,scenario_000,long
2698,73,16.415918,0.671506,0.560787,1,107.031412,scenario_000,long
2699,73,1.189916,0.192392,0.602048,0,77.362678,scenario_000,short
2700,73,9.836677,1.0,0.756233,1,99.157411,scenario_000,medium
2701,73,2.186906,0.266119,0.710887,1,77.47913,scenario_000,short
2702,73,7.524769,0.645143,0.493699,2,83.775919,scenario_000,medium
2703,73,10.035393,0.708192,0.62859,2,91.447519,scenario_000,medium
2704,73,12.782247,0.703118,0.876853,2,97.077649,scenario_000,medium
2705,73,17.419069,0.432085,0.811297,0,146.494426,scenario_000,medium
2706,73,11.109081,0.90162,0.715774,0,111.487845,scenario_000,long
2707,73,2.445905,0.807383,0.823248,1,80.099211,scenario_000,short
2708,73,1.917554,0.718541,0.769461,0,80.064928,scenario_000,short
2709,73,1.022619,0.304864,0.653829,0,76.575536,scenario_000,short
2710,73,1.25441,0.629015,0.839424,0,77.82817,scenario_000,short
2711,73,1.931646,0.280118,0.393701,2,76.555167,scenario_000,short
2712,73,16.302914,1.0,1.0,0,121.406606,scenario_000,long
2713,73,19.113659,0.6148,0.838146,1,130.891093,scenario_000,medium
2714,73,11.328515,0.204379,0.793306,1,104.71126,scenario_000,medium
2715,73,2.387651,0.719185,0.803425,1,77.293491,scenario_000,short
2716,73,2.020419,0.121179,0.16169,0,80.969755,scenario_000,short
2717,73,1.52772,0.322233,0.263717,0,78.474975,scenario_000,short
2718,73,11.678413,0.881064,0.747723,1,107.258198,scenario_000,medium
2719,73,1.565191,0.399869,0.546048,1,76.437312,scenario_000,short
2720,73,1.385746,0.546489,0.37913,0,77.398875,scenario_000,short
2721,73,1.812926,0.547798,0.462757,0,79.220542,scenario_000,short
2722,73,2.164121,0.340431,0.407672,2,76.18055,scenario_000,short
2723,73,1.403486,0.053111,0.05,2,74.938751,scenario_000,short
2724,73,12.55986,0.190683,0.306937,0,108.774209,scenario_000,medium
2725,73,8.999995,0.445027,0.594987,0,96.564318,scenario_000,medium
2726,73,1.309483,0.773044,0.836634,1,75.82597,scenario_000,short
2727,73,2.185746,0.224252,0.211033,0,82.677459,scenario_000,short
2728,73,16.963883,0.874827,1.0,1,116.82574,scenario_000,medium
2729,73,9.869534,0.597437,0.656912,0,103.267056,scenario_000,medium
2730,73,1.263656,0.277298,0.662527,2,75.002636,scenario_000,short
2731,73,8.937532,0.619374,0.487309,2,86.951232,scenario_000,medium
2732,73,10.235802,0.209261,0.280485,1,98.683935,scenario_000,medium
2733,73,2.095545,0.565457,0.491162,0,81.321503,scenario_000,short
2734,73,22.468004,0.218045,0.529917,1,119.112072,scenario_000,medium
2735,73,1.858287,0.398302,0.773355,0,80.203782,scenario_000,short
2736,73,1.598564,0.343217,0.302268,1,76.587539,scenario_000,short
2737,73,14.629813,0.781411,0.700844,0,117.929068,scenario_000,long
2738,73,1.379021,0.128498,0.29442,0,76.965202,scenario_000,short
2739,73,12.235644,0.458328,0.384127,0,126.021452,scenario_000,medium
2740,73,9.945125,0.513668,0.451667,0,109.398865,scenario_000,medium
2741,74,1.947048,0.150398,0.30306,1,79.702274,scenario_000,short
2742,74,1.51963,0.068978,0.05,0,80.069502,scenario_000,short
2743,74,2.360022,0.215288,0.440409,0,83.995735,scenario_000,short
2744,74,2.603595,0.614563,0.823587,1,79.006637,scenario_000,short
2745,74,10.287076,0.925588,1.0,0,118.997063,scenario_000,medium
2746,74,1.882559,0.119061,0.282593,1,77.721205,scenario_000,short
2747,74,1.734841,0.202291,0.442375,0,78.511224,scenario_000,short
2748,74,2.054955,0.206903,0.580649,2,76.51325,scenario_000,short
2749,74,19.52605,0.778473,0.821289,0,136.033851,scenario_000,long
2750,74,1.417792,0.409068,0.627252,1,77.657372,scenario_000,short
2751,74,13.405845,0.61909,0.567284,0,117.792476,scenario_000,medium
2752,74,1.370653,0.361536,0.518316,0,79.670148,scenario_000,short
2753,74,19.219724,0.580499,0.708154,0,146.237523,scenario_000,medium
2754,74,1.551472,0.738442,1.0,0,79.130956,scenario_000,short
2755,74,7.390181,0.497262,0.667147,0,100.083371,scenario_000,medium
2756,74,20.083495,0.793329,0.595412,2,114.542485,scenario_000,long
2757,74,2.741552,0.216943,0.333112,0,85.704944,scenario_000,short
2758,74,0.889832,0.354517,0.433591,0,77.063566,scenario_000,short
2759,74,1.879939,0.489184,0.402306,2,77.242631,scenario_000,short
2760,74,1.64483,0.364615,0.433632,1,77.049466,scenario_000,short
2761,74,1.435183,0.157682,0.378501,0,78.006146,scenario_000,short
2762,74,1.839483,0.779259,1.0,2,76.762441,scenario_000,short
2763,74,1.488394,0.386726,0.281381,0,78.947253,scenario_000,short
2764,74,1.530221,0.077579,0.331753,0,78.939218,scenario_000,short
2765,74,2.548425,0.55222,0.933999,0,85.470195,scenario_000,short
2766,74,1.450845,0.531767,0.45697,0,79.589652,scenario_000,short
2767,74,31.417759,0.172297,0.555557,0,168.627694,scenario_000,medium
2768,74,2.404019,0.215278,0.368795,0,84.638186,scenario_000,short
2769,74,1.645903,0.559541,0.581168,2,76.285179,scenario_000,short
2770,74,1.963129,0.766763,0.849604,1,79.545298,scenario_000,short
2771,74,1.357012,0.77119,0.786407,0,79.447751,scenario_000,short
2772,74,1.335036,0.455856,0.330037,0,80.026545,scenario_000,short
2773,74,5.940268,0.839644,0.840225,2,84.858001,scenario_000,medium
2774,74,1.134041,0.384112,0.278297,0,77.610735,scenario_000,short
2775,74,1.531045,0.462833,0.871252,0,79.017385,scenario_000,short
2776,74,2.188025,0.286696,0.522162,1,80.790645,scenario_000,short
2777,74,2.221435,0.076888,0.182054,1,78.86101,scenario_000,short
2778,74,1.549148,0.145303,0.05,0,78.40802,scenario_000,short
2779,74,18.6189,0.68122,0.811219,1,119.785589,scenario_000,medium
2780,74,14.135984,0.965635,0.935429,0,113.860548,scenario_000,medium
2781,74,10.592824,0.196905,0.234092,0,111.006316,scenario_000,medium
2782,74,17.546457,0.28191,0.167189,0,128.855569,scenario_000,medium
2783,74,12.472746,0.952449,0.984604,1,108.650392,scenario_000,medium
2784,74,13.339333,0.195301,0.30679,2,101.100531,scenario_000,medium
2785,74,7.752239,0.432641,0.707262,2,87.76642,scenario_000,medium
2786,74,1.661465,0.493694,0.749244,1,77.747513,scenario_000,short
2787,74,8.021634,0.18994,0.230188,0,96.435858,scenario_000,medium
2788,74,20.233176,0.343916,0.189504,1,122.112452,scenario_000,medium
2789,74,1.943261,0.400942,0.456734,2,77.362965,scenario_000,short
2790,74,21.716501,0.855519,0.652446,0,166.699219,scenario_000,long
2791,74,13.454879,0.935159,1.0,1,111.39628,scenario_000,long
2792,74,1.765776,0.093168,0.235443,1,78.818634,scenario_000,short
2793,74,1.824597,0.140489,0.397401,0,80.326927,scenario_000,short
2794,75,2.054811,0.206523,0.259952,0,80.924054,scenario_000,short
2795,75,1.511057,0.38962,0.572089,1,79.196942,scenario_000,short
2796,75,10.280474,0.533097,0.353159,2,88.117764,scenario_000,medium
2797,75,17.817547,0.748817,0.636661,0,133.210462,scenario_000,medium
2798,75,1.844634,0.076824,0.236855,2,77.631336,scenario_000,short
2799,75,1.386563,0.369729,0.417104,2,77.750923,scenario_000,short
2800,75,1.260988,0.226687,0.270521,0,79.076985,scenario_000,short
2801,75,1.58065,0.448048,0.597893,2,77.775627,scenario_000,short
2802,75,15.75751,0.608763,0.723317,0,139.256601,scenario_000,medium
2803,75,2.025909,0.242103,0.272787,0,82.313304,scenario_000,short
2804,75,10.118854,0.586166,0.730614,0,108.025554,scenario_000,medium
2805,75,1.661064,0.125003,0.292229,2,78.374363,scenario_000,short
2806,75,15.17092,0.524208,0.691626,1,108.913884,scenario_000,medium
2807,75,1.226392,0.263963,0.577225,2,77.454811,scenario_000,short
2808,75,12.565855,1.0,0.868571,0,112.338421,scenario_000,medium
2809,75,1.124725,0.251315,0.58648,1,78.091694,scenario_000,short
2810,75,1.939471,0.372212,0.530432,0,80.919644,scenario_000,short
2811,75,9.176929,0.355482,0.377358,0,106.00879,scenario_000,medium
2812,75,1.863193,0.146435,0.326945,1,78.468284,scenario_000,short
2813,75,1.577499,0.437045,0.750851,1,78.923779,scenario_000,short
2814,75,1.370388,0.293355,0.212847,2,77.546892,scenario_000,short
2815,75,2.370008,0.257621,0.254012,0,82.460782,scenario_000,short
2816,75,1.513941,0.278982,0.273382,0,79.161276,scenario_000,short
2817,75,2.320469,0.304376,0.769984,1,81.243868,scenario_000,short
2818,75,10.670095,0.171952,0.241471,0,117.862265,scenario_000,medium
2819,75,1.322685,0.416401,0.537204,2,76.810217,scenario_000,short
2820,75,8.322825,0.388595,0.811578,2,91.01887,scenario_000,medium
2821,75,1.848447,0.164708,0.392421,0,82.215211,scenario_000,short
2822,75,1.325397,0.323633,0.220585,1,78.976658,scenario_000,short
2823,75,1.63626,0.337553,0.383743,1,78.042095,scenario_000,short
2824,75,1.574525,0.247317,0.525439,1,79.131709,scenario_000,short
2825,75,18.328663,0.708582,0.64911,0,136.639927,scenario_000,medium
2826,75,1.761586,0.287853,0.315451,0,80.596384,scenario_000,short
2827,75,11.415859,0.362925,0.493332,0,120.79275,scenario_000,medium
2828,75,1.64695,0.192178,0.365502,2,77.707363,scenario_000,short
2829,75,12.287257,0.741021,0.871293,2,97.761787,scenario_000,long
2830,75,1.755075,0.142889,0.127015,0,82.902204,scenario_000,short
2831,75,7.366322,0.639395,0.834366,2,89.297712,scenario_000,medium
2832,75,1.634688,0.120991,0.527388,2,78.232843,scenario_000,short
2833,75,2.872205,0.36097,0.368224,0,86.659001,scenario_000,short
2834,75,1.626487,0.71988,0.979498,1,79.758922,scenario_000,short
2835,75,1.497731,0.320893,0.465791,1,79.276042,scenario_000,short
2836,75,3.624778,0.999642,1.0,1,81.578395,scenario_000,medium
2837,75,10.846274,0.57126,0.437744,0,105.146185,scenario_000,medium
2838,75,1.342587,0.162207,0.244791,0,79.761786,scenario_000,short
2839,75,15.358579,0.264392,0.340306,0,125.143594,scenario_000,medium
2840,75,1.807132,0.265509,0.541439,2,77.668042,scenario_000,short
2841,75,1.781773,0.126314,0.22182,1,80.042678,scenario_000,short
2842,75,16.649777,0.871239,1.0,2,99.876507,scenario_000,long
2843,75,1.362074,0.685932,0.625516,2,77.229194,scenario_000,short
2844,75,12.079744,0.465972,0.417209,1,101.370685,scenario_000,medium
2845,75,2.121409,0.133735,0.260269,0,82.350432,scenario_000,short
2846,75,14.583307,0.244491,0.165107,0,137.574466,scenario_000,medium
2847,75,1.908095,0.223243,0.67839,0,83.400775,scenario_000,short
2848,76,1.76369,0.17778,0.645011,0,83.527795,scenario_000,short
2849,76,17.435976,0.327927,0.527818,2,107.115741,scenario_000,medium
2850,76,13.157261,0.221358,0.142638,0,120.45677,scenario_000,medium
2851,76,1.544278,0.422037,0.789469,2,78.293513,scenario_000,short
2852,76,6.337103,0.599784,0.549294,0,102.36855,scenario_000,medium
2853,76,1.39383,0.39381,0.41633,1,78.714826,scenario_000,short
2854,76,10.711692,0.602401,0.517721,0,119.068522,scenario_000,medium
2855,76,1.382242,0.586498,0.604277,0,80.191404,scenario_000,short
2856,76,1.859692,0.590834,0.80589,1,80.327362,scenario_000,short
2857,76,1.938823,0.111744,0.561735,0,82.494386,scenario_000,short
2858,76,1.2644,0.312144,0.288317,0,81.646412,scenario_000,short
2859,76,7.635772,0.632965,0.444333,1,99.269268,scenario_000,medium
2860,76,1.419979,0.152862,0.273059,2,78.749202,scenario_000,short
2861,76,1.528235,0.207794,0.245477,0,81.915762,scenario_000,short
2862,76,1.522249,0.455514,0.254105,2,78.827637,scenario_000,short
2863,76,15.021468,0.208788,0.236559,0,133.112786,scenario_000,medium
2864,76,2.084993,0.508032,0.743746,2,79.043209,scenario_000,short
2865,76,14.17357,0.572919,1.0,0,123.181796,scenario_000,long
2866,76,1.744928,0.383691,0.294553,0,82.532117,scenario_000,short
2867,76,12.181438,0.608158,0.651198,2,99.8976,scenario_000,medium
2868,76,1.807484,0.589739,0.753304,2,78.251993,scenario_000,short
2869,76,2.225843,0.337923,0.766889,0,83.686388,scenario_000,short
2870,76,1.935087,0.280369,0.383772,2,79.961536,scenario_000,short
2871,76,1.751038,0.726205,1.0,0,83.550636,scenario_000,short
2872,76,2.421536,0.419005,0.784431,2,79.501839,scenario_000,short
2873,76,9.838861,0.40428,0.252232,1,100.443327,scenario_000,medium
2874,76,20.930141,0.374606,0.414037,0,146.079433,scenario_000,medium
2875,76,1.813926,0.448691,0.738943,0,82.313667,scenario_000,short
2876,76,2.342556,0.107428,0.237653,1,82.259641,scenario_000,short
2877,76,1.542241,0.153302,0.310999,1,79.372627,scenario_000,short
2878,76,6.0432,0.157027,0.562714,0,96.15496,scenario_000,medium
2879,76,1.770603,0.35055,0.384464,0,81.56122,scenario_000,short
2880,76,2.014524,0.575021,0.908647,0,84.202165,scenario_000,short
2881,76,1.897084,0.114531,0.327598,0,82.51444,scenario_000,short
2882,76,2.137934,0.762289,0.67566,1,80.386165,scenario_000,short
2883,76,2.642369,0.446715,0.58965,2,80.751987,scenario_000,short
2884,76,13.991458,0.508536,0.639461,0,120.454558,scenario_000,medium
2885,76,9.480728,0.981137,0.72977,0,102.31446,scenario_000,medium
2886,76,10.676491,0.736596,0.796382,2,93.974833,scenario_000,medium
2887,76,13.351448,0.377985,0.351241,0,136.283742,scenario_000,medium
2888,76,1.896971,0.387336,0.458151,1,79.735147,scenario_000,short
2889,76,17.210814,0.467946,0.402328,1,114.267944,scenario_000,medium
2890,76,1.372213,0.100444,0.28115,2,77.790037,scenario_000,short
2891,76,14.316054,0.132866,0.188742,0,135.354848,scenario_000,medium
2892,76,1.427227,0.330629,0.628778,1,80.159343,scenario_000,short
2893,76,10.320017,0.903148,0.756466,1,103.728476,scenario_000,medium
2894,76,10.339213,0.494419,0.687806,1,103.975511,scenario_000,medium
2895,76,2.149563,0.720039,0.498066,2,80.167875,scenario_000,short
2896,77,11.946365,0.159682,0.378174,2,95.174367,scenario_000,medium
2897,77,14.643412,0.976232,0.874704,2,100.782513,scenario_000,medium
2898,77,21.273621,1.0,0.86958,2,114.410258,scenario_000,long
2899,77,1.933594,0.395813,0.654547,0,84.790637,scenario_000,short
2900,77,2.155705,0.266736,0.399733,2,79.585784,scenario_000,short
2901,77,2.384122,0.852506,0.778115,2,81.190372,scenario_000,short
2902,77,12.43218,0.489605,0.361866,0,109.072754,scenario_000,medium
2903,77,1.886749,0.739945,0.922597,0,84.345445,scenario_000,short
2904,77,15.830022,0.672183,0.742929,2,99.169977,scenario_000,medium
2905,77,16.575768,0.628341,0.782081,2,107.45346,scenario_000,medium
2906,77,2.327274,0.336174,0.433452,2,80.78446,scenario_000,short
2907,77,2.411452,0.171283,0.351477,0,84.408108,scenario_000,short
2908,77,1.260346,0.332577,0.591863,0,81.373625,scenario_000,short
2909,77,1.298631,0.442833,0.51254,0,82.521115,scenario_000,short
2910,77,1.766133,0.208744,0.124757,1,80.91156,scenario_000,short
2911,77,18.719059,0.725117,0.8022,1,125.023213,scenario_000,long
2912,77,8.854657,0.675245,0.519513,0,101.947593,scenario_000,medium
2913,77,1.926707,0.617277,0.801455,1,82.057372,scenario_000,short
2914,77,10.131171,0.714073,1.0,2,96.318944,scenario_000,medium
2915,77,18.28433,0.759252,1.0,1,124.080587,scenario_000,medium
2916,77,1.509584,0.555473,0.632437,0,81.477008,scenario_000,short
2917,77,13.849968,0.437153,0.641037,1,118.76614,scenario_000,medium
2918,77,1.740804,0.238278,0.113849,0,84.421949,scenario_000,short
2919,77,1.84643,0.14876,0.245828,1,81.435048,scenario_000,short
2920,77,24.002658,0.939909,0.852934,1,151.142359,scenario_000,medium
2921,77,1.547431,0.35567,0.7275,0,81.429617,scenario_000,short
2922,77,2.255921,0.621631,0.489533,0,84.411736,scenario_000,short
2923,77,1.868578,0.356345,0.929363,2,80.518967,scenario_000,short
2924,77,1.451455,0.326778,0.367818,1,80.486555,scenario_000,short
2925,77,2.481796,0.430872,0.429467,0,86.433825,scenario_000,short
2926,77,2.299605,0.212921,0.407903,2,80.529316,scenario_000,short
2927,77,22.323716,0.84483,0.828637,2,118.038144,scenario_000,long
2928,77,1.395637,0.656664,0.768854,0,82.507842,scenario_000,short
2929,77,1.72354,0.303023,0.273611,1,81.436904,scenario_000,short
2930,77,2.025643,0.770433,0.755021,2,80.600117,scenario_000,short
2931,77,2.113034,0.302665,0.330078,1,80.830872,scenario_000,short
2932,77,1.982147,0.376799,0.419652,0,83.296041,scenario_000,short
2933,77,1.424661,0.726723,0.686474,2,78.673004,scenario_000,short
2934,77,2.490394,0.482656,0.492739,0,88.128007,scenario_000,short
2935,77,19.188008,0.816615,0.823028,0,143.011191,scenario_000,medium
2936,77,1.465102,0.549538,0.569487,2,79.317363,scenario_000,short
2937,77,14.633012,0.247606,0.315031,2,101.057197,scenario_000,medium
2938,77,1.931454,0.152704,0.283419,0,83.848715,scenario_000,short
2939,77,7.25255,0.993463,0.798811,2,91.865175,scenario_000,long
2940,77,1.77093,0.239827,0.488158,2,79.330557,scenario_000,short
2941,77,10.175741,0.961252,0.63295,0,122.730222,scenario_000,medium
2942,77,10.682589,0.337444,0.54559,0,104.315481,scenario_000,medium
2943,77,35.223669,1.0,0.857648,0,232.393289,scenario_000,long
2944,77,1.468519,0.154123,0.26643,2,78.848742,scenario_000,short
2945,77,1.712914,0.586117,0.400597,2,79.60053,scenario_000,short
2946,77,20.746816,0.35882,0.37785,0,131.937849,scenario_000,long
2947,77,1.401259,0.66492,0.730377,0,83.13993,scenario_000,short
2948,77,14.390754,0.769413,0.868067,1,113.509535,scenario_000,medium
2949,77,1.753986,0.194217,0.375894,2,80.140258,scenario_000,short
2950,77,8.631774,1.0,0.856913,0,101.067069,scenario_000,medium
2951,78,1.740989,0.46042,0.723873,2,80.100138,scenario_000,short
2952,78,2.425384,0.645136,0.456855,1,84.511892,scenario_000,short
2953,78,2.494148,0.322173,0.753056,0,85.373165,scenario_000,short
2954,78,2.222439,0.516732,0.528509,2,81.053102,scenario_000,short
2955,78,10.205673,0.803223,1.0,2,98.367692,scenario_000,medium
2956,78,1.654765,0.665486,0.574442,0,82.735996,scenario_000,short
2957,78,1.623899,0.494478,0.485135,2,80.489598,scenario_000,short
2958,78,1.861414,0.515996,0.453648,0,84.327038,scenario_000,short
2959,78,1.695161,0.19003,0.290449,0,84.496049,scenario_000,short
2960,78,1.973786,0.831837,0.745603,0,85.211721,scenario_000,short
2961,78,1.7493,0.603402,0.664774,0,85.562006,scenario_000,short
2962,78,2.523119,0.421109,0.532921,1,84.838492,scenario_000,short
2963,78,6.17281,1.0,1.0,2,87.622832,scenario_000,medium
2964,78,1.823211,0.179008,0.243133,0,83.077666,scenario_000,short
2965,78,6.561604,0.268178,0.336106,0,99.472107,scenario_000,medium
2966,78,16.962989,1.0,0.898135,2,100.110423,scenario_000,medium
2967,78,2.141959,0.416491,0.526868,1,83.754291,scenario_000,short
2968,78,2.888665,0.443693,0.52475,1,84.02508,scenario_000,short
2969,78,11.872483,0.382407,0.295239,1,112.51521,scenario_000,medium
2970,78,19.354234,0.295402,0.640661,2,116.184094,scenario_000,medium
2971,78,11.181985,0.22918,0.202945,0,114.900644,scenario_000,medium
2972,78,2.036922,0.345134,0.284099,1,84.0059,scenario_000,short
2973,78,30.575112,0.458471,0.543831,2,128.849781,scenario_000,long
2974,78,9.219725,0.547104,0.665809,2,91.541529,scenario_000,medium
2975,78,7.373496,0.642257,0.471859,0,97.898604,scenario_000,medium
2976,78,1.739711,0.398428,0.735643,1,83.381484,scenario_000,short
2977,78,7.887194,0.608533,0.594885,0,99.322378,scenario_000,medium
2978,78,1.762252,0.404546,0.535585,1,81.219649,scenario_000,short
2979,78,2.037215,0.441111,0.846434,0,84.758542,scenario_000,short
2980,78,1.088583,0.67343,1.0,2,79.551364,scenario_000,short
2981,78,7.541298,0.503282,0.542575,0,97.709864,scenario_000,medium
2982,78,2.87674,0.310395,0.270511,0,87.148823,scenario_000,short
2983,78,1.441184,0.484942,0.793253,0,82.471871,scenario_000,short
2984,78,2.66809,0.685702,0.498031,0,88.361514,scenario_000,short
2985,78,1.61933,0.202963,0.17012,0,84.204897,scenario_000,short
2986,78,1.626891,0.429585,0.757782,1,82.438719,scenario_000,short
2987,78,9.7702,0.613924,0.594784,2,97.72502,scenario_000,medium
2988,78,7.153616,0.51992,0.343808,2,92.253456,scenario_000,medium
2989,78,1.598298,0.715977,0.521801,2,80.770617,scenario_000,short
2990,78,10.807906,0.484481,0.877097,2,90.732661,scenario_000,medium
2991,78,19.313344,0.561986,0.417182,2,107.027669,scenario_000,medium
2992,78,6.048986,1.0,0.755568,2,90.345011,scenario_000,medium
2993,78,25.445867,1.0,0.925382,0,155.249762,scenario_000,long
2994,78,1.667042,0.417341,0.323932,0,84.770142,scenario_000,short
2995,78,1.594083,0.348243,0.459137,1,81.958871,scenario_000,short
2996,78,12.999707,0.322111,0.385336,0,135.258397,scenario_000,medium
2997,78,1.471024,0.183187,0.336639,2,80.618706,scenario_000,short
2998,78,2.00971,0.366621,0.785423,2,81.789016,scenario_000,short
2999,78,1.204571,0.583897,0.743348,1,80.466978,scenario_000,short
3000,78,1.673137,0.115912,0.708779,0,84.48219,scenario_000,short
3001,78,1.220562,0.158104,0.154603,0,81.882246,scenario_000,short
3002,78,1.465363,0.376902,0.226381,2,80.849001,scenario_000,short
3003,78,1.934678,0.10301,0.099551,0,84.446321,scenario_000,short
3004,78,1.973595,0.159548,0.424665,1,81.929373,scenario_000,short
3005,78,1.405346,0.123732,0.339351,0,82.695801,scenario_000,short
3006,78,1.588677,0.213771,0.397444,2,80.329073,scenario_000,short
3007,78,1.782426,0.600024,0.739029,0,84.941323,scenario_000,short
3008,78,13.067333,0.699682,1.0,2,103.659333,scenario_000,long
3009,78,1.096312,0.807261,0.690031,1,80.271022,scenario_000,short
3010,78,1.467452,0.410777,0.269757,0,82.428648,scenario_000,short
3011,78,1.262037,0.50219,0.627924,0,81.240042,scenario_000,short
3012,78,1.131092,0.113008,0.32868,0,82.052155,scenario_000,short
3013,78,24.132121,0.566806,0.586982,1,139.225264,scenario_000,medium
3014,78,1.762195,0.485501,0.338244,1,83.21023,scenario_000,short
3015,78,1.693377,0.208871,0.577687,2,80.726276,scenario_000,short
3016,79,14.948014,0.5605,0.499826,0,141.335538,scenario_000,medium
3017,79,10.968762,0.440557,0.311439,1,112.0977,scenario_000,medium
3018,79,9.504631,0.392108,0.737937,1,104.855289,scenario_000,medium
3019,79,1.716165,0.166656,0.246436,1,83.140184,scenario_000,short
3020,79,1.732727,0.82765,0.742103,1,83.345652,scenario_000,short
3021,79,2.080964,0.162057,0.286557,0,87.333352,scenario_000,short
3022,79,11.254692,0.754845,0.673512,0,112.211527,scenario_000,medium
3023,79,2.382114,0.511158,0.684587,0,89.386343,scenario_000,short
3024,79,2.141104,0.772053,0.678826,2,81.927282,scenario_000,short
3025,79,1.815296,0.31359,0.38433,0,86.914778,scenario_000,short
3026,79,1.656849,0.316351,0.146158,0,85.962394,scenario_000,short
3027,79,7.450582,0.888283,0.986204,0,104.856002,scenario_000,medium
3028,79,1.65558,0.145923,0.083742,1,83.690336,scenario_000,short
3029,79,1.384975,0.180613,0.208457,0,83.734782,scenario_000,short
3030,79,1.420317,0.067538,0.397002,2,81.847555,scenario_000,short
3031,79,11.486912,1.0,0.806946,1,113.98624,scenario_000,medium
3032,79,14.395399,0.360627,0.408602,0,142.786646,scenario_000,medium
3033,79,1.281812,0.497895,0.42223,0,82.801172,scenario_000,short
3034,79,19.031466,0.673853,1.0,0,142.710389,scenario_000,medium
3035,79,2.014497,0.240234,0.514929,0,86.07504,scenario_000,short
3036,79,5.815992,0.373493,0.660438,1,94.610993,scenario_000,medium
3037,79,1.506584,0.193062,0.109808,1,83.467151,scenario_000,short
3038,79,16.7836,0.197928,0.266007,2,100.756703,scenario_000,medium
3039,79,1.119418,0.119011,0.372419,0,84.052085,scenario_000,short
3040,79,1.561616,0.612823,0.427259,1,83.722515,scenario_000,short
3041,79,10.027459,0.431112,0.447554,0,107.385642,scenario_000,medium
3042,79,1.994175,0.108745,0.207596,2,81.738889,scenario_000,short
3043,79,14.519269,0.80394,1.0,0,144.005257,scenario_000,medium
3044,79,8.547709,0.524579,0.659751,2,89.021149,scenario_000,medium
3045,79,1.994923,0.30559,0.432844,2,81.414113,scenario_000,short
3046,79,2.019028,0.423896,0.600816,1,84.946537,scenario_000,short
3047,79,1.588386,0.444292,0.555914,1,81.9044,scenario_000,short
3048,79,11.744588,0.882016,0.907365,2,93.162068,scenario_000,medium
3049,79,23.348915,0.263906,0.192935,1,135.106604,scenario_000,long
3050,79,14.747226,0.855756,0.767817,2,98.178566,scenario_000,medium
3051,79,1.287254,0.206229,0.19821,1,82.887771,scenario_000,short
3052,79,1.646449,0.353506,0.539568,1,84.06085,scenario_000,short
3053,79,2.133312,0.406776,0.451046,1,83.966334,scenario_000,short
3054,79,11.052473,0.481605,0.6877,0,114.237219,scenario_000,medium
3055,79,2.716406,0.646808,0.574949,2,84.515029,scenario_000,short
3056,79,1.768605,0.488091,0.801081,0,86.622443,scenario_000,short
3057,79,16.341377,0.34177,0.326723,0,152.070446,scenario_000,medium
3058,79,29.976462,0.638109,0.651533,1,157.703681,scenario_000,medium
3059,79,20.570951,1.0,1.0,0,170.305298,scenario_000,long
3060,79,6.202141,0.396535,0.435408,0,95.090528,scenario_000,medium
3061,79,1.451762,0.067741,0.190391,2,81.755968,scenario_000,short
3062,79,15.532323,0.20366,0.294416,1,123.61387,scenario_000,medium
3063,79,1.418887,0.764166,1.0,0,83.947035,scenario_000,short
3064,79,16.967443,0.866091,0.88255,1,112.528455,scenario_000,long
3065,79,12.027165,0.822726,0.567728,2,96.259978,scenario_000,medium
3066,79,13.338348,0.602449,0.531912,0,132.381131,scenario_000,medium
3067,79,1.482093,0.396098,0.290304,0,82.850329,scenario_000,short
3068,79,10.144133,0.333646,0.517256,2,96.920056,scenario_000,medium
3069,79,6.623458,0.259405,0.31889,1,95.325321,scenario_000,medium
3070,79,1.818688,0.186244,0.234564,0,84.673943,scenario_000,short
3071,79,2.091882,0.216437,0.27923,0,88.055194,scenario_000,short
3072,79,2.323902,0.44956,0.754953,1,85.48456,scenario_000,short
3073,80,11.191929,0.23127,0.352388,2,102.88266,scenario_000,medium
3074,80,9.172131,0.288365,0.175784,1,100.360817,scenario_000,medium
3075,80,13.15497,1.0,0.862161,0,129.748973,scenario_000,medium
3076,80,1.865846,0.475164,0.577888,0,84.913219,scenario_000,short
3077,80,1.975756,0.193514,0.326701,2,83.745722,scenario_000,short
3078,80,1.684657,0.447409,0.584096,0,85.751736,scenario_000,short
3079,80,2.5711,0.328672,0.350165,0,91.063578,scenario_000,short
3080,80,10.742834,0.883484,0.91535,0,107.703788,scenario_000,medium
3081,80,11.700878,0.817054,0.79375,0,114.046644,scenario_000,medium
3082,80,19.737143,0.534469,0.819979,0,132.319878,scenario_000,medium
3083,80,1.860336,0.161225,0.268608,1,85.27562,scenario_000,short
3084,80,1.810502,0.629897,0.61888,0,87.967304,scenario_000,short
3085,80,8.948412,0.547429,0.467343,0,112.876102,scenario_000,medium
3086,80,4.887398,0.702845,0.626023,1,90.805688,scenario_000,medium
3087,80,2.198207,0.851438,0.814976,2,84.149161,scenario_000,short
3088,80,2.126244,0.316432,0.442222,1,84.394315,scenario_000,short
3089,80,1.620373,0.33411,0.592562,0,85.526023,scenario_000,short
3090,80,10.22488,0.712821,0.707645,0,122.908143,scenario_000,medium
3091,80,1.92675,0.134238,0.34268,0,87.913639,scenario_000,short
3092,80,2.15929,0.09671,0.296261,2,83.944783,scenario_000,short
3093,80,16.530583,0.417213,0.544908,2,103.274505,scenario_000,medium
3094,80,1.572664,0.870172,0.965936,0,86.986013,scenario_000,short
3095,80,1.417312,0.363696,0.468466,0,84.68733,scenario_000,short
3096,80,10.440525,0.28027,0.248264,1,105.461337,scenario_000,medium
3097,80,20.373461,0.216329,0.302646,2,112.437434,scenario_000,medium
3098,80,3.042582,0.249192,0.460276,2,85.563139,scenario_000,short
3099,80,10.860076,0.260853,0.429429,0,117.534165,scenario_000,medium
3100,80,9.025189,0.504855,0.708281,2,90.861651,scenario_000,medium
3101,80,20.500564,0.646508,0.70409,0,151.92021,scenario_000,long
3102,80,1.872092,0.427938,0.495717,2,82.757074,scenario_000,short
3103,80,1.338536,0.079583,0.094589,0,83.536471,scenario_000,short
3104,80,7.456243,0.523726,0.392722,1,100.699089,scenario_000,medium
3105,80,9.686523,0.746154,0.668773,0,116.933499,scenario_000,medium
3106,80,2.220106,0.602867,0.604984,2,83.108675,scenario_000,short
3107,80,12.468909,0.571696,0.661583,2,105.708736,scenario_000,medium
3108,80,1.64644,0.223085,0.233278,2,82.745014,scenario_000,short
3109,80,1.677119,0.320374,0.239183,0,85.827475,scenario_000,short
3110,80,1.512854,0.622103,0.735305,1,82.981233,scenario_000,short
3111,80,16.219973,0.33465,0.270333,1,112.167106,scenario_000,medium
3112,80,13.455112,0.584415,0.533524,2,104.930068,scenario_000,medium
3113,80,2.394612,0.382846,0.230858,0,86.858927,scenario_000,short
3114,80,1.157465,0.20342,0.058206,2,82.167704,scenario_000,short
3115,80,1.681946,0.628925,0.718317,0,84.523766,scenario_000,short
3116,80,11.404681,0.161437,0.286667,0,131.240863,scenario_000,medium
3117,80,1.595089,0.089876,0.399883,0,86.895926,scenario_000,short
3118,80,10.020649,0.3574,0.593957,0,119.248854,scenario_000,medium
3119,80,1.989338,0.714663,0.731266,2,82.323111,scenario_000,short
3120,80,17.928329,0.718609,0.517368,1,127.714646,scenario_000,medium
3121,80,1.615243,0.112594,0.753316,2,82.868237,scenario_000,short
3122,80,2.41684,0.400967,0.470438,0,89.241264,scenario_000,short
3123,80,17.562021,0.324835,0.908324,2,100.892805,scenario_000,medium
3124,80,17.98601,0.430349,0.248238,1,134.810779,scenario_000,medium
3125,80,25.708794,1.0,1.0,0,192.381674,scenario_000,long
3126,80,8.375078,0.274001,0.420997,0,115.125469,scenario_000,medium
3127,80,1.050064,0.352849,0.542472,0,82.891064,scenario_000,short
3128,80,11.335659,0.647886,0.766565,1,113.221243,scenario_000,medium
3129,80,1.773424,0.182128,0.076844,1,85.253897,scenario_000,short
3130,80,1.408437,0.165877,0.717618,0,83.976234,scenario_000,short
3131,80,1.863603,0.794004,0.684631,2,83.655203,scenario_000,short
3132,80,1.394688,0.683326,0.574556,0,83.950998,scenario_000,short
3133,80,13.048802,0.845747,0.795817,1,115.418832,scenario_000,medium
3134,80,2.741145,0.206574,0.566257,0,87.156956,scenario_000,short
3135,80,11.20067,0.619028,0.56848,2,93.06604,scenario_000,medium
3136,80,1.752375,0.252762,0.277833,0,86.120704,scenario_000,short
3137,80,10.815533,0.532835,0.517322,0,119.982068,scenario_000,medium
3138,80,1.848953,0.194952,0.168711,0,86.237049,scenario_000,short
3139,80,16.706315,0.53287,0.483163,0,141.984053,scenario_000,medium
3140,80,21.615187,0.49683,0.61272,1,121.211695,scenario_000,medium
3141,80,5.021652,0.852603,0.534082,0,96.291783,scenario_000,medium
3142,80,9.885841,0.55061,0.82909,2,97.032764,scenario_000,medium
3143,80,13.104897,0.354855,0.456045,2,100.045708,scenario_000,medium
3144,81,1.824082,0.477265,0.384516,0,86.956351,scenario_000,short
3145,81,9.641535,1.0,0.741165,2,96.937641,scenario_000,long
3146,81,1.580863,0.254208,0.3944,0,85.050507,scenario_000,short
3147,81,18.342326,0.525783,0.359212,0,143.414633,scenario_000,medium
3148,81,1.446182,0.098834,0.298858,1,83.751651,scenario_000,short
3149,81,2.986942,0.469028,0.570779,0,90.200754,scenario_000,short
3150,81,11.360499,0.70278,0.640954,2,95.694215,scenario_000,long
3151,81,16.776371,0.470349,0.861623,0,135.824816,scenario_000,medium
3152,81,12.979677,0.15074,0.349444,2,97.526064,scenario_000,medium
3153,81,1.882274,0.084619,0.29456,2,83.851033,scenario_000,short
3154,81,1.50622,0.810504,0.570704,0,87.709765,scenario_000,short
3155,81,19.082309,0.273796,0.202595,2,116.831771,scenario_000,long
3156,81,7.550152,0.450355,0.382286,2,90.651592,scenario_000,medium
3157,81,1.568323,0.257259,0.301704,2,83.283098,scenario_000,short
3158,81,1.951116,0.451015,0.483684,2,84.024961,scenario_000,short
3159,81,1.26063,0.351181,0.406578,2,82.695874,scenario_000,short
3160,81,1.755583,0.387254,0.833762,1,84.1982,scenario_000,short
3161,81,1.523687,0.302362,0.303654,0,86.564025,scenario_000,short
3162,81,23.087668,0.660751,0.602815,0,169.215732,scenario_000,medium
3163,81,1.033094,0.598641,0.770141,2,82.259341,scenario_000,short
3164,81,11.618699,0.799112,0.738252,0,123.024997,scenario_000,medium
3165,81,1.737711,0.655305,0.813924,0,85.549194,scenario_000,short
3166,81,1.392423,0.051754,0.75012,2,83.313118,scenario_000,short
3167,81,2.440439,0.126959,0.329232,1,87.843096,scenario_000,short
3168,81,2.0046,0.218999,0.208148,2,84.194756,scenario_000,short
3169,81,11.701054,0.956128,0.981817,2,97.151282,scenario_000,medium
3170,81,1.386577,0.260354,0.373014,2,83.222473,scenario_000,short
3171,81,5.965704,0.383765,0.285622,2,91.546896,scenario_000,medium
3172,81,1.369116,0.290916,0.611636,0,85.085001,scenario_000,short
3173,81,5.96937,0.406556,0.645686,1,97.562071,scenario_000,medium
3174,81,1.585084,0.212513,0.225355,1,85.678788,scenario_000,short
3175,81,1.938086,0.155225,0.228227,1,84.598801,scenario_000,short
3176,81,1.095311,0.547235,0.367826,0,84.898507,scenario_000,short
3177,81,2.182661,0.212862,0.3631,1,87.163949,scenario_000,short
3178,81,1.438947,0.402469,0.418638,2,83.954044,scenario_000,short
3179,81,1.63441,0.157474,0.23283,2,83.944903,scenario_000,short
3180,81,12.745089,0.408624,0.452876,2,100.57301,scenario_000,medium
3181,81,1.40031,0.284189,0.362467,2,82.634675,scenario_000,short
3182,81,1.705055,0.316403,0.430351,0,85.508906,scenario_000,short
3183,81,1.793063,0.210055,0.453615,1,84.582337,scenario_000,short
3184,81,17.002188,0.97911,0.865167,2,113.461671,scenario_000,medium
3185,81,2.016908,0.093603,0.247779,2,83.426701,scenario_000,short
3186,81,2.058323,0.211607,0.791488,0,88.825587,scenario_000,short
3187,81,2.35738,0.120457,0.694083,1,86.202396,scenario_000,short
3188,81,7.858099,0.235478,0.798029,0,108.838115,scenario_000,medium
3189,81,15.654603,0.623092,0.661655,1,128.465561,scenario_000,medium
3190,81,1.516895,0.358688,0.642089,2,82.988558,scenario_000,short
3191,81,2.015391,0.677201,0.683731,0,89.940061,scenario_000,short
3192,81,1.409891,0.544297,0.491708,0,85.772054,scenario_000,short
3193,81,11.699619,0.289422,0.386623,0,116.737044,scenario_000,medium
3194,81,10.702719,0.909177,0.866872,0,120.071866,scenario_000,medium
3195,81,1.483217,0.52169,0.556306,0,86.253027,scenario_000,short
3196,81,1.52608,0.47956,0.473293,1,85.361049,scenario_000,short
3197,81,24.435583,0.922385,0.788073,0,184.027086,scenario_000,long
3198,81,1.573265,0.445187,0.67818,0,87.852921,scenario_000,short
3199,81,2.066748,0.060731,0.539474,1,86.433622,scenario_000,short
3200,81,1.574793,0.349807,0.56379,2,83.869189,scenario_000,short
3201,81,1.792386,0.388664,0.367164,0,86.454345,scenario_000,short
3202,81,21.237337,0.250446,0.712017,0,161.002147,scenario_000,medium
3203,81,17.13377,0.679586,0.759774,1,129.681013,scenario_000,medium
3204,81,12.898129,0.364692,0.687984,1,115.110167,scenario_000,long
3205,81,15.572381,0.482559,0.452078,1,122.156574,scenario_000,medium
3206,81,2.074715,0.60608,0.49006,2,84.435955,scenario_000,short
3207,81,1.783065,0.439238,0.289882,2,83.100084,scenario_000,short
3208,81,1.945193,0.116379,0.290171,2,84.948852,scenario_000,short
3209,81,1.637766,0.796374,1.0,1,85.776884,scenario_000,short
3210,81,1.69497,0.382738,0.49116,0,87.992123,scenario_000,short
3211,81,14.516012,0.789708,0.824619,1,122.089084,scenario_000,medium
3212,81,9.391161,0.511108,0.518483,0,121.557308,scenario_000,medium
3213,81,16.40424,0.817922,0.868454,2,113.822298,scenario_000,medium
3214,81,2.437757,0.78759,0.923941,2,84.193165,scenario_000,short
3215,82,2.394426,0.198816,0.334632,1,88.825657,scenario_000,short
3216,82,10.02059,0.596269,0.522759,0,116.008576,scenario_000,medium
3217,82,1.984952,0.071806,0.288337,0,89.796741,scenario_000,short
3218,82,5.922559,1.0,0.662564,0,103.389624,scenario_000,medium
3219,82,1.762899,0.303978,0.200607,2,84.651771,scenario_000,short
3220,82,2.222944,0.098703,0.22766,0,87.895704,scenario_000,short
3221,82,1.618404,0.305914,0.634754,2,84.485164,scenario_000,short
3222,82,2.306995,0.069476,0.308676,0,91.791781,scenario_000,short
3223,82,1.762307,0.33486,0.407928,0,87.225934,scenario_000,short
3224,82,1.644404,0.206683,0.693787,2,84.259559,scenario_000,short
3225,82,22.25152,0.384165,0.434145,0,143.529155,scenario_000,medium
3226,82,13.211875,0.363541,0.250816,2,108.932517,scenario_000,long
3227,82,2.046875,0.53107,0.503897,2,85.886808,scenario_000,short
3228,82,11.105241,0.315631,0.341221,0,112.491763,scenario_000,medium
3229,82,10.882678,0.965713,1.0,2,101.639453,scenario_000,medium
3230,82,1.831065,0.160307,0.125705,1,85.413187,scenario_000,short
3231,82,2.841022,0.247806,0.304445,0,94.70286,scenario_000,short
3232,82,2.23987,0.071739,0.27546,1,88.562882,scenario_000,short
3233,82,1.643015,0.408592,0.404724,1,85.273059,scenario_000,short
3234,82,2.332599,0.657943,1.0,0,90.793303,scenario_000,short
3235,82,2.152189,0.330892,0.58309,0,87.73317,scenario_000,short
3236,82,9.465507,0.381122,0.498816,1,102.328015,scenario_000,medium
3237,82,21.804593,0.882106,0.820771,1,121.975375,scenario_000,long
3238,82,1.551204,0.535336,0.642251,0,86.939521,scenario_000,short
3239,82,1.993427,0.118921,0.681407,0,90.164961,scenario_000,short
3240,82,1.790924,0.098286,0.328204,2,85.493343,scenario_000,short
3241,82,2.153122,0.639073,0.618591,0,90.692266,scenario_000,short
3242,82,1.484918,0.408891,0.682392,0,86.191549,scenario_000,short
3243,82,14.476958,0.409532,0.682075,0,125.098831,scenario_000,medium
3244,82,1.706056,0.326314,0.332837,2,84.245821,scenario_000,short
3245,82,12.359246,0.232309,0.380886,2,104.75233,scenario_000,medium
3246,82,1.592655,0.628675,0.686603,0,86.458564,scenario_000,short
3247,82,9.523036,0.682248,0.883387,0,107.742593,scenario_000,medium
3248,82,1.525531,0.088181,0.260738,0,87.015897,scenario_000,short
3249,82,11.932882,0.246926,0.240271,1,103.379544,scenario_000,medium
3250,82,1.56534,0.26585,0.489384,2,84.134839,scenario_000,short
3251,82,16.600117,0.318057,0.266932,2,107.137005,scenario_000,medium
3252,82,10.359973,0.316615,0.411082,2,95.964799,scenario_000,medium
3253,82,1.695664,0.157531,0.330581,0,86.491467,scenario_000,short
3254,82,2.021153,0.130967,0.08853,2,84.71374,scenario_000,short
3255,82,12.667506,0.207422,0.403131,0,126.838363,scenario_000,medium
3256,82,14.380071,0.15434,0.059135,0,145.615205,scenario_000,medium
3257,82,17.037552,0.140737,0.370105,1,126.890019,scenario_000,medium
3258,82,21.791376,0.685946,0.71486,0,140.226023,scenario_000,medium
3259,82,12.596265,0.695306,0.586166,0,130.15996,scenario_000,medium
3260,82,21.245653,1.0,0.928962,0,172.009198,scenario_000,long
3261,82,11.641216,0.370007,0.423598,2,96.323922,scenario_000,medium
3262,82,7.885619,0.687659,0.830625,1,106.548554,scenario_000,medium
3263,82,1.980383,0.486709,0.446157,1,86.799982,scenario_000,short
3264,82,2.300219,0.58249,0.573553,0,88.094542,scenario_000,short
3265,82,12.093915,0.94653,0.924825,1,105.080016,scenario_000,medium
3266,82,1.236738,0.473929,0.347507,0,86.106787,scenario_000,short
3267,82,1.820813,0.39828,0.64017,1,85.700043,scenario_000,short
3268,82,1.524101,0.676563,0.678661,1,85.90035,scenario_000,short
3269,82,15.811849,0.16485,0.561032,2,100.881186,scenario_000,medium
3270,82,1.367119,0.064531,0.205795,1,85.258944,scenario_000,short
3271,82,6.556298,1.0,0.734881,0,100.341948,scenario_000,medium
3272,82,19.871688,0.759259,0.553733,0,140.539627,scenario_000,long
3273,82,7.23504,0.241809,0.519753,0,114.321818,scenario_000,medium
3274,82,1.507164,0.476968,0.835137,2,84.245324,scenario_000,short
3275,82,1.58197,0.178034,0.217855,0,86.455693,scenario_000,short
3276,82,1.676987,0.174032,0.258049,2,85.136492,scenario_000,short
3277,82,1.385412,0.444157,0.481535,2,84.097366,scenario_000,short
3278,82,12.877485,0.421203,0.598249,0,123.533282,scenario_000,medium
3279,82,1.857141,0.560846,1.0,0,90.324759,scenario_000,short
3280,82,1.707509,0.594501,0.773101,1,87.285611,scenario_000,short
3281,82,28.992671,0.509333,0.612216,1,165.245395,scenario_000,long
3282,82,2.083344,0.437561,0.464073,2,85.829699,scenario_000,short
3283,83,1.638583,0.197991,0.121279,1,86.717221,scenario_000,short
3284,83,1.85851,0.228245,0.318106,1,88.644252,scenario_000,short
3285,83,1.945091,0.44024,0.433775,2,85.761905,scenario_000,short
3286,83,0.983714,0.580555,0.44652,1,86.011978,scenario_000,short
3287,83,2.150858,0.449495,0.519109,1,87.294096,scenario_000,short
3288,83,2.385339,0.38401,0.741543,2,86.468015,scenario_000,short
3289,83,1.822985,0.773791,0.682623,1,88.219986,scenario_000,short
3290,83,2.163551,0.056045,0.05,0,88.71453,scenario_000,short
3291,83,1.794351,0.345049,0.685018,0,90.623901,scenario_000,short
3292,83,1.768202,0.233279,0.395528,0,90.761837,scenario_000,short
3293,83,2.442627,0.722685,0.740835,1,88.385714,scenario_000,short
3294,83,2.158755,0.671879,0.683252,0,90.086821,scenario_000,short
3295,83,6.456841,0.251064,0.76612,1,95.205139,scenario_000,medium
3296,83,7.239883,0.578874,1.0,0,101.663485,scenario_000,medium
3297,83,1.862264,0.110125,0.20215,0,90.057086,scenario_000,short
3298,83,1.989851,0.608494,0.437153,0,90.918068,scenario_000,short
3299,83,1.584914,0.666888,0.626384,2,85.91835,scenario_000,short
3300,83,1.727815,0.265471,0.462564,0,90.680209,scenario_000,short
3301,83,16.016763,0.303191,0.642843,1,124.710704,scenario_000,medium
3302,83,1.347625,0.057534,0.610303,0,87.213461,scenario_000,short
3303,83,11.027047,0.654045,0.60819,0,125.764382,scenario_000,medium
3304,83,19.33007,0.492493,0.495367,2,108.689256,scenario_000,medium
3305,83,1.242239,0.063594,0.139,2,84.531068,scenario_000,short
3306,83,2.055178,0.125994,0.667867,0,89.593114,scenario_000,short
3307,83,12.427167,0.506537,0.433089,2,99.661994,scenario_000,medium
3308,83,8.66132,0.624094,1.0,2,97.446578,scenario_000,medium
3309,83,1.078995,0.685759,0.737757,1,85.533393,scenario_000,short
3310,83,9.315545,0.668322,0.883473,1,99.773968,scenario_000,medium
3311,83,1.797895,0.532316,0.794536,0,89.729577,scenario_000,short
3312,83,1.928154,0.692889,0.929429,0,89.600469,scenario_000,short
3313,83,11.748255,0.511279,0.512163,2,99.235198,scenario_000,long
3314,83,12.702285,0.724254,0.988865,2,107.331774,scenario_000,long
3315,83,16.173455,0.795525,0.902786,0,128.835157,scenario_000,medium
3316,83,13.726321,0.196896,0.551361,1,126.047973,scenario_000,medium
3317,83,2.022026,0.230841,0.166164,1,88.427934,scenario_000,short
3318,83,1.435427,0.272933,0.189244,0,87.813861,scenario_000,short
3319,83,1.119487,0.532808,0.965486,0,86.329987,scenario_000,short
3320,83,1.751916,0.259832,0.332229,0,87.698839,scenario_000,short
3321,83,32.206999,0.773393,0.742432,0,204.182098,scenario_000,long
3322,83,9.89254,0.852534,0.758049,2,99.763172,scenario_000,long
3323,83,1.362069,0.351907,0.613557,0,88.590963,scenario_000,short
3324,83,14.389941,0.718852,1.0,0,143.955794,scenario_000,long
3325,83,1.424506,0.295888,0.354443,2,85.303712,scenario_000,short
3326,83,9.620974,0.43836,0.423241,0,108.215896,scenario_000,medium
3327,83,10.518967,0.338933,0.496288,0,128.55805,scenario_000,medium
3328,83,1.667314,0.405668,0.439458,2,85.365902,scenario_000,short
3329,83,1.512394,0.348547,0.465082,1,85.833582,scenario_000,short
3330,83,2.450758,0.21235,0.16068,1,89.75672,scenario_000,short
3331,83,1.458671,0.353659,0.575839,0,87.659383,scenario_000,short
3332,83,5.913713,0.744409,0.848852,1,100.212314,scenario_000,medium
3333,83,1.872324,0.070072,0.349233,1,88.306212,scenario_000,short
3334,83,1.893984,0.442451,0.765951,0,91.207557,scenario_000,short
3335,83,21.061196,1.0,0.985066,2,113.085341,scenario_000,medium
3336,83,15.03046,1.0,0.91706,1,116.922873,scenario_000,medium
3337,84,10.463113,0.5549,0.620939,0,116.312421,scenario_000,medium
3338,84,1.727442,0.159078,0.470094,1,88.634917,scenario_000,short
3339,84,1.626487,0.530453,0.662416,0,89.570362,scenario_000,short
3340,84,2.139209,0.141355,0.773857,1,89.732298,scenario_000,short
3341,84,1.762849,0.56441,0.965675,1,89.553006,scenario_000,short
3342,84,1.713615,0.359279,0.393257,2,86.094727,scenario_000,short
3343,84,1.559558,0.343929,0.554899,1,87.227156,scenario_000,short
3344,84,1.146127,0.295989,0.174165,2,85.619023,scenario_000,short
3345,84,1.376395,0.646524,0.485758,0,87.771967,scenario_000,short
3346,84,1.748192,0.412022,0.586099,1,89.292034,scenario_000,short
3347,84,9.075894,0.13553,0.201304,0,123.681778,scenario_000,medium
3348,84,2.111064,0.76579,0.511826,2,87.672105,scenario_000,short
3349,84,2.23908,0.108157,0.287151,0,91.669384,scenario_000,short
3350,84,22.59364,0.630012,0.605276,2,116.610524,scenario_000,medium
3351,84,1.443983,0.36861,0.438126,2,86.91422,scenario_000,short
3352,84,11.075925,0.248283,0.245115,1,107.505642,scenario_000,medium
3353,84,1.457315,0.13478,0.274451,0,89.853466,scenario_000,short
3354,84,1.891701,0.354337,0.445582,0,89.931418,scenario_000,short
3355,84,2.274185,0.332144,0.508552,2,88.666915,scenario_000,short
3356,84,2.082539,0.122067,0.344817,1,90.207946,scenario_000,short
3357,84,14.037763,1.0,1.0,2,110.427045,scenario_000,medium
3358,84,5.988503,0.584771,0.407784,0,103.625682,scenario_000,medium
3359,84,15.457816,0.276262,0.676967,0,125.023397,scenario_000,medium
3360,84,2.104581,0.09346,0.255864,0,91.169376,scenario_000,short
3361,84,2.044971,0.453582,0.995593,2,87.389853,scenario_000,short
3362,84,12.480139,0.666609,0.485677,2,104.836569,scenario_000,medium
3363,84,2.203302,0.335066,0.491043,0,90.400132,scenario_000,short
3364,84,15.422769,0.656164,0.659725,2,115.797885,scenario_000,medium
3365,84,16.538489,0.418695,0.508882,0,158.170273,scenario_000,medium
3366,84,1.413204,0.510302,0.587369,0,88.828964,scenario_000,short
3367,84,1.915402,0.321541,0.428794,0,90.547939,scenario_000,short
3368,84,1.910519,0.291004,0.354479,2,86.725839,scenario_000,short
3369,84,16.002227,0.619547,0.530623,2,108.0614,scenario_000,medium
3370,84,1.28649,0.372893,0.365904,2,86.138524,scenario_000,short
3371,84,1.360243,0.404428,0.278505,1,86.510998,scenario_000,short
3372,84,1.46994,0.303115,0.41966,0,88.216207,scenario_000,short
3373,84,1.894442,0.778961,0.539789,2,87.321854,scenario_000,short
3374,84,5.801773,0.486254,0.356543,0,100.15388,scenario_000,medium
3375,84,1.576788,0.367132,0.632586,0,91.085298,scenario_000,short
3376,84,12.082882,0.530815,0.813782,0,135.355554,scenario_000,medium
3377,84,1.824233,0.385649,0.366275,2,86.562008,scenario_000,short
3378,84,12.099088,0.298059,0.309741,0,135.077341,scenario_000,medium
3379,84,2.100463,0.457504,0.449818,1,89.175089,scenario_000,short
3380,84,1.831607,0.308429,0.169843,1,87.916342,scenario_000,short
3381,84,2.531443,0.292353,0.202736,1,91.568614,scenario_000,short
3382,84,1.497997,0.579959,1.0,2,86.175021,scenario_000,short
3383,84,1.99812,0.245682,0.326012,2,87.618534,scenario_000,short
3384,84,2.130333,0.426629,0.550083,0,89.5842,scenario_000,short
3385,84,1.627287,0.42176,0.458605,2,85.893428,scenario_000,short
3386,84,2.440158,0.185021,0.251396,2,88.582287,scenario_000,short
3387,84,1.672677,0.600043,0.796703,2,86.711909,scenario_000,short
3388,84,2.035151,0.467365,0.807215,2,87.385275,scenario_000,short
3389,84,18.701745,1.0,0.818301,0,146.160102,scenario_000,long
3390,84,2.23277,0.476868,0.652804,2,88.546442,scenario_000,short
3391,84,11.065227,0.70396,0.494805,1,107.919275,scenario_000,medium
3392,84,23.24495,1.0,0.939466,0,164.427078,scenario_000,long
3393,84,15.872491,0.928929,0.879746,2,105.619787,scenario_000,long
3394,84,10.317907,1.0,1.0,2,96.267241,scenario_000,medium
3395,84,1.520727,0.07471,0.140399,2,86.62279,scenario_000,short
3396,84,17.202814,0.616125,0.584833,1,116.433115,scenario_000,medium
3397,84,2.052015,0.811848,0.762327,2,86.554118,scenario_000,short
3398,84,2.402726,0.281866,0.677164,1,89.350254,scenario_000,short
3399,84,11.041825,0.617004,0.566422,0,113.837022,scenario_000,medium
3400,84,1.590189,0.63869,0.483597,1,87.810641,scenario_000,short
3401,84,10.026974,1.0,0.769953,1,105.899848,scenario_000,medium
3402,84,1.65702,0.102193,0.131941,1,87.006295,scenario_000,short
3403,84,14.402683,0.32136,0.568171,0,143.043384,scenario_000,medium
3404,84,1.389946,0.139298,0.511682,2,86.763434,scenario_000,short
3405,84,1.689986,0.463023,0.520224,1,87.810529,scenario_000,short
3406,85,1.598554,0.219567,0.336816,2,87.807464,scenario_000,short
3407,85,1.124362,0.59521,0.817295,2,86.545959,scenario_000,short
3408,85,11.923937,0.709948,0.616743,0,125.685972,scenario_000,medium
3409,85,1.429376,0.30887,0.665638,2,87.025594,scenario_000,short
3410,85,2.178772,0.662933,0.815894,1,89.364155,scenario_000,short
3411,85,1.336795,0.381247,0.451441,0,90.228496,scenario_000,short
3412,85,1.700155,0.378571,0.546899,2,87.341824,scenario_000,short
3413,85,10.236559,0.368433,0.395191,1,104.937152,scenario_000,medium
3414,85,1.810889,0.612646,0.514644,0,91.470994,scenario_000,short
3415,85,1.121229,0.815893,1.0,1,88.398646,scenario_000,short
3416,85,1.219246,0.236951,0.433686,2,86.491197,scenario_000,short
3417,85,1.850549,0.385356,0.380479,0,92.702868,scenario_000,short
3418,85,1.967136,0.182853,0.229356,0,92.167789,scenario_000,short
3419,85,14.096742,0.78787,0.978819,0,127.443257,scenario_000,medium
3420,85,1.800886,0.716958,0.842105,1,90.428397,scenario_000,short
3421,85,1.880559,0.43401,0.308064,1,88.57422,scenario_000,short
3422,85,15.198083,0.708424,0.857391,0,140.584606,scenario_000,medium
3423,85,10.594686,0.424814,0.45041,2,98.083816,scenario_000,medium
3424,85,1.754807,0.161825,0.482881,2,87.955432,scenario_000,short
3425,85,1.794366,0.344008,0.678646,0,91.816377,scenario_000,short
3426,85,1.746899,0.277938,0.557778,2,87.736262,scenario_000,short
3427,85,15.124475,0.318106,0.548277,0,124.091774,scenario_000,medium
3428,85,5.332997,0.842217,0.700187,0,100.133949,scenario_000,medium
3429,85,8.169943,0.53014,0.457926,0,114.97492,scenario_000,medium
3430,85,2.321332,0.105592,0.19268,2,88.692174,scenario_000,short
3431,85,1.485995,0.538266,0.766307,1,88.334517,scenario_000,short
3432,85,1.800989,0.297189,0.29778,0,90.519771,scenario_000,short
3433,85,2.05551,0.251956,0.346849,0,90.275859,scenario_000,short
3434,85,16.096776,0.788301,0.708642,0,141.798341,scenario_000,medium
3435,85,1.598097,0.624033,0.530312,1,87.900034,scenario_000,short
3436,85,23.08636,0.975806,0.734371,1,129.689348,scenario_000,long
3437,85,1.378366,0.154477,0.156526,1,88.123314,scenario_000,short
3438,85,1.534128,0.539445,0.459724,0,89.4856,scenario_000,short
3439,85,1.88176,0.318474,0.25745,0,93.031126,scenario_000,short
3440,85,9.449673,0.218119,0.84616,0,110.39835,scenario_000,medium
3441,85,6.155609,0.727161,0.818395,2,94.722351,scenario_000,medium
3442,85,7.948644,0.121515,0.322564,2,98.366318,scenario_000,medium
3443,85,1.406875,0.757705,0.748861,2,87.167368,scenario_000,short
3444,85,2.386389,0.260578,0.278428,1,89.434337,scenario_000,short
3445,85,1.179758,0.520628,0.655209,1,87.146177,scenario_000,short
3446,85,1.905164,0.592197,0.465349,2,88.131281,scenario_000,short
3447,85,23.54173,0.442651,0.467916,2,114.354322,scenario_000,medium
3448,85,1.789474,0.665104,0.524738,0,92.793365,scenario_000,short
3449,85,2.584328,0.824822,0.733853,0,95.387274,scenario_000,short
3450,85,1.551968,0.416825,0.655398,2,87.271316,scenario_000,short
3451,85,10.051972,0.936925,0.629143,1,116.268397,scenario_000,medium
3452,85,1.448329,0.391264,0.784024,0,90.535748,scenario_000,short
3453,85,9.35801,0.849425,0.743883,1,112.219766,scenario_000,long
3454,85,2.15105,0.305932,0.756512,0,92.079387,scenario_000,short
3455,85,2.082853,0.195466,0.385342,2,88.049892,scenario_000,short
3456,85,9.057318,0.522388,0.901558,2,103.415259,scenario_000,medium
3457,86,13.840074,0.866247,0.577606,0,123.91196,scenario_000,medium
3458,86,7.034202,0.904075,0.848989,0,109.378832,scenario_000,medium
3459,86,1.616656,0.396138,0.604815,0,90.158204,scenario_000,short
3460,86,2.097588,0.396961,0.52108,2,88.90494,scenario_000,short
3461,86,10.526072,0.522993,0.894717,2,103.453705,scenario_000,medium
3462,86,2.063634,0.271509,0.847177,0,92.408617,scenario_000,short
3463,86,1.478115,0.547813,0.492473,0,89.828452,scenario_000,short
3464,86,1.294184,0.11852,0.181478,1,89.808745,scenario_000,short
3465,86,1.970741,0.42278,0.452298,0,93.29383,scenario_000,short
3466,86,13.862545,0.561152,0.589026,2,112.918455,scenario_000,medium
3467,86,7.933938,0.518086,0.414096,1,104.45204,scenario_000,medium
3468,86,11.59033,0.193189,0.515361,2,109.070887,scenario_000,medium
3469,86,1.549159,0.1785,0.282063,0,91.597072,scenario_000,short
3470,86,13.578487,0.729514,0.616579,2,112.28955,scenario_000,medium
3471,86,1.942513,0.250041,0.160079,2,88.934192,scenario_000,short
3472,86,1.94375,0.439035,0.50248,0,92.352321,scenario_000,short
3473,86,1.903391,0.332493,0.404028,2,89.409027,scenario_000,short
3474,86,1.28394,0.664418,0.734372,2,88.497142,scenario_000,short
3475,86,1.806118,0.783344,0.845988,0,93.30695,scenario_000,short
3476,86,2.03906,0.242887,0.604072,1,90.268598,scenario_000,short
3477,86,11.430124,0.953319,0.91694,2,102.232497,scenario_000,medium
3478,86,14.154999,0.754266,0.688323,0,139.779655,scenario_000,medium
3479,86,1.376074,0.667247,0.755444,2,88.431963,scenario_000,short
3480,86,2.235216,0.736007,0.92361,0,93.54001,scenario_000,short
3481,86,1.634311,0.060468,0.383107,0,91.71053,scenario_000,short
3482,86,1.708799,0.386547,0.306294,0,91.416975,scenario_000,short
3483,86,13.859949,0.811922,0.570124,2,111.732247,scenario_000,medium
3484,86,11.485783,0.653778,0.442336,0,134.306514,scenario_000,medium
3485,86,2.691821,0.196063,0.867624,0,97.409623,scenario_000,short
3486,86,1.857354,0.579189,0.569332,1,90.926754,scenario_000,short
3487,86,15.386911,0.384895,0.212132,2,111.180534,scenario_000,medium
3488,86,1.587402,0.811701,0.777476,0,90.831036,scenario_000,short
3489,86,2.05982,0.329453,0.520909,0,91.349547,scenario_000,short
3490,86,1.215371,0.481924,0.650374,2,87.639846,scenario_000,short
3491,86,1.363008,0.467359,0.427739,0,90.618941,scenario_000,short
3492,86,16.590245,0.337012,0.246006,1,118.31915,scenario_000,long
3493,86,19.483504,0.925789,0.730298,0,138.471525,scenario_000,medium
3494,86,5.628247,1.0,1.0,2,97.454972,scenario_000,medium
3495,87,21.943157,0.512933,0.672432,0,176.235066,scenario_000,medium
3496,87,14.115747,0.188558,0.370009,2,110.913327,scenario_000,medium
3497,87,21.337115,0.429809,0.6203,1,151.801769,scenario_000,medium
3498,87,15.099407,0.235031,0.319606,1,123.944786,scenario_000,medium
3499,87,2.188197,0.391693,0.547596,0,92.853222,scenario_000,short
3500,87,13.620757,0.539303,0.54672,1,120.67681,scenario_000,medium
3501,87,1.985824,0.453801,0.437933,1,92.723334,scenario_000,short
3502,87,15.758141,0.577184,0.472884,1,132.39613,scenario_000,medium
3503,87,2.168989,0.522157,0.656988,2,90.855359,scenario_000,short
3504,87,2.198117,0.402646,0.643714,0,92.955329,scenario_000,short
3505,87,20.863742,0.753707,0.655392,0,161.749871,scenario_000,long
3506,87,2.053299,0.283286,0.28437,1,92.063976,scenario_000,short
3507,87,2.011693,0.46968,0.466497,1,90.702538,scenario_000,short
3508,87,20.215219,1.0,0.813705,2,121.20618,scenario_000,medium
3509,87,9.092771,0.730254,0.758308,2,101.191826,scenario_000,medium
3510,87,1.20763,0.093823,0.529041,0,90.097072,scenario_000,short
3511,87,2.401747,0.161633,0.431355,0,94.673912,scenario_000,short
3512,87,2.205677,0.389685,0.394114,0,94.540604,scenario_000,short
3513,87,13.185935,0.605465,0.728178,1,114.382101,scenario_000,medium
3514,87,1.842591,0.194027,0.49465,0,91.946783,scenario_000,short
3515,87,1.31745,0.791078,0.661916,1,90.742393,scenario_000,short
3516,87,7.907325,0.896018,0.782132,2,98.0285,scenario_000,medium
3517,87,1.729851,0.258102,0.387176,1,91.279388,scenario_000,short
3518,87,1.429442,0.285992,0.502332,0,92.455926,scenario_000,short
3519,87,1.409193,0.386026,0.603541,2,88.684975,scenario_000,short
3520,87,11.966474,0.879894,0.584405,0,130.164396,scenario_000,medium
3521,87,24.944401,0.629886,0.83404,0,152.369795,scenario_000,medium
3522,87,1.547962,0.083703,0.08978,0,92.99716,scenario_000,short
3523,87,1.14736,0.308381,0.466061,0,91.58667,scenario_000,short
3524,88,16.414042,0.198477,0.26564,2,116.412943,scenario_000,medium
3525,88,1.58219,0.325767,0.322452,0,92.807606,scenario_000,short
3526,88,12.405216,0.894732,1.0,2,104.917659,scenario_000,long
3527,88,1.916066,0.241749,0.467141,2,91.451409,scenario_000,short
3528,88,14.043197,0.543118,0.509222,2,107.841877,scenario_000,medium
3529,88,1.378655,0.291159,0.43831,2,90.301606,scenario_000,short
3530,88,2.228598,0.620907,1.0,0,94.534561,scenario_000,short
3531,88,2.136312,0.371012,0.382415,0,96.705639,scenario_000,short
3532,88,2.127372,0.413118,0.727937,2,90.874292,scenario_000,short
3533,88,14.771891,0.996319,1.0,0,146.192775,scenario_000,long
3534,88,11.986656,0.972131,0.866297,0,130.918367,scenario_000,medium
3535,88,18.190646,0.701149,0.958625,0,137.230954,scenario_000,medium
3536,88,1.426851,0.666549,0.604625,2,90.234624,scenario_000,short
3537,88,2.299505,0.506208,0.364262,2,91.261455,scenario_000,short
3538,88,1.51752,0.401229,0.512571,0,94.291403,scenario_000,short
3539,88,6.992159,0.407207,0.491116,2,96.210099,scenario_000,medium
3540,88,8.818711,0.791932,0.929399,1,109.072701,scenario_000,medium
3541,88,2.360213,0.209088,0.283318,2,92.569658,scenario_000,short
3542,88,1.686504,0.711088,0.534483,2,90.183464,scenario_000,short
3543,88,9.547905,0.331911,0.351151,0,112.68123,scenario_000,medium
3544,88,14.604732,0.938633,0.842545,0,142.830994,scenario_000,medium
3545,88,23.397399,0.568233,0.704187,2,128.677697,scenario_000,long
3546,88,2.026349,0.405351,0.739102,1,91.922123,scenario_000,short
3547,88,1.720782,0.849454,1.0,0,95.540735,scenario_000,short
3548,88,8.276823,0.622161,0.886716,0,115.958405,scenario_000,medium
3549,88,14.825704,0.306429,0.394593,1,129.490698,scenario_000,medium
3550,88,2.12004,0.122063,0.66898,1,94.397157,scenario_000,short
3551,88,1.728376,0.227249,0.333867,0,93.944187,scenario_000,short
3552,88,2.024602,0.663755,0.501865,1,94.059085,scenario_000,short
3553,88,18.191298,0.308813,0.574323,2,114.628117,scenario_000,medium
3554,88,1.742812,0.232484,0.469111,0,92.755437,scenario_000,short
3555,88,16.707405,0.566335,0.463265,2,121.966302,scenario_000,medium
3556,88,2.340958,0.722968,0.459297,2,91.676937,scenario_000,short
3557,88,12.747106,0.473258,0.645237,1,114.817473,scenario_000,medium
3558,88,11.498413,0.439715,0.730605,2,103.612918,scenario_000,medium
3559,88,1.091781,0.12719,0.23476,2,89.496363,scenario_000,short
3560,89,2.179571,0.11041,0.250575,1,95.408158,scenario_000,short
3561,89,2.355549,0.440597,0.580949,0,99.579849,scenario_000,short
3562,89,1.919993,0.341364,0.406873,0,97.605841,scenario_000,short
3563,89,1.722794,0.371542,0.780218,0,96.492628,scenario_000,short
3564,89,1.565226,0.849382,0.653922,1,93.143293,scenario_000,short
3565,89,2.133018,0.638895,0.831508,0,98.059537,scenario_000,short
3566,89,1.526191,0.216519,0.207068,0,94.604899,scenario_000,short
3567,89,1.478432,0.410417,0.665024,1,91.853338,scenario_000,short
3568,89,1.179462,0.057218,0.063732,2,91.07083,scenario_000,short
3569,89,11.663451,0.12179,0.21874,1,125.568908,scenario_000,medium
3570,89,1.069707,0.187555,0.149091,1,92.008227,scenario_000,short
3571,89,1.979172,0.170173,0.126536,2,91.878156,scenario_000,short
3572,89,11.947768,1.0,1.0,0,138.055418,scenario_000,long
3573,89,15.883441,0.979903,0.622659,2,108.510215,scenario_000,long
3574,89,2.168467,0.324889,0.673071,2,92.849008,scenario_000,short
3575,89,6.417315,0.145705,0.112055,0,115.349259,scenario_000,medium
3576,89,52.102813,0.315937,0.418315,2,178.282907,scenario_000,medium
3577,89,12.127376,0.134224,0.457524,2,107.590536,scenario_000,medium
3578,89,9.729056,0.535143,0.842376,2,106.677929,scenario_000,medium
3579,89,2.326343,0.079986,0.184508,0,98.253683,scenario_000,short
3580,89,1.500619,0.150335,0.178139,0,93.751564,scenario_000,short
3581,89,14.335112,0.533494,0.573568,2,114.651764,scenario_000,medium
3582,89,12.590728,0.157598,0.517323,0,133.30249,scenario_000,medium
3583,89,1.065373,0.065114,0.215011,0,91.863115,scenario_000,short
3584,89,2.172966,0.557752,0.802111,2,91.956135,scenario_000,short
3585,89,7.634635,0.907525,0.966394,0,116.651172,scenario_000,medium
3586,89,11.762194,0.687239,0.554819,0,132.867147,scenario_000,medium
3587,89,2.566075,0.44832,0.428551,0,98.631201,scenario_000,short
3588,89,14.242644,0.770675,0.632715,0,125.862945,scenario_000,medium
3589,89,1.506299,0.419731,0.898188,0,94.19374,scenario_000,short
3590,89,12.127894,0.929192,0.850696,2,104.929477,scenario_000,medium
3591,89,1.546495,0.105091,0.358476,2,91.735963,scenario_000,short
3592,89,2.59921,0.307421,0.548222,2,92.362439,scenario_000,short
3593,89,1.574522,0.351403,0.28154,2,91.024836,scenario_000,short
3594,89,1.499949,0.440209,0.501081,2,91.247369,scenario_000,short
3595,89,15.480009,0.654939,0.52804,2,114.889476,scenario_000,medium
3596,89,2.415834,0.283482,0.516838,1,94.766029,scenario_000,short
3597,89,8.413018,0.129251,0.173544,0,122.00584,scenario_000,medium
3598,89,7.540752,0.423618,0.535579,0,112.815124,scenario_000,medium
3599,90,10.872968,0.718374,0.676425,1,124.174737,scenario_000,medium
3600,90,9.80685,0.397012,0.278112,0,128.340761,scenario_000,medium
3601,90,18.446298,0.714391,0.801619,1,127.205255,scenario_000,medium
3602,90,1.375573,0.131956,0.315614,0,96.207364,scenario_000,short
3603,90,1.318203,0.212847,0.418237,0,94.505595,scenario_000,short
3604,90,2.050166,0.100171,0.210672,0,97.295963,scenario_000,short
3605,90,11.936736,0.417305,0.276886,1,125.76504,scenario_000,medium
3606,90,2.062851,0.61978,0.564044,1,96.060151,scenario_000,short
3607,90,11.60084,0.994553,1.0,1,116.420093,scenario_000,medium
3608,90,1.402909,0.828859,0.628494,0,94.448814,scenario_000,short
3609,90,5.920704,0.57558,0.438478,0,106.820307,scenario_000,medium
3610,90,1.291276,0.212327,0.542354,2,92.347889,scenario_000,short
3611,90,1.639783,0.473127,0.379677,2,92.997303,scenario_000,short
3612,90,1.546157,0.581865,0.53653,1,94.199654,scenario_000,short
3613,90,9.392419,0.272051,0.21841,0,115.745165,scenario_000,medium
3614,90,29.022904,0.868877,0.828194,2,134.553744,scenario_000,medium
3615,90,1.7505,0.200523,0.505155,0,94.718968,scenario_000,short
3616,90,2.066461,0.527957,0.567669,0,97.104162,scenario_000,short
3617,90,1.383971,0.29716,0.56079,2,92.21833,scenario_000,short
3618,90,1.821177,0.082817,0.38492,2,92.858972,scenario_000,short
3619,90,1.790036,0.474579,0.32695,1,95.538749,scenario_000,short
3620,90,1.389216,0.583085,0.82022,0,95.397029,scenario_000,short
3621,90,2.035387,0.208407,0.205708,0,97.816395,scenario_000,short
3622,90,2.741122,0.08096,0.357777,1,95.158638,scenario_000,short
3623,90,1.908552,0.353137,0.316494,0,97.848923,scenario_000,short
3624,90,1.751984,0.297178,0.594671,2,93.356887,scenario_000,short
3625,90,1.736476,0.351204,0.296229,0,95.415117,scenario_000,short
3626,90,6.231822,0.965077,0.855451,1,101.714274,scenario_000,medium
3627,90,2.254006,0.473477,0.459944,0,98.38001,scenario_000,short
3628,90,14.136146,0.91589,0.714336,2,112.552945,scenario_000,medium
3629,90,7.621696,0.895254,0.990976,2,102.450378,scenario_000,medium
3630,90,8.781482,0.419791,0.617499,2,101.749426,scenario_000,medium
3631,90,1.590716,0.190673,0.173336,0,95.664626,scenario_000,short
3632,90,1.705189,0.295878,0.631039,2,92.415107,scenario_000,short
3633,90,13.857792,0.661348,0.870992,0,129.989483,scenario_000,medium
3634,90,9.553544,0.206328,0.357992,1,110.464775,scenario_000,medium
3635,90,1.381959,0.294298,0.535759,2,92.245333,scenario_000,short
3636,90,1.42312,0.119545,0.240966,1,92.741447,scenario_000,short
3637,90,11.084213,0.420708,0.512268,1,110.69868,scenario_000,medium
3638,90,1.483699,0.38797,0.692326,0,94.907667,scenario_000,short
3639,90,1.120215,0.756337,0.538934,0,92.952369,scenario_000,short
3640,90,1.97206,0.794012,0.985163,0,97.743516,scenario_000,short
3641,90,8.877193,0.297704,0.476843,2,100.34924,scenario_000,medium
3642,90,9.753949,0.6263,0.630731,1,120.603613,scenario_000,medium
3643,90,1.0894,0.097472,0.342565,0,92.879856,scenario_000,short
3644,90,1.381502,0.315765,0.578302,1,93.876066,scenario_000,short
3645,90,2.204536,0.297465,0.357378,2,93.730821,scenario_000,short
3646,90,1.970604,0.201296,0.330277,2,93.803532,scenario_000,short
3647,91,1.471931,0.44377,0.53065,0,95.321029,scenario_000,short
3648,91,9.948382,0.538064,0.674078,2,105.990496,scenario_000,medium
3649,91,8.777452,0.677374,0.997067,1,117.60386,scenario_000,medium
3650,91,2.812833,0.62525,0.624118,2,94.917054,scenario_000,short
3651,91,13.493966,0.742549,0.708016,2,115.931474,scenario_000,medium
3652,91,11.835763,0.839465,0.68413,0,130.817767,scenario_000,medium
3653,91,1.427169,0.223447,0.332115,0,94.903431,scenario_000,short
3654,91,10.110168,0.77969,0.86598,0,126.612336,scenario_000,medium
3655,91,2.273729,0.37274,0.569736,2,95.00821,scenario_000,short
3656,91,1.996131,0.287632,0.408275,1,94.735307,scenario_000,short
3657,91,7.920483,0.386274,0.416744,1,112.703143,scenario_000,medium
3658,91,2.556343,0.369219,0.425005,0,99.46268,scenario_000,short
3659,91,1.881866,0.772959,0.776282,0,97.412093,scenario_000,short
3660,91,14.259481,0.606845,0.679661,0,147.808215,scenario_000,medium
3661,91,1.617415,0.252837,0.657095,0,96.740736,scenario_000,short
3662,91,15.500644,0.33536,0.765226,2,115.557423,scenario_000,medium
3663,91,2.216482,0.471,0.552436,0,98.399692,scenario_000,short
3664,91,1.34348,0.09635,0.114177,1,94.013853,scenario_000,short
3665,91,45.155611,0.855092,0.80741,1,209.501624,scenario_000,long
3666,91,1.07886,0.292696,0.41859,1,93.103147,scenario_000,short
3667,91,2.454645,0.447739,0.563776,0,100.735147,scenario_000,short
3668,91,11.185442,1.0,0.987162,0,119.868573,scenario_000,long
3669,91,6.182391,0.410931,0.858544,1,105.277461,scenario_000,medium
3670,91,5.131983,0.648915,0.599684,0,104.301747,scenario_000,medium
3671,91,7.14269,0.666093,0.564508,2,101.113654,scenario_000,medium
3672,91,7.176028,0.395762,0.460519,2,100.706135,scenario_000,medium
3673,91,1.210216,0.067905,0.073979,2,92.894972,scenario_000,short
3674,91,1.377046,0.518454,0.854455,1,94.371012,scenario_000,short
3675,91,10.034062,0.755141,0.716864,1,113.15674,scenario_000,medium
3676,91,11.075039,0.944088,0.80913,0,128.346452,scenario_000,medium
3677,91,2.366424,0.314592,0.346349,2,94.270463,scenario_000,short
3678,91,18.050616,0.913079,0.775377,2,123.567076,scenario_000,long
3679,91,3.173492,0.796338,0.739614,1,97.056862,scenario_000,short
3680,91,1.29194,0.380275,0.399241,1,93.504325,scenario_000,short
3681,91,2.525588,0.404929,0.585927,0,101.606204,scenario_000,short
3682,91,8.988228,0.541265,0.676481,2,104.282595,scenario_000,medium
3683,92,1.921538,0.426121,0.409972,0,100.372051,scenario_000,short
3684,92,1.409649,0.393641,0.425468,2,93.938439,scenario_000,short
3685,92,1.894639,0.546035,0.769812,2,95.789447,scenario_000,short
3686,92,13.737307,0.304905,0.278946,0,129.691869,scenario_000,medium
3687,92,26.620992,0.399743,0.40429,0,176.813435,scenario_000,medium
3688,92,2.27605,0.425282,0.359863,0,100.886815,scenario_000,short
3689,92,2.243443,0.527082,0.445474,0,98.642961,scenario_000,short
3690,92,1.219386,0.68758,0.886258,0,96.378199,scenario_000,short
3691,92,1.497673,0.577589,0.452981,0,96.32344,scenario_000,short
3692,92,10.228848,0.675288,0.648279,1,118.510071,scenario_000,medium
3693,92,9.862546,0.570424,0.733084,0,125.835989,scenario_000,medium
3694,92,2.763062,0.18954,0.230652,2,97.702879,scenario_000,short
3695,92,2.41487,0.179303,0.294786,2,96.8658,scenario_000,short
3696,92,1.689727,0.282428,0.345586,1,95.744038,scenario_000,short
3697,92,1.777889,0.399033,0.428351,0,99.076717,scenario_000,short
3698,92,2.473248,0.650888,0.587125,2,96.004432,scenario_000,short
3699,92,1.558222,0.769941,0.654421,0,96.984255,scenario_000,short
3700,92,3.021623,0.678685,0.638476,2,97.917906,scenario_000,short
3701,92,1.769388,0.850353,0.704314,1,95.925711,scenario_000,short
3702,92,1.26464,0.720331,0.709868,0,96.459779,scenario_000,short
3703,92,13.179162,0.481767,0.546098,2,118.330284,scenario_000,medium
3704,92,12.875866,0.200082,0.442394,2,107.724234,scenario_000,medium
3705,92,2.288702,0.233005,0.162995,0,99.724102,scenario_000,short
3706,92,1.879179,0.78909,0.774107,2,95.265083,scenario_000,short
3707,92,3.155595,0.846583,0.71585,0,105.695067,scenario_000,short
3708,92,13.046979,0.650944,0.486934,0,138.357864,scenario_000,long
3709,93,10.982507,0.471897,0.51555,0,139.288146,scenario_000,medium
3710,93,2.086051,0.381908,0.574283,1,97.095576,scenario_000,short
3711,93,1.977256,0.37825,0.560424,0,98.096277,scenario_000,short
3712,93,1.441479,0.314104,0.802677,2,95.152091,scenario_000,short
3713,93,2.276937,0.183731,0.342482,0,101.636182,scenario_000,short
3714,93,1.495631,0.396635,0.702056,1,97.132494,scenario_000,short
3715,93,2.253569,0.084963,0.131649,1,97.513543,scenario_000,short
3716,93,1.599352,0.082615,0.068387,0,98.606738,scenario_000,short
3717,93,1.866676,0.348272,0.517911,2,95.493296,scenario_000,short
3718,93,11.785826,0.977279,0.943598,0,134.343282,scenario_000,medium
3719,93,14.191347,0.648424,0.902326,0,153.445702,scenario_000,medium
3720,93,19.49698,0.836305,0.844674,0,147.249839,scenario_000,long
3721,93,7.403507,0.177407,0.650636,2,107.236604,scenario_000,medium
3722,93,11.488223,0.544326,0.471814,1,117.171734,scenario_000,medium
3723,93,1.908075,0.112383,0.308419,2,95.915501,scenario_000,short
3724,93,1.642698,0.303549,0.339334,0,99.897283,scenario_000,short
3725,93,10.106053,0.501682,0.347467,0,132.558558,scenario_000,medium
3726,93,8.83852,0.444318,0.505782,2,109.842596,scenario_000,medium
3727,93,2.138961,0.083048,0.256352,0,99.574836,scenario_000,short
3728,93,14.266813,0.700055,0.923238,2,113.539243,scenario_000,medium
3729,93,1.645577,0.28472,0.395615,0,98.16767,scenario_000,short
3730,93,10.367666,0.440483,0.463929,1,121.064201,scenario_000,medium
3731,93,1.272371,0.403912,0.484881,1,96.252749,scenario_000,short
3732,93,1.393973,0.139524,0.386119,1,96.674337,scenario_000,short
3733,93,1.592038,0.432289,0.600433,2,95.827221,scenario_000,short
3734,94,17.667939,0.946637,1.0,0,141.873586,scenario_000,long
3735,94,2.894132,0.413058,0.514791,2,98.715703,scenario_000,short
3736,94,12.839909,0.192063,0.590542,0,131.386587,scenario_000,medium
3737,94,13.740203,1.0,0.731062,2,119.537499,scenario_000,medium
3738,94,1.893401,0.38146,0.401199,0,99.536629,scenario_000,short
3739,94,21.05268,0.168629,0.274748,0,159.621923,scenario_000,medium
3740,94,2.106038,0.315977,0.227576,2,97.853331,scenario_000,short
3741,94,8.921085,0.990368,1.0,1,110.854089,scenario_000,medium
3742,94,2.406513,0.251248,0.306089,0,103.073895,scenario_000,short
3743,94,1.342186,0.283163,0.388768,0,99.885865,scenario_000,short
3744,94,1.764946,0.092696,0.48833,0,99.44079,scenario_000,short
3745,94,24.818978,0.958713,0.733972,1,141.371972,scenario_000,long
3746,94,11.164775,0.558251,0.496055,2,111.775741,scenario_000,long
3747,94,14.487929,0.390617,0.566961,2,115.638811,scenario_000,medium
3748,94,1.316527,0.768414,0.503529,2,96.09583,scenario_000,short
3749,94,2.030075,0.288301,0.317987,2,96.455187,scenario_000,short
3750,94,2.054838,0.423073,0.479324,0,102.664737,scenario_000,short
3751,94,6.74686,0.836334,1.0,2,107.662411,scenario_000,medium
3752,94,1.680136,0.449615,0.494122,0,101.5481,scenario_000,short
3753,94,1.435845,0.650478,0.641812,1,97.730407,scenario_000,short
3754,94,1.429954,0.425876,0.460152,0,99.839714,scenario_000,short
3755,94,2.365719,0.291715,0.619909,2,98.736485,scenario_000,short
3756,94,1.918164,0.350293,0.760049,0,100.308176,scenario_000,short
3757,94,2.478554,0.198209,0.240101,2,97.508302,scenario_000,short
3758,94,1.338364,0.730791,1.0,2,95.587113,scenario_000,short
3759,94,8.348155,0.569011,0.72241,0,120.472627,scenario_000,medium
3760,94,10.226643,0.389371,0.827719,2,111.740425,scenario_000,medium
3761,94,9.616142,0.220546,0.22239,2,109.77412,scenario_000,medium
3762,95,18.426177,0.487461,0.521452,1,139.39802,scenario_000,medium
3763,95,2.023387,0.138504,0.085757,2,97.549169,scenario_000,short
3764,95,11.14331,1.0,0.785567,0,135.798777,scenario_000,long
3765,95,5.296134,0.5839,0.481389,0,117.160666,scenario_000,medium
3766,95,11.431205,0.589181,0.607974,2,113.210426,scenario_000,medium
3767,95,11.953581,0.964597,0.704856,0,125.70041,scenario_000,long
3768,95,1.996232,0.427413,0.399337,0,102.551542,scenario_000,short
3769,95,9.166488,0.386246,0.657576,0,119.379577,scenario_000,medium
3770,95,1.090942,0.11771,0.41182,0,97.973737,scenario_000,short
3771,95,12.086715,0.614434,0.494029,1,126.871641,scenario_000,medium
3772,95,17.743301,0.703769,0.709852,1,144.936844,scenario_000,medium
3773,95,1.83697,0.104047,0.206935,0,101.281157,scenario_000,short
3774,95,2.368808,0.678742,0.799337,0,101.176717,scenario_000,short
3775,95,1.288785,0.739984,0.718283,2,97.240908,scenario_000,short
3776,95,1.89561,0.136108,0.067752,0,101.696029,scenario_000,short
3777,95,1.137187,0.331876,0.205661,0,98.413429,scenario_000,short
3778,95,10.699737,0.559223,0.772078,1,114.214442,scenario_000,medium
3779,95,12.628542,0.928544,0.706362,0,138.256956,scenario_000,medium
3780,95,8.476429,0.49966,0.647016,0,126.733586,scenario_000,medium
3781,95,2.20096,0.893015,0.683695,0,102.770039,scenario_000,short
3782,95,1.570629,0.23711,0.260907,0,100.054856,scenario_000,short
3783,95,1.688253,0.134759,0.335017,0,101.898778,scenario_000,short
3784,95,1.742587,0.817754,0.680856,2,98.241596,scenario_000,short
3785,95,1.708848,0.301205,0.335974,0,99.672689,scenario_000,short
3786,95,1.66611,0.39046,0.866366,0,102.453207,scenario_000,short
3787,95,1.138292,0.470438,0.537777,2,96.862953,scenario_000,short
3788,95,46.018151,0.827774,0.936432,2,157.680138,scenario_000,long
3789,95,12.114955,0.259656,0.270036,2,116.45493,scenario_000,medium
3790,95,1.828225,0.673506,0.818946,1,100.09133,scenario_000,short
3791,95,1.128415,0.229395,0.277445,1,98.24151,scenario_000,short
3792,95,2.213312,0.065389,0.407953,0,101.581586,scenario_000,short
3793,95,1.74151,0.350006,0.682046,1,99.441191,scenario_000,short
3794,95,12.033854,0.536997,0.575604,0,132.891263,scenario_000,medium
3795,95,1.386302,0.393819,0.613039,0,99.246346,scenario_000,short
3796,95,8.969613,0.468879,0.328553,0,124.522603,scenario_000,long
3797,95,2.476517,0.130711,0.303405,0,104.831708,scenario_000,short
3798,96,11.318559,0.941593,0.801518,2,114.755503,scenario_000,medium
3799,96,2.24485,0.135981,0.430048,0,105.009078,scenario_000,short
3800,96,8.238265,0.614417,0.719782,2,108.964299,scenario_000,medium
3801,96,13.393292,0.50329,0.599439,0,156.478828,scenario_000,medium
3802,96,7.645102,0.444713,0.461641,2,109.261684,scenario_000,medium
3803,96,1.355879,0.497478,0.414926,0,101.991371,scenario_000,short
3804,96,16.274521,0.457749,0.572662,2,119.786203,scenario_000,medium
3805,96,2.155067,0.588141,0.588314,1,101.683897,scenario_000,short
3806,96,10.550627,0.553409,0.529561,0,129.32742,scenario_000,medium
3807,96,1.730223,0.3272,0.855861,1,99.330694,scenario_000,short
3808,96,5.281989,0.772774,0.626999,0,110.435005,scenario_000,medium
3809,96,7.752411,0.50233,0.344933,2,105.703871,scenario_000,medium
3810,96,2.246127,0.498148,0.373695,0,103.14332,scenario_000,short
3811,96,1.846009,0.377661,0.433176,2,98.546826,scenario_000,short
3812,96,2.021922,0.322646,0.683083,0,102.476671,scenario_000,short
3813,96,18.35101,0.413191,0.435998,2,129.768006,scenario_000,medium
3814,96,18.513005,0.567697,0.592819,2,129.352931,scenario_000,medium
3815,96,1.403565,0.235333,0.375093,0,101.858544,scenario_000,short
3816,96,10.31664,0.681806,0.568787,2,111.974037,scenario_000,medium
3817,96,10.316432,0.343471,0.371114,0,127.70229,scenario_000,medium
3818,96,1.930127,0.707135,0.607176,1,100.001265,scenario_000,short
3819,96,1.905868,0.41067,0.344797,0,101.646848,scenario_000,short
3820,96,12.893243,0.516838,0.616088,2,117.223299,scenario_000,medium
3821,96,7.919535,0.121637,0.350646,0,116.210253,scenario_000,medium
3822,96,2.408749,0.225814,0.58761,0,102.722756,scenario_000,short
3823,96,1.440185,0.412792,0.403434,0,102.35592,scenario_000,short
3824,96,2.137068,0.42568,0.469261,2,99.30935,scenario_000,short
3825,96,2.10704,0.148815,0.19363,2,99.059872,scenario_000,short
3826,96,9.514494,0.413578,0.259012,1,115.511734,scenario_000,medium
3827,96,2.24138,0.390667,0.25331,2,99.448713,scenario_000,short
3828,96,11.776387,0.300913,0.30077,1,118.850672,scenario_000,medium
3829,96,18.017735,0.488874,0.47392,2,125.26353,scenario_000,medium
3830,96,17.384743,0.143992,0.197656,0,166.391453,scenario_000,medium
3831,96,1.603051,0.297864,0.346147,0,101.58685,scenario_000,short
3832,97,14.602426,0.95718,1.0,0,161.775575,scenario_000,medium
3833,97,1.683768,0.634871,0.548118,1,101.674351,scenario_000,short
3834,97,11.202763,1.0,0.918275,0,140.950312,scenario_000,medium
3835,97,1.873696,0.076815,0.053949,2,100.535565,scenario_000,short
3836,97,12.549429,0.132451,0.422215,0,132.129489,scenario_000,medium
3837,97,1.794346,0.25809,0.576802,0,101.61381,scenario_000,short
3838,97,1.489586,0.448415,0.863849,0,102.084244,scenario_000,short
3839,97,1.519556,0.679053,0.558064,2,99.340504,scenario_000,short
3840,97,13.393138,0.5511,0.446169,0,142.746233,scenario_000,medium
3841,97,2.100693,0.442854,0.588829,1,101.920395,scenario_000,short
3842,97,1.597715,0.639643,1.0,1,101.699286,scenario_000,short
3843,97,2.256772,0.14801,0.564565,0,106.845814,scenario_000,short
3844,97,1.551469,0.622076,0.619744,2,99.108501,scenario_000,short
3845,97,2.040663,0.075043,0.259039,1,102.977811,scenario_000,short
3846,97,1.309024,0.402949,0.628323,0,100.685623,scenario_000,short
3847,97,12.640064,0.609388,0.528488,0,137.58224,scenario_000,medium
3848,97,1.756123,0.057914,0.407341,2,100.094787,scenario_000,short
3849,97,9.324428,0.168177,0.436937,1,118.686665,scenario_000,medium
3850,97,1.510765,0.81816,0.827328,0,103.135112,scenario_000,short
3851,97,11.067179,0.570465,0.884847,1,131.589272,scenario_000,medium
3852,97,14.965397,0.557553,0.500739,1,123.678423,scenario_000,medium
3853,97,1.504572,0.359948,0.278434,2,100.042438,scenario_000,short
3854,97,1.836662,0.351886,0.426262,0,103.709061,scenario_000,short
3855,97,12.383731,0.55955,0.579689,1,122.380599,scenario_000,medium
3856,97,1.37112,0.116746,0.670639,1,100.150798,scenario_000,short
3857,97,27.352653,1.0,0.890118,0,174.132015,scenario_000,long
3858,97,11.001361,0.898852,0.819381,0,127.909848,scenario_000,medium
3859,97,1.614863,0.3691,0.226797,0,103.4586,scenario_000,short
3860,97,9.292361,0.462066,0.381976,0,128.632221,scenario_000,medium
3861,97,2.03273,0.454753,0.414772,1,102.761073,scenario_000,short
3862,97,2.041593,0.145716,0.586661,2,100.555683,scenario_000,short
3863,97,12.796572,0.423284,0.535993,0,147.688268,scenario_000,medium
3864,97,1.893291,0.500052,0.575372,0,105.542057,scenario_000,short
3865,97,2.003451,0.064858,0.312059,0,104.236548,scenario_000,short
3866,97,2.033665,0.095602,0.574182,0,104.842819,scenario_000,short
3867,97,13.587799,0.736669,0.855354,0,142.333434,scenario_000,medium
3868,97,1.81959,0.227257,0.361814,0,103.807974,scenario_000,short
3869,97,1.845827,0.222082,0.584946,2,99.613823,scenario_000,short
3870,97,8.815405,0.611594,0.609106,1,117.470474,scenario_000,medium
3871,97,1.889261,0.094412,0.461611,0,102.682529,scenario_000,short
3872,97,1.751312,0.548865,0.450941,2,99.546953,scenario_000,short
3873,97,2.907078,0.253249,0.357225,0,107.952264,scenario_000,short
3874,97,1.788703,0.324705,0.686838,2,100.197046,scenario_000,short
3875,97,8.113844,0.137222,0.172123,1,114.529511,scenario_000,medium
3876,97,17.700134,0.714839,0.666951,1,146.27194,scenario_000,medium
3877,97,1.9495,0.41712,0.51857,2,99.836861,scenario_000,short
3878,97,1.773377,0.360066,0.497265,2,100.651444,scenario_000,short
3879,98,15.907575,0.333553,0.561655,1,139.925658,scenario_000,medium
3880,98,1.178234,0.359446,0.546918,1,100.439697,scenario_000,short
3881,98,1.826591,0.28352,0.111608,1,102.357918,scenario_000,short
3882,98,2.066962,0.41138,0.239584,0,106.126888,scenario_000,short
3883,98,1.363946,0.420238,0.464533,0,102.307039,scenario_000,short
3884,98,2.017778,0.405519,0.896911,0,104.263548,scenario_000,short
3885,98,1.386609,0.178167,0.392284,1,100.571966,scenario_000,short
3886,98,13.113691,0.436975,0.896052,0,131.659865,scenario_000,medium
3887,98,18.450335,0.376721,0.712008,2,120.292653,scenario_000,medium
3888,98,13.762669,0.946894,0.620105,2,124.390809,scenario_000,long
3889,98,1.467474,0.813408,0.727483,2,99.998925,scenario_000,short
3890,98,1.634049,0.393902,0.427637,2,100.813183,scenario_000,short
3891,98,21.646068,0.53774,0.975016,1,165.651077,scenario_000,medium
3892,98,2.235152,0.156621,0.642837,2,100.763873,scenario_000,short
3893,98,22.183414,0.679003,0.670897,2,133.767451,scenario_000,medium
3894,98,14.920137,0.270699,0.157609,1,127.27986,scenario_000,medium
3895,98,14.136514,0.769077,0.78172,2,114.516353,scenario_000,medium
3896,98,12.02586,0.277904,0.288763,0,135.849256,scenario_000,medium
3897,98,1.789369,0.391336,0.652347,2,100.133822,scenario_000,short
3898,98,9.305216,0.138825,0.376589,2,115.168159,scenario_000,medium
3899,98,1.210901,0.619196,0.475268,2,100.290217,scenario_000,short
3900,98,1.837746,0.069729,0.330258,1,103.121849,scenario_000,short
3901,98,1.493626,0.257847,0.354432,2,99.889605,scenario_000,short
3902,98,1.723855,0.288649,0.644921,0,103.612393,scenario_000,short
3903,98,17.799188,0.855965,0.671526,1,139.567299,scenario_000,medium
3904,98,2.161298,0.194231,0.479333,0,106.792884,scenario_000,short
3905,98,2.481741,0.679198,0.765367,1,104.235383,scenario_000,short
3906,98,0.957869,0.523948,0.585488,2,99.287042,scenario_000,short
3907,98,8.482654,0.834277,0.93859,0,128.023962,scenario_000,medium
3908,98,1.545221,0.382176,0.772766,2,99.949404,scenario_000,short
3909,98,19.615553,0.985247,0.904846,2,132.551982,scenario_000,medium
3910,99,2.420141,0.069182,0.184274,0,106.697154,scenario_000,short
3911,99,16.229622,1.0,0.736002,1,136.463134,scenario_000,long
3912,99,18.774817,0.710786,0.730127,0,156.545637,scenario_000,medium
3913,99,11.772762,0.417045,0.523783,0,136.121191,scenario_000,medium
3914,99,0.999524,0.704303,0.750681,0,103.260645,scenario_000,short
3915,99,1.53704,0.387962,0.374245,2,101.318705,scenario_000,short
3916,99,1.918241,0.335407,0.31586,0,107.389489,scenario_000,short
3917,99,14.682081,0.475919,0.726293,0,153.973627,scenario_000,medium
3918,99,1.290958,0.386646,0.433834,0,104.826891,scenario_000,short
3919,99,1.429373,0.38309,0.697915,0,102.752056,scenario_000,short
3920,99,1.580392,0.134338,0.216543,0,104.853263,scenario_000,short
3921,99,2.810766,0.394486,0.541906,2,102.511076,scenario_000,short
3922,99,9.162767,0.595415,0.728283,2,110.942424,scenario_000,medium
3923,99,1.361335,0.153346,0.239466,2,101.331872,scenario_000,short
3924,99,14.610969,0.371934,0.898038,0,159.96172,scenario_000,medium
3925,99,2.216297,0.388199,0.380278,0,107.456675,scenario_000,short
3926,99,1.854031,0.411878,0.246403,2,101.695128,scenario_000,short
3927,99,1.932317,0.449858,0.63901,1,103.335586,scenario_000,short
3928,99,1.818099,0.526653,0.686346,0,104.419108,scenario_000,short
3929,99,15.137135,0.72812,0.670223,2,119.527323,scenario_000,medium
3930,99,6.540121,0.318928,0.321955,0,121.089216,scenario_000,medium
3931,99,1.233735,0.466395,0.443545,2,101.475719,scenario_000,short
3932,99,2.319812,0.246075,0.23884,0,108.494652,scenario_000,short
3933,99,27.317173,0.856892,0.728377,2,142.518116,scenario_000,long
3934,99,2.371347,0.478656,0.50645,2,102.634638,scenario_000,short
3935,99,1.969907,0.474334,0.333222,2,101.989831,scenario_000,short
3936,99,1.690472,0.37392,0.583884,2,101.117589,scenario_000,short
3937,99,1.80598,0.412548,0.376728,0,106.013316,scenario_000,short
3938,99,2.802396,0.483826,0.823338,0,110.008877,scenario_000,short
3939,99,1.580538,0.231628,0.323539,0,104.200591,scenario_000,short
3940,99,16.636572,0.290509,0.263058,1,138.651071,scenario_000,medium
3941,99,1.213198,0.44648,0.429723,0,103.444737,scenario_000,short
3942,99,22.31331,0.294235,0.46113,0,198.141506,scenario_000,medium
3943,99,1.574545,0.415124,0.35065,0,104.032122,scenario_000,short
3944,99,1.792717,0.291814,0.324221,1,104.219299,scenario_000,short
3945,99,10.048471,0.351125,0.322728,2,117.547331,scenario_000,medium
3946,99,2.335086,0.132698,0.185099,2,101.877966,scenario_000,short
3947,99,1.733073,0.281833,0.308902,0,105.307296,scenario_000,short
3948,100,2.186738,0.3198,0.235539,0,106.494835,scenario_000,short
3949,100,1.461022,0.605413,0.679835,2,101.933351,scenario_000,short
3950,100,2.031754,0.318621,0.287253,1,104.008269,scenario_000,short
3951,100,9.817044,0.969254,0.947508,0,126.80051,scenario_000,medium
3952,100,8.764433,0.590007,0.646396,2,114.447701,scenario_000,medium
3953,100,1.766566,0.293192,0.266144,0,107.511854,scenario_000,short
3954,100,2.127744,0.080964,0.183941,0,108.958363,scenario_000,short
3955,100,7.83921,0.121023,0.21937,1,117.724757,scenario_000,medium
3956,100,2.01215,0.45573,0.565294,2,102.951586,scenario_000,short
3957,100,2.310863,0.653301,0.806059,0,107.757413,scenario_000,short
3958,100,1.499088,0.601094,0.548972,2,101.765296,scenario_000,short
3959,100,15.106676,0.306709,0.265769,0,164.000339,scenario_000,medium
3960,100,11.193999,0.360564,0.825974,0,132.462275,scenario_000,medium
3961,100,9.018861,0.592278,0.670366,1,125.615453,scenario_000,medium
3962,100,2.159728,0.212532,0.301364,0,106.231223,scenario_000,short
3963,100,10.462646,0.660842,0.438312,2,118.23155,scenario_000,medium
3964,100,1.386639,0.441984,0.440089,0,104.61454,scenario_000,short
3965,100,2.024476,0.151077,0.21477,1,104.170562,scenario_000,short
3966,100,17.057629,0.604855,0.595593,1,140.652441,scenario_000,medium
3967,100,9.750586,0.676198,1.0,2,113.148774,scenario_000,medium
3968,100,1.958082,0.370968,0.610724,0,107.45088,scenario_000,short
3969,100,2.069493,0.69085,0.487806,0,108.258976,scenario_000,short
3970,100,2.749846,0.267889,0.339889,2,104.47946,scenario_000,short
3971,100,1.374593,0.276524,0.298403,1,103.174456,scenario_000,short
3972,100,2.707782,0.681189,0.747526,2,104.384534,scenario_000,short
3973,100,6.08562,0.234738,0.352684,2,111.134444,scenario_000,medium
3974,100,11.491979,0.884377,0.865562,1,125.743735,scenario_000,medium
3975,100,12.544139,0.691463,0.682897,1,126.218115,scenario_000,medium
3976,100,1.901286,0.352499,0.501665,2,103.793528,scenario_000,short
3977,100,2.218484,0.112934,0.336526,2,103.071594,scenario_000,short
3978,100,1.824599,0.102095,0.367684,0,105.727794,scenario_000,short
3979,100,15.735997,0.820303,0.529002,0,160.977138,scenario_000,medium
3980,100,18.239131,0.815078,0.608342,1,134.0738,scenario_000,medium
3981,100,2.171936,0.318898,0.340741,2,103.76954,scenario_000,short
3982,100,1.581091,0.30026,0.559346,2,101.912297,scenario_000,short
3983,100,1.565271,0.286239,0.849961,2,102.7406,scenario_000,short
3984,100,7.766513,0.247862,0.2248,1,119.510582,scenario_000,medium
3985,100,1.964289,0.103086,0.05,0,107.750386,scenario_000,short
3986,101,2.006371,0.185139,0.411149,0,109.205075,scenario_000,short
3987,101,21.564855,1.0,0.75107,0,175.032315,scenario_000,long
3988,101,1.881221,0.408447,0.373199,2,104.819986,scenario_000,short
3989,101,2.093587,0.756405,0.857428,0,108.99726,scenario_000,short
3990,101,15.130301,0.714825,0.600031,2,121.532995,scenario_000,medium
3991,101,24.988751,0.22362,0.484624,0,177.93298,scenario_000,medium
3992,101,1.635564,0.699815,0.600121,2,102.923163,scenario_000,short
3993,101,1.345187,0.260382,0.422631,1,103.562285,scenario_000,short
3994,101,1.888524,0.227318,0.276639,2,103.857721,scenario_000,short
3995,101,12.294597,0.368258,0.521948,2,125.662052,scenario_000,medium
3996,101,1.451504,0.259305,0.124325,0,105.082692,scenario_000,short
3997,101,9.554336,0.315941,0.424087,0,140.191533,scenario_000,medium
3998,101,10.93634,1.0,0.865436,2,119.497202,scenario_000,medium
3999,101,20.026635,0.540499,0.613376,2,131.953207,scenario_000,medium
4000,101,16.550861,0.719111,0.876633,2,131.130941,scenario_000,medium
4001,101,19.275616,0.718944,0.61735,2,137.927602,scenario_000,medium
4002,101,2.348021,0.782885,0.633425,0,110.548649,scenario_000,short
4003,101,16.088742,0.495603,0.388928,1,147.72565,scenario_000,medium
4004,101,15.682917,0.839161,0.692507,2,133.263449,scenario_000,medium
4005,101,1.28286,0.369239,0.239547,0,105.348509,scenario_000,short
4006,101,14.976186,0.69377,0.660933,0,156.85866,scenario_000,medium
4007,101,11.675827,0.198468,0.223512,0,144.087087,scenario_000,medium
4008,101,1.393559,0.484724,0.561556,2,103.781151,scenario_000,short
4009,101,10.096054,0.120243,0.218951,2,118.200225,scenario_000,medium
4010,101,1.863363,0.416832,0.71097,0,107.920383,scenario_000,short
4011,101,2.110163,0.156689,0.088965,2,103.603339,scenario_000,short
4012,101,10.354517,0.700041,0.688553,1,129.741275,scenario_000,medium
4013,101,20.825396,0.761686,0.732719,1,140.628449,scenario_000,medium
4014,101,10.318996,0.386793,0.189875,2,116.147794,scenario_000,medium
4015,101,1.640558,0.168117,0.214522,2,103.978634,scenario_000,short
4016,101,1.020069,0.336251,0.669488,1,102.904647,scenario_000,short
4017,101,15.536644,0.710934,1.0,0,152.412562,scenario_000,medium
4018,101,1.846997,0.438419,0.462907,1,104.872281,scenario_000,short
4019,101,1.284354,0.173955,0.31188,0,104.417143,scenario_000,short
4020,101,12.731422,0.480786,0.376414,0,152.995442,scenario_000,medium
4021,101,2.589134,0.080395,0.259688,1,108.646693,scenario_000,short
4022,101,1.530403,0.420827,0.767937,0,107.818973,scenario_000,short
4023,101,1.929606,0.072701,0.123175,0,108.789965,scenario_000,short
4024,101,18.331655,0.133983,0.524644,2,135.067586,scenario_000,medium
4025,101,11.682261,0.601167,0.414503,1,124.706866,scenario_000,medium
4026,101,6.462504,0.312254,0.203924,0,126.870038,scenario_000,medium
4027,101,20.910043,1.0,1.0,0,173.3026,scenario_000,long
4028,101,18.296876,0.405512,0.530052,0,154.150464,scenario_000,medium
4029,101,2.164178,0.112484,0.248226,0,108.574123,scenario_000,short
4030,101,1.713546,0.185505,0.269848,0,107.705433,scenario_000,short
4031,102,1.755176,0.519723,0.602539,0,108.934478,scenario_000,short
4032,102,1.435614,0.315872,0.479643,0,105.839004,scenario_000,short
4033,102,2.065811,0.262508,0.378297,0,107.532704,scenario_000,short
4034,102,13.624109,0.489453,0.386563,2,125.990935,scenario_000,medium
4035,102,1.00653,0.373108,0.192379,0,105.024873,scenario_000,short
4036,102,2.118516,0.623717,0.393888,2,105.179444,scenario_000,short
4037,102,2.219231,0.194518,0.34605,2,104.808772,scenario_000,short
4038,102,1.748182,0.348273,0.361395,0,108.92502,scenario_000,short
4039,102,8.218163,0.519932,0.787904,0,132.709449,scenario_000,long
4040,102,1.935125,0.282059,0.29122,1,105.472529,scenario_000,short
4041,102,2.169432,0.694024,0.822866,0,107.961766,scenario_000,short
4042,102,11.086261,0.687983,0.611949,1,122.189443,scenario_000,medium
4043,102,1.452141,0.279468,0.160956,2,104.247342,scenario_000,short
4044,102,1.82523,0.538254,0.577724,0,107.143359,scenario_000,short
4045,102,1.614449,0.421552,0.607797,0,107.742769,scenario_000,short
4046,102,14.076668,0.436682,0.496123,1,130.297716,scenario_000,medium
4047,102,2.26808,0.453928,0.273913,0,109.888808,scenario_000,short
4048,102,2.356754,0.481699,0.435992,2,105.206134,scenario_000,short
4049,102,12.730619,0.644038,1.0,1,134.190454,scenario_000,medium
4050,102,1.587324,0.354821,0.646006,2,104.823097,scenario_000,short
4051,102,9.920744,0.842254,0.688266,0,129.667136,scenario_000,medium
4052,102,6.706788,0.394361,0.54167,2,110.92459,scenario_000,medium
4053,102,6.889743,0.326128,0.46209,0,120.880002,scenario_000,medium
4054,102,8.524371,0.716985,0.683138,0,126.274258,scenario_000,medium
4055,102,7.765073,0.813984,0.864542,0,123.223982,scenario_000,medium
4056,102,1.836315,0.188478,0.279264,2,105.290419,scenario_000,short
4057,102,2.015572,0.592023,0.49672,0,110.520086,scenario_000,short
4058,102,19.497169,0.576024,0.691923,1,150.096215,scenario_000,long
4059,102,1.900454,0.717649,0.713371,1,106.08966,scenario_000,short
4060,102,10.977519,0.538272,0.329443,1,121.629236,scenario_000,medium
4061,102,1.522563,0.459474,0.375406,0,108.833322,scenario_000,short
4062,102,1.82516,0.531613,0.77159,1,105.91866,scenario_000,short
4063,103,13.299535,0.664569,0.774874,0,156.913997,scenario_000,medium
4064,103,11.030796,0.741253,0.754824,0,149.690071,scenario_000,medium
4065,103,1.38068,0.479343,0.793679,0,107.024745,scenario_000,short
4066,103,1.767867,0.756103,0.530277,2,106.116425,scenario_000,short
4067,103,1.455513,0.362157,0.360673,2,105.045194,scenario_000,short
4068,103,1.661261,0.582275,0.944938,0,107.275743,scenario_000,short
4069,103,1.807875,0.659746,0.482655,2,105.933144,scenario_000,short
4070,103,1.619938,0.438208,0.9232,2,105.392382,scenario_000,short
4071,103,1.824912,0.644431,0.503617,0,110.98465,scenario_000,short
4072,103,1.956513,0.512531,0.398424,1,106.528848,scenario_000,short
4073,103,12.812762,0.423932,0.898968,0,141.22253,scenario_000,medium
4074,103,17.807922,0.89635,0.855271,1,135.650965,scenario_000,long
4075,103,1.628879,0.1884,0.663131,0,107.25389,scenario_000,short
4076,103,1.577698,0.654527,0.755689,2,105.453938,scenario_000,short
4077,103,1.379037,0.820712,1.0,2,104.835572,scenario_000,short
4078,103,2.8165,0.752495,0.923375,0,115.655878,scenario_000,short
4079,103,6.364191,0.364838,0.391669,0,124.113797,scenario_000,medium
4080,103,1.549556,0.159944,0.178935,0,108.206309,scenario_000,short
4081,103,13.964059,0.8044,1.0,1,140.751204,scenario_000,medium
4082,103,15.381769,0.495835,0.751489,0,157.777362,scenario_000,medium
4083,103,8.739658,0.447799,0.656033,0,142.269705,scenario_000,medium
4084,103,9.944452,0.293134,0.864693,1,133.685717,scenario_000,medium
4085,103,1.89727,0.439681,0.235947,0,111.433811,scenario_000,short
4086,103,1.587274,0.174361,0.312629,0,107.880352,scenario_000,short
4087,103,1.452931,0.383406,0.242371,1,106.102722,scenario_000,short
4088,103,1.140431,0.595822,0.699922,1,105.769554,scenario_000,short
4089,103,1.476128,0.30804,0.781419,2,105.945993,scenario_000,short
4090,103,1.830591,0.411535,0.436734,2,106.157301,scenario_000,short
4091,103,1.767126,0.449103,0.367577,2,106.019347,scenario_000,short
4092,103,12.55371,0.86232,0.95348,0,148.919732,scenario_000,medium
4093,103,2.325419,0.56163,0.88782,1,108.972037,scenario_000,short
4094,104,1.776237,0.229519,0.363197,0,109.920774,scenario_000,short
4095,104,14.13582,0.70383,0.83467,0,162.188347,scenario_000,medium
4096,104,15.174251,0.424751,0.699525,2,129.722917,scenario_000,medium
4097,104,7.739318,0.610181,0.548455,0,136.103779,scenario_000,medium
4098,104,1.938878,0.077374,0.286115,0,111.459389,scenario_000,short
4099,104,1.993973,0.172625,0.287773,0,111.576336,scenario_000,short
4100,104,10.805366,0.925954,0.835634,0,143.934831,scenario_000,long
4101,104,1.487243,0.365023,0.699695,1,108.25944,scenario_000,short
4102,104,6.300453,0.154084,0.274373,2,113.740095,scenario_000,medium
4103,104,2.112151,0.482124,0.391714,2,106.757426,scenario_000,short
4104,104,11.537215,0.42943,0.857831,0,145.94322,scenario_000,medium
4105,104,17.871522,0.640826,0.551721,1,153.379933,scenario_000,medium
4106,104,5.099138,0.548743,0.783136,2,111.496482,scenario_000,medium
4107,104,1.462103,0.189576,0.247772,0,108.900961,scenario_000,short
4108,104,1.709368,0.48078,0.479676,0,111.66064,scenario_000,short
4109,104,1.634402,0.234412,0.384946,1,108.452152,scenario_000,short
4110,104,2.308497,0.532375,0.927476,0,112.523759,scenario_000,short
4111,104,9.850464,0.401075,0.897854,0,146.285171,scenario_000,medium
4112,104,13.660981,0.274498,0.755452,0,139.580859,scenario_000,medium
4113,104,2.23475,0.221705,0.364137,2,107.133463,scenario_000,short
4114,104,1.935352,0.717726,0.601073,0,109.842836,scenario_000,short
4115,104,10.617951,1.0,1.0,2,122.183196,scenario_000,medium
4116,104,16.181044,0.650281,0.979702,2,132.415914,scenario_000,medium
4117,104,1.628604,0.278208,0.364985,0,110.13005,scenario_000,short
4118,104,1.729171,0.673354,1.0,0,108.6673,scenario_000,short
4119,104,1.662119,0.351756,0.512585,2,106.885783,scenario_000,short
4120,104,15.503917,0.182118,0.225652,1,143.069287,scenario_000,medium
4121,104,1.365616,0.438284,0.633052,1,106.834007,scenario_000,short
4122,104,2.061673,0.328568,0.461441,0,112.153878,scenario_000,short
4123,104,1.51913,0.113487,0.306639,0,110.096788,scenario_000,short
4124,104,1.557464,0.449684,0.651968,1,108.09614,scenario_000,short
4125,104,1.702337,0.495385,0.352541,1,107.110873,scenario_000,short
4126,104,8.66267,0.458006,0.367248,0,138.436126,scenario_000,medium
4127,104,2.317494,0.417626,0.514031,2,107.246447,scenario_000,short
4128,104,1.809094,0.178898,0.369874,2,106.271287,scenario_000,short
4129,104,1.733641,0.726559,0.583266,0,108.798921,scenario_000,short
4130,104,1.827815,0.721906,0.95314,2,106.966347,scenario_000,short
4131,104,1.741508,0.051725,0.571247,0,110.575519,scenario_000,short
4132,104,2.139912,0.643299,0.892763,1,110.12628,scenario_000,short
4133,104,2.414364,0.320875,0.345676,1,110.977166,scenario_000,short
4134,105,1.623517,0.406319,0.859002,1,108.155128,scenario_000,short
4135,105,2.005738,0.394046,0.290625,1,110.575087,scenario_000,short
4136,105,15.258597,0.332194,0.399905,0,152.631243,scenario_000,long
4137,105,14.059245,0.563789,0.710912,1,139.926152,scenario_000,medium
4138,105,1.120713,0.32946,0.546384,1,107.975027,scenario_000,short
4139,105,1.90807,0.379066,0.567096,2,108.245744,scenario_000,short
4140,105,14.38258,0.468915,0.979962,1,132.279149,scenario_000,medium
4141,105,10.544655,0.60886,0.525975,0,137.290113,scenario_000,medium
4142,105,21.931612,0.4904,0.651456,0,200.9735,scenario_000,long
4143,105,24.43813,0.883957,0.65461,0,207.818221,scenario_000,long
4144,105,17.918228,0.700171,0.46198,0,171.042389,scenario_000,medium
4145,105,1.481411,0.435991,0.318867,0,111.664256,scenario_000,short
4146,105,15.602153,0.381737,0.6875,0,149.478548,scenario_000,medium
4147,105,2.116769,0.316411,0.326745,1,110.722758,scenario_000,short
4148,105,7.181598,0.447283,0.89778,0,128.434513,scenario_000,medium
4149,105,12.344124,0.137172,0.540343,0,136.447243,scenario_000,medium
4150,105,1.638295,0.291151,0.386598,0,110.681522,scenario_000,short
4151,105,10.417988,1.0,0.784654,1,133.04314,scenario_000,long
4152,105,1.685585,0.28009,0.219653,2,107.883162,scenario_000,short
4153,105,7.282614,0.249084,0.313739,1,123.980462,scenario_000,medium
4154,105,1.288721,0.223849,0.356371,0,109.447748,scenario_000,short
4155,105,2.849512,0.21413,0.246756,2,110.225857,scenario_000,short
4156,105,13.336216,0.168555,0.236664,2,121.950632,scenario_000,medium
4157,105,8.641026,0.800357,1.0,1,121.569902,scenario_000,medium
4158,105,1.61392,0.237319,0.598273,0,112.220836,scenario_000,short
4159,105,2.186244,0.36155,0.319835,1,111.865716,scenario_000,short
4160,106,9.464872,0.473673,0.362582,0,136.137685,scenario_000,medium
4161,106,15.660155,0.384049,0.237389,0,152.113637,scenario_000,medium
4162,106,13.497724,0.977475,0.871232,0,153.725915,scenario_000,medium
4163,106,4.835191,0.744683,0.53031,2,111.640437,scenario_000,medium
4164,106,8.781516,0.941724,0.623849,2,116.543755,scenario_000,medium
4165,106,17.153445,0.873821,0.851826,0,157.398302,scenario_000,medium
4166,106,10.185996,0.727932,0.897169,1,126.87513,scenario_000,medium
4167,106,1.789009,0.717981,0.912593,2,108.751273,scenario_000,short
4168,106,1.832491,0.554164,0.708687,2,109.045995,scenario_000,short
4169,106,12.402425,0.170208,0.457214,0,157.404355,scenario_000,medium
4170,106,13.957205,0.182306,0.450617,2,123.199316,scenario_000,medium
4171,106,1.331391,0.505107,0.466926,2,107.728294,scenario_000,short
4172,106,1.740261,0.244203,0.153926,2,109.113418,scenario_000,short
4173,106,2.449807,0.202251,0.829266,0,112.845938,scenario_000,short
4174,106,1.519383,0.881689,0.84657,0,112.258162,scenario_000,short
4175,106,16.623812,0.699506,0.769722,0,180.69934,scenario_000,long
4176,106,2.360564,0.536536,0.762208,2,110.236963,scenario_000,short
4177,106,2.175721,0.353782,0.738161,0,115.634901,scenario_000,short
4178,106,10.929337,0.318927,0.275684,2,123.996077,scenario_000,medium
4179,106,1.674963,0.269323,0.573243,2,108.749546,scenario_000,short
4180,106,7.385409,0.580881,0.679883,2,118.587465,scenario_000,medium
4181,106,10.884972,0.849946,1.0,0,138.692782,scenario_000,medium
4182,106,1.644397,0.231431,0.621606,0,111.828494,scenario_000,short
4183,106,10.963209,0.433165,0.73502,0,143.660863,scenario_000,medium
4184,106,17.413578,0.435154,0.46099,0,183.627114,scenario_000,medium
4185,106,1.6062,0.582927,0.368491,1,109.34999,scenario_000,short
4186,106,8.381437,0.441045,0.922659,0,137.230879,scenario_000,medium
4187,106,0.925798,0.588754,0.689856,2,107.767233,scenario_000,short
4188,106,9.033028,0.250644,0.807181,1,124.770025,scenario_000,medium
4189,106,1.704183,0.241551,0.458,0,112.546556,scenario_000,short
4190,106,21.804267,0.214921,0.220485,0,200.934518,scenario_000,medium
4191,106,1.677689,0.171356,0.383695,0,112.529096,scenario_000,short
4192,106,1.356875,0.62121,0.772999,1,110.067497,scenario_000,short
4193,106,1.448884,0.099251,0.124895,2,107.792448,scenario_000,short
4194,106,8.172525,0.325772,0.208561,0,130.959835,scenario_000,medium
4195,106,1.508823,0.079358,0.261387,0,110.125762,scenario_000,short
4196,106,2.138168,0.27147,0.286506,0,115.327345,scenario_000,short
4197,106,2.171658,0.416239,0.396237,0,113.788562,scenario_000,short
4198,106,9.102638,0.544494,0.523619,1,134.715375,scenario_000,medium
4199,106,1.269136,0.167454,0.223862,1,109.548997,scenario_000,short
4200,106,1.51657,0.410086,0.494953,0,111.135973,scenario_000,short
4201,106,1.300277,0.181304,0.431662,0,109.488342,scenario_000,short
4202,106,17.125607,0.693213,0.652798,0,157.133475,scenario_000,medium
4203,106,2.238409,0.179749,0.145472,1,112.470214,scenario_000,short
4204,106,1.942196,0.113591,0.298815,2,109.277464,scenario_000,short
4205,107,22.683217,0.684857,0.602566,1,178.787842,scenario_000,medium
4206,107,1.639042,0.687801,0.664245,2,108.940671,scenario_000,short
4207,107,1.298246,0.259085,0.347138,0,110.308902,scenario_000,short
4208,107,2.766926,0.235179,0.795301,0,117.242751,scenario_000,short
4209,107,3.002329,0.129812,0.295098,1,115.160204,scenario_000,short
4210,107,1.75124,0.500025,0.655633,1,110.361945,scenario_000,short
4211,107,2.007059,0.722859,0.757828,0,112.497415,scenario_000,short
4212,107,2.051404,0.653948,0.971761,0,113.163461,scenario_000,short
4213,107,1.371859,0.663946,0.606194,1,109.75544,scenario_000,short
4214,107,1.250597,0.334125,0.3698,2,109.08397,scenario_000,short
4215,107,1.461325,0.53592,0.649199,0,111.590046,scenario_000,short
4216,107,2.086543,0.08859,0.664304,0,112.571675,scenario_000,short
4217,107,2.27019,0.15506,0.604089,1,112.498271,scenario_000,short
4218,107,10.43739,0.235846,0.173084,2,119.699127,scenario_000,medium
4219,107,1.870721,0.177362,0.197396,0,114.937081,scenario_000,short
4220,107,2.111724,0.10965,0.349657,1,112.045001,scenario_000,short
4221,107,1.013359,0.171029,0.250913,2,108.220124,scenario_000,short
4222,107,1.412276,0.448925,0.56723,1,110.061519,scenario_000,short
4223,107,7.514214,0.666573,1.0,0,139.080052,scenario_000,medium
4224,107,16.658806,0.434706,0.513823,0,178.7332,scenario_000,medium
4225,107,1.91246,0.101667,0.556936,0,113.639697,scenario_000,short
4226,107,2.149347,0.270907,0.655975,0,116.504666,scenario_000,short
4227,107,1.786229,0.737209,0.839794,2,110.236043,scenario_000,short
4228,107,1.535804,0.389839,0.678508,1,111.110156,scenario_000,short
4229,107,2.236808,0.287947,0.840188,0,113.454367,scenario_000,short
4230,107,7.099293,1.0,0.741088,2,117.821679,scenario_000,medium
4231,107,1.955485,0.787336,1.0,2,109.727836,scenario_000,short
4232,107,1.725739,0.399317,0.645528,2,110.259854,scenario_000,short
4233,107,9.117139,0.325942,0.257283,1,133.446884,scenario_000,medium
4234,107,12.578326,0.638348,0.72977,2,126.175099,scenario_000,medium
4235,108,18.601552,0.834431,0.920303,0,179.373188,scenario_000,medium
4236,108,10.389499,0.833304,0.550589,2,128.948226,scenario_000,medium
4237,108,1.680124,0.183177,0.397955,2,110.642232,scenario_000,short
4238,108,1.389511,0.365804,0.318374,2,110.49729,scenario_000,short
4239,108,1.723467,0.34542,0.399359,2,110.901538,scenario_000,short
4240,108,2.260591,0.694915,0.689013,2,112.223552,scenario_000,short
4241,108,19.321041,0.236472,0.351882,0,171.123324,scenario_000,medium
4242,108,2.088843,0.777187,1.0,1,113.21445,scenario_000,short
4243,108,20.455978,0.582693,0.636379,1,148.352817,scenario_000,medium
4244,108,2.275629,0.59,0.617864,1,114.72152,scenario_000,short
4245,108,1.53471,0.233993,0.290331,0,112.097095,scenario_000,short
4246,108,1.530071,0.065627,0.357391,2,110.914011,scenario_000,short
4247,108,1.622986,0.494731,0.359269,0,113.19016,scenario_000,short
4248,108,1.778695,0.523088,0.8361,2,111.557357,scenario_000,short
4249,108,2.710862,0.113293,0.242962,2,113.442574,scenario_000,short
4250,108,13.756275,0.160673,0.589365,2,133.891328,scenario_000,medium
4251,108,1.733114,0.311395,0.578973,2,111.456713,scenario_000,short
4252,108,2.195936,0.649068,0.566446,2,112.106529,scenario_000,short
4253,108,1.76403,0.166115,0.37332,2,110.817358,scenario_000,short
4254,108,2.060041,0.352453,0.63064,0,113.27704,scenario_000,short
4255,108,2.27194,0.144582,0.389764,2,111.058044,scenario_000,short
4256,108,6.57583,0.955206,0.641889,1,121.81976,scenario_000,medium
4257,108,9.489664,0.341492,0.465481,2,127.173849,scenario_000,medium
4258,108,2.119036,0.368825,0.465259,0,113.473809,scenario_000,short
4259,108,12.513387,0.582426,0.346508,0,151.439046,scenario_000,medium
4260,108,1.801307,0.571257,0.56172,2,110.426112,scenario_000,short
4261,108,1.740104,0.464996,0.380526,2,111.43869,scenario_000,short
4262,108,2.003822,0.466977,0.513427,2,111.66517,scenario_000,short
4263,108,1.457232,0.368795,0.461434,0,113.256921,scenario_000,short
4264,108,11.72263,0.656754,0.843836,0,150.785737,scenario_000,medium
4265,108,1.452193,0.415706,0.523673,1,110.638365,scenario_000,short
4266,108,18.098115,0.449868,0.51267,0,168.800971,scenario_000,long
4267,108,13.083372,0.80152,0.837161,1,149.468064,scenario_000,medium
4268,108,1.581501,0.679893,0.603523,0,113.6167,scenario_000,short
4269,108,1.824725,0.424451,0.48475,1,111.792285,scenario_000,short
4270,108,2.161716,0.119838,0.345603,0,117.614409,scenario_000,short
4271,108,2.425036,0.422028,0.577492,1,115.305226,scenario_000,short
4272,108,1.749553,0.4021,0.423687,0,114.795832,scenario_000,short
4273,108,1.641671,0.150546,0.298453,0,113.739733,scenario_000,short
4274,108,1.279489,0.407575,0.767502,1,110.810005,scenario_000,short
4275,108,2.177334,0.445444,0.737587,1,112.535393,scenario_000,short
4276,109,1.230437,0.408159,0.962391,0,113.033095,scenario_000,short
4277,109,1.705706,0.397832,0.598919,2,111.099527,scenario_000,short
4278,109,10.814357,0.358242,0.276545,1,135.567521,scenario_000,medium
4279,109,18.477858,0.915784,0.968401,2,137.599236,scenario_000,long
4280,109,2.029996,0.519309,0.590357,1,114.60463,scenario_000,short
4281,109,1.415741,0.231036,0.22308,1,112.862551,scenario_000,short
4282,109,2.699939,0.270846,0.269279,0,119.87143,scenario_000,short
4283,109,14.096997,1.0,0.761169,2,137.268144,scenario_000,medium
4284,109,2.322152,0.205897,0.339025,2,111.962282,scenario_000,short
4285,109,19.468444,0.928236,0.758907,2,147.965626,scenario_000,long
4286,109,2.388347,0.173626,0.308393,2,112.941026,scenario_000,short
4287,109,1.587975,0.282578,0.261569,1,112.190955,scenario_000,short
4288,109,10.434518,0.244585,0.649647,0,152.904494,scenario_000,medium
4289,109,7.750145,0.779279,0.865824,1,130.386241,scenario_000,medium
4290,109,15.253724,0.208631,0.639194,0,151.706096,scenario_000,medium
4291,109,10.089875,0.712046,0.561673,1,132.508496,scenario_000,medium
4292,109,1.495532,0.104519,0.464856,2,111.380564,scenario_000,short
4293,109,7.536268,0.96979,0.805106,0,136.6852,scenario_000,medium
4294,109,1.573539,0.353618,0.38358,0,115.117235,scenario_000,short
4295,109,1.774775,0.744416,1.0,0,114.835541,scenario_000,short
4296,109,2.371178,0.261302,0.360102,0,119.109179,scenario_000,short
4297,109,1.961262,0.538689,0.692949,0,117.418676,scenario_000,short
4298,109,1.511535,0.421146,0.893833,1,112.930559,scenario_000,short
4299,109,1.843617,0.05302,0.101918,0,116.565088,scenario_000,short
4300,109,9.841228,0.526784,0.373559,0,136.625,scenario_000,medium
4301,109,7.841312,0.405798,0.405365,0,133.358477,scenario_000,medium
4302,109,1.492688,0.513716,0.630568,0,113.303775,scenario_000,short
4303,109,9.746202,0.542715,0.697441,0,138.856075,scenario_000,medium
4304,109,11.43022,0.951756,0.922,2,126.542316,scenario_000,medium
4305,109,2.096288,0.256541,0.351023,2,112.914114,scenario_000,short
4306,109,17.717159,1.0,0.794765,0,164.673211,scenario_000,medium
4307,109,1.646316,0.435179,0.463552,0,113.938796,scenario_000,short
4308,109,8.497628,0.946074,1.0,2,124.573846,scenario_000,medium
4309,110,2.248744,0.071362,0.560586,2,114.033147,scenario_000,short
4310,110,1.813234,0.43273,0.478123,1,113.620675,scenario_000,short
4311,110,2.240951,0.259028,0.2828,0,119.982098,scenario_000,short
4312,110,1.770085,0.485503,0.374909,1,113.490532,scenario_000,short
4313,110,1.590144,0.733819,0.513136,0,114.938766,scenario_000,short
4314,110,18.906494,0.518728,0.763008,0,167.135276,scenario_000,medium
4315,110,2.343955,0.351762,0.475338,0,118.111644,scenario_000,short
4316,110,13.202478,0.643967,0.706848,0,166.550313,scenario_000,medium
4317,110,1.921636,0.43705,0.556462,1,114.728855,scenario_000,short
4318,110,15.857166,0.571921,0.796767,1,153.14551,scenario_000,medium
4319,110,4.973159,0.686654,0.675582,0,122.820523,scenario_000,medium
4320,110,1.649002,0.814941,0.599113,0,116.125183,scenario_000,short
4321,110,1.846222,0.352088,0.405946,1,113.452091,scenario_000,short
4322,110,1.787023,0.287075,0.496972,1,114.776168,scenario_000,short
4323,110,1.607426,0.366467,0.563549,0,116.521581,scenario_000,short
4324,110,1.890386,0.148708,0.441487,2,113.525151,scenario_000,short
4325,110,2.201552,0.119245,0.184038,0,117.065864,scenario_000,short
4326,110,1.87348,0.634266,0.819741,1,115.480388,scenario_000,short
4327,110,1.697776,0.369884,0.501463,0,114.498861,scenario_000,short
4328,110,16.611676,0.800302,0.836754,2,139.116497,scenario_000,medium
4329,110,1.721204,0.413561,0.812669,0,114.689418,scenario_000,short
4330,110,2.603292,0.127237,0.205271,2,113.680947,scenario_000,short
4331,110,2.285955,0.350485,0.521114,0,118.455558,scenario_000,short
4332,110,1.812187,0.08526,0.42557,0,116.928295,scenario_000,short
4333,111,11.64813,0.805065,0.946157,0,145.824366,scenario_000,medium
4334,111,13.18973,0.674136,0.877214,1,143.831304,scenario_000,long
4335,111,14.567459,0.499362,0.936646,0,160.807045,scenario_000,long
4336,111,9.366181,0.963804,0.713552,2,126.050435,scenario_000,medium
4337,111,1.456592,0.135919,0.456915,2,113.324084,scenario_000,short
4338,111,2.168412,0.287396,0.377659,0,118.283241,scenario_000,short
4339,111,2.085301,0.541235,0.380817,1,117.249754,scenario_000,short
4340,111,8.629417,0.906294,1.0,1,132.262923,scenario_000,medium
4341,111,0.947211,0.62848,0.580467,0,113.832826,scenario_000,short
4342,111,7.855696,0.425605,0.788707,1,125.050525,scenario_000,medium
4343,111,2.208086,0.062643,0.104072,0,120.872107,scenario_000,short
4344,111,10.099888,0.601667,0.802243,2,125.92307,scenario_000,medium
4345,111,1.481438,0.486616,0.435834,1,113.956844,scenario_000,short
4346,111,24.640694,0.857562,0.795874,2,141.494116,scenario_000,long
4347,111,1.55772,0.244303,0.348521,1,114.097984,scenario_000,short
4348,111,8.450733,0.675448,0.734526,1,132.147386,scenario_000,medium
4349,111,1.973653,0.206315,0.321279,0,119.208629,scenario_000,short
4350,111,1.689812,0.544539,0.661754,0,118.086272,scenario_000,short
4351,111,19.24644,0.481694,0.5407,2,145.808922,scenario_000,medium
4352,111,2.136378,0.234921,0.414575,2,114.957493,scenario_000,short
4353,111,2.324192,0.660812,0.815361,0,118.327935,scenario_000,short
4354,111,1.738016,0.19315,0.383402,2,114.282744,scenario_000,short
4355,111,2.027029,0.234078,0.131761,0,119.787538,scenario_000,short
4356,111,1.041191,0.63067,0.763566,1,113.373255,scenario_000,short
4357,111,13.718806,0.69335,0.937865,0,147.729802,scenario_000,medium
4358,111,1.533971,0.157422,0.180554,0,114.946472,scenario_000,short
4359,111,1.628709,0.770201,0.641519,2,113.305295,scenario_000,short
4360,111,2.290371,0.678713,0.72497,2,114.247126,scenario_000,short
4361,111,12.94499,1.0,1.0,1,138.113773,scenario_000,long
4362,111,1.576915,0.148313,0.352454,2,113.502791,scenario_000,short
4363,111,9.062423,0.424145,0.371285,0,148.357362,scenario_000,medium
4364,111,1.601151,0.200138,0.412446,2,113.774772,scenario_000,short
4365,111,1.314795,0.648585,0.705296,1,113.763049,scenario_000,short
4366,111,2.143891,0.36955,0.323863,2,114.599728,scenario_000,short
4367,111,1.695227,0.363856,0.67839,0,117.454411,scenario_000,short
4368,111,42.24358,0.898765,0.784853,0,257.219968,scenario_000,long
4369,111,1.019858,0.35935,0.471488,0,114.349449,scenario_000,short
4370,111,1.499403,0.351342,0.541351,0,116.640302,scenario_000,short
4371,111,6.78602,0.52672,0.670501,2,120.742466,scenario_000,medium
4372,111,1.928734,0.135964,0.494516,0,118.570685,scenario_000,short
4373,111,21.006251,0.497881,0.528415,2,147.229869,scenario_000,medium
4374,111,3.059208,0.069744,0.142817,2,114.77781,scenario_000,short
4375,112,1.987772,0.110451,0.231519,0,119.482962,scenario_000,short
4376,112,20.441707,0.325769,0.445012,0,200.537636,scenario_000,medium
4377,112,2.099269,0.458943,0.301021,1,118.311501,scenario_000,short
4378,112,15.519094,0.564223,0.536022,0,155.157519,scenario_000,medium
4379,112,1.810558,0.710928,0.567565,0,119.485978,scenario_000,short
4380,112,1.8387,0.595706,0.911876,0,119.985994,scenario_000,short
4381,112,1.433749,0.14601,0.764179,2,114.835878,scenario_000,short
4382,112,1.980065,0.601567,0.961524,2,115.060966,scenario_000,short
4383,112,1.627562,0.269266,0.316923,1,115.837069,scenario_000,short
4384,112,24.1052,0.82203,0.725108,2,150.763727,scenario_000,medium
4385,112,12.09491,0.689526,0.643399,1,149.473267,scenario_000,medium
4386,112,1.851861,0.297885,0.257717,2,114.688451,scenario_000,short
4387,112,2.216223,0.412679,0.307973,0,117.726306,scenario_000,short
4388,112,11.844765,0.922091,0.902466,0,143.205875,scenario_000,medium
4389,112,1.804108,0.267213,0.796772,1,115.850294,scenario_000,short
4390,112,1.568361,0.514553,0.525773,1,114.853979,scenario_000,short
4391,112,1.407125,0.129323,0.323653,1,115.956204,scenario_000,short
4392,112,5.348935,0.656328,1.0,2,119.49317,scenario_000,medium
4393,112,1.596134,0.161858,0.310613,1,115.958167,scenario_000,short
4394,112,1.591199,0.176149,0.346232,0,116.761941,scenario_000,short
4395,112,2.248081,0.360974,0.373115,0,121.505283,scenario_000,short
4396,112,1.885025,0.385298,0.511191,1,117.885379,scenario_000,short
4397,112,24.284624,0.63937,0.636972,0,199.089227,scenario_000,medium
4398,112,16.34355,0.949863,1.0,0,171.051847,scenario_000,medium
4399,112,1.761208,0.320121,0.671865,2,115.232456,scenario_000,short
4400,112,1.461414,0.197885,0.167052,0,117.819006,scenario_000,short
4401,112,1.480401,0.622992,0.751115,1,115.935046,scenario_000,short
4402,112,2.61268,0.39178,0.439666,0,119.531958,scenario_000,short
4403,112,1.149823,0.389915,0.878822,0,117.156903,scenario_000,short
4404,112,8.037566,1.0,1.0,1,131.831543,scenario_000,medium
4405,112,10.972887,0.127669,0.234408,2,129.888273,scenario_000,medium
4406,112,1.489525,0.082428,0.56322,0,117.653139,scenario_000,short
4407,112,2.859309,0.168781,0.291738,0,121.902983,scenario_000,short
4408,112,1.281075,0.21643,0.47285,2,113.663178,scenario_000,short
4409,113,1.533231,0.199483,0.541008,0,118.424366,scenario_000,short
4410,113,16.796721,0.587253,0.71813,0,167.389237,scenario_000,medium
4411,113,8.832809,0.207292,0.801949,1,135.864375,scenario_000,medium
4412,113,1.848362,0.469112,0.385106,0,118.943781,scenario_000,short
4413,113,1.20055,0.804711,0.849244,0,116.54224,scenario_000,short
4414,113,9.224644,0.428083,0.422548,1,138.329875,scenario_000,medium
4415,113,1.658739,0.471166,0.521354,0,117.302529,scenario_000,short
4416,113,1.646873,0.545984,0.770395,2,115.620472,scenario_000,short
4417,113,2.041399,0.281282,0.232751,1,119.315994,scenario_000,short
4418,113,25.927651,0.206548,0.363795,2,145.349635,scenario_000,medium
4419,113,1.590776,0.339536,0.36707,2,115.929877,scenario_000,short
4420,113,1.493592,0.83018,0.818724,2,114.811508,scenario_000,short
4421,113,1.595623,0.350609,0.456913,0,117.478379,scenario_000,short
4422,113,16.597095,0.573156,0.737086,0,169.965798,scenario_000,medium
4423,113,1.065383,0.310172,0.389195,0,116.180631,scenario_000,short
4424,113,16.074922,1.0,0.947904,0,155.679883,scenario_000,medium
4425,113,12.947681,0.486603,0.574664,0,151.982778,scenario_000,medium
4426,113,1.58262,0.42702,0.492572,0,118.55068,scenario_000,short
4427,113,1.423173,0.499867,0.618991,2,115.45026,scenario_000,short
4428,113,13.547397,0.665869,0.701112,2,140.247271,scenario_000,medium
4429,113,2.247523,0.184386,0.42018,2,116.460068,scenario_000,short
4430,113,11.368674,0.43535,0.417203,1,134.66318,scenario_000,medium
4431,113,1.872151,0.461314,0.568169,2,116.851927,scenario_000,short
4432,113,2.095369,0.244616,0.349036,2,116.823567,scenario_000,short
4433,113,2.15879,0.09049,0.119231,0,120.224812,scenario_000,short
4434,113,14.336915,0.143169,0.571561,2,139.109908,scenario_000,medium
4435,113,1.294636,0.351912,0.345138,0,117.574246,scenario_000,short
4436,113,1.655653,0.437021,0.388662,0,117.355949,scenario_000,short
4437,113,19.461603,0.792549,0.655171,0,173.692155,scenario_000,medium
4438,113,1.229647,0.355201,0.511173,2,115.374561,scenario_000,short
4439,113,1.853066,0.227957,0.187717,0,120.074832,scenario_000,short
4440,113,15.543944,0.910432,0.697532,0,152.990609,scenario_000,medium
4441,113,8.709196,0.426219,0.37761,2,129.385749,scenario_000,medium
4442,113,14.587051,0.711179,0.715815,2,138.945719,scenario_000,medium
4443,113,1.793359,0.332485,0.415682,0,120.709151,scenario_000,short
4444,114,0.802678,0.168596,0.377325,2,115.426665,scenario_000,short
4445,114,15.595436,0.756162,0.756075,0,157.927195,scenario_000,medium
4446,114,11.016584,0.270725,0.682388,1,141.122175,scenario_000,medium
4447,114,11.028505,0.361034,0.520274,0,157.260493,scenario_000,medium
4448,114,1.33963,0.349767,0.442198,0,119.26477,scenario_000,short
4449,114,1.876247,0.69322,1.0,0,119.461282,scenario_000,short
4450,114,10.00497,0.628767,0.549256,0,145.379909,scenario_000,medium
4451,114,1.210092,0.548745,0.731526,2,115.573102,scenario_000,short
4452,114,20.909105,1.0,0.831534,1,161.875307,scenario_000,long
4453,114,1.929637,0.289886,0.47052,2,116.440345,scenario_000,short
4454,114,1.431902,0.281398,0.326552,0,120.342654,scenario_000,short
4455,114,2.348186,0.175646,0.095177,1,120.946934,scenario_000,short
4456,114,2.276893,0.183152,0.36185,2,117.164525,scenario_000,short
4457,114,2.233066,0.816774,0.786602,0,121.934964,scenario_000,short
4458,114,9.905992,0.520618,0.529333,0,152.573215,scenario_000,medium
4459,114,22.627528,0.459908,0.462232,2,154.575688,scenario_000,medium
4460,114,18.690757,0.345088,0.82531,0,169.878096,scenario_000,medium
4461,114,8.053549,0.782491,0.989125,0,148.497653,scenario_000,medium
4462,114,1.520326,0.096321,0.15452,2,116.73141,scenario_000,short
4463,114,17.924364,0.495633,0.449409,0,194.437134,scenario_000,long
4464,114,1.71087,0.158409,0.350984,0,121.689488,scenario_000,short
4465,114,1.198346,0.415086,0.636526,2,116.381764,scenario_000,short
4466,114,2.011489,0.102597,0.222276,2,116.392244,scenario_000,short
4467,114,14.162746,0.703037,0.61122,1,142.914907,scenario_000,medium
4468,114,1.277852,0.380506,0.587469,0,118.614013,scenario_000,short
4469,114,1.949762,0.847828,0.73086,2,117.210361,scenario_000,short
4470,114,1.385493,0.337548,0.369063,2,116.78335,scenario_000,short
4471,114,2.01407,0.505779,0.512182,0,120.632612,scenario_000,short
4472,114,2.295919,0.29535,0.180025,2,117.931852,scenario_000,short
4473,114,14.87442,0.378256,0.675577,0,172.011218,scenario_000,medium
4474,114,1.77705,0.266294,0.452299,2,117.310807,scenario_000,short
4475,114,10.889297,0.264185,0.338264,1,137.758278,scenario_000,medium
4476,114,15.07702,0.580459,0.451601,2,131.991263,scenario_000,medium
4477,115,2.120711,0.385024,0.451994,2,118.442749,scenario_000,short
4478,115,1.678656,0.488865,0.453132,2,117.408229,scenario_000,short
4479,115,1.987951,0.464875,0.354596,0,123.316222,scenario_000,short
4480,115,2.354663,0.282226,0.384419,0,121.416279,scenario_000,short
4481,115,2.341827,0.228742,0.372711,1,120.141216,scenario_000,short
4482,115,1.243441,0.431877,0.997561,0,119.138133,scenario_000,short
4483,115,1.685586,0.372255,0.533777,2,117.611948,scenario_000,short
4484,115,1.651866,0.2941,0.401013,0,122.455292,scenario_000,short
4485,115,1.293128,0.212579,0.309975,1,117.305648,scenario_000,short
4486,115,1.408273,0.095211,0.214168,0,120.516189,scenario_000,short
4487,115,1.888915,0.205973,0.177216,0,120.380342,scenario_000,short
4488,115,11.845794,0.491653,0.398366,2,136.520931,scenario_000,medium
4489,115,25.794729,0.61797,0.441562,1,186.580352,scenario_000,long
4490,115,1.912037,0.105295,0.236821,1,119.171698,scenario_000,short
4491,115,1.443682,0.10981,0.228272,2,117.48553,scenario_000,short
4492,115,17.25372,0.911477,0.841788,0,170.337282,scenario_000,medium
4493,115,7.027448,0.282097,0.248342,0,136.838456,scenario_000,medium
4494,115,10.790883,0.373441,0.642973,0,145.790167,scenario_000,medium
4495,115,1.664373,0.325807,0.600622,2,118.07531,scenario_000,short
4496,115,1.560668,0.367292,0.331066,2,117.244688,scenario_000,short
4497,115,15.729872,0.425972,0.421834,1,159.854003,scenario_000,medium
4498,115,18.476138,0.707709,0.767592,1,163.317064,scenario_000,long
4499,115,1.409393,0.391627,0.365979,0,118.826328,scenario_000,short
4500,115,2.517831,0.238881,0.293758,1,120.414811,scenario_000,short
4501,115,1.682595,0.234058,0.386087,1,119.76577,scenario_000,short
4502,115,12.174293,0.310159,0.18627,0,146.510977,scenario_000,medium
4503,115,1.577982,0.235828,0.320692,0,119.053712,scenario_000,short
4504,116,23.756119,0.68916,1.0,0,191.098813,scenario_000,medium
4505,116,1.437019,0.433423,0.421791,0,122.338472,scenario_000,short
4506,116,9.427339,0.361426,0.361005,2,128.506185,scenario_000,medium
4507,116,6.101653,0.483579,0.686642,2,127.661241,scenario_000,medium
4508,116,2.252789,0.153263,0.424326,2,118.757685,scenario_000,short
4509,116,1.582722,0.608512,0.746999,0,122.967737,scenario_000,short
4510,116,2.01416,0.186468,0.665408,0,123.350382,scenario_000,short
4511,116,2.299488,0.073014,0.525508,2,119.653198,scenario_000,short
4512,116,2.113323,0.391292,0.664985,2,119.833454,scenario_000,short
4513,116,2.035468,0.329947,0.719335,1,121.392686,scenario_000,short
4514,116,5.507905,0.597068,0.420344,0,136.030748,scenario_000,medium
4515,116,12.187525,0.601825,0.76709,1,152.656519,scenario_000,medium
4516,116,2.155354,0.693149,0.79586,0,123.825764,scenario_000,short
4517,116,2.116736,0.281246,0.63595,0,124.087835,scenario_000,short
4518,116,2.042047,0.114456,0.287974,0,123.732867,scenario_000,short
4519,116,2.18526,0.438798,0.455637,0,124.065904,scenario_000,short
4520,116,2.548795,0.263287,0.38038,0,125.395714,scenario_000,short
4521,116,2.997963,0.297053,0.36025,0,129.24563,scenario_000,short
4522,116,9.728884,0.576181,0.425971,0,152.518348,scenario_000,medium
4523,116,1.676409,0.35874,0.585399,0,120.832827,scenario_000,short
4524,116,10.666184,0.71854,0.621158,1,136.05,scenario_000,medium
4525,116,1.319375,0.272533,0.24203,2,118.232319,scenario_000,short
4526,116,15.226928,1.0,0.916419,1,159.389699,scenario_000,medium
4527,116,10.403936,0.623025,0.623558,2,133.261212,scenario_000,medium
4528,116,8.042133,0.344696,0.374401,0,139.299561,scenario_000,medium
4529,116,2.265447,0.321573,0.590346,1,120.29529,scenario_000,short
4530,116,8.839623,0.44967,0.843344,0,147.605495,scenario_000,medium
4531,116,1.978115,0.514382,0.621919,2,119.207986,scenario_000,short
4532,116,16.581107,1.0,0.803835,0,184.852061,scenario_000,long
4533,117,11.004268,0.579413,0.685359,0,154.26041,scenario_000,medium
4534,117,2.418654,0.571296,0.591516,0,127.525061,scenario_000,short
4535,117,24.625259,0.311582,0.178178,2,161.378362,scenario_000,long
4536,117,17.634082,0.980617,0.949124,2,146.041029,scenario_000,long
4537,117,9.592945,0.356793,0.90537,0,143.78121,scenario_000,medium
4538,117,10.098788,0.689284,0.772935,2,131.945713,scenario_000,long
4539,117,2.155033,0.092989,0.384638,2,120.512211,scenario_000,short
4540,117,1.127173,0.446112,0.307523,2,118.586669,scenario_000,short
4541,117,6.987306,0.35998,0.600657,0,136.49119,scenario_000,medium
4542,117,2.160157,0.665485,0.433618,0,125.915493,scenario_000,short
4543,117,1.86039,0.349203,0.341485,0,122.985564,scenario_000,short
4544,117,1.815432,0.432137,0.557881,2,120.291559,scenario_000,short
4545,117,1.684847,0.222322,0.199128,1,120.437773,scenario_000,short
4546,117,26.704159,0.479725,0.492083,1,197.364015,scenario_000,medium
4547,117,7.296604,0.668504,0.446632,2,128.009258,scenario_000,medium
4548,117,2.378167,0.613165,0.611733,0,124.003621,scenario_000,short
4549,117,2.432227,0.14511,0.442853,2,120.372049,scenario_000,short
4550,117,1.858595,0.500295,0.513517,2,120.050708,scenario_000,short
4551,117,8.771825,0.401419,0.936783,1,140.83846,scenario_000,medium
4552,117,1.719336,0.234229,0.283407,0,122.630545,scenario_000,short
4553,117,18.108097,0.159383,0.350003,2,148.331293,scenario_000,medium
4554,117,1.846353,0.719064,0.704159,0,122.61668,scenario_000,short
4555,117,2.243108,0.431562,0.45212,0,126.311141,scenario_000,short
4556,117,1.932151,0.530496,0.63295,0,124.479363,scenario_000,short
4557,117,2.604867,0.185484,0.558272,2,120.305317,scenario_000,short
4558,117,1.721092,0.456962,0.991383,2,120.236969,scenario_000,short
4559,117,2.567617,0.398125,0.458334,2,120.192128,scenario_000,short
4560,117,2.842849,0.59302,0.4973,1,125.633796,scenario_000,short
4561,118,17.990034,0.48148,0.548317,2,142.742567,scenario_000,medium
4562,118,2.051531,0.403211,0.347599,0,125.218755,scenario_000,short
4563,118,2.215446,0.368674,0.46303,2,121.58202,scenario_000,short
4564,118,1.515849,0.450596,0.369824,2,120.846327,scenario_000,short
4565,118,8.833218,0.644079,0.711263,2,133.817307,scenario_000,medium
4566,118,9.538247,0.430653,0.713542,0,146.575761,scenario_000,medium
4567,118,5.530418,0.807242,0.799823,2,124.603654,scenario_000,medium
4568,118,1.614497,0.308703,0.497848,1,121.790497,scenario_000,short
4569,118,1.82894,0.28263,0.361118,2,121.706824,scenario_000,short
4570,118,15.654927,1.0,0.829307,0,177.665866,scenario_000,medium
4571,118,17.326879,0.437348,0.638255,1,157.394555,scenario_000,medium
4572,118,8.840343,0.629024,0.999107,2,134.58258,scenario_000,medium
4573,118,1.833103,0.745531,1.0,0,122.722669,scenario_000,short
4574,118,1.892263,0.62136,0.711051,2,120.844912,scenario_000,short
4575,118,1.431919,0.415193,0.42413,0,122.371814,scenario_000,short
4576,118,10.308918,0.314521,0.382637,0,163.271698,scenario_000,medium
4577,118,1.996448,0.089638,0.213881,1,122.570618,scenario_000,short
4578,118,23.390258,0.604471,0.662295,1,164.013542,scenario_000,medium
4579,118,1.947713,0.248017,0.190888,0,123.851352,scenario_000,short
4580,118,1.406217,0.326109,0.439513,0,122.276995,scenario_000,short
4581,118,1.539031,0.346841,0.223717,2,120.427184,scenario_000,short
4582,118,10.884247,0.412176,0.571185,2,131.54357,scenario_000,medium
4583,118,1.470045,0.546338,0.640566,2,119.783214,scenario_000,short
4584,118,1.792009,0.210645,0.286757,1,122.679382,scenario_000,short
4585,118,1.524897,0.276426,0.305323,2,119.993172,scenario_000,short
4586,118,1.933511,0.294948,0.391324,1,123.620855,scenario_000,short
4587,118,1.658225,0.330791,0.697128,2,120.938468,scenario_000,short
4588,118,1.612904,0.482424,0.822903,2,120.203936,scenario_000,short
4589,118,1.931588,0.077478,0.137584,1,122.000303,scenario_000,short
4590,118,7.493797,0.640951,0.617289,0,141.015156,scenario_000,medium
4591,118,13.655496,0.545936,0.501535,2,139.139499,scenario_000,long
4592,118,1.626175,0.348585,0.365233,0,124.639338,scenario_000,short
4593,118,1.746401,0.090365,0.60113,1,122.37349,scenario_000,short
4594,118,1.524064,0.408803,0.45512,0,122.003844,scenario_000,short
4595,118,9.052745,0.759612,1.0,0,155.729605,scenario_000,medium
4596,118,1.64948,0.59173,0.901624,1,120.984334,scenario_000,short
4597,119,31.045723,0.719653,0.736624,2,182.90152,scenario_000,long
4598,119,2.246797,0.337371,0.684564,1,125.901045,scenario_000,short
4599,119,10.750768,0.6246,0.993736,0,162.759773,scenario_000,long
4600,119,1.788431,0.422376,0.839503,0,125.420927,scenario_000,short
4601,119,11.396643,0.895001,0.993094,0,169.633464,scenario_000,medium
4602,119,1.802916,0.148089,0.414937,2,122.274065,scenario_000,short
4603,119,2.124505,0.142869,0.42859,0,127.920976,scenario_000,short
4604,119,1.895283,0.264371,0.393878,1,123.226556,scenario_000,short
4605,119,1.634035,0.676394,0.824571,2,121.033952,scenario_000,short
4606,119,2.014473,0.172271,0.315897,1,124.544616,scenario_000,short
4607,119,1.776734,0.404911,0.738047,1,123.340743,scenario_000,short
4608,119,17.049427,0.343128,0.36242,1,151.022504,scenario_000,medium
4609,119,1.572526,0.449247,0.681616,1,123.128888,scenario_000,short
4610,119,1.528236,0.648626,0.673379,0,125.53931,scenario_000,short
4611,119,1.739653,0.552303,0.835557,0,126.130643,scenario_000,short
4612,119,2.661855,0.081115,0.179648,2,123.233337,scenario_000,short
4613,119,22.648033,0.241554,0.336301,0,202.812595,scenario_000,medium
4614,119,26.13266,0.717743,0.809235,0,230.796763,scenario_000,medium
4615,119,1.448971,0.682187,0.66895,1,122.630247,scenario_000,short
4616,119,2.331449,0.331745,0.508541,1,124.098383,scenario_000,short
4617,119,1.933954,0.413831,0.345982,0,125.746353,scenario_000,short
4618,119,2.404228,0.367346,0.566058,2,122.95069,scenario_000,short
4619,119,2.0587,0.515069,0.653003,0,126.292627,scenario_000,short
4620,119,1.539098,0.687097,1.0,1,123.442893,scenario_000,short
4621,119,1.595601,0.072369,0.340436,1,123.72539,scenario_000,short
4622,119,1.786278,0.160959,0.468874,0,126.469207,scenario_000,short
4623,119,1.176083,0.569866,0.629812,0,122.841639,scenario_000,short
4624,119,2.330819,0.275373,0.575122,0,128.016156,scenario_000,short
4625,120,9.91799,0.588717,0.919835,0,157.513298,scenario_000,medium
4626,120,1.845137,0.181657,0.069955,1,125.79002,scenario_000,short
4627,120,12.081059,0.165897,0.223669,0,162.26386,scenario_000,medium
4628,120,1.56446,0.320205,0.357665,1,123.042926,scenario_000,short
4629,120,1.527949,0.272669,0.345765,1,124.437541,scenario_000,short
4630,120,1.365868,0.316591,0.416954,0,124.933021,scenario_000,short
4631,120,16.248558,0.626428,0.653261,0,183.653031,scenario_000,medium
4632,120,1.670858,0.199803,0.316337,0,124.872779,scenario_000,short
4633,120,15.566949,0.902255,0.862334,0,166.256762,scenario_000,long
4634,120,18.564607,0.703997,0.745807,0,177.040123,scenario_000,medium
4635,120,8.274206,0.576151,0.814555,0,145.825446,scenario_000,medium
4636,120,1.306311,0.758045,0.848446,2,122.445926,scenario_000,short
4637,120,8.508962,0.532618,0.554448,0,155.089631,scenario_000,medium
4638,120,7.309788,0.686641,0.615014,2,130.085226,scenario_000,medium
4639,120,1.157003,0.199796,0.237718,2,121.557738,scenario_000,short
4640,120,12.245593,0.586747,0.620367,0,154.668518,scenario_000,medium
4641,120,1.684096,0.083727,0.190964,0,126.584353,scenario_000,short
4642,120,2.109401,0.050614,0.20263,2,123.556423,scenario_000,short
4643,120,2.316942,0.356829,0.594746,2,123.321999,scenario_000,short
4644,120,1.582325,0.067772,0.317683,0,125.278547,scenario_000,short
4645,120,7.546677,0.766126,0.653381,1,134.717385,scenario_000,medium
4646,120,1.550316,0.061734,0.149709,0,124.060503,scenario_000,short
4647,120,2.348343,0.365937,0.310411,2,123.88755,scenario_000,short
4648,120,8.651647,0.904586,1.0,1,147.076662,scenario_000,medium
4649,120,2.722382,0.534614,0.628494,2,125.55111,scenario_000,short
4650,120,2.037196,0.304725,0.902651,0,126.768797,scenario_000,short
4651,120,9.820952,0.552226,0.624021,0,145.824613,scenario_000,medium
4652,120,1.989218,0.06391,0.067278,2,124.102149,scenario_000,short
4653,120,1.602014,0.262441,0.259634,0,126.996482,scenario_000,short
4654,120,1.652971,0.371511,0.38538,0,127.184796,scenario_000,short
4655,120,1.702808,0.227165,0.368325,0,125.789629,scenario_000,short
4656,120,1.613941,0.738836,0.455936,2,123.138405,scenario_000,short
4657,120,32.928167,0.69815,0.410538,0,240.261258,scenario_000,long
4658,120,1.960331,0.245786,0.472621,0,125.467816,scenario_000,short
4659,120,25.299787,0.372697,0.181216,2,165.58064,scenario_000,medium
4660,121,25.072382,0.693131,0.697898,2,155.940964,scenario_000,medium
4661,121,3.199492,0.163478,0.22969,0,129.217883,scenario_000,short
4662,121,1.963066,0.492194,0.480876,1,125.114709,scenario_000,short
4663,121,1.449604,0.665404,0.985506,1,123.653564,scenario_000,short
4664,121,8.646377,0.694748,1.0,2,131.336633,scenario_000,medium
4665,121,12.890553,1.0,0.924321,0,158.572422,scenario_000,medium
4666,121,16.23208,1.0,0.944988,2,140.887165,scenario_000,medium
4667,121,7.891334,0.313592,0.232062,0,148.362941,scenario_000,medium
4668,121,1.307932,0.348138,0.454966,1,124.18301,scenario_000,short
4669,121,1.34853,0.079303,0.612334,2,123.663939,scenario_000,short
4670,121,1.774756,0.096202,0.133616,1,126.04501,scenario_000,short
4671,121,1.519094,0.208909,0.427657,2,123.836851,scenario_000,short
4672,121,25.074208,0.398405,0.750778,2,171.091232,scenario_000,long
4673,121,9.280526,0.932039,0.809598,0,146.946251,scenario_000,medium
4674,121,1.828238,0.480723,0.489921,0,126.368173,scenario_000,short
4675,121,10.580367,0.536372,0.589425,0,158.336808,scenario_000,medium
4676,121,11.159498,0.780163,0.700307,1,155.926732,scenario_000,medium
4677,121,14.463177,0.239234,0.282403,2,137.859922,scenario_000,medium
4678,121,29.355531,0.968269,0.756751,0,249.066425,scenario_000,medium
4679,121,21.197065,0.53391,0.470158,1,162.21982,scenario_000,medium
4680,121,1.463666,0.334259,0.394768,1,123.934234,scenario_000,short
4681,121,1.820546,0.357381,0.399338,0,125.811004,scenario_000,short
4682,121,1.742492,0.50606,0.335308,2,123.274472,scenario_000,short
4683,121,15.033529,0.567642,0.727775,0,181.679771,scenario_000,medium
4684,121,2.481604,0.376549,0.618516,1,125.928102,scenario_000,short
4685,121,1.942117,0.238103,0.357933,2,124.673061,scenario_000,short
4686,121,2.507661,0.393979,0.552724,1,128.342653,scenario_000,short
4687,121,1.324032,0.617907,0.600162,0,126.903406,scenario_000,short
4688,121,1.746288,0.563426,0.618374,0,127.930519,scenario_000,short
4689,121,1.563136,0.449911,1.0,2,123.449585,scenario_000,short
4690,121,34.967435,0.172817,0.510877,1,216.448423,scenario_000,medium
4691,121,1.424949,0.0969,0.25537,2,123.916785,scenario_000,short
4692,121,20.931796,0.702542,0.693722,2,162.618723,scenario_000,medium
4693,121,21.473145,0.680849,0.705721,0,182.433418,scenario_000,medium
4694,121,18.843122,0.61438,0.941878,0,200.763421,scenario_000,medium
4695,121,1.473624,0.358218,0.565094,0,126.553349,scenario_000,short
4696,121,15.489294,0.636102,0.939449,1,165.592316,scenario_000,medium
4697,122,2.122103,0.06144,0.481221,0,129.938198,scenario_000,short
4698,122,18.283317,0.799073,0.67013,0,200.064233,scenario_000,medium
4699,122,19.652533,0.281969,0.316888,0,196.858209,scenario_000,medium
4700,122,1.809065,0.071561,0.282068,0,128.388374,scenario_000,short
4701,122,16.638158,0.732448,0.592347,2,148.057536,scenario_000,medium
4702,122,1.552826,0.39024,0.42978,0,126.662562,scenario_000,short
4703,122,1.221151,0.31861,0.323643,2,124.087111,scenario_000,short
4704,122,1.374974,0.153158,0.542404,0,127.664416,scenario_000,short
4705,122,12.679221,0.884799,0.788098,2,147.62315,scenario_000,long
4706,122,1.927775,0.095419,0.215324,2,125.802614,scenario_000,short
4707,122,1.663718,0.304217,0.677133,2,124.329187,scenario_000,short
4708,122,12.2167,0.598568,0.885494,2,140.435284,scenario_000,medium
4709,122,2.029399,0.074614,0.286184,0,128.8335,scenario_000,short
4710,122,1.279101,0.121198,0.377851,0,126.394575,scenario_000,short
4711,122,1.411665,0.276062,0.197649,2,124.746028,scenario_000,short
4712,122,1.500918,0.489864,0.856144,2,123.884994,scenario_000,short
4713,122,1.813797,0.752684,0.674259,1,127.371649,scenario_000,short
4714,122,18.810202,0.627086,0.825623,0,197.837753,scenario_000,medium
4715,122,2.237769,0.434327,0.590779,1,127.318999,scenario_000,short
4716,122,1.284543,0.551944,0.661942,0,125.811389,scenario_000,short
4717,122,1.972682,0.231829,0.273999,2,124.593127,scenario_000,short
4718,122,10.282978,0.590603,1.0,2,139.13055,scenario_000,medium
4719,122,1.516852,0.624123,0.767732,1,126.166541,scenario_000,short
4720,122,11.514943,0.387304,0.412371,0,158.406206,scenario_000,medium
4721,122,8.004533,0.200324,0.29867,0,157.485324,scenario_000,medium
4722,122,1.848145,0.324507,0.450622,2,124.265556,scenario_000,short
4723,122,1.821381,0.349471,0.546415,2,124.624907,scenario_000,short
4724,122,1.733244,0.690682,0.833116,0,128.987952,scenario_000,short
4725,122,1.580451,0.511571,0.425897,2,125.055636,scenario_000,short
4726,122,1.74083,0.462082,0.45767,1,127.176125,scenario_000,short
4727,122,1.414557,0.462692,0.458874,2,124.196736,scenario_000,short
4728,122,6.76808,0.583551,0.689841,0,152.141042,scenario_000,medium
4729,122,2.597405,0.461932,0.48665,1,127.937443,scenario_000,short
4730,123,8.493997,0.658153,0.808519,1,138.818411,scenario_000,medium
4731,123,7.502148,0.861513,0.668909,1,146.759476,scenario_000,medium
4732,123,1.564012,0.292153,0.202856,1,127.551822,scenario_000,short
4733,123,1.633616,0.291999,0.349985,0,129.956969,scenario_000,short
4734,123,9.319089,0.274924,0.358285,0,163.21606,scenario_000,medium
4735,123,1.477026,0.314061,0.404282,1,125.739194,scenario_000,short
4736,123,1.736351,0.440583,0.688804,0,130.406911,scenario_000,short
4737,123,1.538976,0.250246,0.296041,0,127.304603,scenario_000,short
4738,123,1.926697,0.070852,0.373316,0,129.143342,scenario_000,short
4739,123,1.70906,0.110609,0.326078,0,128.278102,scenario_000,short
4740,123,2.765889,0.364664,0.539647,2,127.021981,scenario_000,short
4741,123,1.414449,0.629684,0.697869,0,126.769776,scenario_000,short
4742,123,2.069584,0.391834,0.33139,2,126.742745,scenario_000,short
4743,123,7.2851,0.444765,0.761029,0,142.797485,scenario_000,medium
4744,123,1.696118,0.813311,1.0,0,128.550806,scenario_000,short
4745,123,13.286896,0.26745,0.725051,2,139.401324,scenario_000,medium
4746,123,1.935616,0.469983,0.84929,2,126.482343,scenario_000,short
4747,123,2.002716,0.294947,0.390293,2,127.125823,scenario_000,short
4748,123,11.491792,0.470125,0.482442,0,153.637821,scenario_000,medium
4749,123,2.511061,0.640659,0.867324,0,132.917955,scenario_000,short
4750,123,1.888232,0.371985,0.227171,2,126.306103,scenario_000,short
4751,123,18.408984,0.481246,0.446202,2,150.518502,scenario_000,medium
4752,123,24.177849,0.132981,0.105611,2,158.48451,scenario_000,medium
4753,123,22.288778,0.538946,0.669591,1,189.472413,scenario_000,long
4754,123,23.161467,1.0,0.896377,2,153.455277,scenario_000,long
4755,123,1.455002,0.494596,0.519208,0,128.806027,scenario_000,short
4756,123,8.930261,0.179724,0.605908,0,148.118308,scenario_000,medium
4757,123,1.711994,0.50948,0.691914,1,127.809579,scenario_000,short
4758,123,1.787181,0.661671,0.849924,0,129.841612,scenario_000,short
4759,123,1.806819,0.082983,0.3434,2,125.363769,scenario_000,short
4760,124,13.831544,0.403079,0.532229,0,163.047248,scenario_000,medium
4761,124,8.252211,0.438901,0.550122,2,135.009248,scenario_000,medium
4762,124,14.861369,0.821073,0.720444,0,184.647312,scenario_000,medium
4763,124,12.104883,0.584648,0.631528,1,148.454858,scenario_000,medium
4764,124,1.512519,0.227976,0.297564,2,126.570442,scenario_000,short
4765,124,1.566226,0.199264,0.303021,2,126.830854,scenario_000,short
4766,124,1.464951,0.420348,0.49954,1,126.632014,scenario_000,short
4767,124,12.815996,0.224174,0.405781,1,152.181332,scenario_000,medium
4768,124,1.899861,0.16509,0.299583,1,128.692205,scenario_000,short
4769,124,2.09532,0.62215,0.698005,1,130.385328,scenario_000,short
4770,124,1.530595,0.143614,0.141827,2,125.82657,scenario_000,short
4771,124,1.529736,0.583587,0.863111,2,125.929808,scenario_000,short
4772,124,23.797705,0.861589,0.975024,2,167.291767,scenario_000,long
4773,124,18.165007,0.956217,0.840006,2,145.434064,scenario_000,long
4774,124,1.38052,0.675831,0.868543,0,130.116413,scenario_000,short
4775,124,1.734998,0.269206,0.436878,0,130.794413,scenario_000,short
4776,124,1.397316,0.375907,0.26431,0,129.107484,scenario_000,short
4777,124,11.14934,0.775606,0.794394,2,144.95124,scenario_000,medium
4778,124,23.151782,0.473962,0.821449,0,192.339204,scenario_000,medium
4779,124,1.705843,0.343508,0.45385,2,126.472384,scenario_000,short
4780,124,1.531109,0.174491,0.595838,0,130.682194,scenario_000,short
4781,124,2.615938,0.265971,0.164823,0,131.38555,scenario_000,short
4782,124,1.680128,0.286643,0.293536,0,130.592014,scenario_000,short
4783,124,15.20726,0.170276,0.127086,2,155.018192,scenario_000,medium
4784,124,1.340951,0.230703,0.486373,0,127.44222,scenario_000,short
4785,124,2.306474,0.244516,0.319228,0,132.458479,scenario_000,short
4786,124,15.37185,0.613599,0.605727,0,182.410482,scenario_000,medium
4787,124,1.76748,0.066615,0.236471,1,127.596747,scenario_000,short
4788,124,2.209625,0.698484,0.853131,0,133.450683,scenario_000,short
4789,124,1.781663,0.293818,0.377061,2,126.847964,scenario_000,short
4790,124,18.353574,0.651099,0.621615,2,145.693466,scenario_000,medium
4791,124,1.502613,0.395799,0.464726,2,126.770101,scenario_000,short
4792,124,12.516769,0.524006,1.0,0,166.964527,scenario_000,medium
4793,124,25.114813,0.757148,0.482016,1,200.79834,scenario_000,long
4794,124,13.529698,0.639913,0.754061,2,143.59929,scenario_000,medium
4795,124,1.972748,0.735861,0.504763,0,132.343105,scenario_000,short
4796,124,15.878578,0.148613,0.405562,0,184.418126,scenario_000,medium
4797,124,22.01187,0.650855,0.827124,0,223.348748,scenario_000,long
4798,124,1.63745,0.225526,0.34261,0,130.446761,scenario_000,short
4799,124,2.388806,0.16992,0.484662,0,132.478794,scenario_000,short
4800,124,1.49223,0.151857,0.666499,2,125.900994,scenario_000,short
4801,124,1.546024,0.318276,0.617948,0,128.516939,scenario_000,short
4802,125,2.629876,0.44876,0.672932,1,132.196811,scenario_000,short
4803,125,2.283017,0.292557,0.401166,2,129.198995,scenario_000,short
4804,125,8.036564,0.829605,1.0,0,160.088712,scenario_000,medium
4805,125,20.640318,0.467897,0.551644,0,178.395018,scenario_000,medium
4806,125,2.098538,0.126186,0.189196,0,132.215189,scenario_000,short
4807,125,2.111894,0.070549,0.113989,1,130.864724,scenario_000,short
4808,125,4.985483,0.163043,0.329934,0,140.319484,scenario_000,medium
4809,125,1.520244,0.680066,0.627395,1,128.667719,scenario_000,short
4810,125,2.077619,0.253828,0.501117,2,128.968356,scenario_000,short
4811,125,15.261857,0.530279,0.404866,2,149.922772,scenario_000,medium
4812,125,1.918126,0.368671,0.275435,1,130.076372,scenario_000,short
4813,125,1.353143,0.307953,0.645243,2,126.990836,scenario_000,short
4814,125,6.766011,0.526323,0.340058,1,139.997547,scenario_000,medium
4815,125,1.418352,0.736473,0.64305,0,128.928214,scenario_000,short
4816,125,7.53658,0.52565,0.539977,1,148.70943,scenario_000,long
4817,125,1.237748,0.54729,0.524574,0,128.736327,scenario_000,short
4818,125,1.673091,0.822312,0.822729,2,128.005066,scenario_000,short
4819,125,24.678419,0.41054,0.687294,0,192.372132,scenario_000,medium
4820,125,2.929805,0.421632,0.936534,0,136.11741,scenario_000,short
4821,125,1.77699,0.836856,0.951735,0,130.279166,scenario_000,short
4822,125,13.019975,0.949427,1.0,1,161.036763,scenario_000,medium
4823,125,1.682466,0.382747,0.41916,0,132.053546,scenario_000,short
4824,125,10.471462,0.192135,0.40135,0,153.740376,scenario_000,medium
4825,125,2.363427,0.381518,0.486472,0,131.220375,scenario_000,short
4826,125,7.551391,0.942518,0.75876,0,158.854257,scenario_000,medium
4827,125,1.688463,0.086706,0.437706,0,132.474577,scenario_000,short
4828,125,1.786442,0.620776,0.926469,0,132.386191,scenario_000,short
4829,125,17.652025,0.532482,0.818441,0,181.661661,scenario_000,medium
4830,126,2.038939,0.131963,0.720491,2,129.595239,scenario_000,short
4831,126,21.481689,0.49661,0.513376,0,193.304744,scenario_000,medium
4832,126,11.678563,0.433809,0.652091,2,139.837463,scenario_000,medium
4833,126,15.704971,0.555706,0.451243,2,158.027398,scenario_000,medium
4834,126,1.727991,0.657925,1.0,2,128.076623,scenario_000,short
4835,126,1.192402,0.353105,0.426021,0,131.249268,scenario_000,short
4836,126,1.708119,0.370702,0.689162,0,130.70417,scenario_000,short
4837,126,13.909183,0.237465,0.28252,2,144.355246,scenario_000,medium
4838,126,12.500115,0.37829,0.511573,1,149.528611,scenario_000,medium
4839,126,2.232275,0.308123,0.578291,0,136.058344,scenario_000,short
4840,126,1.590775,0.2075,0.254803,1,130.678877,scenario_000,short
4841,126,1.991735,0.264225,0.282739,0,134.972284,scenario_000,short
4842,126,1.898956,0.689411,0.521669,0,132.163808,scenario_000,short
4843,126,1.885514,0.46303,0.456854,0,133.15588,scenario_000,short
4844,126,16.677231,1.0,0.828148,2,149.769115,scenario_000,long
4845,126,1.756636,0.397752,0.486653,2,129.286175,scenario_000,short
4846,126,4.935015,0.266296,0.437163,0,144.066405,scenario_000,medium
4847,126,2.301332,0.381472,0.478167,2,129.96206,scenario_000,short
4848,126,1.591502,0.356553,0.470352,2,128.379427,scenario_000,short
4849,126,10.792939,0.477418,0.305543,1,148.647876,scenario_000,medium
4850,126,1.743701,0.420397,0.430753,0,132.393914,scenario_000,short
4851,126,10.382061,0.728255,1.0,2,142.092933,scenario_000,medium
4852,126,1.506845,0.123675,0.100049,0,132.131894,scenario_000,short
4853,126,2.200496,0.391253,0.448942,0,134.24419,scenario_000,short
4854,126,19.924229,0.6525,0.661293,2,165.235242,scenario_000,medium
4855,126,7.376791,0.678156,0.747976,1,143.607948,scenario_000,medium
4856,126,1.512248,0.312092,0.670231,2,128.638522,scenario_000,short
4857,126,1.90953,0.35014,0.732003,0,134.209245,scenario_000,short
4858,126,1.709933,0.141509,0.240533,0,130.433687,scenario_000,short
4859,126,9.968396,0.36021,0.492025,0,157.041509,scenario_000,medium
4860,126,10.060786,0.560773,0.331053,0,159.034513,scenario_000,medium
4861,126,1.800284,0.439113,0.564683,2,128.790703,scenario_000,short
4862,126,12.322326,0.474737,0.41903,0,169.30594,scenario_000,medium
4863,126,15.754518,0.755748,0.754561,0,194.018543,scenario_000,medium
4864,126,14.798594,0.782772,1.0,0,188.652057,scenario_000,medium
4865,126,2.464978,0.232098,0.298733,1,130.411902,scenario_000,short
4866,126,2.103236,0.069813,0.26483,2,130.349811,scenario_000,short
4867,127,15.908756,0.443261,0.570009,2,146.371494,scenario_000,long
4868,127,15.38151,0.571696,0.669037,0,166.213007,scenario_000,medium
4869,127,1.642147,0.310329,0.313703,2,129.486537,scenario_000,short
4870,127,2.71282,0.804498,0.790566,0,134.437253,scenario_000,short
4871,127,1.839431,0.17488,0.228765,0,134.868757,scenario_000,short
4872,127,1.504502,0.137246,0.225379,2,129.618177,scenario_000,short
4873,127,2.028646,0.143085,0.193986,0,135.273366,scenario_000,short
4874,127,2.130848,0.160912,0.242716,1,132.296567,scenario_000,short
4875,127,5.43888,0.159796,0.312658,0,142.313612,scenario_000,medium
4876,127,19.224186,0.498806,0.912902,0,182.013285,scenario_000,medium
4877,127,1.849717,0.228281,0.216528,0,132.387432,scenario_000,short
4878,127,11.610716,0.444218,0.340916,0,173.561224,scenario_000,medium
4879,127,17.269452,0.388539,0.591159,2,153.070911,scenario_000,medium
4880,127,1.814758,0.210622,0.411273,2,129.261769,scenario_000,short
4881,127,6.526874,0.583713,0.815832,2,138.536011,scenario_000,medium
4882,127,7.081035,0.658539,0.586278,0,149.24002,scenario_000,medium
4883,127,20.148941,0.309027,0.397085,2,161.888661,scenario_000,medium
4884,127,7.906609,0.675634,0.570711,0,155.827084,scenario_000,medium
4885,127,1.36589,0.323827,0.549557,0,131.015037,scenario_000,short
4886,127,18.172477,0.752062,0.601051,0,183.761276,scenario_000,medium
4887,127,7.676974,0.185489,0.166484,0,160.542458,scenario_000,medium
4888,127,24.998609,0.217904,0.111868,0,223.807714,scenario_000,medium
4889,127,1.081158,0.076275,0.05,0,130.210557,scenario_000,short
4890,127,1.27537,0.112497,0.085493,0,131.281311,scenario_000,short
4891,127,17.335782,0.595136,0.831573,2,161.616672,scenario_000,medium
4892,127,29.344037,1.0,0.927147,2,173.142632,scenario_000,long
4893,127,1.573616,0.09113,0.141114,1,131.669479,scenario_000,short
4894,127,10.963182,0.15755,0.365303,1,151.535775,scenario_000,medium
4895,127,15.092095,0.831393,0.941511,0,184.634198,scenario_000,medium
4896,127,1.680755,0.393211,0.757541,0,134.270022,scenario_000,short
4897,127,6.297629,0.294838,0.297932,1,145.30443,scenario_000,medium
4898,127,1.739134,0.266772,0.353324,0,132.117479,scenario_000,short
4899,127,1.885952,0.238344,0.353717,2,129.379977,scenario_000,short
4900,127,18.476416,0.64991,0.784485,0,188.041575,scenario_000,medium
4901,128,1.868679,0.258287,0.598498,0,133.220728,scenario_000,short
4902,128,1.902395,0.123236,0.179329,2,131.02452,scenario_000,short
4903,128,1.254357,0.060753,0.24034,0,133.615395,scenario_000,short
4904,128,8.728756,0.144338,0.250397,1,155.058384,scenario_000,medium
4905,128,2.297794,0.270399,0.381515,2,132.576056,scenario_000,short
4906,128,2.031173,0.573302,0.516291,0,134.745838,scenario_000,short
4907,128,12.590176,0.659104,1.0,0,174.676638,scenario_000,medium
4908,128,17.8585,0.217316,0.32564,2,154.796721,scenario_000,medium
4909,128,13.750552,0.480902,0.912642,2,149.85996,scenario_000,medium
4910,128,13.019615,0.243193,0.278976,1,153.540845,scenario_000,medium
4911,128,17.574005,0.195815,0.208938,1,165.2455,scenario_000,medium
4912,128,2.312379,0.84395,1.0,1,133.432666,scenario_000,short
4913,128,2.347422,0.807909,0.731157,0,138.547926,scenario_000,short
4914,128,1.765121,0.424595,0.300045,1,133.585721,scenario_000,short
4915,128,1.864824,0.174589,0.168208,2,130.77923,scenario_000,short
4916,128,7.975029,0.567283,0.490693,0,160.697393,scenario_000,medium
4917,128,1.601639,0.376546,0.345534,2,131.300561,scenario_000,short
4918,128,1.959927,0.303554,0.230969,0,134.807503,scenario_000,short
4919,128,2.031337,0.176657,0.239708,0,136.557982,scenario_000,short
4920,128,1.616217,0.218019,0.675206,1,131.563669,scenario_000,short
4921,128,2.092728,0.251255,0.804258,2,130.766121,scenario_000,short
4922,128,1.970314,0.111468,0.180285,1,131.949917,scenario_000,short
4923,128,6.918365,0.171085,0.281114,0,151.959554,scenario_000,medium
4924,128,1.498865,0.374177,0.585744,0,132.064506,scenario_000,short
4925,128,8.04855,0.614881,0.548912,0,150.582959,scenario_000,medium
4926,128,22.013413,0.594975,0.972245,0,211.667197,scenario_000,medium
4927,128,1.672895,0.285634,0.267622,0,132.335927,scenario_000,short
4928,128,12.779405,0.536241,1.0,0,181.31629,scenario_000,medium
4929,128,6.417721,0.514035,0.976186,0,154.467615,scenario_000,medium
4930,128,1.286745,0.273086,0.31696,1,131.889396,scenario_000,short
4931,128,1.440322,0.389691,0.782525,2,129.756949,scenario_000,short
4932,128,1.963408,0.168339,0.249348,1,133.886644,scenario_000,short
4933,128,22.980078,0.900484,0.926418,0,219.583987,scenario_000,long
4934,128,11.550389,0.584127,0.756416,0,166.937379,scenario_000,medium
4935,129,1.361342,0.178752,0.15323,2,131.385968,scenario_000,short
4936,129,2.11683,0.154246,0.268687,1,133.530045,scenario_000,short
4937,129,7.872746,0.288425,0.241804,0,162.898245,scenario_000,medium
4938,129,2.551777,0.755875,0.56537,1,134.623049,scenario_000,short
4939,129,2.119193,0.296879,0.638936,1,135.612909,scenario_000,short
4940,129,8.48245,0.700861,0.695859,2,143.014087,scenario_000,medium
4941,129,19.899309,0.434686,0.619442,2,169.28844,scenario_000,medium
4942,129,1.613386,0.73657,0.879191,0,136.276802,scenario_000,short
4943,129,2.232915,0.051496,0.264464,2,133.412285,scenario_000,short
4944,129,20.550891,0.636991,0.662012,1,166.324314,scenario_000,medium
4945,129,9.931016,0.136092,0.311909,2,145.000825,scenario_000,medium
4946,129,12.413091,0.72483,0.624878,0,181.139097,scenario_000,long
4947,129,6.552567,0.317826,0.366512,0,150.453615,scenario_000,medium
4948,129,8.831125,0.668946,0.517393,2,146.568722,scenario_000,medium
4949,129,1.454696,0.179389,0.548783,2,130.886275,scenario_000,short
4950,129,2.003485,0.611597,0.495034,2,132.572155,scenario_000,short
4951,129,2.075424,0.710822,0.663995,0,134.328222,scenario_000,short
4952,129,2.26684,0.219526,0.382891,1,134.893788,scenario_000,short
4953,129,2.133736,0.505042,0.930393,0,138.618826,scenario_000,short
4954,129,1.505568,0.073513,0.232009,1,132.537913,scenario_000,short
4955,129,1.786001,0.25403,0.252514,0,133.768992,scenario_000,short
4956,129,10.563823,0.390447,0.4748,1,155.675464,scenario_000,medium
4957,129,16.322251,0.15498,0.48362,0,199.041591,scenario_000,medium
4958,129,2.839542,0.287433,0.453303,0,140.292878,scenario_000,short
4959,129,1.769127,0.12787,0.106029,0,133.520245,scenario_000,short
4960,129,9.045704,0.544614,0.738957,2,144.306846,scenario_000,long
4961,129,1.744709,0.154871,0.343785,0,136.243011,scenario_000,short
4962,129,1.936426,0.467073,0.674475,2,132.854204,scenario_000,short
4963,129,15.106566,0.22821,0.596627,2,152.5239,scenario_000,medium
4964,129,10.495401,0.290077,0.46515,0,164.813415,scenario_000,medium
4965,129,1.72064,0.195249,0.251496,0,135.2452,scenario_000,short
4966,129,7.971029,0.572136,1.0,2,145.315804,scenario_000,medium
4967,130,1.918524,0.132229,0.404341,0,138.476943,scenario_000,short
4968,130,1.133289,0.158517,0.449985,0,133.4588,scenario_000,short
4969,130,7.532683,0.629432,0.751355,0,153.726936,scenario_000,medium
4970,130,12.832724,0.247912,0.346626,2,155.980514,scenario_000,medium
4971,130,29.610654,0.679926,0.463787,1,209.0095,scenario_000,long
4972,130,1.758286,0.100866,0.442646,2,133.010584,scenario_000,short
4973,130,1.777829,0.096846,0.496609,0,137.728055,scenario_000,short
4974,130,6.630626,0.389812,0.463729,2,141.321383,scenario_000,medium
4975,130,1.583074,0.079175,0.498574,0,135.776565,scenario_000,short
4976,130,1.41271,0.495781,0.501141,2,132.428589,scenario_000,short
4977,130,6.588015,1.0,1.0,0,152.576337,scenario_000,medium
4978,130,2.849341,0.145893,0.567282,2,133.744962,scenario_000,short
4979,130,1.498421,0.318842,0.27697,2,132.821733,scenario_000,short
4980,130,1.772217,0.532875,0.496638,1,134.102785,scenario_000,short
4981,130,20.439983,0.532763,0.855967,0,187.440482,scenario_000,long
4982,130,9.095618,0.682162,0.521493,0,169.020518,scenario_000,medium
4983,130,9.568298,0.740188,0.821443,1,151.097216,scenario_000,medium
4984,130,1.344801,0.372048,0.523602,0,135.390891,scenario_000,short
4985,130,17.157526,0.666055,0.900968,0,201.04792,scenario_000,medium
4986,130,1.370061,0.643509,0.818841,2,132.611804,scenario_000,short
4987,130,1.904317,0.446278,0.549652,1,134.143014,scenario_000,short
4988,130,18.681182,0.594036,0.419143,0,185.263998,scenario_000,medium
4989,130,1.683528,0.714086,1.0,0,137.297947,scenario_000,short
4990,130,1.5687,0.85147,0.838975,0,135.354938,scenario_000,short
4991,130,1.189317,0.084741,0.630846,0,134.505128,scenario_000,short
4992,130,10.446607,0.321137,0.340623,0,161.879681,scenario_000,medium
4993,131,17.030162,0.696205,0.698415,2,159.679745,scenario_000,long
4994,131,17.14096,0.90144,0.832575,0,203.669742,scenario_000,medium
4995,131,2.075171,0.655586,0.703169,2,133.770154,scenario_000,short
4996,131,5.454292,0.603637,0.425062,0,146.686791,scenario_000,medium
4997,131,1.264802,0.202065,0.480522,2,132.911148,scenario_000,short
4998,131,12.651923,0.493098,0.640167,0,163.558392,scenario_000,medium
4999,131,1.553782,0.398087,0.515099,1,135.737953,scenario_000,short
5000,131,1.960284,0.655194,0.456751,1,136.288299,scenario_000,short
5001,131,2.302537,0.053262,0.169581,2,134.171946,scenario_000,short
5002,131,1.593311,0.058345,0.216132,1,135.235008,scenario_000,short
5003,131,1.798475,0.388483,0.221225,0,138.818433,scenario_000,short
5004,131,32.138248,1.0,0.842445,2,185.281432,scenario_000,long
5005,131,6.166817,0.965346,0.828211,0,155.519663,scenario_000,medium
5006,131,14.024224,0.482436,0.869361,1,169.504582,scenario_000,medium
5007,131,9.752152,0.603858,0.54751,0,166.96169,scenario_000,medium
5008,131,0.967041,0.477686,0.67556,0,134.565127,scenario_000,short
5009,131,19.402732,0.381755,0.610815,0,181.397752,scenario_000,medium
5010,131,1.748841,0.697805,0.701922,2,133.193616,scenario_000,short
5011,131,1.795904,0.371074,0.72186,2,133.464053,scenario_000,short
5012,131,15.318375,0.410752,0.25801,2,150.615278,scenario_000,long
5013,131,1.332641,0.363638,0.279526,0,136.062719,scenario_000,short
5014,131,1.470306,0.506079,0.46795,2,133.885765,scenario_000,short
5015,131,12.389358,0.180166,0.197357,2,147.076775,scenario_000,medium
5016,131,17.143242,0.40528,0.785489,0,206.805591,scenario_000,medium
5017,131,11.117009,0.414974,0.596956,0,174.398287,scenario_000,medium
5018,131,1.561541,0.275439,0.353201,0,136.661119,scenario_000,short
5019,131,2.243368,0.168968,0.456625,0,137.981819,scenario_000,short
5020,131,1.665899,0.37456,0.713852,0,136.040194,scenario_000,short
5021,132,2.173701,0.385984,0.613689,0,138.572107,scenario_000,short
5022,132,1.215062,0.617739,0.671901,0,135.252012,scenario_000,short
5023,132,1.295346,0.071537,0.277717,0,136.917233,scenario_000,short
5024,132,9.763177,0.17123,0.311316,2,147.612303,scenario_000,medium
5025,132,1.582702,0.144232,0.431915,0,136.098219,scenario_000,short
5026,132,0.903926,0.072403,0.083109,0,134.662884,scenario_000,short
5027,132,8.733778,0.675706,0.817813,0,154.249151,scenario_000,medium
5028,132,1.710814,0.371184,0.476682,2,134.05454,scenario_000,short
5029,132,2.517598,0.22416,0.282709,0,138.606057,scenario_000,short
5030,132,2.570498,0.728673,0.744489,0,141.831545,scenario_000,short
5031,132,1.874183,0.273769,0.278185,0,137.957027,scenario_000,short
5032,132,11.166377,0.587049,0.46767,2,150.249675,scenario_000,medium
5033,132,11.403739,0.627403,0.687774,2,154.664346,scenario_000,long
5034,132,2.129296,0.529349,0.676295,2,134.971064,scenario_000,short
5035,132,1.613888,0.212092,0.338329,2,134.804732,scenario_000,short
5036,132,1.896112,0.236531,0.185287,0,137.167365,scenario_000,short
5037,132,16.089278,1.0,0.63432,1,164.354836,scenario_000,medium
5038,132,2.572219,0.649025,0.743531,2,135.064683,scenario_000,short
5039,132,18.122335,0.492307,0.551453,0,201.333539,scenario_000,medium
5040,132,11.065844,0.362107,0.549501,1,152.692853,scenario_000,medium
5041,132,18.447936,0.924583,1.0,2,168.839295,scenario_000,medium
5042,132,11.712077,0.64259,0.594833,2,151.335678,scenario_000,medium
5043,132,9.297213,0.664905,0.826068,1,160.605374,scenario_000,medium
5044,132,2.395723,0.455044,0.686727,1,139.383309,scenario_000,short
5045,132,1.961123,0.302067,0.35298,0,137.964748,scenario_000,short
5046,132,1.804728,0.537679,0.543522,1,136.072953,scenario_000,short
5047,132,2.173959,0.67694,0.458578,0,141.03295,scenario_000,short
5048,132,1.662619,0.735803,0.727106,1,136.479087,scenario_000,short
5049,132,2.582942,0.328485,0.491961,0,142.424026,scenario_000,short
5050,133,1.699109,0.217305,0.674261,2,135.059828,scenario_000,short
5051,133,1.384656,0.058155,0.08997,0,136.982636,scenario_000,short
5052,133,2.210791,0.196718,0.614534,2,136.812813,scenario_000,short
5053,133,1.323544,0.307206,0.835008,2,134.597653,scenario_000,short
5054,133,2.031312,0.214818,0.673522,1,137.551831,scenario_000,short
5055,133,16.938308,0.497878,0.605868,0,185.315022,scenario_000,medium
5056,133,11.843732,0.893664,1.0,2,149.620129,scenario_000,medium
5057,133,12.447123,0.497508,0.39125,1,168.072817,scenario_000,medium
5058,133,1.74661,0.415664,0.439015,2,135.992478,scenario_000,short
5059,133,16.161634,0.645409,0.944804,1,177.018856,scenario_000,long
5060,133,13.264305,0.406484,0.432004,0,191.388334,scenario_000,medium
5061,133,1.928176,0.358728,0.693743,1,136.90157,scenario_000,short
5062,133,32.770272,0.608792,0.610014,0,228.442197,scenario_000,medium
5063,133,1.800116,0.820537,0.520492,2,136.464406,scenario_000,short
5064,133,1.795165,0.293734,0.323204,0,138.532365,scenario_000,short
5065,133,2.703388,0.203706,0.651601,0,141.948717,scenario_000,short
5066,133,2.263684,0.182489,0.418835,2,136.64561,scenario_000,short
5067,133,5.593131,0.435859,0.485774,0,155.767662,scenario_000,medium
5068,133,1.642852,0.349842,0.279813,1,137.534888,scenario_000,short
5069,133,2.422458,0.558637,0.596092,0,139.612388,scenario_000,short
5070,133,1.33758,0.561101,0.45864,0,138.104702,scenario_000,short
5071,133,8.081622,0.289529,0.340368,0,165.925677,scenario_000,medium
5072,133,15.267792,0.137525,0.27774,2,160.717172,scenario_000,medium
5073,133,1.437783,0.092072,0.41285,1,136.702551,scenario_000,short
5074,134,13.259002,0.596808,0.679344,0,192.715735,scenario_000,medium
5075,134,2.342099,0.556297,0.556509,1,139.975992,scenario_000,short
5076,134,1.962549,0.104526,0.16947,1,138.184659,scenario_000,short
5077,134,8.879542,1.0,0.907673,1,158.813595,scenario_000,medium
5078,134,1.477151,0.122137,0.185124,2,136.134165,scenario_000,short
5079,134,1.711938,0.401365,0.749544,0,141.239177,scenario_000,short
5080,134,7.1496,0.899071,0.802022,2,147.219377,scenario_000,long
5081,134,1.737302,0.243293,0.69494,1,137.86314,scenario_000,short
5082,134,7.981235,0.610551,0.633026,2,144.750713,scenario_000,medium
5083,134,10.773038,0.51452,0.671543,2,155.681435,scenario_000,medium
5084,134,10.912097,0.640236,0.616473,2,150.510152,scenario_000,medium
5085,134,20.827915,0.704446,0.760102,0,189.596042,scenario_000,medium
5086,134,1.689999,0.158336,0.252465,1,137.105747,scenario_000,short
5087,134,1.959197,0.729895,1.0,2,137.090709,scenario_000,short
5088,134,1.717651,0.151077,0.516143,0,138.670012,scenario_000,short
5089,134,1.583993,0.646572,0.562449,1,137.36869,scenario_000,short
5090,134,1.418989,0.390607,0.321262,0,139.419521,scenario_000,short
5091,134,21.975347,0.959488,0.905653,0,205.284647,scenario_000,long
5092,134,1.913445,0.246598,0.327485,2,136.498147,scenario_000,short
5093,134,2.015775,0.447824,0.265122,1,138.472776,scenario_000,short
5094,134,9.275093,0.59829,0.688727,1,162.606808,scenario_000,medium
5095,134,2.962473,0.813269,1.0,0,142.698941,scenario_000,short
5096,134,11.458517,0.730074,0.708437,0,180.469367,scenario_000,medium
5097,134,1.696071,0.335489,0.281926,0,141.559365,scenario_000,short
5098,134,2.021595,0.207343,0.385136,0,140.342631,scenario_000,short
5099,135,2.211433,0.427658,0.29017,1,141.862615,scenario_000,short
5100,135,15.556346,0.864718,0.829252,0,184.564516,scenario_000,medium
5101,135,2.069357,0.7579,0.978192,1,140.109922,scenario_000,short
5102,135,2.533943,0.197913,0.276392,0,143.313881,scenario_000,short
5103,135,2.01407,0.171672,0.245462,2,137.452317,scenario_000,short
5104,135,1.484819,0.797544,1.0,2,136.929133,scenario_000,short
5105,135,7.927449,0.491194,0.337212,2,149.573213,scenario_000,medium
5106,135,7.968429,0.878982,0.8655,2,147.01607,scenario_000,medium
5107,135,2.007773,0.436789,0.917087,1,140.669945,scenario_000,short
5108,135,1.386614,0.484129,0.684604,0,138.691308,scenario_000,short
5109,135,20.595529,0.310449,0.469761,0,190.653071,scenario_000,medium
5110,135,1.189106,0.110242,0.21077,0,138.332964,scenario_000,short
5111,135,15.35823,1.0,0.797287,2,164.574634,scenario_000,long
5112,135,13.557087,0.161175,0.594947,0,179.470592,scenario_000,medium
5113,135,2.188282,0.367607,0.505015,2,138.822996,scenario_000,short
5114,135,1.337786,0.546635,0.544663,1,138.698408,scenario_000,short
5115,135,1.90086,0.621473,0.778652,2,138.472698,scenario_000,short
5116,135,1.727327,0.515591,0.347243,2,137.656987,scenario_000,short
5117,135,1.487114,0.157171,0.44152,2,137.764767,scenario_000,short
5118,135,9.758359,0.68077,0.668559,2,149.400071,scenario_000,medium
5119,135,1.970374,0.433354,0.952297,1,140.442724,scenario_000,short
5120,135,2.161053,0.214399,0.28788,2,138.759457,scenario_000,short
5121,135,1.664024,0.090908,0.080201,2,137.968056,scenario_000,short
5122,135,1.642562,0.255033,0.261996,2,137.57415,scenario_000,short
5123,135,1.10003,0.204294,0.255417,0,138.679612,scenario_000,short
5124,135,24.373485,0.876058,0.884682,2,179.480771,scenario_000,long
5125,135,1.478697,0.650111,0.448507,2,137.742329,scenario_000,short
5126,135,2.330127,0.485085,0.567408,2,138.04945,scenario_000,short
5127,135,2.332226,0.299727,0.505914,0,145.252423,scenario_000,short
5128,136,1.841688,0.435554,0.431395,1,140.007428,scenario_000,short
5129,136,1.699582,0.614367,0.981009,0,143.456213,scenario_000,short
5130,136,16.394175,0.925547,0.915872,0,208.02819,scenario_000,medium
5131,136,2.087518,0.140974,0.102921,1,140.790096,scenario_000,short
5132,136,1.847894,0.185609,0.352473,0,142.813188,scenario_000,short
5133,136,15.620763,0.955342,1.0,0,197.503302,scenario_000,medium
5134,136,25.928812,0.468157,0.629424,0,231.419935,scenario_000,medium
5135,136,1.634534,0.556186,0.356523,1,140.659761,scenario_000,short
5136,136,2.011913,0.544337,0.578466,2,138.887489,scenario_000,short
5137,136,2.463829,0.531888,0.424107,0,142.387988,scenario_000,short
5138,136,1.498816,0.829557,0.536598,0,140.557573,scenario_000,short
5139,136,1.448191,0.324212,0.754233,0,139.975477,scenario_000,short
5140,136,9.771653,0.521756,0.729543,2,150.213965,scenario_000,medium
5141,136,2.668234,0.345761,0.452632,2,141.270404,scenario_000,short
5142,136,13.198534,0.255079,0.284954,0,179.07903,scenario_000,medium
5143,136,2.599311,0.404642,0.511608,0,144.22744,scenario_000,short
5144,136,9.886822,0.934225,0.857795,0,169.731435,scenario_000,medium
5145,136,1.414219,0.318602,0.41272,0,140.934385,scenario_000,short
5146,136,8.535234,0.55683,0.416099,2,146.403141,scenario_000,medium
5147,136,1.21511,0.370371,0.608899,1,138.777259,scenario_000,short
5148,136,1.817802,0.704056,0.705803,0,141.574038,scenario_000,short
5149,136,2.217629,0.713196,0.605333,2,138.786981,scenario_000,short
5150,136,14.783062,0.868237,1.0,2,166.050694,scenario_000,medium
5151,136,10.84911,0.174891,0.501444,2,155.117397,scenario_000,medium
5152,136,2.063874,0.087688,0.242333,0,141.460067,scenario_000,short
5153,136,2.828168,0.294285,0.396206,0,146.100474,scenario_000,short
5154,136,1.688156,0.844008,0.89476,0,143.208877,scenario_000,short
5155,136,8.555614,0.833784,0.693793,1,161.434795,scenario_000,medium
5156,137,2.134632,0.240235,0.42656,0,143.76969,scenario_000,short
5157,137,2.354569,0.401077,0.476417,0,147.625321,scenario_000,short
5158,137,1.648323,0.327528,0.535962,2,140.137264,scenario_000,short
5159,137,2.32698,0.065662,0.349078,1,141.954985,scenario_000,short
5160,137,1.688499,0.12452,0.458613,0,144.278857,scenario_000,short
5161,137,9.119623,0.61926,0.486671,1,165.058969,scenario_000,medium
5162,137,1.886081,0.098566,0.543868,1,142.925335,scenario_000,short
5163,137,16.999668,0.585424,0.564198,0,208.096577,scenario_000,medium
5164,137,10.57244,0.321387,0.693357,0,166.714491,scenario_000,medium
5165,137,1.38097,0.325572,0.357391,0,140.979408,scenario_000,short
5166,137,12.839588,1.0,0.795445,1,163.60022,scenario_000,long
5167,137,1.951863,0.18795,0.686526,0,143.897335,scenario_000,short
5168,137,1.793951,0.104975,0.368213,2,139.0943,scenario_000,short
5169,137,15.020834,0.690483,0.529527,1,177.144324,scenario_000,medium
5170,137,2.101013,0.284167,0.307578,0,142.39349,scenario_000,short
5171,137,2.275249,0.649293,1.0,0,145.878616,scenario_000,short
5172,137,1.574405,0.458958,0.529313,1,140.917079,scenario_000,short
5173,137,1.890918,0.464221,0.457224,2,139.819128,scenario_000,short
5174,137,14.257979,0.261989,0.326628,2,157.528402,scenario_000,medium
5175,137,1.902658,0.516159,0.349314,2,139.269771,scenario_000,short
5176,137,1.164995,0.306044,0.513659,2,138.56075,scenario_000,short
5177,137,14.891578,0.265272,0.387133,2,157.45894,scenario_000,medium
5178,137,2.201797,0.154056,0.561759,0,146.095373,scenario_000,short
5179,137,1.846283,0.635299,0.736332,2,139.230876,scenario_000,short
5180,138,7.169723,0.71669,0.797965,1,154.385377,scenario_000,medium
5181,138,1.734371,0.483271,0.325249,2,140.115566,scenario_000,short
5182,138,2.265631,0.09811,0.436128,0,145.015978,scenario_000,short
5183,138,1.778093,0.539243,0.379502,0,145.984922,scenario_000,short
5184,138,1.696349,0.235891,0.244639,2,141.2349,scenario_000,short
5185,138,9.1048,0.571734,0.729551,0,171.02825,scenario_000,medium
5186,138,9.024829,0.207945,0.402375,1,164.781279,scenario_000,medium
5187,138,8.053729,0.809673,0.773339,2,151.044035,scenario_000,medium
5188,138,1.260669,0.868666,0.764804,2,139.539271,scenario_000,short
5189,138,1.259729,0.701839,0.598794,2,139.908662,scenario_000,short
5190,138,1.602156,0.23786,0.512855,0,143.947397,scenario_000,short
5191,138,2.342976,0.196575,0.320438,2,141.757553,scenario_000,short
5192,138,1.425159,0.166718,0.387106,0,142.704678,scenario_000,short
5193,138,1.838779,0.180116,0.189004,2,141.211852,scenario_000,short
5194,138,1.546726,0.289637,0.329707,2,140.283814,scenario_000,short
5195,138,2.204785,0.070291,0.601278,1,142.798567,scenario_000,short
5196,138,1.655453,0.272826,0.470852,2,140.521234,scenario_000,short
5197,138,2.436666,0.125971,0.324521,0,146.782238,scenario_000,short
5198,138,6.44482,0.270229,0.526102,2,149.469571,scenario_000,medium
5199,138,1.732674,0.207795,0.457716,0,143.97672,scenario_000,short
5200,138,17.001304,0.549092,0.401184,2,167.433593,scenario_000,medium
5201,138,1.616489,0.400918,0.436325,2,140.896182,scenario_000,short
5202,138,1.845234,0.705122,0.548071,2,141.552105,scenario_000,short
5203,138,1.343275,0.215231,0.593907,0,141.611671,scenario_000,short
5204,138,1.868202,0.558618,1.0,1,143.32136,scenario_000,short
5205,138,2.372978,0.355286,0.408257,1,145.175115,scenario_000,short
5206,138,1.711124,0.731086,0.896563,1,141.338672,scenario_000,short
5207,138,2.252256,0.612329,0.854694,0,146.508601,scenario_000,short
5208,138,1.800229,0.314712,0.464763,0,143.820216,scenario_000,short
5209,138,9.212614,0.880608,0.724856,0,174.93285,scenario_000,medium
5210,139,9.343168,0.664396,0.843666,0,163.174397,scenario_000,medium
5211,139,2.906012,0.354151,0.554617,1,145.121881,scenario_000,short
5212,139,10.329775,0.614991,0.933583,1,166.189002,scenario_000,long
5213,139,13.129333,0.534455,0.480741,0,196.855992,scenario_000,medium
5214,139,1.615109,0.571085,0.904928,0,144.57736,scenario_000,short
5215,139,1.792785,0.383884,0.570433,1,144.61349,scenario_000,short
5216,139,1.470076,0.301774,0.320672,2,141.470505,scenario_000,short
5217,139,1.740586,0.595027,0.615954,2,142.185664,scenario_000,short
5218,139,1.679427,0.232083,0.457326,0,145.731538,scenario_000,short
5219,139,15.415036,0.30388,0.414935,2,164.009124,scenario_000,long
5220,139,1.364901,0.800951,0.670096,2,140.782847,scenario_000,short
5221,139,2.538205,0.346791,0.398408,2,143.252356,scenario_000,short
5222,139,2.084991,0.821149,0.652833,2,142.499693,scenario_000,short
5223,139,18.417402,0.247293,0.101119,1,192.015272,scenario_000,medium
5224,139,1.631644,0.397555,0.298625,0,145.819985,scenario_000,short
5225,139,17.027526,0.199099,0.215587,2,168.866748,scenario_000,medium
5226,139,11.520514,0.643335,0.875789,0,188.782904,scenario_000,medium
5227,139,12.294109,0.710482,0.519325,0,189.121131,scenario_000,medium
5228,139,1.921708,0.125195,0.208182,0,144.316948,scenario_000,short
5229,139,15.22413,0.490974,0.62441,1,176.428548,scenario_000,medium
5230,139,1.399728,0.636452,0.58007,0,143.573882,scenario_000,short
5231,139,12.186952,0.56731,0.582256,0,191.276941,scenario_000,medium
5232,139,2.092438,0.258777,0.563808,0,144.877671,scenario_000,short
5233,139,1.82923,0.338884,0.494034,2,142.596432,scenario_000,short
5234,139,1.218341,0.114013,0.295396,1,142.420549,scenario_000,short
5235,139,6.603852,0.511753,0.730005,2,149.486622,scenario_000,medium
5236,139,1.725218,0.690905,0.568465,0,144.237047,scenario_000,short
5237,139,1.533948,0.58789,0.455536,2,140.826879,scenario_000,short
5238,139,11.894549,0.234767,0.418948,0,169.324108,scenario_000,medium
5239,139,2.561517,0.425175,0.336712,0,150.374336,scenario_000,short
5240,139,2.160585,0.065088,0.560612,0,147.896017,scenario_000,short
5241,139,1.640603,0.365184,0.267993,0,145.471444,scenario_000,short
5242,139,1.772854,0.396879,0.440006,2,142.638194,scenario_000,short
5243,139,11.072642,0.611241,0.550947,0,171.678883,scenario_000,medium
5244,140,2.027874,0.347859,0.200633,1,143.999953,scenario_000,short
5245,140,1.85898,0.368165,0.912052,0,146.273246,scenario_000,short
5246,140,16.016926,0.47001,0.529336,0,185.045329,scenario_000,medium
5247,140,1.290631,0.238212,0.296913,0,145.800754,scenario_000,short
5248,140,10.33956,0.42889,0.380069,0,178.546636,scenario_000,medium
5249,140,1.53157,0.413355,0.469864,1,142.903125,scenario_000,short
5250,140,1.751265,0.330712,0.49243,0,144.525211,scenario_000,short
5251,140,16.019764,0.2403,0.409585,0,193.065175,scenario_000,medium
5252,140,1.758341,0.147586,0.235748,2,143.095242,scenario_000,short
5253,140,23.307709,0.853994,0.612086,1,186.288378,scenario_000,long
5254,140,10.142229,0.126768,0.257035,0,170.150629,scenario_000,medium
5255,140,2.052399,0.516184,0.507271,1,144.175519,scenario_000,short
5256,140,1.666897,0.243402,0.288395,0,147.285529,scenario_000,short
5257,140,19.27235,0.193301,0.251386,2,173.758542,scenario_000,medium
5258,140,11.001432,0.480914,0.359527,1,162.432401,scenario_000,medium
5259,140,2.181216,0.286025,0.21415,2,144.066728,scenario_000,short
5260,140,2.174707,0.432591,0.651908,0,149.243516,scenario_000,short
5261,140,12.566742,0.477358,0.578532,2,158.20943,scenario_000,medium
5262,140,10.310799,0.134156,0.240993,1,160.142615,scenario_000,medium
5263,140,1.747645,0.657749,0.763979,2,143.109087,scenario_000,short
5264,140,11.126806,0.412436,0.405226,2,155.946042,scenario_000,medium
5265,140,14.651406,0.634267,0.491315,2,162.131346,scenario_000,medium
5266,140,8.374108,0.815108,0.934388,1,163.917319,scenario_000,medium
5267,140,1.569676,0.189448,0.363054,0,146.559895,scenario_000,short
5268,140,14.211383,0.487848,0.527007,1,168.086374,scenario_000,medium
5269,141,13.448722,1.0,1.0,0,188.253076,scenario_000,medium
5270,141,2.413792,0.552961,0.537757,0,147.674247,scenario_000,short
5271,141,2.190787,0.316916,0.662191,0,146.825704,scenario_000,short
5272,141,8.306894,0.520089,0.577427,2,155.273433,scenario_000,medium
5273,141,1.410612,0.443739,0.481372,0,147.329888,scenario_000,short
5274,141,1.73917,0.652561,0.497422,0,148.133772,scenario_000,short
5275,141,2.334346,0.659289,0.527915,0,151.089765,scenario_000,short
5276,141,1.603608,0.186251,0.56592,0,146.805737,scenario_000,short
5277,141,2.218905,0.443711,0.287538,0,147.489247,scenario_000,short
5278,141,1.567633,0.127565,0.200604,2,142.852111,scenario_000,short
5279,141,4.297522,0.425285,0.639469,0,160.058481,scenario_000,medium
5280,141,1.938741,0.683637,0.495614,1,145.122353,scenario_000,short
5281,141,6.488655,0.462787,0.628747,1,154.646212,scenario_000,medium
5282,141,1.468127,0.719226,0.615235,1,143.980665,scenario_000,short
5283,141,1.963503,0.196365,0.366276,0,146.766313,scenario_000,short
5284,141,16.896063,0.349811,0.379745,2,170.718158,scenario_000,medium
5285,141,1.665897,0.202354,0.458726,1,146.260149,scenario_000,short
5286,141,1.988277,0.756267,0.609968,0,149.235592,scenario_000,short
5287,141,1.809832,0.704581,0.552982,0,146.938742,scenario_000,short
5288,141,1.45754,0.380624,0.762212,2,142.799499,scenario_000,short
5289,141,16.983722,0.642941,0.608514,2,170.107821,scenario_000,medium
5290,141,1.73218,0.200511,0.343724,1,146.305878,scenario_000,short
5291,141,1.639189,0.81862,1.0,0,147.898515,scenario_000,short
5292,141,1.747235,0.207742,0.335277,1,146.17919,scenario_000,short
5293,142,9.001391,0.81089,0.618314,0,166.449707,scenario_000,medium
5294,142,1.51542,0.317091,0.80199,2,143.977112,scenario_000,short
5295,142,15.136221,0.823871,0.784506,0,184.373581,scenario_000,medium
5296,142,17.903473,0.48064,0.542493,1,179.525572,scenario_000,medium
5297,142,1.640776,0.672614,0.641584,0,146.727932,scenario_000,short
5298,142,1.785946,0.560184,0.962195,1,147.078692,scenario_000,short
5299,142,1.830171,0.702885,0.68802,0,148.074742,scenario_000,short
5300,142,2.01622,0.477571,0.616099,1,147.599403,scenario_000,short
5301,142,1.679072,0.418555,0.435222,1,145.118979,scenario_000,short
5302,142,2.111391,0.874267,0.706271,2,144.660625,scenario_000,short
5303,142,12.638374,0.646451,0.689839,2,159.481536,scenario_000,medium
5304,142,6.296674,0.137521,0.598791,2,151.575244,scenario_000,medium
5305,142,1.251625,0.298513,0.480902,0,146.785181,scenario_000,short
5306,142,15.937662,0.392584,0.777786,0,212.100162,scenario_000,medium
5307,142,1.891446,0.051308,0.542743,0,148.48096,scenario_000,short
5308,142,1.634472,0.650302,0.740929,2,144.014663,scenario_000,short
5309,142,14.135019,0.816283,0.782357,1,179.435888,scenario_000,medium
5310,142,0.948627,0.694574,0.543555,2,143.427652,scenario_000,short
5311,142,7.859332,0.936169,1.0,1,162.091295,scenario_000,medium
5312,142,12.196986,1.0,0.882347,0,194.892632,scenario_000,long
5313,142,1.928391,0.584024,0.556895,0,147.042118,scenario_000,short
5314,142,17.51415,0.534769,0.324091,2,163.065227,scenario_000,medium
5315,142,1.486151,0.154588,0.14558,1,146.192684,scenario_000,short
5316,142,13.887983,0.398265,0.434231,2,164.867083,scenario_000,medium
5317,142,1.941004,0.30824,0.514482,2,144.501011,scenario_000,short
5318,142,20.391767,1.0,0.739944,2,171.547322,scenario_000,medium
5319,142,1.464554,0.376649,0.795892,0,147.747171,scenario_000,short
5320,142,10.817933,0.687186,0.837089,0,189.021078,scenario_000,medium
5321,142,1.406016,0.64575,0.470896,0,145.728342,scenario_000,short
5322,142,1.693265,0.202293,0.234942,2,145.327358,scenario_000,short
5323,142,2.120682,0.787008,0.939184,0,147.811011,scenario_000,short
5324,142,11.745304,0.409374,0.545528,1,164.145212,scenario_000,medium
5325,142,18.959249,0.577597,0.844628,2,169.448879,scenario_000,medium
5326,142,1.765526,0.637488,0.629331,1,145.630402,scenario_000,short
5327,142,2.026097,0.439267,0.349862,0,150.128449,scenario_000,short
5328,142,8.1022,0.487934,0.908453,0,170.87622,scenario_000,medium
5329,142,1.471421,0.227004,0.098689,0,146.96462,scenario_000,short
5330,142,21.94581,0.37999,0.529412,1,210.075651,scenario_000,medium
5331,142,8.25942,0.520148,0.553301,0,164.65921,scenario_000,medium
5332,142,1.859008,0.518969,0.648078,0,146.825725,scenario_000,short
5333,142,2.456864,0.195786,0.355074,2,146.135749,scenario_000,short
5334,142,8.078379,0.717973,0.438746,2,154.707331,scenario_000,medium
5335,143,1.852933,0.144631,0.361009,0,150.694254,scenario_000,short
5336,143,13.204271,0.747492,0.586672,0,178.714675,scenario_000,medium
5337,143,16.557595,0.225757,0.616485,2,169.075715,scenario_000,medium
5338,143,2.262976,0.225995,0.347892,2,147.361915,scenario_000,short
5339,143,28.154635,0.630779,0.460286,0,240.140937,scenario_000,long
5340,143,2.626076,0.168413,0.273224,1,150.016562,scenario_000,short
5341,143,1.731174,0.553476,0.690681,2,146.147603,scenario_000,short
5342,143,1.896275,0.432913,0.52097,1,148.769373,scenario_000,short
5343,143,1.919941,0.308042,0.302134,0,149.933284,scenario_000,short
5344,143,9.689761,1.0,1.0,2,161.584508,scenario_000,medium
5345,143,1.590608,0.152745,0.363753,2,145.205145,scenario_000,short
5346,143,2.032936,0.25565,0.308769,0,150.705851,scenario_000,short
5347,143,1.271557,0.406733,0.396764,0,147.250537,scenario_000,short
5348,143,15.581769,0.618939,0.873301,0,198.42576,scenario_000,medium
5349,143,8.060989,0.716399,0.785094,0,167.213332,scenario_000,medium
5350,143,1.630503,0.5792,0.800518,0,147.307777,scenario_000,short
5351,143,10.686885,1.0,1.0,1,174.783334,scenario_000,medium
5352,143,1.531881,0.449083,0.443759,0,147.251109,scenario_000,short
5353,143,12.497528,0.768302,1.0,2,168.36259,scenario_000,medium
5354,143,1.533041,0.530098,0.478777,1,146.943151,scenario_000,short
5355,143,1.959197,0.552595,0.943553,0,149.207672,scenario_000,short
5356,143,2.387154,0.091362,0.312954,0,150.238627,scenario_000,short
5357,143,2.50962,0.422303,0.665951,1,150.85475,scenario_000,short
5358,143,1.407925,0.238982,0.44571,2,144.996949,scenario_000,short
5359,143,11.421071,0.593328,0.689322,2,162.793945,scenario_000,medium
5360,143,10.645243,0.498315,0.402435,0,186.84278,scenario_000,medium
5361,143,10.885232,0.478941,0.816107,0,190.06031,scenario_000,medium
5362,143,13.917797,0.540386,0.89288,2,160.744323,scenario_000,medium
5363,143,1.836117,0.372445,0.764337,2,145.660661,scenario_000,short
5364,143,1.591288,0.347758,0.582359,1,146.576965,scenario_000,short
5365,143,11.402143,0.365674,0.358334,2,156.361787,scenario_000,medium
5366,143,9.578522,0.713807,1.0,2,161.763995,scenario_000,medium
5367,143,29.804329,0.660337,0.705954,2,197.148088,scenario_000,long
5368,143,1.532663,0.246978,0.369343,1,147.271115,scenario_000,short
5369,143,7.971175,0.524696,0.507706,2,156.554589,scenario_000,medium
5370,143,1.847656,0.243554,0.54304,2,145.233281,scenario_000,short
5371,143,15.121236,0.210817,0.319962,0,182.23401,scenario_000,medium
5372,143,8.070478,1.0,0.812913,2,152.684556,scenario_000,medium
5373,143,1.76713,0.340529,0.284482,0,150.339882,scenario_000,short
5374,143,24.407148,0.818631,0.55912,1,201.470695,scenario_000,long
5375,143,1.513319,0.464857,0.614898,1,147.1857,scenario_000,short
5376,143,15.7145,0.717589,0.77964,1,180.512522,scenario_000,medium
5377,144,18.102362,0.151718,0.05,2,171.518688,scenario_000,medium
5378,144,1.531169,0.437228,0.525028,2,146.138072,scenario_000,short
5379,144,1.260037,0.576159,0.928271,1,147.027844,scenario_000,short
5380,144,13.412074,0.583439,0.95835,1,183.360268,scenario_000,medium
5381,144,2.271119,0.622407,0.52173,0,153.916157,scenario_000,short
5382,144,1.703352,0.188506,0.180747,2,146.818597,scenario_000,short
5383,144,1.343793,0.061895,0.305839,2,146.340247,scenario_000,short
5384,144,1.732447,0.367848,0.518286,2,146.680153,scenario_000,short
5385,144,2.618031,0.684215,0.5903,0,154.160615,scenario_000,short
5386,144,11.714405,0.221332,0.554464,1,174.850491,scenario_000,medium
5387,144,1.592805,0.387164,0.246647,1,146.881408,scenario_000,short
5388,144,1.822495,0.490468,0.434071,2,146.719907,scenario_000,short
5389,144,6.891695,0.685627,0.64363,0,169.74316,scenario_000,medium
5390,144,1.514656,0.315541,0.221865,2,146.048806,scenario_000,short
5391,144,8.582292,0.301403,0.271748,0,177.530629,scenario_000,medium
5392,144,1.891655,0.105863,0.223108,2,147.353014,scenario_000,short
5393,144,1.928204,0.410151,0.342993,0,149.007342,scenario_000,short
5394,144,12.475825,0.348512,0.781749,0,181.628328,scenario_000,medium
5395,144,11.31603,0.393351,0.480777,0,177.130686,scenario_000,medium
5396,144,24.670586,0.409422,0.376529,0,253.319173,scenario_000,long
5397,144,15.88338,0.599743,0.66549,0,211.556618,scenario_000,medium
5398,144,5.971297,0.367503,0.671528,1,161.330768,scenario_000,medium
5399,144,6.767039,0.261768,0.706858,0,168.096384,scenario_000,medium
5400,144,1.500241,0.055636,0.085532,0,148.358574,scenario_000,short
5401,144,2.091435,0.443531,0.524134,2,147.48688,scenario_000,short
5402,144,13.116931,0.564188,0.963745,0,200.023186,scenario_000,medium
5403,144,1.301535,0.607317,0.424901,0,147.630226,scenario_000,short
5404,144,15.89456,0.354958,0.385583,0,185.220532,scenario_000,medium
5405,144,1.572549,0.512912,0.744165,0,149.211306,scenario_000,short
5406,144,1.789237,0.628066,0.620279,0,149.35613,scenario_000,short
5407,144,10.010813,0.686283,0.566026,1,172.463213,scenario_000,medium
5408,144,13.263899,0.704715,1.0,0,192.821473,scenario_000,medium
5409,144,2.127844,0.249573,0.313493,0,152.918453,scenario_000,short
5410,145,1.46137,0.6127,0.661366,0,151.362694,scenario_000,short
5411,145,20.399109,0.128954,0.357138,2,178.823268,scenario_000,medium
5412,145,2.457464,0.428895,0.516152,0,153.30309,scenario_000,short
5413,145,1.612991,0.323896,0.392553,0,149.677251,scenario_000,short
5414,145,1.676089,0.316205,0.664707,2,148.430189,scenario_000,short
5415,145,1.365477,0.168615,0.311079,1,147.935229,scenario_000,short
5416,145,10.065152,0.46824,0.488905,2,156.716413,scenario_000,medium
5417,145,11.644471,0.564245,0.439079,2,159.102835,scenario_000,medium
5418,145,7.658863,0.688746,0.631626,2,156.653007,scenario_000,medium
5419,145,1.956127,0.056414,0.562851,1,150.125783,scenario_000,short
5420,145,2.266048,0.348808,0.568585,2,147.753741,scenario_000,short
5421,145,5.627456,0.797743,0.837388,0,168.742755,scenario_000,medium
5422,145,2.518245,0.2432,0.360804,2,149.196227,scenario_000,short
5423,145,2.003426,0.661506,0.514177,0,152.150328,scenario_000,short
5424,145,13.874319,0.814175,0.893459,2,164.409067,scenario_000,medium
5425,145,2.48121,0.635707,0.577091,0,154.522744,scenario_000,short
5426,145,1.706978,0.701533,0.608724,0,152.124502,scenario_000,short
5427,145,2.322247,0.707972,0.484183,0,153.647884,scenario_000,short
5428,145,14.088229,0.982039,0.68972,0,204.442639,scenario_000,medium
5429,145,2.624937,0.578843,0.591469,0,156.467481,scenario_000,short
5430,145,3.37654,0.285216,0.550843,0,155.591673,scenario_000,short
5431,145,30.995383,0.352717,0.548292,2,208.329037,scenario_000,long
5432,145,17.257612,0.584556,0.55385,0,193.647514,scenario_000,long
5433,145,1.929899,0.779707,0.696966,1,150.191274,scenario_000,short
5434,145,2.515266,0.355168,0.673624,0,155.660343,scenario_000,short
5435,145,1.866747,0.351097,0.477178,1,150.677206,scenario_000,short
5436,145,2.367029,0.502717,0.322233,2,149.076222,scenario_000,short
5437,145,1.737707,0.640023,1.0,0,151.274874,scenario_000,short
5438,145,2.387722,0.315785,0.274794,0,154.589501,scenario_000,short
5439,145,8.477073,0.351701,0.489672,1,166.678091,scenario_000,medium
5440,146,1.855433,0.145623,0.17328,0,154.279164,scenario_000,short
5441,146,1.7065,0.423002,0.260816,1,150.048447,scenario_000,short
5442,146,8.866128,0.626129,0.544616,0,182.822881,scenario_000,medium
5443,146,1.89932,0.613211,0.581841,2,148.750473,scenario_000,short
5444,146,21.452407,0.587862,0.861195,2,180.554039,scenario_000,medium
5445,146,1.784509,0.763874,0.840703,2,149.09607,scenario_000,short
5446,146,9.885686,0.729517,0.991854,1,170.21562,scenario_000,medium
5447,146,12.516491,0.84344,0.673016,1,183.604373,scenario_000,medium
5448,146,2.117428,0.298832,0.386742,2,150.195508,scenario_000,short
5449,146,1.929545,0.09519,0.186987,0,153.848682,scenario_000,short
5450,146,2.372113,0.626363,0.544545,0,155.265928,scenario_000,short
5451,146,1.215976,0.397158,0.626368,0,150.568657,scenario_000,short
5452,146,2.878724,0.24852,0.481553,2,150.574855,scenario_000,short
5453,146,2.2525,0.720237,0.851297,1,151.704322,scenario_000,short
5454,146,1.69709,0.359129,0.510293,1,150.039944,scenario_000,short
5455,146,2.388222,0.671604,0.568632,0,153.026314,scenario_000,short
5456,146,1.332872,0.561103,0.385262,0,149.882397,scenario_000,short
5457,146,4.199088,0.57809,0.546397,2,152.5587,scenario_000,medium
5458,146,2.132161,0.089217,0.266127,2,149.465643,scenario_000,short
5459,146,2.136998,0.328494,0.72273,2,149.631868,scenario_000,short
5460,146,11.032334,0.9828,0.781503,2,159.505049,scenario_000,medium
5461,146,16.132694,0.425785,0.406206,0,218.316342,scenario_000,medium
5462,146,8.715183,0.861829,1.0,0,178.157554,scenario_000,medium
5463,146,2.015389,0.345288,0.3499,0,153.260397,scenario_000,short
5464,146,1.666451,0.067171,0.341755,2,148.467932,scenario_000,short
5465,146,4.710986,0.596977,0.543054,0,166.160559,scenario_000,medium
5466,146,1.782317,0.402047,0.475292,1,149.836607,scenario_000,short
5467,146,10.215994,0.698976,0.636866,1,165.745594,scenario_000,medium
5468,147,14.314097,0.762545,0.77587,2,167.383976,scenario_000,medium
5469,147,1.628247,0.256361,0.27642,2,148.924192,scenario_000,short
5470,147,1.602569,0.632927,1.0,2,148.8618,scenario_000,short
5471,147,36.339361,0.872524,0.934938,2,195.735973,scenario_000,long
5472,147,1.813235,0.651004,0.837895,2,149.581247,scenario_000,short
5473,147,1.803931,0.373403,0.40267,0,154.439217,scenario_000,short
5474,147,10.426414,0.800394,0.88767,0,193.343845,scenario_000,medium
5475,147,1.177718,0.067674,0.563611,2,149.056829,scenario_000,short
5476,147,1.858329,0.388846,0.443675,1,151.561372,scenario_000,short
5477,147,2.231133,0.507485,0.840374,2,151.198499,scenario_000,short
5478,147,9.898949,0.177284,0.608622,0,185.947933,scenario_000,medium
5479,147,2.00571,0.431216,0.754162,0,152.941244,scenario_000,short
5480,147,1.067413,0.317667,0.316116,0,151.552406,scenario_000,short
5481,147,22.893236,0.782959,1.0,0,219.339115,scenario_000,long
5482,147,1.821297,0.071914,0.338176,0,155.000184,scenario_000,short
5483,147,12.606477,0.716953,0.879765,1,183.43204,scenario_000,medium
5484,147,1.014593,0.494518,0.338415,0,151.218038,scenario_000,short
5485,147,9.474904,0.191339,0.109904,1,168.771828,scenario_000,medium
5486,147,13.042591,0.492517,0.454353,2,165.588935,scenario_000,medium
5487,147,1.379717,0.490973,0.861027,0,153.022143,scenario_000,short
5488,147,1.600906,0.377038,0.405407,0,151.897592,scenario_000,short
5489,147,1.715116,0.395585,0.54787,1,151.250342,scenario_000,short
5490,147,1.7248,0.731185,0.857147,0,153.46722,scenario_000,short
5491,147,12.537866,0.369328,0.451026,0,190.332094,scenario_000,medium
5492,147,10.312561,1.0,1.0,0,189.096106,scenario_000,medium
5493,147,6.996408,0.313897,0.739725,0,168.084409,scenario_000,medium
5494,147,1.418032,0.426988,0.968761,1,150.505088,scenario_000,short
5495,147,1.5258,0.362402,0.542626,0,151.190407,scenario_000,short
5496,148,8.422717,0.581302,0.879522,0,182.74991,scenario_000,medium
5497,148,13.475493,0.162652,0.3153,0,186.847938,scenario_000,medium
5498,148,2.173251,0.309584,0.396459,0,156.911464,scenario_000,short
5499,148,1.680366,0.60703,0.580318,2,150.497012,scenario_000,short
5500,148,2.580868,0.733052,1.0,2,151.379216,scenario_000,short
5501,148,18.167047,0.170687,0.162259,0,211.608086,scenario_000,medium
5502,148,16.280904,0.321629,0.365465,0,193.252205,scenario_000,medium
5503,148,1.664677,0.346527,0.237987,0,153.164388,scenario_000,short
5504,148,16.902768,0.701087,0.857656,1,200.37474,scenario_000,medium
5505,148,1.215197,0.459373,0.605143,2,149.530694,scenario_000,short
5506,148,8.472488,0.672946,0.894154,2,159.856791,scenario_000,medium
5507,148,1.283801,0.290922,0.287346,0,152.747426,scenario_000,short
5508,148,1.832309,0.566462,0.699538,0,153.438925,scenario_000,short
5509,148,15.030558,0.551896,0.448754,0,188.63123,scenario_000,medium
5510,148,14.277084,0.535794,0.349116,0,186.683609,scenario_000,medium
5511,148,7.362076,0.603233,0.715258,2,162.30784,scenario_000,medium
5512,148,2.154221,0.141553,0.273329,1,154.698113,scenario_000,short
5513,148,1.749528,0.339922,0.364576,0,155.639282,scenario_000,short
5514,148,2.214908,0.176878,0.246506,2,151.951001,scenario_000,short
5515,149,2.076805,0.480735,0.506796,1,153.899699,scenario_000,short
5516,149,1.512072,0.17621,0.467605,0,154.019076,scenario_000,short
5517,149,8.596976,0.989688,1.0,1,172.431706,scenario_000,medium
5518,149,12.226289,0.59179,0.422317,2,171.33089,scenario_000,medium
5519,149,11.836984,0.332422,0.52048,0,188.790124,scenario_000,medium
5520,149,11.641369,0.688754,0.877167,0,197.837594,scenario_000,medium
5521,149,1.727914,0.354786,0.63313,0,156.28136,scenario_000,short
5522,149,1.803461,0.348661,0.406891,1,153.155353,scenario_000,short
5523,149,26.23994,0.575728,0.824025,0,260.993707,scenario_000,long
5524,149,9.409019,0.672494,0.690771,1,167.043,scenario_000,medium
5525,149,11.444144,0.188198,0.48302,0,180.86847,scenario_000,medium
5526,149,1.893537,0.333644,0.162552,1,154.448005,scenario_000,short
5527,149,3.309109,0.295439,0.300506,1,155.668767,scenario_000,short
5528,149,8.603819,0.723368,1.0,1,169.000058,scenario_000,medium
5529,149,1.836131,0.349031,0.449429,0,156.534948,scenario_000,short
5530,149,2.542123,0.174338,0.292819,0,156.799894,scenario_000,short
5531,149,2.240162,0.199712,0.242029,0,155.091429,scenario_000,short
5532,149,12.97247,0.235356,0.440249,0,200.786284,scenario_000,medium
5533,149,0.927582,0.237546,0.111692,1,151.240998,scenario_000,short
5534,149,10.427616,0.656386,0.454218,1,174.09098,scenario_000,long
5535,149,1.552574,0.414698,0.58941,2,150.959579,scenario_000,short
5536,149,1.85118,0.382691,0.371069,0,156.37735,scenario_000,short
5537,149,13.021615,1.0,1.0,2,169.71113,scenario_000,medium
5538,149,1.80337,0.440637,0.47885,2,152.111361,scenario_000,short
5539,150,1.933316,0.48348,0.580759,2,152.293129,scenario_000,short
5540,150,2.301064,0.056155,0.119572,2,154.3189,scenario_000,short
5541,150,1.622683,0.153311,0.265496,1,153.446267,scenario_000,short
5542,150,1.781748,0.173327,0.36527,0,155.895028,scenario_000,short
5543,150,2.07236,0.316087,0.740266,1,154.057945,scenario_000,short
5544,150,1.427878,0.780452,0.751639,1,153.021229,scenario_000,short
5545,150,1.600965,0.5058,0.525439,0,156.030531,scenario_000,short
5546,150,2.036024,0.101019,0.239928,1,154.420925,scenario_000,short
5547,150,1.503021,0.605483,0.725918,0,154.72741,scenario_000,short
5548,150,21.098541,0.814309,1.0,0,229.700431,scenario_000,medium
5549,150,14.065275,0.678285,0.596299,0,207.073399,scenario_000,medium
5550,150,1.32587,0.45007,0.534339,2,151.948293,scenario_000,short
5551,150,1.467044,0.274994,0.385374,0,155.718869,scenario_000,short
5552,150,8.155861,0.5104,0.429809,2,161.608264,scenario_000,medium
5553,150,12.808108,1.0,0.925146,0,183.758852,scenario_000,long
5554,150,9.294223,0.604395,0.575442,0,183.974962,scenario_000,medium
5555,150,1.704515,0.657899,0.504081,1,154.409262,scenario_000,short
5556,150,30.101767,0.299115,0.555347,0,269.001896,scenario_000,long
5557,150,1.943867,0.428003,0.457816,2,153.638987,scenario_000,short
5558,150,1.121307,0.427668,0.819796,2,151.536302,scenario_000,short
5559,150,2.305596,0.344588,0.479101,2,154.577608,scenario_000,short
5560,150,1.810082,0.090049,0.285965,2,153.113427,scenario_000,short
5561,150,11.135686,0.300564,0.42912,0,181.13453,scenario_000,medium
5562,150,1.642782,0.170931,0.496339,1,153.478765,scenario_000,short
5563,150,1.980873,0.079365,0.233124,1,154.119792,scenario_000,short
5564,150,2.345011,0.347725,0.687364,1,154.783414,scenario_000,short
5565,150,15.96676,0.124061,0.302294,2,168.915067,scenario_000,medium
5566,151,8.325911,0.661612,0.940609,0,184.236239,scenario_000,medium
5567,151,14.579611,0.542464,0.561833,2,178.1503,scenario_000,medium
5568,151,3.008137,0.091662,0.29809,2,154.948125,scenario_000,short
5569,151,18.441358,0.90405,0.892864,0,208.24252,scenario_000,medium
5570,151,21.18696,0.125524,0.405769,1,208.43735,scenario_000,medium
5571,151,1.68337,0.108391,0.588421,2,153.265544,scenario_000,short
5572,151,2.075076,0.402443,0.367531,0,160.074855,scenario_000,short
5573,151,2.212294,0.652031,0.495716,2,154.311052,scenario_000,short
5574,151,1.706326,0.071229,0.218809,2,154.279156,scenario_000,short
5575,151,1.681952,0.54834,0.779789,1,154.468803,scenario_000,short
5576,151,13.504535,0.941291,1.0,1,178.2653,scenario_000,medium
5577,151,1.855446,0.058102,0.759036,0,155.719237,scenario_000,short
5578,151,20.213415,1.0,0.788612,0,214.329294,scenario_000,long
5579,151,30.099453,0.872776,0.900656,1,238.47915,scenario_000,long
5580,151,25.390789,0.625013,0.981339,0,255.865523,scenario_000,long
5581,151,14.367887,0.584088,0.486583,0,189.394995,scenario_000,medium
5582,151,1.554262,0.368203,0.384108,0,157.463238,scenario_000,short
5583,151,13.43724,0.705355,0.585191,2,177.057248,scenario_000,medium
5584,151,11.173454,0.576245,0.682914,0,194.9257,scenario_000,medium
5585,151,14.510274,0.494017,0.345725,0,213.707679,scenario_000,medium
5586,151,2.089765,0.860476,1.0,0,158.585206,scenario_000,short
5587,151,20.117878,0.88067,0.829831,0,222.375877,scenario_000,medium
5588,151,2.251595,0.559545,0.502044,0,159.585166,scenario_000,short
5589,151,8.808527,0.426604,0.48874,2,164.722345,scenario_000,medium
5590,151,2.301915,0.491791,0.458835,1,157.184093,scenario_000,short
5591,151,10.745311,0.989667,1.0,0,190.48717,scenario_000,medium
5592,151,1.366822,0.436754,0.625282,2,153.369433,scenario_000,short
5593,151,1.633362,0.182003,0.60753,2,154.008983,scenario_000,short
5594,151,1.568654,0.519096,0.699325,2,153.701404,scenario_000,short
5595,151,2.176236,0.407649,0.542012,2,154.915656,scenario_000,short
5596,151,6.859112,0.269855,0.312917,0,171.217297,scenario_000,medium
5597,151,2.20173,0.36629,0.55835,0,158.307733,scenario_000,short
5598,151,13.469469,0.931017,0.836423,1,177.664043,scenario_000,long
5599,151,12.096844,0.463288,0.426763,0,182.978117,scenario_000,medium
5600,151,1.678338,0.233891,0.309518,0,158.004305,scenario_000,short
5601,151,1.97896,0.332268,0.344444,2,154.420974,scenario_000,short
5602,152,1.726962,0.683538,0.491071,2,154.147564,scenario_000,short
5603,152,1.493093,0.381771,0.975814,0,157.084286,scenario_000,short
5604,152,1.63955,0.272756,0.165916,0,157.31261,scenario_000,short
5605,152,1.980309,0.073842,0.112499,2,155.894158,scenario_000,short
5606,152,2.084849,0.095666,0.538426,0,159.209748,scenario_000,short
5607,152,2.047636,0.314119,0.330468,2,155.155743,scenario_000,short
5608,152,1.862514,0.055481,0.179639,0,157.623426,scenario_000,short
5609,152,2.027825,0.238428,0.394722,1,157.918254,scenario_000,short
5610,152,7.445752,0.558472,0.88756,2,166.620349,scenario_000,medium
5611,152,13.355913,0.661442,0.688889,0,202.96871,scenario_000,medium
5612,152,1.775544,0.633781,0.433698,2,155.449408,scenario_000,short
5613,152,1.550135,0.091379,0.148888,0,158.813252,scenario_000,short
5614,152,12.142364,0.909643,0.828571,1,174.131144,scenario_000,medium
5615,152,1.903977,0.061577,0.239484,1,156.00598,scenario_000,short
5616,152,12.491056,0.969988,0.738667,2,173.726446,scenario_000,medium
5617,152,2.260424,0.416148,0.668692,0,160.539968,scenario_000,short
5618,152,1.885078,0.420612,0.339799,0,159.571763,scenario_000,short
5619,152,8.616074,0.451138,0.672953,2,164.95263,scenario_000,medium
5620,152,0.870895,0.42954,0.703113,0,154.305278,scenario_000,short
5621,152,27.393732,0.48086,0.4096,2,188.190388,scenario_000,long
5622,152,2.394042,0.791009,0.647399,0,159.75417,scenario_000,short
5623,152,2.065333,0.187723,0.400777,0,158.485382,scenario_000,short
5624,152,1.997209,0.063729,0.346945,1,157.727458,scenario_000,short
5625,152,1.595986,0.515295,0.771467,0,157.736464,scenario_000,short
5626,152,1.845286,0.440949,0.598358,1,156.405093,scenario_000,short
5627,152,1.760977,0.628397,0.529289,0,157.725716,scenario_000,short
5628,152,13.0624,0.259336,0.445165,0,187.511955,scenario_000,medium
5629,152,2.051707,0.121577,0.4361,0,160.797339,scenario_000,short
5630,152,12.474143,0.24056,0.436941,2,177.640818,scenario_000,medium
5631,152,1.435152,0.506308,0.678576,0,156.223776,scenario_000,short
5632,152,2.380918,0.23637,0.60321,2,155.297033,scenario_000,short
5633,152,1.46872,0.137324,0.380874,1,154.715339,scenario_000,short
5634,152,1.741879,0.396044,0.446419,2,154.608665,scenario_000,short
5635,152,1.759674,0.409294,0.274739,0,158.136538,scenario_000,short
5636,152,7.569613,0.56671,0.577667,2,163.248588,scenario_000,medium
5637,152,1.905817,0.352913,0.445163,0,157.141467,scenario_000,short
5638,152,6.914681,0.412781,0.86263,0,170.948321,scenario_000,medium
5639,152,9.773587,0.637882,0.556696,2,163.649169,scenario_000,medium
5640,152,11.058659,0.267804,0.544414,2,169.439288,scenario_000,medium
5641,152,1.385592,0.346162,0.346023,1,155.037251,scenario_000,short
5642,152,11.93592,0.89447,1.0,0,205.214396,scenario_000,medium
5643,152,19.419199,0.644237,0.628455,2,184.590892,scenario_000,medium
5644,152,6.327545,0.349832,0.352449,2,164.669022,scenario_000,medium
5645,152,14.049331,0.705413,0.861444,0,202.603875,scenario_000,medium
5646,153,14.874923,0.121132,0.373407,2,182.110788,scenario_000,medium
5647,153,13.27782,0.478066,0.815802,0,210.797717,scenario_000,medium
5648,153,2.037385,0.533348,0.798626,1,159.440594,scenario_000,short
5649,153,1.50918,0.434023,0.725555,0,157.523734,scenario_000,short
5650,153,12.764963,0.303154,0.689071,2,177.638225,scenario_000,medium
5651,153,19.375202,0.606714,0.646958,2,188.94385,scenario_000,medium
5652,153,2.072698,0.301181,0.457708,0,158.867486,scenario_000,short
5653,153,2.0189,0.499416,0.357027,2,155.705643,scenario_000,short
5654,153,1.195338,0.269631,0.722489,2,154.656137,scenario_000,short
5655,153,1.563545,0.480718,0.724299,2,156.180998,scenario_000,short
5656,153,13.183718,0.30474,0.345918,0,191.638592,scenario_000,medium
5657,153,1.851858,0.092567,0.097857,0,159.874843,scenario_000,short
5658,153,1.356883,0.353201,0.529739,0,157.659552,scenario_000,short
5659,153,18.313186,0.266993,0.559755,0,232.514815,scenario_000,medium
5660,153,1.761649,0.335219,0.720852,2,156.467899,scenario_000,short
5661,153,2.068183,0.370733,0.330786,1,157.110994,scenario_000,short
5662,153,8.175038,0.2615,0.409073,0,175.091338,scenario_000,medium
5663,153,1.486645,0.07668,0.097066,2,155.907648,scenario_000,short
5664,153,12.14826,1.0,0.843474,0,191.054521,scenario_000,medium
5665,153,6.426076,0.793116,0.833223,0,181.643902,scenario_000,medium
5666,153,1.713187,0.117139,0.381067,1,156.566482,scenario_000,short
5667,153,12.252464,0.355679,0.612839,0,192.008523,scenario_000,medium
5668,153,1.419979,0.326842,0.334029,2,155.170447,scenario_000,short
5669,153,2.324198,0.65232,0.565361,0,159.505646,scenario_000,short
5670,153,1.671715,0.29797,0.381223,0,159.192049,scenario_000,short
5671,153,1.818134,0.432007,0.456235,0,158.078084,scenario_000,short
5672,153,1.569944,0.473503,0.598387,0,157.59823,scenario_000,short
5673,153,13.545722,0.616469,1.0,1,184.315811,scenario_000,medium
5674,153,1.612904,0.374482,0.733129,2,155.960807,scenario_000,short
5675,153,9.301202,0.845385,1.0,2,169.973629,scenario_000,medium
5676,153,1.984476,0.50789,0.538986,2,156.948565,scenario_000,short
5677,153,1.420655,0.330953,0.41678,0,158.594935,scenario_000,short
5678,153,5.611747,0.504492,0.558602,1,168.397278,scenario_000,medium
5679,154,1.421164,0.1408,0.296344,2,155.876105,scenario_000,short
5680,154,13.305048,0.773567,1.0,0,203.3808,scenario_000,medium
5681,154,1.401085,0.679243,0.724919,1,157.172989,scenario_000,short
5682,154,2.871775,0.384127,0.671648,1,162.408645,scenario_000,short
5683,154,19.976715,0.604059,0.553487,1,214.898752,scenario_000,medium
5684,154,1.928913,0.3303,0.235217,0,161.900506,scenario_000,short
5685,154,6.532487,0.54651,0.465824,0,182.087373,scenario_000,medium
5686,154,16.106241,0.361474,0.486832,1,183.046054,scenario_000,medium
5687,154,2.035731,0.552389,0.506392,0,162.751291,scenario_000,short
5688,154,1.693277,0.581275,0.905353,0,161.398927,scenario_000,short
5689,154,2.09354,0.580339,0.798291,0,161.488747,scenario_000,short
5690,154,9.243163,0.308338,0.567007,1,182.227627,scenario_000,medium
5691,154,15.336694,0.581572,0.651536,2,185.437086,scenario_000,medium
5692,154,1.478059,0.545879,0.635956,2,155.750007,scenario_000,short
5693,154,1.692058,0.280244,0.329008,0,159.838851,scenario_000,short
5694,154,1.644093,0.438791,0.733992,1,157.137366,scenario_000,short
5695,154,10.267978,0.92238,1.0,0,190.19392,scenario_000,medium
5696,154,1.370525,0.282827,0.677283,2,155.901609,scenario_000,short
5697,154,1.815274,0.411073,0.493784,2,156.729355,scenario_000,short
5698,154,1.273934,0.384128,0.267116,0,159.322299,scenario_000,short
5699,154,12.314351,0.378977,0.452007,1,184.069649,scenario_000,long
5700,154,1.793584,0.378723,0.519842,2,157.432512,scenario_000,short
5701,154,1.746585,0.357173,0.61145,2,156.194451,scenario_000,short
5702,154,21.540512,0.863682,0.564715,1,210.20072,scenario_000,long
5703,154,1.854497,0.500105,0.581341,1,158.520781,scenario_000,short
5704,154,1.334779,0.568697,0.540457,2,155.952645,scenario_000,short
5705,154,1.336431,0.19439,0.159737,1,157.483903,scenario_000,short
5706,154,1.344984,0.817645,1.0,1,158.1273,scenario_000,short
5707,154,9.80592,0.607642,0.758816,0,185.930047,scenario_000,medium
5708,154,2.241274,0.539344,1.0,0,161.301515,scenario_000,short
5709,154,5.98746,0.14739,0.184651,0,181.004758,scenario_000,medium
5710,154,12.376057,0.402298,0.697716,0,186.959034,scenario_000,medium
5711,154,21.315065,0.725707,1.0,0,229.611465,scenario_000,medium
5712,154,1.529235,0.797634,0.719783,0,159.303283,scenario_000,short
5713,155,1.798121,0.425877,0.778768,2,158.44658,scenario_000,short
5714,155,1.953159,0.606189,0.59163,2,157.88721,scenario_000,short
5715,155,2.507002,0.523569,0.698934,2,159.332607,scenario_000,short
5716,155,10.359733,0.339187,0.508569,0,198.216274,scenario_000,medium
5717,155,2.155846,0.596255,0.868873,0,162.873718,scenario_000,short
5718,155,2.451196,0.300538,0.257868,1,161.723679,scenario_000,short
5719,155,2.101613,0.178786,0.27068,2,157.563231,scenario_000,short
5720,155,10.506192,0.590281,0.56174,2,173.30965,scenario_000,medium
5721,155,1.839481,0.3047,0.612372,1,159.837197,scenario_000,short
5722,155,1.317776,0.441336,0.584747,0,158.784087,scenario_000,short
5723,155,10.33755,0.336692,0.33797,0,193.981563,scenario_000,medium
5724,155,2.725792,0.499435,0.395565,1,162.333854,scenario_000,short
5725,155,2.478479,0.368843,0.551344,0,166.143811,scenario_000,short
5726,155,2.027461,0.854861,0.666933,0,163.973241,scenario_000,short
5727,155,1.053809,0.443689,0.353272,2,156.499131,scenario_000,short
5728,155,1.471112,0.593452,0.491929,2,156.916693,scenario_000,short
5729,155,8.464349,0.387543,0.571587,1,180.154768,scenario_000,medium
5730,155,11.697653,0.663673,0.710591,1,184.843419,scenario_000,medium
5731,155,2.049438,0.488014,0.880008,1,160.765024,scenario_000,short
5732,155,1.602287,0.139664,0.20659,2,157.278938,scenario_000,short
5733,155,12.429756,0.905589,1.0,0,199.953414,scenario_000,medium
5734,155,1.30134,0.41973,0.337369,0,158.519075,scenario_000,short
5735,155,12.923037,0.239034,0.289879,1,195.456234,scenario_000,medium
5736,155,1.452682,0.101547,0.314308,2,157.991386,scenario_000,short
5737,155,9.656133,0.142432,0.383801,1,177.146678,scenario_000,medium
5738,155,1.934033,0.07829,0.231703,0,163.182936,scenario_000,short
5739,156,17.042325,1.0,1.0,2,188.64222,scenario_000,medium
5740,156,1.826232,0.391392,0.31533,2,158.739102,scenario_000,short
5741,156,2.679812,0.414299,0.503115,1,162.358279,scenario_000,short
5742,156,2.898143,0.121105,0.320373,2,159.597566,scenario_000,short
5743,156,1.830979,0.482254,0.631647,2,159.196742,scenario_000,short
5744,156,1.414592,0.739707,0.673672,2,158.83463,scenario_000,short
5745,156,1.3992,0.354744,0.587175,1,159.681332,scenario_000,short
5746,156,12.5742,0.694691,1.0,0,189.762924,scenario_000,medium
5747,156,1.6079,0.436466,0.514535,1,159.726643,scenario_000,short
5748,156,1.285154,0.312743,0.211466,0,160.070785,scenario_000,short
5749,156,1.86992,0.726135,0.63187,2,159.631775,scenario_000,short
5750,156,14.323558,0.958011,0.886014,1,181.967814,scenario_000,medium
5751,156,1.911433,0.330604,0.343597,0,162.452642,scenario_000,short
5752,156,13.666989,0.612203,0.863995,0,214.052885,scenario_000,medium
5753,156,2.107925,0.38449,0.47632,2,159.260202,scenario_000,short
5754,156,20.849643,0.993973,0.826245,1,216.871685,scenario_000,long
5755,156,12.731716,0.715976,0.92348,0,191.332709,scenario_000,medium
5756,156,2.385899,0.21166,0.25414,0,165.187755,scenario_000,short
5757,156,1.401468,0.434955,0.835395,0,160.76173,scenario_000,short
5758,156,4.865464,0.192285,0.225485,0,171.906259,scenario_000,medium
5759,156,2.487505,0.394514,0.467346,0,163.039581,scenario_000,short
5760,156,2.206824,0.204456,0.411523,0,162.095094,scenario_000,short
5761,156,1.894839,0.315417,0.697376,0,162.697495,scenario_000,short
5762,156,1.293355,0.343622,0.945102,1,159.415047,scenario_000,short
5763,156,2.330563,0.408157,0.725874,0,164.512013,scenario_000,short
5764,156,1.567465,0.294782,0.788091,2,158.097301,scenario_000,short
5765,156,1.700273,0.263993,0.439027,0,161.341804,scenario_000,short
5766,156,14.368025,0.644201,0.618913,2,182.889677,scenario_000,medium
5767,156,1.358796,0.125818,0.509995,1,159.468761,scenario_000,short
5768,156,8.814848,0.88478,1.0,1,178.685906,scenario_000,medium
5769,156,15.611417,0.187283,0.428817,1,185.552769,scenario_000,medium
5770,156,1.210441,0.140573,0.091292,1,159.382361,scenario_000,short
5771,156,47.343447,0.98642,0.761527,0,304.171773,scenario_000,long
5772,156,13.390391,0.686273,0.497307,2,173.98656,scenario_000,medium
5773,157,1.921125,0.692714,0.496908,2,160.892712,scenario_000,short
5774,157,2.045882,0.227915,0.244513,2,160.35317,scenario_000,short
5775,157,1.907966,0.116337,0.457493,1,161.567879,scenario_000,short
5776,157,1.918845,0.499217,0.625452,0,162.431494,scenario_000,short
5777,157,8.646486,0.812639,0.709058,2,172.179821,scenario_000,medium
5778,157,13.868067,0.952218,0.770344,0,211.936211,scenario_000,medium
5779,157,7.719973,0.515137,0.284076,0,189.877798,scenario_000,medium
5780,157,1.449564,0.119029,0.397937,1,159.788994,scenario_000,short
5781,157,1.708552,0.524488,0.862358,2,159.636675,scenario_000,short
5782,157,2.014619,0.320192,0.499791,1,161.725309,scenario_000,short
5783,157,1.898451,0.13134,0.05,2,160.796828,scenario_000,short
5784,157,1.66382,0.642936,0.861296,2,159.346536,scenario_000,short
5785,157,13.608391,0.521011,0.381866,2,174.987174,scenario_000,medium
5786,157,1.816056,0.696166,0.564084,2,160.07834,scenario_000,short
5787,157,1.963351,0.16067,0.638732,2,160.237886,scenario_000,short
5788,157,1.999944,0.38637,0.571714,0,166.011677,scenario_000,short
5789,157,1.706905,0.782087,0.949881,1,162.307114,scenario_000,short
5790,157,20.131225,0.545618,0.625258,0,247.566961,scenario_000,long
5791,157,9.391309,0.711518,0.640253,1,182.303674,scenario_000,medium
5792,157,7.23422,1.0,0.803742,2,167.69477,scenario_000,medium
5793,157,10.735082,0.392726,0.532199,1,190.989419,scenario_000,medium
5794,157,17.689306,0.814464,0.739349,0,210.957577,scenario_000,medium
5795,157,9.62764,0.34598,0.419357,2,168.789197,scenario_000,medium
5796,157,1.477983,0.375794,0.455258,0,162.544361,scenario_000,short
5797,157,13.66824,0.159668,0.420819,0,194.040694,scenario_000,medium
5798,157,2.28323,0.587833,0.812372,0,166.485661,scenario_000,short
5799,157,15.869339,0.39737,0.445233,0,228.569948,scenario_000,medium
5800,157,12.457898,0.384773,0.577103,2,181.001726,scenario_000,medium
5801,158,1.345976,0.431163,0.50459,1,161.307822,scenario_000,short
5802,158,1.706252,0.275913,0.368155,0,165.064134,scenario_000,short
5803,158,1.937183,0.40388,0.285538,0,164.937994,scenario_000,short
5804,158,1.476446,0.286816,0.358934,1,161.934579,scenario_000,short
5805,158,28.30599,0.381168,0.497484,2,213.916748,scenario_000,long
5806,158,2.747644,0.338696,0.304691,1,163.50838,scenario_000,short
5807,158,9.159374,0.233551,0.362483,0,191.066039,scenario_000,medium
5808,158,17.258467,0.497858,0.543323,2,179.888985,scenario_000,medium
5809,158,19.307071,0.648839,0.766954,2,197.432324,scenario_000,long
5810,158,9.398732,0.278123,0.210401,0,189.950241,scenario_000,medium
5811,158,8.472837,0.775946,1.0,0,192.032035,scenario_000,medium
5812,158,23.022906,0.499864,0.506656,1,200.895637,scenario_000,long
5813,158,1.933952,0.309362,0.525895,2,160.682521,scenario_000,short
5814,158,12.4098,0.350259,0.470468,0,209.413837,scenario_000,medium
5815,158,5.66921,0.380565,0.623711,0,177.735063,scenario_000,medium
5816,158,21.341026,0.891301,0.847142,2,184.906485,scenario_000,long
5817,158,2.18813,0.47106,0.421516,0,165.139335,scenario_000,short
5818,158,25.14226,0.749796,0.701393,1,204.496018,scenario_000,long
5819,158,1.856306,0.171039,0.234234,0,165.140703,scenario_000,short
5820,158,13.855398,0.490108,0.450071,0,198.120414,scenario_000,medium
5821,158,10.917617,0.411206,0.363309,2,170.90918,scenario_000,medium
5822,158,1.243899,0.306071,0.431083,2,159.962817,scenario_000,short
5823,158,2.632705,0.796609,0.737328,0,166.15456,scenario_000,short
5824,158,1.023318,0.431426,0.622284,2,159.41232,scenario_000,short
5825,158,12.561454,0.398587,0.748098,2,181.977971,scenario_000,medium
5826,158,2.025112,0.170877,0.470704,0,166.377639,scenario_000,short
5827,159,1.789746,0.260823,0.439141,0,164.359679,scenario_000,short
5828,159,37.626971,0.565518,0.521881,0,310.919739,scenario_000,medium
5829,159,1.210457,0.451047,0.563857,2,161.178706,scenario_000,short
5830,159,5.922428,0.983745,0.929617,1,174.994684,scenario_000,medium
5831,159,12.71267,0.827471,0.694792,0,193.218778,scenario_000,long
5832,159,1.668224,0.461434,0.808158,1,163.68037,scenario_000,short
5833,159,1.127107,0.443776,0.94532,1,162.284514,scenario_000,short
5834,159,3.453717,0.191813,0.794279,2,165.987385,scenario_000,short
5835,159,9.869631,0.910086,1.0,0,197.447889,scenario_000,long
5836,159,1.760707,0.177702,0.295769,0,166.090409,scenario_000,short
5837,159,2.045274,0.103469,0.428452,0,165.932684,scenario_000,short
5838,159,11.171362,0.541749,0.439076,0,207.101275,scenario_000,medium
5839,159,1.594158,0.633501,0.702172,2,161.236662,scenario_000,short
5840,159,1.649452,0.421733,0.500839,2,161.299361,scenario_000,short
5841,159,15.264472,0.252676,0.302999,0,217.331812,scenario_000,medium
5842,159,16.299861,0.440838,0.526375,0,203.160617,scenario_000,medium
5843,159,1.412139,0.248191,0.725317,0,165.019917,scenario_000,short
5844,159,11.592782,0.43643,0.83464,2,174.53237,scenario_000,medium
5845,159,1.889233,0.576954,0.688872,1,163.828703,scenario_000,short
5846,159,1.430956,0.692578,0.503054,0,165.152595,scenario_000,short
5847,159,1.980356,0.24598,0.335014,0,164.754551,scenario_000,short
5848,159,14.557519,0.590519,0.551642,2,184.36477,scenario_000,medium
5849,159,1.715364,0.568191,0.61781,1,162.101602,scenario_000,short
5850,159,1.870459,0.253289,0.34817,0,167.021125,scenario_000,short
5851,159,1.549504,0.56765,0.541703,0,163.338341,scenario_000,short
5852,159,8.184967,0.235862,0.16349,0,186.649324,scenario_000,medium
5853,159,1.949956,0.691221,0.75886,0,164.614622,scenario_000,short
5854,159,1.41368,0.485509,0.408278,2,161.412801,scenario_000,short
5855,159,1.801326,0.546632,0.890696,0,165.6896,scenario_000,short
5856,159,36.546475,0.285432,0.455297,0,262.183023,scenario_000,long
5857,159,1.804412,0.443286,0.272972,1,163.098821,scenario_000,short
5858,159,18.042325,0.371831,0.276734,2,193.367902,scenario_000,medium
5859,159,1.363903,0.703546,0.480615,1,161.46513,scenario_000,short
5860,159,1.732445,0.41535,0.33319,2,161.215755,scenario_000,short
5861,159,1.405775,0.377497,0.421234,0,163.454473,scenario_000,short
5862,159,12.476929,0.716024,0.823917,2,178.936105,scenario_000,medium
5863,159,1.741432,0.287823,0.52122,0,164.195337,scenario_000,short
5864,159,2.866697,0.084595,0.283948,2,164.395397,scenario_000,short
5865,159,11.574972,0.145137,0.479905,1,184.865286,scenario_000,medium
5866,159,2.538097,0.315831,0.427009,1,165.366714,scenario_000,short
5867,160,1.914141,0.352126,0.719702,2,163.84106,scenario_000,short
5868,160,2.02367,0.167914,0.501816,2,162.456461,scenario_000,short
5869,160,14.077172,0.847972,0.871037,2,177.506326,scenario_000,medium
5870,160,7.790416,0.62612,0.527186,2,172.398919,scenario_000,medium
5871,160,13.360681,0.774936,0.888344,0,211.52996,scenario_000,medium
5872,160,20.084548,0.885745,0.801331,2,196.500482,scenario_000,medium
5873,160,14.329642,0.78815,0.881918,0,201.965873,scenario_000,medium
5874,160,24.680883,0.147007,0.326799,2,201.167661,scenario_000,medium
5875,160,1.545752,0.4718,0.470345,1,164.551373,scenario_000,short
5876,160,1.63822,0.285387,0.242641,0,164.415745,scenario_000,short
5877,160,8.104147,0.682822,0.473342,0,181.771863,scenario_000,medium
5878,160,2.793421,0.627335,0.686701,1,166.11501,scenario_000,short
5879,160,6.02781,0.153334,0.160321,1,172.193192,scenario_000,medium
5880,160,1.173147,0.703498,0.634321,2,161.395857,scenario_000,short
5881,160,2.202749,0.352204,0.332357,2,163.251088,scenario_000,short
5882,160,1.508298,0.073674,0.250919,1,164.547712,scenario_000,short
5883,160,14.156006,0.826386,0.719049,2,182.759051,scenario_000,medium
5884,160,2.098028,0.128419,0.139152,1,163.992058,scenario_000,short
5885,160,1.158842,0.153395,0.590207,0,164.31929,scenario_000,short
5886,160,1.634181,0.118369,0.321787,0,165.348279,scenario_000,short
5887,160,1.718903,0.407161,0.498155,0,167.076868,scenario_000,short
5888,160,14.491464,0.197175,0.320506,2,185.836717,scenario_000,medium
5889,160,19.925463,0.516804,0.458641,1,198.196283,scenario_000,long
5890,160,26.497769,0.633514,0.436448,2,207.478408,scenario_000,medium
5891,160,1.417934,0.377597,0.359144,2,162.576273,scenario_000,short
5892,160,1.743277,0.295697,0.608327,0,167.246032,scenario_000,short
5893,161,1.358156,0.444646,0.46888,0,165.639701,scenario_000,short
5894,161,1.622188,0.151485,0.461495,0,166.623195,scenario_000,short
5895,161,2.047575,0.618548,0.692757,1,166.842569,scenario_000,short
5896,161,1.68828,0.272355,0.508336,2,163.640789,scenario_000,short
5897,161,2.1778,0.13344,0.170684,0,168.333009,scenario_000,short
5898,161,11.322311,0.620397,0.863887,2,180.549934,scenario_000,medium
5899,161,19.161822,0.540625,0.887594,0,217.19436,scenario_000,medium
5900,161,1.656911,0.640161,0.747837,0,167.759327,scenario_000,short
5901,161,2.157961,0.334536,0.678679,2,164.605038,scenario_000,short
5902,161,13.443655,0.298862,0.714699,0,205.228157,scenario_000,medium
5903,161,13.309128,0.222502,0.525085,2,178.183006,scenario_000,medium
5904,161,1.792825,0.326589,0.279443,0,168.57626,scenario_000,short
5905,161,27.849191,0.422137,0.355075,0,257.426647,scenario_000,medium
5906,161,9.399823,0.383108,0.271581,0,199.862563,scenario_000,medium
5907,161,1.791951,0.32381,0.450864,2,164.290652,scenario_000,short
5908,161,1.323429,0.804483,0.733972,0,166.618441,scenario_000,short
5909,161,1.936522,0.140916,0.270409,0,169.664041,scenario_000,short
5910,161,1.300866,0.343182,0.313468,0,166.377963,scenario_000,short
5911,161,2.077559,0.238134,0.589207,2,164.05968,scenario_000,short
5912,161,1.850783,0.094166,0.360493,1,166.016642,scenario_000,short
5913,161,12.459265,0.516811,0.669112,1,197.582958,scenario_000,medium
5914,161,1.389323,0.373812,0.312427,1,164.375778,scenario_000,short
5915,161,1.621523,0.257801,0.175688,1,164.269527,scenario_000,short
5916,161,1.934774,0.526355,0.597556,0,168.950309,scenario_000,short
5917,161,13.018445,0.76481,0.859496,0,200.451219,scenario_000,medium
5918,161,14.224937,0.684989,0.596468,0,208.245225,scenario_000,medium
5919,161,1.815599,0.391407,0.345553,2,164.423264,scenario_000,short
5920,161,2.507282,0.056874,0.165898,0,169.289639,scenario_000,short
5921,161,1.926382,0.255951,0.319751,2,163.719513,scenario_000,short
5922,161,2.74811,0.410925,0.451452,0,168.047886,scenario_000,short
5923,161,2.782239,0.210295,0.171206,0,172.974583,scenario_000,short
5924,162,2.457059,0.296444,0.427751,0,170.633242,scenario_000,short
5925,162,10.450455,0.689679,0.47596,2,182.721342,scenario_000,medium
5926,162,1.41718,0.215349,0.73882,1,164.572358,scenario_000,short
5927,162,11.321095,0.29113,0.965273,0,209.515148,scenario_000,medium
5928,162,1.833032,0.30255,0.799067,1,167.375104,scenario_000,short
5929,162,2.509904,0.326085,0.15741,0,171.291068,scenario_000,short
5930,162,9.970625,0.865268,0.642143,2,181.561476,scenario_000,medium
5931,162,1.716461,0.660552,0.692901,0,168.756475,scenario_000,short
5932,162,2.272526,0.091993,0.255255,0,172.047496,scenario_000,short
5933,162,13.762761,0.388416,0.347426,2,187.997783,scenario_000,medium
5934,162,6.909179,1.0,0.813121,0,188.553999,scenario_000,medium
5935,162,2.198234,0.405174,0.478291,2,164.725736,scenario_000,short
5936,162,2.306483,0.797299,0.913793,2,166.327799,scenario_000,short
5937,162,2.286071,0.220892,0.284659,0,171.444793,scenario_000,short
5938,162,1.468396,0.286092,0.374343,1,166.401216,scenario_000,short
5939,162,1.542428,0.506887,0.362272,2,163.867578,scenario_000,short
5940,162,1.749609,0.417302,0.63353,2,165.151451,scenario_000,short
5941,162,1.577792,0.30875,0.811316,1,166.234039,scenario_000,short
5942,162,1.495127,0.483246,0.827642,0,168.14935,scenario_000,short
5943,162,1.463498,0.367699,0.598942,2,165.00252,scenario_000,short
5944,162,1.988946,0.229068,0.48755,2,165.040602,scenario_000,short
5945,162,12.348991,0.316188,0.377236,1,198.342601,scenario_000,medium
5946,162,2.096839,0.218909,0.31979,2,166.280743,scenario_000,short
5947,162,14.035444,0.821649,0.615935,0,217.507078,scenario_000,medium
5948,162,8.708489,0.893527,1.0,0,185.045279,scenario_000,medium
5949,162,10.200046,0.176313,0.313066,1,182.954123,scenario_000,medium
5950,162,11.825805,0.28468,0.627937,0,213.376699,scenario_000,medium
5951,162,1.460383,0.20202,0.517453,0,166.72897,scenario_000,short
5952,162,1.633932,0.169444,0.474836,2,164.779901,scenario_000,short
5953,162,1.753908,0.356878,0.811258,2,165.604121,scenario_000,short
5954,162,6.741048,0.604779,0.612591,0,183.914826,scenario_000,medium
5955,162,1.38667,0.679282,0.601614,1,164.810037,scenario_000,short
5956,162,1.381939,0.432278,0.512477,0,165.763866,scenario_000,short
5957,162,12.414109,0.650262,0.843374,2,180.409016,scenario_000,medium
5958,162,2.219438,0.139604,0.285013,0,167.827423,scenario_000,short
5959,163,1.137238,0.521586,0.458874,2,164.349464,scenario_000,short
5960,163,1.437288,0.391233,0.739423,1,166.053073,scenario_000,short
5961,163,6.790361,0.463193,0.56276,0,183.637231,scenario_000,medium
5962,163,9.678671,0.357819,0.884627,1,192.981629,scenario_000,medium
5963,163,6.877359,0.227147,0.243035,2,173.564342,scenario_000,medium
5964,163,1.805619,0.643598,0.751428,0,168.529345,scenario_000,short
5965,163,8.634203,0.297304,0.336671,0,198.828907,scenario_000,medium
5966,163,2.310874,0.229174,0.490271,2,167.414901,scenario_000,short
5967,163,1.876497,0.448074,0.578357,1,166.92051,scenario_000,short
5968,163,7.886411,0.881573,1.0,2,176.872372,scenario_000,medium
5969,163,1.594985,0.306178,0.222881,0,170.176057,scenario_000,short
5970,163,10.886002,0.644669,0.703498,2,185.301326,scenario_000,medium
5971,163,2.268917,0.775118,0.811487,2,166.68702,scenario_000,short
5972,163,31.135183,0.710062,0.641841,2,209.140091,scenario_000,medium
5973,163,7.126924,0.208501,0.394405,2,177.493058,scenario_000,medium
5974,163,8.130169,0.994662,0.96662,0,191.58092,scenario_000,long
5975,163,2.064594,0.475129,0.360187,0,172.037778,scenario_000,short
5976,163,11.722122,0.600661,0.577686,0,198.352989,scenario_000,medium
5977,163,1.67082,0.156244,0.639106,2,166.319123,scenario_000,short
5978,163,1.817309,0.321452,0.341058,2,166.694332,scenario_000,short
5979,163,1.661373,0.270517,0.476839,2,165.800556,scenario_000,short
5980,163,34.457715,0.319952,0.366812,0,264.920929,scenario_000,long
5981,163,2.8181,0.160627,0.182514,2,168.528338,scenario_000,short
5982,163,1.946626,0.695274,0.680618,2,165.401553,scenario_000,short
5983,163,16.485512,0.187119,0.20655,2,194.477467,scenario_000,medium
5984,163,14.905455,0.834052,0.716899,0,219.604435,scenario_000,medium
5985,163,2.294677,0.755721,0.580463,1,168.173751,scenario_000,short
5986,163,1.079994,0.181708,0.38255,0,166.542961,scenario_000,short
5987,163,1.66351,0.052197,0.099512,2,165.597886,scenario_000,short
5988,163,1.415518,0.16148,0.090409,2,165.847385,scenario_000,short
5989,163,24.200302,0.864241,0.961995,2,196.322601,scenario_000,long
5990,163,2.11501,0.290826,0.606676,0,168.688174,scenario_000,short
5991,163,2.121716,0.296479,0.288471,2,167.260484,scenario_000,short
5992,163,13.341811,0.458312,0.724831,0,212.68071,scenario_000,medium
5993,163,11.172313,0.704724,0.632032,1,197.607673,scenario_000,medium
5994,163,2.336221,0.31329,0.292651,1,168.330457,scenario_000,short
5995,164,1.76185,0.699073,0.655293,2,166.940645,scenario_000,short
5996,164,9.729159,0.821691,1.0,2,177.740927,scenario_000,medium
5997,164,23.478402,1.0,1.0,1,210.792465,scenario_000,long
5998,164,1.871147,0.413343,0.736805,0,171.049004,scenario_000,short
5999,164,12.181775,0.453064,0.789916,2,179.578224,scenario_000,medium
6000,164,2.252335,0.405401,0.662432,2,168.206865,scenario_000,short
6001,164,14.932075,0.874661,0.806729,2,182.863972,scenario_000,medium
6002,164,12.875457,1.0,0.971354,0,209.543854,scenario_000,medium
6003,164,1.740148,0.329765,0.303759,2,167.175299,scenario_000,short
6004,164,1.965921,0.207191,0.195532,2,167.197963,scenario_000,short
6005,164,2.5179,0.306584,0.626958,1,170.255602,scenario_000,short
6006,164,1.247412,0.42455,0.478828,1,166.72977,scenario_000,short
6007,164,1.35873,0.602979,0.426935,0,169.246818,scenario_000,short
6008,164,11.053855,0.847281,0.844854,0,195.732644,scenario_000,medium
6009,164,12.299273,0.137588,0.348285,2,187.79341,scenario_000,medium
6010,164,1.939422,0.309749,0.318295,0,170.984587,scenario_000,short
6011,164,13.410334,0.595251,0.481673,1,194.74953,scenario_000,medium
6012,164,1.6122,0.51178,0.820464,0,168.263458,scenario_000,short
6013,164,12.412259,0.342131,0.687357,2,185.468245,scenario_000,long
6014,164,2.228504,0.330161,0.286419,0,173.221353,scenario_000,short
6015,164,2.614535,0.072584,0.377919,2,167.251972,scenario_000,short
6016,164,1.339918,0.380321,0.70578,2,165.729979,scenario_000,short
6017,164,1.591619,0.187723,0.316004,0,169.902423,scenario_000,short
6018,164,1.889122,0.542858,0.526444,2,167.143996,scenario_000,short
6019,164,11.663852,0.194327,0.136419,0,208.535843,scenario_000,medium
6020,164,10.913563,0.962767,0.942402,0,206.210897,scenario_000,medium
6021,164,2.16444,0.343122,0.48011,2,167.022671,scenario_000,short
6022,164,1.584165,0.304407,0.462462,0,170.61302,scenario_000,short
6023,164,15.949836,0.428667,0.596639,0,234.512047,scenario_000,medium
6024,164,10.565618,0.738374,0.688149,2,178.482367,scenario_000,medium
6025,164,1.487652,0.24615,0.394551,0,167.981118,scenario_000,short
6026,165,7.999996,0.884279,0.956823,0,188.317417,scenario_000,medium
6027,165,1.847216,0.424064,0.23007,0,171.40455,scenario_000,short
6028,165,1.587207,0.375833,0.669438,0,171.422852,scenario_000,short
6029,165,2.252797,0.341854,0.424112,0,172.916211,scenario_000,short
6030,165,1.196447,0.433597,0.821341,0,169.615428,scenario_000,short
6031,165,20.600205,0.927962,0.642579,0,221.258209,scenario_000,long
6032,165,13.44494,0.362961,0.352879,2,183.025665,scenario_000,medium
6033,165,8.921563,0.733946,0.641343,0,197.33614,scenario_000,medium
6034,165,2.0603,0.605999,0.65474,0,171.878485,scenario_000,short
6035,165,12.047849,0.738708,0.708216,0,205.71447,scenario_000,medium
6036,165,13.917074,0.347148,0.362424,0,203.611251,scenario_000,long
6037,165,1.446264,0.793097,0.730717,2,167.273285,scenario_000,short
6038,165,1.786464,0.862549,0.869946,0,171.671826,scenario_000,short
6039,165,1.252134,0.859204,0.801623,0,169.194283,scenario_000,short
6040,165,8.801269,0.858267,0.654163,2,175.331881,scenario_000,medium
6041,165,2.654638,0.237336,0.46212,2,169.499922,scenario_000,short
6042,165,5.281504,0.172341,0.255847,2,172.028664,scenario_000,medium
6043,165,2.684855,0.341091,0.521787,0,175.151857,scenario_000,short
6044,165,7.613786,0.64996,0.608836,2,175.1743,scenario_000,medium
6045,165,2.023192,0.449512,0.416502,0,170.545086,scenario_000,short
6046,165,5.105381,0.569257,0.468109,1,180.251494,scenario_000,medium
6047,165,11.380447,0.718679,0.773407,1,196.827395,scenario_000,medium
6048,165,17.391412,1.0,1.0,0,241.340551,scenario_000,medium
6049,165,1.317644,0.073904,0.321065,0,169.191502,scenario_000,short
6050,165,1.604947,0.097716,0.139922,1,169.164784,scenario_000,short
6051,165,9.043956,0.671861,0.653903,2,177.497991,scenario_000,medium
6052,165,9.497907,0.34394,0.71077,0,205.693295,scenario_000,medium
6053,165,1.626924,0.458672,0.42489,1,169.177868,scenario_000,short
6054,165,8.111627,0.67779,1.0,1,189.222673,scenario_000,medium
6055,166,8.498227,0.186811,0.072437,2,183.227457,scenario_000,medium
6056,166,10.653267,0.748997,0.616464,2,179.218142,scenario_000,long
6057,166,1.418659,0.263641,0.77408,2,167.650373,scenario_000,short
6058,166,21.34593,0.489576,0.674217,2,202.113549,scenario_000,long
6059,166,1.796466,0.576096,0.641219,1,171.524583,scenario_000,short
6060,166,1.520644,0.288349,0.486946,0,170.869256,scenario_000,short
6061,166,2.263006,0.156698,0.331166,2,169.404421,scenario_000,short
6062,166,20.557627,0.296343,0.878681,2,196.685775,scenario_000,medium
6063,166,8.158028,0.285325,0.47145,0,186.857343,scenario_000,medium
6064,166,1.947779,0.23563,0.328274,1,170.300713,scenario_000,short
6065,166,1.765324,0.398009,0.514784,2,169.423512,scenario_000,short
6066,166,1.263857,0.356542,0.265215,2,168.356151,scenario_000,short
6067,166,2.085909,0.161904,0.106618,1,171.147795,scenario_000,short
6068,166,1.818886,0.342479,0.256274,1,171.440472,scenario_000,short
6069,166,1.740323,0.761877,0.679101,0,173.776157,scenario_000,short
6070,166,1.806451,0.317912,0.43148,2,168.160297,scenario_000,short
6071,166,1.79377,0.443589,0.545471,0,170.611062,scenario_000,short
6072,166,1.991949,0.263144,0.686062,0,174.849166,scenario_000,short
6073,166,13.954823,0.522012,0.607793,1,196.258893,scenario_000,medium
6074,166,8.374484,0.647118,0.598141,0,200.112085,scenario_000,medium
6075,166,1.876626,0.757568,0.701156,0,173.990141,scenario_000,short
6076,166,2.397481,0.426727,0.549903,1,170.730546,scenario_000,short
6077,166,2.695491,0.373589,0.713196,1,171.916567,scenario_000,short
6078,166,1.461221,0.528598,0.569073,2,168.024486,scenario_000,short
6079,166,17.283896,0.297736,0.192198,2,195.162633,scenario_000,medium
6080,166,1.274046,0.322245,0.280512,0,169.543341,scenario_000,short
6081,166,1.791537,0.313582,0.300305,2,168.585665,scenario_000,short
6082,166,1.69432,0.400135,0.399961,1,169.353773,scenario_000,short
6083,166,8.245468,0.569092,0.641016,0,199.384006,scenario_000,medium
6084,166,2.474985,0.326456,0.555968,0,174.5247,scenario_000,short
6085,166,1.681866,0.680002,0.56933,0,170.281475,scenario_000,short
6086,166,1.784889,0.688669,0.733098,1,171.073865,scenario_000,short
6087,166,1.752845,0.09154,0.285166,2,169.451083,scenario_000,short
6088,166,10.065104,0.702308,0.75159,0,205.622057,scenario_000,medium
6089,166,2.333348,0.539439,0.531883,2,169.409142,scenario_000,short
6090,166,31.47533,0.949665,0.872765,0,307.311359,scenario_000,long
6091,166,13.674298,0.953092,0.843388,0,224.292953,scenario_000,medium
6092,166,2.13564,0.175469,0.355755,0,171.987903,scenario_000,short
6093,167,1.786173,0.172492,0.464113,0,173.225895,scenario_000,short
6094,167,19.045784,0.697324,0.726699,1,207.909578,scenario_000,medium
6095,167,1.715076,0.44597,0.568655,0,172.308691,scenario_000,short
6096,167,17.070722,0.685529,0.642638,1,215.165615,scenario_000,medium
6097,167,13.198237,0.573481,0.447881,1,194.3566,scenario_000,medium
6098,167,1.553079,0.31574,0.281242,2,169.646707,scenario_000,short
6099,167,7.462369,0.491631,0.555985,0,191.967,scenario_000,medium
6100,167,1.339949,0.323962,0.276714,1,170.466471,scenario_000,short
6101,167,1.603138,0.310079,0.577077,0,173.23803,scenario_000,short
6102,167,1.561473,0.408125,0.595003,1,170.152202,scenario_000,short
6103,167,1.515805,0.506652,0.503274,2,169.993121,scenario_000,short
6104,167,17.423497,0.525687,0.459237,1,214.834051,scenario_000,medium
6105,167,1.923584,0.630279,0.591079,1,171.885973,scenario_000,short
6106,167,15.366397,0.318641,0.787203,0,212.147305,scenario_000,long
6107,167,1.978285,0.167224,0.53659,0,174.824702,scenario_000,short
6108,167,14.480383,0.2226,0.4128,0,229.81717,scenario_000,medium
6109,167,2.211932,0.488752,0.527443,2,171.512418,scenario_000,short
6110,167,1.704836,0.247156,0.702695,2,169.591202,scenario_000,short
6111,167,14.19513,0.122363,0.459493,0,213.339105,scenario_000,medium
6112,167,1.680301,0.454717,0.528043,2,169.181252,scenario_000,short
6113,167,10.260949,0.185818,0.419609,0,210.744342,scenario_000,medium
6114,167,1.656325,0.738019,0.563791,0,172.579124,scenario_000,short
6115,167,2.248908,0.554558,0.347077,2,171.004181,scenario_000,short
6116,167,7.439679,0.639186,0.8732,0,195.126572,scenario_000,medium
6117,167,17.536089,0.696078,1.0,0,222.200033,scenario_000,medium
6118,167,2.249968,0.446899,0.748951,2,170.186619,scenario_000,short
6119,167,1.139198,0.497016,0.572322,2,169.03075,scenario_000,short
6120,167,1.342533,0.535192,0.720976,0,172.432665,scenario_000,short
6121,167,1.35004,0.419702,0.512776,1,170.519279,scenario_000,short
6122,167,10.312563,0.891632,0.72156,1,190.472348,scenario_000,medium
6123,167,2.456788,0.760089,1.0,2,170.004509,scenario_000,short
6124,167,23.427238,0.404593,0.494742,2,207.082373,scenario_000,medium
6125,167,11.742435,0.640335,0.685244,1,203.848355,scenario_000,medium
6126,167,19.465738,0.651216,0.974276,0,229.177929,scenario_000,medium
6127,167,23.278354,0.589955,1.0,1,218.921383,scenario_000,medium
6128,168,9.113178,0.696983,0.884662,2,180.140288,scenario_000,medium
6129,168,11.717916,1.0,0.801685,2,187.572931,scenario_000,medium
6130,168,1.835329,0.52817,0.452336,2,171.793227,scenario_000,short
6131,168,17.042376,0.828668,0.729674,0,226.104459,scenario_000,medium
6132,168,1.908421,0.177238,0.476218,1,171.58187,scenario_000,short
6133,168,2.17341,0.28495,0.547827,0,176.767482,scenario_000,short
6134,168,17.130997,0.802169,0.619393,0,224.480705,scenario_000,medium
6135,168,1.784506,0.175447,0.625871,0,174.66933,scenario_000,short
6136,168,13.835496,0.40731,0.295294,2,194.621685,scenario_000,medium
6137,168,1.325145,0.657925,0.569072,2,169.964634,scenario_000,short
6138,168,1.738762,0.438415,0.902497,2,171.192768,scenario_000,short
6139,168,1.219265,0.417338,0.443462,0,171.851714,scenario_000,short
6140,168,15.294415,0.914795,0.93467,0,213.413249,scenario_000,medium
6141,168,16.980188,0.457416,0.405979,1,210.562001,scenario_000,medium
6142,168,2.053217,0.152414,0.126715,0,175.974811,scenario_000,short
6143,168,16.936836,0.581535,0.754958,0,237.943394,scenario_000,medium
6144,168,1.581391,0.323562,0.558964,1,170.938764,scenario_000,short
6145,168,2.24493,0.068167,0.364058,2,171.231328,scenario_000,short
6146,168,1.790904,0.129656,0.436266,1,172.478487,scenario_000,short
6147,168,14.571864,0.537584,0.70739,0,216.373153,scenario_000,medium
6148,168,1.793624,0.226472,0.365575,1,171.948401,scenario_000,short
6149,168,14.892288,0.277089,0.636167,0,225.359326,scenario_000,medium
6150,168,14.539908,0.597259,0.589283,1,198.653978,scenario_000,medium
6151,168,21.918256,0.441386,0.679356,0,239.93404,scenario_000,medium
6152,168,10.898428,0.458608,0.321868,0,200.400651,scenario_000,medium
6153,168,1.734234,0.681951,0.679832,2,170.293687,scenario_000,short
6154,168,10.976865,0.214576,0.431601,2,185.476928,scenario_000,medium
6155,168,1.589834,0.093621,0.31933,2,171.135056,scenario_000,short
6156,169,2.717738,0.767838,0.612212,2,173.521733,scenario_000,short
6157,169,1.810225,0.486468,0.532999,2,172.660865,scenario_000,short
6158,169,2.24666,0.141886,0.342661,2,172.912838,scenario_000,short
6159,169,1.958287,0.188669,0.241144,0,175.971206,scenario_000,short
6160,169,1.806476,0.48473,0.864615,1,174.397721,scenario_000,short
6161,169,8.211477,1.0,1.0,0,199.130315,scenario_000,long
6162,169,1.779768,0.539948,0.432475,1,173.287717,scenario_000,short
6163,169,1.580594,0.576686,0.533068,0,175.151783,scenario_000,short
6164,169,15.132549,0.51707,0.56069,0,212.755757,scenario_000,medium
6165,169,27.075731,1.0,0.70469,2,219.950737,scenario_000,long
6166,169,1.952828,0.367916,0.218478,0,174.232137,scenario_000,short
6167,169,1.345599,0.319555,0.30205,1,172.922009,scenario_000,short
6168,169,21.901575,0.538801,0.574922,0,250.694563,scenario_000,long
6169,169,18.982415,0.242787,0.238638,2,192.678603,scenario_000,medium
6170,169,8.740622,0.195552,0.375833,0,200.671138,scenario_000,medium
6171,169,2.402749,0.3568,0.389342,0,176.020732,scenario_000,short
6172,169,9.784324,0.502355,0.432627,0,206.13149,scenario_000,medium
6173,170,1.824862,0.358739,0.244411,0,174.786355,scenario_000,short
6174,170,11.224539,0.367085,0.828407,0,213.015602,scenario_000,medium
6175,170,7.178193,0.606485,0.999443,2,178.915686,scenario_000,medium
6176,170,1.779991,0.526387,0.623295,2,172.800523,scenario_000,short
6177,170,17.215296,0.518348,0.441072,2,199.612907,scenario_000,medium
6178,170,10.199144,0.723045,0.596306,0,202.581919,scenario_000,medium
6179,170,27.924622,0.217664,0.156974,0,255.898386,scenario_000,medium
6180,170,11.574814,0.841831,1.0,0,212.929967,scenario_000,medium
6181,170,1.693312,0.105261,0.487792,0,175.219047,scenario_000,short
6182,170,13.579069,0.81679,0.750879,2,191.736707,scenario_000,long
6183,170,2.159328,0.347312,0.511264,0,178.715509,scenario_000,short
6184,170,14.157514,0.469054,0.539243,2,196.01038,scenario_000,medium
6185,170,20.573971,0.321945,0.502629,0,251.276443,scenario_000,medium
6186,170,11.279715,0.455936,0.42486,0,208.780195,scenario_000,medium
6187,170,1.741849,0.558433,0.713172,0,177.698003,scenario_000,short
6188,171,1.345438,0.284625,0.280325,0,174.792026,scenario_000,short
6189,171,1.350677,0.602984,0.570956,0,175.448583,scenario_000,short
6190,171,18.754737,0.679331,0.624961,2,206.781456,scenario_000,medium
6191,171,9.12156,0.951071,0.607887,0,210.514885,scenario_000,medium
6192,171,2.389482,0.64623,0.739435,0,179.2705,scenario_000,short
6193,171,1.912581,0.22192,0.302371,0,176.568128,scenario_000,short
6194,171,1.476919,0.497915,0.54445,1,174.952745,scenario_000,short
6195,171,24.312821,0.456287,0.536839,1,246.318437,scenario_000,medium
6196,171,11.157155,0.469599,0.557392,1,202.231727,scenario_000,medium
6197,171,1.989967,0.142032,0.301708,2,174.326432,scenario_000,short
6198,171,9.43801,0.656425,0.793778,2,188.895166,scenario_000,medium
6199,171,13.284708,0.369593,0.53005,0,215.838574,scenario_000,medium
6200,171,2.142016,0.733262,0.558155,0,176.473504,scenario_000,short
6201,171,15.92925,0.459812,0.531498,0,228.513763,scenario_000,medium
6202,171,1.576751,0.335261,0.609897,1,175.321104,scenario_000,short
6203,172,1.22826,0.453394,0.952627,0,177.48942,scenario_000,short
6204,172,1.540891,0.44859,0.488194,0,176.750014,scenario_000,short
6205,172,2.165823,0.326384,0.608886,2,175.341138,scenario_000,short
6206,172,12.110902,0.826902,0.591203,2,192.918752,scenario_000,medium
6207,172,8.620196,0.945296,1.0,2,188.848067,scenario_000,medium
6208,172,7.543917,0.618311,0.905091,0,202.401186,scenario_000,medium
6209,172,18.369595,0.207833,0.289159,2,198.015215,scenario_000,medium
6210,172,17.042165,0.511087,0.574439,2,191.94483,scenario_000,medium
6211,172,15.4656,0.879971,0.585003,2,194.574154,scenario_000,medium
6212,172,1.29828,0.304179,0.518927,0,177.018637,scenario_000,short
6213,172,1.818709,0.412222,0.725642,2,175.263351,scenario_000,short
6214,172,1.309705,0.212686,0.312284,0,175.421411,scenario_000,short
6215,172,1.498157,0.649481,0.660181,0,176.951597,scenario_000,short
6216,172,2.303137,0.479312,0.838627,1,177.567714,scenario_000,short
6217,172,1.371866,0.115794,0.202988,0,177.691028,scenario_000,short
6218,172,1.442736,0.546238,0.79018,0,177.373124,scenario_000,short
6219,173,2.411664,0.448327,0.730681,2,177.91483,scenario_000,short
6220,173,17.68069,0.423744,0.435532,0,251.725037,scenario_000,medium
6221,173,1.531677,0.445501,0.493663,0,179.271724,scenario_000,short
6222,173,1.607661,0.40316,0.563033,0,177.748946,scenario_000,short
6223,173,1.254579,0.310614,0.494741,0,177.411691,scenario_000,short
6224,173,41.434569,0.380353,0.653852,2,255.219962,scenario_000,long
6225,173,16.36286,0.560053,0.871256,2,196.449398,scenario_000,medium
6226,173,1.56691,0.173685,0.191535,0,179.866812,scenario_000,short
6227,173,2.927257,0.198891,0.304346,0,184.894135,scenario_000,short
6228,173,1.872367,0.323976,0.533662,2,175.666853,scenario_000,short
6229,173,2.452348,0.41263,0.62981,1,178.134234,scenario_000,short
6230,173,1.531065,0.712221,0.922809,1,177.536818,scenario_000,short
6231,173,1.515874,0.195585,0.355095,0,179.358853,scenario_000,short
6232,174,1.824648,0.776056,0.625147,0,178.932449,scenario_000,short
6233,174,2.052628,0.592415,0.849005,0,182.270033,scenario_000,short
6234,174,2.178688,0.09635,0.11852,0,179.692599,scenario_000,short
6235,174,1.89407,0.141759,0.189619,0,180.794376,scenario_000,short
6236,174,2.29917,0.28269,0.368637,2,177.821243,scenario_000,short
6237,174,1.933941,0.271486,0.529329,2,176.268472,scenario_000,short
6238,174,13.574592,0.702155,0.688949,1,205.22843,scenario_000,medium
6239,174,1.649468,0.062623,0.488622,2,175.927247,scenario_000,short
6240,174,11.319991,0.721678,0.858815,1,206.752178,scenario_000,medium
6241,174,16.579949,1.0,0.910716,1,223.968669,scenario_000,medium
6242,174,1.33973,0.490404,0.80992,1,177.834663,scenario_000,short
6243,174,1.889882,0.376149,0.982896,2,177.681145,scenario_000,short
6244,174,2.045459,0.444766,0.71352,2,177.235023,scenario_000,short
6245,174,14.66488,0.595661,0.335851,1,206.024251,scenario_000,medium
6246,174,10.032132,0.851714,0.742262,0,208.253797,scenario_000,medium
6247,174,1.493709,0.445782,0.587209,1,177.624988,scenario_000,short
6248,174,1.366537,0.431324,0.51181,1,178.33013,scenario_000,short
6249,174,1.668372,0.256513,0.349444,1,177.962565,scenario_000,short
6250,174,9.190338,0.653682,0.751088,1,196.368937,scenario_000,medium
6251,174,1.862265,0.251801,0.418226,2,177.80035,scenario_000,short
6252,175,1.694861,0.490274,0.789325,0,179.472239,scenario_000,short
6253,175,1.77452,0.371188,0.605591,2,177.261756,scenario_000,short
6254,175,2.765461,0.303531,0.448343,0,185.433802,scenario_000,short
6255,175,2.28546,0.274301,0.485506,0,182.825226,scenario_000,short
6256,175,15.991926,0.202758,0.376832,1,213.907189,scenario_000,medium
6257,175,1.203426,0.692909,0.731472,0,179.817131,scenario_000,short
6258,175,2.585327,0.236306,0.296113,0,183.343964,scenario_000,short
6259,175,1.824571,0.785454,1.0,2,178.310626,scenario_000,short
6260,175,2.097257,0.36517,0.400362,0,181.346451,scenario_000,short
6261,175,1.967795,0.444751,0.462068,1,179.475993,scenario_000,short
6262,175,2.100967,0.677228,0.921292,2,178.976185,scenario_000,short
6263,175,3.646892,0.495986,0.534758,2,179.638455,scenario_000,medium
6264,175,1.550209,0.512416,0.833599,0,180.068108,scenario_000,short
6265,175,8.269737,0.794916,0.841598,1,196.716004,scenario_000,medium
6266,175,1.408217,0.240352,0.384644,1,178.418948,scenario_000,short
6267,175,2.11057,0.604918,0.614575,0,182.308114,scenario_000,short
6268,175,2.322211,0.072276,0.05,0,185.173602,scenario_000,short
6269,175,2.013977,0.238325,0.345507,0,182.047866,scenario_000,short
6270,175,2.199687,0.157995,0.278465,2,177.687914,scenario_000,short
6271,175,7.117349,0.810528,0.891302,0,201.612065,scenario_000,medium
6272,175,2.170471,0.106119,0.323427,1,181.574006,scenario_000,short
6273,175,1.878892,0.665611,0.720866,2,178.45609,scenario_000,short
6274,175,2.034603,0.097696,0.211813,2,179.138534,scenario_000,short
6275,175,7.779573,0.159222,0.09586,1,199.152217,scenario_000,medium
6276,175,11.708227,0.439083,0.559867,0,216.109015,scenario_000,medium
6277,175,2.100848,0.134679,0.267977,0,183.656923,scenario_000,short
6278,175,1.753663,0.303767,0.516615,0,180.635109,scenario_000,short
6279,175,1.459032,0.698928,0.491781,0,181.497673,scenario_000,short
6280,175,1.650811,0.695603,0.541294,2,177.885229,scenario_000,short
6281,176,12.675778,0.431371,0.282004,0,223.378497,scenario_000,long
6282,176,16.03434,0.411335,0.608343,0,222.489631,scenario_000,medium
6283,176,9.010454,0.413006,0.646879,2,189.970631,scenario_000,medium
6284,176,1.501714,0.245244,0.432579,0,180.378109,scenario_000,short
6285,176,23.144564,0.277226,0.439655,0,263.661627,scenario_000,medium
6286,176,1.877557,0.089497,0.157674,2,178.227343,scenario_000,short
6287,176,5.847889,0.571135,0.598606,2,187.309623,scenario_000,medium
6288,176,10.720779,0.60412,0.574603,1,200.538912,scenario_000,medium
6289,176,13.343024,0.586138,0.479365,0,232.477946,scenario_000,long
6290,176,1.806554,0.536326,0.539587,2,179.25029,scenario_000,short
6291,176,1.567464,0.151664,0.196649,0,182.151168,scenario_000,short
6292,176,1.754582,0.337207,0.302752,2,178.951689,scenario_000,short
6293,176,12.515815,0.27715,0.399237,0,210.732163,scenario_000,medium
6294,176,1.807687,0.05176,0.144891,1,181.431283,scenario_000,short
6295,176,1.91493,0.200663,0.695947,1,181.090014,scenario_000,short
6296,176,1.798587,0.460865,0.840983,2,179.622575,scenario_000,short
6297,176,1.823051,0.641233,0.608143,2,179.046096,scenario_000,short
6298,176,2.064856,0.599376,0.678589,2,179.142297,scenario_000,short
6299,176,1.636064,0.469616,0.852326,0,183.163148,scenario_000,short
6300,176,10.405192,0.467068,0.524359,0,219.567161,scenario_000,medium
6301,176,2.295906,0.229288,0.120305,0,182.342621,scenario_000,short
6302,176,18.555872,0.582234,0.455987,2,202.610217,scenario_000,medium
6303,177,1.653441,0.1087,0.05,2,180.375608,scenario_000,short
6304,177,2.027334,0.325526,0.351887,0,185.113374,scenario_000,short
6305,177,11.258459,0.807075,0.617415,0,226.6096,scenario_000,medium
6306,177,28.855662,0.810781,0.715276,2,222.961435,scenario_000,long
6307,177,2.045562,0.258797,0.196107,0,185.910938,scenario_000,short
6308,177,1.17402,0.569448,0.529621,0,181.299113,scenario_000,short
6309,177,1.878544,0.407151,0.590409,2,179.253912,scenario_000,short
6310,177,7.677072,0.738771,0.625724,0,204.036974,scenario_000,medium
6311,177,2.043036,0.063462,0.379853,0,182.86998,scenario_000,short
6312,177,2.562021,0.432211,0.49488,1,182.899688,scenario_000,short
6313,177,11.012784,0.637648,0.616411,2,195.029862,scenario_000,medium
6314,177,1.305041,0.395921,0.398969,2,178.764705,scenario_000,short
6315,177,8.41953,0.403948,0.608637,1,198.489019,scenario_000,medium
6316,177,7.468132,0.726072,0.799714,0,208.276418,scenario_000,medium
6317,177,1.244211,0.133929,0.083986,0,182.282726,scenario_000,short
6318,177,1.849517,0.383164,0.456932,1,180.429593,scenario_000,short
6319,177,1.902081,0.505889,0.521112,0,182.390267,scenario_000,short
6320,177,1.456739,0.642852,0.765133,2,179.223038,scenario_000,short
6321,177,7.694328,0.36302,0.905842,1,193.609613,scenario_000,medium
6322,178,2.898202,0.577522,0.660018,0,190.436446,scenario_000,short
6323,178,2.568111,0.871661,0.609121,2,181.453593,scenario_000,short
6324,178,14.407974,1.0,0.885469,0,228.704198,scenario_000,medium
6325,178,1.345593,0.373112,0.914858,2,180.331444,scenario_000,short
6326,178,1.745762,0.176422,0.669179,1,181.971464,scenario_000,short
6327,178,1.632077,0.093073,0.17486,0,185.149336,scenario_000,short
6328,178,1.743417,0.326745,0.419233,0,183.076913,scenario_000,short
6329,178,1.742024,0.249303,0.728901,0,185.828923,scenario_000,short
6330,178,2.001863,0.571686,0.720432,0,184.869129,scenario_000,short
6331,178,12.641887,0.203751,0.353079,0,229.330268,scenario_000,medium
6332,178,2.11249,0.407853,0.371533,0,184.784967,scenario_000,short
6333,178,1.257045,0.744189,0.805225,0,183.567815,scenario_000,short
6334,178,13.30807,0.914301,1.0,0,237.86885,scenario_000,medium
6335,178,1.326716,0.371945,0.33702,0,181.95655,scenario_000,short
6336,178,1.462996,0.126231,0.187045,0,184.313292,scenario_000,short
6337,178,13.041807,0.748521,0.959251,2,204.476651,scenario_000,long
6338,178,10.082947,0.373286,0.786239,0,220.337545,scenario_000,medium
6339,178,2.44801,0.346923,0.209779,2,182.193139,scenario_000,short
6340,178,1.997501,0.370439,0.442758,0,186.05171,scenario_000,short
6341,178,8.343065,0.644157,0.688516,2,188.637523,scenario_000,medium
6342,178,1.296745,0.076825,0.539527,0,181.763329,scenario_000,short
6343,178,1.857292,0.750268,0.755233,2,181.431882,scenario_000,short
6344,178,2.699943,0.746025,0.522704,2,182.63587,scenario_000,short
6345,179,1.879939,0.288301,0.413154,0,186.485535,scenario_000,short
6346,179,1.505971,0.461462,0.817064,0,183.639703,scenario_000,short
6347,179,15.040965,0.256667,0.439374,2,209.065294,scenario_000,medium
6348,179,1.966626,0.176932,0.32818,0,185.670344,scenario_000,short
6349,179,1.613776,0.292185,0.322175,0,184.602516,scenario_000,short
6350,179,20.822382,0.609789,0.771506,0,242.312704,scenario_000,medium
6351,179,11.395339,0.41598,0.578447,0,210.828433,scenario_000,medium
6352,179,2.043765,0.285048,0.148987,1,182.763453,scenario_000,short
6353,179,16.280856,0.596407,0.970301,0,239.230212,scenario_000,medium
6354,179,2.049451,0.306167,0.454996,1,184.510787,scenario_000,short
6355,179,12.44766,0.472254,0.509897,1,217.532986,scenario_000,medium
6356,179,14.091219,0.65841,0.58329,1,205.586391,scenario_000,medium
6357,179,3.373698,0.115937,0.292512,0,193.56444,scenario_000,short
6358,179,1.931634,0.655854,0.480814,0,186.849591,scenario_000,short
6359,179,2.089548,0.708388,1.0,2,182.008488,scenario_000,short
6360,180,1.319465,0.785286,0.643115,1,183.95489,scenario_000,short
6361,180,1.712675,0.464768,0.602168,2,182.718884,scenario_000,short
6362,180,7.359751,0.518598,0.560081,1,202.780714,scenario_000,medium
6363,180,2.791379,0.359807,0.424468,1,186.635407,scenario_000,short
6364,180,16.263665,0.85349,0.728216,2,203.828853,scenario_000,long
6365,180,9.600898,0.386163,0.271861,2,192.581681,scenario_000,medium
6366,180,1.823927,0.077166,0.120687,2,182.657598,scenario_000,short
6367,180,2.014477,0.511035,1.0,1,184.370929,scenario_000,short
6368,180,1.25999,0.121384,0.345076,0,184.263752,scenario_000,short
6369,180,15.495482,0.386969,0.463429,2,203.106215,scenario_000,medium
6370,180,2.405927,0.245725,0.470953,0,186.103377,scenario_000,short
6371,180,1.817242,0.086011,0.05,1,184.867269,scenario_000,short
6372,180,2.253658,0.29386,0.318765,1,185.611515,scenario_000,short
6373,180,1.614815,0.264487,0.59669,0,184.517083,scenario_000,short
6374,180,5.641887,0.657838,1.0,2,186.941425,scenario_000,medium
6375,180,1.92222,0.414711,0.680646,1,184.879978,scenario_000,short
6376,181,1.818959,0.512164,0.436875,1,185.270014,scenario_000,short
6377,181,1.543687,0.059639,0.05,0,186.856556,scenario_000,short
6378,181,1.335455,0.339506,0.4275,0,185.403506,scenario_000,short
6379,181,1.668849,0.187147,0.355641,0,186.354194,scenario_000,short
6380,181,1.721913,0.425473,0.543891,0,188.431439,scenario_000,short
6381,181,1.253637,0.128475,0.365562,2,183.091869,scenario_000,short
6382,181,1.674792,0.130415,0.417793,1,185.192793,scenario_000,short
6383,181,1.082764,0.294806,0.794256,0,184.508853,scenario_000,short
6384,181,14.768112,0.369527,0.330168,2,207.670408,scenario_000,medium
6385,181,1.865117,0.159955,0.255496,0,186.575309,scenario_000,short
6386,181,1.840256,0.684806,0.523828,0,187.730781,scenario_000,short
6387,181,21.501057,0.333542,0.420195,1,231.327106,scenario_000,medium
6388,181,2.137235,0.414709,0.651611,1,186.919991,scenario_000,short
6389,181,2.219706,0.632095,0.708603,1,185.59475,scenario_000,short
6390,181,2.298182,0.232187,0.176793,1,187.595959,scenario_000,short
6391,181,1.684431,0.737961,0.486613,0,186.035667,scenario_000,short
6392,181,13.04743,0.652526,0.642798,2,200.884072,scenario_000,medium
6393,182,14.528155,0.442706,0.466816,2,198.878179,scenario_000,medium
6394,182,2.210678,0.138272,0.334801,0,191.743997,scenario_000,short
6395,182,10.110207,0.162187,0.086345,1,211.396516,scenario_000,medium
6396,182,2.499258,0.29708,0.628037,2,185.281731,scenario_000,short
6397,182,1.865205,0.053662,0.156613,0,188.333141,scenario_000,short
6398,182,1.753678,0.523145,0.381044,0,189.697721,scenario_000,short
6399,182,1.934965,0.377338,0.451285,0,189.222272,scenario_000,short
6400,182,13.615148,0.530127,0.920301,2,199.374346,scenario_000,medium
6401,182,2.221351,0.401931,0.587426,0,190.270595,scenario_000,short
6402,182,1.782728,0.466147,0.843252,0,189.274354,scenario_000,short
6403,182,1.452323,0.648918,0.682515,0,186.564794,scenario_000,short
6404,182,14.294311,0.646212,0.939608,2,205.105922,scenario_000,medium
6405,182,12.232203,0.450097,0.531712,2,205.775558,scenario_000,medium
6406,182,1.612504,0.427952,0.630129,0,188.146565,scenario_000,short
6407,182,2.457308,0.315291,0.282504,1,188.727429,scenario_000,short
6408,183,2.013101,0.057764,0.05,1,188.379838,scenario_000,short
6409,183,1.874138,0.127479,0.228874,0,190.928099,scenario_000,short
6410,183,19.293629,0.316859,0.255526,0,236.915918,scenario_000,long
6411,183,20.158628,0.729626,0.921282,0,238.901512,scenario_000,medium
6412,183,17.708551,0.616204,0.735412,2,203.696919,scenario_000,medium
6413,183,12.251443,0.484368,1.0,2,198.397852,scenario_000,medium
6414,183,10.615843,0.410502,0.509305,1,206.978108,scenario_000,medium
6415,183,25.279073,0.569288,0.550956,1,236.863997,scenario_000,medium
6416,183,1.903409,0.096798,0.171673,0,191.476318,scenario_000,short
6417,183,6.067981,0.8647,0.928679,2,191.670835,scenario_000,medium
6418,183,2.571099,0.130382,0.259223,1,189.042375,scenario_000,short
6419,183,1.658556,0.794661,0.698135,0,189.903872,scenario_000,short
6420,183,1.771947,0.522419,0.693398,2,186.621696,scenario_000,short
6421,183,10.711389,1.0,0.855049,1,203.969175,scenario_000,medium
6422,183,1.806427,0.274644,0.510002,2,185.645722,scenario_000,short
6423,183,15.152968,0.680306,0.408406,2,201.397562,scenario_000,medium
6424,183,2.423231,0.671586,0.837452,2,187.116752,scenario_000,short
6425,183,12.838618,0.556339,0.503868,0,224.958975,scenario_000,medium
6426,184,2.054458,0.648554,0.537002,0,189.694328,scenario_000,short
6427,184,18.498185,0.250966,0.278283,2,213.507464,scenario_000,medium
6428,184,1.486674,0.574199,0.338585,0,188.038862,scenario_000,short
6429,184,16.189865,0.157039,0.217113,0,255.664451,scenario_000,medium
6430,184,1.356182,0.247914,0.295525,0,189.834897,scenario_000,short
6431,184,1.491027,0.378265,0.267603,0,190.697282,scenario_000,short
6432,184,1.821727,0.205199,0.483876,0,189.646238,scenario_000,short
6433,184,2.012083,0.528584,0.713227,1,188.592873,scenario_000,short
6434,184,1.70576,0.259204,0.391469,0,188.624099,scenario_000,short
6435,184,1.373602,0.202232,0.19279,0,187.9757,scenario_000,short
6436,184,1.804936,0.071785,0.148828,0,190.147367,scenario_000,short
6437,184,14.679053,0.122875,0.05,2,203.090855,scenario_000,medium
6438,184,1.812691,0.53542,0.499428,0,190.486506,scenario_000,short
6439,184,1.513186,0.389254,0.513351,1,188.180023,scenario_000,short
6440,184,8.766264,0.340646,0.945894,0,207.882713,scenario_000,medium
6441,184,1.506191,0.424154,0.425857,2,185.859854,scenario_000,short
6442,184,2.643153,0.584632,0.721614,2,189.227757,scenario_000,short
6443,185,2.079731,0.40374,0.673941,1,191.479807,scenario_000,short
6444,185,2.420813,0.676841,1.0,0,193.808617,scenario_000,short
6445,185,1.823292,0.650704,0.706503,1,188.525204,scenario_000,short
6446,185,2.251481,0.267486,0.495095,0,194.661944,scenario_000,short
6447,185,1.834224,0.615575,0.54641,0,192.828118,scenario_000,short
6448,185,1.523242,0.182855,0.19728,2,186.986725,scenario_000,short
6449,185,10.390778,0.64822,0.523653,1,217.945491,scenario_000,medium
6450,185,1.230593,0.541558,0.81696,0,189.154903,scenario_000,short
6451,185,1.374289,0.17675,0.527348,2,187.083968,scenario_000,short
6452,185,7.363981,0.516581,0.423564,2,198.025019,scenario_000,medium
6453,185,7.96097,0.770324,0.838458,0,209.001197,scenario_000,medium
6454,185,2.271088,0.089757,0.184681,1,189.294381,scenario_000,short
6455,185,25.405286,0.766176,0.674016,0,255.950467,scenario_000,long
6456,185,8.434243,0.388104,0.386608,2,199.909112,scenario_000,medium
6457,185,1.255882,0.524043,0.584447,0,188.65157,scenario_000,short
6458,185,11.862018,0.528696,0.665586,1,213.499069,scenario_000,medium
6459,185,12.823658,0.625474,0.529305,0,239.809822,scenario_000,medium
6460,185,17.194175,0.173773,0.222302,2,218.584339,scenario_000,medium
6461,185,2.153503,0.546237,0.750016,0,194.35668,scenario_000,short
6462,185,1.407604,0.074153,0.142922,0,189.899781,scenario_000,short
6463,185,11.074376,0.14179,0.524669,0,213.838812,scenario_000,medium
6464,185,1.469165,0.631006,0.895416,2,187.593703,scenario_000,short
6465,185,1.62491,0.072407,0.206813,2,187.514386,scenario_000,short
6466,185,1.654695,0.408468,0.457402,0,190.889453,scenario_000,short
6467,185,1.350694,0.653671,0.576085,2,186.577997,scenario_000,short
6468,185,2.07546,0.811895,0.858814,2,188.754134,scenario_000,short
6469,185,1.711138,0.51698,0.594947,0,189.376878,scenario_000,short
6470,186,1.650852,0.585255,0.591353,0,193.274174,scenario_000,short
6471,186,21.178095,0.86017,0.711278,1,241.292429,scenario_000,long
6472,186,2.320677,0.26338,0.393308,2,188.699564,scenario_000,short
6473,186,2.348508,0.426323,0.787982,0,196.215743,scenario_000,short
6474,186,11.2019,0.144712,0.325975,0,216.125733,scenario_000,medium
6475,186,2.104618,0.139993,0.660851,1,189.7803,scenario_000,short
6476,186,1.909519,0.553677,0.411151,0,193.929959,scenario_000,short
6477,186,1.441511,0.110809,0.181727,2,188.091089,scenario_000,short
6478,186,2.151894,0.354932,0.726069,2,189.298721,scenario_000,short
6479,186,8.653838,0.373858,0.55897,2,201.73885,scenario_000,medium
6480,186,9.246504,0.494362,0.405079,0,221.811425,scenario_000,medium
6481,186,18.339683,1.0,0.739995,0,234.331555,scenario_000,long
6482,186,1.610013,0.431038,0.664458,1,189.496049,scenario_000,short
6483,186,8.172352,0.187861,0.486915,0,221.888597,scenario_000,medium
6484,186,1.236897,0.192232,0.272409,1,188.875082,scenario_000,short
6485,186,2.634541,0.548813,0.443747,1,191.388744,scenario_000,short
6486,186,1.49018,0.151391,0.09146,1,189.030141,scenario_000,short
6487,186,2.36925,0.115354,0.1209,2,190.215379,scenario_000,short
6488,186,2.213107,0.233217,0.409209,2,190.140228,scenario_000,short
6489,186,2.207273,0.34263,0.446981,0,194.115857,scenario_000,short
6490,186,14.390555,0.408196,0.553928,0,222.680528,scenario_000,medium
6491,186,2.683593,0.384681,0.649915,2,190.57005,scenario_000,short
6492,186,1.88048,0.787135,0.732272,2,188.443762,scenario_000,short
6493,186,11.872495,0.582596,0.85241,0,237.273969,scenario_000,medium
6494,186,7.93689,0.410757,0.466991,0,209.967873,scenario_000,medium
6495,186,2.735405,0.417566,0.450445,1,192.656926,scenario_000,short
6496,186,9.441586,0.281909,0.567624,1,209.537616,scenario_000,medium
6497,186,18.64654,0.854474,0.878212,1,236.562897,scenario_000,medium
6498,186,1.47033,0.228649,0.232395,2,188.160522,scenario_000,short
6499,187,15.552869,0.710778,0.960359,1,230.130597,scenario_000,medium
6500,187,15.977675,0.702022,0.909516,1,235.646489,scenario_000,medium
6501,187,1.494344,0.138832,0.347671,2,188.884806,scenario_000,short
6502,187,1.820582,0.617429,0.750285,1,191.228471,scenario_000,short
6503,187,1.553629,0.552998,0.578623,0,193.77324,scenario_000,short
6504,187,1.95027,0.360272,0.572792,0,195.663248,scenario_000,short
6505,187,1.350848,0.183375,0.373108,2,189.023494,scenario_000,short
6506,187,1.860984,0.089336,0.224235,1,191.45319,scenario_000,short
6507,187,11.514224,0.306896,0.308776,0,224.8633,scenario_000,medium
6508,187,14.928693,0.880119,0.936422,0,250.898578,scenario_000,long
6509,187,2.178053,0.308981,0.442264,0,194.072039,scenario_000,short
6510,187,18.093856,0.434752,0.476855,2,215.516268,scenario_000,medium
6511,187,1.555626,0.232804,0.239655,0,193.413896,scenario_000,short
6512,187,5.452421,0.419727,0.363266,0,205.579142,scenario_000,medium
6513,187,1.520436,0.149703,0.750744,2,189.139292,scenario_000,short
6514,187,22.577073,0.907548,0.821356,1,253.660558,scenario_000,medium
6515,187,2.015656,0.357963,0.440484,2,189.765412,scenario_000,short
6516,187,1.663762,0.183417,0.389555,2,189.118035,scenario_000,short
6517,187,11.397256,0.138551,0.741596,1,219.345964,scenario_000,medium
6518,187,6.507008,0.409685,0.381331,0,206.939181,scenario_000,medium
6519,187,11.165603,0.647879,0.778027,2,203.80548,scenario_000,medium
6520,187,19.957653,0.132966,0.414711,0,275.429959,scenario_000,medium
6521,188,2.380396,0.561094,0.946744,1,192.514358,scenario_000,short
6522,188,1.993244,0.131756,0.08924,2,191.916386,scenario_000,short
6523,188,8.699144,1.0,0.889252,2,201.839598,scenario_000,medium
6524,188,11.330918,0.692269,0.7979,2,211.414106,scenario_000,medium
6525,188,2.559325,0.760392,0.987038,2,192.960389,scenario_000,short
6526,188,1.469796,0.076765,0.627475,0,191.740904,scenario_000,short
6527,188,17.976077,0.697637,0.85588,2,213.977991,scenario_000,medium
6528,188,5.463911,0.627885,0.806028,0,209.898359,scenario_000,medium
6529,188,1.232052,0.459125,0.626756,2,190.294881,scenario_000,short
6530,188,9.472028,0.280671,0.632217,0,223.036802,scenario_000,medium
6531,188,1.577879,0.772242,0.668015,1,192.822733,scenario_000,short
6532,188,2.110959,0.67269,0.668612,0,195.171829,scenario_000,short
6533,188,18.684619,0.197633,0.503787,2,216.158483,scenario_000,medium
6534,188,1.453938,0.424968,0.350557,0,192.784261,scenario_000,short
6535,188,1.968635,0.124315,0.076556,2,190.726619,scenario_000,short
6536,188,2.889258,0.441897,0.901371,2,192.806771,scenario_000,short
6537,188,2.446155,0.251371,0.34911,0,197.539994,scenario_000,short
6538,188,2.316071,0.091196,0.05,0,194.768065,scenario_000,short
6539,188,12.360318,0.438571,0.485369,0,241.480523,scenario_000,medium
6540,188,23.746669,0.801722,1.0,2,233.967768,scenario_000,long
6541,188,1.719742,0.393924,0.775743,1,191.611088,scenario_000,short
6542,188,1.829965,0.206598,0.553164,0,193.684718,scenario_000,short
6543,189,17.217133,0.339099,0.753537,1,233.275014,scenario_000,medium
6544,189,2.658521,0.614095,0.98096,0,199.071078,scenario_000,short
6545,189,9.198505,0.32951,0.348212,0,229.016215,scenario_000,medium
6546,189,1.755984,0.440455,0.562412,0,195.165856,scenario_000,short
6547,189,2.277017,0.088466,0.168756,0,195.335019,scenario_000,short
6548,189,11.578939,0.339336,0.457563,0,237.389369,scenario_000,medium
6549,189,2.319597,0.121635,0.528186,2,192.657028,scenario_000,short
6550,189,12.482249,0.150967,0.359481,1,219.244398,scenario_000,medium
6551,189,12.142028,0.812136,0.829894,0,238.983737,scenario_000,medium
6552,189,9.892775,0.5583,0.435753,0,215.83348,scenario_000,medium
6553,189,2.347174,0.388012,0.54048,2,193.739298,scenario_000,short
6554,189,1.169346,0.130305,0.401699,1,192.59033,scenario_000,short
6555,189,1.470453,0.100224,0.082784,0,195.192561,scenario_000,short
6556,190,1.274081,0.262023,0.324481,0,194.646418,scenario_000,short
6557,190,1.801211,0.419697,0.646734,0,197.769524,scenario_000,short
6558,190,1.983999,0.423091,0.38442,1,196.131666,scenario_000,short
6559,190,25.720489,0.822875,0.528246,0,274.502097,scenario_000,long
6560,190,2.046021,0.173194,0.578923,0,195.570387,scenario_000,short
6561,190,1.466896,0.178432,0.205643,0,193.824258,scenario_000,short
6562,190,1.334697,0.155936,0.393564,2,192.19262,scenario_000,short
6563,190,1.698573,0.379026,0.568012,0,195.272923,scenario_000,short
6564,190,1.931937,0.835246,1.0,0,197.75503,scenario_000,short
6565,190,21.629975,0.591443,0.528788,0,261.93957,scenario_000,long
6566,190,11.891272,0.28293,0.299948,2,214.045675,scenario_000,medium
6567,190,2.925986,0.429663,0.789289,2,195.265178,scenario_000,short
6568,191,20.622383,0.455466,0.701609,1,248.725605,scenario_000,medium
6569,191,2.529522,0.1571,0.502743,2,195.3025,scenario_000,short
6570,191,1.610305,0.360323,0.571887,2,194.107258,scenario_000,short
6571,191,2.077151,0.278075,0.308841,2,193.664914,scenario_000,short
6572,191,1.816466,0.729211,0.659894,2,194.547026,scenario_000,short
6573,191,17.183193,0.400692,0.751217,0,236.24874,scenario_000,medium
6574,191,13.203898,0.209765,0.241827,0,239.156442,scenario_000,medium
6575,191,9.045617,0.607783,0.629911,0,219.345885,scenario_000,medium
6576,191,17.989622,1.0,0.953512,2,212.13011,scenario_000,long
6577,191,1.469038,0.681933,0.847266,0,195.184661,scenario_000,short
6578,191,1.635399,0.191216,0.301695,2,193.454788,scenario_000,short
6579,191,27.353078,0.388886,0.422064,0,278.923093,scenario_000,long
6580,191,14.676519,0.621474,0.473707,0,248.447814,scenario_000,medium
6581,191,5.764404,0.659242,1.0,0,214.306002,scenario_000,medium
6582,191,2.045779,0.448671,0.270417,2,193.571446,scenario_000,short
6583,191,11.999531,0.59439,0.602165,2,210.996634,scenario_000,medium
6584,191,13.078889,0.852339,0.628348,0,238.84598,scenario_000,medium
6585,192,9.317667,0.996002,0.945246,1,219.904296,scenario_000,medium
6586,192,1.881919,0.514647,0.403287,0,199.164759,scenario_000,short
6587,192,17.018043,0.869281,0.671414,1,242.808138,scenario_000,long
6588,192,1.855077,0.565369,0.616338,0,199.855062,scenario_000,short
6589,192,1.514937,0.364225,0.295718,1,194.775917,scenario_000,short
6590,192,17.797126,0.946493,0.859979,2,222.289661,scenario_000,medium
6591,192,1.333671,0.37411,0.342504,2,193.656416,scenario_000,short
6592,192,9.197525,0.704197,0.581031,1,215.054499,scenario_000,medium
6593,192,1.802478,0.37368,0.285923,0,199.612464,scenario_000,short
6594,192,2.404364,0.321659,0.586874,0,202.555774,scenario_000,short
6595,192,2.545311,0.694994,0.787204,2,196.745802,scenario_000,short
6596,192,18.915406,1.0,1.0,1,228.639638,scenario_000,medium
6597,192,9.927471,1.0,0.829698,2,210.942444,scenario_000,medium
6598,192,1.810233,0.734136,0.749735,2,195.155491,scenario_000,short
6599,192,5.863439,0.271235,0.303444,0,207.466596,scenario_000,medium
6600,192,1.647829,0.1941,0.506237,1,195.302217,scenario_000,short
6601,192,1.539707,0.584286,0.624196,2,194.188869,scenario_000,short
6602,192,2.427554,0.512042,0.792926,2,195.867013,scenario_000,short
6603,193,1.240529,0.431053,0.507377,0,196.80895,scenario_000,short
6604,193,15.996103,0.619513,0.490944,1,235.403127,scenario_000,medium
6605,193,13.299572,0.712405,0.539185,2,208.686189,scenario_000,medium
6606,193,1.818624,0.18315,0.516039,1,197.958615,scenario_000,short
6607,193,1.650558,0.18626,0.298598,1,197.119564,scenario_000,short
6608,193,2.202438,0.412967,0.77518,0,200.613098,scenario_000,short
6609,193,13.271672,0.238551,0.242276,2,217.025274,scenario_000,medium
6610,193,2.016936,0.149399,0.462569,1,198.620726,scenario_000,short
6611,193,2.171129,0.357915,0.435518,0,200.309359,scenario_000,short
6612,193,1.858101,0.073825,0.17628,0,199.9427,scenario_000,short
6613,194,20.501494,0.575132,0.611105,0,268.871926,scenario_000,long
6614,194,1.954119,0.3134,0.375306,1,199.360751,scenario_000,short
6615,194,1.17982,0.763084,0.865646,2,195.820964,scenario_000,short
6616,194,1.61227,0.377573,0.484241,0,199.250975,scenario_000,short
6617,194,18.618757,0.60018,0.918315,2,219.774226,scenario_000,medium
6618,194,9.033469,0.793583,0.525149,1,212.752614,scenario_000,medium
6619,194,1.853647,0.226952,0.392751,1,199.505899,scenario_000,short
6620,194,2.562011,0.27245,0.21304,0,202.772407,scenario_000,short
6621,194,1.449889,0.058477,0.343858,2,196.831916,scenario_000,short
6622,194,13.442747,0.149111,0.220558,2,216.608476,scenario_000,medium
6623,195,17.125164,0.350592,0.849884,2,222.480723,scenario_000,medium
6624,195,1.599012,0.095505,0.215587,0,199.838156,scenario_000,short
6625,195,13.302869,0.844271,0.717457,1,226.565449,scenario_000,medium
6626,195,2.235321,0.23214,0.429868,0,200.863906,scenario_000,short
6627,195,1.577194,0.582797,0.440613,1,198.86057,scenario_000,short
6628,195,1.870516,0.267694,0.461831,0,199.891898,scenario_000,short
6629,195,2.431579,0.550086,0.728204,0,205.545881,scenario_000,short
6630,195,1.751553,0.252019,0.517078,2,198.479088,scenario_000,short
6631,195,2.36286,0.667451,0.751189,2,197.77748,scenario_000,short
6632,195,2.010603,0.398123,0.763532,0,200.834345,scenario_000,short
6633,195,1.648393,0.295857,0.289027,0,200.349536,scenario_000,short
6634,195,9.384598,0.609293,0.788192,0,233.458226,scenario_000,medium
6635,195,1.683995,0.218033,0.557053,2,197.189224,scenario_000,short
6636,196,1.922723,0.702355,0.642664,1,199.886873,scenario_000,short
6637,196,2.383828,0.291057,0.429546,2,198.839766,scenario_000,short
6638,196,9.591591,0.418542,0.493043,2,212.90856,scenario_000,medium
6639,196,9.595325,0.633605,0.539018,2,207.807146,scenario_000,medium
6640,196,2.024919,0.760897,0.74151,0,205.131955,scenario_000,short
6641,196,12.976094,0.94232,0.82834,2,211.297448,scenario_000,long
6642,196,2.545633,0.386579,0.332621,0,204.721976,scenario_000,short
6643,196,11.74707,0.451709,0.335912,1,231.302934,scenario_000,medium
6644,196,22.811553,0.795923,0.590213,1,264.196518,scenario_000,long
6645,196,16.016786,0.939714,1.0,0,253.176554,scenario_000,medium
6646,196,1.781069,0.506287,0.728534,2,199.31522,scenario_000,short
6647,196,1.1141,0.43331,0.73748,2,198.301294,scenario_000,short
6648,196,11.414961,0.441867,0.649725,2,214.734401,scenario_000,medium
6649,196,1.745538,0.397911,0.684621,1,199.234713,scenario_000,short
6650,196,9.168234,0.247201,0.328687,2,207.854894,scenario_000,medium
6651,196,1.486796,0.7206,0.534184,2,198.649038,scenario_000,short
6652,197,8.147416,0.558109,0.41653,2,212.800566,scenario_000,medium
6653,197,2.121814,0.536936,0.605559,0,203.977681,scenario_000,short
6654,197,5.16804,0.609782,0.749477,0,215.192172,scenario_000,medium
6655,197,19.18114,0.312446,0.231225,2,227.675576,scenario_000,medium
6656,197,2.037106,0.475218,0.626607,2,200.675834,scenario_000,short
6657,197,1.227752,0.397109,0.481015,2,199.159819,scenario_000,short
6658,197,1.729174,0.35979,0.882747,0,201.63679,scenario_000,short
6659,197,1.666608,0.45817,0.742945,0,203.127273,scenario_000,short
6660,197,11.806072,0.655244,0.522848,0,236.46468,scenario_000,medium
6661,197,2.443146,0.228007,0.220671,2,200.766316,scenario_000,short
6662,197,1.566684,0.458308,0.592761,0,202.690275,scenario_000,short
6663,197,12.568545,0.953422,0.948774,0,245.407678,scenario_000,long
6664,198,1.418807,0.553833,0.52031,2,200.114207,scenario_000,short
6665,198,1.572217,0.138949,0.315637,0,205.002708,scenario_000,short
6666,198,2.359831,0.287767,0.673907,2,201.409555,scenario_000,short
6667,198,1.136793,0.227326,0.095198,2,199.895616,scenario_000,short
6668,198,1.655715,0.320293,0.420918,0,205.333475,scenario_000,short
6669,198,2.086515,0.253899,0.390975,2,201.317293,scenario_000,short
6670,198,24.961077,0.584809,0.546743,2,241.36475,scenario_000,long
6671,198,2.107021,0.791492,0.911461,2,201.379781,scenario_000,short
6672,198,14.535528,0.852258,1.0,2,224.056014,scenario_000,long
6673,198,1.887372,0.204797,0.363097,0,205.632315,scenario_000,short
6674,199,18.549877,0.875744,0.694041,0,272.545123,scenario_000,long
6675,199,1.68603,0.432485,0.398359,2,201.478237,scenario_000,short
6676,199,20.672214,0.98963,1.0,1,247.86291,scenario_000,long
6677,199,1.69449,0.216581,0.664134,0,206.235187,scenario_000,short
6678,199,6.974392,0.213546,0.496094,2,207.356828,scenario_000,medium
6679,199,7.150788,0.466597,0.61549,2,209.579884,scenario_000,medium
6680,199,1.669298,0.205556,0.382936,0,203.742497,scenario_000,short
6681,199,1.683657,0.418177,0.455752,0,203.433973,scenario_000,short
6682,199,18.811549,0.647964,0.590957,1,243.841253,scenario_000,long
6683,199,1.651814,0.646765,0.574677,2,201.44925,scenario_000,short
6684,199,11.495466,0.907621,1.0,1,219.834067,scenario_000,medium
6685,199,1.096713,0.431864,0.333811,0,202.954127,scenario_000,short
6686,199,1.752448,0.684991,0.742239,1,203.318904,scenario_000,short
6687,199,1.425478,0.495292,0.546857,2,201.440473,scenario_000,short
6688,199,1.888164,0.123079,0.206232,2,202.252516,scenario_000,short
6689,199,1.740824,0.524503,0.575984,0,206.634031,scenario_000,short
6690,200,2.02381,0.403145,0.578041,2,202.454483,scenario_000,short
6691,200,12.209426,0.555961,0.347916,1,228.654939,scenario_000,medium
6692,200,1.507009,0.440434,0.484593,2,202.0401,scenario_000,short
6693,200,5.27889,0.552505,0.661606,1,210.267969,scenario_000,medium
6694,200,12.256218,1.0,0.841598,0,232.543237,scenario_000,medium
6695,201,1.600075,0.131174,0.373974,1,205.819976,scenario_000,short
6696,201,11.486843,0.413348,0.68924,0,235.021933,scenario_000,medium
6697,201,10.709125,0.623421,0.87335,2,218.636289,scenario_000,medium
6698,201,14.133157,0.637233,0.558804,0,248.782443,scenario_000,medium
6699,201,11.435231,1.0,1.0,2,219.825839,scenario_000,medium
6700,201,1.625657,0.19291,0.217378,2,204.234356,scenario_000,short
6701,201,1.868995,0.431571,0.674487,1,205.216147,scenario_000,short
6702,201,1.092648,0.362117,0.283944,2,202.605561,scenario_000,short
6703,201,18.891244,0.492559,0.613228,2,236.211241,scenario_000,medium
6704,201,1.8021,0.294052,0.681158,0,206.537624,scenario_000,short
6705,201,1.607136,0.065972,0.293225,0,205.737449,scenario_000,short
6706,201,12.792242,0.579104,0.491522,1,234.047007,scenario_000,medium
6707,202,1.431608,0.0939,0.613497,0,207.948792,scenario_000,short
6708,202,1.575478,0.068596,0.151471,2,204.983972,scenario_000,short
6709,202,14.462628,0.934432,0.981642,1,232.625784,scenario_000,medium
6710,202,1.585806,0.493914,0.530682,0,208.840148,scenario_000,short
6711,202,11.724679,0.364909,0.552731,1,223.020712,scenario_000,medium
6712,202,1.94753,0.410017,0.700522,1,206.094779,scenario_000,short
6713,202,1.670464,0.195741,0.592467,1,205.404532,scenario_000,short
6714,202,2.804786,0.512192,0.650525,2,205.504232,scenario_000,short
6715,202,1.809715,0.361643,0.818271,0,208.376558,scenario_000,short
6716,202,20.314592,0.808715,0.923423,2,235.397296,scenario_000,medium
6717,202,19.559897,1.0,0.908086,0,287.12294,scenario_000,medium
6718,202,2.117353,0.664031,0.745656,1,206.113678,scenario_000,short
6719,202,30.316356,0.553199,0.959812,1,266.915581,scenario_000,medium
6720,202,1.06881,0.298526,0.388859,2,203.847491,scenario_000,short
6721,202,1.540825,0.804053,0.995266,2,204.737539,scenario_000,short
6722,202,2.489757,0.657271,0.664272,0,209.182551,scenario_000,short
6723,202,1.262975,0.541852,0.649157,1,205.221329,scenario_000,short
6724,202,14.406189,0.879622,0.800581,0,258.985383,scenario_000,medium
6725,202,1.440486,0.359084,0.387533,2,203.729715,scenario_000,short
6726,202,12.457628,0.8859,0.767607,2,221.585237,scenario_000,medium
6727,202,2.193341,0.185083,0.055055,2,206.513261,scenario_000,short
6728,202,1.791985,0.602666,0.731209,0,207.902414,scenario_000,short
6729,202,1.185785,0.083565,0.597261,0,205.449591,scenario_000,short
6730,202,1.281722,0.338289,0.439862,2,204.007243,scenario_000,short
6731,202,1.340244,0.65873,0.600791,2,204.254584,scenario_000,short
6732,202,12.088174,1.0,1.0,0,247.482154,scenario_000,medium
6733,202,1.752095,0.295067,0.308291,0,209.503435,scenario_000,short
6734,202,15.636848,0.440483,0.511004,2,221.779613,scenario_000,medium
6735,203,14.526512,0.281323,0.324005,2,225.077072,scenario_000,long
6736,203,10.740889,0.281617,0.152942,2,221.540933,scenario_000,medium
6737,203,11.133053,0.581648,0.788897,0,252.205367,scenario_000,medium
6738,203,2.04014,0.475089,0.740535,0,208.737474,scenario_000,short
6739,203,1.146147,0.235282,0.269011,0,207.551662,scenario_000,short
6740,203,1.928979,0.289445,0.429421,1,206.769543,scenario_000,short
6741,203,1.011345,0.212215,0.194875,0,206.202898,scenario_000,short
6742,203,9.935921,0.894001,0.649111,0,234.220322,scenario_000,medium
6743,203,1.379448,0.696835,0.611336,1,207.285279,scenario_000,short
6744,203,1.570775,0.256514,0.803094,0,207.271177,scenario_000,short
6745,203,1.747787,0.454179,0.705482,1,207.435934,scenario_000,short
6746,203,1.667645,0.297015,0.40428,1,207.516853,scenario_000,short
6747,203,20.164955,0.638454,0.639923,2,229.670919,scenario_000,long
6748,203,1.584307,0.617331,0.74729,0,207.568579,scenario_000,short
6749,203,2.263657,0.422072,0.520617,0,211.476987,scenario_000,short
6750,203,9.857035,0.250008,0.379914,1,230.847038,scenario_000,medium
6751,204,1.784329,0.302748,0.354249,0,208.550194,scenario_000,short
6752,204,1.725406,0.319474,0.535034,0,209.901765,scenario_000,short
6753,204,1.190104,0.262461,0.512731,0,207.849089,scenario_000,short
6754,204,2.165336,0.364536,0.230942,2,206.599224,scenario_000,short
6755,204,6.675449,0.618978,0.722606,2,213.540895,scenario_000,medium
6756,204,7.660765,0.604355,0.429463,0,226.088218,scenario_000,medium
6757,204,2.178765,0.622281,0.540529,0,211.711563,scenario_000,short
6758,204,2.276387,0.152709,0.119752,0,211.843692,scenario_000,short
6759,204,9.749774,0.73696,0.531617,2,218.42,scenario_000,medium
6760,204,5.657868,0.442989,0.320275,2,214.20896,scenario_000,medium
6761,204,1.542524,0.4285,0.447521,2,206.076103,scenario_000,short
6762,204,2.211934,0.269046,0.638672,0,210.766894,scenario_000,short
6763,204,1.661868,0.415463,0.623608,2,207.420432,scenario_000,short
6764,204,8.915204,0.683733,0.837134,1,227.961302,scenario_000,medium
6765,204,1.508161,0.093978,0.05,0,209.266642,scenario_000,short
6766,204,28.221136,0.95314,1.0,0,322.269444,scenario_000,long
6767,204,1.852928,0.233627,0.664215,2,206.195074,scenario_000,short
6768,205,1.33374,0.265976,0.305431,0,209.766816,scenario_000,short
6769,205,1.719234,0.366054,0.401288,1,209.760742,scenario_000,short
6770,205,2.011318,0.254902,0.429727,2,208.27917,scenario_000,short
6771,205,1.444737,0.057566,0.207613,2,207.735296,scenario_000,short
6772,205,10.848803,0.148611,0.433405,2,218.627451,scenario_000,medium
6773,205,2.352001,0.204889,0.473637,2,207.885534,scenario_000,short
6774,205,1.438554,0.095015,0.14224,2,207.411689,scenario_000,short
6775,205,15.829835,0.183462,0.412599,0,249.007108,scenario_000,medium
6776,205,2.10965,0.802587,0.80634,0,213.17883,scenario_000,short
6777,205,8.206294,0.611949,0.93115,0,231.066888,scenario_000,medium
6778,205,1.48787,0.287739,0.426364,0,209.264932,scenario_000,short
6779,205,2.110939,0.526802,0.382545,0,211.58593,scenario_000,short
6780,206,1.220075,0.216264,0.30759,2,207.787437,scenario_000,short
6781,206,10.572751,0.586493,0.458876,0,247.183126,scenario_000,medium
6782,206,8.049959,0.66712,0.651821,0,236.859185,scenario_000,medium
6783,206,2.022143,0.679272,0.575295,0,211.383362,scenario_000,short
6784,206,6.073284,0.351686,0.550125,1,220.34039,scenario_000,medium
6785,206,20.194235,0.217367,0.623503,2,236.635804,scenario_000,medium
6786,206,15.890767,0.139971,0.61458,2,232.001448,scenario_000,medium
6787,206,2.03515,0.702017,0.60536,1,211.074489,scenario_000,short
6788,206,1.485501,0.061371,0.426425,0,211.16401,scenario_000,short
6789,206,1.412349,0.639659,0.580925,1,210.009024,scenario_000,short
6790,206,1.452534,0.306605,0.503127,0,211.16703,scenario_000,short
6791,206,6.625669,0.68051,0.799338,0,226.307692,scenario_000,medium
6792,206,2.31571,0.149263,0.321287,0,212.801365,scenario_000,short
6793,206,2.061337,0.333039,0.266954,0,213.755789,scenario_000,short
6794,206,14.610357,0.600457,0.543438,2,227.720505,scenario_000,medium
6795,207,2.135168,0.797292,0.829823,1,210.982476,scenario_000,short
6796,207,10.990025,0.138081,0.568394,1,236.367197,scenario_000,medium
6797,207,1.492058,0.305763,0.442415,2,209.126724,scenario_000,short
6798,207,2.495657,0.403773,0.526865,0,217.312273,scenario_000,short
6799,207,1.454774,0.193459,0.320107,1,210.877377,scenario_000,short
6800,207,2.211039,0.659291,0.611336,0,216.842786,scenario_000,short
6801,207,8.341645,0.368609,0.513449,2,221.26068,scenario_000,medium
6802,207,1.815801,0.382845,0.495606,1,212.67317,scenario_000,short
6803,207,9.917323,0.833179,0.716993,1,226.000209,scenario_000,medium
6804,207,1.393573,0.169407,0.109227,2,209.714841,scenario_000,short
6805,207,1.800236,0.410182,0.428728,2,209.124582,scenario_000,short
6806,207,2.136047,0.159494,0.249879,1,213.709172,scenario_000,short
6807,207,2.074328,0.301997,0.44361,0,213.510903,scenario_000,short
6808,207,1.671043,0.436267,0.391616,0,211.563079,scenario_000,short
6809,207,2.567542,0.574744,0.518247,2,211.270867,scenario_000,short
6810,207,17.492855,0.450724,0.738284,0,254.231555,scenario_000,medium
6811,207,10.625057,0.244326,0.568052,2,220.294153,scenario_000,medium
6812,208,1.795076,0.574909,0.443602,0,214.080771,scenario_000,short
6813,208,1.454716,0.505775,0.437326,2,210.369322,scenario_000,short
6814,208,25.292986,1.0,1.0,0,274.292397,scenario_000,long
6815,208,8.26403,0.724489,0.629474,0,233.595311,scenario_000,medium
6816,208,2.142483,0.71244,1.0,1,213.347582,scenario_000,short
6817,208,16.494679,0.428999,0.713189,1,249.175249,scenario_000,medium
6818,208,1.936389,0.440892,0.544317,1,212.033387,scenario_000,short
6819,208,1.881883,0.413891,0.61112,1,211.369501,scenario_000,short
6820,208,1.600412,0.415903,0.426709,1,211.957955,scenario_000,short
6821,208,1.884198,0.295728,0.618104,0,214.265622,scenario_000,short
6822,208,1.220352,0.138108,0.220453,0,212.640685,scenario_000,short
6823,208,1.07533,0.45828,0.288212,1,211.007706,scenario_000,short
6824,208,1.954311,0.354686,0.533022,2,211.09098,scenario_000,short
6825,208,1.587417,0.341589,0.729329,0,212.810004,scenario_000,short
6826,208,1.952539,0.70516,0.756344,1,212.619878,scenario_000,short
6827,208,0.984788,0.365902,0.278605,1,211.054082,scenario_000,short
6828,209,1.915916,0.509674,0.607591,2,212.75441,scenario_000,short
6829,209,12.037266,0.35421,0.255449,0,244.47425,scenario_000,medium
6830,209,2.282589,0.423098,0.557326,0,218.699597,scenario_000,short
6831,209,1.275259,0.6984,0.65078,0,212.990808,scenario_000,short
6832,209,1.780765,0.306758,0.665398,2,212.057833,scenario_000,short
6833,209,1.895623,0.485653,0.44287,2,211.310715,scenario_000,short
6834,209,16.3503,0.96321,1.0,2,230.344255,scenario_000,medium
6835,209,6.328892,0.909691,0.976062,0,232.157796,scenario_000,medium
6836,209,1.589528,0.282797,0.473151,0,214.097097,scenario_000,short
6837,209,2.141177,0.317796,0.754216,2,212.025628,scenario_000,short
6838,210,15.645143,0.608543,0.751175,2,236.638284,scenario_000,medium
6839,210,1.791909,0.128972,0.59993,1,213.947391,scenario_000,short
6840,210,12.672142,0.372335,0.412732,1,241.23869,scenario_000,long
6841,210,9.841329,0.331312,0.411069,0,235.557525,scenario_000,medium
6842,210,12.449957,0.671571,0.613531,1,241.233575,scenario_000,medium
6843,210,1.468643,0.559653,0.916056,0,216.406727,scenario_000,short
6844,210,1.877957,0.765312,0.709035,0,215.131804,scenario_000,short
6845,210,2.380256,0.578441,0.461185,1,215.657902,scenario_000,short
6846,211,2.038754,0.467479,0.459181,2,213.821623,scenario_000,short
6847,211,18.702207,0.648593,0.758991,2,244.844019,scenario_000,medium
6848,211,2.56294,0.098287,0.119237,0,217.609736,scenario_000,short
6849,211,10.829862,0.332434,0.795673,0,258.618349,scenario_000,medium
6850,211,2.318176,0.256809,0.278581,2,215.645755,scenario_000,short
6851,211,1.607894,0.578084,0.671708,0,215.551421,scenario_000,short
6852,211,2.092308,0.65327,0.616052,1,216.450867,scenario_000,short
6853,211,1.619501,0.177387,0.293478,0,217.162302,scenario_000,short
6854,211,1.695879,0.447174,0.565496,2,213.97675,scenario_000,short
6855,211,1.914369,0.195118,0.486857,0,217.969969,scenario_000,short
6856,211,1.719805,0.732222,0.517047,2,214.478585,scenario_000,short
6857,211,1.832428,0.410644,0.570047,2,214.413388,scenario_000,short
6858,212,1.719724,0.090456,0.170026,2,215.241702,scenario_000,short
6859,212,1.606823,0.08234,0.146965,0,217.266245,scenario_000,short
6860,212,8.809418,0.36566,0.536461,2,224.322631,scenario_000,medium
6861,212,1.333191,0.359262,0.407587,1,214.385147,scenario_000,short
6862,212,15.40643,0.386526,0.742552,0,263.389049,scenario_000,medium
6863,212,2.2643,0.266057,0.826183,1,216.805769,scenario_000,short
6864,212,1.303879,0.378625,0.288981,0,216.096202,scenario_000,short
6865,212,10.993119,0.17177,0.283213,0,253.751629,scenario_000,medium
6866,212,1.731592,0.525972,0.498839,0,219.136404,scenario_000,short
6867,212,1.633798,0.222035,0.904358,2,215.217069,scenario_000,short
6868,212,1.881515,0.521319,0.553991,0,219.464705,scenario_000,short
6869,213,2.257702,0.605194,0.387242,2,217.584617,scenario_000,short
6870,213,1.951008,0.675262,0.606007,1,218.813719,scenario_000,short
6871,213,16.601492,0.131359,0.245499,0,264.180809,scenario_000,medium
6872,213,1.361961,0.515956,0.318678,1,216.192845,scenario_000,short
6873,213,14.573099,1.0,0.882437,0,253.338097,scenario_000,medium
6874,213,9.88101,0.510473,0.444851,0,256.492096,scenario_000,medium
6875,213,2.12427,0.760503,1.0,1,217.319458,scenario_000,short
6876,213,1.672363,0.37781,0.409636,2,216.214989,scenario_000,short
6877,213,11.833135,0.294519,0.376786,0,259.901086,scenario_000,medium
6878,213,1.887347,0.251187,0.478414,2,215.690222,scenario_000,short
6879,213,1.813268,0.496338,0.526397,0,219.843389,scenario_000,short
6880,213,1.483301,0.318695,0.447217,1,216.305908,scenario_000,short
6881,214,1.912373,0.656671,0.761034,1,218.724431,scenario_000,short
6882,214,1.932618,0.282676,0.580683,1,219.654153,scenario_000,short
6883,214,1.760475,0.095722,0.38395,0,220.166824,scenario_000,short
6884,214,15.750751,0.632351,0.714215,0,278.855591,scenario_000,medium
6885,214,1.552285,0.081904,0.076539,2,215.83994,scenario_000,short
6886,214,1.576606,0.479758,0.427056,1,218.565207,scenario_000,short
6887,215,2.284599,0.661809,0.943169,2,218.712693,scenario_000,short
6888,215,1.550503,0.151927,0.44569,0,218.941414,scenario_000,short
6889,215,1.644605,0.677755,0.542481,2,217.490224,scenario_000,short
6890,215,16.545669,0.780837,0.639063,1,255.742814,scenario_000,medium
6891,215,2.142115,0.642675,0.475625,0,221.680068,scenario_000,short
6892,215,1.558063,0.153524,0.444832,1,218.660202,scenario_000,short
6893,216,13.252597,0.377284,0.295524,0,264.207374,scenario_000,medium
6894,216,1.704908,0.459786,0.843336,2,218.272567,scenario_000,short
6895,216,17.27984,0.490202,0.357557,2,243.54996,scenario_000,medium
6896,216,1.903804,0.112623,0.325317,0,221.812302,scenario_000,short
6897,216,1.600014,0.812063,0.684232,0,221.311497,scenario_000,short
6898,216,10.772968,0.129954,0.415864,2,234.869511,scenario_000,medium
6899,216,1.81643,0.439002,0.412472,0,222.590711,scenario_000,short
6900,216,1.869846,0.273165,0.580946,0,224.235303,scenario_000,short
6901,216,8.947502,0.171045,0.371421,0,254.709585,scenario_000,medium
6902,216,1.465356,0.098474,0.576529,1,218.752661,scenario_000,short
6903,216,5.189567,0.269836,0.299516,1,228.106486,scenario_000,medium
6904,216,10.368672,0.853998,0.6985,1,244.220589,scenario_000,medium
6905,217,2.217797,0.343517,0.207392,2,220.141181,scenario_000,short
6906,217,10.870523,0.332639,0.330533,2,236.459361,scenario_000,medium
6907,217,1.211144,0.050527,0.05,0,220.191305,scenario_000,short
6908,217,10.161283,0.845138,0.875571,1,235.55701,scenario_000,medium
6909,217,2.139023,0.506631,0.497856,0,223.597811,scenario_000,short
6910,217,15.84293,0.21864,0.194853,1,248.523089,scenario_000,medium
6911,217,1.924203,0.354354,0.58065,1,223.059685,scenario_000,short
6912,217,2.405963,0.384734,0.450992,0,225.590689,scenario_000,short
6913,217,11.00995,0.772143,0.768421,1,238.131504,scenario_000,medium
6914,217,2.990964,0.331626,0.484509,1,225.299412,scenario_000,short
6915,217,21.838826,0.34264,0.627451,2,260.679516,scenario_000,medium
6916,217,3.148504,0.30859,0.1788,2,220.993706,scenario_000,short
6917,218,11.659841,0.52492,0.826635,0,256.91059,scenario_000,medium
6918,218,1.561691,0.50186,0.531774,1,222.356166,scenario_000,short
6919,218,1.591279,0.410466,0.418589,1,222.597494,scenario_000,short
6920,218,1.895175,0.211109,0.197807,0,222.871741,scenario_000,short
6921,218,2.424885,0.148801,0.664989,0,226.759725,scenario_000,short
6922,218,12.809237,0.985888,1.0,1,251.109886,scenario_000,long
6923,218,14.199512,0.337097,0.459808,2,240.77028,scenario_000,long
6924,219,2.726432,0.06434,0.2009,1,226.209791,scenario_000,short
6925,219,10.564283,0.184437,0.063157,0,263.497163,scenario_000,medium
6926,219,1.210764,0.062327,0.05,0,222.135305,scenario_000,short
6927,219,3.124517,0.131261,0.165716,0,227.594748,scenario_000,short
6928,219,6.092029,0.853541,1.0,0,238.076626,scenario_000,medium
6929,219,1.323647,0.397922,0.585909,1,221.678884,scenario_000,short
6930,219,1.722398,0.605413,0.866709,2,221.959795,scenario_000,short
6931,219,1.617859,0.600117,0.530802,2,221.75295,scenario_000,short
6932,219,2.33051,0.184826,0.219824,2,223.17758,scenario_000,short
6933,219,28.333293,0.703241,0.75718,0,304.165394,scenario_000,medium
6934,219,1.481458,0.145795,0.449436,2,221.493644,scenario_000,short
6935,219,1.430922,0.183877,0.411362,0,223.595324,scenario_000,short
6936,219,2.383809,0.424956,0.4382,0,225.735732,scenario_000,short
6937,219,2.332112,0.429852,0.564898,2,223.573665,scenario_000,short
6938,219,2.789962,0.079339,0.446019,0,231.419189,scenario_000,short
6939,220,15.82104,0.831747,0.596151,0,267.998097,scenario_000,medium
6940,220,1.836739,0.502773,0.817772,0,226.334103,scenario_000,short
6941,220,19.353614,1.0,1.0,2,255.790404,scenario_000,long
6942,220,2.140009,0.748155,0.601859,0,227.462282,scenario_000,short
6943,220,2.782907,0.396675,0.370637,0,231.466177,scenario_000,short
6944,220,9.148286,0.28563,0.418677,2,232.879689,scenario_000,medium
6945,220,8.048934,1.0,1.0,2,232.907558,scenario_000,medium
6946,221,1.547771,0.428781,0.394255,1,225.622174,scenario_000,short
6947,221,9.702035,0.534044,0.680958,0,250.75654,scenario_000,medium
6948,221,2.250301,0.562878,0.720783,2,225.540084,scenario_000,short
6949,221,1.827072,0.395824,0.693052,2,224.417399,scenario_000,short
6950,221,9.514356,0.690489,0.746841,1,249.404172,scenario_000,medium
6951,221,33.546231,0.908196,0.803087,1,308.678212,scenario_000,long
6952,221,18.9043,1.0,1.0,0,277.659036,scenario_000,long
6953,221,17.166046,0.165286,0.582358,1,261.866596,scenario_000,medium
6954,222,18.375647,0.206635,0.373092,2,249.097038,scenario_000,medium
6955,222,9.715215,0.780867,0.655678,0,256.885057,scenario_000,medium
6956,222,5.074072,0.703782,0.652731,1,235.178588,scenario_000,medium
6957,222,1.615086,0.080712,0.434883,0,228.335446,scenario_000,short
6958,222,1.611287,0.72048,0.677172,2,225.295064,scenario_000,short
6959,222,1.888864,0.382421,0.29966,2,224.965828,scenario_000,short
6960,222,10.166315,0.183264,0.421016,2,234.228213,scenario_000,medium
6961,222,1.408223,0.365239,0.342429,0,225.787447,scenario_000,short
6962,222,2.029184,0.33249,0.267098,2,225.894312,scenario_000,short
6963,222,8.624178,0.18567,0.661205,1,247.22563,scenario_000,medium
6964,223,11.940151,0.204015,0.219042,0,260.342307,scenario_000,medium
6965,223,1.142518,0.478768,0.756387,0,227.966386,scenario_000,short
6966,223,1.979763,0.106152,0.05,0,229.868813,scenario_000,short
6967,223,2.055982,0.493517,0.693914,0,229.113947,scenario_000,short
6968,223,1.531419,0.408597,0.646777,2,225.118512,scenario_000,short
6969,223,1.827422,0.598458,0.853224,0,230.815774,scenario_000,short
6970,223,1.862859,0.683818,0.667565,0,228.862204,scenario_000,short
6971,223,19.654585,0.515214,0.638571,0,288.925602,scenario_000,medium
6972,223,1.547492,0.237604,0.343329,2,225.652569,scenario_000,short
6973,223,1.548735,0.085999,0.163962,0,227.33806,scenario_000,short
6974,224,1.854299,0.500103,0.626427,0,230.302748,scenario_000,short
6975,224,1.724182,0.131327,0.46385,0,229.670467,scenario_000,short
6976,224,14.87729,0.821225,0.858707,2,242.323574,scenario_000,medium
6977,224,1.737609,0.365425,0.239155,2,226.771856,scenario_000,short
6978,224,1.51027,0.197363,0.386492,2,226.129482,scenario_000,short
6979,224,2.506377,0.562229,0.554811,2,228.77413,scenario_000,short
6980,224,11.146565,0.713056,0.723899,2,237.348177,scenario_000,medium
6981,224,0.925111,0.196656,0.427576,2,225.603119,scenario_000,short
6982,224,1.210704,0.616075,0.918238,1,227.019546,scenario_000,short
6983,225,1.716205,0.278535,0.391897,2,228.155349,scenario_000,short
6984,225,1.442034,0.245182,0.19703,2,226.890448,scenario_000,short
6985,225,10.200967,0.36929,0.46367,0,253.147821,scenario_000,medium
6986,225,14.346304,0.434209,0.824831,0,278.983815,scenario_000,medium
6987,226,1.62553,0.065811,0.179324,1,230.455609,scenario_000,short
6988,226,1.18504,0.40663,0.576225,2,227.888482,scenario_000,short
6989,226,13.607865,0.145364,0.489758,1,264.588282,scenario_000,medium
6990,226,2.052582,0.400381,0.656893,2,228.538768,scenario_000,short
6991,226,1.688765,0.367469,0.403282,0,232.250654,scenario_000,short
6992,226,1.997503,0.490263,0.617439,1,232.113672,scenario_000,short
6993,226,1.951996,0.344838,0.312952,0,231.084332,scenario_000,short
6994,226,1.938875,0.281445,0.361738,2,228.465917,scenario_000,short
6995,227,1.416661,0.447674,0.428404,1,229.647092,scenario_000,short
6996,227,2.602069,0.151398,0.335966,0,235.842382,scenario_000,short
6997,227,14.619805,0.908995,0.946895,2,254.3611,scenario_000,medium
6998,227,1.394236,0.615732,0.608085,2,229.359218,scenario_000,short
6999,227,8.205669,1.0,0.815854,1,242.768596,scenario_000,medium
7000,227,2.305621,0.167517,0.40329,0,235.217435,scenario_000,short
7001,227,12.338651,1.0,0.99967,1,250.307166,scenario_000,long
7002,227,24.802735,0.471563,0.659301,1,301.689859,scenario_000,medium
7003,227,1.449202,0.114306,0.367705,2,228.8377,scenario_000,short
7004,228,7.252793,0.198757,0.426682,2,241.332546,scenario_000,medium
7005,228,2.356834,0.155971,0.30044,0,234.447768,scenario_000,short
7006,228,2.227944,0.209567,0.551441,0,234.150901,scenario_000,short
7007,228,1.512431,0.298037,0.492571,0,232.977955,scenario_000,short
7008,228,3.009335,0.434785,0.478384,2,233.119082,scenario_000,short
7009,228,2.207639,0.500763,0.353004,0,236.820371,scenario_000,short
7010,228,2.270225,0.210473,0.438876,0,234.989598,scenario_000,short
7011,228,1.572895,0.393123,0.345738,0,232.37801,scenario_000,short
7012,228,1.536443,0.749005,0.597555,1,231.59528,scenario_000,short
7013,229,17.638285,0.461392,0.401374,0,283.099123,scenario_000,medium
7014,229,2.174245,0.346095,0.498554,1,234.057637,scenario_000,short
7015,229,1.898813,0.226964,0.283301,2,231.24174,scenario_000,short
7016,229,1.718859,0.36066,0.350239,2,231.948731,scenario_000,short
7017,229,2.535106,0.622751,0.52791,0,238.020963,scenario_000,short
7018,230,15.49496,0.267355,0.283049,1,267.910103,scenario_000,medium
7019,230,10.597509,0.353456,0.379954,0,264.27494,scenario_000,medium
7020,230,2.268849,0.064094,0.784744,1,236.547309,scenario_000,short
7021,230,1.506442,0.352344,0.243625,2,232.946459,scenario_000,short
7022,230,10.355439,0.148443,0.357104,2,244.461699,scenario_000,medium
7023,230,2.439726,0.518337,0.808346,0,240.548137,scenario_000,short
7024,230,1.34876,0.254695,0.317358,0,233.892424,scenario_000,short
7025,230,1.011502,0.547686,0.427424,0,234.357522,scenario_000,short
7026,230,1.673017,0.199886,0.431831,2,232.051461,scenario_000,short
7027,230,2.496032,0.25786,0.693765,1,237.431474,scenario_000,short
7028,230,1.410337,0.480352,0.519393,2,232.683897,scenario_000,short
7029,231,2.031981,0.376014,0.502198,1,236.275927,scenario_000,short
7030,231,6.666688,0.241041,0.576582,2,240.830812,scenario_000,medium
7031,231,1.387094,0.333947,0.41196,1,235.302346,scenario_000,short
7032,231,1.790434,0.666695,0.933054,0,236.531911,scenario_000,short
7033,231,6.051252,0.542159,0.711334,2,240.307631,scenario_000,medium
7034,231,1.758182,0.187861,0.322345,0,238.476126,scenario_000,short
7035,232,2.015643,0.139468,0.152251,1,237.030282,scenario_000,short
7036,232,1.590332,0.225477,0.213498,1,236.573751,scenario_000,short
7037,232,7.918324,0.306594,0.298641,0,259.936796,scenario_000,medium
7038,232,16.070673,0.355022,0.330695,2,260.368403,scenario_000,medium
7039,232,12.484632,0.748914,0.733022,0,273.795102,scenario_000,medium
7040,232,2.123652,0.540705,0.525032,2,235.302627,scenario_000,short
7041,232,20.290579,0.45554,0.422173,0,293.35419,scenario_000,long
7042,233,12.675396,0.366059,0.396718,2,257.260266,scenario_000,medium
7043,233,1.500926,0.505309,0.501479,0,237.661943,scenario_000,short
7044,233,2.163461,0.345551,0.573225,0,239.573906,scenario_000,short
7045,233,2.086675,0.424009,0.35751,2,236.76676,scenario_000,short
7046,233,1.22557,0.818164,0.707241,0,237.928047,scenario_000,short
7047,233,1.931794,0.637164,0.444594,2,236.138258,scenario_000,short
7048,233,1.093638,0.476696,0.621922,2,235.232289,scenario_000,short
7049,233,1.593933,0.061881,0.2302,1,237.677569,scenario_000,short
7050,233,1.426382,0.417278,0.411,2,235.920535,scenario_000,short
7051,233,1.781864,0.504974,0.567821,0,237.565401,scenario_000,short
7052,233,2.030759,0.277458,0.600686,1,237.216063,scenario_000,short
7053,234,18.441752,0.261153,0.40947,1,277.992398,scenario_000,medium
7054,234,1.914174,0.36116,0.427435,0,242.182187,scenario_000,short
7055,234,1.951987,0.44169,0.444052,1,240.05694,scenario_000,short
7056,234,1.336635,0.772344,0.592326,2,235.730982,scenario_000,short
7057,234,16.379422,0.517705,0.920753,0,293.844421,scenario_000,medium
7058,234,1.931693,0.312046,0.422591,1,239.366869,scenario_000,short
7059,234,2.108647,0.262296,0.42566,0,240.289275,scenario_000,short
7060,234,9.613779,0.890628,0.954632,2,249.014961,scenario_000,medium
7061,234,11.422034,0.422075,0.894726,1,260.554314,scenario_000,medium
7062,234,1.932944,0.642146,0.607115,0,239.408688,scenario_000,short
7063,234,13.724003,0.125799,0.329659,2,252.294999,scenario_000,medium
7064,234,7.976616,0.523158,0.691166,0,264.053179,scenario_000,medium
7065,234,1.496632,0.09117,0.123399,0,238.045642,scenario_000,short
7066,234,5.29373,0.455143,0.474815,0,251.713959,scenario_000,medium
7067,235,14.630854,0.478037,0.521563,2,255.963267,scenario_000,medium
7068,235,12.381739,0.627507,0.431409,0,285.477593,scenario_000,medium
7069,235,2.445696,0.175612,0.308802,2,237.920272,scenario_000,short
7070,235,2.610909,0.727304,0.754692,2,239.885929,scenario_000,short
7071,235,2.73425,0.35029,0.382172,1,242.98128,scenario_000,short
7072,235,2.721213,0.285659,0.315627,0,245.95504,scenario_000,short
7073,235,1.499458,0.69934,1.0,0,241.431688,scenario_000,short
7074,235,1.161332,0.6934,0.750207,1,237.787202,scenario_000,short
7075,236,1.455049,0.573326,0.566619,2,238.266946,scenario_000,short
7076,236,2.635127,0.075068,0.208464,2,240.822902,scenario_000,short
7077,236,1.700745,0.638876,0.481186,1,240.262141,scenario_000,short
7078,236,1.03758,0.173957,0.296095,0,240.572553,scenario_000,short
7079,236,1.381911,0.246518,0.440928,2,238.238168,scenario_000,short
7080,236,1.922794,0.303155,0.285259,2,238.700904,scenario_000,short
7081,236,2.306141,0.616346,0.474028,2,239.689267,scenario_000,short
7082,237,5.878507,0.765596,0.727209,2,248.949983,scenario_000,medium
7083,237,2.097431,0.230187,0.156806,2,240.28998,scenario_000,short
7084,237,1.61218,0.770965,0.500562,0,242.03,scenario_000,short
7085,237,1.754542,0.422099,0.400497,1,242.040814,scenario_000,short
7086,237,1.714023,0.388976,0.553001,1,241.042057,scenario_000,short
7087,237,2.168849,0.130807,0.361088,0,244.142909,scenario_000,short
7088,237,1.376352,0.3695,0.407667,0,242.478737,scenario_000,short
7089,237,11.299042,0.887388,0.816961,2,253.26086,scenario_000,medium
7090,237,11.613193,0.359376,0.412965,2,254.742119,scenario_000,medium
7091,238,6.709916,0.676895,0.829309,0,261.437982,scenario_000,medium
7092,238,2.064283,0.533362,0.359267,0,244.170221,scenario_000,short
7093,238,7.119461,0.299549,0.160831,0,263.333607,scenario_000,medium
7094,238,1.813081,0.320893,0.902036,2,240.950063,scenario_000,short
7095,238,15.976348,0.52793,0.589934,1,271.394161,scenario_000,medium
7096,238,15.427856,0.823107,0.768298,1,268.022547,scenario_000,medium
7097,238,12.721468,0.511057,0.492876,2,261.069175,scenario_000,medium
7098,239,12.035966,0.275461,0.344956,0,278.010172,scenario_000,medium
7099,239,14.199168,0.664876,0.559916,0,289.458575,scenario_000,medium
7100,239,1.390883,0.401424,0.376404,0,243.591864,scenario_000,short
7101,239,1.708479,0.627146,0.445177,0,244.323245,scenario_000,short
7102,239,17.296879,0.371939,0.387667,2,273.108429,scenario_000,medium
7103,239,1.935424,0.386173,0.66133,0,247.234725,scenario_000,short
7104,239,2.055923,0.158231,0.584883,2,241.578536,scenario_000,short
7105,240,2.340486,0.453092,0.647587,1,244.852544,scenario_000,short
7106,240,1.696359,0.343181,0.337849,2,243.214676,scenario_000,short
7107,240,1.498092,0.480601,0.409891,1,244.437158,scenario_000,short
7108,240,23.717567,0.481746,0.763959,0,307.291443,scenario_000,medium
7109,240,1.56647,0.335482,0.546183,2,242.738476,scenario_000,short
7110,240,1.69516,0.118956,0.143854,1,244.557722,scenario_000,short
7111,240,2.261389,0.213539,0.271138,2,244.459082,scenario_000,short
7112,241,1.775678,0.072636,0.265544,1,245.248197,scenario_000,short
7113,241,17.897231,0.434479,0.431707,2,262.881405,scenario_000,long
7114,241,1.521451,0.498759,0.645502,1,245.330453,scenario_000,short
7115,241,1.711912,0.544305,0.79197,0,247.134456,scenario_000,short
7116,241,1.819571,0.720075,0.640573,2,243.9848,scenario_000,short
7117,241,1.294371,0.479178,0.571921,2,243.010113,scenario_000,short
7118,241,5.94713,0.70506,1.0,1,255.328321,scenario_000,medium
7119,241,13.163448,0.769798,0.669578,2,261.446331,scenario_000,long
7120,241,1.553166,0.656552,0.591384,0,245.028257,scenario_000,short
7121,241,1.744965,0.28347,0.208351,0,247.125309,scenario_000,short
7122,241,1.806302,0.696476,0.538313,0,248.757513,scenario_000,short
7123,242,2.028415,0.500775,0.773544,2,244.689058,scenario_000,short
7124,242,18.313807,0.455382,0.53048,0,324.427197,scenario_000,medium
7125,242,1.674893,0.136253,0.682442,1,246.213902,scenario_000,short
7126,242,9.737698,0.247021,0.276447,0,269.997953,scenario_000,medium
7127,242,2.411619,0.129605,0.200946,1,246.682084,scenario_000,short
7128,242,9.748418,0.757679,0.970719,1,272.780847,scenario_000,medium
7129,242,2.164059,0.361881,0.804974,0,250.317974,scenario_000,short
7130,242,2.761568,0.340363,0.574423,2,245.408586,scenario_000,short
7131,243,12.259608,0.864018,0.768939,0,298.069876,scenario_000,medium
7132,243,1.319563,0.188733,0.221828,2,245.097806,scenario_000,short
7133,243,12.388666,0.188863,0.116013,1,268.795797,scenario_000,medium
7134,243,1.699771,0.466615,0.513863,2,245.046509,scenario_000,short
7135,243,1.855947,0.252585,0.357485,1,248.16011,scenario_000,short
7136,243,1.780131,0.436916,0.531202,2,246.08457,scenario_000,short
7137,243,2.316667,0.242136,0.165579,0,249.017716,scenario_000,short
7138,243,1.880998,0.488169,0.531346,2,245.317476,scenario_000,short
7139,243,6.197537,0.384587,0.894798,0,266.21203,scenario_000,medium
7140,243,12.187426,0.408283,0.45495,0,290.865494,scenario_000,medium
7141,243,23.816127,0.51891,0.423241,0,316.15581,scenario_000,medium
7142,243,1.266084,0.141543,0.600458,2,244.496393,scenario_000,short
7143,243,11.227019,0.963852,0.785472,0,283.540046,scenario_000,medium
7144,243,1.642423,0.317504,0.260556,0,249.123884,scenario_000,short
7145,244,2.454228,0.404262,0.604911,0,253.708431,scenario_000,short
7146,244,1.595901,0.222335,0.439387,2,246.803435,scenario_000,short
7147,244,1.984597,0.720905,0.97332,0,250.305684,scenario_000,short
7148,244,8.879945,0.919668,0.895544,0,279.073255,scenario_000,medium
7149,244,14.574689,0.866847,0.76104,0,298.97486,scenario_000,medium
7150,244,10.91148,0.497185,0.831679,0,282.885147,scenario_000,medium
7151,244,15.053346,0.737174,0.686341,1,287.256598,scenario_000,medium
7152,244,2.024473,0.654841,0.456792,2,247.132691,scenario_000,short
7153,245,10.339015,0.556233,0.535583,0,277.861591,scenario_000,medium
7154,245,2.666219,0.353117,0.401802,0,252.918576,scenario_000,short
7155,245,2.874491,0.405904,0.763828,0,256.950068,scenario_000,short
7156,245,1.607983,0.463033,0.298131,1,248.864279,scenario_000,short
7157,245,1.893617,0.439212,0.424192,0,253.284569,scenario_000,short
7158,245,2.257255,0.560846,0.751229,0,254.84777,scenario_000,short
7159,245,16.363789,0.686926,0.745113,0,316.046553,scenario_000,medium
7160,245,9.093921,0.449338,0.301234,2,257.727697,scenario_000,medium
7161,245,18.104217,0.974539,0.84358,1,288.725459,scenario_000,medium
7162,246,2.634876,0.651197,0.998447,0,255.412026,scenario_000,short
7163,246,2.574051,0.418794,0.486975,2,249.948674,scenario_000,short
7164,246,10.491863,0.923504,0.655016,0,273.117747,scenario_000,medium
7165,246,13.252359,0.362532,0.561416,2,264.239652,scenario_000,medium
7166,246,2.112981,0.084821,0.231321,1,250.351178,scenario_000,short
7167,246,10.572441,0.255698,0.419902,0,284.253974,scenario_000,medium
7168,246,11.813461,0.44637,0.458874,0,289.139395,scenario_000,medium
7169,246,2.255905,0.356015,0.496522,2,250.318995,scenario_000,short
7170,246,1.651379,0.446001,0.859637,0,252.5451,scenario_000,short
7171,246,15.41699,0.876948,0.568666,0,289.783711,scenario_000,medium
7172,247,1.533856,0.05059,0.193785,2,249.551863,scenario_000,short
7173,247,1.476195,0.079697,0.363,0,252.586251,scenario_000,short
7174,247,1.213928,0.497889,0.600104,0,250.82984,scenario_000,short
7175,247,1.404105,0.604024,0.691708,1,250.410094,scenario_000,short
7176,247,11.236498,0.956984,0.896921,0,296.522087,scenario_000,medium
7177,247,1.92959,0.112714,0.166144,1,251.118282,scenario_000,short
7178,247,7.368554,0.660459,0.712886,0,276.063101,scenario_000,medium
7179,247,1.333559,0.279337,0.516783,2,248.997925,scenario_000,short
7180,247,7.919851,0.648099,0.741031,2,258.585895,scenario_000,medium
7181,247,1.932369,0.44808,0.436545,2,250.746945,scenario_000,short
7182,247,11.571124,0.330487,0.340019,2,270.577591,scenario_000,medium
7183,247,7.090922,0.870231,0.778752,2,256.981759,scenario_000,medium
7184,247,9.006952,0.522003,0.584493,0,278.261598,scenario_000,medium
7185,247,2.01357,0.278641,0.609911,0,254.551075,scenario_000,short
7186,247,2.148232,0.493444,0.438482,2,250.88933,scenario_000,short
7187,248,8.232546,0.422999,0.677272,0,277.456338,scenario_000,medium
7188,248,14.405387,0.568984,0.596015,0,286.277876,scenario_000,medium
7189,248,16.14773,1.0,1.0,1,287.411464,scenario_000,medium
7190,248,18.356362,0.929864,0.666249,2,281.253429,scenario_000,long
7191,248,5.899194,0.789273,0.680268,0,268.77193,scenario_000,medium
7192,248,23.509482,0.661341,0.686478,1,299.497134,scenario_000,medium
7193,248,2.884981,0.417834,0.652742,1,256.575654,scenario_000,short
7194,248,1.878225,0.082886,0.220533,1,251.954566,scenario_000,short
7195,248,1.293668,0.504691,0.457282,0,253.573264,scenario_000,short
7196,248,2.041383,0.145286,0.316216,2,251.873251,scenario_000,short
7197,249,1.723881,0.381796,0.598793,1,253.144608,scenario_000,short
7198,249,1.561818,0.115492,0.082381,2,251.055916,scenario_000,short
7199,249,1.346525,0.075944,0.145024,0,254.529909,scenario_000,short
7200,249,1.61773,0.452271,0.387774,0,254.44753,scenario_000,short
7201,250,1.873948,0.320398,0.196389,1,253.382504,scenario_000,short
7202,250,2.035573,0.42298,0.635641,0,257.529177,scenario_000,short
7203,250,14.178477,0.832208,1.0,0,294.287129,scenario_000,medium
7204,250,10.487742,0.676735,0.807527,2,264.84529,scenario_000,medium
7205,250,1.530482,0.070849,0.333996,1,252.82382,scenario_000,short
7206,250,1.910382,0.3144,0.415342,2,252.968643,scenario_000,short
7207,250,1.808977,0.56063,0.71575,2,252.323322,scenario_000,short
7208,250,30.560123,0.773693,0.767844,0,345.40346,scenario_000,medium
7209,250,2.202644,0.204375,0.200778,1,254.007926,scenario_000,short
7210,250,1.629619,0.289244,0.224975,0,254.161113,scenario_000,short
7211,250,2.17832,0.302107,0.474526,1,254.008103,scenario_000,short
7212,250,2.136238,0.639194,0.632832,0,257.590969,scenario_000,short
7213,251,1.970324,0.506862,0.431378,2,254.128072,scenario_000,short
7214,251,1.228493,0.078365,0.324506,0,255.682155,scenario_000,short
7215,251,9.593359,0.583891,0.841548,2,263.383913,scenario_000,medium
7216,251,11.885335,0.388723,0.807863,2,273.943221,scenario_000,medium
7217,251,1.589431,0.686227,0.546304,1,256.006558,scenario_000,short
7218,251,1.837224,0.199792,0.309755,0,259.207992,scenario_000,short
7219,251,1.535138,0.447064,0.506441,0,255.88614,scenario_000,short
7220,251,2.104223,0.437434,0.492796,1,257.451407,scenario_000,short
7221,251,2.185972,0.793024,0.691361,0,259.700845,scenario_000,short
7222,251,17.181661,0.283547,0.717385,2,284.176429,scenario_000,medium
7223,252,13.32932,0.502269,0.675935,0,290.222512,scenario_000,medium
7224,252,10.677278,0.285045,0.409677,0,294.25009,scenario_000,medium
7225,252,14.612393,0.307196,0.395318,2,279.72157,scenario_000,long
7226,252,1.611525,0.203088,0.168746,0,257.041237,scenario_000,short
7227,252,13.90935,0.678119,0.591425,0,290.945774,scenario_000,medium
7228,252,11.866588,0.759715,0.713974,2,275.194671,scenario_000,medium
7229,252,1.980967,0.193133,0.302896,0,258.850691,scenario_000,short
7230,252,1.744443,0.662464,0.615571,0,259.787729,scenario_000,short
7231,252,1.737181,0.778113,0.591125,2,255.264161,scenario_000,short
7232,252,2.422304,0.074888,0.302065,1,257.768257,scenario_000,short
7233,253,1.517712,0.288986,0.62285,2,255.017597,scenario_000,short
7234,253,2.074202,0.206592,0.28354,0,259.405233,scenario_000,short
7235,253,2.08304,0.050465,0.398505,0,261.085292,scenario_000,short
7236,253,1.368888,0.050339,0.096307,0,256.504966,scenario_000,short
7237,253,2.012793,0.318236,0.366402,0,260.299112,scenario_000,short
7238,253,2.629033,0.548476,0.764239,1,258.460924,scenario_000,short
7239,253,1.29238,0.545189,0.413103,2,255.60055,scenario_000,short
7240,253,15.01243,0.984849,1.0,1,294.855517,scenario_000,medium
7241,253,2.803182,0.817351,0.7642,0,262.585026,scenario_000,short
7242,253,1.745026,0.366322,0.654451,2,255.733506,scenario_000,short
7243,253,1.875294,0.05664,0.183771,0,260.856307,scenario_000,short
7244,254,2.195285,0.680485,0.798991,0,260.505681,scenario_000,short
7245,254,2.045494,0.384474,0.562845,0,261.911079,scenario_000,short
7246,254,2.560956,0.585973,0.420975,2,258.703014,scenario_000,short
7247,254,14.705523,0.704365,0.732173,0,299.644428,scenario_000,medium
7248,254,1.578783,0.132149,0.552612,0,259.720331,scenario_000,short
7249,254,14.51868,0.280561,0.794706,2,272.81733,scenario_000,medium
7250,254,7.434221,0.650739,0.467082,0,281.275877,scenario_000,medium
7251,255,2.134758,0.241986,0.540324,0,261.469038,scenario_000,short
7252,255,1.421497,0.4062,0.447067,2,257.209184,scenario_000,short
7253,255,1.465255,0.435039,0.613347,0,260.523479,scenario_000,short
7254,255,1.674382,0.316223,0.501991,1,259.239199,scenario_000,short
7255,255,2.020272,0.390594,0.660941,2,257.998897,scenario_000,short
7256,255,1.802226,0.523319,0.689203,0,260.171737,scenario_000,short
7257,255,2.915984,0.4327,0.293444,0,264.598044,scenario_000,short
7258,256,28.682088,1.0,0.950384,1,333.584361,scenario_000,long
7259,256,16.08445,1.0,0.706135,0,318.601419,scenario_000,medium
7260,256,2.686753,0.482394,0.592987,2,260.479148,scenario_000,short
7261,256,1.51587,0.664174,0.680228,2,258.822032,scenario_000,short
7262,256,1.752994,0.416277,0.34106,2,258.780484,scenario_000,short
7263,256,14.578316,0.651242,0.68977,0,295.482194,scenario_000,medium
7264,256,1.149549,0.070726,0.268057,2,257.862844,scenario_000,short
7265,256,14.768172,0.491449,0.507194,0,320.760251,scenario_000,medium
7266,257,1.882707,0.243195,0.519573,1,261.047621,scenario_000,short
7267,257,17.64361,0.567747,0.444114,0,308.647786,scenario_000,medium
7268,257,11.245807,0.249788,0.419664,1,277.748097,scenario_000,medium
7269,257,31.464525,0.480611,0.768646,1,334.616879,scenario_000,long
7270,257,1.334402,0.179278,0.651688,2,259.549813,scenario_000,short
7271,257,1.217907,0.140788,0.167716,0,260.966808,scenario_000,short
7272,257,1.293017,0.378932,0.754379,0,261.757865,scenario_000,short
7273,257,15.068859,0.757774,0.996708,1,300.951353,scenario_000,medium
7274,257,1.478021,0.487884,0.503536,1,261.13496,scenario_000,short
7275,257,1.776852,0.275899,0.26354,0,263.11904,scenario_000,short
7276,257,34.615041,1.0,1.0,0,386.161187,scenario_000,long
7277,258,1.451374,0.854486,0.960514,0,263.158741,scenario_000,short
7278,258,1.719726,0.401862,0.388887,1,262.858317,scenario_000,short
7279,258,10.810728,0.29709,0.678772,0,294.500508,scenario_000,medium
7280,258,8.436311,0.635309,0.616192,0,296.043966,scenario_000,medium
7281,258,7.416334,0.924547,1.0,0,278.697246,scenario_000,medium
7282,258,9.73254,0.162428,0.711276,0,299.943446,scenario_000,medium
7283,258,10.426066,0.524241,0.696556,0,296.549374,scenario_000,medium
7284,258,2.238301,0.459479,0.59026,0,263.924783,scenario_000,short
7285,258,1.395087,0.527249,0.594524,2,260.14019,scenario_000,short
7286,258,1.583654,0.603351,0.670378,2,261.085372,scenario_000,short
7287,258,11.463113,0.188278,0.196148,0,298.815521,scenario_000,medium
7288,258,2.240962,0.307717,0.487544,0,264.542345,scenario_000,short
7289,258,1.657204,0.270748,0.168219,0,263.585831,scenario_000,short
7290,259,6.016169,0.697044,1.0,2,270.795885,scenario_000,medium
7291,259,1.387351,0.241816,0.560084,1,263.212023,scenario_000,short
7292,259,8.065869,0.561517,0.465321,0,294.127359,scenario_000,medium
7293,259,1.973141,0.417644,0.589139,0,264.166606,scenario_000,short
7294,259,2.337701,0.308629,0.243996,0,268.899664,scenario_000,short
7295,259,14.929137,0.760129,1.0,0,322.572548,scenario_000,long
7296,259,13.629992,0.168226,0.448066,0,315.663097,scenario_000,medium
7297,259,10.771663,0.566308,0.548221,0,297.234806,scenario_000,medium
7298,259,8.724784,0.562184,0.642161,2,269.493414,scenario_000,medium
7299,259,2.143728,0.352172,0.411743,1,265.373446,scenario_000,short
7300,259,1.580666,0.434969,0.281047,0,265.920738,scenario_000,short
7301,259,1.752751,0.206552,0.571941,2,261.528595,scenario_000,short
7302,259,2.085467,0.176117,0.104002,0,266.370728,scenario_000,short
7303,259,1.735655,0.171768,0.22791,1,264.443617,scenario_000,short
7304,259,1.886545,0.510509,0.57843,0,264.387627,scenario_000,short
7305,260,2.906916,0.567212,0.605685,1,265.875597,scenario_000,short
7306,260,2.777411,0.392859,0.328799,0,271.837544,scenario_000,short
7307,260,13.059691,0.754099,0.567149,2,277.785269,scenario_000,medium
7308,260,2.47939,0.236649,0.324682,2,263.837481,scenario_000,short
7309,260,14.057406,0.660852,0.982103,0,297.306636,scenario_000,long
7310,260,11.571772,0.653333,0.40195,2,280.011073,scenario_000,medium
7311,260,1.679379,0.586525,0.717923,2,262.096451,scenario_000,short
7312,260,2.430786,0.277,0.642873,2,263.58762,scenario_000,short
7313,260,2.164783,0.329684,0.315392,1,264.690851,scenario_000,short
7314,260,1.517954,0.30099,0.359984,2,262.233371,scenario_000,short
7315,260,7.667247,0.613424,0.737591,0,288.424409,scenario_000,medium
7316,260,2.202667,0.212984,0.185336,0,267.364166,scenario_000,short
7317,260,12.229333,0.449209,0.709616,2,278.533012,scenario_000,medium
7318,260,1.582312,0.261949,0.474159,0,264.24893,scenario_000,short
7319,261,2.009899,0.318546,0.424872,0,267.062896,scenario_000,short
7320,261,1.65021,0.160332,0.167978,1,265.224675,scenario_000,short
7321,261,2.335955,0.267547,0.485016,2,265.495338,scenario_000,short
7322,261,14.941501,0.164745,0.074824,0,307.247365,scenario_000,medium
7323,261,1.878194,0.201734,0.267257,1,264.768423,scenario_000,short
7324,261,21.932125,0.597121,0.676575,0,338.494579,scenario_000,medium
7325,261,2.010888,0.106493,0.188988,0,269.313114,scenario_000,short
7326,261,1.970981,0.472395,0.347911,0,269.879637,scenario_000,short
7327,261,9.766456,0.24364,0.76132,0,301.826304,scenario_000,medium
7328,261,8.770731,0.768561,0.793975,0,283.565984,scenario_000,medium
7329,261,2.080783,0.231653,0.586829,2,263.548643,scenario_000,short
7330,261,10.578612,0.170324,0.225944,0,308.117511,scenario_000,medium
7331,261,22.009437,0.849156,0.919917,0,327.885308,scenario_000,long
7332,261,2.062254,0.369264,0.937026,2,263.598925,scenario_000,short
7333,261,1.780747,0.401681,0.618494,1,266.063726,scenario_000,short
7334,262,1.944201,0.147504,0.133693,0,267.957287,scenario_000,short
7335,262,1.7195,0.523302,0.907936,0,268.192403,scenario_000,short
7336,262,2.068034,0.629903,0.554478,0,267.884665,scenario_000,short
7337,262,2.188047,0.577125,0.614818,0,271.087495,scenario_000,short
7338,262,1.820284,0.529327,0.505642,0,266.976406,scenario_000,short
7339,262,6.488941,0.606637,0.592389,2,273.760327,scenario_000,medium
7340,262,1.190598,0.627052,0.399514,0,267.097681,scenario_000,short
7341,262,1.59123,0.329142,0.316859,2,264.916215,scenario_000,short
7342,262,10.799746,0.531469,0.470798,2,274.700375,scenario_000,medium
7343,262,7.681325,0.560723,0.957066,2,276.384455,scenario_000,medium
7344,262,1.999063,0.527832,0.341193,0,269.910068,scenario_000,short
7345,262,2.27418,0.463804,0.497505,2,264.716752,scenario_000,short
7346,262,8.140419,0.290003,0.404633,2,275.006405,scenario_000,medium
7347,262,17.898354,0.443624,0.626232,1,298.048916,scenario_000,medium
7348,262,1.821147,0.578722,0.86386,0,266.89187,scenario_000,short
7349,262,1.447271,0.223625,0.258997,0,266.689694,scenario_000,short
7350,262,1.665562,0.190346,0.200935,1,266.623108,scenario_000,short
7351,262,2.127187,0.529069,0.531926,1,266.317276,scenario_000,short
7352,262,1.65253,0.653384,0.639562,2,264.783016,scenario_000,short
7353,262,1.902617,0.424057,0.331695,0,270.349435,scenario_000,short
7354,263,1.648967,0.109883,0.715994,0,268.505195,scenario_000,short
7355,263,1.733273,0.162437,0.350337,0,269.904655,scenario_000,short
7356,263,17.447877,0.91376,0.826597,1,310.015854,scenario_000,medium
7357,263,11.058037,0.669984,0.545315,0,298.538789,scenario_000,medium
7358,263,11.737017,1.0,0.837136,2,281.294577,scenario_000,medium
7359,263,1.813663,0.519465,0.626879,0,270.743272,scenario_000,short
7360,263,18.66113,0.3872,0.850979,1,320.613484,scenario_000,medium
7361,263,1.322881,0.127516,0.279889,1,266.026995,scenario_000,short
7362,263,9.921713,0.711338,0.546991,0,295.83179,scenario_000,medium
7363,263,1.632282,0.80364,0.80396,2,265.444923,scenario_000,short
7364,263,1.542081,0.206713,0.365868,1,267.114005,scenario_000,short
7365,263,1.795296,0.599923,0.705664,2,266.010818,scenario_000,short
7366,263,2.001353,0.577212,0.571158,1,266.90704,scenario_000,short
7367,263,1.599043,0.127816,0.387642,0,269.893306,scenario_000,short
7368,263,1.280252,0.568651,0.691802,0,266.769313,scenario_000,short
7369,263,16.552468,0.371683,0.426932,1,315.387328,scenario_000,medium
7370,263,2.162743,0.296819,0.262163,2,267.368156,scenario_000,short
7371,263,1.678581,0.156983,0.481694,0,268.586458,scenario_000,short
7372,263,22.261498,0.183271,0.521747,0,325.636497,scenario_000,medium
7373,263,4.061097,0.564613,0.730736,0,276.427003,scenario_000,medium
7374,264,1.393848,0.081087,0.209355,0,268.508027,scenario_000,short
7375,264,7.616149,0.585391,1.0,0,293.042998,scenario_000,medium
7376,264,1.631979,0.321936,0.3692,0,268.928012,scenario_000,short
7377,264,1.474138,0.343813,0.831002,0,268.893389,scenario_000,short
7378,264,2.293229,0.708168,0.49689,0,269.883608,scenario_000,short
7379,264,11.103299,0.971224,0.737438,2,278.214939,scenario_000,long
7380,264,1.813631,0.536661,0.450629,2,267.265677,scenario_000,short
7381,264,10.63892,0.61395,0.924472,0,301.905695,scenario_000,medium
7382,264,14.31491,0.16001,0.095417,1,299.968423,scenario_000,medium
7383,264,16.833056,0.689894,0.543089,2,295.687233,scenario_000,medium
7384,264,1.783232,0.662355,0.713601,0,271.337806,scenario_000,short
7385,264,12.204512,0.228104,0.239213,2,282.649932,scenario_000,medium
7386,264,1.626179,0.31082,0.32271,0,269.525925,scenario_000,short
7387,264,9.48024,0.572315,0.606207,0,299.372782,scenario_000,medium
7388,264,11.382234,0.493563,0.423356,0,314.876102,scenario_000,medium
7389,264,1.396717,0.389385,0.359378,0,269.813254,scenario_000,short
7390,264,1.649219,0.377105,0.364565,0,268.634491,scenario_000,short
7391,265,1.6535,0.119582,0.432389,2,268.145399,scenario_000,short
7392,265,2.295552,0.746136,0.640884,2,269.680896,scenario_000,short
7393,265,1.627354,0.414416,0.734965,2,268.083445,scenario_000,short
7394,265,1.877641,0.734967,0.675869,2,268.833106,scenario_000,short
7395,265,2.335686,0.397537,0.536068,0,273.79303,scenario_000,short
7396,265,7.530687,0.165037,0.091962,2,277.32571,scenario_000,medium
7397,265,12.067047,0.279265,0.502884,0,301.463762,scenario_000,medium
7398,265,6.493827,0.900138,1.0,1,280.817942,scenario_000,medium
7399,265,1.672291,0.528149,0.593034,2,267.230893,scenario_000,short
7400,265,1.809202,0.299009,0.301967,1,269.223751,scenario_000,short
7401,265,1.422199,0.288782,0.270306,0,269.308614,scenario_000,short
7402,265,1.76475,0.147468,0.111105,2,267.478433,scenario_000,short
7403,265,1.614529,0.288062,0.332067,1,268.736085,scenario_000,short
7404,265,2.713894,0.113626,0.2829,2,270.407518,scenario_000,short
7405,265,1.885869,0.128615,0.226671,1,270.678142,scenario_000,short
7406,265,17.889702,0.449005,0.386764,0,332.021582,scenario_000,medium
7407,265,9.381577,0.48012,0.591899,0,298.29444,scenario_000,medium
7408,265,9.376359,0.8732,1.0,2,281.564011,scenario_000,medium
7409,265,1.221795,0.858753,0.752013,2,267.49591,scenario_000,short
7410,265,1.712414,0.668737,0.871591,0,272.600734,scenario_000,short
7411,265,1.410041,0.437067,0.321327,0,269.895885,scenario_000,short
7412,265,1.455017,0.439203,0.248557,0,269.90191,scenario_000,short
7413,265,2.164527,0.519042,1.0,0,272.014106,scenario_000,short
7414,265,8.882921,0.564099,0.733665,0,292.06915,scenario_000,medium
7415,265,1.818211,0.075689,0.05,2,267.679552,scenario_000,short
7416,265,2.479684,0.153585,0.244836,0,275.203112,scenario_000,short
7417,266,2.37979,0.239691,0.338062,2,269.914324,scenario_000,short
7418,266,30.989255,0.714168,0.61106,2,303.476638,scenario_000,long
7419,266,1.491976,0.267607,0.347903,0,271.32713,scenario_000,short
7420,266,2.353355,0.237921,0.167119,0,272.668767,scenario_000,short
7421,266,23.597995,0.417613,0.406729,2,309.76652,scenario_000,long
7422,266,1.602867,0.495116,0.383082,2,268.065279,scenario_000,short
7423,266,13.972867,0.520794,0.473753,2,293.92606,scenario_000,medium
7424,266,12.7027,0.367654,0.465202,1,303.909704,scenario_000,medium
7425,266,1.33291,0.335934,0.462294,2,267.759051,scenario_000,short
7426,266,1.577334,0.327064,0.466428,0,272.255605,scenario_000,short
7427,266,2.947405,0.634679,0.601968,0,273.621996,scenario_000,short
7428,266,18.064073,0.194576,0.451394,0,323.845278,scenario_000,medium
7429,266,1.367921,0.40378,0.77803,0,271.237635,scenario_000,short
7430,266,1.476033,0.764541,0.70589,0,269.756479,scenario_000,short
7431,266,1.793523,0.844442,0.782349,0,271.985094,scenario_000,short
7432,266,1.505368,0.18525,0.197244,0,272.691143,scenario_000,short
7433,266,13.102985,0.374019,0.739834,1,298.321222,scenario_000,medium
7434,266,2.079409,0.077472,0.315922,1,270.914211,scenario_000,short
7435,266,2.807876,0.543038,0.525386,2,269.415276,scenario_000,short
7436,266,1.946879,0.184765,0.51347,1,270.121842,scenario_000,short
7437,266,1.514165,0.348256,0.38393,1,269.611708,scenario_000,short
7438,266,1.794185,0.387074,0.236205,1,270.662806,scenario_000,short
7439,266,20.190678,0.510085,0.722873,0,347.591279,scenario_000,medium
7440,266,1.572201,0.225483,0.734014,0,270.107264,scenario_000,short
7441,266,1.799477,0.734154,0.77222,1,271.462386,scenario_000,short
7442,266,1.743793,0.490454,0.891736,0,273.303864,scenario_000,short
7443,267,2.280956,0.398157,0.466588,0,274.665467,scenario_000,short
7444,267,1.182743,0.26502,0.858418,0,272.158662,scenario_000,short
7445,267,1.654334,0.403757,0.379151,0,274.117206,scenario_000,short
7446,267,1.667089,0.552698,0.420179,1,270.87748,scenario_000,short
7447,267,1.394239,0.191773,0.076341,1,271.177219,scenario_000,short
7448,267,1.787575,0.443093,0.376553,2,270.272759,scenario_000,short
7449,267,7.835572,0.550946,0.603712,2,279.356792,scenario_000,medium
7450,267,0.97015,0.410689,0.751142,2,268.817866,scenario_000,short
7451,267,20.164575,0.558094,0.553374,0,355.209228,scenario_000,medium
7452,267,1.841976,0.58934,0.499087,1,272.046412,scenario_000,short
7453,267,15.04427,0.651518,0.650047,1,296.755796,scenario_000,medium
7454,267,1.824392,0.207517,0.494768,0,274.062917,scenario_000,short
7455,267,9.18282,0.269323,0.17957,2,285.063752,scenario_000,medium
7456,267,1.798877,0.305524,0.313581,0,273.793581,scenario_000,short
7457,267,8.667429,0.609961,0.989639,0,304.736337,scenario_000,medium
7458,268,1.648676,0.126295,0.162658,0,273.852406,scenario_000,short
7459,268,9.922129,0.634862,0.572798,0,302.727443,scenario_000,medium
7460,268,1.28191,0.384887,0.482446,2,270.439632,scenario_000,short
7461,268,2.195853,0.215217,0.241691,0,274.334898,scenario_000,short
7462,268,12.221943,0.43051,0.521084,0,307.429855,scenario_000,medium
7463,268,21.149028,0.244642,0.548605,0,324.061344,scenario_000,medium
7464,268,2.402864,0.790487,1.0,2,271.967069,scenario_000,short
7465,268,2.545668,0.291521,0.541289,1,275.148737,scenario_000,short
7466,268,2.354242,0.121577,0.106265,2,271.314252,scenario_000,short
7467,268,1.329866,0.392002,0.545149,1,272.047352,scenario_000,short
7468,268,15.288147,0.135842,0.322509,1,299.349684,scenario_000,medium
7469,268,29.688759,0.346903,0.407854,2,328.141139,scenario_000,medium
7470,268,18.402212,0.784508,0.751015,0,328.56854,scenario_000,medium
7471,268,12.790113,0.702694,0.62771,2,288.09664,scenario_000,medium
7472,268,15.92155,0.78603,0.691989,0,339.642143,scenario_000,long
7473,268,9.41112,0.408855,0.49337,0,305.618484,scenario_000,medium
7474,268,14.842351,0.569382,0.791078,0,307.137196,scenario_000,medium
7475,268,12.789897,0.94384,0.788071,2,294.035669,scenario_000,medium
7476,268,6.165087,0.545423,0.459633,0,291.842618,scenario_000,medium
7477,268,8.835242,0.198464,0.203381,1,291.7582,scenario_000,medium
7478,269,1.585459,0.740551,0.7522,0,274.455811,scenario_000,short
7479,269,2.473396,0.20591,0.313497,0,279.610252,scenario_000,short
7480,269,7.310553,0.185043,0.696862,2,282.687215,scenario_000,medium
7481,269,2.090069,0.224075,0.38737,2,273.299931,scenario_000,short
7482,269,2.969859,0.087413,0.222192,2,273.757335,scenario_000,short
7483,269,15.888427,0.777077,0.540418,2,298.277048,scenario_000,medium
7484,269,2.564509,0.358285,0.441251,0,276.503986,scenario_000,short
7485,269,15.424666,0.62351,1.0,1,314.805321,scenario_000,medium
7486,269,26.551738,0.427877,0.661732,0,357.155649,scenario_000,long
7487,269,2.421403,0.372905,0.565412,2,273.932357,scenario_000,short
7488,269,7.788368,0.637455,1.0,1,288.440544,scenario_000,medium
7489,269,1.381175,0.513834,0.547453,1,272.317412,scenario_000,short
7490,269,16.051237,0.257213,0.508456,2,301.933397,scenario_000,medium
7491,269,13.473223,0.243303,0.405731,1,307.120938,scenario_000,medium
7492,269,2.075906,0.317695,0.229432,0,275.194997,scenario_000,short
7493,269,2.012389,0.399834,0.611349,0,277.80397,scenario_000,short
7494,269,2.019019,0.350262,0.781648,1,272.748488,scenario_000,short
7495,269,1.339481,0.661395,0.78568,2,271.033714,scenario_000,short
7496,269,1.984027,0.290382,0.313188,0,276.549892,scenario_000,short
7497,269,2.47835,0.338312,0.191734,0,275.635221,scenario_000,short
7498,269,1.574028,0.515137,0.742117,2,271.841258,scenario_000,short
7499,269,20.783192,0.758249,0.644904,0,354.132653,scenario_000,long
7500,269,1.382867,0.332357,0.150596,0,275.058616,scenario_000,short
7501,269,2.094301,0.455941,0.90338,0,276.985679,scenario_000,short
7502,270,14.552597,0.226833,0.338317,0,332.896451,scenario_000,medium
7503,270,15.845402,0.729674,0.708877,0,322.135622,scenario_000,medium
7504,270,17.224239,0.394394,0.568782,0,346.042507,scenario_000,medium
7505,270,1.736935,0.103576,0.400413,0,276.742306,scenario_000,short
7506,270,2.230165,0.425618,0.392017,2,274.078942,scenario_000,short
7507,270,1.644254,0.710588,0.81014,2,273.160921,scenario_000,short
7508,270,2.194827,0.775116,0.53989,2,274.179997,scenario_000,short
7509,270,3.118234,0.491398,0.568335,1,277.791024,scenario_000,short
7510,270,2.061216,0.169168,0.461643,0,275.816951,scenario_000,short
7511,270,12.079087,0.508818,0.453334,0,313.6997,scenario_000,medium
7512,270,1.702264,0.120941,0.647587,2,272.853735,scenario_000,short
7513,270,7.281547,0.939954,0.862319,0,289.5265,scenario_000,medium
7514,270,2.525703,0.269385,0.438305,0,278.095448,scenario_000,short
7515,270,2.080442,0.638427,0.775506,0,278.550415,scenario_000,short
7516,270,13.879872,0.718131,0.819081,0,305.470908,scenario_000,medium
7517,270,2.046585,0.782501,0.657489,2,273.809769,scenario_000,short
7518,270,16.028816,0.348973,0.291411,0,342.073685,scenario_000,medium
7519,270,1.570698,0.281681,0.420762,0,274.511204,scenario_000,short
7520,270,1.74233,0.579887,0.780058,0,275.662814,scenario_000,short
7521,270,9.523772,0.356905,0.804396,0,298.940967,scenario_000,medium
7522,270,2.034253,0.076488,0.605383,2,273.129901,scenario_000,short
7523,270,17.028775,0.757734,0.72787,0,346.414501,scenario_000,medium
7524,270,1.967715,0.400814,0.435501,1,275.122498,scenario_000,short
7525,270,1.100435,0.247666,0.292367,2,271.911314,scenario_000,short
7526,270,1.53788,0.406251,0.422284,2,272.760359,scenario_000,short
7527,270,1.744299,0.098028,0.209812,0,275.869439,scenario_000,short
7528,271,31.183977,1.0,0.762951,0,366.015585,scenario_000,long
7529,271,1.75791,0.333924,0.392269,1,275.894033,scenario_000,short
7530,271,1.770253,0.624355,0.414734,0,277.882778,scenario_000,short
7531,271,2.261397,0.333552,0.519624,0,278.538006,scenario_000,short
7532,271,2.099118,0.560802,0.929544,2,274.794217,scenario_000,short
7533,271,10.136287,0.577411,0.723765,0,304.549731,scenario_000,medium
7534,271,2.53108,0.634356,0.702881,0,278.323251,scenario_000,short
7535,271,1.405326,0.127521,0.082534,1,275.380337,scenario_000,short
7536,271,7.598181,0.594428,0.570519,2,281.219733,scenario_000,medium
7537,271,11.006521,0.147591,0.285219,1,305.651342,scenario_000,medium
7538,271,11.462906,0.760706,0.854098,1,293.05221,scenario_000,medium
7539,271,2.993588,0.199955,0.383209,2,276.199234,scenario_000,short
7540,271,14.009356,0.234278,0.203397,1,312.838305,scenario_000,medium
7541,271,25.416403,0.813249,0.838184,2,310.560424,scenario_000,long
7542,271,8.351058,1.0,0.931818,0,292.509552,scenario_000,medium
7543,271,2.865099,0.356527,0.332839,2,275.215432,scenario_000,short
7544,271,13.852457,0.685586,0.522942,0,311.768435,scenario_000,medium
7545,271,2.398558,0.243882,0.258833,0,277.873892,scenario_000,short
7546,271,1.922415,0.438427,0.304501,0,277.524314,scenario_000,short
7547,272,1.667696,0.526281,0.707867,1,277.263319,scenario_000,short
7548,272,1.292615,0.230864,0.668456,1,275.64702,scenario_000,short
7549,272,15.475785,0.429768,0.641301,0,332.617656,scenario_000,medium
7550,272,2.472857,0.615883,0.557727,0,280.4283,scenario_000,short
7551,272,2.099892,0.464212,0.860571,0,279.228484,scenario_000,short
7552,272,1.910506,0.603037,0.752878,0,278.626364,scenario_000,short
7553,272,19.365497,0.919064,0.698381,0,344.106932,scenario_000,medium
7554,272,2.237788,0.413052,0.434779,1,277.871984,scenario_000,short
7555,272,1.089089,0.3583,0.354197,2,273.290309,scenario_000,short
7556,272,35.321374,0.760502,0.927085,1,379.622187,scenario_000,long
7557,272,1.691406,0.105296,0.346542,0,278.994578,scenario_000,short
7558,272,9.430579,0.553562,0.605866,1,294.350105,scenario_000,medium
7559,272,1.99063,0.528353,0.435929,2,274.323629,scenario_000,short
7560,272,2.637675,0.548089,0.946779,1,278.699944,scenario_000,short
7561,272,15.301347,0.694151,0.566012,1,312.30427,scenario_000,medium
7562,272,12.569869,0.587346,0.52382,0,318.206776,scenario_000,medium
7563,272,1.489723,0.133854,0.196927,2,274.152902,scenario_000,short
7564,272,2.060078,0.85133,0.806812,0,279.701689,scenario_000,short
7565,272,2.461636,0.305583,0.416756,0,282.461975,scenario_000,short
7566,272,1.629323,0.57525,0.57184,0,276.697737,scenario_000,short
7567,272,17.836617,0.450067,0.387249,0,337.018002,scenario_000,medium
7568,272,18.012414,0.151295,0.586195,0,322.371485,scenario_000,medium
7569,272,1.56586,0.330315,0.639826,0,277.324077,scenario_000,short
7570,273,1.78774,0.80393,1.0,1,277.418822,scenario_000,short
7571,273,1.877868,0.828,0.586241,1,278.242735,scenario_000,short
7572,273,1.689949,0.623666,0.658078,0,279.100455,scenario_000,short
7573,273,2.147027,0.408086,0.385843,1,278.366996,scenario_000,short
7574,273,2.25149,0.61459,0.69768,2,276.559823,scenario_000,short
7575,273,1.289219,0.455824,0.556949,0,277.807341,scenario_000,short
7576,273,1.926588,0.065731,0.05,2,275.750254,scenario_000,short
7577,273,10.224341,0.73356,0.762231,0,314.548637,scenario_000,medium
7578,273,1.535452,0.352955,0.490542,0,278.600957,scenario_000,short
7579,273,14.612515,0.215511,0.282957,2,302.090503,scenario_000,medium
7580,273,16.066557,0.363393,0.940764,0,318.102371,scenario_000,medium
7581,273,2.109197,0.636728,0.519453,0,281.995023,scenario_000,short
7582,273,9.815723,0.22128,0.423028,2,284.738091,scenario_000,medium
7583,273,15.647416,0.917484,0.843079,1,315.244745,scenario_000,medium
7584,273,25.723038,0.711296,0.609941,2,318.422243,scenario_000,medium
7585,273,1.711488,0.091766,0.332853,0,279.4062,scenario_000,short
7586,273,1.745225,0.609875,0.856302,2,275.689825,scenario_000,short
7587,273,6.790835,0.809463,0.703797,2,285.17396,scenario_000,medium
7588,274,2.743112,0.392504,0.581534,2,277.29799,scenario_000,short
7589,274,2.235283,0.119363,0.05,0,280.733897,scenario_000,short
7590,274,1.715268,0.151908,0.314415,2,277.310052,scenario_000,short
7591,274,3.372324,0.103767,0.292464,0,287.301816,scenario_000,short
7592,274,21.749322,0.773003,0.806623,2,311.945879,scenario_000,medium
7593,274,6.089369,0.477103,0.508209,1,291.446727,scenario_000,medium
7594,274,2.090153,0.415415,0.729622,2,277.65115,scenario_000,short
7595,274,12.315914,0.612859,0.502716,0,307.949167,scenario_000,medium
7596,274,5.93096,0.399226,0.3009,1,290.865906,scenario_000,medium
7597,274,2.266409,0.140422,0.246369,0,284.168186,scenario_000,short
7598,274,2.35615,0.350063,0.314262,0,283.916741,scenario_000,short
7599,274,9.236306,0.862053,0.962371,0,308.769318,scenario_000,medium
7600,274,17.851151,0.683813,0.835738,1,329.095487,scenario_000,medium
7601,274,1.868363,0.483524,0.405471,1,277.853883,scenario_000,short
7602,274,1.856337,0.681385,0.475235,1,278.976971,scenario_000,short
7603,274,1.631066,0.154777,0.176417,2,277.211135,scenario_000,short
7604,274,21.868189,0.662015,0.664576,0,335.684244,scenario_000,medium
7605,274,1.476823,0.517073,0.662652,0,279.94196,scenario_000,short
7606,274,1.124949,0.263528,0.467593,1,277.319332,scenario_000,short
7607,274,18.358211,0.471831,0.42303,1,321.819565,scenario_000,medium
7608,274,14.769386,0.483197,0.411591,0,315.242418,scenario_000,medium
7609,275,11.777965,1.0,1.0,0,312.342107,scenario_000,medium
7610,275,2.079078,0.449548,0.331227,0,282.03474,scenario_000,short
7611,275,5.152856,0.193903,0.379118,1,288.152177,scenario_000,medium
7612,275,1.757217,0.09646,0.189993,0,281.310344,scenario_000,short
7613,275,1.942749,0.0934,0.151435,0,283.541149,scenario_000,short
7614,275,1.754638,0.515093,0.44154,0,281.156807,scenario_000,short
7615,275,1.067405,0.121256,0.492825,2,276.66174,scenario_000,short
7616,275,1.768,0.478559,0.721404,2,277.648487,scenario_000,short
7617,275,1.720967,0.721357,0.732714,2,277.304292,scenario_000,short
7618,275,1.965063,0.123489,0.185097,2,277.796153,scenario_000,short
7619,275,12.667731,0.643308,0.688794,0,322.22814,scenario_000,medium
7620,275,2.102187,0.367285,0.862951,0,284.35449,scenario_000,short
7621,276,13.171364,0.148499,0.277092,2,297.142474,scenario_000,medium
7622,276,1.496199,0.361613,0.240245,2,278.048526,scenario_000,short
7623,276,2.132547,0.358434,0.463598,0,284.926908,scenario_000,short
7624,276,2.167981,0.703579,0.875472,0,282.400058,scenario_000,short
7625,276,1.621515,0.655642,0.687047,0,281.605788,scenario_000,short
7626,276,2.219122,0.377544,0.599957,0,284.951522,scenario_000,short
7627,276,2.344474,0.361732,0.547612,2,278.830503,scenario_000,short
7628,276,27.049484,0.627084,0.508386,0,363.673196,scenario_000,long
7629,276,1.690095,0.120472,0.127665,2,278.097642,scenario_000,short
7630,276,13.294269,0.164989,0.171297,0,328.566126,scenario_000,medium
7631,276,13.204137,0.250882,0.407899,2,301.617075,scenario_000,medium
7632,276,2.535499,0.356189,0.41345,1,283.663594,scenario_000,short
7633,276,15.407509,0.176767,0.532828,0,343.65438,scenario_000,medium
7634,277,1.653227,0.388564,0.420907,0,282.091601,scenario_000,short
7635,277,2.593512,0.162988,0.674969,0,287.830484,scenario_000,short
7636,277,2.012439,0.222339,0.726803,0,283.046841,scenario_000,short
7637,277,7.987872,0.690943,0.559705,1,294.439348,scenario_000,medium
7638,277,0.99563,0.357358,0.351634,2,278.211145,scenario_000,short
7639,277,1.829046,0.705876,0.564475,2,279.82197,scenario_000,short
7640,277,1.298741,0.181354,0.427061,1,280.084435,scenario_000,short
7641,277,8.157646,0.557874,0.941529,2,289.49613,scenario_000,medium
7642,277,0.983164,0.552273,0.71227,0,281.33919,scenario_000,short
7643,277,1.156917,0.068025,0.41041,0,281.631415,scenario_000,short
7644,277,8.943615,0.242907,0.296558,2,288.53389,scenario_000,medium
7645,277,1.606514,0.181851,0.386769,0,283.377985,scenario_000,short
7646,277,2.296086,0.370549,0.419649,0,283.549175,scenario_000,short
7647,277,8.903883,0.619159,0.712059,2,291.652637,scenario_000,medium
7648,277,16.043796,0.141012,0.126422,0,340.97723,scenario_000,medium
7649,277,3.307516,0.370541,0.351593,1,287.157311,scenario_000,short
7650,277,2.436409,0.405992,0.387271,2,280.116835,scenario_000,short
7651,277,1.682036,0.191146,0.160825,0,283.304263,scenario_000,short
7652,277,10.300571,0.557903,0.563456,1,300.78044,scenario_000,medium
7653,277,2.256221,0.612029,0.495551,2,280.140301,scenario_000,short
7654,277,1.729383,0.714273,1.0,1,280.975802,scenario_000,short
7655,277,2.112731,0.757056,0.498962,0,286.011044,scenario_000,short
7656,278,8.763773,0.53354,0.717274,2,290.048737,scenario_000,medium
7657,278,1.773894,0.448308,0.530449,2,281.158238,scenario_000,short
7658,278,11.405158,0.387321,0.236885,0,324.2053,scenario_000,medium
7659,278,11.855943,0.432353,0.596805,1,301.824112,scenario_000,medium
7660,278,1.996744,0.053835,0.587177,2,281.39146,scenario_000,short
7661,278,36.48653,0.740051,0.819927,2,336.428463,scenario_000,long
7662,278,1.518332,0.803047,0.891147,0,284.072798,scenario_000,short
7663,278,1.725958,0.426298,0.612125,0,285.636703,scenario_000,short
7664,278,1.677881,0.388259,0.54527,2,281.330273,scenario_000,short
7665,278,2.712395,0.41201,0.382619,0,287.494637,scenario_000,short
7666,278,2.388871,0.612284,0.769564,1,284.096847,scenario_000,short
7667,278,2.028024,0.563363,0.601968,2,281.029597,scenario_000,short
7668,278,1.818521,0.714072,0.660946,2,280.815288,scenario_000,short
7669,278,1.684855,0.197352,0.319433,2,281.067776,scenario_000,short
7670,278,7.724144,0.426028,0.451296,0,308.16611,scenario_000,medium
7671,278,1.600917,0.309683,0.44299,0,284.340614,scenario_000,short
7672,278,17.709226,0.660809,0.576421,0,346.8797,scenario_000,medium
7673,278,10.051795,0.641508,0.777169,0,316.608279,scenario_000,medium
7674,278,2.316038,0.539374,0.616284,0,286.614585,scenario_000,short
7675,278,1.594487,0.403752,0.394476,2,280.708582,scenario_000,short
7676,278,2.045256,0.70673,1.0,2,280.870385,scenario_000,short
7677,278,17.129414,0.331129,0.303367,2,308.979322,scenario_000,medium
7678,279,1.218182,0.351815,0.606897,2,280.673773,scenario_000,short
7679,279,1.779468,0.179779,0.531206,1,284.107311,scenario_000,short
7680,279,13.748465,0.780842,0.552349,0,332.498228,scenario_000,medium
7681,279,1.615337,0.203594,0.206413,1,282.913434,scenario_000,short
7682,279,1.746604,0.297193,0.365527,0,283.730967,scenario_000,short
7683,279,1.374159,0.646012,0.798997,0,282.512352,scenario_000,short
7684,279,1.100018,0.356764,0.583068,0,282.03507,scenario_000,short
7685,279,5.68384,0.708674,0.645028,1,294.284945,scenario_000,medium
7686,279,37.736989,0.75006,0.633779,2,327.310429,scenario_000,long
7687,279,1.849865,0.617921,0.609085,2,282.303197,scenario_000,short
7688,279,1.689219,0.437343,0.334809,2,281.541799,scenario_000,short
7689,279,1.712609,0.388687,0.713957,2,281.550615,scenario_000,short
7690,279,2.309938,0.628596,0.513403,0,287.289568,scenario_000,short
7691,279,5.211478,0.460988,0.446312,0,292.266901,scenario_000,medium
7692,279,1.892593,0.352875,0.34446,0,284.815556,scenario_000,short
7693,279,1.791146,0.588606,0.573069,1,282.514212,scenario_000,short
7694,279,1.594759,0.401172,0.430467,1,283.395344,scenario_000,short
7695,279,13.59816,0.921521,0.687023,0,321.409089,scenario_000,long
7696,279,17.735932,0.604968,0.567339,0,338.669038,scenario_000,medium
7697,279,2.469822,0.249442,0.421336,2,282.899856,scenario_000,short
7698,279,1.433767,0.147528,0.324776,2,281.326699,scenario_000,short
7699,279,9.150033,0.529277,0.843889,0,319.468477,scenario_000,medium
7700,279,14.735024,0.253863,0.719382,1,313.596405,scenario_000,long
7701,279,1.815475,0.818772,0.652325,1,282.325523,scenario_000,short
7702,279,16.352997,0.205894,0.373135,1,310.53724,scenario_000,medium
7703,279,1.908992,0.443031,0.418061,2,281.994752,scenario_000,short
7704,279,2.01917,0.303154,0.247161,1,284.155975,scenario_000,short
7705,279,1.942271,0.084395,0.05,1,282.658174,scenario_000,short
7706,279,17.856155,0.662924,0.677113,0,341.508377,scenario_000,medium
7707,279,1.887145,0.405848,0.239176,2,281.567967,scenario_000,short
7708,279,1.870319,0.071827,0.172241,1,283.374749,scenario_000,short
7709,279,1.24923,0.270843,0.479102,0,283.205183,scenario_000,short
7710,279,2.158522,0.367918,0.247881,2,281.767281,scenario_000,short
7711,280,1.584795,0.626814,0.37173,2,282.763941,scenario_000,short
7712,280,2.377176,0.735822,0.759991,0,286.963283,scenario_000,short
7713,280,1.670409,0.065298,0.328373,0,285.206453,scenario_000,short
7714,280,2.182577,0.429657,0.572782,1,286.766945,scenario_000,short
7715,280,10.736588,0.541873,0.744942,0,316.493272,scenario_000,medium
7716,280,1.095926,0.422407,0.290854,2,281.752029,scenario_000,short
7717,280,1.698331,0.607467,0.621373,1,283.527144,scenario_000,short
7718,280,17.929949,1.0,0.758131,2,313.187545,scenario_000,long
7719,280,1.415883,0.712504,0.721951,2,282.578865,scenario_000,short
7720,280,8.956678,0.200109,0.44636,0,305.921221,scenario_000,medium
7721,280,1.531123,0.204802,0.203498,2,282.569041,scenario_000,short
7722,280,11.562123,0.495732,0.867001,2,298.285779,scenario_000,medium
7723,280,9.105182,0.194908,0.354414,2,293.834365,scenario_000,medium
7724,280,1.745871,0.550169,0.359021,0,285.276642,scenario_000,short
7725,280,1.979082,0.203897,0.457291,0,288.640045,scenario_000,short
7726,280,11.50292,0.413016,0.391452,0,310.893284,scenario_000,long
7727,280,14.97685,0.392056,0.536932,2,297.866643,scenario_000,medium
7728,280,18.034357,0.542899,0.938905,0,360.473458,scenario_000,medium
7729,280,1.721739,0.201593,0.248469,0,284.43484,scenario_000,short
7730,280,16.6987,0.910616,1.0,0,344.751617,scenario_000,medium
7731,280,2.474923,0.341678,0.54437,0,287.22381,scenario_000,short
7732,280,24.322689,0.672228,0.514187,0,386.14494,scenario_000,medium
7733,280,9.434593,0.599104,0.501403,0,307.851792,scenario_000,medium
7734,280,7.140577,0.254626,0.467046,0,306.824233,scenario_000,medium
7735,280,2.105222,0.329291,0.449726,0,289.276449,scenario_000,short
7736,280,3.092378,0.456038,0.4327,0,288.478943,scenario_000,short
7737,281,11.420255,0.429807,0.417716,2,303.800862,scenario_000,medium
7738,281,4.830217,0.273791,0.401396,1,293.578453,scenario_000,medium
7739,281,13.157921,0.969759,0.785961,0,322.659247,scenario_000,medium
7740,281,1.950783,0.352927,0.36101,2,283.808328,scenario_000,short
7741,281,1.135941,0.42812,0.335031,2,282.915336,scenario_000,short
7742,281,12.142075,0.465988,0.378578,1,319.084509,scenario_000,medium
7743,281,8.13842,0.685981,0.758455,2,291.687643,scenario_000,medium
7744,281,1.934383,0.717958,0.673889,1,284.748539,scenario_000,short
7745,281,16.534529,0.532908,0.706577,2,311.47572,scenario_000,medium
7746,281,5.522445,0.990031,0.993096,0,303.238932,scenario_000,medium
7747,281,1.169783,0.315565,0.822104,0,285.385102,scenario_000,short
7748,281,1.646948,0.370459,0.399525,0,286.23755,scenario_000,short
7749,281,1.100654,0.373698,0.412841,0,284.372858,scenario_000,short
7750,281,9.669659,0.932928,0.636891,0,307.204312,scenario_000,medium
7751,281,14.452799,0.162209,0.100809,0,342.725897,scenario_000,medium
7752,281,8.185578,0.721701,0.628343,2,291.545883,scenario_000,medium
7753,281,1.785111,0.569284,0.516043,0,286.226353,scenario_000,short
7754,281,6.281493,0.630557,0.551837,1,298.612406,scenario_000,medium
7755,282,1.078933,0.307305,0.401953,0,286.449978,scenario_000,short
7756,282,14.126025,0.274972,0.524663,1,320.693005,scenario_000,medium
7757,282,2.308869,0.242349,0.325569,2,286.172504,scenario_000,short
7758,282,14.252869,0.868096,0.702106,1,313.912558,scenario_000,long
7759,282,2.570298,0.419248,0.497251,2,285.150311,scenario_000,short
7760,282,1.547972,0.515051,0.824135,0,287.565725,scenario_000,short
7761,282,18.725597,0.503548,0.561633,2,312.496571,scenario_000,medium
7762,282,1.734555,0.24808,0.250283,0,288.532241,scenario_000,short
7763,282,8.41464,0.122078,0.361631,0,316.607006,scenario_000,medium
7764,282,9.284451,0.590232,0.476285,2,293.39042,scenario_000,medium
7765,282,7.703771,0.678331,0.730643,1,304.5417,scenario_000,medium
7766,282,6.91593,0.268052,0.315332,0,308.589625,scenario_000,medium
7767,282,26.753986,0.913885,1.0,0,354.168694,scenario_000,long
7768,282,16.496756,0.567041,0.662748,1,322.377903,scenario_000,medium
7769,282,10.273123,0.261696,0.376662,2,294.453488,scenario_000,medium
7770,282,2.463319,0.294167,0.155691,2,285.699209,scenario_000,short
7771,282,16.044069,0.855855,0.93872,2,314.411953,scenario_000,medium
7772,282,2.058423,0.3052,0.257703,0,289.950165,scenario_000,short
7773,282,13.498677,0.818524,0.693524,1,313.769782,scenario_000,medium
7774,282,1.594611,0.447702,0.704707,2,284.82913,scenario_000,short
7775,282,12.859315,0.953377,0.718868,0,324.136819,scenario_000,long
7776,282,17.214646,0.599204,0.480654,0,344.019539,scenario_000,medium
7777,282,2.001349,0.306629,0.592917,1,287.111153,scenario_000,short
7778,282,1.838348,0.61273,0.643677,1,286.946706,scenario_000,short
7779,282,19.604664,0.359406,0.378527,2,305.622867,scenario_000,medium
7780,282,2.504244,0.611081,0.654752,1,288.81935,scenario_000,short
7781,282,9.692133,0.568376,0.575989,0,315.070501,scenario_000,medium
7782,282,2.265791,0.346999,0.571071,2,286.22398,scenario_000,short
7783,282,5.477726,0.727497,0.591349,2,289.022569,scenario_000,medium
7784,283,2.163702,0.218306,0.212268,1,287.368279,scenario_000,short
7785,283,23.714851,0.217365,0.084594,0,363.662385,scenario_000,medium
7786,283,1.450017,0.424539,0.382613,1,286.685248,scenario_000,short
7787,283,14.9301,0.56159,0.454566,0,323.130635,scenario_000,medium
7788,283,11.707926,0.572532,0.467343,0,319.451232,scenario_000,medium
7789,283,8.822468,1.0,0.868332,2,297.230882,scenario_000,medium
7790,283,11.92105,0.132716,0.210393,0,320.072188,scenario_000,medium
7791,283,11.104638,0.352193,0.506774,1,303.833103,scenario_000,medium
7792,283,24.83217,0.812876,0.690096,0,389.19679,scenario_000,medium
7793,283,1.78622,0.613534,0.478851,2,286.495344,scenario_000,short
7794,283,2.4023,0.36511,0.32474,1,287.527845,scenario_000,short
7795,283,14.249355,0.301194,0.295338,0,346.061158,scenario_000,medium
7796,283,1.608948,0.544263,0.784457,1,286.415749,scenario_000,short
7797,283,5.720946,0.551967,0.872572,1,293.920994,scenario_000,medium
7798,283,14.570217,0.697103,0.741374,0,337.270263,scenario_000,medium
7799,283,1.355896,0.357485,0.429138,1,286.363742,scenario_000,short
7800,283,8.83936,0.282637,0.285888,2,296.785785,scenario_000,medium
7801,283,16.132842,0.599013,0.540737,0,324.905353,scenario_000,medium
7802,283,2.627808,0.448427,0.880037,2,286.20077,scenario_000,short
7803,283,1.643821,0.077902,0.747195,0,290.337188,scenario_000,short
7804,283,1.896806,0.687145,0.691888,2,286.037874,scenario_000,short
7805,283,1.20017,0.403465,0.425548,1,286.671525,scenario_000,short
7806,283,1.336015,0.340514,0.278442,2,285.493254,scenario_000,short
7807,283,2.260008,0.060986,0.31524,1,288.250507,scenario_000,short
7808,283,1.700077,0.316033,0.437664,2,285.633579,scenario_000,short
7809,283,1.643442,0.058204,0.243803,1,286.252429,scenario_000,short
7810,283,8.406482,0.194968,0.126391,0,307.467151,scenario_000,medium
7811,283,16.087538,0.515484,0.897931,0,337.471999,scenario_000,long
7812,283,1.83076,0.295944,0.287418,0,289.656546,scenario_000,short
7813,283,1.578639,0.115079,0.192773,2,286.012168,scenario_000,short
7814,283,1.131396,0.384746,0.241296,1,285.2775,scenario_000,short
7815,283,2.151276,0.598184,0.751332,1,288.514195,scenario_000,short
7816,283,1.557668,0.240032,0.375014,1,287.657442,scenario_000,short
7817,283,2.280629,0.292773,0.399708,0,289.059458,scenario_000,short
7818,283,14.569658,0.789739,0.622401,0,328.867831,scenario_000,medium
7819,283,1.960108,0.711922,1.0,1,289.015848,scenario_000,short
7820,283,1.948093,0.41996,0.522472,2,285.419873,scenario_000,short
7821,284,1.610847,0.240045,0.273284,2,286.514601,scenario_000,short
7822,284,1.938121,0.690303,0.674858,2,287.251468,scenario_000,short
7823,284,1.733682,0.075362,0.374562,0,291.286153,scenario_000,short
7824,284,10.73514,0.400077,0.515405,1,311.744084,scenario_000,medium
7825,284,8.659474,0.570172,0.758012,0,310.351849,scenario_000,medium
7826,284,1.816396,0.342143,0.56251,1,288.383911,scenario_000,short
7827,284,11.495108,0.373856,0.672245,2,303.647448,scenario_000,medium
7828,284,18.489955,0.456281,0.823821,2,314.356143,scenario_000,medium
7829,284,1.965809,0.128897,0.630453,2,286.728265,scenario_000,short
7830,284,9.414153,0.756886,0.759536,0,321.095717,scenario_000,long
7831,284,7.678832,0.568694,0.532896,2,296.394707,scenario_000,medium
7832,284,7.665782,0.687609,0.670207,0,305.732942,scenario_000,medium
7833,284,13.803144,0.121636,0.138211,0,329.001777,scenario_000,medium
7834,284,1.631423,0.413779,0.483658,0,288.449853,scenario_000,short
7835,284,2.236222,0.58056,0.651122,0,292.931623,scenario_000,short
7836,284,23.905401,0.195205,0.545349,1,331.65004,scenario_000,medium
7837,284,1.415185,0.538333,0.309558,1,287.983094,scenario_000,short
7838,284,3.000731,0.820001,0.558315,2,289.64276,scenario_000,short
7839,284,9.250161,0.369877,0.473224,0,315.037982,scenario_000,medium
7840,284,2.056791,0.255675,0.399914,2,287.61594,scenario_000,short
7841,284,5.278633,0.430142,0.358659,1,293.803484,scenario_000,medium
7842,284,1.976854,0.380704,0.623211,1,287.707981,scenario_000,short
7843,284,1.709809,0.285877,0.70128,1,288.600011,scenario_000,short
7844,284,1.941903,0.621143,0.560589,1,287.668005,scenario_000,short
7845,284,1.049322,0.480405,0.856697,2,286.028276,scenario_000,short
7846,284,2.275743,0.330083,0.375368,2,288.587226,scenario_000,short
7847,284,14.342286,0.91398,1.0,0,343.602024,scenario_000,medium
7848,284,7.543435,0.430378,0.376654,0,309.531488,scenario_000,medium
7849,285,18.866477,0.414736,0.296662,0,360.828238,scenario_000,long
7850,285,1.685806,0.097469,0.185458,2,288.300697,scenario_000,short
7851,285,1.772233,0.059576,0.257841,0,291.000114,scenario_000,short
7852,285,1.81262,0.244475,0.35251,2,288.276146,scenario_000,short
7853,285,2.222703,0.143151,0.354166,0,291.576993,scenario_000,short
7854,285,2.189649,0.503215,0.917189,0,293.361985,scenario_000,short
7855,285,9.337679,0.50031,0.487944,2,303.916824,scenario_000,medium
7856,285,1.333445,0.286861,0.203375,0,288.49909,scenario_000,short
7857,285,1.662367,0.361501,0.654978,2,287.958496,scenario_000,short
7858,285,9.257636,0.609582,0.509183,1,310.28622,scenario_000,medium
7859,285,1.114206,0.411566,0.383547,1,287.190872,scenario_000,short
7860,285,10.771196,0.506065,0.650809,0,316.927302,scenario_000,medium
7861,285,20.358344,0.613602,0.490569,0,363.097979,scenario_000,long
7862,285,1.45572,0.434559,0.452877,0,291.017627,scenario_000,short
7863,285,1.993816,0.604522,0.492339,0,291.431173,scenario_000,short
7864,285,14.252604,0.669001,0.541222,1,313.473034,scenario_000,medium
7865,285,15.800194,0.736703,0.985624,1,314.078534,scenario_000,medium
7866,285,1.246258,0.249332,0.26055,2,287.404472,scenario_000,short
7867,285,2.213105,0.675557,0.7252,1,290.765877,scenario_000,short
7868,286,1.699649,0.372094,0.733078,1,289.256586,scenario_000,short
7869,286,1.971468,0.09807,0.547273,0,292.970417,scenario_000,short
7870,286,2.442957,0.225145,0.377759,1,291.442135,scenario_000,short
7871,286,7.731689,0.43956,0.345187,0,314.019173,scenario_000,medium
7872,286,1.234731,0.37201,0.588233,0,290.759228,scenario_000,short
7873,286,1.669381,0.320507,0.527909,2,289.100251,scenario_000,short
7874,286,7.373138,0.391126,0.473408,2,298.654644,scenario_000,medium
7875,286,1.717843,0.702093,0.725398,2,288.236933,scenario_000,short
7876,286,1.946953,0.421194,0.722539,0,293.76201,scenario_000,short
7877,286,10.085104,0.192118,0.174502,2,302.905636,scenario_000,medium
7878,286,1.58808,0.674572,0.486278,0,290.837133,scenario_000,short
7879,286,16.937826,0.577108,0.702601,2,313.05077,scenario_000,medium
7880,286,1.864645,0.178222,0.234998,1,289.943094,scenario_000,short
7881,286,1.718364,0.500485,0.57864,0,291.738438,scenario_000,short
7882,286,2.159059,0.436184,0.381638,0,291.785061,scenario_000,short
7883,286,1.860663,0.073502,0.340942,2,288.338304,scenario_000,short
7884,286,10.990934,0.837301,0.866122,2,300.111448,scenario_000,medium
7885,286,1.556852,0.725769,0.577257,2,289.002941,scenario_000,short
7886,286,1.453299,0.826097,0.670429,1,288.788449,scenario_000,short
7887,286,2.124257,0.459106,0.905684,2,288.673648,scenario_000,short
7888,286,1.566743,0.327935,0.226761,0,292.446687,scenario_000,short
7889,286,2.064169,0.531252,0.532909,0,293.374481,scenario_000,short
7890,286,2.124789,0.186731,0.235843,1,290.925605,scenario_000,short
7891,286,10.009571,0.132488,0.676398,1,310.102684,scenario_000,medium
7892,286,15.243636,0.574116,0.423235,1,313.361095,scenario_000,medium
7893,286,2.110157,0.278603,0.78294,0,291.532691,scenario_000,short
7894,286,10.703364,0.564718,0.474447,0,331.6257,scenario_000,medium
7895,286,1.706689,0.436641,0.583428,2,289.365418,scenario_000,short
7896,287,1.42576,0.355709,0.769936,0,292.481301,scenario_000,short
7897,287,8.348423,0.125467,0.422681,0,314.761325,scenario_000,medium
7898,287,1.645941,0.111281,0.334246,0,291.945818,scenario_000,short
7899,287,11.51517,0.715074,0.70701,0,336.981941,scenario_000,medium
7900,287,1.625777,0.664263,0.416383,1,291.781354,scenario_000,short
7901,287,8.656698,0.578077,0.469556,0,319.346463,scenario_000,medium
7902,287,1.530949,0.492658,0.560521,0,291.448067,scenario_000,short
7903,287,18.849909,0.798156,1.0,0,342.459744,scenario_000,medium
7904,287,9.908862,0.795291,0.825467,2,300.132361,scenario_000,medium
7905,287,7.574327,0.588036,0.417269,2,301.4043,scenario_000,medium
7906,287,9.140249,0.559793,0.319864,2,305.874288,scenario_000,medium
7907,287,12.774805,0.809996,0.810161,2,305.865859,scenario_000,medium
7908,287,1.425401,0.170912,0.219725,1,289.721378,scenario_000,short
7909,287,1.91806,0.249438,0.518964,2,290.170898,scenario_000,short
7910,287,2.170957,0.232556,0.424478,0,294.409103,scenario_000,short
7911,287,1.328192,0.704761,0.6084,2,289.731308,scenario_000,short
7912,287,11.878708,0.904377,1.0,1,313.120572,scenario_000,medium
7913,287,1.173066,0.599325,0.556501,2,288.684256,scenario_000,short
7914,287,9.264354,0.626299,0.954136,0,321.708697,scenario_000,medium
7915,287,7.259593,0.524686,0.540283,2,298.598351,scenario_000,medium
7916,287,21.376471,0.548266,0.535149,2,330.02679,scenario_000,long
7917,288,1.10801,0.107689,0.176015,2,289.627273,scenario_000,short
7918,288,14.518026,0.340253,0.363895,2,317.748418,scenario_000,medium
7919,288,1.640882,0.349965,0.838121,1,291.227817,scenario_000,short
7920,288,1.609662,0.376612,0.478488,0,294.349322,scenario_000,short
7921,288,16.382355,0.946857,0.81981,2,312.222412,scenario_000,medium
7922,288,2.104346,0.234463,0.240135,2,292.050674,scenario_000,short
7923,288,2.011627,0.406724,0.32741,1,292.824108,scenario_000,short
7924,288,20.851209,0.422942,0.495739,0,352.499073,scenario_000,long
7925,288,1.560508,0.185012,0.269618,2,291.191825,scenario_000,short
7926,288,1.557147,0.316056,0.34661,0,292.631624,scenario_000,short
7927,288,16.732801,0.491631,0.8248,0,362.080369,scenario_000,medium
7928,288,1.886366,0.324372,0.403423,0,293.3832,scenario_000,short
7929,288,2.464558,0.367759,0.844708,2,292.527873,scenario_000,short
7930,288,1.403378,0.672458,0.700465,1,291.646733,scenario_000,short
7931,288,14.565893,0.333077,0.226597,2,309.515544,scenario_000,medium
7932,288,1.528196,0.425765,0.510381,2,291.03078,scenario_000,short
7933,288,1.659216,0.143619,0.434337,2,291.342381,scenario_000,short
7934,288,1.842058,0.431881,0.412685,0,293.975877,scenario_000,short
7935,289,10.25044,0.125889,0.757032,1,316.2841,scenario_000,medium
7936,289,1.533041,0.496126,0.530533,2,291.002484,scenario_000,short
7937,289,1.406541,0.545074,0.377711,1,293.211056,scenario_000,short
7938,289,1.832686,0.28363,0.335969,0,293.923914,scenario_000,short
7939,289,1.777622,0.282827,0.543543,0,294.296267,scenario_000,short
7940,289,1.7238,0.305605,0.525225,0,293.641132,scenario_000,short
7941,289,1.824696,0.130107,0.197252,2,291.923403,scenario_000,short
7942,289,10.752383,0.934647,0.912082,0,332.008758,scenario_000,long
7943,289,2.554643,0.187871,0.575371,2,294.059487,scenario_000,short
7944,289,19.027287,0.518551,0.504064,0,357.907247,scenario_000,medium
7945,289,1.839757,0.27647,0.424868,1,292.561995,scenario_000,short
7946,289,11.383015,0.28693,0.558851,1,312.270439,scenario_000,medium
7947,289,1.93911,0.344817,0.33149,2,292.143725,scenario_000,short
7948,289,13.704761,1.0,0.747242,2,311.950826,scenario_000,medium
7949,289,11.08588,0.281659,0.415042,0,332.709005,scenario_000,medium
7950,289,2.544028,0.34467,0.421449,2,294.039437,scenario_000,short
7951,289,1.57771,0.220674,0.747425,0,294.119685,scenario_000,short
7952,289,1.718054,0.4338,0.448648,2,292.210855,scenario_000,short
7953,289,2.003865,0.072491,0.05,0,297.857053,scenario_000,short
7954,289,17.380131,0.87212,0.842665,0,340.584741,scenario_000,long
7955,289,9.322376,0.251465,0.44099,1,317.692669,scenario_000,medium
7956,289,1.182923,0.376054,0.569292,2,291.370633,scenario_000,short
7957,289,14.55467,0.923077,0.789025,2,318.143112,scenario_000,medium
7958,289,1.562213,0.187825,0.339616,0,295.586323,scenario_000,short
7959,289,1.906797,0.430796,0.578495,2,291.914877,scenario_000,short
7960,289,30.748785,0.972064,0.79855,0,367.938519,scenario_000,long
7961,289,1.79307,0.45788,0.594262,0,295.585173,scenario_000,short
7962,289,9.978749,0.128152,0.276823,0,326.277354,scenario_000,medium
7963,289,19.777852,0.448418,0.579315,0,351.403122,scenario_000,long
7964,289,6.230527,0.890881,1.0,1,305.015067,scenario_000,medium
7965,289,9.17559,0.464744,0.301704,1,308.204768,scenario_000,medium
7966,289,1.557101,0.642354,0.753931,2,291.575263,scenario_000,short
7967,289,1.410268,0.069818,0.187131,0,294.043893,scenario_000,short
7968,289,9.523859,0.322108,0.328362,1,317.186802,scenario_000,medium
7969,289,1.776885,0.148593,0.242912,0,296.559762,scenario_000,short
7970,289,2.205451,0.278331,0.644367,0,294.912984,scenario_000,short
7971,289,8.146093,0.152654,0.313434,0,319.15877,scenario_000,medium
7972,290,1.625677,0.665565,0.684203,0,294.378917,scenario_000,short
7973,290,2.034428,0.394217,0.491799,0,297.316244,scenario_000,short
7974,290,1.812237,0.146139,0.292225,0,295.385126,scenario_000,short
7975,290,1.585885,0.44063,0.610172,0,295.075222,scenario_000,short
7976,290,1.770517,0.835159,0.843195,0,296.343645,scenario_000,short
7977,290,20.734108,0.238455,0.426657,0,364.172911,scenario_000,medium
7978,290,1.726447,0.388262,0.567115,0,295.638473,scenario_000,short
7979,290,13.085639,0.212363,0.289342,0,338.780696,scenario_000,medium
7980,290,1.661945,0.44473,0.512191,1,295.136544,scenario_000,short
7981,290,11.612933,0.128215,0.09466,0,321.410116,scenario_000,medium
7982,290,1.793749,0.229771,0.366425,0,295.519687,scenario_000,short
7983,290,1.175547,0.540116,1.0,2,291.915539,scenario_000,short
7984,290,1.583733,0.517316,0.522672,0,294.420405,scenario_000,short
7985,290,1.628328,0.717022,0.505173,0,295.556877,scenario_000,short
7986,290,1.662671,0.408647,0.58299,2,292.247836,scenario_000,short
7987,290,1.614013,0.51813,0.613441,2,293.236287,scenario_000,short
7988,290,1.283515,0.383838,0.348829,2,292.408463,scenario_000,short
7989,290,1.550431,0.476612,0.62695,1,294.819309,scenario_000,short
7990,290,1.704506,0.469459,0.484575,2,291.993587,scenario_000,short
7991,290,12.300793,0.841028,0.934746,1,320.752098,scenario_000,medium
7992,290,7.465897,0.989343,0.79106,1,310.769181,scenario_000,medium
7993,290,2.502776,0.44395,0.497123,1,295.513083,scenario_000,short
7994,290,6.798414,0.438645,0.573468,0,310.175161,scenario_000,medium
7995,290,1.745862,0.733766,0.699884,2,293.411631,scenario_000,short
7996,290,1.509107,0.135728,0.188655,2,292.309949,scenario_000,short
7997,290,10.461168,0.137608,0.268201,0,324.856411,scenario_000,medium
7998,290,1.585127,0.240641,0.358638,0,296.952326,scenario_000,short
7999,290,1.487159,0.686419,0.627005,2,292.513237,scenario_000,short
8000,291,2.421469,0.493467,0.553775,2,295.962402,scenario_000,short
8001,291,1.714972,0.27743,0.595676,2,294.264714,scenario_000,short
8002,291,11.2708,0.331529,0.795063,2,307.485228,scenario_000,medium
8003,291,1.474454,0.706236,0.539323,0,296.340109,scenario_000,short
8004,291,9.241604,0.583112,0.558694,0,324.58559,scenario_000,medium
8005,291,1.973831,0.363159,0.825788,2,294.151863,scenario_000,short
8006,291,1.715734,0.382878,0.290855,2,294.30794,scenario_000,short
8007,291,1.349359,0.500279,0.785815,2,293.657374,scenario_000,short
8008,291,11.219194,0.251425,0.314229,1,317.348976,scenario_000,medium
8009,291,1.857221,0.364087,0.638677,0,295.900111,scenario_000,short
8010,291,1.670859,0.061657,0.357258,0,297.693681,scenario_000,short
8011,291,1.877701,0.505265,0.670143,1,295.676226,scenario_000,short
8012,291,5.678566,0.144745,0.602535,2,298.5356,scenario_000,medium
8013,291,9.697471,0.840534,1.0,0,331.189765,scenario_000,medium
8014,291,2.059923,0.052751,0.328543,0,298.609574,scenario_000,short
8015,291,2.588401,0.762939,0.605737,2,295.445331,scenario_000,short
8016,291,1.948548,0.339912,0.623494,2,294.789866,scenario_000,short
8017,291,9.706208,0.437985,0.576014,2,307.196556,scenario_000,medium
8018,291,12.407886,0.637906,0.514212,0,323.088235,scenario_000,medium
8019,291,1.723343,0.268233,0.506086,1,295.293684,scenario_000,short
8020,291,2.167671,0.167786,0.300908,0,296.932855,scenario_000,short
8021,291,1.884888,0.810936,0.847111,0,296.074988,scenario_000,short
8022,291,11.410556,0.294246,0.37747,2,307.153874,scenario_000,medium
8023,291,1.923273,0.556976,0.520717,0,299.006145,scenario_000,short
8024,291,1.497268,0.424817,0.389396,1,295.527744,scenario_000,short
8025,291,1.723483,0.160478,0.182788,2,293.585605,scenario_000,short
8026,291,8.477559,0.563831,0.588609,2,306.057533,scenario_000,medium
8027,291,1.529693,0.524128,0.715575,1,294.55026,scenario_000,short
8028,291,1.961726,0.818313,0.569565,0,296.368862,scenario_000,short
8029,291,12.304795,0.275344,0.600335,0,326.0644,scenario_000,medium
8030,291,1.756688,0.622763,0.673624,0,297.487653,scenario_000,short
8031,292,1.465786,0.12538,0.130305,0,296.168477,scenario_000,short
8032,292,2.018545,0.338015,0.337849,0,297.228073,scenario_000,short
8033,292,1.994856,0.138649,0.358779,0,298.904392,scenario_000,short
8034,292,1.858951,0.062521,0.440153,0,297.001959,scenario_000,short
8035,292,13.17269,0.542108,0.580498,2,313.948734,scenario_000,medium
8036,292,1.475103,0.375407,0.349846,0,297.1737,scenario_000,short
8037,292,14.472551,0.980683,1.0,2,316.690575,scenario_000,medium
8038,292,1.651968,0.725664,0.675323,2,294.334406,scenario_000,short
8039,292,16.238072,0.568948,0.489097,0,340.153164,scenario_000,medium
8040,292,1.890564,0.358566,0.365716,0,297.509044,scenario_000,short
8041,292,2.286749,0.745725,0.727297,1,298.337002,scenario_000,short
8042,292,1.716004,0.127322,0.311229,0,297.22169,scenario_000,short
8043,292,9.156254,0.362387,0.773483,0,325.782835,scenario_000,medium
8044,292,9.518155,0.655351,0.734798,1,310.129502,scenario_000,medium
8045,292,2.394418,0.775125,1.0,1,299.092811,scenario_000,short
8046,292,1.820154,0.52324,0.492691,2,295.525861,scenario_000,short
8047,292,2.701295,0.12379,0.387017,2,295.403215,scenario_000,short
8048,292,16.63466,0.70691,0.708038,0,355.220319,scenario_000,medium
8049,292,2.088432,0.744272,0.912539,1,297.244894,scenario_000,short
8050,292,1.826202,0.326661,0.478566,2,294.831765,scenario_000,short
8051,292,8.031895,0.646529,0.74104,0,318.087422,scenario_000,medium
8052,292,1.627257,0.090765,0.8,2,294.953829,scenario_000,short
8053,292,1.728792,0.128814,0.158998,0,297.935211,scenario_000,short
8054,292,1.492415,0.424864,0.677275,1,295.902613,scenario_000,short
8055,292,2.204463,0.371417,0.361474,0,300.271503,scenario_000,short
8056,292,2.058289,0.239046,0.161637,2,294.900245,scenario_000,short
8057,293,1.41347,0.266765,0.498792,2,295.495583,scenario_000,short
8058,293,14.625136,0.830056,0.709315,0,344.548328,scenario_000,medium
8059,293,2.085319,0.362414,0.305699,2,296.136527,scenario_000,short
8060,293,8.66974,0.322995,0.404744,2,307.858324,scenario_000,medium
8061,293,1.486971,0.38576,0.737686,1,295.74738,scenario_000,short
8062,293,14.470996,0.587089,0.506838,0,333.918221,scenario_000,medium
8063,293,1.601307,0.671788,0.47391,0,299.001953,scenario_000,short
8064,293,11.16748,0.994531,1.0,0,324.183047,scenario_000,medium
8065,293,1.305638,0.172732,0.253642,0,298.400649,scenario_000,short
8066,293,1.683625,0.081846,0.29377,1,296.189408,scenario_000,short
8067,293,2.034356,0.210231,0.316422,0,301.301967,scenario_000,short
8068,293,12.830459,0.336917,0.862027,0,340.789706,scenario_000,medium
8069,293,1.756862,0.28919,0.22709,0,299.996858,scenario_000,short
8070,293,18.939657,0.965875,1.0,0,353.42028,scenario_000,long
8071,293,2.005415,0.122947,0.610509,0,299.407744,scenario_000,short
8072,293,8.596138,0.123339,0.093072,0,323.706226,scenario_000,medium
8073,293,22.545551,0.219414,0.286946,2,334.255843,scenario_000,medium
8074,293,21.856314,1.0,1.0,2,321.428698,scenario_000,medium
8075,293,10.683574,0.713707,0.747409,0,325.169345,scenario_000,medium
8076,293,1.521799,0.065231,0.152382,2,295.104206,scenario_000,short
8077,293,1.708669,0.069356,0.522187,0,299.211792,scenario_000,short
8078,293,1.59049,0.56397,0.746269,2,295.908695,scenario_000,short
8079,293,2.285285,0.34746,0.771056,0,300.032683,scenario_000,short
8080,293,17.444752,0.876788,0.752037,0,339.898102,scenario_000,medium
8081,293,10.888831,0.219867,0.337818,0,322.020273,scenario_000,medium
8082,293,15.889178,0.683864,0.707157,0,349.939233,scenario_000,medium
8083,293,17.467623,0.980531,0.882256,0,340.189767,scenario_000,long
8084,293,1.925662,0.472101,0.470017,2,296.674024,scenario_000,short
8085,293,1.401417,0.12827,0.359928,2,294.971623,scenario_000,short
8086,293,2.14094,0.313068,0.478993,0,301.411984,scenario_000,short
8087,293,2.34293,0.199574,0.102158,1,299.368002,scenario_000,short
8088,293,13.067143,0.5391,0.50367,0,345.805822,scenario_000,medium
8089,293,13.059829,0.396933,0.387505,2,314.177478,scenario_000,medium
8090,294,26.99183,0.597428,0.768517,0,387.417179,scenario_000,medium
8091,294,28.353272,1.0,0.84029,0,416.290683,scenario_000,long
8092,294,15.637717,0.162916,0.403872,2,326.23678,scenario_000,medium
8093,294,9.623415,0.340849,0.611094,2,309.477977,scenario_000,medium
8094,294,16.171119,0.669359,0.568042,0,336.903895,scenario_000,medium
8095,294,1.412189,0.095001,0.24424,1,298.233201,scenario_000,short
8096,294,7.725704,0.168675,0.376171,0,318.159278,scenario_000,medium
8097,294,2.282146,0.543584,0.39523,2,297.962953,scenario_000,short
8098,294,1.952744,0.236447,0.455132,1,297.671892,scenario_000,short
8099,294,1.771226,0.112527,0.510602,1,297.664807,scenario_000,short
8100,294,13.252297,0.480858,0.362537,2,310.998144,scenario_000,medium
8101,294,13.99309,0.371756,0.788082,0,334.286017,scenario_000,medium
8102,294,1.637309,0.072704,0.212167,1,297.809441,scenario_000,short
8103,294,2.490514,0.349352,0.773782,1,300.743937,scenario_000,short
8104,294,2.227437,0.139065,0.651576,0,302.856781,scenario_000,short
8105,294,2.136713,0.525154,0.475689,2,297.074412,scenario_000,short
8106,294,1.821723,0.310856,0.57093,0,301.44158,scenario_000,short
8107,294,1.482796,0.090942,0.294831,0,300.398571,scenario_000,short
8108,294,1.803189,0.600838,0.441356,0,298.775388,scenario_000,short
8109,294,1.746189,0.365688,0.733168,0,299.884451,scenario_000,short
8110,294,11.701832,0.377738,0.21752,2,311.352744,scenario_000,medium
8111,294,16.087632,0.527852,0.304761,1,339.904485,scenario_000,medium
8112,294,15.504543,0.62205,0.919383,1,325.264074,scenario_000,medium
8113,294,1.650382,0.358654,0.581743,2,297.261726,scenario_000,short
8114,294,14.890261,0.20038,0.05,1,337.983423,scenario_000,medium
8115,294,2.256234,0.446388,0.468766,2,297.784863,scenario_000,short
8116,294,1.949119,0.325953,0.734711,0,302.246683,scenario_000,short
8117,294,14.108758,0.702709,0.58016,0,348.387127,scenario_000,medium
8118,294,5.923346,0.234687,0.236448,0,317.540268,scenario_000,medium
8119,294,1.708369,0.808387,0.61991,2,296.973352,scenario_000,short
8120,294,1.616348,0.164433,0.274305,0,300.188198,scenario_000,short
8121,294,26.814973,0.384387,0.646797,0,391.735535,scenario_000,medium
8122,294,1.272808,0.370937,0.326378,0,297.339946,scenario_000,short
8123,294,2.314987,0.427587,0.907371,2,298.444402,scenario_000,short
8124,295,1.568035,0.35394,0.525998,0,300.370175,scenario_000,short
8125,295,8.329108,0.381193,0.398409,1,319.418409,scenario_000,medium
8126,295,1.016734,0.390393,0.68523,0,297.670006,scenario_000,short
8127,295,12.530762,0.441409,0.915858,2,319.674628,scenario_000,medium
8128,295,20.648448,0.412605,0.609985,1,333.859942,scenario_000,medium
8129,295,11.237088,0.186282,0.315584,1,327.945711,scenario_000,medium
8130,295,1.646567,0.524628,0.575521,0,299.373279,scenario_000,short
8131,295,1.958001,0.666147,0.940339,2,298.918125,scenario_000,short
8132,295,2.09676,0.134477,0.582142,1,298.857925,scenario_000,short
8133,295,1.902352,0.537846,0.776684,2,298.33358,scenario_000,short
8134,295,1.607775,0.504758,0.575632,2,297.96388,scenario_000,short
8135,295,1.793434,0.261608,0.378657,0,301.809894,scenario_000,short
8136,295,2.816555,0.343556,0.290376,0,305.339453,scenario_000,short
8137,295,2.017172,0.472198,0.489812,2,298.728074,scenario_000,short
8138,295,1.49587,0.390302,0.395343,0,300.219703,scenario_000,short
8139,295,2.320631,0.121174,0.4385,2,299.156275,scenario_000,short
8140,295,1.51841,0.449136,0.701824,0,300.342402,scenario_000,short
8141,295,13.102983,0.893208,0.720816,2,317.839696,scenario_000,medium
8142,295,16.599602,1.0,0.988379,1,329.004134,scenario_000,long
8143,295,1.552056,0.190752,0.131408,0,300.817153,scenario_000,short
8144,295,1.292672,0.107313,0.46943,1,298.400687,scenario_000,short
8145,295,1.426912,0.302788,0.747425,0,300.701503,scenario_000,short
8146,295,2.173277,0.397089,0.699347,1,300.091126,scenario_000,short
8147,295,11.624104,0.459252,0.745353,1,329.047797,scenario_000,medium
8148,295,11.171518,0.194341,0.232443,0,335.293301,scenario_000,medium
8149,295,1.648407,0.265783,0.197009,2,297.344332,scenario_000,short
8150,295,11.492446,0.568325,0.511405,2,313.130847,scenario_000,medium
8151,296,11.906432,0.480034,0.435976,2,312.808358,scenario_000,medium
8152,296,9.0124,1.0,0.990271,0,331.486487,scenario_000,medium
8153,296,10.009062,0.457959,0.429348,2,310.742684,scenario_000,medium
8154,296,1.863436,0.329084,0.546951,2,298.957867,scenario_000,short
8155,296,2.017929,0.657748,0.937753,0,304.760773,scenario_000,short
8156,296,1.184104,0.286565,0.429258,0,301.230552,scenario_000,short
8157,296,1.598836,0.29547,0.345537,2,299.289322,scenario_000,short
8158,296,2.422924,0.212212,0.317132,1,303.150256,scenario_000,short
8159,296,1.576404,0.255872,0.207341,1,300.466871,scenario_000,short
8160,296,1.521353,0.281601,0.312575,0,301.222841,scenario_000,short
8161,296,14.123522,0.369923,0.597462,2,321.927358,scenario_000,medium
8162,296,31.438786,0.706242,0.609993,2,349.108409,scenario_000,long
8163,296,1.874855,0.763463,0.669777,0,304.412108,scenario_000,short
8164,296,21.482607,0.940371,0.742974,0,350.915077,scenario_000,long
8165,296,2.4974,0.286627,0.435978,0,306.926683,scenario_000,short
8166,296,11.077551,0.378913,0.498747,2,316.428224,scenario_000,medium
8167,296,2.131298,0.577238,0.850428,2,299.68853,scenario_000,short
8168,296,1.447375,0.656282,0.676478,1,298.954761,scenario_000,short
8169,296,0.850635,0.370989,0.320043,0,299.331827,scenario_000,short
8170,296,1.864479,0.053449,0.190551,2,299.70657,scenario_000,short
8171,296,1.951721,0.302877,0.840106,2,299.750158,scenario_000,short
8172,296,11.837615,0.812168,1.0,2,317.944124,scenario_000,medium
8173,296,1.79852,0.703581,0.580133,0,301.0947,scenario_000,short
8174,296,1.555661,0.091264,0.180448,0,302.896491,scenario_000,short
8175,296,1.519597,0.760523,0.742329,0,300.26073,scenario_000,short
8176,296,1.575993,0.146282,0.233186,2,299.197715,scenario_000,short
8177,296,1.975958,0.252574,0.441781,0,302.696813,scenario_000,short
8178,296,2.585604,0.640314,0.605584,1,304.030458,scenario_000,short
8179,296,13.288224,1.0,0.897575,0,335.201299,scenario_000,medium
8180,296,1.548034,0.687001,0.968369,2,298.54545,scenario_000,short
8181,296,1.832059,0.384631,0.35492,1,299.726617,scenario_000,short
8182,297,1.489277,0.092917,0.271811,0,301.15705,scenario_000,short
8183,297,26.372891,0.266453,0.127386,2,335.329612,scenario_000,medium
8184,297,1.445216,0.560343,0.74465,0,300.698261,scenario_000,short
8185,297,10.183294,0.428937,0.389633,0,322.98328,scenario_000,medium
8186,297,1.875197,0.409206,0.698446,1,301.477221,scenario_000,short
8187,297,1.932447,0.180557,0.275356,0,304.220744,scenario_000,short
8188,297,10.968565,0.877963,0.676157,0,336.792363,scenario_000,medium
8189,297,2.049788,0.836056,0.539677,2,299.953693,scenario_000,short
8190,297,1.464089,0.16352,0.372064,0,302.155462,scenario_000,short
8191,297,13.560067,1.0,0.912326,0,346.001582,scenario_000,medium
8192,297,1.558637,0.100404,0.33478,1,300.060439,scenario_000,short
8193,297,1.85129,0.351636,0.284074,1,302.461859,scenario_000,short
8194,297,1.932293,0.277385,0.67106,2,299.873741,scenario_000,short
8195,297,1.427802,0.347831,0.440699,2,299.731981,scenario_000,short
8196,297,19.488335,0.521474,0.787506,1,355.767667,scenario_000,medium
8197,297,1.714038,0.189828,0.253806,2,299.471192,scenario_000,short
8198,297,9.105832,0.369513,0.367827,1,317.540442,scenario_000,medium
8199,297,2.477526,0.55716,0.567152,2,301.057093,scenario_000,short
8200,297,1.918132,0.413114,0.682783,0,302.069716,scenario_000,short
8201,297,1.276769,0.129905,0.563128,2,299.024489,scenario_000,short
8202,297,1.464462,0.677874,0.660064,0,301.770135,scenario_000,short
8203,297,13.858357,0.137833,0.271283,0,347.6496,scenario_000,medium
8204,297,1.560241,0.253686,0.294074,1,299.912932,scenario_000,short
8205,297,1.571635,0.32402,0.337533,2,300.152215,scenario_000,short
8206,297,14.751995,0.391575,0.443158,0,346.29466,scenario_000,medium
8207,297,10.416131,0.923659,0.846118,0,324.868012,scenario_000,medium
8208,297,1.615216,0.142097,0.342654,0,302.067026,scenario_000,short
8209,297,2.613754,0.395823,0.527149,2,302.174436,scenario_000,short
8210,297,11.203438,0.550895,0.468043,0,326.237017,scenario_000,medium
8211,297,1.682643,0.427589,0.597909,0,303.324271,scenario_000,short
8212,297,2.358655,0.66711,0.504323,1,301.658743,scenario_000,short
8213,298,1.477895,0.21022,0.309388,0,302.77072,scenario_000,short
8214,298,1.646947,0.404104,0.732046,2,301.182687,scenario_000,short
8215,298,12.680463,0.429539,0.70334,1,336.601837,scenario_000,medium
8216,298,1.521442,0.116441,0.747152,0,304.337999,scenario_000,short
8217,298,16.698146,0.238114,0.312416,1,340.562971,scenario_000,medium
8218,298,10.962578,0.322254,0.404162,1,332.658879,scenario_000,medium
8219,298,5.811836,0.934875,0.863346,0,320.71291,scenario_000,medium
8220,298,19.218394,0.231705,0.273118,0,353.003796,scenario_000,medium
8221,298,10.998093,0.640431,0.592634,0,341.835215,scenario_000,medium
8222,298,1.43406,0.314865,0.578973,0,302.522005,scenario_000,short
8223,298,1.373785,0.139757,0.371237,0,303.664705,scenario_000,short
8224,298,8.607609,1.0,1.0,0,335.497711,scenario_000,medium
8225,298,1.242329,0.154688,0.305745,0,303.401887,scenario_000,short
8226,298,1.745008,0.129149,0.274778,2,301.449377,scenario_000,short
8227,298,1.858099,0.231547,0.106445,0,303.098909,scenario_000,short
8228,298,1.30632,0.410141,0.459264,0,303.772075,scenario_000,short
8229,298,2.092345,0.085441,0.134755,0,305.931477,scenario_000,short
8230,298,8.811215,0.399495,0.443979,0,323.045518,scenario_000,medium
8231,298,1.98977,0.132437,0.439983,0,304.84094,scenario_000,short
8232,298,14.388682,0.901841,0.742093,0,362.656276,scenario_000,medium
8233,298,1.278168,0.066563,0.280227,0,301.782421,scenario_000,short
8234,298,2.002718,0.147068,0.277185,0,306.893112,scenario_000,short
8235,298,1.227416,0.295012,0.13124,0,301.179448,scenario_000,short
8236,298,2.08916,0.421085,0.480075,0,307.123733,scenario_000,short
8237,298,18.287553,0.627166,0.672839,0,367.592187,scenario_000,medium
8238,298,8.276695,0.727054,0.912666,2,312.99918,scenario_000,medium
8239,298,16.033474,0.749283,0.945448,2,322.66531,scenario_000,medium
8240,298,11.418187,0.743222,0.471944,0,333.384381,scenario_000,medium
8241,298,1.60536,0.282119,0.468531,2,300.92346,scenario_000,short
8242,298,1.225327,0.351613,0.483677,0,302.852558,scenario_000,short
8243,298,1.929505,0.146337,0.200668,0,304.302186,scenario_000,short
8244,298,27.158763,0.625167,0.923856,0,391.555527,scenario_000,medium
8245,298,2.113223,0.381782,0.560711,2,301.378481,scenario_000,short
8246,298,8.977441,0.236569,0.308977,1,318.994502,scenario_000,medium
8247,298,1.433274,0.298429,0.293002,0,302.648016,scenario_000,short
8248,298,3.150906,0.210433,0.157836,0,310.374856,scenario_000,short
8249,298,1.950539,0.05778,0.616334,1,303.500722,scenario_000,short
8250,298,6.803981,0.646259,1.0,0,318.659106,scenario_000,medium
8251,298,2.618857,0.267201,0.763703,0,308.171691,scenario_000,short
8252,298,21.411906,0.664546,0.725684,0,385.576668,scenario_000,medium
8253,298,35.061063,0.43096,0.659633,1,382.737938,scenario_000,medium
8254,298,1.56244,0.595093,0.54528,2,301.126891,scenario_000,short
8255,298,1.541949,0.298561,0.545363,1,301.724529,scenario_000,short
8256,298,2.020378,0.414349,0.779114,0,307.038569,scenario_000,short
8257,299,12.992228,0.346179,0.511333,1,334.490205,scenario_000,medium
8258,299,10.000761,0.23087,0.277854,0,343.246045,scenario_000,medium
8259,299,10.88905,0.744216,0.569955,0,330.384677,scenario_000,medium
8260,299,1.40179,0.337417,0.234254,0,303.345936,scenario_000,short
8261,299,2.585167,0.075202,0.05,1,306.30471,scenario_000,short
8262,299,1.905667,0.32234,0.437155,0,306.442662,scenario_000,short
8263,299,1.923851,0.701929,0.647322,2,302.11879,scenario_000,short
8264,299,1.721838,0.141997,0.415803,1,302.5584,scenario_000,short
8265,299,1.614115,0.65786,0.478915,0,306.045591,scenario_000,short
8266,299,1.679936,0.535204,0.765085,0,306.203546,scenario_000,short
8267,299,1.607251,0.295697,0.304901,2,301.143008,scenario_000,short
8268,299,1.788042,0.243758,0.168749,0,305.161986,scenario_000,short
8269,299,1.763571,0.273918,0.27126,0,304.188167,scenario_000,short
8270,299,2.20671,0.05558,0.219691,0,304.762124,scenario_000,short
8271,299,12.446829,0.309416,0.495718,2,324.202228,scenario_000,medium
8272,299,10.234141,0.233041,0.178017,2,319.581664,scenario_000,medium
8273,299,2.571536,0.253042,0.497976,0,310.094084,scenario_000,short
8274,299,1.981296,0.235032,0.500175,1,303.805705,scenario_000,short
8275,299,14.494854,0.188602,0.208455,0,346.111528,scenario_000,medium
8276,299,1.508332,0.818236,0.816284,0,303.970792,scenario_000,short
8277,299,11.24288,0.63728,0.917804,0,332.433383,scenario_000,medium
8278,299,9.570647,0.374863,0.470872,0,329.44124,scenario_000,medium
8279,299,6.752215,0.295779,0.296416,0,320.115354,scenario_000,medium
8280,299,6.455531,0.226,0.648226,0,323.268176,scenario_000,medium
8281,299,1.596936,0.170275,0.338763,1,302.744176,scenario_000,short
8282,299,2.089737,0.221513,0.295867,0,307.790211,scenario_000,short
8283,299,8.390625,0.474306,0.393814,2,313.291006,scenario_000,medium
8284,300,1.161206,0.530506,0.684503,1,302.681219,scenario_000,short
8285,300,1.890003,0.198161,0.100349,0,307.685862,scenario_000,short
8286,300,1.662893,0.689204,0.873619,2,303.04949,scenario_000,short
8287,300,2.387562,0.484656,0.868513,2,302.980333,scenario_000,short
8288,300,1.801258,0.407015,0.379401,0,306.152433,scenario_000,short
8289,300,12.484981,0.877899,0.824881,0,354.46734,scenario_000,medium
8290,300,21.382655,0.39782,0.477198,0,365.151219,scenario_000,medium
8291,300,1.89724,0.267811,0.346212,0,307.454073,scenario_000,short
8292,300,14.07857,0.656405,0.602678,2,326.538682,scenario_000,medium
8293,300,1.46246,0.151024,0.405685,2,302.72051,scenario_000,short
8294,300,13.516854,0.415989,0.502473,0,351.512701,scenario_000,medium
8295,300,1.241391,0.07326,0.142851,0,303.452626,scenario_000,short
8296,300,2.427984,0.551394,0.910884,1,307.547036,scenario_000,short
8297,300,1.489357,0.219733,0.262599,0,306.311001,scenario_000,short
8298,300,1.909907,0.692984,0.476017,2,302.777653,scenario_000,short
8299,300,1.788631,0.848113,0.845727,2,303.465169,scenario_000,short
8300,300,1.818935,0.354711,0.279371,0,306.934776,scenario_000,short
8301,300,13.238636,0.663032,0.875043,0,339.805377,scenario_000,medium
8302,300,10.445902,0.71825,0.4849,0,327.702083,scenario_000,medium
8303,300,9.439372,0.825893,0.699957,2,316.959995,scenario_000,medium
8304,300,1.458939,0.766281,0.78938,2,302.043313,scenario_000,short
8305,300,1.64868,0.43683,0.803198,1,303.1937,scenario_000,short
8306,300,2.195466,0.295833,0.400198,2,302.76236,scenario_000,short
8307,300,1.667721,0.176184,0.54604,2,302.652769,scenario_000,short
8308,300,9.638922,0.193002,0.321537,0,325.915053,scenario_000,medium
8309,300,1.967941,0.278665,0.504407,2,303.364209,scenario_000,short
8310,300,1.591682,0.382742,0.328361,1,303.51094,scenario_000,short
8311,300,1.9017,0.351322,0.286577,0,308.30414,scenario_000,short
8312,300,2.084935,0.418551,0.37119,1,304.375524,scenario_000,short
8313,300,22.968973,0.955658,1.0,1,371.137496,scenario_000,long
8314,300,1.785722,0.350512,0.67223,0,307.415777,scenario_000,short
8315,300,1.780818,0.094019,0.241517,0,306.377135,scenario_000,short
8316,300,1.650898,0.436732,0.453976,1,304.011282,scenario_000,short
8317,300,2.724109,0.182559,0.418223,0,310.371053,scenario_000,short
8318,300,2.027857,0.546371,0.470117,2,303.418767,scenario_000,short
8319,300,2.553667,0.111652,0.238051,2,303.125957,scenario_000,short
8320,300,1.77406,0.422781,0.279633,0,306.788646,scenario_000,short
8321,300,23.437777,0.251031,0.514505,1,367.620175,scenario_000,long
8322,301,1.552242,0.05492,0.05,1,304.102248,scenario_000,short
8323,301,10.453848,0.539834,0.678306,2,319.156483,scenario_000,medium
8324,301,23.986383,0.743191,0.833172,0,387.909449,scenario_000,long
8325,301,0.972958,0.71469,0.803007,1,303.196954,scenario_000,short
8326,301,6.773968,0.593357,0.606258,0,323.092389,scenario_000,medium
8327,301,9.591182,0.215826,0.564798,1,327.481569,scenario_000,medium
8328,301,2.030032,0.398907,0.255931,2,304.194788,scenario_000,short
8329,301,18.187147,0.679249,0.754527,1,355.495976,scenario_000,medium
8330,301,9.378277,0.638811,0.564268,2,312.846569,scenario_000,medium
8331,301,2.103673,0.19486,0.486786,0,307.097201,scenario_000,short
8332,301,9.56337,0.71724,0.623167,1,330.897066,scenario_000,medium
8333,301,2.029503,0.121051,0.451095,2,304.184252,scenario_000,short
8334,301,1.444363,0.098382,0.442361,0,304.778725,scenario_000,short
8335,301,1.808371,0.447183,0.505016,0,307.896473,scenario_000,short
8336,301,2.90893,0.437465,0.262207,0,310.122851,scenario_000,short
8337,301,14.908157,0.317619,0.520262,0,367.699492,scenario_000,medium
8338,301,10.08832,0.324772,0.470945,0,341.464439,scenario_000,medium
8339,301,1.226581,0.283313,0.799839,0,306.367476,scenario_000,short
8340,301,1.788645,0.173115,0.256955,0,307.20002,scenario_000,short
8341,301,1.636048,0.133722,0.400832,1,305.524232,scenario_000,short
8342,301,2.488586,0.137664,0.314307,1,305.755047,scenario_000,short
8343,301,1.376745,0.343453,0.358823,1,304.06313,scenario_000,short
8344,301,1.745384,0.525994,0.66742,2,304.220444,scenario_000,short
8345,301,14.026075,0.661523,0.758301,0,354.819407,scenario_000,medium
8346,301,2.233027,0.291428,0.596473,2,305.380972,scenario_000,short
8347,301,3.037165,0.351348,0.594135,1,309.730458,scenario_000,short
8348,301,2.53657,0.625286,0.823435,1,308.035483,scenario_000,short
8349,301,2.165857,0.249269,0.403856,0,309.294412,scenario_000,short
8350,301,14.278586,0.905904,1.0,2,324.439377,scenario_000,medium
8351,301,8.795257,0.641127,0.554404,1,316.852862,scenario_000,medium
8352,301,11.185973,0.387528,0.536436,2,322.60913,scenario_000,medium
8353,301,2.426445,0.062232,0.589597,2,303.884977,scenario_000,short
8354,301,1.444239,0.072493,0.334074,1,304.832579,scenario_000,short
8355,301,1.804115,0.395042,0.290902,0,308.778791,scenario_000,short
8356,301,7.587005,0.571166,0.733918,0,320.980735,scenario_000,medium
8357,301,1.895313,0.441166,0.711054,0,308.582506,scenario_000,short
8358,301,1.546841,0.717317,0.738835,1,305.464634,scenario_000,short
8359,301,23.05398,0.937909,0.659116,1,344.187066,scenario_000,medium
8360,301,9.351218,0.526775,0.34495,0,331.289607,scenario_000,medium
8361,301,1.835381,0.615343,0.984306,1,304.92558,scenario_000,short
8362,301,9.399586,0.519429,0.716941,0,334.00178,scenario_000,medium
8363,302,1.420708,0.387937,0.820097,0,307.963005,scenario_000,short
8364,302,1.434384,0.095601,0.354458,2,303.745809,scenario_000,short
8365,302,2.355302,0.310856,0.346513,2,306.222034,scenario_000,short
8366,302,2.731286,0.473437,0.584902,1,307.113884,scenario_000,short
8367,302,1.762778,0.601354,0.867418,0,308.340383,scenario_000,short
8368,302,1.946407,0.059254,0.415315,2,305.990884,scenario_000,short
8369,302,2.210602,0.060359,0.657546,1,308.855053,scenario_000,short
8370,302,1.633485,0.290553,0.498701,2,304.026857,scenario_000,short
8371,302,22.888592,0.517862,0.598854,0,370.176275,scenario_000,medium
8372,302,2.236346,0.268904,0.154439,0,310.694151,scenario_000,short
8373,302,11.877812,0.186506,0.471022,0,350.472528,scenario_000,medium
8374,302,9.401216,0.954147,0.677811,0,326.769249,scenario_000,medium
8375,302,1.443217,0.407913,0.592905,2,304.398593,scenario_000,short
8376,302,2.6047,0.765833,0.774403,0,309.599281,scenario_000,short
8377,302,1.447638,0.396243,0.530286,2,303.967267,scenario_000,short
8378,302,1.760984,0.416609,0.83157,0,307.998027,scenario_000,short
8379,302,2.155206,0.338691,0.776698,2,304.682986,scenario_000,short
8380,302,2.577653,0.215272,0.194065,0,309.561924,scenario_000,short
8381,302,2.061243,0.154266,0.346951,1,306.480571,scenario_000,short
8382,302,2.834596,0.239502,0.569166,2,307.670432,scenario_000,short
8383,302,10.037738,0.720147,0.70897,2,316.973509,scenario_000,medium
8384,302,2.28976,0.069861,0.338685,2,305.128205,scenario_000,short
8385,302,13.944901,0.707124,0.783339,0,348.335657,scenario_000,medium
8386,302,1.517728,0.3615,0.911002,0,306.053232,scenario_000,short
8387,302,21.42793,1.0,1.0,2,332.163547,scenario_000,long
8388,302,16.530932,0.516963,0.423982,2,334.074248,scenario_000,medium
8389,302,1.85151,0.343633,0.182855,2,304.799585,scenario_000,short
8390,302,8.662462,1.0,0.764113,2,313.041178,scenario_000,medium
8391,302,2.163897,0.280438,0.637371,2,306.308961,scenario_000,short
8392,302,8.16023,0.922166,0.657268,2,317.964739,scenario_000,medium
8393,302,1.626246,0.530419,0.574785,0,306.436568,scenario_000,short
8394,302,15.031513,0.14883,0.273529,2,327.276162,scenario_000,medium
8395,302,16.09987,0.374037,0.55819,1,347.678699,scenario_000,medium
8396,302,8.572845,0.61947,0.913198,2,315.130404,scenario_000,medium
8397,302,17.746325,0.323351,0.554732,1,346.58007,scenario_000,medium
8398,302,1.766212,0.649545,0.82614,0,308.563584,scenario_000,short
8399,302,1.913913,0.317492,0.435139,1,307.940469,scenario_000,short
8400,302,1.858497,0.680929,0.511748,2,304.433246,scenario_000,short
8401,302,2.03671,0.721438,0.512131,0,308.239466,scenario_000,short
8402,302,1.895098,0.522358,0.820118,0,306.900193,scenario_000,short
8403,302,1.743793,0.072238,0.140011,1,305.936211,scenario_000,short
8404,303,12.009383,0.92468,0.78933,0,352.437794,scenario_000,medium
8405,303,1.593439,0.053618,0.05,1,307.781634,scenario_000,short
8406,303,2.617764,0.448048,0.581645,0,313.056818,scenario_000,short
8407,303,1.827594,0.676666,0.707708,1,307.01453,scenario_000,short
8408,303,1.944246,0.5288,0.701548,2,306.215964,scenario_000,short
8409,303,1.952025,0.180283,0.097897,1,306.59001,scenario_000,short
8410,303,1.854107,0.069118,0.056333,2,305.775286,scenario_000,short
8411,303,1.956785,0.500842,0.515376,0,309.308373,scenario_000,short
8412,303,1.709608,0.372623,0.756705,2,306.501801,scenario_000,short
8413,303,10.355121,0.464524,0.651912,1,328.626449,scenario_000,medium
8414,303,21.327061,0.815452,0.754357,0,373.049917,scenario_000,medium
8415,303,1.588737,0.429837,0.397524,1,306.268916,scenario_000,short
8416,303,11.327204,0.465604,0.744721,0,349.11722,scenario_000,medium
8417,303,8.920663,0.925069,0.943227,2,318.085433,scenario_000,medium
8418,303,2.107205,0.076338,0.293928,2,306.665431,scenario_000,short
8419,303,1.862763,0.223558,0.521828,0,309.514851,scenario_000,short
8420,303,1.420171,0.279736,0.190973,0,307.05847,scenario_000,short
8421,303,2.134103,0.29369,0.264912,2,306.62075,scenario_000,short
8422,303,1.79783,0.294122,0.459392,2,305.379064,scenario_000,short
8423,303,1.707472,0.08121,0.158268,0,307.760463,scenario_000,short
8424,303,2.203598,0.383211,0.287464,2,306.76795,scenario_000,short
8425,303,2.090485,0.541705,0.449625,2,305.803699,scenario_000,short
8426,303,8.929251,0.574025,0.694299,0,332.951054,scenario_000,medium
8427,303,1.314731,0.164689,0.310627,0,306.674966,scenario_000,short
8428,303,1.338487,0.321308,0.691461,0,307.606581,scenario_000,short
8429,303,2.3924,0.360424,0.273518,2,307.031787,scenario_000,short
8430,303,2.092759,0.240072,0.389,0,309.464318,scenario_000,short
8431,303,1.709528,0.748888,0.800573,2,306.259854,scenario_000,short
8432,303,2.085878,0.066563,0.180929,0,310.895722,scenario_000,short
8433,303,8.391673,0.235754,0.130346,1,322.455858,scenario_000,medium
8434,303,2.419073,0.238933,0.281142,0,309.6982,scenario_000,short
8435,303,1.589135,0.738986,0.744469,2,305.086272,scenario_000,short
8436,303,10.208126,0.14949,0.258839,1,329.871934,scenario_000,medium
8437,303,13.306181,0.41562,0.34013,1,344.706616,scenario_000,long
8438,303,6.609348,0.534403,0.572157,2,312.125587,scenario_000,medium
8439,303,1.687002,0.154939,0.307972,2,305.644554,scenario_000,short
8440,304,6.391177,0.437895,0.240846,1,315.9782,scenario_000,medium
8441,304,26.998036,0.484825,0.627481,2,337.091891,scenario_000,long
8442,304,2.364901,0.64836,0.375975,0,313.648731,scenario_000,short
8443,304,6.868646,0.632749,0.734004,0,329.73091,scenario_000,medium
8444,304,1.435922,0.374382,0.489045,0,310.37088,scenario_000,short
8445,304,2.14245,0.147219,0.197526,0,310.667932,scenario_000,short
8446,304,12.280359,0.319061,0.250441,2,327.381595,scenario_000,medium
8447,304,5.233696,0.308571,0.337919,2,314.680883,scenario_000,medium
8448,304,15.829112,0.206357,0.288078,0,370.630065,scenario_000,medium
8449,304,18.433713,0.803769,0.80985,2,328.199534,scenario_000,medium
8450,304,1.084484,0.594734,0.425674,0,307.700805,scenario_000,short
8451,304,2.568865,0.146535,0.203926,2,307.86666,scenario_000,short
8452,304,2.144043,0.215868,0.354089,2,308.393181,scenario_000,short
8453,304,27.610227,0.674774,0.594997,2,352.508541,scenario_000,medium
8454,304,6.116175,0.837412,0.701337,1,318.129592,scenario_000,medium
8455,304,2.147217,0.312844,0.393153,0,310.133071,scenario_000,short
8456,304,17.345821,0.496713,0.541865,1,337.916586,scenario_000,medium
8457,304,1.739215,0.44267,0.557507,0,308.533263,scenario_000,short
8458,304,2.234697,0.304257,0.299326,1,308.003987,scenario_000,short
8459,304,6.723955,0.861692,0.596123,0,333.350075,scenario_000,medium
8460,304,10.008429,0.497296,0.387695,2,316.453238,scenario_000,medium
8461,304,1.589648,0.260882,0.882239,0,310.845063,scenario_000,short
8462,304,11.968176,0.665342,0.419117,0,338.405422,scenario_000,medium
8463,304,16.502166,0.512654,0.690838,2,330.946785,scenario_000,medium
8464,305,1.516547,0.180366,0.404004,1,309.441056,scenario_000,short
8465,305,1.861121,0.663256,0.972777,0,310.841917,scenario_000,short
8466,305,1.933033,0.274308,0.165738,1,309.341946,scenario_000,short
8467,305,15.578864,0.508666,1.0,0,359.304938,scenario_000,medium
8468,305,24.162802,1.0,0.925087,0,375.921349,scenario_000,long
8469,305,12.852025,0.306482,0.284697,0,349.34221,scenario_000,medium
8470,305,8.74179,0.488815,0.844908,0,341.583465,scenario_000,medium
8471,305,14.129506,0.392743,0.448089,2,326.399881,scenario_000,medium
8472,305,1.795728,0.824905,0.870411,0,310.624109,scenario_000,short
8473,305,2.031705,0.702908,0.642202,1,309.672351,scenario_000,short
8474,305,1.825125,0.055439,0.429861,1,309.848506,scenario_000,short
8475,305,14.953987,0.880954,0.958404,0,358.431637,scenario_000,medium
8476,305,2.213242,0.363933,0.300586,2,308.634156,scenario_000,short
8477,305,8.926408,0.487268,0.345473,2,320.899037,scenario_000,medium
8478,305,1.5962,0.132194,0.094596,0,309.971696,scenario_000,short
8479,305,1.521067,0.780926,0.832022,0,309.785167,scenario_000,short
8480,305,2.078813,0.209842,0.462622,0,312.539254,scenario_000,short
8481,305,19.368322,0.905116,0.949139,0,358.219588,scenario_000,long
8482,305,1.463363,0.247067,0.418267,2,306.885763,scenario_000,short
8483,305,16.568549,0.689832,0.589983,1,338.545558,scenario_000,medium
8484,306,2.156568,0.830453,0.775684,0,313.46112,scenario_000,short
8485,306,1.611362,0.187906,0.188671,1,310.046538,scenario_000,short
8486,306,1.79709,0.098942,0.188682,0,312.387666,scenario_000,short
8487,306,1.70174,0.166815,0.151259,0,312.65927,scenario_000,short
8488,306,19.344587,0.548553,0.558429,0,383.494796,scenario_000,medium
8489,306,7.302159,0.461414,0.558735,0,334.312143,scenario_000,medium
8490,306,14.675938,0.789432,0.902712,1,335.036556,scenario_000,medium
8491,306,16.123437,0.729927,0.653595,0,363.120813,scenario_000,long
8492,306,14.874251,0.801998,0.839253,0,345.282846,scenario_000,medium
8493,306,11.556454,0.830875,0.955507,1,339.989357,scenario_000,medium
8494,306,1.721528,0.20079,0.682223,1,310.343982,scenario_000,short
8495,306,1.799557,0.079771,0.162272,1,309.704496,scenario_000,short
8496,306,14.910915,0.572522,0.93875,0,351.473072,scenario_000,medium
8497,306,1.496159,0.248423,0.434333,0,312.019553,scenario_000,short
8498,306,2.264307,0.068514,0.232763,2,308.94865,scenario_000,short
8499,306,12.003865,0.876896,0.713798,2,321.824665,scenario_000,medium
8500,306,20.958914,1.0,1.0,1,354.82221,scenario_000,long
8501,306,1.402298,0.775382,0.710315,2,307.984082,scenario_000,short
8502,306,1.475563,0.152619,0.387133,0,312.263517,scenario_000,short
8503,306,12.344225,0.945263,0.603709,0,338.273969,scenario_000,medium
8504,306,1.583184,0.053467,0.146129,0,311.028676,scenario_000,short
8505,306,15.31071,0.45413,0.492832,2,325.469409,scenario_000,medium
8506,306,1.262875,0.804153,0.7636,2,307.926724,scenario_000,short
8507,306,14.248295,0.654932,0.766291,1,332.380282,scenario_000,medium
8508,306,1.731999,0.08921,0.56601,2,308.151287,scenario_000,short
8509,306,2.150685,0.427563,0.76127,2,308.961687,scenario_000,short
8510,307,1.60601,0.376295,0.503925,2,308.989205,scenario_000,short
8511,307,1.260593,0.734729,1.0,0,311.819704,scenario_000,short
8512,307,2.026471,0.131721,0.269757,0,314.871031,scenario_000,short
8513,307,12.029636,0.749361,0.618572,0,348.635252,scenario_000,long
8514,307,1.435055,0.409293,0.606889,2,308.698686,scenario_000,short
8515,307,2.03896,0.18597,0.23409,0,315.336329,scenario_000,short
8516,307,15.212495,0.155009,0.216848,2,325.526094,scenario_000,medium
8517,307,13.504816,0.616422,0.599697,0,354.848994,scenario_000,medium
8518,307,1.956238,0.120217,0.498742,2,309.514496,scenario_000,short
8519,307,1.531033,0.087328,0.418366,1,310.965059,scenario_000,short
8520,307,1.505154,0.465528,0.415296,0,311.113362,scenario_000,short
8521,307,14.529754,0.588202,0.636665,2,329.54121,scenario_000,medium
8522,307,2.208633,0.443098,0.711929,2,311.164018,scenario_000,short
8523,307,20.134128,0.544917,0.575694,0,377.674226,scenario_000,long
8524,307,4.067803,0.544463,0.496509,0,324.660681,scenario_000,medium
8525,307,1.044098,0.105251,0.20932,0,311.421911,scenario_000,short
8526,307,1.383531,0.295456,0.159707,1,310.25879,scenario_000,short
8527,307,1.599942,0.232235,0.518883,2,309.406253,scenario_000,short
8528,307,2.321978,0.24462,0.494503,1,311.826498,scenario_000,short
8529,307,15.238134,0.73146,0.635625,2,327.115223,scenario_000,long
8530,307,10.93397,0.123729,0.240925,0,350.877242,scenario_000,medium
8531,307,1.268379,0.487609,0.454511,0,311.771074,scenario_000,short
8532,308,9.878694,0.413391,0.269287,0,337.769287,scenario_000,medium
8533,308,2.152652,0.182612,0.215046,0,315.327763,scenario_000,short
8534,308,1.625348,0.50667,0.572398,0,314.568802,scenario_000,short
8535,308,10.015148,0.476828,0.645856,0,337.639919,scenario_000,medium
8536,308,11.844917,0.822948,0.614961,0,361.469553,scenario_000,medium
8537,308,1.715547,0.366993,0.350853,1,311.953262,scenario_000,short
8538,308,1.633248,0.34796,0.467128,1,312.18182,scenario_000,short
8539,308,25.031763,0.622189,0.453387,0,392.190035,scenario_000,medium
8540,308,2.116384,0.241168,0.61082,0,313.655161,scenario_000,short
8541,308,1.519147,0.591732,0.630752,0,312.320051,scenario_000,short
8542,308,10.772274,0.155621,0.20263,2,322.18072,scenario_000,medium
8543,308,1.672812,0.294117,0.40944,1,311.95101,scenario_000,short
8544,308,1.30992,0.403823,0.336847,1,311.379858,scenario_000,short
8545,308,1.649468,0.357631,0.206946,0,312.9849,scenario_000,short
8546,308,29.300941,0.425682,0.41377,0,435.751645,scenario_000,long
8547,308,7.176762,0.627319,0.669252,1,327.140467,scenario_000,medium
8548,308,11.58159,0.158547,0.306022,2,328.44898,scenario_000,medium
8549,308,17.190163,1.0,0.836455,2,328.631592,scenario_000,medium
8550,308,11.318636,0.706076,0.812925,1,332.762988,scenario_000,medium
8551,308,2.000117,0.344412,0.47079,0,315.646051,scenario_000,short
8552,308,10.665984,0.258617,0.249807,0,348.417786,scenario_000,medium
8553,308,11.046288,0.436855,0.70689,2,321.27201,scenario_000,medium
8554,308,20.886252,0.183335,0.589388,0,394.661186,scenario_000,medium
8555,308,7.287892,0.173841,0.204344,1,327.928838,scenario_000,medium
8556,308,1.621119,0.167549,0.34644,0,313.119134,scenario_000,short
8557,308,1.756701,0.53284,0.646587,0,313.732176,scenario_000,short
8558,309,2.043866,0.504264,0.433288,0,317.459683,scenario_000,short
8559,309,18.771426,0.43568,0.500316,1,367.558084,scenario_000,long
8560,309,2.009232,0.533316,0.992738,2,312.739217,scenario_000,short
8561,309,1.611252,0.229507,0.397669,2,311.999274,scenario_000,short
8562,309,8.459191,0.986298,0.962497,0,335.040723,scenario_000,medium
8563,309,1.694019,0.179213,0.25222,0,313.735204,scenario_000,short
8564,309,1.269385,0.136354,0.376002,2,310.780398,scenario_000,short
8565,309,2.159856,0.255739,0.125034,2,312.766908,scenario_000,short
8566,309,1.231692,0.5839,0.552658,0,313.747607,scenario_000,short
8567,309,17.482597,0.716797,0.695548,2,337.504903,scenario_000,medium
8568,309,2.172051,0.213094,0.131308,2,312.946909,scenario_000,short
8569,309,13.896654,0.434661,0.518173,2,333.133682,scenario_000,medium
8570,309,1.909085,0.357181,0.40869,0,316.212459,scenario_000,short
8571,309,10.077603,0.562043,0.892031,1,328.897924,scenario_000,medium
8572,309,1.775058,0.425299,0.399075,2,311.830208,scenario_000,short
8573,309,11.647672,0.908376,0.786003,0,356.494608,scenario_000,medium
8574,309,1.389131,0.400068,0.447463,0,313.358283,scenario_000,short
8575,309,31.462015,0.759812,0.821067,2,357.490934,scenario_000,long
8576,309,8.13519,0.561179,0.345845,0,342.273903,scenario_000,medium
8577,309,8.079745,0.556961,0.771456,0,330.501237,scenario_000,medium
8578,309,1.511636,0.065799,0.460094,2,311.102146,scenario_000,short
8579,309,1.565306,0.618944,0.651781,0,314.689191,scenario_000,short
8580,309,2.499863,0.3963,0.518092,0,315.424875,scenario_000,short
8581,309,9.370749,0.551233,0.560068,1,335.032885,scenario_000,medium
8582,309,9.669968,0.653759,0.469512,1,329.003064,scenario_000,medium
8583,309,28.59249,0.51806,0.79614,2,354.372933,scenario_000,medium
8584,309,24.036648,0.692102,0.82924,2,357.856206,scenario_000,long
8585,309,10.26861,0.881271,0.740815,2,326.610818,scenario_000,medium
8586,310,10.467768,0.315437,0.590156,0,341.676745,scenario_000,long
8587,310,8.243037,0.591668,0.750719,0,331.967905,scenario_000,medium
8588,310,10.743792,1.0,0.804123,2,328.634911,scenario_000,medium
8589,310,25.143178,1.0,1.0,0,409.142519,scenario_000,long
8590,310,1.989051,0.23098,0.745807,0,315.94848,scenario_000,short
8591,310,1.679002,0.168442,0.377185,0,315.088869,scenario_000,short
8592,310,0.993598,0.280856,0.221778,2,312.042412,scenario_000,short
8593,310,14.009745,0.151288,0.274473,0,359.329538,scenario_000,medium
8594,310,1.816733,0.277893,0.233612,0,316.448713,scenario_000,short
8595,310,1.415996,0.052067,0.234953,0,315.714088,scenario_000,short
8596,310,22.1446,1.0,0.995391,0,367.094614,scenario_000,long
8597,310,1.547574,0.510894,0.86201,2,312.776281,scenario_000,short
8598,310,1.519626,0.708153,0.640475,0,315.807937,scenario_000,short
8599,310,1.375341,0.437175,0.546931,1,313.145844,scenario_000,short
8600,310,12.795591,0.355525,0.472067,0,355.903655,scenario_000,long
8601,310,2.655168,0.808685,0.707456,2,314.622373,scenario_000,short
8602,310,15.028568,0.453493,0.619939,2,330.61449,scenario_000,medium
8603,311,1.617431,0.80706,0.624102,0,315.40311,scenario_000,short
8604,311,1.573332,0.203109,0.300443,0,318.004466,scenario_000,short
8605,311,1.140151,0.57348,0.914155,0,315.799122,scenario_000,short
8606,311,7.812706,0.825456,1.0,1,334.285354,scenario_000,medium
8607,311,1.684902,0.818977,0.844985,1,314.318741,scenario_000,short
8608,311,1.728364,0.210964,0.408254,2,313.32048,scenario_000,short
8609,311,1.183978,0.125484,0.207323,0,315.107563,scenario_000,short
8610,311,1.717642,0.714394,0.708548,1,315.120369,scenario_000,short
8611,311,17.033955,0.401594,0.536372,0,356.012617,scenario_000,medium
8612,311,15.438458,0.833946,0.727085,0,353.633574,scenario_000,medium
8613,311,1.179577,0.079312,0.090455,0,314.292008,scenario_000,short
8614,311,18.210617,0.547635,0.546066,2,344.472473,scenario_000,medium
8615,311,20.656746,1.0,0.975046,2,335.12734,scenario_000,medium
8616,311,2.470376,0.198616,0.352435,2,314.050448,scenario_000,short
8617,311,1.658191,0.150469,0.309379,1,314.593557,scenario_000,short
8618,311,18.112057,0.650476,0.57181,0,374.742037,scenario_000,medium
8619,311,1.81769,0.414924,0.314624,2,313.584418,scenario_000,short
8620,311,11.360362,0.526983,0.742215,0,352.955108,scenario_000,medium
8621,311,7.093303,0.763658,1.0,1,329.6477,scenario_000,medium
8622,311,1.814222,0.648786,0.5852,0,317.799057,scenario_000,short
8623,311,12.73887,0.687022,0.570513,0,349.91823,scenario_000,medium
8624,311,1.286318,0.108096,0.14004,2,312.836512,scenario_000,short
8625,311,16.28014,0.814768,0.864538,1,343.907114,scenario_000,medium
8626,311,1.772433,0.170066,0.32305,0,315.813777,scenario_000,short
8627,311,15.39342,0.452597,0.621196,0,352.793327,scenario_000,medium
8628,311,1.438398,0.382544,0.555756,1,315.032466,scenario_000,short
8629,311,1.835112,0.188052,0.280325,0,317.9935,scenario_000,short
8630,311,15.708623,0.723585,0.75768,2,335.93198,scenario_000,medium
8631,312,2.414112,0.39554,0.568548,0,321.230758,scenario_000,short
8632,312,10.004188,0.82412,0.897761,0,340.814515,scenario_000,medium
8633,312,1.726518,0.82307,0.603342,1,317.420995,scenario_000,short
8634,312,1.16735,0.508108,0.772317,0,315.934042,scenario_000,short
8635,312,2.015502,0.409023,0.513816,0,318.551821,scenario_000,short
8636,312,1.467618,0.102665,0.528333,1,316.114675,scenario_000,short
8637,312,16.603058,0.824506,0.695825,0,385.266666,scenario_000,medium
8638,312,1.142655,0.483946,0.57261,0,316.046173,scenario_000,short
8639,312,8.073046,0.158426,0.253593,0,338.557651,scenario_000,medium
8640,312,1.785217,0.078676,0.079481,2,315.349628,scenario_000,short
8641,312,7.154976,0.741132,0.693685,0,331.851755,scenario_000,medium
8642,312,2.349995,0.069869,0.386778,2,315.790828,scenario_000,short
8643,312,15.548822,0.644189,0.698813,0,371.2496,scenario_000,medium
8644,312,6.842519,0.305814,0.347694,2,325.950251,scenario_000,medium
8645,312,2.015121,0.410467,0.333824,0,319.035276,scenario_000,short
8646,312,2.196838,0.69717,0.670958,0,319.443137,scenario_000,short
8647,312,8.516231,0.58758,0.75986,0,341.539737,scenario_000,medium
8648,312,1.396884,0.582738,0.877866,0,316.273411,scenario_000,short
8649,312,10.724662,0.588964,0.676539,0,350.980041,scenario_000,medium
8650,312,1.481316,0.176527,0.720028,0,318.413433,scenario_000,short
8651,312,17.605035,1.0,0.757807,0,380.014034,scenario_000,long
8652,312,10.041101,0.569719,0.806097,2,329.187328,scenario_000,medium
8653,312,9.552352,0.644836,0.583096,0,340.635549,scenario_000,medium
8654,313,2.457442,0.394132,0.325216,2,316.063732,scenario_000,short
8655,313,9.657543,0.415909,0.701922,2,330.242443,scenario_000,medium
8656,313,1.890202,0.14961,0.538862,0,320.884054,scenario_000,short
8657,313,1.799868,0.683361,0.742706,0,319.138418,scenario_000,short
8658,313,12.358343,0.476985,0.435778,0,358.590215,scenario_000,medium
8659,313,1.580408,0.808529,0.582887,0,319.249666,scenario_000,short
8660,313,21.87493,0.374989,0.385188,0,394.811096,scenario_000,medium
8661,313,14.596308,0.138429,0.142882,0,361.92141,scenario_000,medium
8662,313,6.262682,0.668744,0.869355,2,320.790898,scenario_000,medium
8663,313,1.499759,0.445626,0.459547,0,319.386646,scenario_000,short
8664,313,1.965795,0.054448,0.244071,2,316.631782,scenario_000,short
8665,313,16.23523,0.698831,0.642365,2,333.03334,scenario_000,long
8666,313,1.888209,0.234606,0.40972,1,317.181864,scenario_000,short
8667,313,1.273537,0.636829,0.745832,0,318.314135,scenario_000,short
8668,313,1.386258,0.084194,0.313364,1,316.338374,scenario_000,short
8669,313,2.63125,0.310913,0.314085,2,318.294459,scenario_000,short
8670,313,1.964343,0.552797,0.33258,0,320.678327,scenario_000,short
8671,313,15.933459,1.0,0.970322,2,342.141447,scenario_000,long
8672,313,1.800904,0.386782,0.412064,1,317.794344,scenario_000,short
8673,313,16.343251,0.890436,1.0,1,362.744387,scenario_000,medium
8674,313,1.867369,0.100874,0.241613,1,316.392568,scenario_000,short
8675,313,2.217935,0.070958,0.094366,1,318.615568,scenario_000,short
8676,313,13.011546,0.647972,0.869184,2,331.946207,scenario_000,medium
8677,313,7.367267,0.310027,0.339534,1,330.71729,scenario_000,medium
8678,314,22.859729,1.0,0.871949,2,358.025047,scenario_000,long
8679,314,18.542142,0.315662,0.48357,1,369.075904,scenario_000,medium
8680,314,2.088814,0.515553,0.538555,1,320.561306,scenario_000,short
8681,314,1.917961,0.468288,0.516857,2,317.86062,scenario_000,short
8682,314,13.860757,0.169244,0.228807,1,353.99621,scenario_000,medium
8683,314,1.701469,0.330308,0.630637,0,318.914348,scenario_000,short
8684,314,1.640675,0.319035,0.263598,0,318.90836,scenario_000,short
8685,314,2.036056,0.067518,0.222208,0,322.460435,scenario_000,short
8686,314,18.085199,1.0,0.858998,2,338.915656,scenario_000,long
8687,314,1.971828,0.45993,0.40288,0,321.856547,scenario_000,short
8688,314,22.69955,0.605298,0.873025,1,381.589842,scenario_000,medium
8689,314,1.488986,0.400515,0.435638,1,317.191535,scenario_000,short
8690,314,1.790629,0.389578,0.334877,0,321.278839,scenario_000,short
8691,314,1.732797,0.054273,0.15494,2,316.609189,scenario_000,short
8692,314,1.631242,0.410516,0.40418,0,319.881515,scenario_000,short
8693,314,5.26771,0.503849,0.537923,1,326.48865,scenario_000,medium
8694,314,1.251159,0.088387,0.26441,1,317.776579,scenario_000,short
8695,314,5.126885,0.347998,0.648833,0,329.604755,scenario_000,medium
8696,314,11.378322,0.153897,0.427438,0,349.322186,scenario_000,medium
8697,314,1.986845,0.258233,0.517118,2,317.327673,scenario_000,short
8698,314,9.296787,0.450476,0.660447,0,351.707794,scenario_000,medium
8699,314,26.91538,0.584654,0.651607,1,398.743145,scenario_000,long
8700,314,1.137935,0.16175,0.600411,2,316.122485,scenario_000,short
8701,314,1.733951,0.298099,0.196418,0,319.640627,scenario_000,short
8702,314,14.448237,0.5047,0.551937,2,340.619593,scenario_000,medium
8703,314,14.581445,0.639413,0.607137,2,341.57204,scenario_000,medium
8704,314,1.290554,0.211387,0.327666,2,315.881028,scenario_000,short
8705,314,27.679825,0.858519,0.710832,0,404.459717,scenario_000,long
8706,315,6.902361,0.155123,0.823244,1,330.910884,scenario_000,medium
8707,315,11.626711,0.602081,0.775171,2,337.733887,scenario_000,medium
8708,315,2.110457,0.324803,0.716825,2,318.574867,scenario_000,short
8709,315,11.266229,0.601701,0.485876,0,358.450459,scenario_000,medium
8710,315,5.846215,0.602188,0.55994,0,336.638875,scenario_000,medium
8711,315,1.722547,0.083163,0.288034,2,318.093027,scenario_000,short
8712,315,1.804808,0.09131,0.165234,1,320.501199,scenario_000,short
8713,315,2.199285,0.86138,0.702952,1,321.41538,scenario_000,short
8714,315,2.222019,0.449261,0.353441,0,320.907941,scenario_000,short
8715,315,2.128308,0.463348,0.315076,0,321.314839,scenario_000,short
8716,315,10.099507,0.438393,0.426262,0,350.463981,scenario_000,long
8717,315,9.161092,1.0,0.97249,0,353.267054,scenario_000,medium
8718,315,1.722609,0.253894,0.456436,0,321.825138,scenario_000,short
8719,315,2.255655,0.122622,0.172485,2,318.52112,scenario_000,short
8720,315,2.903439,0.698837,0.591444,0,324.850095,scenario_000,short
8721,315,15.857774,0.514579,0.576686,1,345.222821,scenario_000,medium
8722,315,1.940314,0.387503,0.402409,2,318.374367,scenario_000,short
8723,315,1.607286,0.554849,0.624149,0,319.778074,scenario_000,short
8724,315,14.173142,0.394754,0.605205,0,353.515246,scenario_000,medium
8725,315,1.459222,0.411065,0.552042,0,320.436543,scenario_000,short
8726,315,1.704777,0.251929,0.471894,1,320.39368,scenario_000,short
8727,315,11.073896,0.625303,0.583315,0,355.982022,scenario_000,medium
8728,315,1.491933,0.367934,0.372157,0,320.709172,scenario_000,short
8729,315,2.337275,0.603558,0.604728,0,324.547406,scenario_000,short
8730,315,14.790952,0.954916,0.830385,2,335.722646,scenario_000,medium
8731,315,1.582511,0.097147,0.340785,0,319.350951,scenario_000,short
8732,315,1.792815,0.349191,0.469896,1,318.529586,scenario_000,short
8733,315,14.925599,0.736672,0.87744,0,373.616652,scenario_000,long
8734,315,14.509021,0.392265,0.708617,0,377.755172,scenario_000,medium
8735,315,9.367882,0.402669,0.439404,2,326.321825,scenario_000,medium
8736,315,10.177119,0.15556,0.277371,2,327.429264,scenario_000,medium
8737,315,17.321448,0.281834,0.217661,1,362.45496,scenario_000,medium
8738,315,15.37152,0.751794,1.0,1,354.556499,scenario_000,medium
8739,315,1.911577,0.103356,0.244941,0,320.426569,scenario_000,short
8740,316,1.376507,0.375483,0.310525,0,320.322305,scenario_000,short
8741,316,1.597968,0.705542,1.0,0,320.060869,scenario_000,short
8742,316,2.563902,0.165751,0.395369,1,323.921814,scenario_000,short
8743,316,24.552925,0.625032,0.597737,2,360.800497,scenario_000,long
8744,316,2.948091,0.587931,0.648716,0,327.261957,scenario_000,short
8745,316,1.41961,0.765499,0.621079,2,318.163281,scenario_000,short
8746,316,2.160549,0.356232,0.55255,0,325.323587,scenario_000,short
8747,316,15.210596,0.951986,1.0,0,374.687673,scenario_000,medium
8748,316,2.327335,0.692957,0.696455,2,320.624876,scenario_000,short
8749,316,1.648501,0.203997,0.254508,2,319.000054,scenario_000,short
8750,316,5.55743,0.309777,0.381177,0,333.217647,scenario_000,medium
8751,316,12.539,0.989544,0.85762,0,358.205285,scenario_000,long
8752,316,1.662557,0.105835,0.452893,1,319.483331,scenario_000,short
8753,316,7.843571,0.616262,0.673229,2,329.48343,scenario_000,medium
8754,316,11.608844,0.908962,0.911073,0,365.386453,scenario_000,medium
8755,316,1.893745,0.143761,0.218933,0,323.060255,scenario_000,short
8756,316,1.642362,0.45642,0.49729,2,318.85337,scenario_000,short
8757,316,2.077718,0.346057,0.705251,1,321.404261,scenario_000,short
8758,316,1.789578,0.265946,0.289665,1,319.876221,scenario_000,short
8759,316,8.892695,0.371569,0.347927,0,348.127447,scenario_000,medium
8760,316,16.438112,0.452283,0.355676,0,380.265859,scenario_000,medium
8761,316,16.29434,0.488271,0.72198,0,374.832152,scenario_000,medium
8762,316,1.271548,0.602425,0.75017,1,318.300972,scenario_000,short
8763,316,2.3614,0.443865,0.533736,0,323.384252,scenario_000,short
8764,317,1.439045,0.18059,0.418594,0,321.480091,scenario_000,short
8765,317,2.04059,0.44683,0.648414,0,324.469846,scenario_000,short
8766,317,1.29918,0.200896,0.444997,1,320.963647,scenario_000,short
8767,317,1.47751,0.734785,0.567933,0,320.985834,scenario_000,short
8768,317,7.926152,0.615854,0.54697,0,345.248054,scenario_000,medium
8769,317,3.756362,0.565781,0.583651,0,328.834975,scenario_000,short
8770,317,1.924757,0.61913,0.471137,0,325.629097,scenario_000,short
8771,317,2.042684,0.326929,0.396622,2,320.00847,scenario_000,short
8772,317,10.019546,0.30472,0.874791,0,354.442084,scenario_000,medium
8773,317,13.176032,0.419056,0.762147,2,334.078014,scenario_000,medium
8774,317,1.765171,0.538473,0.682925,2,320.43853,scenario_000,short
8775,317,1.888331,0.064954,0.399639,0,324.056536,scenario_000,short
8776,317,2.115978,0.111479,0.582605,2,321.271132,scenario_000,short
8777,317,1.704949,0.15229,0.290588,1,321.643019,scenario_000,short
8778,317,1.762307,0.604504,0.547528,0,322.954131,scenario_000,short
8779,317,1.48288,0.265617,0.334571,1,320.229444,scenario_000,short
8780,317,1.593795,0.055025,0.205238,0,322.342945,scenario_000,short
8781,317,14.87451,0.85041,0.745742,2,344.861241,scenario_000,medium
8782,317,12.425681,0.69848,0.642825,0,353.643935,scenario_000,medium
8783,317,15.671529,0.946063,1.0,0,377.22208,scenario_000,medium
8784,317,1.574487,0.354978,0.482447,0,321.544004,scenario_000,short
8785,317,15.447508,0.784637,0.600849,1,353.757639,scenario_000,long
8786,317,1.912758,0.175923,0.128631,0,324.311196,scenario_000,short
8787,317,11.298483,0.55824,0.545061,1,339.288751,scenario_000,medium
8788,317,1.665529,0.275401,0.434859,0,323.209563,scenario_000,short
8789,317,14.199212,0.626498,0.516306,0,366.049891,scenario_000,medium
8790,317,2.487791,0.20376,0.276613,0,327.644467,scenario_000,short
8791,317,2.085706,0.29576,0.617878,0,323.147776,scenario_000,short
8792,317,6.917933,0.175781,0.583366,0,337.270544,scenario_000,medium
8793,317,12.159061,0.413369,1.0,0,350.638689,scenario_000,medium
8794,317,1.354744,0.158345,0.286505,2,318.724334,scenario_000,short
8795,318,1.825001,0.243078,0.663627,0,323.530522,scenario_000,short
8796,318,1.616053,0.511084,0.644418,0,324.948877,scenario_000,short
8797,318,8.522831,0.886883,0.955251,1,336.211034,scenario_000,medium
8798,318,14.774468,0.663784,0.645654,2,346.326913,scenario_000,medium
8799,318,14.585749,0.368481,0.36473,2,347.466301,scenario_000,medium
8800,318,15.000505,0.293341,0.553596,0,367.98853,scenario_000,medium
8801,318,13.893175,0.454106,0.478012,0,369.823896,scenario_000,long
8802,318,2.031096,0.13884,0.327345,0,325.461812,scenario_000,short
8803,318,1.472522,0.188088,0.528128,0,323.640456,scenario_000,short
8804,318,1.339167,0.503473,0.895815,1,321.729089,scenario_000,short
8805,318,1.672311,0.068483,0.097328,2,320.082772,scenario_000,short
8806,318,11.965997,0.195814,0.099229,2,340.793432,scenario_000,medium
8807,318,1.58861,0.414296,0.517573,2,321.25265,scenario_000,short
8808,318,1.582401,0.392168,0.422294,2,321.152576,scenario_000,short
8809,318,1.416767,0.097413,0.420847,0,323.87068,scenario_000,short
8810,318,1.792103,0.647981,0.931332,0,323.753738,scenario_000,short
8811,318,2.318961,0.26846,0.355028,2,320.9282,scenario_000,short
8812,318,1.485021,0.42361,0.37114,2,320.610457,scenario_000,short
8813,318,1.930452,0.60148,0.614141,0,326.435452,scenario_000,short
8814,318,1.461017,0.364901,0.319572,2,320.046822,scenario_000,short
8815,318,17.326604,0.57711,0.681648,0,386.084707,scenario_000,medium
8816,318,15.474139,0.226721,0.416135,0,366.083681,scenario_000,medium
8817,318,1.584117,0.683432,0.666132,0,323.83008,scenario_000,short
8818,318,1.517691,0.843764,0.80309,2,320.815694,scenario_000,short
8819,318,13.925391,0.399895,0.627642,2,337.368234,scenario_000,medium
8820,318,2.26458,0.755638,0.742942,0,324.044375,scenario_000,short
8821,318,10.792868,0.51546,0.446409,0,352.924061,scenario_000,medium
8822,318,2.343555,0.403188,0.30527,1,325.166702,scenario_000,short
8823,319,2.365572,0.56472,0.583858,2,323.639041,scenario_000,short
8824,319,7.155927,0.190134,0.56596,0,346.83729,scenario_000,medium
8825,319,1.582629,0.644358,0.738141,2,321.346871,scenario_000,short
8826,319,1.602127,0.813923,1.0,0,325.339079,scenario_000,short
8827,319,1.891143,0.677647,0.575126,1,323.650931,scenario_000,short
8828,319,12.856321,0.691101,0.798573,1,350.194019,scenario_000,medium
8829,319,1.754001,0.214289,0.590984,0,326.792393,scenario_000,short
8830,319,2.635083,0.443682,0.579518,0,328.089611,scenario_000,short
8831,319,2.445245,0.479798,0.888018,0,328.862337,scenario_000,short
8832,319,34.708901,0.403145,0.484451,1,399.111246,scenario_000,long
8833,319,1.680341,0.443149,0.432109,0,323.589644,scenario_000,short
8834,319,2.546422,0.349992,0.208628,0,328.423399,scenario_000,short
8835,319,2.47225,0.865368,0.631797,2,323.617306,scenario_000,short
8836,319,17.236741,0.614635,0.638204,1,372.469873,scenario_000,medium
8837,319,7.83952,0.713775,0.828137,0,347.603553,scenario_000,medium
8838,319,1.968119,0.079971,0.137618,1,322.620667,scenario_000,short
8839,319,6.018634,0.714029,0.548886,2,328.675376,scenario_000,medium
8840,319,1.284851,0.822267,0.912533,1,321.32642,scenario_000,short
8841,319,20.762567,0.542739,0.837977,2,352.717931,scenario_000,medium
8842,319,1.459358,0.370895,0.203083,0,325.307383,scenario_000,short
8843,319,13.872837,0.408782,0.943324,1,360.32702,scenario_000,medium
8844,319,1.336549,0.175565,0.145267,1,322.084465,scenario_000,short
8845,319,2.001955,0.160799,0.05,2,321.948795,scenario_000,short
8846,320,1.958908,0.331853,0.570978,0,328.686846,scenario_000,short
8847,320,2.215781,0.35266,0.51287,1,326.257637,scenario_000,short
8848,320,1.480285,0.428209,0.364859,1,323.828245,scenario_000,short
8849,320,7.522337,0.530431,0.349241,0,343.390971,scenario_000,medium
8850,320,2.246367,0.320815,0.264698,0,326.649016,scenario_000,short
8851,320,1.487113,0.372523,0.8215,2,321.811116,scenario_000,short
8852,320,1.760307,0.414572,0.314748,2,322.119326,scenario_000,short
8853,320,1.552275,0.412237,0.654721,2,322.159102,scenario_000,short
8854,320,11.926613,0.216493,0.691415,1,347.160057,scenario_000,medium
8855,320,12.628787,0.713778,0.83439,0,365.915439,scenario_000,medium
8856,320,1.786272,0.36793,0.425559,0,327.164967,scenario_000,short
8857,320,2.467624,0.792028,0.578814,0,329.125713,scenario_000,short
8858,320,1.391139,0.301721,0.188043,2,322.806214,scenario_000,short
8859,320,2.093273,0.479214,0.415474,0,326.011019,scenario_000,short
8860,320,2.230402,0.418057,0.359868,2,324.269064,scenario_000,short
8861,320,1.778256,0.346452,0.483131,0,326.647756,scenario_000,short
8862,320,1.824152,0.32713,0.344295,2,322.64003,scenario_000,short
8863,320,1.35702,0.404357,0.340282,1,323.960086,scenario_000,short
8864,320,1.635586,0.311158,0.221082,2,322.496588,scenario_000,short
8865,320,7.271346,0.216599,0.161715,0,346.737116,scenario_000,medium
8866,320,19.283602,0.542259,0.649187,1,364.420905,scenario_000,long
8867,320,1.608942,0.566998,0.59537,0,324.995954,scenario_000,short
8868,321,7.098371,0.484789,0.749426,0,350.736633,scenario_000,medium
8869,321,3.009334,0.379691,0.473538,1,327.643101,scenario_000,short
8870,321,1.580664,0.11908,0.154548,0,327.80838,scenario_000,short
8871,321,1.472878,0.406165,0.430685,0,325.667964,scenario_000,short
8872,321,1.383759,0.29475,0.369549,0,326.950213,scenario_000,short
8873,321,1.134171,0.395613,0.463228,2,322.568734,scenario_000,short
8874,321,1.367031,0.437793,0.553591,2,323.427647,scenario_000,short
8875,321,1.848757,0.254922,0.304829,2,323.550943,scenario_000,short
8876,321,11.480856,0.304945,0.285284,1,346.263525,scenario_000,medium
8877,321,2.007716,0.377775,0.453568,2,324.082807,scenario_000,short
8878,321,13.712121,0.187539,0.226246,0,382.222358,scenario_000,medium
8879,321,7.63238,0.279045,0.287301,1,338.357763,scenario_000,medium
8880,321,9.111857,0.440985,0.70803,0,353.550696,scenario_000,medium
8881,321,13.155613,1.0,1.0,0,358.466942,scenario_000,medium
8882,321,1.269852,0.423351,0.42176,0,324.731702,scenario_000,short
8883,321,6.977694,0.385252,0.43939,2,331.444523,scenario_000,medium
8884,321,2.194159,0.342819,0.301428,1,327.806243,scenario_000,short
8885,321,1.431302,0.367402,0.531338,2,323.316796,scenario_000,short
8886,321,1.712629,0.492485,0.870036,0,327.509946,scenario_000,short
8887,321,1.469221,0.159147,0.588216,1,325.045929,scenario_000,short
8888,321,2.598083,0.493052,0.463026,1,327.921589,scenario_000,short
8889,321,2.693846,0.373387,0.32954,2,325.599652,scenario_000,short
8890,321,16.072297,0.29417,0.280959,0,389.549434,scenario_000,medium
8891,321,1.741285,0.239635,0.390492,2,324.23585,scenario_000,short
8892,321,22.724959,1.0,0.8896,2,352.453029,scenario_000,long
8893,321,1.808835,0.566376,0.591637,1,325.44131,scenario_000,short
8894,321,1.29048,0.566132,1.0,0,325.887229,scenario_000,short
8895,321,2.623708,0.442888,0.602092,0,329.142876,scenario_000,short
8896,321,2.145905,0.076143,0.294501,0,326.783712,scenario_000,short
8897,321,1.320423,0.29079,0.754746,1,325.0391,scenario_000,short
8898,321,2.019483,0.104435,0.092557,0,327.471834,scenario_000,short
8899,321,2.183211,0.447433,0.868574,2,325.067262,scenario_000,short
8900,321,2.003175,0.632542,0.876294,2,323.973269,scenario_000,short
8901,321,1.345678,0.411872,0.558303,2,323.633344,scenario_000,short
8902,321,1.664353,0.500094,0.699228,0,326.042243,scenario_000,short
8903,321,10.871971,0.52244,0.542176,0,363.38416,scenario_000,medium
8904,321,9.098812,0.50879,0.678286,1,347.058505,scenario_000,medium
8905,321,20.328259,0.49162,0.619084,0,385.082332,scenario_000,medium
8906,321,19.406743,0.987326,0.743034,1,368.471527,scenario_000,long
8907,322,2.057246,0.077157,0.467754,2,325.987469,scenario_000,short
8908,322,16.991939,0.257228,0.539762,0,397.829194,scenario_000,medium
8909,322,1.222913,0.591588,0.635862,2,323.933631,scenario_000,short
8910,322,20.549824,0.394532,0.680272,0,374.719086,scenario_000,medium
8911,322,1.484575,0.355792,0.620402,0,327.989802,scenario_000,short
8912,322,1.935221,0.440587,0.330595,0,329.02658,scenario_000,short
8913,322,1.23882,0.316033,0.56899,2,323.464731,scenario_000,short
8914,322,24.971853,0.934351,0.92503,0,419.487408,scenario_000,long
8915,322,1.898936,0.130428,0.418731,0,328.330184,scenario_000,short
8916,322,2.533257,0.418761,0.404922,1,326.828808,scenario_000,short
8917,322,1.179945,0.394198,0.394899,2,323.994493,scenario_000,short
8918,322,22.60346,0.715614,0.685272,2,360.516684,scenario_000,medium
8919,322,1.810101,0.192919,0.420902,0,329.15799,scenario_000,short
8920,322,1.250873,0.078162,0.311913,2,323.496053,scenario_000,short
8921,322,1.550186,0.080993,0.180663,2,324.737015,scenario_000,short
8922,322,2.310157,0.419997,0.535274,2,326.313169,scenario_000,short
8923,322,1.631558,0.750158,0.574232,2,325.294317,scenario_000,short
8924,322,1.405321,0.21938,0.718555,0,327.888524,scenario_000,short
8925,322,1.910091,0.267029,0.544617,1,326.363463,scenario_000,short
8926,322,1.519084,0.212761,0.273072,2,323.938723,scenario_000,short
8927,322,16.177288,0.575952,0.667318,2,341.527465,scenario_000,medium
8928,322,13.019891,1.0,0.959749,2,340.698387,scenario_000,medium
8929,322,1.934323,0.43644,0.578426,0,327.049112,scenario_000,short
8930,322,19.730105,0.837017,0.801359,0,384.106864,scenario_000,long
8931,322,1.913019,0.263135,0.232112,0,327.776461,scenario_000,short
8932,322,1.897589,0.226947,0.201169,2,324.427558,scenario_000,short
8933,323,11.788791,0.870042,1.0,1,351.491906,scenario_000,long
8934,323,1.870052,0.418372,0.762656,0,329.355414,scenario_000,short
8935,323,1.579326,0.617484,0.50768,2,326.042154,scenario_000,short
8936,323,33.483983,0.703034,0.59314,2,382.179088,scenario_000,long
8937,323,1.243851,0.164998,0.41585,0,328.16779,scenario_000,short
8938,323,2.142592,0.758035,0.975083,0,331.566367,scenario_000,short
8939,323,2.367692,0.172706,0.116705,2,327.872417,scenario_000,short
8940,323,1.541502,0.402766,0.591624,1,327.217259,scenario_000,short
8941,323,1.451061,0.496225,0.519236,0,327.471735,scenario_000,short
8942,323,6.103958,0.711495,0.580964,0,342.006108,scenario_000,long
8943,323,11.945746,0.369318,0.574056,1,357.922296,scenario_000,medium
8944,323,1.567159,0.192804,0.333966,2,324.833394,scenario_000,short
8945,323,35.477766,0.917665,1.0,0,424.609665,scenario_000,long
8946,323,1.438523,0.719165,0.89975,1,327.147878,scenario_000,short
8947,323,10.712074,0.644743,0.698695,0,351.328826,scenario_000,medium
8948,323,1.414229,0.519385,0.713421,0,328.804531,scenario_000,short
8949,323,10.582878,0.296404,0.182248,1,347.241262,scenario_000,medium
8950,323,1.545756,0.38902,0.403897,0,328.549317,scenario_000,short
8951,323,2.257405,0.073239,0.444291,0,332.056331,scenario_000,short
8952,323,2.373406,0.258347,0.393591,2,325.806985,scenario_000,short
8953,323,12.167086,0.602101,0.518833,1,347.623167,scenario_000,medium
8954,323,2.344014,0.340708,0.150377,0,331.889605,scenario_000,short
8955,323,1.905965,0.242952,0.388709,1,327.914765,scenario_000,short
8956,323,16.97839,0.189913,0.249786,0,378.249566,scenario_000,medium
8957,323,21.285638,0.195521,0.330886,2,361.616618,scenario_000,medium
8958,324,1.961078,0.168504,0.051569,2,326.292716,scenario_000,short
8959,324,1.804677,0.080127,0.055099,0,329.081454,scenario_000,short
8960,324,21.214755,0.536355,0.781906,1,377.229987,scenario_000,medium
8961,324,1.04535,0.364475,0.365015,0,328.28485,scenario_000,short
8962,324,1.354693,0.405396,0.477758,2,325.584851,scenario_000,short
8963,324,1.705998,0.302652,0.262137,0,328.658909,scenario_000,short
8964,324,1.142016,0.085443,0.171219,0,327.015068,scenario_000,short
8965,324,37.649612,0.831995,0.887892,0,490.179388,scenario_000,long
8966,324,11.313598,0.52827,0.652671,1,353.186874,scenario_000,medium
8967,324,15.753428,0.582856,0.700416,1,362.117864,scenario_000,medium
8968,324,13.976153,0.51183,0.585878,2,351.904041,scenario_000,medium
8969,324,15.006801,0.561514,0.746189,0,371.31269,scenario_000,medium
8970,324,21.464375,0.336052,0.271821,0,412.714744,scenario_000,medium
8971,324,32.109699,0.706387,0.956548,2,362.272744,scenario_000,medium
8972,324,17.531629,0.827033,1.0,0,401.99708,scenario_000,medium
8973,324,2.037504,0.409355,0.762793,0,332.100802,scenario_000,short
8974,324,16.76977,0.183489,0.068078,1,372.444181,scenario_000,medium
8975,324,5.059412,0.632798,0.486288,2,330.800315,scenario_000,medium
8976,324,1.864791,0.288525,0.413247,1,327.67248,scenario_000,short
8977,324,11.979754,0.854716,0.702659,1,352.791695,scenario_000,long
8978,324,2.291973,0.533974,0.596639,0,330.044428,scenario_000,short
8979,324,2.032846,0.529826,0.57324,1,329.639417,scenario_000,short
8980,324,2.509709,0.281911,0.338851,1,328.542926,scenario_000,short
8981,324,1.231429,0.225137,0.189271,0,327.933573,scenario_000,short
8982,324,1.893444,0.351272,0.247264,0,331.159835,scenario_000,short
8983,324,1.170677,0.149946,0.310359,0,327.042417,scenario_000,short
8984,325,1.975234,0.143423,0.068718,0,330.73225,scenario_000,short
8985,325,1.409869,0.403474,0.674295,2,327.860677,scenario_000,short
8986,325,2.637438,0.644814,0.838152,2,328.496713,scenario_000,short
8987,325,11.219929,0.241854,0.174867,2,347.662498,scenario_000,medium
8988,325,24.62786,0.492601,0.522567,1,393.130216,scenario_000,medium
8989,325,13.056356,0.652465,0.607798,0,363.210491,scenario_000,medium
8990,325,1.921196,0.318812,0.551571,1,329.272108,scenario_000,short
8991,325,11.495578,0.924395,0.791424,0,371.950932,scenario_000,medium
8992,325,15.410216,0.914153,0.897266,0,391.915534,scenario_000,long
8993,325,2.932443,0.080574,0.451723,0,335.859021,scenario_000,short
8994,325,1.818897,0.530708,0.392179,2,328.212342,scenario_000,short
8995,325,2.261438,0.262164,0.652953,1,330.279744,scenario_000,short
8996,325,1.466534,0.148777,0.398119,0,330.477124,scenario_000,short
8997,325,11.776885,0.939398,1.0,2,341.566297,scenario_000,medium
8998,325,2.113487,0.105308,0.214012,1,329.608659,scenario_000,short
8999,325,2.435847,0.255109,0.372084,1,331.055477,scenario_000,short
9000,325,1.275913,0.231537,0.399644,0,330.069203,scenario_000,short
9001,325,2.18121,0.115429,0.719354,0,331.464117,scenario_000,short
9002,325,14.609246,0.61242,0.506681,1,371.268097,scenario_000,medium
9003,325,2.065043,0.398864,0.476408,2,329.022596,scenario_000,short
9004,325,1.39092,0.287463,0.667272,1,328.158131,scenario_000,short
9005,325,15.392964,0.190317,0.292788,0,368.454987,scenario_000,medium
9006,325,1.630975,0.741651,0.785648,1,328.138481,scenario_000,short
9007,325,17.44556,0.489273,0.566501,2,356.96441,scenario_000,medium
9008,325,1.698922,0.095302,0.309196,0,332.06092,scenario_000,short
9009,325,1.296591,0.083446,0.48583,2,326.651344,scenario_000,short
9010,325,12.019514,0.567106,0.577283,0,358.712828,scenario_000,medium
9011,325,2.338202,0.564847,0.609488,2,329.820004,scenario_000,short
9012,325,2.161177,0.380634,0.583662,0,334.112928,scenario_000,short
9013,325,1.870718,0.49077,0.535071,2,328.187048,scenario_000,short
9014,325,1.703179,0.357353,0.705537,2,327.207658,scenario_000,short
9015,326,12.581202,0.870583,1.0,1,352.847446,scenario_000,long
9016,326,17.23855,0.733713,0.964611,0,399.341897,scenario_000,medium
9017,326,1.648454,0.365595,0.530217,0,330.90304,scenario_000,short
9018,326,6.984493,0.201836,0.204643,2,336.722523,scenario_000,medium
9019,326,2.034382,0.322038,0.230756,0,332.110987,scenario_000,short
9020,326,1.599001,0.393595,0.435962,1,329.109327,scenario_000,short
9021,326,1.829474,0.626113,0.593068,2,328.996053,scenario_000,short
9022,326,12.821946,0.500706,0.547433,0,381.392591,scenario_000,medium
9023,326,2.082521,0.170643,0.327189,0,331.87571,scenario_000,short
9024,326,1.415849,0.104403,0.466707,0,330.497646,scenario_000,short
9025,326,1.451443,0.343955,0.860793,2,328.547174,scenario_000,short
9026,326,2.420331,0.516964,0.723196,1,332.618143,scenario_000,short
9027,326,3.932956,0.632224,0.522379,0,343.079485,scenario_000,medium
9028,326,1.305299,0.251658,0.351529,2,327.729248,scenario_000,short
9029,326,23.265248,0.644645,0.428573,0,392.372307,scenario_000,long
9030,326,16.350276,0.691137,0.786529,0,397.057736,scenario_000,medium
9031,326,1.614244,0.213582,0.26278,2,329.172215,scenario_000,short
9032,326,14.421801,0.977365,0.786513,1,364.249387,scenario_000,medium
9033,326,1.946786,0.441115,0.849163,0,334.008221,scenario_000,short
9034,326,1.950143,0.301152,0.298932,2,329.611727,scenario_000,short
9035,326,17.616283,0.549744,0.460258,2,360.907012,scenario_000,medium
9036,326,1.451352,0.429482,0.264771,1,329.513791,scenario_000,short
9037,326,17.648327,0.188468,0.433553,2,357.615455,scenario_000,medium
9038,326,5.806919,0.669733,1.0,0,348.430159,scenario_000,medium
9039,326,1.887786,0.118714,0.070413,1,330.957169,scenario_000,short
9040,326,2.177367,0.689202,0.617719,1,332.22805,scenario_000,short
9041,326,8.917522,0.80313,0.688234,2,342.469396,scenario_000,medium
9042,326,2.015645,0.319207,0.381762,0,332.095329,scenario_000,short
9043,326,2.252637,0.487669,0.627986,2,328.957075,scenario_000,short
9044,327,15.075225,0.540378,0.612104,0,393.557102,scenario_000,medium
9045,327,3.087969,0.091822,0.05,1,335.73263,scenario_000,short
9046,327,25.177435,0.869355,1.0,2,369.417263,scenario_000,long
9047,327,2.060619,0.451667,0.435488,1,332.801713,scenario_000,short
9048,327,1.802909,0.612439,1.0,0,332.903312,scenario_000,short
9049,327,11.946375,0.261481,0.49209,2,343.069204,scenario_000,medium
9050,327,2.096813,0.544324,0.342664,0,332.824459,scenario_000,short
9051,327,20.142194,0.741866,0.563762,0,395.785468,scenario_000,long
9052,327,1.22875,0.493804,0.867372,0,331.962853,scenario_000,short
9053,327,1.138535,0.192905,0.337031,0,330.719998,scenario_000,short
9054,327,15.388049,0.868338,0.726749,1,367.602831,scenario_000,long
9055,327,12.661819,0.637964,0.654269,0,363.133759,scenario_000,medium
9056,327,2.52694,0.422019,0.672086,2,330.131788,scenario_000,short
9057,327,2.550951,0.09653,0.445178,1,331.739798,scenario_000,short
9058,327,11.798058,0.407255,0.510749,2,344.894503,scenario_000,medium
9059,327,13.358236,0.875831,0.903236,2,347.520767,scenario_000,medium
9060,327,11.013981,0.950766,0.892099,2,346.76504,scenario_000,medium
9061,327,8.58415,0.571282,0.350564,0,354.221354,scenario_000,medium
9062,327,1.406055,0.334949,0.961612,2,328.880283,scenario_000,short
9063,327,12.959548,1.0,0.984219,1,352.443044,scenario_000,medium
9064,327,1.346263,0.425485,0.761781,0,331.013352,scenario_000,short
9065,327,7.932256,0.297866,0.552332,2,338.814431,scenario_000,medium
9066,327,2.212666,0.551389,0.609465,2,330.070455,scenario_000,short
9067,327,1.759699,0.102293,0.639605,0,334.430639,scenario_000,short
9068,327,2.208291,0.337272,0.580246,0,333.18783,scenario_000,short
9069,327,8.469775,0.175525,0.253046,2,338.017697,scenario_000,medium
9070,327,7.731575,0.462337,0.263179,0,358.337265,scenario_000,medium
9071,327,1.999632,0.220554,0.320666,0,334.991032,scenario_000,short
9072,327,1.734717,0.262673,0.55372,2,329.487996,scenario_000,short
9073,327,1.706305,0.333475,0.629157,2,329.960681,scenario_000,short
9074,327,1.922024,0.145329,0.448565,0,333.224348,scenario_000,short
9075,327,1.542571,0.327886,0.220801,1,330.059964,scenario_000,short
9076,327,2.071283,0.376312,0.778792,1,330.916282,scenario_000,short
9077,328,1.552032,0.088965,0.05,2,330.949544,scenario_000,short
9078,328,14.060679,0.518726,0.561959,2,345.293621,scenario_000,medium
9079,328,1.815371,0.108051,0.407091,2,330.470056,scenario_000,short
9080,328,1.531478,0.624427,0.92727,0,334.438524,scenario_000,short
9081,328,10.188574,0.47378,0.536047,2,348.70805,scenario_000,medium
9082,328,8.685148,1.0,1.0,2,339.390614,scenario_000,medium
9083,328,2.065883,0.736331,0.571927,1,331.698083,scenario_000,short
9084,328,9.156773,0.687545,0.79746,2,340.859361,scenario_000,medium
9085,328,1.862626,0.614493,0.963023,2,331.809263,scenario_000,short
9086,328,26.148715,0.689918,0.628735,0,410.003938,scenario_000,long
9087,328,10.668641,0.798817,0.979395,2,344.55283,scenario_000,medium
9088,328,1.636672,0.752867,1.0,1,332.482498,scenario_000,short
9089,328,2.204653,0.18594,0.418438,1,334.385245,scenario_000,short
9090,328,12.645902,0.555702,0.446899,0,363.360878,scenario_000,medium
9091,328,8.219978,1.0,1.0,1,349.127803,scenario_000,medium
9092,328,28.222589,0.926296,0.83313,1,409.088769,scenario_000,medium
9093,328,1.550738,0.206267,0.292146,0,332.794244,scenario_000,short
9094,328,12.672056,0.588622,0.645586,2,347.680546,scenario_000,medium
9095,328,17.771991,0.383969,0.445407,2,349.174331,scenario_000,long
9096,328,1.939301,0.571657,0.513725,2,330.523211,scenario_000,short
9097,328,23.736704,0.139993,0.3397,2,367.909565,scenario_000,medium
9098,328,11.803465,0.458536,0.721992,2,351.50006,scenario_000,medium
9099,328,7.497022,0.417951,0.961605,0,356.313918,scenario_000,medium
9100,328,7.061279,0.455274,0.720243,0,349.598161,scenario_000,medium
9101,328,1.058536,0.071338,0.163184,2,330.024661,scenario_000,short
9102,329,6.345036,0.962702,1.0,2,341.09738,scenario_000,medium
9103,329,15.704764,0.609567,0.598374,0,377.713475,scenario_000,medium
9104,329,1.365712,0.342718,0.1689,2,330.75856,scenario_000,short
9105,329,1.759825,0.539275,0.419302,0,334.352863,scenario_000,short
9106,329,1.361491,0.14367,0.347462,0,333.322275,scenario_000,short
9107,329,2.059763,0.715862,0.8871,1,333.755224,scenario_000,short
9108,329,1.367866,0.22086,0.267073,0,335.112443,scenario_000,short
9109,329,11.567776,0.479351,0.784464,1,353.967395,scenario_000,long
9110,329,2.013164,0.081553,0.392858,2,332.912308,scenario_000,short
9111,329,2.066891,0.289082,0.321428,2,331.57207,scenario_000,short
9112,329,1.79874,0.506917,0.53453,0,335.404977,scenario_000,short
9113,329,23.850749,0.763577,0.804747,1,398.068835,scenario_000,long
9114,329,1.245707,0.289575,0.241345,0,334.537343,scenario_000,short
9115,329,1.77364,0.755257,0.818474,0,335.761043,scenario_000,short
9116,329,2.330898,0.636242,0.940232,2,331.891113,scenario_000,short
9117,329,1.904933,0.341384,0.567773,0,336.109065,scenario_000,short
9118,329,1.60281,0.188189,0.49902,0,333.615424,scenario_000,short
9119,329,20.80709,0.484305,0.605136,0,417.762423,scenario_000,medium
9120,329,8.87031,0.683174,0.749424,2,345.810028,scenario_000,medium
9121,329,1.99341,0.444518,0.550055,1,334.324093,scenario_000,short
9122,329,14.591727,0.831256,0.859334,1,360.317867,scenario_000,medium
9123,329,1.871402,0.237826,0.438137,1,332.514358,scenario_000,short
9124,329,6.820695,0.317348,0.374281,2,337.660361,scenario_000,long
9125,329,8.456948,0.652287,0.79463,1,350.053158,scenario_000,medium
9126,329,16.972361,0.958259,1.0,1,371.902454,scenario_000,long
9127,329,1.076241,0.128682,0.257776,0,331.886659,scenario_000,short
9128,329,1.89868,0.209374,0.204025,1,333.922269,scenario_000,short
9129,329,6.604997,0.606073,0.541409,2,341.36081,scenario_000,medium
9130,329,1.781852,0.568147,0.554601,1,333.1988,scenario_000,short
9131,329,1.680323,0.429745,0.607066,1,332.358942,scenario_000,short
9132,329,2.105903,0.171209,0.191986,1,335.581536,scenario_000,short
9133,330,1.802892,0.586261,0.633679,1,334.184982,scenario_000,short
9134,330,9.224282,0.360094,0.459511,1,351.636722,scenario_000,medium
9135,330,29.482124,0.594462,0.479659,0,406.027621,scenario_000,medium
9136,330,2.278069,0.77474,0.836277,0,339.493878,scenario_000,short
9137,330,1.708634,0.248691,0.401666,0,335.203038,scenario_000,short
9138,330,2.119509,0.270108,0.432852,0,335.935123,scenario_000,short
9139,330,15.833901,0.553409,0.482761,0,372.3232,scenario_000,medium
9140,330,11.928976,0.250936,0.324762,0,376.793162,scenario_000,medium
9141,330,4.839514,0.259041,0.553138,0,350.252904,scenario_000,medium
9142,330,21.147075,0.541494,0.814477,0,406.432987,scenario_000,medium
9143,330,2.46857,0.677065,0.785302,0,341.131405,scenario_000,short
9144,330,1.99987,0.324837,0.270263,0,335.832832,scenario_000,short
9145,330,15.949459,0.803913,0.625049,2,348.628857,scenario_000,medium
9146,330,1.920858,0.552611,0.72082,2,332.741113,scenario_000,short
9147,330,26.378515,0.351005,0.437777,0,409.727144,scenario_000,medium
9148,330,18.553794,0.154736,0.28947,2,357.268998,scenario_000,medium
9149,330,13.057451,0.372396,0.437652,0,383.181488,scenario_000,medium
9150,330,13.806262,0.530499,0.522854,1,365.592837,scenario_000,medium
9151,330,1.654448,0.209696,0.56433,0,334.208879,scenario_000,short
9152,330,1.794539,0.470631,0.754731,2,333.125023,scenario_000,short
9153,330,1.991953,0.288958,0.254713,2,333.608006,scenario_000,short
9154,330,1.366215,0.622642,0.633039,2,331.699378,scenario_000,short
9155,330,1.772151,0.075838,0.344515,0,337.251253,scenario_000,short
9156,330,1.98879,0.1503,0.11178,2,332.835957,scenario_000,short
9157,330,1.612719,0.576264,0.422064,2,333.284568,scenario_000,short
9158,330,1.603614,0.649352,0.828205,2,333.230602,scenario_000,short
9159,330,15.368063,0.834274,0.581313,0,385.340675,scenario_000,medium
9160,330,9.451015,0.604694,0.505763,0,357.286591,scenario_000,medium
9161,331,21.636645,0.660699,0.956161,2,357.589017,scenario_000,medium
9162,331,1.12437,0.683678,0.819592,2,333.110114,scenario_000,short
9163,331,2.30092,0.178908,0.27117,0,337.953991,scenario_000,short
9164,331,16.957827,0.894861,0.897405,2,351.958395,scenario_000,medium
9165,331,1.16369,0.690347,0.5344,0,335.632678,scenario_000,short
9166,331,8.349515,0.51338,0.7115,0,356.070013,scenario_000,medium
9167,331,1.455048,0.091473,0.109284,1,334.345855,scenario_000,short
9168,331,2.170515,0.111722,0.302773,2,333.898666,scenario_000,short
9169,331,1.655206,0.088007,0.277833,0,335.957851,scenario_000,short
9170,331,1.851161,0.432884,0.507371,1,334.774122,scenario_000,short
9171,331,20.967952,0.709102,0.484854,0,401.48449,scenario_000,long
9172,331,1.851577,0.380202,0.392601,0,337.310523,scenario_000,short
9173,331,7.648147,0.617302,1.0,1,349.098073,scenario_000,medium
9174,331,16.977309,0.390736,0.82778,0,377.701215,scenario_000,medium
9175,331,2.070265,0.140194,0.617216,0,338.602924,scenario_000,short
9176,331,13.612872,0.636101,0.629507,0,372.975313,scenario_000,medium
9177,331,7.39362,0.244736,0.575958,2,343.979633,scenario_000,medium
9178,331,1.768122,0.21257,0.381438,1,334.204633,scenario_000,short
9179,331,17.879393,1.0,0.674977,1,387.350437,scenario_000,long
9180,331,2.302906,0.170643,0.170794,0,339.074371,scenario_000,short
9181,331,31.159174,0.994507,0.779686,0,465.666893,scenario_000,long
9182,331,1.496388,0.363384,0.416588,0,336.07334,scenario_000,short
9183,332,1.597093,0.237877,0.219679,1,335.127247,scenario_000,short
9184,332,1.419238,0.40571,0.423175,1,335.23391,scenario_000,short
9185,332,14.061572,0.135735,0.472922,1,372.74105,scenario_000,medium
9186,332,15.56435,0.675505,0.467411,2,351.846346,scenario_000,medium
9187,332,8.208006,0.972159,0.724634,2,343.177763,scenario_000,medium
9188,332,1.765765,0.123995,0.452059,2,335.02727,scenario_000,short
9189,332,1.94298,0.164585,0.276764,2,334.724633,scenario_000,short
9190,332,33.069628,0.976368,0.938641,0,428.008608,scenario_000,long
9191,332,11.291088,0.41562,0.707597,2,349.483395,scenario_000,medium
9192,332,9.388705,0.935636,0.657708,0,357.316139,scenario_000,medium
9193,332,12.59152,0.288883,0.207502,0,366.099544,scenario_000,medium
9194,332,11.006225,0.363132,0.542351,0,381.097786,scenario_000,medium
9195,332,27.373864,0.464743,0.630569,1,416.409048,scenario_000,long
9196,332,1.488525,0.430757,0.674996,2,333.770635,scenario_000,short
9197,332,2.285748,0.172913,0.250565,1,336.630496,scenario_000,short
9198,332,2.762421,0.075437,0.231243,0,342.406392,scenario_000,short
9199,332,1.278291,0.43103,0.516674,1,335.132663,scenario_000,short
9200,332,9.248435,0.595486,0.439872,0,368.543087,scenario_000,medium
9201,332,10.199672,0.423461,0.342633,2,348.675366,scenario_000,medium
9202,332,1.666936,0.196175,0.279448,1,336.543668,scenario_000,short
9203,332,1.366176,0.653165,0.531484,2,334.789484,scenario_000,short
9204,332,2.35609,0.059797,0.364602,1,337.435466,scenario_000,short
9205,332,12.349949,0.628459,0.930262,0,383.030722,scenario_000,medium
9206,332,12.6546,0.324764,0.497431,0,381.012958,scenario_000,medium
9207,332,1.841498,0.085904,0.108058,0,337.346926,scenario_000,short
9208,332,2.082643,0.184384,0.462676,0,338.166718,scenario_000,short
9209,332,1.59001,0.26136,0.46339,0,338.562163,scenario_000,short
9210,332,6.864472,0.518393,0.660242,0,359.431802,scenario_000,medium
9211,332,2.510931,0.356293,0.234161,1,339.869953,scenario_000,short
9212,332,1.42176,0.256714,0.185881,1,336.419883,scenario_000,short
9213,332,28.19782,0.583912,0.659461,1,401.627952,scenario_000,long
9214,332,1.759771,0.183336,0.309534,0,338.364997,scenario_000,short
9215,333,10.395068,0.407837,0.289256,0,375.129891,scenario_000,medium
9216,333,1.887227,0.472487,0.474067,1,337.856354,scenario_000,short
9217,333,10.363335,0.40951,0.551925,1,356.796476,scenario_000,long
9218,333,1.991328,0.209609,0.202361,1,338.651276,scenario_000,short
9219,333,2.579889,0.093235,0.688463,0,344.247536,scenario_000,short
9220,333,7.425509,0.372461,0.371618,2,345.59618,scenario_000,medium
9221,333,11.272665,0.930417,0.921488,0,371.263004,scenario_000,medium
9222,333,2.090719,0.192933,0.241215,0,339.235858,scenario_000,short
9223,333,1.394004,0.489582,0.827575,1,336.719279,scenario_000,short
9224,333,1.678488,0.375465,0.458041,2,335.789671,scenario_000,short
9225,333,7.445087,0.271952,0.653574,2,346.10573,scenario_000,medium
9226,333,24.713445,1.0,0.911166,2,382.042029,scenario_000,long
9227,333,26.949726,0.894324,0.997916,2,374.061115,scenario_000,long
9228,333,1.49988,0.891903,0.902742,2,334.766391,scenario_000,short
9229,333,12.857073,0.731496,0.945937,1,356.482962,scenario_000,long
9230,333,2.664733,0.27565,0.224176,2,337.139907,scenario_000,short
9231,333,16.445463,0.249873,0.132686,0,386.752952,scenario_000,medium
9232,333,13.516536,0.439305,0.217397,0,371.176974,scenario_000,medium
9233,333,2.068276,0.415867,0.429139,1,338.240331,scenario_000,short
9234,333,11.563804,0.545975,0.736608,0,366.120001,scenario_000,long
9235,333,1.666084,0.320693,0.600776,0,337.551437,scenario_000,short
9236,333,2.398933,0.321863,0.497374,0,339.479621,scenario_000,short
9237,333,1.446161,0.376685,0.537058,0,339.480663,scenario_000,short
9238,333,1.166093,0.442452,0.643607,2,334.357719,scenario_000,short
9239,333,8.473235,0.354127,0.485822,2,345.658647,scenario_000,medium
9240,333,1.437433,0.130825,0.322559,0,337.709546,scenario_000,short
9241,333,1.301414,0.311733,0.208558,1,336.615929,scenario_000,short
9242,333,21.514457,0.452738,0.381554,0,407.026288,scenario_000,medium
9243,333,2.260752,0.165456,0.166079,1,337.420297,scenario_000,short
9244,333,1.888844,0.637598,0.549487,0,340.189172,scenario_000,short
9245,333,1.698976,0.385413,0.295522,0,339.306363,scenario_000,short
9246,333,13.814628,0.816317,0.884451,0,371.714984,scenario_000,medium
9247,333,1.799322,0.576792,0.806688,2,336.11,scenario_000,short
9248,333,1.715588,0.37813,0.829456,0,339.988248,scenario_000,short
9249,333,1.577693,0.242009,0.421629,1,336.980036,scenario_000,short
9250,333,2.687794,0.205703,0.422967,2,336.586857,scenario_000,short
9251,333,1.598148,0.835334,0.581977,0,338.802789,scenario_000,short
9252,333,9.297022,0.450988,0.511654,0,368.958062,scenario_000,medium
9253,333,15.836698,0.529196,0.33231,2,358.365071,scenario_000,medium
9254,333,17.062244,0.821584,0.633699,2,356.232759,scenario_000,medium
9255,333,18.407374,0.755941,0.930576,2,370.956909,scenario_000,medium
9256,334,4.856306,0.521729,0.471553,0,351.640742,scenario_000,medium
9257,334,2.191087,0.416533,0.500023,0,341.412238,scenario_000,short
9258,334,12.473114,0.384196,0.460569,0,368.520176,scenario_000,medium
9259,334,14.51907,0.663936,0.701791,0,372.578668,scenario_000,medium
9260,334,11.382201,0.200624,0.361328,2,354.260631,scenario_000,medium
9261,334,5.226212,0.783876,0.958834,2,342.045535,scenario_000,medium
9262,334,7.017541,0.692427,0.630388,2,345.304633,scenario_000,medium
9263,334,14.657196,0.310369,0.252375,1,362.160007,scenario_000,medium
9264,334,1.558566,0.287104,0.56019,1,338.176369,scenario_000,short
9265,334,1.57109,0.507338,0.417224,0,338.838434,scenario_000,short
9266,334,1.404678,0.683608,0.581612,1,336.77537,scenario_000,short
9267,334,16.006938,0.590032,0.565427,0,401.39795,scenario_000,medium
9268,334,2.07372,0.152704,0.234113,2,336.493701,scenario_000,short
9269,334,1.115493,0.378207,0.341613,1,337.29714,scenario_000,short
9270,334,1.282327,0.367426,0.371447,0,339.558064,scenario_000,short
9271,334,11.851932,0.379591,0.367281,0,375.277392,scenario_000,medium
9272,334,1.274243,0.437539,0.284713,2,336.397888,scenario_000,short
9273,334,9.380905,0.674527,0.503253,1,352.91901,scenario_000,medium
9274,334,15.091895,0.969479,0.66068,0,374.918411,scenario_000,medium
9275,334,1.188462,0.744105,1.0,0,337.090308,scenario_000,short
9276,334,54.06326,0.616892,0.58936,0,489.42,scenario_000,long
9277,334,2.458862,0.367323,0.585232,2,338.053313,scenario_000,short
9278,334,2.553687,0.225137,0.31028,0,343.867406,scenario_000,short
9279,334,1.613621,0.473659,0.283007,1,337.539648,scenario_000,short
9280,334,1.806087,0.07606,0.17236,0,338.976312,scenario_000,short
9281,334,2.241691,0.205733,0.361731,2,338.30988,scenario_000,short
9282,334,2.117072,0.385068,0.712069,2,337.264845,scenario_000,short
9283,334,11.841257,0.160661,0.320167,0,374.225605,scenario_000,medium
9284,334,10.325001,0.147346,0.12524,0,376.757171,scenario_000,medium
9285,334,8.576134,0.1623,0.066922,1,360.728254,scenario_000,medium
9286,334,1.472615,0.362108,0.481258,1,337.018175,scenario_000,short
9287,334,1.389161,0.576816,0.624916,2,336.100123,scenario_000,short
9288,334,23.317567,0.624789,0.972601,0,423.187075,scenario_000,medium
9289,334,12.422024,0.817179,0.889682,2,353.750554,scenario_000,medium
9290,334,9.964407,0.418527,0.442775,2,351.638337,scenario_000,medium
9291,334,1.759573,0.737371,0.707258,2,336.302269,scenario_000,short
9292,334,1.6309,0.243389,0.282258,0,338.17703,scenario_000,short
9293,335,14.930725,0.637979,0.418396,1,363.632892,scenario_000,medium
9294,335,2.083377,0.736418,1.0,0,342.908742,scenario_000,short
9295,335,1.971552,0.095159,0.209263,0,342.292773,scenario_000,short
9296,335,1.554988,0.241709,0.533801,0,341.828815,scenario_000,short
9297,335,2.363653,0.203433,0.221759,0,342.596103,scenario_000,short
9298,335,1.287102,0.548928,0.674655,2,336.795585,scenario_000,short
9299,335,1.648175,0.087085,0.05,0,339.633899,scenario_000,short
9300,335,1.479974,0.389168,0.41491,1,339.634279,scenario_000,short
9301,335,1.626698,0.531904,0.450526,0,341.385989,scenario_000,short
9302,335,1.721274,0.38179,0.344042,0,339.624968,scenario_000,short
9303,335,19.601177,0.558438,0.570016,1,373.084054,scenario_000,medium
9304,335,2.19628,0.161736,0.370587,2,339.431314,scenario_000,short
9305,335,2.113918,0.336833,0.294519,0,343.394343,scenario_000,short
9306,335,1.559502,0.130968,0.378517,1,339.722021,scenario_000,short
9307,335,12.943668,0.290416,0.262797,0,383.167705,scenario_000,medium
9308,335,11.237453,0.685848,0.863429,0,364.608273,scenario_000,medium
9309,335,15.752428,0.7443,0.461557,1,383.56888,scenario_000,long
9310,335,1.552337,0.370456,0.8693,1,339.354207,scenario_000,short
9311,335,10.773001,0.260593,0.460939,2,355.686651,scenario_000,medium
9312,335,9.123322,0.948656,0.987471,0,369.053302,scenario_000,medium
9313,335,2.245231,0.363592,0.609209,0,341.989802,scenario_000,short
9314,335,2.35399,0.698547,0.753831,2,339.003528,scenario_000,short
9315,335,1.289584,0.572035,0.806801,2,336.573156,scenario_000,short
9316,335,14.879564,0.517094,0.810835,1,364.727343,scenario_000,medium
9317,335,1.624959,0.284978,0.477359,1,338.601321,scenario_000,short
9318,335,2.206199,0.786824,0.665502,0,343.735257,scenario_000,short
9319,335,11.292472,0.583578,0.729083,0,370.847288,scenario_000,medium
9320,335,1.544934,0.284538,0.380217,0,339.851284,scenario_000,short
9321,335,1.93289,0.309993,0.358755,2,337.426351,scenario_000,short
9322,335,1.421366,0.245748,0.388612,0,340.052112,scenario_000,short
9323,335,1.773857,0.300043,0.365743,0,341.681084,scenario_000,short
9324,335,1.532972,0.517097,0.874538,0,340.27798,scenario_000,short
9325,335,1.61565,0.192699,0.517433,2,336.997607,scenario_000,short
9326,336,10.114105,0.169822,0.719858,0,366.886194,scenario_000,medium
9327,336,1.611216,0.117088,0.156498,0,342.682483,scenario_000,short
9328,336,15.226996,0.437557,0.471937,0,400.338445,scenario_000,medium
9329,336,1.586093,0.159666,0.255017,0,340.298412,scenario_000,short
9330,336,1.458636,0.294932,0.336327,2,337.752821,scenario_000,short
9331,336,10.84635,1.0,1.0,1,359.535796,scenario_000,medium
9332,336,1.286403,0.386763,0.66227,1,338.481467,scenario_000,short
9333,336,1.601661,0.135878,0.071668,0,342.107287,scenario_000,short
9334,336,1.572956,0.3088,0.235552,2,337.992125,scenario_000,short
9335,336,1.847388,0.512581,0.663581,0,341.953879,scenario_000,short
9336,336,1.70415,0.742698,0.61624,2,339.39758,scenario_000,short
9337,336,1.86758,0.261254,0.150501,0,341.010898,scenario_000,short
9338,336,1.581225,0.129865,0.330557,0,342.672816,scenario_000,short
9339,336,1.725593,0.256375,0.547088,1,340.668916,scenario_000,short
9340,336,2.228375,0.683063,0.750595,0,343.920941,scenario_000,short
9341,336,1.545348,0.415282,0.273027,1,340.510537,scenario_000,short
9342,336,1.939788,0.321005,0.45952,0,343.413553,scenario_000,short
9343,336,13.08907,0.279877,0.285737,0,375.754297,scenario_000,medium
9344,336,16.783114,0.809432,0.801483,0,400.550368,scenario_000,medium
9345,336,1.933231,0.480057,0.825325,1,339.841035,scenario_000,short
9346,336,1.395378,0.245398,0.566308,1,339.976909,scenario_000,short
9347,336,2.489351,0.731878,0.757218,0,342.687089,scenario_000,short
9348,336,8.44334,0.700792,0.529841,0,362.851495,scenario_000,medium
9349,336,1.832463,0.25227,0.220533,0,342.939446,scenario_000,short
9350,336,2.864721,0.268345,0.388226,0,347.629421,scenario_000,short
9351,336,19.530724,0.576587,0.630221,1,382.729026,scenario_000,long
9352,336,2.621677,0.406993,0.614006,1,342.845215,scenario_000,short
9353,336,1.730012,0.357362,0.266645,2,338.791691,scenario_000,short
9354,336,1.961752,0.095655,0.248066,0,341.919261,scenario_000,short
9355,336,1.267968,0.479857,0.416076,2,338.618847,scenario_000,short
9356,336,1.750819,0.284249,0.447955,2,338.648662,scenario_000,short
9357,336,2.616748,0.176024,0.461736,2,340.76092,scenario_000,short
9358,336,1.933271,0.114589,0.264686,1,341.748324,scenario_000,short
9359,336,1.970429,0.722241,0.833754,2,339.709453,scenario_000,short
9360,336,2.25991,0.825315,0.692337,0,344.403179,scenario_000,short
9361,336,2.256483,0.304988,0.485157,0,345.373967,scenario_000,short
9362,337,1.905485,0.079475,0.162744,0,344.537229,scenario_000,short
9363,337,1.760385,0.062793,0.371244,0,344.69498,scenario_000,short
9364,337,2.525503,0.323696,0.411448,2,340.363125,scenario_000,short
9365,337,1.708378,0.670188,0.663805,2,340.007062,scenario_000,short
9366,337,2.414453,0.510039,0.275223,1,342.353984,scenario_000,short
9367,337,1.825261,0.407163,0.56214,2,340.734735,scenario_000,short
9368,337,11.246228,0.485445,0.430295,1,363.949275,scenario_000,medium
9369,337,1.928133,0.115197,0.098454,2,339.843599,scenario_000,short
9370,337,16.422459,0.454723,0.461422,2,364.08168,scenario_000,medium
9371,337,2.293327,0.054471,0.648089,0,346.762872,scenario_000,short
9372,337,2.466621,0.81887,0.783328,0,347.566841,scenario_000,short
9373,337,1.401845,0.733228,0.740077,0,341.002329,scenario_000,short
9374,337,1.430957,0.790371,0.862139,1,340.583804,scenario_000,short
9375,337,9.151315,0.34202,0.49292,2,354.785551,scenario_000,medium
9376,337,9.648818,0.594488,0.674275,0,361.711675,scenario_000,medium
9377,337,1.642548,0.500329,0.85306,0,344.066522,scenario_000,short
9378,337,1.956778,0.272476,0.401954,0,345.098448,scenario_000,short
9379,337,2.096886,0.335918,0.746204,1,343.063233,scenario_000,short
9380,337,1.651267,0.177674,0.385396,2,339.618152,scenario_000,short
9381,337,11.080157,0.77242,0.696359,1,370.261935,scenario_000,medium
9382,337,1.630214,0.3885,0.883286,0,343.541407,scenario_000,short
9383,337,14.922801,0.561102,0.710832,0,377.747222,scenario_000,medium
9384,337,2.059074,0.250409,0.276965,0,344.210088,scenario_000,short
9385,337,14.614299,0.636728,0.537152,0,394.683931,scenario_000,medium
9386,337,1.712825,0.15959,0.286136,0,341.837981,scenario_000,short
9387,337,9.155262,0.569562,0.808492,0,376.236675,scenario_000,medium
9388,337,29.929873,0.863619,0.91597,0,445.986053,scenario_000,long
9389,337,2.52499,0.179447,0.092509,2,340.993156,scenario_000,short
9390,337,1.486516,0.404179,0.423562,1,340.369836,scenario_000,short
9391,337,37.828667,0.255082,0.657988,2,403.744942,scenario_000,long
9392,338,2.024122,0.116171,0.271602,2,340.59265,scenario_000,short
9393,338,2.722931,0.219436,0.627891,0,347.647802,scenario_000,short
9394,338,18.81391,0.983608,1.0,2,363.216384,scenario_000,medium
9395,338,18.381044,0.810714,0.861075,2,367.941537,scenario_000,medium
9396,338,2.180301,0.616421,0.732098,1,342.40124,scenario_000,short
9397,338,29.215199,0.595713,0.496588,1,428.665352,scenario_000,medium
9398,338,18.416225,0.699043,0.700069,0,388.542418,scenario_000,long
9399,338,14.454145,0.483991,0.439815,1,366.397393,scenario_000,medium
9400,338,17.910682,0.181902,0.552046,2,362.319654,scenario_000,medium
9401,338,28.53769,0.922381,1.0,2,373.342477,scenario_000,long
9402,338,1.536577,0.423618,0.425368,0,344.632278,scenario_000,short
9403,338,2.135206,0.660386,0.783744,0,343.437063,scenario_000,short
9404,338,1.486374,0.161953,0.730595,2,340.592155,scenario_000,short
9405,338,13.517771,0.568068,0.577495,0,392.536728,scenario_000,medium
9406,338,6.69219,0.52849,0.605958,0,355.268495,scenario_000,medium
9407,338,2.227557,0.7479,1.0,0,347.192725,scenario_000,short
9408,338,1.448738,0.530516,0.572789,0,344.509642,scenario_000,short
9409,338,1.593244,0.204108,0.426417,2,341.122465,scenario_000,short
9410,338,7.300271,0.272361,0.49391,0,361.802419,scenario_000,medium
9411,338,1.722475,0.623272,0.405071,0,344.688119,scenario_000,short
9412,338,9.991323,0.585923,0.719492,1,357.83471,scenario_000,medium
9413,338,2.267236,0.393681,0.456673,2,342.453244,scenario_000,short
9414,338,1.128486,0.172481,0.334365,0,341.527401,scenario_000,short
9415,338,2.197728,0.074096,0.297227,0,346.050707,scenario_000,short
9416,338,1.483786,0.191421,0.413548,0,344.453117,scenario_000,short
9417,338,12.475255,0.609744,0.921919,0,392.230889,scenario_000,medium
9418,338,1.477471,0.316656,0.70125,0,343.317668,scenario_000,short
9419,338,8.410499,0.646551,0.59549,0,366.201004,scenario_000,medium
9420,338,1.512557,0.621336,0.740832,0,342.722859,scenario_000,short
9421,338,2.74831,0.41943,0.579319,2,343.483471,scenario_000,short
9422,338,19.366554,0.253029,0.630119,0,407.099115,scenario_000,medium
9423,338,1.946193,0.366422,0.355594,0,343.237251,scenario_000,short
9424,338,17.481755,0.706399,0.508134,0,400.291192,scenario_000,medium
9425,338,1.961571,0.066115,0.215361,2,340.517621,scenario_000,short
9426,339,2.29682,0.692106,0.638698,2,341.876321,scenario_000,short
9427,339,1.822365,0.281895,0.557427,0,344.955895,scenario_000,short
9428,339,14.333849,0.469309,0.695915,2,361.192645,scenario_000,medium
9429,339,1.646598,0.440217,0.635377,2,342.234032,scenario_000,short
9430,339,2.310935,0.401538,0.380037,0,345.682041,scenario_000,short
9431,339,21.144304,0.239635,0.32864,0,421.257518,scenario_000,medium
9432,339,1.41199,0.238091,0.313303,1,343.170094,scenario_000,short
9433,339,7.360969,0.675875,0.61141,0,366.185485,scenario_000,medium
9434,339,7.179464,0.402894,0.449756,1,353.809032,scenario_000,medium
9435,339,13.146017,0.718057,0.70661,1,372.652602,scenario_000,medium
9436,339,2.523365,0.806281,0.652671,0,346.74037,scenario_000,short
9437,339,2.352245,0.113249,0.479659,0,348.160818,scenario_000,short
9438,339,1.47239,0.346172,0.415444,0,343.943914,scenario_000,short
9439,339,2.008337,0.571482,0.70507,0,346.359634,scenario_000,short
9440,339,13.803487,0.152708,0.421786,0,399.12507,scenario_000,medium
9441,339,4.560021,0.84653,0.582002,1,348.644578,scenario_000,medium
9442,339,6.983355,0.235946,0.117923,2,352.69275,scenario_000,medium
9443,339,11.61902,0.138016,0.390161,0,383.453958,scenario_000,medium
9444,339,2.370227,0.319711,0.319744,0,348.406961,scenario_000,short
9445,339,1.655625,0.132126,0.28021,0,346.112415,scenario_000,short
9446,339,8.405451,0.709723,0.502391,2,354.886399,scenario_000,medium
9447,339,9.906431,0.623357,0.672064,0,374.30336,scenario_000,medium
9448,339,17.073944,1.0,0.628093,1,373.597056,scenario_000,long
9449,339,2.068781,0.374854,0.264862,2,341.820129,scenario_000,short
9450,339,1.732834,0.38842,0.37896,2,341.460563,scenario_000,short
9451,339,1.918995,0.427741,0.456228,0,344.76292,scenario_000,short
9452,339,10.35674,0.277145,0.309199,1,361.771076,scenario_000,medium
9453,339,7.741624,0.206262,0.467815,0,372.393552,scenario_000,medium
9454,339,1.746177,0.670188,0.971003,2,341.820639,scenario_000,short
9455,339,1.792014,0.369798,0.224511,2,341.838732,scenario_000,short
9456,340,1.922257,0.42703,0.561393,2,342.497888,scenario_000,short
9457,340,1.622518,0.063152,0.201103,0,345.511386,scenario_000,short
9458,340,1.526262,0.148223,0.288396,1,344.439358,scenario_000,short
9459,340,2.120268,0.383382,0.200624,0,349.140842,scenario_000,short
9460,340,1.735349,0.640617,0.547565,1,343.705777,scenario_000,short
9461,340,7.150678,0.404282,0.255336,0,368.308332,scenario_000,medium
9462,340,1.552378,0.452674,0.391367,0,344.557995,scenario_000,short
9463,340,2.021452,0.480923,0.481528,0,348.581891,scenario_000,short
9464,340,2.496182,0.288908,0.439143,1,345.75997,scenario_000,short
9465,340,1.533923,0.359229,0.384023,1,344.604156,scenario_000,short
9466,340,2.060192,0.504901,0.584897,1,346.498175,scenario_000,short
9467,340,1.863961,0.342838,0.750066,0,347.718954,scenario_000,short
9468,340,15.045722,0.91593,0.791295,0,393.361453,scenario_000,medium
9469,340,20.88823,0.334108,0.196598,2,368.83638,scenario_000,long
9470,340,28.796915,0.613229,0.767512,0,465.610922,scenario_000,medium
9471,340,13.762187,0.167205,0.192151,0,398.832274,scenario_000,medium
9472,340,1.965071,0.344698,0.39008,1,344.293701,scenario_000,short
9473,340,2.064191,0.068352,0.282948,1,344.156242,scenario_000,short
9474,340,1.385406,0.750616,0.582737,0,345.731169,scenario_000,short
9475,340,1.805569,0.381102,0.456982,0,347.963141,scenario_000,short
9476,340,9.926428,0.985985,1.0,1,358.245671,scenario_000,medium
9477,340,19.745883,0.680145,0.883823,0,408.222191,scenario_000,medium
9478,340,27.427464,0.763377,0.55669,0,416.583341,scenario_000,long
9479,340,2.106093,0.416218,0.440136,0,346.646474,scenario_000,short
9480,340,14.456694,1.0,1.0,0,378.928959,scenario_000,medium
9481,340,10.113676,0.580686,0.726927,0,370.34336,scenario_000,medium
9482,340,1.81007,0.342273,0.608872,1,345.252374,scenario_000,short
9483,340,1.194613,0.100166,0.174566,2,342.423501,scenario_000,short
9484,340,2.028129,0.453042,0.958515,0,347.364481,scenario_000,short
9485,340,15.314135,0.637857,0.753363,1,377.268768,scenario_000,medium
9486,340,1.767532,0.275346,0.313459,2,342.355468,scenario_000,short
9487,340,25.85407,0.726554,1.0,0,443.658293,scenario_000,medium
9488,341,1.767687,0.790084,0.764551,0,348.600077,scenario_000,short
9489,341,2.330272,0.7114,0.814508,2,344.877685,scenario_000,short
9490,341,2.190282,0.421618,0.384278,2,345.231525,scenario_000,short
9491,341,2.017582,0.807382,0.993424,0,349.581518,scenario_000,short
9492,341,12.694992,0.590856,0.606952,0,382.84372,scenario_000,medium
9493,341,1.997176,0.405964,0.509845,2,343.594261,scenario_000,short
9494,341,1.407304,0.242716,0.493075,1,344.731681,scenario_000,short
9495,341,2.388289,0.152427,0.078297,1,347.815218,scenario_000,short
9496,341,1.618107,0.436574,0.355219,1,345.530997,scenario_000,short
9497,341,2.037898,0.231332,0.357969,1,345.121889,scenario_000,short
9498,341,2.310325,0.381616,0.919514,0,348.323746,scenario_000,short
9499,341,8.652795,0.687011,0.698932,2,352.433231,scenario_000,medium
9500,341,14.330935,0.518331,0.779803,0,391.153106,scenario_000,medium
9501,341,2.337673,0.499588,0.873702,2,344.193703,scenario_000,short
9502,341,1.745345,0.673039,0.590055,0,345.640424,scenario_000,short
9503,341,1.536523,0.638419,0.79425,0,345.37278,scenario_000,short
9504,341,1.721523,0.299217,0.249048,2,343.446047,scenario_000,short
9505,341,18.910769,0.446698,0.38481,0,407.506069,scenario_000,medium
9506,341,7.058874,0.665187,0.695601,0,360.28825,scenario_000,medium
9507,341,1.490382,0.287474,0.476844,0,346.249975,scenario_000,short
9508,341,1.666017,0.208458,0.381177,2,342.94436,scenario_000,short
9509,341,19.244735,0.682554,0.541076,2,370.194219,scenario_000,medium
9510,341,1.820821,0.420337,0.3892,0,347.203316,scenario_000,short
9511,341,1.41921,0.768151,0.56999,1,344.321732,scenario_000,short
9512,341,1.753219,0.374985,0.340702,0,345.764931,scenario_000,short
9513,341,1.588487,0.252458,0.4617,0,348.157058,scenario_000,short
9514,341,1.154171,0.39424,0.553154,0,343.97207,scenario_000,short
9515,341,2.083158,0.671951,0.711994,1,344.711948,scenario_000,short
9516,341,1.613301,0.528699,0.571804,1,344.629348,scenario_000,short
9517,341,2.4121,0.133342,0.414567,0,349.832694,scenario_000,short
9518,341,9.474484,0.636255,0.481248,1,360.545572,scenario_000,medium
9519,341,16.867988,1.0,0.984002,2,373.748333,scenario_000,medium
9520,341,2.20616,0.435996,0.254463,1,345.463635,scenario_000,short
9521,341,10.835007,0.492081,0.525252,0,375.998041,scenario_000,medium
9522,341,1.396433,0.405047,0.403636,2,343.463268,scenario_000,short
9523,341,15.255239,0.820066,0.729193,0,387.297313,scenario_000,medium
9524,341,14.809938,0.365419,0.578836,0,388.488326,scenario_000,medium
9525,341,10.242694,0.591359,0.690898,2,354.221961,scenario_000,medium
9526,341,2.220226,0.099209,0.455242,0,350.257682,scenario_000,short
9527,342,1.640721,0.207194,0.445429,0,346.981347,scenario_000,short
9528,342,14.974239,0.591513,0.432247,0,389.405623,scenario_000,medium
9529,342,1.86284,0.346828,0.385943,0,349.740247,scenario_000,short
9530,342,2.026835,0.40755,0.523353,1,345.706778,scenario_000,short
9531,342,14.589326,0.771547,0.687486,1,368.855846,scenario_000,long
9532,342,1.535089,0.068209,0.155064,1,344.847135,scenario_000,short
9533,342,2.191848,0.633119,0.908807,1,347.421986,scenario_000,short
9534,342,1.452908,0.09038,0.261947,2,343.779512,scenario_000,short
9535,342,2.161586,0.547444,0.684041,0,350.98383,scenario_000,short
9536,342,1.754226,0.598339,0.684889,2,344.65587,scenario_000,short
9537,342,2.560053,0.133978,0.168819,2,345.423233,scenario_000,short
9538,342,1.937411,0.294708,0.334045,0,347.376716,scenario_000,short
9539,342,11.384132,0.852475,0.656192,0,381.479154,scenario_000,medium
9540,342,1.653944,0.148255,0.347118,0,348.087018,scenario_000,short
9541,342,8.594156,0.599238,0.617134,0,374.712344,scenario_000,medium
9542,342,10.450181,0.711599,0.497318,1,361.831067,scenario_000,medium
9543,342,3.004921,0.62317,0.582163,0,353.369337,scenario_000,short
9544,342,1.576394,0.117558,0.196093,0,347.93602,scenario_000,short
9545,342,2.608857,0.105515,0.349709,2,346.106789,scenario_000,short
9546,342,18.314822,0.423769,0.615951,2,366.808355,scenario_000,medium
9547,342,12.611529,0.618518,0.820019,2,359.025026,scenario_000,medium
9548,342,1.150531,0.061725,0.210677,2,343.744188,scenario_000,short
9549,342,2.502587,0.497976,0.785492,2,346.627572,scenario_000,short
9550,342,1.965611,0.443582,0.344647,0,349.616508,scenario_000,short
9551,342,2.118292,0.32009,0.450967,0,349.593306,scenario_000,short
9552,342,2.009086,0.384766,0.682625,2,344.445604,scenario_000,short
9553,342,6.757015,0.542846,0.445878,0,369.722336,scenario_000,medium
9554,342,13.580761,0.979683,0.974222,2,367.220617,scenario_000,medium
9555,342,2.641127,0.499975,0.796594,2,346.278653,scenario_000,short
9556,342,1.529519,0.429,0.404049,2,345.011722,scenario_000,short
9557,342,1.47882,0.448594,0.611884,1,345.545628,scenario_000,short
9558,342,0.934157,0.304092,0.409211,1,344.354454,scenario_000,short
9559,342,1.245958,0.149494,0.227213,0,345.810205,scenario_000,short
9560,343,1.644688,0.454705,0.760614,2,345.842913,scenario_000,short
9561,343,2.2598,0.265588,0.38913,1,349.19412,scenario_000,short
9562,343,1.265901,0.6211,0.711133,0,347.011986,scenario_000,short
9563,343,1.91166,0.287503,0.406617,0,348.501338,scenario_000,short
9564,343,2.832534,0.275289,0.554447,2,347.39008,scenario_000,short
9565,343,1.733247,0.149673,0.287733,0,350.713901,scenario_000,short
9566,343,3.074872,0.433334,0.389894,2,347.044495,scenario_000,short
9567,343,1.704058,0.407474,0.583585,2,345.408615,scenario_000,short
9568,343,2.012498,0.260206,0.358992,0,349.35882,scenario_000,short
9569,343,5.609697,0.497949,0.59568,1,360.188388,scenario_000,medium
9570,343,8.009327,0.956814,1.0,0,368.828023,scenario_000,medium
9571,343,12.954327,0.587471,0.95208,2,362.361436,scenario_000,long
9572,343,16.916837,0.191117,0.288581,1,396.205447,scenario_000,medium
9573,343,14.280116,0.833653,0.657069,1,376.684517,scenario_000,medium
9574,343,13.090313,0.60073,0.838858,0,389.89858,scenario_000,medium
9575,343,7.327545,0.85353,0.556911,2,356.147397,scenario_000,medium
9576,343,20.288588,0.200971,0.603244,0,433.875631,scenario_000,medium
9577,343,0.861744,0.186399,0.659738,0,345.476782,scenario_000,short
9578,343,5.159864,0.416584,0.877122,2,350.950516,scenario_000,medium
9579,343,1.587356,0.669448,0.787217,1,346.719507,scenario_000,short
9580,343,1.643806,0.714336,1.0,2,345.655244,scenario_000,short
9581,343,1.590304,0.437081,0.788721,1,346.609776,scenario_000,short
9582,343,1.71958,0.555239,0.400376,0,350.450625,scenario_000,short
9583,343,10.062234,0.702236,1.0,1,371.254813,scenario_000,medium
9584,343,1.28931,0.414004,0.74248,0,348.29257,scenario_000,short
9585,343,2.377552,0.289694,0.389222,2,347.403312,scenario_000,short
9586,343,1.724584,0.209407,0.352257,0,347.923125,scenario_000,short
9587,343,16.097799,0.544299,0.708476,1,381.133436,scenario_000,medium
9588,343,1.787571,0.530508,0.882645,1,346.915072,scenario_000,short
9589,343,2.189605,0.391569,0.327071,0,352.791367,scenario_000,short
9590,343,10.02435,1.0,1.0,0,370.314264,scenario_000,medium
9591,343,7.727062,0.144683,0.429664,1,365.083549,scenario_000,medium
9592,344,1.961393,0.361488,0.211536,1,350.023743,scenario_000,short
9593,344,1.83772,0.587595,0.35823,2,347.282724,scenario_000,short
9594,344,2.104392,0.125442,0.233559,1,349.997804,scenario_000,short
9595,344,1.539928,0.441942,0.817989,1,347.551447,scenario_000,short
9596,344,2.5108,0.274866,0.45997,0,352.405085,scenario_000,short
9597,344,20.914482,0.564653,0.719513,1,394.999625,scenario_000,medium
9598,344,9.310474,0.521368,0.729448,0,370.521454,scenario_000,medium
9599,344,2.137796,0.079196,0.170795,0,351.337811,scenario_000,short
9600,344,9.055564,0.434454,0.490372,1,363.258998,scenario_000,medium
9601,344,1.35945,0.52982,0.718556,2,346.706599,scenario_000,short
9602,344,1.712737,0.578223,0.480196,1,348.837546,scenario_000,short
9603,344,9.887197,0.549351,0.643887,0,384.3192,scenario_000,medium
9604,344,2.093672,0.345854,0.772797,1,348.818762,scenario_000,short
9605,344,1.765249,0.101894,0.271698,2,346.210686,scenario_000,short
9606,344,1.852374,0.236177,0.338434,2,346.78428,scenario_000,short
9607,344,1.847269,0.307668,0.227891,2,346.835222,scenario_000,short
9608,344,14.426433,1.0,0.904639,2,373.18777,scenario_000,medium
9609,344,1.842579,0.212029,0.176786,0,351.992148,scenario_000,short
9610,344,1.056882,0.173574,0.497618,0,347.206351,scenario_000,short
9611,344,1.622944,0.074278,0.550767,2,347.163762,scenario_000,short
9612,344,1.818262,0.66803,0.799328,2,347.357977,scenario_000,short
9613,344,3.963566,0.586308,0.703534,0,358.216367,scenario_000,medium
9614,344,3.113,0.112447,0.377557,2,348.728462,scenario_000,short
9615,344,1.823997,0.222188,0.404947,2,347.631401,scenario_000,short
9616,344,1.577116,0.464348,0.522288,0,350.207385,scenario_000,short
9617,344,1.686809,0.320582,0.415678,0,349.980605,scenario_000,short
9618,344,31.110022,0.63133,0.587506,2,404.670534,scenario_000,long
9619,344,1.960888,0.432444,0.979863,0,351.255235,scenario_000,short
9620,344,1.982504,0.403457,0.466807,2,348.035394,scenario_000,short
9621,344,16.549696,0.668306,0.731042,2,366.208602,scenario_000,medium
9622,344,2.223751,0.331549,0.547896,0,351.775768,scenario_000,short
9623,344,11.391233,0.555037,0.650733,0,378.514733,scenario_000,medium
9624,344,1.912133,0.147934,0.189095,0,350.093533,scenario_000,short
9625,344,14.436299,0.509422,0.404884,1,380.411441,scenario_000,medium
9626,344,2.093001,0.156362,0.386935,2,348.053237,scenario_000,short
9627,344,1.551213,0.543566,0.579517,0,349.945734,scenario_000,short
9628,344,1.594108,0.213675,0.344778,0,348.052798,scenario_000,short
9629,344,1.594927,0.335447,0.418865,2,346.958287,scenario_000,short
9630,344,2.720549,0.416297,0.482353,0,351.184929,scenario_000,short
9631,345,14.352905,0.252961,0.635671,0,391.228127,scenario_000,medium
9632,345,17.745839,0.610004,1.0,2,370.531352,scenario_000,medium
9633,345,1.258913,0.101279,0.422168,1,348.611464,scenario_000,short
9634,345,2.154615,0.655803,0.499805,0,352.707114,scenario_000,short
9635,345,9.914218,0.642697,0.637301,0,378.510984,scenario_000,medium
9636,345,2.008679,0.501117,0.582451,2,348.249627,scenario_000,short
9637,345,2.701846,0.428864,0.837307,0,354.780817,scenario_000,short
9638,345,1.632325,0.072832,0.244305,1,349.718977,scenario_000,short
9639,345,2.166908,0.109044,0.171452,0,350.889281,scenario_000,short
9640,345,2.21445,0.408068,0.545358,0,352.361243,scenario_000,short
9641,345,1.484613,0.372697,0.519412,2,346.972592,scenario_000,short
9642,345,1.536509,0.700544,0.716647,1,348.451197,scenario_000,short
9643,345,1.83884,0.448301,0.502999,0,350.257263,scenario_000,short
9644,345,2.281636,0.275953,0.453165,2,348.033771,scenario_000,short
9645,345,1.198046,0.33933,0.729827,1,347.609683,scenario_000,short
9646,345,1.42992,0.435428,0.420926,2,346.82958,scenario_000,short
9647,345,2.337205,0.195647,0.327215,2,349.235431,scenario_000,short
9648,345,1.63956,0.340625,0.691461,2,348.090288,scenario_000,short
9649,345,2.254868,0.744983,0.728806,2,348.792318,scenario_000,short
9650,345,27.130741,0.405688,0.241369,1,400.602653,scenario_000,medium
9651,345,1.713754,0.44433,0.317238,0,351.748256,scenario_000,short
9652,345,9.228667,0.567282,0.568097,2,363.340689,scenario_000,medium
9653,345,1.536373,0.469601,0.829888,0,349.208357,scenario_000,short
9654,345,1.846673,0.553661,0.64478,2,347.256747,scenario_000,short
9655,345,2.099169,0.264949,0.251176,1,348.879047,scenario_000,short
9656,345,1.591176,0.125745,0.418244,2,347.77538,scenario_000,short
9657,345,1.580145,0.333406,0.402674,0,351.449361,scenario_000,short
9658,345,7.717342,0.636662,0.631221,0,375.121426,scenario_000,medium
9659,345,2.114161,0.115327,0.240894,0,350.668533,scenario_000,short
9660,345,10.284525,0.164403,0.304766,0,375.358389,scenario_000,medium
9661,345,1.806495,0.40773,0.391787,1,349.210706,scenario_000,short
9662,345,2.083247,0.287643,0.800399,0,352.276809,scenario_000,short
9663,345,15.036617,0.781457,1.0,0,388.127436,scenario_000,medium
9664,345,1.444266,0.077299,0.051756,0,349.959543,scenario_000,short
9665,345,2.282657,0.157581,0.47591,2,349.552207,scenario_000,short
9666,346,19.089221,0.836947,1.0,1,384.182062,scenario_000,long
9667,346,1.446701,0.384414,0.473125,0,351.630191,scenario_000,short
9668,346,1.582033,0.534607,0.72081,0,351.415989,scenario_000,short
9669,346,12.308977,0.889295,1.0,2,362.061763,scenario_000,medium
9670,346,1.757546,0.183554,0.098366,1,350.628232,scenario_000,short
9671,346,1.991268,0.822897,0.715622,0,352.473537,scenario_000,short
9672,346,1.679288,0.811548,0.631893,0,350.361106,scenario_000,short
9673,346,9.227796,0.610321,0.538912,2,363.049276,scenario_000,medium
9674,346,1.449634,0.526023,0.568331,2,348.661269,scenario_000,short
9675,346,1.271962,0.539338,0.75322,2,347.605485,scenario_000,short
9676,346,2.038047,0.758176,0.597916,0,354.617241,scenario_000,short
9677,346,1.355146,0.204997,0.17489,0,351.720449,scenario_000,short
9678,346,8.856122,0.173317,0.460803,0,384.906756,scenario_000,medium
9679,346,16.340354,0.309522,0.405605,1,382.740837,scenario_000,medium
9680,346,1.864449,0.689003,0.734418,0,352.047768,scenario_000,short
9681,346,2.003613,0.259191,0.167174,2,349.819197,scenario_000,short
9682,346,10.498215,0.717646,0.512594,1,367.881942,scenario_000,medium
9683,346,1.341725,0.887337,0.980054,1,349.853821,scenario_000,short
9684,346,11.774347,0.508553,0.536899,1,376.371003,scenario_000,medium
9685,346,10.537629,0.211328,0.307509,0,387.948713,scenario_000,medium
9686,346,1.12694,0.191319,0.130278,0,350.078651,scenario_000,short
9687,346,7.933905,0.98225,1.0,2,360.376855,scenario_000,medium
9688,346,1.589837,0.638218,0.574515,2,347.875727,scenario_000,short
9689,346,2.090094,0.714103,0.598825,0,353.812119,scenario_000,short
9690,346,1.505215,0.251947,0.374195,0,350.313206,scenario_000,short
9691,346,1.892683,0.242432,0.468862,2,349.267369,scenario_000,short
9692,346,2.128426,0.581939,0.457266,0,355.571957,scenario_000,short
9693,346,1.60279,0.486525,0.617868,0,352.566263,scenario_000,short
9694,346,1.803418,0.070489,0.37313,1,350.412464,scenario_000,short
9695,346,1.580495,0.247685,0.68173,0,350.339557,scenario_000,short
9696,346,12.008435,0.411338,0.480941,1,372.722529,scenario_000,medium
9697,346,2.412286,0.651286,0.593078,1,350.971261,scenario_000,short
9698,346,1.801713,0.191237,0.291603,2,349.310133,scenario_000,short
9699,346,1.419613,0.402584,0.626753,2,348.311556,scenario_000,short
9700,346,25.233989,0.560244,0.627049,0,424.699492,scenario_000,medium
9701,346,2.059761,0.314184,0.328652,2,350.061872,scenario_000,short
9702,346,6.235902,0.409062,0.682736,2,355.802689,scenario_000,medium
9703,346,6.590483,0.718729,0.71204,0,375.226612,scenario_000,medium
9704,346,1.399035,0.384304,0.576462,0,350.904258,scenario_000,short
9705,347,1.121559,0.606423,0.603589,0,351.44,scenario_000,short
9706,347,2.054077,0.238856,0.412954,0,355.653504,scenario_000,short
9707,347,5.672163,0.2878,0.509057,0,361.98009,scenario_000,medium
9708,347,1.834201,0.160403,0.58134,2,350.510869,scenario_000,short
9709,347,8.574272,0.252338,0.492378,1,362.92023,scenario_000,medium
9710,347,1.970314,0.062636,0.325804,0,352.219692,scenario_000,short
9711,347,19.545319,0.625951,0.751735,0,428.857546,scenario_000,medium
9712,347,1.742914,0.235457,0.477976,0,352.514355,scenario_000,short
9713,347,14.788744,0.842203,0.947928,0,410.244957,scenario_000,long
9714,347,10.277761,0.57191,0.90443,2,360.18933,scenario_000,medium
9715,347,1.775894,0.064136,0.192293,1,350.987994,scenario_000,short
9716,347,10.181203,0.509641,0.394092,0,383.088915,scenario_000,medium
9717,347,3.328341,0.28219,0.164976,0,355.817747,scenario_000,short
9718,347,2.0052,0.17346,0.557034,2,350.573917,scenario_000,short
9719,347,1.548069,0.647274,0.970998,0,353.761389,scenario_000,short
9720,347,13.706015,1.0,0.902446,0,405.723464,scenario_000,medium
9721,347,1.417017,0.283813,0.415101,0,351.050506,scenario_000,short
9722,347,2.865724,0.866336,0.888716,1,355.122803,scenario_000,short
9723,347,7.341514,0.135379,0.206386,2,361.327293,scenario_000,medium
9724,347,1.824783,0.372003,0.354002,2,349.652221,scenario_000,short
9725,347,1.859608,0.125724,0.285948,1,351.724512,scenario_000,short
9726,347,1.859525,0.242409,0.333557,2,350.757709,scenario_000,short
9727,347,1.904876,0.066054,0.239207,0,352.096007,scenario_000,short
9728,347,8.474052,0.503828,0.506681,2,358.307516,scenario_000,medium
9729,347,8.518427,0.475561,0.582146,0,379.196007,scenario_000,medium
9730,347,1.213449,0.593475,0.900039,0,352.423504,scenario_000,short
9731,347,11.501654,0.940867,0.910241,0,384.546179,scenario_000,medium
9732,347,1.395728,0.328335,0.653592,1,350.967519,scenario_000,short
9733,347,2.778211,0.066567,0.05,0,356.836216,scenario_000,short
9734,348,2.142285,0.092967,0.262886,1,354.735145,scenario_000,short
9735,348,8.155816,0.328808,0.372743,1,371.167511,scenario_000,medium
9736,348,1.781943,0.545795,0.785036,2,351.194545,scenario_000,short
9737,348,22.90876,0.667973,0.501983,2,380.907016,scenario_000,long
9738,348,2.159247,0.575364,0.429893,1,353.218884,scenario_000,short
9739,348,2.587505,0.751984,0.868183,0,357.112651,scenario_000,short
9740,348,1.23789,0.208395,0.398993,2,350.062632,scenario_000,short
9741,348,1.678887,0.061216,0.096301,1,351.416833,scenario_000,short
9742,348,2.285797,0.642954,0.789745,0,354.551058,scenario_000,short
9743,348,1.29179,0.086522,0.212802,0,351.520859,scenario_000,short
9744,348,1.705912,0.091369,0.059738,0,353.012869,scenario_000,short
9745,348,12.895558,0.632368,0.883432,2,367.757915,scenario_000,medium
9746,348,1.968494,0.151358,0.129004,2,350.823361,scenario_000,short
9747,348,16.671624,0.879029,0.6619,0,392.273306,scenario_000,medium
9748,348,11.841941,0.142578,0.44902,2,371.754857,scenario_000,medium
9749,348,15.213578,0.842118,0.508156,1,385.450139,scenario_000,medium
9750,348,18.638996,1.0,0.882573,0,404.327606,scenario_000,long
9751,348,1.612229,0.376912,0.432107,0,354.592521,scenario_000,short
9752,348,1.414834,0.65792,0.559715,0,353.102672,scenario_000,short
9753,348,1.857867,0.232416,0.492257,0,355.486907,scenario_000,short
9754,348,10.142257,0.790798,0.717669,2,365.287526,scenario_000,medium
9755,348,33.396718,0.799532,0.91023,1,429.309327,scenario_000,long
9756,348,14.812528,0.556917,0.696275,2,372.087839,scenario_000,medium
9757,348,2.257382,0.601298,0.550308,2,352.296181,scenario_000,short
9758,348,1.349935,0.575506,0.402478,0,353.206521,scenario_000,short
9759,348,1.732652,0.383812,0.428868,0,355.587681,scenario_000,short
9760,348,1.41889,0.399685,0.454488,2,350.916447,scenario_000,short
9761,348,1.800285,0.077738,0.21835,2,351.378023,scenario_000,short
9762,348,20.284186,0.529103,0.786867,0,426.379842,scenario_000,medium
9763,348,1.17702,0.480696,0.476942,2,349.509201,scenario_000,short
9764,348,1.901417,0.409863,0.67321,0,356.371256,scenario_000,short
9765,348,1.296732,0.286019,0.388588,1,350.65949,scenario_000,short
9766,348,2.143333,0.538586,0.424087,0,356.104952,scenario_000,short
9767,348,12.541621,0.487412,0.793694,0,385.52678,scenario_000,medium
9768,348,13.942981,0.728313,0.72093,0,396.320693,scenario_000,medium
9769,348,2.530624,0.054326,0.262339,2,351.837295,scenario_000,short
9770,348,10.099582,0.891692,0.952496,1,368.091435,scenario_000,medium
9771,348,1.360367,0.33854,0.463753,2,349.981561,scenario_000,short
9772,349,1.940334,0.215537,0.472051,2,352.25179,scenario_000,short
9773,349,2.001792,0.888939,0.87801,0,357.767011,scenario_000,short
9774,349,2.213349,0.171972,0.290758,0,358.182827,scenario_000,short
9775,349,2.183148,0.178442,0.35805,2,353.416119,scenario_000,short
9776,349,21.810061,0.550386,0.409606,0,444.354459,scenario_000,medium
9777,349,17.674552,0.410348,0.483183,0,414.557079,scenario_000,medium
9778,349,1.80802,0.732197,0.660009,0,354.027158,scenario_000,short
9779,349,1.793141,0.407549,0.372358,1,353.416111,scenario_000,short
9780,349,39.603382,0.375992,0.353279,0,526.592607,scenario_000,long
9781,349,10.709741,0.66605,0.651244,2,364.896768,scenario_000,medium
9782,349,1.356632,0.840946,0.799849,0,354.931318,scenario_000,short
9783,349,13.587077,0.560027,0.577638,0,395.889391,scenario_000,long
9784,349,14.253196,0.161577,0.44986,0,403.444779,scenario_000,medium
9785,349,15.094708,0.863383,0.782076,0,393.631465,scenario_000,long
9786,349,1.986796,0.540533,0.575477,0,355.679742,scenario_000,short
9787,349,1.34559,0.577883,0.823747,0,353.375867,scenario_000,short
9788,349,1.660669,0.391102,0.397198,0,355.551457,scenario_000,short
9789,349,34.435718,0.752386,0.482489,2,395.903994,scenario_000,medium
9790,349,9.836123,0.714503,0.659294,0,393.209349,scenario_000,medium
9791,349,1.416262,0.291787,0.531799,0,352.639076,scenario_000,short
9792,349,1.947401,0.390821,0.386528,0,357.481623,scenario_000,short
9793,349,2.317056,0.532378,0.625224,2,351.874189,scenario_000,short
9794,349,2.178203,0.264022,0.228981,2,352.377527,scenario_000,short
9795,349,1.160177,0.529159,0.813334,1,351.621159,scenario_000,short
9796,349,14.217457,0.756805,0.67744,2,378.326794,scenario_000,medium
9797,349,2.115115,0.366296,0.42828,1,354.911996,scenario_000,short
9798,349,1.974415,0.48773,0.585775,2,352.946891,scenario_000,short
9799,349,11.198325,0.602885,0.527955,2,362.693835,scenario_000,medium
9800,349,1.723399,0.355422,0.374067,1,353.425984,scenario_000,short
9801,349,3.741758,0.528321,0.56308,0,362.207877,scenario_000,medium
9802,349,2.097688,0.449752,0.306268,2,352.947575,scenario_000,short
9803,349,1.852751,0.305592,0.291705,0,354.40002,scenario_000,short
9804,349,11.116336,0.871528,0.761059,1,376.63213,scenario_000,medium
9805,349,10.317717,0.596969,0.642913,2,370.107588,scenario_000,medium
9806,349,1.724658,0.09099,0.074836,0,353.448514,scenario_000,short
9807,349,1.919241,0.406676,0.469789,0,354.061818,scenario_000,short
9808,349,2.525501,0.091184,0.247364,2,353.264114,scenario_000,short
9809,349,7.8365,0.962475,1.0,0,378.064138,scenario_000,medium
9810,349,9.993432,0.518396,0.522852,0,388.448977,scenario_000,medium
9811,349,1.85574,0.244694,0.834352,0,354.803225,scenario_000,short
9812,349,2.947884,0.366351,0.391996,2,353.744144,scenario_000,short
9813,350,2.056003,0.34474,0.566994,0,355.367922,scenario_000,short
9814,350,1.832253,0.303986,0.378126,1,353.905984,scenario_000,short
9815,350,2.424344,0.440366,0.61177,2,353.725922,scenario_000,short
9816,350,1.228791,0.447611,0.538991,0,353.919493,scenario_000,short
9817,350,1.889808,0.777658,0.769092,1,353.380021,scenario_000,short
9818,350,1.711194,0.359576,0.505316,0,354.397541,scenario_000,short
9819,350,14.107955,0.639834,0.541425,2,369.113548,scenario_000,medium
9820,350,1.457545,0.358345,0.580944,0,355.203436,scenario_000,short
9821,350,15.295127,0.503946,0.550953,2,372.283005,scenario_000,medium
9822,350,18.148221,0.120549,0.477489,2,371.856011,scenario_000,medium
9823,350,16.944649,0.412792,0.972678,1,394.406444,scenario_000,medium
9824,350,10.021074,0.526425,0.893563,1,369.077536,scenario_000,medium
9825,350,2.137662,0.184192,0.198745,2,353.920406,scenario_000,short
9826,350,1.796045,0.360808,0.366648,1,354.592798,scenario_000,short
9827,350,1.756389,0.237085,0.593463,2,352.583113,scenario_000,short
9828,350,1.341859,0.626404,0.668242,0,354.843141,scenario_000,short
9829,350,13.845536,0.667297,0.994697,2,366.707063,scenario_000,long
9830,350,2.323693,0.842914,0.904149,0,355.979092,scenario_000,short
9831,350,1.729696,0.503259,0.587259,0,354.511943,scenario_000,short
9832,350,2.184075,0.661463,0.806239,2,353.001357,scenario_000,short
9833,350,2.342297,0.345415,0.344247,2,354.777438,scenario_000,short
9834,350,9.133708,0.175085,0.203248,1,372.569393,scenario_000,medium
9835,350,1.51291,0.788261,0.671581,0,354.030037,scenario_000,short
9836,350,14.525498,0.691134,1.0,0,403.008339,scenario_000,medium
9837,350,12.22939,0.825262,0.744182,2,373.701196,scenario_000,long
9838,350,12.021434,0.575934,0.490687,2,372.370541,scenario_000,medium
9839,350,1.652896,0.455353,0.812488,1,354.513213,scenario_000,short
9840,350,1.795479,0.362554,0.839309,2,352.777925,scenario_000,short
9841,350,11.198276,0.328776,0.556173,0,385.963803,scenario_000,medium
9842,350,1.855518,0.684861,0.699729,0,358.259624,scenario_000,short
9843,350,1.550633,0.058337,0.168904,2,352.773295,scenario_000,short
9844,350,7.424841,1.0,0.960277,0,373.138665,scenario_000,medium
9845,350,1.743989,0.506935,0.551712,0,357.068301,scenario_000,short
9846,350,2.218777,0.59396,1.0,1,355.387584,scenario_000,short
9847,350,2.434963,0.122822,0.674297,1,354.426069,scenario_000,short
9848,350,23.9254,0.801849,0.680942,2,397.925188,scenario_000,long
9849,350,7.360199,0.661418,0.602105,0,375.622308,scenario_000,medium
9850,350,1.468186,0.562593,0.636236,0,354.793333,scenario_000,short
9851,350,1.408557,0.085593,0.05,2,352.022434,scenario_000,short
9852,350,10.645969,0.566875,0.638525,0,388.055132,scenario_000,medium
9853,350,1.414923,0.057066,0.559851,1,353.312896,scenario_000,short
9854,351,5.860482,0.622014,0.541993,2,361.173424,scenario_000,medium
9855,351,14.34917,1.0,1.0,0,412.97235,scenario_000,medium
9856,351,16.276287,0.7575,0.803245,0,400.810451,scenario_000,long
9857,351,1.351614,0.334941,0.453002,0,356.605276,scenario_000,short
9858,351,2.065957,0.507683,0.417796,0,357.65413,scenario_000,short
9859,351,9.084907,0.516772,0.696428,1,370.224597,scenario_000,medium
9860,351,1.494793,0.397713,0.619838,0,356.613719,scenario_000,short
9861,351,2.069492,0.673588,0.629771,1,356.481864,scenario_000,short
9862,351,13.264642,0.666482,1.0,1,384.275936,scenario_000,long
9863,351,8.008992,0.426343,0.819371,2,361.968854,scenario_000,medium
9864,351,19.641357,0.896745,0.790525,0,434.373728,scenario_000,long
9865,351,19.041788,0.328967,0.422109,1,392.364057,scenario_000,medium
9866,351,14.435851,0.730662,0.559834,1,382.071287,scenario_000,long
9867,351,14.856309,0.576163,0.719413,0,400.717494,scenario_000,medium
9868,351,1.435406,0.095559,0.171867,2,352.752055,scenario_000,short
9869,351,1.156414,0.069209,0.704369,0,354.396306,scenario_000,short
9870,351,1.667903,0.34558,0.234292,0,356.213369,scenario_000,short
9871,351,1.850983,0.643913,0.528098,2,354.670218,scenario_000,short
9872,351,1.942921,0.184439,0.420888,0,358.958975,scenario_000,short
9873,351,1.314858,0.375505,0.558873,0,356.239923,scenario_000,short
9874,351,2.324808,0.073082,0.144217,2,354.647768,scenario_000,short
9875,351,14.603821,0.756019,0.720432,2,369.461294,scenario_000,medium
9876,351,1.809399,0.542152,0.746944,1,355.655958,scenario_000,short
9877,351,14.481872,0.808946,0.882741,0,393.849272,scenario_000,long
9878,351,10.347662,0.662376,0.471857,1,380.524333,scenario_000,medium
9879,351,22.233101,0.56336,0.380503,1,392.152343,scenario_000,medium
9880,351,1.661809,0.522301,0.6046,0,357.60695,scenario_000,short
9881,351,2.241926,0.404432,0.339838,0,358.275024,scenario_000,short
9882,351,1.648341,0.216203,0.764415,0,355.279747,scenario_000,short
9883,351,14.677475,0.659094,0.876836,1,384.965095,scenario_000,medium
9884,351,1.895917,0.303951,0.690004,0,357.617898,scenario_000,short
9885,351,11.703171,0.558813,0.521817,2,375.042609,scenario_000,medium
9886,351,1.453039,0.325508,0.526001,0,356.775842,scenario_000,short
9887,351,1.008658,0.430367,0.342293,2,352.646883,scenario_000,short
9888,351,1.602076,0.831602,0.651492,2,353.383417,scenario_000,short
9889,351,10.596907,0.701757,1.0,1,378.947964,scenario_000,medium
9890,351,1.213954,0.217082,0.45667,0,354.356725,scenario_000,short
9891,351,9.834719,0.462068,0.468484,1,378.744912,scenario_000,medium
9892,351,1.562085,0.068999,0.229403,1,355.375943,scenario_000,short
9893,351,1.819072,0.72803,0.639934,0,357.474814,scenario_000,short
9894,352,7.797628,0.520412,0.726895,0,384.293718,scenario_000,medium
9895,352,6.298454,0.305302,0.26525,0,373.067853,scenario_000,medium
9896,352,1.574579,0.21392,0.317696,0,356.852303,scenario_000,short
9897,352,1.438833,0.134333,0.337691,2,354.577206,scenario_000,short
9898,352,1.569558,0.779826,0.753709,2,354.07015,scenario_000,short
9899,352,1.625764,0.347832,0.434111,0,358.277289,scenario_000,short
9900,352,1.814825,0.569801,0.721176,0,358.000991,scenario_000,short
9901,352,23.77245,0.529167,0.796241,0,455.95052,scenario_000,medium
9902,352,1.638884,0.64097,0.615817,2,354.429019,scenario_000,short
9903,352,1.816767,0.414998,0.799896,0,359.150986,scenario_000,short
9904,352,1.975193,0.530532,0.558708,0,359.99065,scenario_000,short
9905,352,2.216204,0.371777,0.447134,0,360.306934,scenario_000,short
9906,352,2.725222,0.202308,0.432121,0,363.526085,scenario_000,short
9907,352,1.593342,0.280093,0.347857,1,356.245803,scenario_000,short
9908,352,8.757253,0.482452,0.681211,2,367.681501,scenario_000,medium
9909,352,2.175409,0.390705,0.542596,0,361.781913,scenario_000,short
9910,352,2.063084,0.150628,0.175412,2,354.809204,scenario_000,short
9911,352,10.226109,0.641516,0.824649,0,379.942967,scenario_000,medium
9912,352,2.319632,0.112877,0.106078,0,359.178399,scenario_000,short
9913,352,1.442291,0.457432,0.343484,0,358.199955,scenario_000,short
9914,352,9.121511,0.240479,0.320032,0,377.148839,scenario_000,medium
9915,352,1.723874,0.122981,0.684585,0,359.609024,scenario_000,short
9916,352,2.204941,0.180456,0.283965,0,361.601269,scenario_000,short
9917,352,1.49629,0.323999,0.545732,2,354.722352,scenario_000,short
9918,352,9.575602,0.801395,0.574131,0,391.5314,scenario_000,medium
9919,352,17.835811,0.815626,0.742064,0,431.754557,scenario_000,medium
9920,352,10.86328,0.73817,0.808129,2,372.630622,scenario_000,medium
9921,352,1.401353,0.206959,0.489867,2,354.318648,scenario_000,short
9922,352,5.645174,0.695994,0.938626,1,363.98134,scenario_000,medium
9923,352,20.424865,0.627984,0.783287,1,408.848015,scenario_000,long
9924,352,1.874314,0.556571,0.47772,1,357.788907,scenario_000,short
9925,352,1.955699,0.381613,0.790747,0,359.068356,scenario_000,short
9926,352,11.237413,0.601844,0.732413,0,394.219562,scenario_000,medium
9927,352,1.503747,0.444089,0.378106,0,357.354475,scenario_000,short
9928,352,2.068952,0.536331,0.473539,2,355.590834,scenario_000,short
9929,352,1.814742,0.347772,0.301405,1,357.327745,scenario_000,short
9930,352,10.776447,0.781735,0.650658,0,391.461839,scenario_000,medium
9931,352,6.454005,0.673959,0.700318,0,369.727674,scenario_000,medium
9932,352,5.651345,0.623686,0.970312,2,359.596188,scenario_000,medium
9933,352,1.534769,0.687643,1.0,2,353.817441,scenario_000,short
9934,352,1.371971,0.725304,0.830131,2,354.772263,scenario_000,short
9935,352,1.730772,0.088428,0.34412,1,355.697125,scenario_000,short
9936,352,2.815562,0.264891,0.243468,0,361.589474,scenario_000,short
9937,352,1.734651,0.373411,0.509734,0,358.195162,scenario_000,short
9938,352,6.671631,1.0,0.72905,2,362.557296,scenario_000,medium
9939,353,7.705407,0.422295,0.434772,1,370.878349,scenario_000,medium
9940,353,11.982333,0.294324,0.317167,2,375.239945,scenario_000,medium
9941,353,1.929826,0.646324,0.675374,0,357.908325,scenario_000,short
9942,353,9.529563,0.495063,0.770664,2,365.843543,scenario_000,medium
9943,353,21.166321,0.734197,0.859919,0,408.201878,scenario_000,medium
9944,353,7.70402,0.896699,0.92476,0,380.009596,scenario_000,medium
9945,353,8.714286,0.617966,0.650454,0,389.670621,scenario_000,medium
9946,353,1.869433,0.055675,0.35338,0,359.243999,scenario_000,short
9947,353,1.344086,0.386475,0.301036,0,356.879651,scenario_000,short
9948,353,17.397505,0.134742,0.172342,1,402.288661,scenario_000,medium
9949,353,2.286305,0.339865,0.39746,0,362.152677,scenario_000,short
9950,353,1.679499,0.357985,0.360795,2,355.42272,scenario_000,short
9951,353,2.18745,0.078473,0.05,2,355.58437,scenario_000,short
9952,353,23.641312,0.500829,0.808626,0,457.075717,scenario_000,medium
9953,353,33.188499,1.0,1.0,0,471.088658,scenario_000,long
9954,353,14.464796,0.60058,0.583361,2,371.469526,scenario_000,medium
9955,353,1.487509,0.158906,0.442592,0,358.485457,scenario_000,short
9956,353,1.721137,0.705902,0.744887,1,356.190441,scenario_000,short
9957,353,1.424643,0.16405,0.127425,0,358.127459,scenario_000,short
9958,353,9.968135,0.732637,0.613615,1,382.924448,scenario_000,medium
9959,353,1.936684,0.065349,0.320546,0,358.177691,scenario_000,short
9960,353,13.150755,0.346037,0.570908,2,380.09921,scenario_000,long
9961,353,1.80271,0.512823,0.832714,2,356.021455,scenario_000,short
9962,353,13.947095,0.735594,0.534764,2,376.736887,scenario_000,medium
9963,353,2.396811,0.143675,0.139219,1,360.153454,scenario_000,short
9964,353,1.87716,0.101829,0.351307,0,359.467513,scenario_000,short
9965,353,6.874398,0.851687,0.703406,0,381.987374,scenario_000,medium
9966,353,2.194649,0.287964,0.303884,0,362.879539,scenario_000,short
9967,353,15.734081,0.872743,0.877945,2,385.238718,scenario_000,medium
9968,353,7.977729,0.242429,0.245296,0,382.088804,scenario_000,medium
9969,353,1.363332,0.665256,0.532303,1,356.569253,scenario_000,short
9970,353,12.003559,0.462934,0.832722,0,402.251641,scenario_000,medium
9971,353,1.392359,0.626115,0.575872,0,358.311296,scenario_000,short
9972,354,1.932655,0.343344,0.563656,1,358.059486,scenario_000,short
9973,354,2.501086,0.831502,0.673655,0,364.963273,scenario_000,short
9974,354,11.863806,0.479406,0.414546,0,400.118802,scenario_000,medium
9975,354,5.460301,0.730712,0.702572,2,363.215489,scenario_000,medium
9976,354,17.006043,0.714074,0.967743,2,378.947219,scenario_000,long
9977,354,1.992354,0.302465,0.345093,0,361.671909,scenario_000,short
9978,354,7.972548,0.933829,1.0,0,385.77114,scenario_000,medium
9979,354,1.819606,0.525518,0.545321,0,358.845655,scenario_000,short
9980,354,6.62248,0.856144,0.850636,2,366.570078,scenario_000,medium
9981,354,12.988329,0.534607,0.341113,0,406.794793,scenario_000,medium
9982,354,2.858234,0.249935,0.518748,2,359.617735,scenario_000,short
9983,354,1.778487,0.716677,0.594706,2,357.523965,scenario_000,short
9984,354,1.043966,0.248271,0.499267,0,357.073203,scenario_000,short
9985,354,1.897346,0.119705,0.163415,2,357.923853,scenario_000,short
9986,354,13.761364,0.461929,0.415295,0,416.126023,scenario_000,medium
9987,354,15.928279,0.52638,0.588292,0,425.845699,scenario_000,medium
9988,354,1.941753,0.420296,0.380756,0,361.868774,scenario_000,short
9989,354,25.039,0.810808,0.604598,2,386.879116,scenario_000,long
9990,354,1.613095,0.445064,0.339637,0,358.755243,scenario_000,short
9991,354,8.31289,0.421492,0.463542,0,385.168101,scenario_000,medium
9992,354,23.562336,0.793495,0.683815,0,445.947494,scenario_000,medium
9993,354,24.761457,0.233443,0.250638,0,417.396008,scenario_000,medium
9994,354,17.557369,0.296933,0.810292,0,400.300967,scenario_000,long
9995,354,1.522403,0.820765,1.0,0,357.958686,scenario_000,short
9996,354,2.217494,0.232518,0.515368,0,363.712995,scenario_000,short
9997,354,13.202318,0.359129,0.433166,2,381.143586,scenario_000,medium
9998,354,1.928555,0.301883,0.385431,1,358.82189,scenario_000,short
9999,354,1.886989,0.071852,0.525862,0,360.272475,scenario_000,short
10000,354,16.847613,0.352173,0.317404,1,397.270795,scenario_000,long
10001,354,1.43834,0.107531,0.402242,2,356.001036,scenario_000,short
10002,354,2.052576,0.569227,1.0,1,359.905387,scenario_000,short
10003,354,1.581467,0.297895,0.430775,1,357.605411,scenario_000,short
10004,354,1.474742,0.75534,0.971059,2,356.570964,scenario_000,short
10005,354,2.348818,0.466174,0.640181,0,362.501478,scenario_000,short
10006,354,1.391574,0.438783,0.492003,1,356.518143,scenario_000,short
10007,354,7.863823,0.597272,0.626113,0,384.906771,scenario_000,medium
10008,354,15.677767,0.199512,0.369351,1,381.931253,scenario_000,medium
10009,354,14.522757,0.71592,0.7757,2,376.822277,scenario_000,medium
10010,354,1.905322,0.39217,0.524378,1,357.559891,scenario_000,short
10011,355,13.424086,0.143818,0.539211,2,376.602237,scenario_000,medium
10012,355,1.360915,0.372525,0.352636,0,360.741958,scenario_000,short
10013,355,2.589472,0.055855,0.381454,2,359.837878,scenario_000,short
10014,355,1.727513,0.061922,0.150092,1,359.444006,scenario_000,short
10015,355,2.351615,0.154772,0.338424,0,364.505106,scenario_000,short
10016,355,1.653415,0.718984,0.696909,2,357.24708,scenario_000,short
10017,355,16.28062,0.981237,0.872743,1,390.675386,scenario_000,long
10018,355,16.734894,0.31402,0.353507,2,378.063996,scenario_000,medium
10019,355,29.429662,0.827228,0.717882,0,485.850437,scenario_000,long
10020,355,10.454811,0.53458,0.315688,1,376.576276,scenario_000,medium
10021,355,1.942045,0.683061,1.0,2,357.802505,scenario_000,short
10022,355,16.252094,0.747685,0.768448,0,408.920174,scenario_000,medium
10023,355,11.500684,0.307217,0.691709,0,406.748506,scenario_000,medium
10024,355,16.999963,0.940738,0.852469,0,427.726969,scenario_000,long
10025,355,2.032362,0.364706,0.417473,1,359.513623,scenario_000,short
10026,355,16.149194,0.255697,0.894458,0,397.339181,scenario_000,medium
10027,355,1.197565,0.686607,1.0,2,356.960082,scenario_000,short
10028,355,1.403346,0.194201,0.456046,2,357.838957,scenario_000,short
10029,355,11.780818,0.374272,0.624814,1,381.109301,scenario_000,medium
10030,355,2.102078,0.234515,0.166126,2,358.96093,scenario_000,short
10031,355,14.031861,0.448484,0.465202,2,379.00923,scenario_000,medium
10032,355,6.850534,0.586268,0.841661,1,373.573247,scenario_000,medium
10033,355,2.528389,0.565543,0.469134,0,364.547195,scenario_000,short
10034,355,22.365092,0.604692,0.669542,0,452.008732,scenario_000,long
10035,355,1.348035,0.33746,0.308357,2,357.254112,scenario_000,short
10036,355,12.04649,0.633964,0.744039,0,397.468971,scenario_000,medium
10037,355,10.133426,0.478721,0.725164,2,370.17964,scenario_000,medium
10038,355,1.325754,0.58101,0.603839,0,360.985198,scenario_000,short
10039,355,12.098717,0.153481,0.404308,0,395.857291,scenario_000,medium
10040,355,1.590315,0.06324,0.540106,0,360.334736,scenario_000,short
10041,355,1.297144,0.396452,0.463502,2,356.793891,scenario_000,short
10042,355,1.610053,0.512845,0.470967,0,359.815095,scenario_000,short
10043,355,1.484086,0.051954,0.241487,2,357.692683,scenario_000,short
10044,355,1.122289,0.314098,0.510108,0,359.522863,scenario_000,short
10045,355,1.684945,0.102622,0.134046,1,359.425528,scenario_000,short
10046,355,9.4689,0.393137,0.340159,2,372.922639,scenario_000,medium
10047,355,1.44644,0.630609,0.800277,0,359.876122,scenario_000,short
10048,355,2.117384,0.198269,0.630104,0,361.836804,scenario_000,short
10049,355,1.408067,0.521043,0.555982,2,357.227248,scenario_000,short
10050,355,1.395808,0.087031,0.246165,1,358.670723,scenario_000,short
10051,355,1.357198,0.102221,0.077352,2,357.618586,scenario_000,short
10052,355,3.210816,0.530662,0.450407,0,369.231283,scenario_000,short
10053,355,23.811915,0.713847,0.927551,0,415.786406,scenario_000,medium
10054,355,12.087446,0.331731,0.840658,2,376.342271,scenario_000,medium
10055,355,14.854239,0.143535,0.747523,0,395.593224,scenario_000,medium
10056,356,1.400605,0.225891,0.263974,2,358.399093,scenario_000,short
10057,356,13.944052,0.427423,0.50758,1,383.00005,scenario_000,medium
10058,356,1.894994,0.36968,0.368421,2,359.117448,scenario_000,short
10059,356,2.028255,0.177698,0.101588,0,364.097493,scenario_000,short
10060,356,1.331365,0.234959,0.228414,2,358.063425,scenario_000,short
10061,356,8.679919,0.499464,0.438182,1,375.823496,scenario_000,medium
10062,356,14.166398,0.361676,0.389309,2,378.576267,scenario_000,medium
10063,356,1.816515,0.774118,0.603167,0,363.66336,scenario_000,short
10064,356,17.76442,0.789842,0.773413,0,403.758227,scenario_000,medium
10065,356,8.463035,1.0,0.68445,0,394.135297,scenario_000,medium
10066,356,1.257868,0.679489,0.619076,2,358.139998,scenario_000,short
10067,356,2.117522,0.26026,0.323961,0,362.902013,scenario_000,short
10068,356,1.748406,0.377734,0.819602,0,361.488241,scenario_000,short
10069,356,12.89667,0.453875,0.429589,1,394.770251,scenario_000,medium
10070,356,10.42907,0.512135,0.359589,2,374.063834,scenario_000,medium
10071,356,14.177316,0.559036,0.68389,0,403.581312,scenario_000,medium
10072,356,1.350449,0.604964,0.692713,0,360.541844,scenario_000,short
10073,356,1.970339,0.350198,0.817087,2,359.505262,scenario_000,short
10074,356,1.511045,0.556778,0.488235,2,358.03284,scenario_000,short
10075,356,3.414507,0.275325,0.400246,0,366.439232,scenario_000,short
10076,356,1.767287,0.360333,0.338545,2,358.463974,scenario_000,short
10077,356,11.238377,0.893079,0.891914,1,386.231232,scenario_000,long
10078,356,1.171586,0.662584,0.738731,2,357.421258,scenario_000,short
10079,356,2.46146,0.375534,0.352588,0,366.953941,scenario_000,short
10080,356,1.891834,0.387815,0.373581,0,362.844461,scenario_000,short
10081,356,2.416607,0.147059,0.547672,2,359.794449,scenario_000,short
10082,356,1.367412,0.276892,0.164198,0,360.154712,scenario_000,short
10083,356,1.920777,0.330643,0.514009,0,362.972396,scenario_000,short
10084,356,16.526856,0.92488,0.617252,0,411.853096,scenario_000,long
10085,356,2.28437,0.081881,0.201651,0,363.846593,scenario_000,short
10086,356,1.678727,0.458692,0.469674,2,357.994263,scenario_000,short
10087,356,1.247364,0.083827,0.106405,1,358.851174,scenario_000,short
10088,356,1.927161,0.403758,0.507143,1,360.094657,scenario_000,short
10089,356,1.330618,0.554159,0.507493,2,358.234454,scenario_000,short
10090,356,1.954402,0.145101,0.05,0,362.379761,scenario_000,short
10091,356,9.689086,0.608777,0.493859,2,370.182642,scenario_000,medium
10092,356,1.559598,0.183431,0.29964,2,357.818737,scenario_000,short
10093,356,1.503323,0.687281,0.633707,1,359.473697,scenario_000,short
10094,356,1.775022,0.101489,0.671521,2,358.472904,scenario_000,short
10095,356,1.734759,0.190661,0.320319,0,360.828203,scenario_000,short
10096,356,1.913683,0.144692,0.229265,0,362.580691,scenario_000,short
10097,357,2.59691,0.257308,0.596123,0,363.612357,scenario_000,short
10098,357,7.111993,0.192625,0.746469,0,375.125489,scenario_000,medium
10099,357,2.198555,0.334733,0.330923,2,360.124273,scenario_000,short
10100,357,10.842935,0.322387,0.442493,2,376.946917,scenario_000,medium
10101,357,23.576018,0.390022,0.443088,0,459.069569,scenario_000,medium
10102,357,1.302685,0.288758,0.115849,0,360.626818,scenario_000,short
10103,357,1.536357,0.245868,0.625336,2,359.741246,scenario_000,short
10104,357,1.718163,0.077866,0.185001,0,362.980162,scenario_000,short
10105,357,1.634593,0.318461,0.491938,1,361.792826,scenario_000,short
10106,357,1.519838,0.79066,0.652696,1,359.796516,scenario_000,short
10107,357,2.171224,0.195241,0.520235,0,364.258314,scenario_000,short
10108,357,2.081591,0.415812,0.632234,0,362.56085,scenario_000,short
10109,357,1.853438,0.587375,0.526656,2,359.886986,scenario_000,short
10110,357,1.948724,0.611533,0.562396,2,360.359297,scenario_000,short
10111,357,15.967697,0.669256,0.70248,0,412.632735,scenario_000,medium
10112,357,8.229594,0.681131,0.538549,1,373.412563,scenario_000,medium
10113,357,1.986001,0.446259,0.365579,2,360.292342,scenario_000,short
10114,357,6.968854,0.667478,0.702171,0,386.847097,scenario_000,medium
10115,357,1.552415,0.065579,0.194524,1,360.319314,scenario_000,short
10116,357,15.195778,0.994964,0.981677,0,407.132605,scenario_000,medium
10117,357,2.1457,0.286307,0.286829,0,364.714865,scenario_000,short
10118,357,2.049861,0.229758,0.198492,0,363.229475,scenario_000,short
10119,357,10.187245,0.626885,0.908677,2,370.564243,scenario_000,medium
10120,357,12.897768,0.397964,0.917427,2,383.079582,scenario_000,medium
10121,357,2.058701,0.327929,0.535282,0,365.637916,scenario_000,short
10122,357,2.322675,0.324826,0.191835,0,363.643512,scenario_000,short
10123,357,13.004563,0.68756,0.654488,2,379.608095,scenario_000,medium
10124,357,2.417416,0.652559,0.764927,0,367.799893,scenario_000,short
10125,357,7.579289,0.410051,0.760755,0,381.764783,scenario_000,medium
10126,357,1.741193,0.091939,0.477605,2,359.53867,scenario_000,short
10127,357,2.075595,0.054733,0.085557,2,360.891966,scenario_000,short
10128,357,2.462269,0.357148,0.494746,1,363.12242,scenario_000,short
10129,357,1.850583,0.30489,0.424175,2,359.95536,scenario_000,short
10130,357,1.346479,0.447821,0.746413,2,359.251818,scenario_000,short
10131,357,1.178062,0.253863,0.328408,0,360.29781,scenario_000,short
10132,357,18.784171,0.762493,0.68095,0,427.017229,scenario_000,medium
10133,357,2.090484,0.213765,0.743355,0,363.362112,scenario_000,short
10134,357,1.882723,0.389708,0.496213,1,362.572998,scenario_000,short
10135,357,10.697199,0.378763,0.480193,0,390.933265,scenario_000,medium
10136,357,9.935515,0.579853,0.455047,2,369.807017,scenario_000,medium
10137,357,6.518142,0.603667,0.848658,0,376.604698,scenario_000,medium
10138,357,12.408504,0.610069,0.630628,0,398.492694,scenario_000,medium
10139,357,2.350742,0.309397,0.719816,0,364.038695,scenario_000,short
10140,357,1.538151,0.160726,0.454042,1,360.528001,scenario_000,short
10141,357,1.835221,0.725545,0.824889,2,359.854288,scenario_000,short
10142,357,14.679054,0.198561,0.22471,0,400.474381,scenario_000,medium
10143,357,1.851081,0.441576,0.546751,0,364.208071,scenario_000,short
10144,357,10.945778,0.566911,0.996415,2,375.325411,scenario_000,medium
10145,357,1.620199,0.172399,0.170315,2,359.515168,scenario_000,short
10146,357,1.705255,0.397857,0.440057,0,362.280434,scenario_000,short
10147,357,2.471652,0.622288,0.545906,1,364.803976,scenario_000,short
10148,357,15.2892,0.394346,0.503704,0,398.092746,scenario_000,medium
10149,357,13.82327,0.608461,0.762735,1,386.298154,scenario_000,medium
10150,357,11.89511,0.456743,0.57693,0,398.672282,scenario_000,long
10151,357,10.475583,0.382512,0.786644,0,403.9445,scenario_000,medium
10152,357,1.880902,0.60088,0.528587,0,362.43316,scenario_000,short
10153,358,17.629781,0.40447,0.3293,1,406.944559,scenario_000,medium
10154,358,13.070767,0.683128,0.67924,0,404.240779,scenario_000,medium
10155,358,1.517039,0.265226,0.38646,2,360.01153,scenario_000,short
10156,358,1.82268,0.66121,0.587545,0,365.091673,scenario_000,short
10157,358,1.832022,0.245545,0.219544,1,362.782664,scenario_000,short
10158,358,1.529236,0.09363,0.271794,0,361.935047,scenario_000,short
10159,358,1.533868,0.279705,0.217067,0,364.228648,scenario_000,short
10160,358,1.519778,0.323611,0.696717,1,362.25561,scenario_000,short
10161,358,1.922338,0.216495,0.685905,2,361.284629,scenario_000,short
10162,358,9.386829,0.675987,0.590744,0,388.432055,scenario_000,medium
10163,358,1.560658,0.23104,0.378003,0,364.805095,scenario_000,short
10164,358,1.424546,0.214378,0.153075,0,362.156624,scenario_000,short
10165,358,1.452639,0.223536,0.392119,2,360.256706,scenario_000,short
10166,358,1.610611,0.436074,0.624262,2,360.829545,scenario_000,short
10167,358,1.374329,0.417485,0.509945,0,363.338574,scenario_000,short
10168,358,1.62897,0.396802,0.447698,1,360.946146,scenario_000,short
10169,358,2.295037,0.149645,0.123889,0,365.453786,scenario_000,short
10170,358,1.814653,0.449076,0.878632,1,361.849958,scenario_000,short
10171,358,2.44619,0.148278,0.30108,0,366.848188,scenario_000,short
10172,358,1.243103,0.111093,0.204368,0,361.63092,scenario_000,short
10173,358,11.739911,0.648962,0.559061,2,379.671433,scenario_000,medium
10174,358,1.681435,0.094766,0.129342,0,363.819632,scenario_000,short
10175,358,9.413481,0.437314,0.944506,2,371.48738,scenario_000,long
10176,358,1.28042,0.482177,0.500458,1,361.606114,scenario_000,short
10177,358,1.710618,0.431059,0.328227,0,365.040481,scenario_000,short
10178,358,1.322571,0.687148,0.451021,0,362.301842,scenario_000,short
10179,358,11.298318,0.304109,0.447852,0,390.986181,scenario_000,medium
10180,358,1.507275,0.596814,0.539347,1,361.83408,scenario_000,short
10181,358,15.768967,0.349085,0.434007,0,417.980109,scenario_000,medium
10182,358,2.271612,0.475503,0.329763,0,364.121206,scenario_000,short
10183,358,7.298752,0.672659,0.616567,0,383.335366,scenario_000,medium
10184,358,22.299837,0.357983,0.60854,0,419.231102,scenario_000,long
10185,358,1.638758,0.348761,0.312432,1,363.034754,scenario_000,short
10186,358,1.914213,0.542461,0.322751,0,364.827208,scenario_000,short
10187,358,2.299373,0.567406,0.417578,0,365.78835,scenario_000,short
10188,358,1.721638,0.406006,0.504341,1,362.031274,scenario_000,short
10189,358,11.351028,0.226089,0.488204,1,381.961085,scenario_000,medium
10190,358,1.928471,0.257336,0.215247,2,360.948742,scenario_000,short
10191,358,2.373256,0.548856,0.634069,0,365.959603,scenario_000,short
10192,358,8.654228,0.306134,0.287833,1,373.633735,scenario_000,medium
10193,358,1.828627,0.512564,0.442956,2,360.665056,scenario_000,short
10194,358,8.374833,0.862636,1.0,0,395.719353,scenario_000,medium
10195,358,7.484306,0.8281,0.766435,1,380.432367,scenario_000,medium
10196,358,1.876219,0.281273,0.321057,2,360.989116,scenario_000,short
10197,358,1.561004,0.121509,0.442316,1,362.289794,scenario_000,short
10198,358,2.134506,0.258217,0.32325,0,367.44447,scenario_000,short
10199,358,14.380944,0.1811,0.068802,2,384.498763,scenario_000,medium
10200,358,1.882151,0.59744,0.771812,0,363.394181,scenario_000,short
10201,358,26.422978,0.914818,1.0,0,455.075052,scenario_000,medium
10202,358,1.97038,0.138735,0.103206,1,363.346887,scenario_000,short
10203,358,2.749182,0.639136,0.901452,2,361.89025,scenario_000,short
10204,358,1.458272,0.41007,0.469326,1,362.14334,scenario_000,short
10205,358,2.094551,0.578337,0.915325,2,361.144545,scenario_000,short
10206,358,15.683071,0.25019,0.295132,0,422.323673,scenario_000,medium
10207,358,9.183556,0.867005,0.784584,1,385.794736,scenario_000,medium
10208,358,1.683901,0.078084,0.124229,2,360.500522,scenario_000,short
10209,359,1.470486,0.186628,0.433867,0,364.853045,scenario_000,short
10210,359,1.452087,0.631703,0.985046,0,364.691478,scenario_000,short
10211,359,1.364431,0.053264,0.05,1,362.397141,scenario_000,short
10212,359,1.799142,0.269778,0.245427,2,361.215721,scenario_000,short
10213,359,1.55185,0.26403,0.308056,2,362.041536,scenario_000,short
10214,359,14.663911,0.312958,0.308176,0,421.415683,scenario_000,medium
10215,359,2.689965,0.623515,0.96546,1,363.846448,scenario_000,short
10216,359,1.436823,0.356272,0.423201,1,362.828492,scenario_000,short
10217,359,1.382521,0.128239,0.340021,2,361.835587,scenario_000,short
10218,359,1.803011,0.39449,0.535393,2,361.349717,scenario_000,short
10219,359,1.482788,0.424557,0.766562,0,363.844865,scenario_000,short
10220,359,16.493711,0.307894,0.462151,2,381.992911,scenario_000,medium
10221,359,1.756081,0.547211,0.665426,0,363.852276,scenario_000,short
10222,359,2.152023,0.365519,0.506734,0,365.015375,scenario_000,short
10223,359,1.265412,0.30169,0.295642,1,362.442081,scenario_000,short
10224,359,1.850252,0.592984,0.613282,0,366.650883,scenario_000,short
10225,359,1.971646,0.486147,0.659,2,362.918925,scenario_000,short
10226,359,1.761635,0.876384,0.741203,0,364.671633,scenario_000,short
10227,359,2.092204,0.649512,0.995538,1,363.050826,scenario_000,short
10228,359,1.114855,0.203021,0.465273,0,363.375958,scenario_000,short
10229,359,13.923919,0.716383,0.636273,1,385.217991,scenario_000,medium
10230,359,18.752076,0.630587,0.796008,0,407.798343,scenario_000,medium
10231,359,1.787571,0.217579,0.160844,0,364.76413,scenario_000,short
10232,359,15.320468,0.428304,0.451226,2,388.279411,scenario_000,medium
10233,359,1.28881,0.235616,0.147108,0,363.152486,scenario_000,short
10234,359,16.163378,0.994145,0.891022,2,390.85617,scenario_000,medium
10235,359,17.890644,0.502968,0.539017,0,425.638016,scenario_000,long
10236,359,2.473906,0.06536,0.144454,0,370.079396,scenario_000,short
10237,359,18.459976,0.532329,0.659907,2,388.908668,scenario_000,medium
10238,359,1.614423,0.387157,0.438694,0,365.35121,scenario_000,short
10239,359,1.649831,0.591265,0.539861,0,364.589507,scenario_000,short
10240,359,9.155178,0.704495,0.57649,2,377.808525,scenario_000,long
10241,359,20.371743,0.349482,0.373188,0,419.624284,scenario_000,medium
10242,360,1.801282,0.333298,0.226479,2,363.09939,scenario_000,short
10243,360,2.377594,0.124378,0.145275,0,367.212049,scenario_000,short
10244,360,1.287769,0.486961,0.4967,2,362.51111,scenario_000,short
10245,360,1.919418,0.208538,0.294851,1,364.026071,scenario_000,short
10246,360,1.062889,0.221994,0.356298,0,363.939744,scenario_000,short
10247,360,19.586994,0.132324,0.144756,1,396.940709,scenario_000,medium
10248,360,16.131548,0.281704,0.13067,0,430.681701,scenario_000,medium
10249,360,2.25333,0.334966,0.340171,2,363.639389,scenario_000,short
10250,360,2.368054,0.357889,0.458633,2,364.548025,scenario_000,short
10251,360,32.110831,0.629581,0.584636,0,481.951749,scenario_000,long
10252,360,1.833391,0.406583,0.388578,0,364.683523,scenario_000,short
10253,360,1.898682,0.094659,0.351245,2,362.297506,scenario_000,short
10254,360,1.874397,0.143018,0.103127,2,362.571936,scenario_000,short
10255,360,13.616811,1.0,0.840913,0,414.286257,scenario_000,medium
10256,360,2.003774,0.678213,0.889589,0,365.307193,scenario_000,short
10257,360,0.92729,0.14648,0.340413,2,361.841296,scenario_000,short
10258,360,1.600941,0.269371,0.3372,2,362.443187,scenario_000,short
10259,360,1.4276,0.367765,0.717561,2,362.636229,scenario_000,short
10260,360,1.704335,0.058951,0.227646,1,363.198587,scenario_000,short
10261,360,2.327233,0.056029,0.355788,2,364.042701,scenario_000,short
10262,360,8.174983,0.413591,0.526311,2,375.930251,scenario_000,medium
10263,360,11.922986,1.0,1.0,1,389.313437,scenario_000,medium
10264,360,20.568458,0.172617,0.257796,0,445.511889,scenario_000,medium
10265,360,1.33723,0.290569,0.519868,0,364.713843,scenario_000,short
10266,360,1.930245,0.384921,0.69202,0,366.490672,scenario_000,short
10267,360,8.73182,0.552788,0.725277,2,377.786676,scenario_000,medium
10268,360,9.749479,0.645292,0.58833,0,388.338719,scenario_000,medium
10269,360,1.695348,0.500991,1.0,2,362.263529,scenario_000,short
10270,360,18.555625,0.441924,0.514301,0,426.541337,scenario_000,medium
10271,360,2.941359,0.367303,0.412975,0,371.006402,scenario_000,short
10272,360,11.572075,0.841166,0.754668,1,396.1454,scenario_000,medium
10273,361,1.989574,0.513947,0.443106,2,364.681771,scenario_000,short
10274,361,16.949024,0.825731,0.709449,0,414.956601,scenario_000,long
10275,361,21.693009,0.77038,1.0,1,413.459053,scenario_000,long
10276,361,2.190376,0.380138,0.49916,2,365.108137,scenario_000,short
10277,361,1.398857,0.443952,0.604286,1,364.415442,scenario_000,short
10278,361,1.489845,0.335872,0.275466,1,365.603269,scenario_000,short
10279,361,2.080018,0.114027,0.375669,1,366.39422,scenario_000,short
10280,361,1.929751,0.128053,0.530071,2,364.96816,scenario_000,short
10281,361,12.189372,0.771895,0.724767,0,393.927188,scenario_000,medium
10282,361,17.292155,0.385886,0.640264,0,410.260463,scenario_000,medium
10283,361,1.99929,0.420941,0.624468,2,364.0245,scenario_000,short
10284,361,5.975978,0.705144,0.905521,0,387.343632,scenario_000,medium
10285,361,2.10336,0.496455,0.872589,0,366.862239,scenario_000,short
10286,361,1.804746,0.376142,0.450963,1,364.59027,scenario_000,short
10287,361,1.891005,0.088022,0.10305,0,369.433115,scenario_000,short
10288,361,1.801214,0.498317,0.658392,2,364.012371,scenario_000,short
10289,361,15.290688,0.163559,0.143718,2,391.533313,scenario_000,medium
10290,361,2.667604,0.351059,0.434552,1,368.897452,scenario_000,short
10291,361,1.390084,0.250878,0.408592,2,363.126996,scenario_000,short
10292,361,24.944235,0.535334,0.571471,1,415.132614,scenario_000,medium
10293,361,1.663434,0.064201,0.05,0,367.142611,scenario_000,short
10294,361,8.665269,0.371097,0.798225,0,390.872062,scenario_000,medium
10295,361,1.601679,0.065644,0.375304,0,366.742707,scenario_000,short
10296,361,12.574269,0.215423,0.177066,2,383.781471,scenario_000,medium
10297,361,1.209977,0.356727,0.325373,2,362.778512,scenario_000,short
10298,361,2.108464,0.054074,0.385123,0,369.750911,scenario_000,short
10299,361,1.831201,0.238496,0.22148,1,365.628413,scenario_000,short
10300,361,1.54653,0.449489,0.29732,2,363.951609,scenario_000,short
10301,361,1.126721,0.537637,0.898367,0,364.435387,scenario_000,short
10302,361,1.467241,0.445159,0.549669,1,364.284318,scenario_000,short
10303,361,1.496424,0.738398,0.693548,1,363.84327,scenario_000,short
10304,361,10.419954,0.351007,0.404146,0,400.120004,scenario_000,medium
10305,361,2.061545,0.746396,0.775247,0,366.95314,scenario_000,short
10306,361,13.285132,0.662362,0.815885,0,400.170919,scenario_000,medium
10307,361,1.566539,0.483809,0.56322,2,363.535883,scenario_000,short
10308,361,1.906751,0.627313,0.622787,1,365.867706,scenario_000,short
10309,361,1.887374,0.09422,0.303327,2,364.889231,scenario_000,short
10310,361,11.524547,0.134586,0.170762,2,381.733938,scenario_000,medium
10311,361,32.184198,0.969901,0.701066,2,399.697395,scenario_000,medium
10312,361,23.496045,0.952699,0.80137,1,406.190753,scenario_000,long
10313,361,1.082779,0.424481,0.411725,0,364.261706,scenario_000,short
10314,361,2.470517,0.298203,0.557114,0,372.127559,scenario_000,short
10315,361,1.683425,0.234642,0.327812,0,368.420733,scenario_000,short
10316,361,2.104762,0.152774,0.262786,2,364.156438,scenario_000,short
10317,361,2.134237,0.492996,0.80393,2,365.241083,scenario_000,short
10318,361,1.382316,0.516781,0.572385,0,366.265533,scenario_000,short
10319,361,1.854158,0.24394,0.388354,2,363.640544,scenario_000,short
10320,361,1.730866,0.439625,0.702833,2,363.967255,scenario_000,short
10321,361,1.658963,0.298046,0.382437,0,367.157327,scenario_000,short
10322,361,10.509064,0.462611,0.429981,1,382.642964,scenario_000,medium
10323,361,1.780129,0.367874,0.424828,2,364.470169,scenario_000,short
10324,361,11.778874,0.33779,0.568259,1,386.271618,scenario_000,medium
10325,361,8.665065,0.581979,0.547283,0,385.06695,scenario_000,medium
10326,361,1.45327,0.442599,0.505547,2,363.540193,scenario_000,short
10327,361,13.681381,0.292839,0.214175,2,387.865324,scenario_000,medium
10328,362,1.548993,0.405849,0.478061,0,365.993134,scenario_000,short
10329,362,11.475738,0.198778,0.327119,0,393.722547,scenario_000,medium
10330,362,1.109838,0.212488,0.130311,0,364.887095,scenario_000,short
10331,362,7.157776,0.92727,1.0,0,381.185369,scenario_000,medium
10332,362,2.094627,0.773953,0.632908,0,371.451713,scenario_000,short
10333,362,1.57372,0.458952,0.465793,0,369.020655,scenario_000,short
10334,362,1.922806,0.367608,0.797503,0,370.052725,scenario_000,short
10335,362,1.50221,0.308716,0.376178,0,366.500644,scenario_000,short
10336,362,1.95787,0.421634,0.540718,2,364.498641,scenario_000,short
10337,362,1.558711,0.42235,0.308476,0,366.045957,scenario_000,short
10338,362,2.071149,0.25291,0.273969,0,369.246154,scenario_000,short
10339,362,10.418593,0.271463,0.367751,2,377.619545,scenario_000,medium
10340,362,2.245795,0.271471,0.283039,0,369.976137,scenario_000,short
10341,362,10.137154,0.648606,0.617052,1,381.363236,scenario_000,medium
10342,362,1.339989,0.341704,0.574156,2,364.026564,scenario_000,short
10343,362,1.859047,0.516592,0.536659,0,369.133074,scenario_000,short
10344,362,1.414675,0.403179,0.231524,1,364.822194,scenario_000,short
10345,362,1.725081,0.174112,0.484921,1,365.805409,scenario_000,short
10346,362,1.18369,0.657715,0.582339,1,364.881164,scenario_000,short
10347,362,2.579487,0.068202,0.05,0,370.898895,scenario_000,short
10348,362,11.613714,0.380425,0.313889,2,378.459393,scenario_000,medium
10349,362,1.967187,0.684883,0.691373,0,370.628804,scenario_000,short
10350,362,1.631286,0.664752,0.713437,0,368.040966,scenario_000,short
10351,362,1.887801,0.365011,0.42278,2,364.568429,scenario_000,short
10352,362,2.477311,0.834069,0.921077,0,373.014487,scenario_000,short
10353,362,8.435255,0.193473,0.528519,1,383.688287,scenario_000,medium
10354,362,1.875481,0.592666,0.570388,0,369.980718,scenario_000,short
10355,362,2.500496,0.051784,0.182711,2,366.207899,scenario_000,short
10356,362,10.546543,0.379462,0.374198,0,400.037192,scenario_000,medium
10357,362,6.655929,0.361213,0.266038,1,381.80012,scenario_000,medium
10358,362,10.609817,0.469182,0.494011,1,390.70076,scenario_000,medium
10359,362,12.217589,0.761903,1.0,0,398.865113,scenario_000,medium
10360,362,1.583666,0.125224,0.566055,2,364.061881,scenario_000,short
10361,363,1.868091,0.218745,0.687042,2,365.776209,scenario_000,short
10362,363,12.667155,1.0,0.816212,1,389.127137,scenario_000,long
10363,363,12.748025,0.725487,1.0,0,396.966765,scenario_000,medium
10364,363,1.269539,0.573442,0.702247,1,365.428166,scenario_000,short
10365,363,1.39849,0.07802,0.58764,0,368.978515,scenario_000,short
10366,363,19.954903,1.0,0.906167,2,395.183472,scenario_000,medium
10367,363,6.646145,0.168391,0.295841,0,386.777034,scenario_000,medium
10368,363,7.073729,0.435735,0.371469,2,374.325903,scenario_000,medium
10369,363,6.409673,0.414037,0.352743,1,375.110334,scenario_000,medium
10370,363,22.955544,0.406655,0.671159,1,423.939994,scenario_000,medium
10371,363,14.397843,0.227515,0.283655,2,379.990146,scenario_000,medium
10372,363,13.686046,0.947207,0.634527,2,389.873583,scenario_000,medium
10373,363,1.677959,0.089196,0.231847,0,368.184742,scenario_000,short
10374,363,9.903252,0.123002,0.167326,0,404.329357,scenario_000,medium
10375,363,18.836033,0.891843,1.0,1,398.694805,scenario_000,long
10376,363,10.827836,0.391184,0.426055,0,393.107677,scenario_000,medium
10377,363,6.933494,0.57012,0.65412,0,392.759755,scenario_000,medium
10378,363,2.29239,0.414979,0.607519,1,367.480197,scenario_000,short
10379,363,2.32139,0.74344,0.839209,2,366.239415,scenario_000,short
10380,363,8.757285,0.380951,0.360424,0,395.546769,scenario_000,medium
10381,363,8.250706,0.802988,0.749347,1,384.385086,scenario_000,medium
10382,363,14.419506,0.182472,0.127552,0,424.535688,scenario_000,medium
10383,363,1.764935,0.411818,0.505917,0,369.838136,scenario_000,short
10384,363,11.125072,0.555408,0.823687,1,382.832703,scenario_000,medium
10385,363,1.302904,0.30012,0.371511,1,366.028641,scenario_000,short
10386,363,1.482118,0.863382,0.741386,2,364.911596,scenario_000,short
10387,363,15.913341,0.51071,0.334165,0,425.123856,scenario_000,long
10388,363,1.647615,0.213171,0.31994,2,365.238926,scenario_000,short
10389,363,1.313071,0.288206,0.325551,0,368.09391,scenario_000,short
10390,363,2.528525,0.153279,0.395709,0,369.538974,scenario_000,short
10391,363,18.448297,0.440434,0.441382,2,392.766398,scenario_000,medium
10392,363,1.506953,0.057807,0.202754,2,366.110887,scenario_000,short
10393,363,9.88577,0.299472,0.384618,1,386.723572,scenario_000,medium
10394,363,1.642525,0.326678,0.905507,2,365.359664,scenario_000,short
10395,363,12.242592,0.608647,1.0,0,416.154,scenario_000,medium
10396,363,2.508694,0.388161,0.521287,0,370.086961,scenario_000,short
10397,363,1.358372,0.422059,0.577964,0,367.201628,scenario_000,short
10398,363,2.061698,0.187541,0.627426,1,366.80089,scenario_000,short
10399,363,1.753794,0.783506,0.889662,1,366.87013,scenario_000,short
10400,363,2.005785,0.649332,0.483308,0,370.537971,scenario_000,short
10401,363,21.595317,1.0,1.0,0,458.337446,scenario_000,long
10402,363,1.977144,0.359686,0.718669,1,366.85441,scenario_000,short
10403,363,2.145927,0.104476,0.477662,2,366.207385,scenario_000,short
10404,363,1.718084,0.630502,0.796463,2,365.843388,scenario_000,short
10405,363,11.824799,0.48812,0.537639,0,400.30949,scenario_000,medium
10406,363,1.739347,0.054666,0.083872,0,367.887271,scenario_000,short
10407,364,1.519534,0.214868,0.430834,0,369.451065,scenario_000,short
10408,364,2.645552,0.332281,0.294333,0,373.060032,scenario_000,short
10409,364,14.881981,0.953432,1.0,1,398.784225,scenario_000,medium
10410,364,2.106855,0.666655,0.421409,2,368.331293,scenario_000,short
10411,364,9.988272,0.246213,0.410789,0,394.675241,scenario_000,medium
10412,364,1.235356,0.290798,0.647184,0,368.862353,scenario_000,short
10413,364,2.582276,0.09292,0.534851,0,371.709724,scenario_000,short
10414,364,2.572661,0.154868,0.497947,0,373.299354,scenario_000,short
10415,364,2.542384,0.425955,0.521615,0,370.708329,scenario_000,short
10416,364,2.024809,0.396098,0.385026,2,367.969392,scenario_000,short
10417,364,11.31092,0.329637,0.516526,0,410.114916,scenario_000,medium
10418,364,8.208667,0.964651,0.846417,0,394.414372,scenario_000,medium
10419,364,1.811096,0.083893,0.612449,0,371.773834,scenario_000,short
10420,364,2.332198,0.279633,0.564928,0,374.357117,scenario_000,short
10421,364,1.619592,0.354842,0.437346,0,370.804958,scenario_000,short
10422,364,25.952853,0.687326,0.753477,2,412.993931,scenario_000,medium
10423,364,1.471515,0.346103,0.409944,1,368.530084,scenario_000,short
10424,364,1.893808,0.497409,0.591905,2,366.696868,scenario_000,short
10425,364,1.883674,0.544474,0.413691,2,366.310793,scenario_000,short
10426,364,46.763506,0.721453,0.554996,1,479.934489,scenario_000,long
10427,364,14.417681,0.157267,0.563295,0,405.976989,scenario_000,medium
10428,364,2.101505,0.433985,0.862921,0,372.671402,scenario_000,short
10429,364,18.948705,0.150885,0.224479,1,417.083,scenario_000,medium
10430,364,1.655291,0.402644,0.431596,0,371.386989,scenario_000,short
10431,364,1.172699,0.188512,0.221401,2,365.841475,scenario_000,short
10432,364,2.120466,0.391279,0.546656,1,368.345856,scenario_000,short
10433,364,12.947323,1.0,0.832968,1,389.69187,scenario_000,long
10434,364,16.338435,0.959091,0.716057,0,417.223879,scenario_000,medium
10435,364,1.642981,0.093761,0.130385,1,368.978378,scenario_000,short
10436,364,14.852587,0.603173,0.585882,2,390.297688,scenario_000,medium
10437,364,14.164644,1.0,0.925976,2,382.741618,scenario_000,medium
10438,364,1.791137,0.427124,0.638714,2,366.231612,scenario_000,short
10439,364,1.926283,0.814241,0.67592,0,372.067096,scenario_000,short
10440,364,8.048083,0.447334,0.541376,0,385.663929,scenario_000,medium
10441,364,1.617997,0.684685,0.772802,2,366.973156,scenario_000,short
10442,364,7.849201,0.628875,0.680695,0,385.360504,scenario_000,medium
10443,364,1.852831,0.198238,0.163258,0,370.89698,scenario_000,short
10444,364,14.612024,0.58832,0.355884,2,387.706701,scenario_000,medium
10445,364,15.557024,0.515662,0.656935,2,389.397197,scenario_000,medium
10446,364,1.381118,0.568593,0.562881,0,369.656884,scenario_000,short
10447,364,12.524961,0.56345,0.53837,1,399.333699,scenario_000,long
10448,364,1.611448,0.377537,0.527513,0,368.704693,scenario_000,short
10449,364,9.672377,0.129714,0.442895,0,400.503004,scenario_000,medium
10450,364,1.798535,0.394614,0.307902,0,371.364704,scenario_000,short
10451,364,24.580704,0.362022,0.393267,0,429.16588,scenario_000,medium
10452,364,12.526101,0.430396,0.761957,2,383.636458,scenario_000,medium
10453,364,20.664509,0.686162,1.0,2,401.549301,scenario_000,medium
10454,364,12.05423,0.500745,0.654158,2,379.807493,scenario_000,medium
10455,364,7.423903,0.545989,0.648336,0,395.101541,scenario_000,medium
10456,364,15.581828,0.333164,0.29403,2,389.967981,scenario_000,medium
10457,364,19.410616,0.780962,0.804155,0,447.007357,scenario_000,medium
10458,364,13.597326,0.778376,0.68872,0,423.100113,scenario_000,medium
10459,364,1.88938,0.222012,0.240112,1,368.218863,scenario_000,short
10460,365,1.525625,0.189582,0.699632,2,367.79353,scenario_000,short
10461,365,1.585736,0.222383,0.612465,0,369.587541,scenario_000,short
10462,365,1.931764,0.158929,0.73334,2,367.684303,scenario_000,short
10463,365,1.554037,0.246759,0.526164,2,368.212526,scenario_000,short
10464,365,21.839726,0.669734,0.751098,0,441.429528,scenario_000,medium
10465,365,16.078055,0.856824,1.0,2,396.185575,scenario_000,medium
10466,365,1.925867,0.365807,0.435291,2,367.337595,scenario_000,short
10467,365,2.067251,0.522338,0.620418,0,371.137145,scenario_000,short
10468,365,2.097102,0.628123,0.616929,2,368.465263,scenario_000,short
10469,365,3.041414,0.613362,0.757248,2,370.1411,scenario_000,short
10470,365,1.219764,0.602406,0.578902,2,366.622409,scenario_000,short
10471,365,2.022993,0.54879,0.406289,1,370.677521,scenario_000,short
10472,365,8.687164,0.663664,0.551265,1,381.748755,scenario_000,medium
10473,365,1.762667,0.118435,0.117869,0,372.724097,scenario_000,short
10474,365,12.333374,0.592003,0.731561,0,398.930543,scenario_000,medium
10475,365,16.445465,0.124899,0.276498,2,387.055107,scenario_000,medium
10476,365,10.59972,0.607493,0.549882,2,386.802922,scenario_000,medium
10477,365,8.790952,0.455688,0.671848,1,385.491647,scenario_000,medium
10478,365,14.271492,0.259937,0.601084,0,428.229454,scenario_000,medium
10479,365,6.430158,0.375374,0.33834,1,381.579518,scenario_000,medium
10480,365,1.625866,0.503377,0.386754,0,371.74417,scenario_000,short
10481,365,1.6142,0.186211,0.50222,0,370.648262,scenario_000,short
10482,365,1.77272,0.153493,0.108849,1,368.348668,scenario_000,short
10483,365,8.188732,1.0,0.8903,2,380.535961,scenario_000,medium
10484,365,1.196132,0.117887,0.214503,2,367.137017,scenario_000,short
10485,365,1.80557,0.705803,0.740378,1,369.632407,scenario_000,short
10486,365,2.276659,0.440599,0.498963,0,370.788358,scenario_000,short
10487,365,20.630498,0.642062,0.83788,2,389.363654,scenario_000,long
10488,365,2.096353,0.374025,0.302499,2,367.486837,scenario_000,short
10489,365,18.423082,0.440029,0.385707,2,397.859659,scenario_000,medium
10490,365,1.679266,0.395858,0.336283,2,367.384047,scenario_000,short
10491,365,14.711916,0.272857,0.321304,2,387.590152,scenario_000,medium
10492,365,10.640104,0.491279,0.333581,2,384.051075,scenario_000,medium
10493,365,9.738515,0.590622,0.875767,0,404.94272,scenario_000,medium
10494,365,13.335246,0.708288,0.68064,0,422.293965,scenario_000,medium
10495,365,9.099214,0.493888,0.937677,2,382.086443,scenario_000,medium
10496,365,1.277305,0.430928,0.468403,2,367.061254,scenario_000,short
10497,365,2.020491,0.204231,0.093034,0,371.624903,scenario_000,short
10498,365,17.44674,1.0,0.909747,0,424.790856,scenario_000,medium
10499,365,2.118393,0.558677,0.455541,0,374.245172,scenario_000,short
10500,365,2.203251,0.182771,0.346858,0,372.033979,scenario_000,short
10501,365,2.560982,0.334857,0.513159,2,369.206452,scenario_000,short
10502,365,17.719662,0.638295,1.0,0,421.115843,scenario_000,medium
10503,365,9.57845,0.45541,0.27846,2,380.575057,scenario_000,medium
10504,365,1.212875,0.540989,0.439265,0,368.210695,scenario_000,short
10505,365,2.224221,0.519738,0.953541,2,368.189741,scenario_000,short
10506,365,1.991439,0.186651,0.437526,0,373.520368,scenario_000,short
10507,365,15.528045,0.491034,0.405631,1,410.775478,scenario_000,medium
10508,365,1.407253,0.336179,0.438577,0,370.564295,scenario_000,short
10509,365,1.348566,0.246551,0.320766,0,370.789462,scenario_000,short
10510,365,7.10136,1.0,1.0,0,388.860399,scenario_000,medium
10511,365,11.741397,0.503116,0.776745,1,396.602084,scenario_000,medium
10512,365,1.441379,0.148754,0.440891,0,370.37852,scenario_000,short
10513,365,1.307778,0.071115,0.138422,1,368.57129,scenario_000,short
10514,365,11.783443,0.488204,0.889953,2,380.520326,scenario_000,medium
10515,365,1.825671,0.349446,0.231492,2,368.723897,scenario_000,short
10516,365,2.064442,0.373141,0.779681,0,373.080416,scenario_000,short
10517,366,1.985965,0.107143,0.067934,2,369.558459,scenario_000,short
10518,366,1.938212,0.573283,0.697849,2,368.482348,scenario_000,short
10519,366,2.059066,0.386462,0.524485,2,368.630699,scenario_000,short
10520,366,20.210268,0.386782,0.447159,0,448.482689,scenario_000,medium
10521,366,1.761137,0.344161,0.403657,0,373.421891,scenario_000,short
10522,366,2.021969,0.163713,0.230734,0,374.064268,scenario_000,short
10523,366,2.120237,0.13398,0.197553,0,374.468173,scenario_000,short
10524,366,2.220848,0.475169,0.313044,0,372.381553,scenario_000,short
10525,366,1.971082,0.430614,0.59653,0,373.290218,scenario_000,short
10526,366,1.682084,0.297507,0.396079,0,371.46963,scenario_000,short
10527,366,2.097394,0.48203,0.446927,0,372.631656,scenario_000,short
10528,366,1.69418,0.418125,0.538576,1,369.023363,scenario_000,short
10529,366,1.653235,0.218498,0.260482,0,372.155939,scenario_000,short
10530,366,1.819956,0.07735,0.322369,0,371.573723,scenario_000,short
10531,366,1.779742,0.181413,0.687932,0,372.153692,scenario_000,short
10532,366,1.41189,0.416641,0.482294,1,368.950909,scenario_000,short
10533,366,2.08012,0.602698,0.876415,2,369.435547,scenario_000,short
10534,366,1.847887,0.622049,0.83252,2,369.261034,scenario_000,short
10535,366,1.5344,0.333684,0.377655,2,368.688987,scenario_000,short
10536,366,2.327354,0.229173,0.759691,1,371.725713,scenario_000,short
10537,366,15.336926,0.270845,0.39467,2,396.884059,scenario_000,medium
10538,366,1.750124,0.115306,0.134456,0,370.447811,scenario_000,short
10539,366,1.68419,0.79813,0.959372,1,369.807728,scenario_000,short
10540,366,1.920701,0.401396,1.0,0,371.744711,scenario_000,short
10541,366,2.290733,0.433695,0.919188,2,369.128219,scenario_000,short
10542,366,1.382571,0.458011,0.839521,0,370.357499,scenario_000,short
10543,366,20.093744,0.563208,0.696268,0,454.7534,scenario_000,medium
10544,366,1.641916,0.278317,0.501526,0,370.614893,scenario_000,short
10545,366,2.171471,0.601714,0.702677,1,372.708804,scenario_000,short
10546,366,1.267897,0.419733,0.6515,0,370.099396,scenario_000,short
10547,366,11.45986,0.540749,0.770506,1,396.622078,scenario_000,medium
10548,366,9.351406,0.133601,0.43183,0,403.881048,scenario_000,medium
10549,366,1.753926,0.302508,0.497666,2,368.244853,scenario_000,short
10550,366,13.185191,0.258653,0.696102,0,401.908037,scenario_000,medium
10551,366,2.374346,0.070388,0.122979,2,369.624473,scenario_000,short
10552,366,17.464378,0.333275,0.493953,1,420.738427,scenario_000,long
10553,366,1.668739,0.055651,0.392174,0,371.608282,scenario_000,short
10554,366,1.592673,0.722235,0.707477,0,372.759475,scenario_000,short
10555,366,2.283005,0.125942,0.224199,2,370.379547,scenario_000,short
10556,366,18.595632,1.0,1.0,2,399.878342,scenario_000,medium
10557,366,2.061805,0.575205,0.528059,0,371.778515,scenario_000,short
10558,366,1.569523,0.250871,0.566745,2,368.2313,scenario_000,short
10559,366,1.825584,0.603034,0.684702,0,373.265439,scenario_000,short
10560,366,9.856901,0.80462,0.608517,0,400.208853,scenario_000,medium
10561,366,1.195168,0.360277,0.413354,0,371.314941,scenario_000,short
10562,367,1.382222,0.396984,0.810622,1,370.444688,scenario_000,short
10563,367,1.879241,0.433305,0.447048,1,371.849959,scenario_000,short
10564,367,2.306999,0.065541,0.396736,0,374.102804,scenario_000,short
10565,367,2.288798,0.102855,0.223938,1,373.812976,scenario_000,short
10566,367,1.416308,0.117018,0.572516,2,369.62494,scenario_000,short
10567,367,1.683119,0.186942,0.339546,0,372.781585,scenario_000,short
10568,367,2.430124,0.215316,0.437721,2,371.650147,scenario_000,short
10569,367,17.921222,0.472696,0.469647,1,403.707436,scenario_000,long
10570,367,2.410861,0.179812,0.411827,0,375.172239,scenario_000,short
10571,367,1.943794,0.346318,0.353066,0,375.243491,scenario_000,short
10572,367,2.000055,0.358071,0.320186,2,370.74261,scenario_000,short
10573,367,1.541554,0.236846,0.169231,2,369.215229,scenario_000,short
10574,367,1.505126,0.101099,0.097952,0,373.683561,scenario_000,short
10575,367,6.706467,0.574855,0.939392,0,395.700648,scenario_000,medium
10576,367,1.920098,0.326236,0.502579,0,372.393053,scenario_000,short
10577,367,18.942797,0.612971,0.764717,2,394.23077,scenario_000,medium
10578,367,11.53232,1.0,1.0,0,403.751393,scenario_000,medium
10579,367,2.071635,0.142658,0.255221,0,372.473006,scenario_000,short
10580,367,15.135199,0.482885,0.672262,1,405.767938,scenario_000,medium
10581,367,6.22728,0.518273,0.690001,0,389.862263,scenario_000,medium
10582,367,9.316621,0.473571,0.319916,2,385.309334,scenario_000,medium
10583,367,1.414589,0.354398,0.322239,0,371.272366,scenario_000,short
10584,367,21.075838,0.223361,0.272536,0,442.909261,scenario_000,medium
10585,367,1.534675,0.500864,0.824046,2,369.723389,scenario_000,short
10586,367,1.7292,0.254514,0.220858,1,370.852458,scenario_000,short
10587,367,1.699828,0.66219,0.5801,2,368.986945,scenario_000,short
10588,367,12.875894,0.95334,0.817532,2,384.105942,scenario_000,medium
10589,367,17.586081,1.0,0.816873,0,439.717647,scenario_000,medium
10590,367,9.660662,0.800587,0.835962,2,384.388573,scenario_000,medium
10591,367,1.774088,0.329457,0.475014,0,373.346291,scenario_000,short
10592,367,2.125308,0.63463,0.739476,0,373.021782,scenario_000,short
10593,367,2.138644,0.282489,0.229671,2,370.656883,scenario_000,short
10594,367,1.728012,0.405905,0.29445,1,371.122575,scenario_000,short
10595,367,6.172619,0.607613,1.0,0,392.805126,scenario_000,medium
10596,367,2.00472,0.612168,0.822304,2,370.308075,scenario_000,short
10597,367,1.871346,0.061775,0.326195,1,372.379183,scenario_000,short
10598,367,2.103863,0.248866,0.465346,0,375.945856,scenario_000,short
10599,367,4.616727,0.630028,0.728422,1,375.575536,scenario_000,medium
10600,367,1.344223,0.649637,0.659393,0,372.624002,scenario_000,short
10601,367,8.5978,0.534384,0.830724,0,398.230614,scenario_000,medium
10602,367,6.642716,0.789316,0.923578,2,375.106396,scenario_000,medium
10603,367,1.824973,0.467766,0.481407,0,372.829377,scenario_000,short
10604,367,1.739824,0.507638,0.51103,1,370.914472,scenario_000,short
10605,367,9.037317,0.873642,0.684209,1,387.812624,scenario_000,medium
10606,367,20.26353,0.477168,0.547859,0,428.194327,scenario_000,long
10607,367,1.840531,0.074027,0.5384,2,370.034801,scenario_000,short
10608,367,16.455175,0.358605,0.516192,2,391.519381,scenario_000,medium
10609,367,10.756249,0.281816,0.385657,0,401.828419,scenario_000,medium
10610,368,1.69079,0.444871,0.749944,0,373.473703,scenario_000,short
10611,368,1.810164,0.379841,0.434263,1,372.634505,scenario_000,short
10612,368,11.565457,0.903895,0.815945,2,385.87623,scenario_000,medium
10613,368,15.723505,0.864818,0.922436,2,400.172799,scenario_000,medium
10614,368,1.577056,0.519878,0.721348,0,373.64179,scenario_000,short
10615,368,2.15198,0.346979,0.33667,2,372.175831,scenario_000,short
10616,368,1.246974,0.268057,0.43964,1,371.373972,scenario_000,short
10617,368,1.612523,0.406817,0.508003,2,370.766031,scenario_000,short
10618,368,7.999846,0.173813,0.576845,0,389.661802,scenario_000,medium
10619,368,1.35288,0.3933,0.366189,1,370.535832,scenario_000,short
10620,368,10.870899,0.50588,0.506252,1,389.986555,scenario_000,medium
10621,368,1.641634,0.275804,0.234251,2,370.542605,scenario_000,short
10622,368,1.429206,0.249991,0.783289,1,371.515872,scenario_000,short
10623,368,18.82052,0.485984,0.452481,0,418.218555,scenario_000,medium
10624,368,15.257458,0.695992,0.729812,1,398.63874,scenario_000,medium
10625,368,2.201509,0.388656,0.496457,0,373.762778,scenario_000,short
10626,368,2.01517,0.628591,0.59213,0,375.199543,scenario_000,short
10627,368,2.237707,0.375168,0.827864,0,376.108992,scenario_000,short
10628,368,1.464161,0.091542,0.364054,0,373.031076,scenario_000,short
10629,368,1.51662,0.269665,0.187448,0,372.763487,scenario_000,short
10630,368,12.212406,0.63755,0.995359,2,390.59441,scenario_000,medium
10631,368,18.23795,0.798714,0.679991,2,398.246088,scenario_000,medium
10632,368,2.481984,0.605982,0.641404,0,376.503451,scenario_000,short
10633,368,11.028807,0.991508,1.0,0,397.545954,scenario_000,medium
10634,368,1.187675,0.213587,0.388813,1,370.126746,scenario_000,short
10635,368,6.761159,0.523376,0.521703,0,397.226236,scenario_000,medium
10636,368,1.947095,0.157089,0.601947,0,375.398181,scenario_000,short
10637,368,2.602604,0.29947,0.839261,2,372.890743,scenario_000,short
10638,368,1.779267,0.103376,0.233517,0,373.24575,scenario_000,short
10639,368,2.152266,0.198416,0.623247,0,374.225687,scenario_000,short
10640,368,2.719403,0.127822,0.235885,0,376.804268,scenario_000,short
10641,368,12.284577,0.864789,0.738638,0,399.741526,scenario_000,medium
10642,368,1.706771,0.078898,0.319042,0,372.742064,scenario_000,short
10643,368,10.94265,0.850309,1.0,2,385.416736,scenario_000,medium
10644,368,1.686928,0.34764,0.337574,0,372.824394,scenario_000,short
10645,368,14.512241,0.43558,0.420673,0,407.46582,scenario_000,long
10646,368,2.555164,0.25198,0.395635,2,371.258955,scenario_000,short
10647,368,12.433933,0.574382,0.72538,0,422.207225,scenario_000,medium
10648,368,10.654528,0.785806,1.0,2,389.638155,scenario_000,medium
10649,368,18.08595,0.462193,0.56918,2,398.327079,scenario_000,medium
10650,368,1.410547,0.058118,0.375292,0,372.623575,scenario_000,short
10651,368,14.555661,0.460377,0.581113,0,429.571935,scenario_000,medium
10652,368,1.652117,0.397458,0.512817,0,373.117831,scenario_000,short
10653,368,2.449979,0.095874,0.05,0,375.673036,scenario_000,short
10654,368,2.020476,0.201532,0.651888,0,376.857151,scenario_000,short
10655,368,1.479811,0.373379,0.324946,2,370.302049,scenario_000,short
10656,368,1.946456,0.412039,0.271763,1,373.579058,scenario_000,short
10657,369,1.776016,0.782053,0.72332,0,375.315166,scenario_000,short
10658,369,1.556325,0.575853,0.449014,0,374.511716,scenario_000,short
10659,369,1.74026,0.654084,1.0,0,376.745923,scenario_000,short
10660,369,17.524264,0.834209,0.878538,1,421.926205,scenario_000,medium
10661,369,1.687742,0.079527,0.337832,2,371.79236,scenario_000,short
10662,369,6.423165,0.215295,0.227663,1,381.21494,scenario_000,medium
10663,369,1.230461,0.389667,0.661459,0,372.66901,scenario_000,short
10664,369,2.121529,0.533364,0.595273,0,374.567755,scenario_000,short
10665,369,10.298189,0.6733,0.719131,0,399.037253,scenario_000,medium
10666,369,1.42229,0.517724,0.728602,0,373.157362,scenario_000,short
10667,369,1.684099,0.110128,0.328697,0,374.081314,scenario_000,short
10668,369,1.968287,0.308355,0.213432,0,377.035202,scenario_000,short
10669,369,1.401908,0.440204,0.405201,1,371.59611,scenario_000,short
10670,369,2.504831,0.472663,0.4836,0,377.157684,scenario_000,short
10671,369,14.567351,0.285625,0.386438,2,393.17673,scenario_000,medium
10672,369,7.635885,0.280108,0.324666,2,381.010121,scenario_000,medium
10673,369,20.541771,0.416735,0.499949,1,418.117704,scenario_000,medium
10674,369,18.419554,0.785353,0.833505,1,422.379045,scenario_000,long
10675,369,1.566477,0.392864,0.521354,0,375.776557,scenario_000,short
10676,369,1.793254,0.526111,1.0,0,375.653819,scenario_000,short
10677,369,15.454203,0.549747,0.542174,0,420.640556,scenario_000,medium
10678,369,1.174145,0.064237,0.139536,0,372.646605,scenario_000,short
10679,369,18.439796,0.832422,0.551271,2,396.91053,scenario_000,long
10680,369,1.828279,0.277323,0.409234,0,376.822718,scenario_000,short
10681,369,1.740397,0.316425,0.641062,0,375.904008,scenario_000,short
10682,369,1.502059,0.382568,0.546721,0,373.710772,scenario_000,short
10683,369,1.710362,0.302953,0.204159,2,371.256295,scenario_000,short
10684,369,1.885998,0.685002,0.813291,0,376.426902,scenario_000,short
10685,369,2.166765,0.308077,0.369296,1,375.201407,scenario_000,short
10686,369,11.444415,0.617765,0.569019,0,415.971096,scenario_000,medium
10687,369,2.263727,0.211216,0.198792,0,379.031629,scenario_000,short
10688,369,1.553813,0.612672,1.0,1,373.301415,scenario_000,short
10689,369,12.544566,0.512558,0.783343,0,415.265573,scenario_000,medium
10690,369,1.817219,0.431552,0.411509,1,373.592833,scenario_000,short
10691,369,1.958524,0.376032,0.529785,1,372.754862,scenario_000,short
10692,369,1.759618,0.371859,0.608307,0,374.54428,scenario_000,short
10693,369,1.47839,0.199254,0.303203,1,372.200514,scenario_000,short
10694,369,2.089617,0.158591,0.175591,2,373.273666,scenario_000,short
10695,369,1.153445,0.059318,0.473298,0,373.037036,scenario_000,short
10696,369,1.925793,0.173264,0.660334,1,374.409853,scenario_000,short
10697,369,1.985712,0.405029,0.51634,2,371.951428,scenario_000,short
10698,369,11.511738,0.911264,0.764618,1,400.789831,scenario_000,long
10699,369,1.22353,0.331593,0.497111,2,371.444094,scenario_000,short
10700,369,8.167893,0.310978,0.370065,1,385.110131,scenario_000,medium
10701,369,1.696773,0.459239,0.525819,2,371.533917,scenario_000,short
10702,369,2.672272,0.409872,0.315471,1,376.983136,scenario_000,short
10703,369,13.370087,0.39591,0.494477,2,390.904266,scenario_000,medium
10704,369,1.08788,0.09446,0.239538,2,370.985744,scenario_000,short
10705,369,1.85806,0.521653,0.56254,0,375.78075,scenario_000,short
10706,369,1.505895,0.730148,0.727119,0,372.953967,scenario_000,short
10707,370,26.761235,0.447713,0.358856,0,487.445107,scenario_000,long
10708,370,13.192238,0.542183,0.68109,2,386.323606,scenario_000,medium
10709,370,1.639993,0.586682,0.601524,1,374.090907,scenario_000,short
10710,370,2.785904,0.784839,0.543122,2,375.232373,scenario_000,short
10711,370,2.155157,0.294534,0.416134,0,376.626005,scenario_000,short
10712,370,1.180508,0.408436,0.601606,0,373.449159,scenario_000,short
10713,370,1.707706,0.528262,0.728558,0,375.96782,scenario_000,short
10714,370,21.347138,0.359702,0.435993,2,401.802031,scenario_000,medium
10715,370,1.608039,0.342246,0.578657,1,374.410191,scenario_000,short
10716,370,1.97907,0.282346,0.42658,0,375.322614,scenario_000,short
10717,370,1.849055,0.084758,0.35561,0,376.443131,scenario_000,short
10718,370,10.878037,0.623389,0.76345,0,408.988028,scenario_000,medium
10719,370,33.917272,0.495074,0.4596,1,452.40205,scenario_000,medium
10720,370,11.869567,0.775193,1.0,1,399.98936,scenario_000,medium
10721,370,13.412176,0.375899,0.416553,2,388.132213,scenario_000,medium
10722,370,1.97469,0.43663,0.464485,0,376.809696,scenario_000,short
10723,370,1.834981,0.253795,0.135415,0,375.736305,scenario_000,short
10724,370,9.109981,0.640055,0.481414,2,388.606765,scenario_000,medium
10725,370,7.175295,0.930351,0.927338,1,387.136493,scenario_000,medium
10726,370,1.215843,0.163196,0.188448,2,372.135361,scenario_000,short
10727,370,1.741548,0.323191,0.797812,1,373.312544,scenario_000,short
10728,370,1.74053,0.257067,0.188749,0,376.963251,scenario_000,short
10729,370,12.236018,0.206384,0.26423,0,414.532273,scenario_000,medium
10730,370,2.31429,0.226655,0.757317,0,377.063332,scenario_000,short
10731,370,1.818982,0.458136,0.930571,0,375.080313,scenario_000,short
10732,370,8.110014,0.670453,0.749718,1,389.950012,scenario_000,medium
10733,370,2.23496,0.47257,0.427225,1,376.818919,scenario_000,short
10734,370,17.637134,0.578533,0.623712,2,400.622693,scenario_000,medium
10735,370,2.266117,0.221931,0.154552,2,374.374149,scenario_000,short
10736,370,8.150049,0.141284,0.258595,1,392.030019,scenario_000,medium
10737,370,1.706726,0.053598,0.325735,0,375.378922,scenario_000,short
10738,370,2.249842,0.714495,0.527063,0,378.486853,scenario_000,short
10739,370,1.740448,0.364516,0.287636,0,376.347887,scenario_000,short
10740,370,27.737965,0.781882,0.635682,1,425.547087,scenario_000,long
10741,370,16.007528,0.46289,0.695161,2,401.577221,scenario_000,medium
10742,370,2.176099,0.635272,0.614093,0,376.831056,scenario_000,short
10743,370,13.999551,0.826245,0.736786,0,427.542626,scenario_000,medium
10744,370,9.262424,0.181506,0.233728,2,388.565674,scenario_000,medium
10745,370,19.736179,0.755825,0.588244,2,402.482446,scenario_000,medium
10746,370,13.929847,0.595948,0.467236,0,416.258755,scenario_000,medium
10747,370,1.705123,0.058291,0.185858,0,376.483334,scenario_000,short
10748,370,20.19998,0.883752,1.0,2,407.10283,scenario_000,medium
10749,371,7.596277,0.54398,0.524312,0,391.925153,scenario_000,medium
10750,371,1.755515,0.727281,0.63632,0,375.590094,scenario_000,short
10751,371,9.350031,0.717085,0.854278,0,398.139639,scenario_000,medium
10752,371,1.903721,0.212749,0.694093,0,376.64711,scenario_000,short
10753,371,2.46531,0.723007,0.581413,1,378.163459,scenario_000,short
10754,371,1.617063,0.420273,0.585885,1,375.369745,scenario_000,short
10755,371,1.809617,0.232158,0.510302,0,378.489949,scenario_000,short
10756,371,1.082864,0.351314,0.303364,1,373.616787,scenario_000,short
10757,371,8.738203,0.705904,0.599954,0,405.912203,scenario_000,medium
10758,371,1.914392,0.474426,0.518219,0,378.159876,scenario_000,short
10759,371,12.314583,0.532037,0.457505,0,409.977561,scenario_000,medium
10760,371,1.370505,0.128822,0.266904,0,375.235194,scenario_000,short
10761,371,1.733288,0.328044,0.275456,2,373.958025,scenario_000,short
10762,371,1.550823,0.293139,0.339785,0,376.142012,scenario_000,short
10763,371,1.453589,0.235297,0.368785,1,375.033613,scenario_000,short
10764,371,14.539126,0.695625,0.81378,0,432.869329,scenario_000,medium
10765,371,2.011111,0.625274,0.707256,0,378.548073,scenario_000,short
10766,371,1.688417,0.27201,0.496634,0,377.753504,scenario_000,short
10767,371,3.331961,0.423851,0.477625,2,377.028361,scenario_000,short
10768,371,9.067448,0.734187,0.710063,0,405.984905,scenario_000,medium
10769,371,1.288707,0.274776,0.74411,0,376.195225,scenario_000,short
10770,371,11.081715,0.443889,0.491966,2,387.531454,scenario_000,medium
10771,371,2.527731,0.298049,0.481767,2,374.680859,scenario_000,short
10772,371,9.150928,0.415064,0.641436,2,388.582824,scenario_000,medium
10773,371,6.735829,0.26676,0.471984,1,388.898866,scenario_000,medium
10774,371,13.187539,0.455425,0.414275,2,391.274363,scenario_000,medium
10775,371,2.225817,0.196974,0.194681,1,377.901859,scenario_000,short
10776,371,2.092097,0.212192,0.454028,2,373.870431,scenario_000,short
10777,371,2.045148,0.245745,0.259134,2,374.012129,scenario_000,short
10778,371,1.755169,0.370242,0.469924,0,376.321113,scenario_000,short
10779,371,1.957962,0.140981,0.26094,2,373.630322,scenario_000,short
10780,371,9.622335,0.228735,0.709867,0,401.916503,scenario_000,medium
10781,371,1.456349,0.09912,0.056449,0,376.627823,scenario_000,short
10782,371,1.686857,0.171916,0.211175,0,376.215667,scenario_000,short
10783,371,15.574639,0.82253,0.926887,2,401.616734,scenario_000,long
10784,371,12.895774,0.635281,0.62061,2,387.751499,scenario_000,medium
10785,371,1.624014,0.5875,0.581082,1,374.809355,scenario_000,short
10786,371,2.888884,0.501139,0.628405,0,378.462384,scenario_000,short
10787,371,2.324029,0.05198,0.05,0,380.896045,scenario_000,short
10788,371,1.329392,0.328563,0.338819,1,374.849662,scenario_000,short
10789,371,1.433293,0.574539,0.934458,0,375.879715,scenario_000,short
10790,371,1.710657,0.272591,0.242167,0,376.056264,scenario_000,short
10791,372,1.623719,0.553508,0.474732,0,377.182818,scenario_000,short
10792,372,16.392712,0.406278,0.424219,0,440.523431,scenario_000,medium
10793,372,2.693047,0.753898,0.841493,2,377.421713,scenario_000,short
10794,372,1.592114,0.355989,0.700302,0,376.346429,scenario_000,short
10795,372,1.764803,0.071848,0.189849,0,378.983944,scenario_000,short
10796,372,15.223454,0.420036,0.593814,1,400.514516,scenario_000,medium
10797,372,1.555231,0.340937,0.824574,1,376.449932,scenario_000,short
10798,372,12.948213,0.126761,0.332639,2,391.670778,scenario_000,medium
10799,372,1.703568,0.200931,0.221892,2,374.364539,scenario_000,short
10800,372,10.743721,0.188203,0.352886,2,387.899961,scenario_000,medium
10801,372,2.337409,0.157077,0.173256,1,377.753967,scenario_000,short
10802,372,8.37891,1.0,0.82191,0,394.440385,scenario_000,long
10803,372,16.101211,0.65402,0.988866,0,436.870492,scenario_000,medium
10804,372,7.959645,1.0,1.0,0,407.142209,scenario_000,long
10805,372,1.215761,0.50421,0.464343,1,375.034214,scenario_000,short
10806,372,2.011678,0.602788,0.756859,1,377.060802,scenario_000,short
10807,372,1.501912,0.603624,0.57132,2,374.287532,scenario_000,short
10808,372,2.340126,0.162846,0.398972,0,380.902438,scenario_000,short
10809,372,1.421702,0.120962,0.270897,0,376.797702,scenario_000,short
10810,372,1.829376,0.146153,0.254019,2,374.698727,scenario_000,short
10811,372,1.808067,0.775882,0.698238,1,376.666577,scenario_000,short
10812,372,16.136545,0.535059,0.680148,0,425.169166,scenario_000,medium
10813,372,1.185561,0.426067,0.806852,2,373.877406,scenario_000,short
10814,372,2.077613,0.101738,0.525414,0,380.904048,scenario_000,short
10815,372,1.58665,0.122442,0.756856,2,374.40237,scenario_000,short
10816,372,1.798425,0.48561,0.320798,1,375.405555,scenario_000,short
10817,372,2.548184,0.377194,0.276793,1,378.743618,scenario_000,short
10818,372,1.905443,0.397771,0.406081,1,375.435806,scenario_000,short
10819,372,8.438699,0.96194,0.743322,0,407.863737,scenario_000,long
10820,372,2.185626,0.40008,0.430642,0,380.487037,scenario_000,short
10821,372,23.571581,0.901513,0.750642,2,419.736721,scenario_000,long
10822,372,2.461161,0.60894,0.743336,2,376.250953,scenario_000,short
10823,372,1.713053,0.334043,0.604214,1,375.157842,scenario_000,short
10824,372,1.791845,0.342926,0.547388,0,378.080229,scenario_000,short
10825,372,1.503234,0.547849,0.625862,0,376.29029,scenario_000,short
10826,372,8.969234,0.158525,0.315426,2,387.396715,scenario_000,medium
10827,372,0.967962,0.468348,0.478381,1,374.483492,scenario_000,short
10828,372,1.495584,0.611331,0.889447,0,377.347314,scenario_000,short
10829,372,1.298888,0.335625,0.243352,0,377.268374,scenario_000,short
10830,372,14.325765,1.0,1.0,2,394.394168,scenario_000,medium
10831,372,2.559584,0.345087,0.214633,1,378.881387,scenario_000,short
10832,372,1.804954,0.171013,0.21202,1,377.494267,scenario_000,short
10833,372,1.937313,0.146461,0.557002,1,377.616457,scenario_000,short
10834,372,1.507058,0.849224,0.917424,0,376.028296,scenario_000,short
10835,372,1.508065,0.431331,0.343116,2,374.240142,scenario_000,short
10836,372,1.849641,0.487492,0.623169,0,379.126934,scenario_000,short
10837,372,18.49445,0.62233,0.846185,2,397.85785,scenario_000,medium
10838,372,14.143658,0.903858,0.820892,0,417.820647,scenario_000,medium
10839,372,16.4306,0.277397,0.50109,1,410.980066,scenario_000,medium
10840,372,2.903277,0.109596,0.505106,0,382.518575,scenario_000,short
10841,372,31.008103,0.581638,0.709576,2,417.458218,scenario_000,long
10842,372,1.372296,0.147913,0.117081,2,373.877509,scenario_000,short
10843,373,1.50419,0.760197,0.975045,0,376.84248,scenario_000,short
10844,373,1.656767,0.401786,0.332299,2,375.057314,scenario_000,short
10845,373,1.698112,0.649669,0.645057,0,379.858193,scenario_000,short
10846,373,20.3034,0.943514,0.796832,0,463.162651,scenario_000,long
10847,373,1.201146,0.87236,0.851305,0,376.881237,scenario_000,short
10848,373,15.90646,0.311289,0.680631,0,439.434712,scenario_000,long
10849,373,1.15937,0.228986,0.584626,0,378.167398,scenario_000,short
10850,373,2.384518,0.262198,0.299773,0,380.234121,scenario_000,short
10851,373,26.577032,0.535715,0.908962,1,423.16087,scenario_000,medium
10852,373,1.533153,0.649089,0.638715,0,378.266308,scenario_000,short
10853,373,2.022457,0.468901,0.834933,2,376.726628,scenario_000,short
10854,373,12.038207,0.631788,0.472273,1,410.298571,scenario_000,medium
10855,373,1.502413,0.526874,0.407567,1,376.051628,scenario_000,short
10856,373,6.445572,0.608436,0.702384,0,396.514126,scenario_000,medium
10857,373,8.526844,0.1232,0.250474,2,389.088321,scenario_000,medium
10858,373,1.372421,0.678031,0.776586,2,375.188428,scenario_000,short
10859,373,1.502479,0.351708,0.328512,0,377.531857,scenario_000,short
10860,373,1.718039,0.3778,0.595253,0,380.004711,scenario_000,short
10861,373,11.715571,0.709689,0.758927,2,393.61322,scenario_000,medium
10862,373,1.613957,0.212031,0.329194,0,378.090693,scenario_000,short
10863,373,1.111659,0.429195,0.859809,0,376.641186,scenario_000,short
10864,373,11.997818,0.561605,0.616339,0,420.081077,scenario_000,medium
10865,373,13.220141,0.73957,0.991281,0,414.545694,scenario_000,medium
10866,373,19.407208,0.828841,0.740062,0,425.720663,scenario_000,long
10867,373,1.213101,0.748199,0.578192,2,375.204839,scenario_000,short
10868,373,1.510343,0.194051,0.513689,2,374.941332,scenario_000,short
10869,373,2.04625,0.657156,1.0,0,380.299233,scenario_000,short
10870,373,1.613294,0.323694,0.381614,2,376.032967,scenario_000,short
10871,373,1.119223,0.109531,0.149644,0,377.171754,scenario_000,short
10872,373,1.721811,0.283915,0.523268,1,378.169776,scenario_000,short
10873,373,6.136039,0.939243,0.905233,1,387.470776,scenario_000,medium
10874,373,2.088066,0.570282,0.649214,1,377.947322,scenario_000,short
10875,373,21.248813,0.405932,0.446916,0,437.02743,scenario_000,long
10876,373,17.391557,1.0,0.885331,0,444.027205,scenario_000,medium
10877,373,1.931974,0.288166,0.371699,0,380.528927,scenario_000,short
10878,373,1.634985,0.388745,0.228256,1,377.259245,scenario_000,short
10879,373,1.157906,0.41879,0.251443,2,374.918524,scenario_000,short
10880,373,17.029489,0.575586,0.49477,0,420.193475,scenario_000,medium
10881,373,1.211709,0.271508,0.382619,0,377.183426,scenario_000,short
10882,373,14.142118,0.513989,0.70513,2,398.215159,scenario_000,medium
10883,373,1.422004,0.07156,0.141524,2,374.662594,scenario_000,short
10884,373,4.969834,0.446895,0.376872,1,382.601655,scenario_000,medium
10885,373,14.017352,0.936847,0.643277,2,391.966983,scenario_000,medium
10886,373,1.54702,0.710547,1.0,1,377.114712,scenario_000,short
10887,373,19.78978,0.567589,0.389494,1,430.465155,scenario_000,medium
10888,373,13.818409,0.364842,0.287578,0,432.282002,scenario_000,medium
10889,373,18.15373,0.947093,0.697473,0,449.90287,scenario_000,medium
10890,373,14.8847,1.0,0.745446,1,405.444909,scenario_000,long
10891,373,1.986758,0.719948,0.631285,0,380.668778,scenario_000,short
10892,374,26.17453,0.36718,0.437848,0,464.122056,scenario_000,medium
10893,374,1.790848,0.121531,0.186178,0,380.548811,scenario_000,short
10894,374,1.734991,0.05918,0.642892,0,380.792145,scenario_000,short
10895,374,2.169303,0.246923,0.453841,0,382.976504,scenario_000,short
10896,374,14.582651,1.0,0.745214,2,396.475443,scenario_000,medium
10897,374,1.586105,0.196647,0.567895,0,378.640062,scenario_000,short
10898,374,14.052231,0.269092,0.64545,1,404.294609,scenario_000,medium
10899,374,6.67941,0.56179,0.351332,0,398.897264,scenario_000,medium
10900,374,9.547722,0.611887,0.761091,0,407.836913,scenario_000,long
10901,374,14.427225,0.665241,0.533343,2,395.639071,scenario_000,medium
10902,374,15.153605,0.607991,0.638272,0,419.995771,scenario_000,medium
10903,374,1.396722,0.392683,0.423937,0,379.550083,scenario_000,short
10904,374,1.754239,0.095673,0.203198,2,376.047109,scenario_000,short
10905,374,1.34881,0.175162,0.221211,2,375.73388,scenario_000,short
10906,374,2.208473,0.444765,0.784182,0,381.222776,scenario_000,short
10907,374,10.865752,0.420284,0.789228,2,387.493077,scenario_000,medium
10908,374,2.363583,0.61309,1.0,0,380.466678,scenario_000,short
10909,374,1.853436,0.560817,0.457936,0,379.824308,scenario_000,short
10910,374,15.443873,0.613005,1.0,0,413.676381,scenario_000,medium
10911,374,1.039244,0.396759,0.371137,0,378.272569,scenario_000,short
10912,374,2.19476,0.154828,0.377152,1,380.201388,scenario_000,short
10913,374,5.68659,0.517364,0.642833,1,388.025555,scenario_000,medium
10914,374,2.430208,0.087368,0.13191,0,380.895861,scenario_000,short
10915,374,22.466834,0.522295,0.557583,0,451.720789,scenario_000,medium
10916,374,2.079531,0.330218,0.392607,2,376.455734,scenario_000,short
10917,374,10.693672,0.402269,0.583036,0,409.993405,scenario_000,medium
10918,374,8.263141,0.805021,0.782687,1,396.006601,scenario_000,medium
10919,374,15.968658,0.517473,0.91201,0,439.151275,scenario_000,medium
10920,374,7.774233,0.797508,0.667283,2,388.046323,scenario_000,medium
10921,374,1.409703,0.44824,0.592876,1,378.326919,scenario_000,short
10922,374,2.273033,0.256679,0.230602,1,379.610772,scenario_000,short
10923,374,1.419289,0.814028,0.961837,2,375.943146,scenario_000,short
10924,374,1.854606,0.366643,0.938092,0,381.343872,scenario_000,short
10925,374,1.773974,0.274724,0.218403,0,379.903373,scenario_000,short
10926,374,11.441884,0.557623,0.395963,0,410.814018,scenario_000,medium
10927,374,1.458318,0.819851,1.0,1,377.011988,scenario_000,short
10928,374,9.30989,0.664039,0.533817,2,385.904037,scenario_000,medium
10929,374,18.071116,0.79863,0.742462,0,454.726241,scenario_000,long
10930,374,15.117634,0.301752,0.523992,0,439.10167,scenario_000,medium
10931,374,1.993802,0.313031,0.235917,1,379.995667,scenario_000,short
10932,374,1.787013,0.405462,0.389447,2,376.834033,scenario_000,short
10933,374,1.595578,0.209246,0.159348,1,378.580552,scenario_000,short
10934,374,1.314343,0.149469,0.208801,0,377.582517,scenario_000,short
10935,374,1.47727,0.568671,0.615658,2,375.975832,scenario_000,short
10936,374,1.190483,0.592196,0.486821,2,376.416302,scenario_000,short
10937,374,13.788334,0.930426,1.0,2,395.720392,scenario_000,medium
10938,374,4.883112,0.249357,0.293422,2,380.532578,scenario_000,medium
10939,374,24.181465,0.188719,0.357878,0,460.679429,scenario_000,medium
10940,374,12.296444,0.495977,0.393251,2,394.518173,scenario_000,medium
10941,374,2.239848,0.214882,0.333174,2,377.781254,scenario_000,short
10942,374,1.450075,0.140625,0.161442,1,377.476791,scenario_000,short
10943,374,2.456188,0.174866,0.531466,2,379.023621,scenario_000,short
10944,374,2.367394,0.439674,0.579944,2,378.44498,scenario_000,short
10945,374,2.240051,0.656631,0.777837,0,381.015334,scenario_000,short
10946,374,1.556426,0.565274,0.996915,2,376.956794,scenario_000,short
10947,374,1.788088,0.700178,0.665848,2,377.042925,scenario_000,short
10948,374,1.281113,0.438209,0.608078,2,375.926936,scenario_000,short
10949,374,8.74945,0.324883,0.430595,1,396.493844,scenario_000,medium
10950,374,1.253149,0.457755,0.276826,0,377.41271,scenario_000,short
10951,374,7.796022,0.33963,0.692948,0,397.348483,scenario_000,medium
10952,374,1.957438,0.280686,0.306985,0,381.952237,scenario_000,short
10953,374,1.683288,0.509571,1.0,2,376.938798,scenario_000,short
10954,374,2.724459,0.474118,0.782138,2,377.276071,scenario_000,short
10955,374,7.048667,0.261906,0.249236,0,401.439271,scenario_000,medium
10956,374,2.415587,0.194283,0.546833,2,377.207835,scenario_000,short
10957,374,2.827813,0.386508,0.491376,0,385.420983,scenario_000,short
10958,374,13.689352,0.782078,0.699608,2,391.766602,scenario_000,medium
10959,374,1.4905,0.66374,0.612234,2,376.919143,scenario_000,short
10960,374,1.06388,0.248834,0.607251,2,375.335603,scenario_000,short
10961,374,1.966636,0.302979,0.352506,0,381.964723,scenario_000,short
10962,374,1.71853,0.681312,0.733383,0,378.956866,scenario_000,short
10963,374,2.125413,0.197106,0.300261,0,381.251656,scenario_000,short
10964,375,23.531764,0.203592,0.53905,2,411.120374,scenario_000,medium
10965,375,1.654464,0.508402,0.46861,2,378.20711,scenario_000,short
10966,375,1.647869,0.398699,0.441755,1,379.314011,scenario_000,short
10967,375,5.858317,0.132169,0.214809,2,386.432879,scenario_000,medium
10968,375,24.661054,0.828165,0.984667,2,415.932238,scenario_000,long
10969,375,1.875068,0.685977,0.692047,2,378.384695,scenario_000,short
10970,375,2.295794,0.153432,0.21851,0,381.395359,scenario_000,short
10971,375,18.796031,0.327152,0.420906,1,410.373468,scenario_000,long
10972,375,1.984683,0.621615,0.708692,0,380.748249,scenario_000,short
10973,375,1.663783,0.26778,0.299288,1,378.920392,scenario_000,short
10974,375,13.881302,0.22555,0.301843,0,417.737498,scenario_000,medium
10975,375,8.732397,0.88451,0.84119,0,406.833734,scenario_000,medium
10976,375,11.839319,0.301403,0.382671,2,398.745552,scenario_000,medium
10977,375,1.748513,0.335247,0.630153,0,380.640094,scenario_000,short
10978,375,14.040418,0.5572,0.570622,0,422.213752,scenario_000,medium
10979,375,1.331287,0.101135,0.473328,2,376.79275,scenario_000,short
10980,375,1.512495,0.619262,0.462318,0,380.866252,scenario_000,short
10981,375,1.687252,0.602373,0.891261,1,378.897766,scenario_000,short
10982,375,2.046216,0.429932,0.508927,1,381.101736,scenario_000,short
10983,375,2.237081,0.64069,0.807,1,381.137606,scenario_000,short
10984,375,2.040033,0.143234,0.515397,2,378.42582,scenario_000,short
10985,375,10.481986,0.496182,0.905519,1,406.989741,scenario_000,medium
10986,375,1.683984,0.558173,0.506034,2,378.403318,scenario_000,short
10987,375,1.699839,0.690132,0.845947,0,381.574097,scenario_000,short
10988,375,1.575511,0.747947,0.697941,2,378.181042,scenario_000,short
10989,375,1.816907,0.680823,0.544528,0,380.274863,scenario_000,short
10990,375,1.421135,0.219266,0.45614,2,376.803783,scenario_000,short
10991,375,1.69357,0.383357,0.510181,1,378.440902,scenario_000,short
10992,375,2.664504,0.759211,0.778268,2,379.635274,scenario_000,short
10993,375,1.721867,0.235377,0.167375,0,379.456658,scenario_000,short
10994,375,1.587497,0.685318,0.572545,0,380.462525,scenario_000,short
10995,375,6.974803,0.704895,0.692583,0,401.103603,scenario_000,medium
10996,375,1.61838,0.33868,0.801708,1,379.675616,scenario_000,short
10997,375,1.491731,0.552242,1.0,1,378.378165,scenario_000,short
10998,375,2.263743,0.274043,0.285507,1,381.999372,scenario_000,short
10999,375,2.36236,0.10221,0.236238,0,381.101318,scenario_000,short
11000,375,1.667085,0.575488,0.809407,0,382.298262,scenario_000,short
11001,375,1.674124,0.567596,0.858386,0,382.314074,scenario_000,short
11002,375,1.904845,0.757969,0.700183,2,377.239533,scenario_000,short
11003,375,11.687124,0.678758,0.719222,2,396.476425,scenario_000,medium
11004,375,13.412032,0.899948,0.762524,0,430.977133,scenario_000,medium
11005,375,1.319668,0.778388,0.55511,2,377.715902,scenario_000,short
11006,375,11.584798,0.324241,0.418075,0,425.339574,scenario_000,medium
11007,375,1.985312,0.310625,0.541462,0,381.696357,scenario_000,short
11008,375,15.51578,0.735806,1.0,0,418.19132,scenario_000,long
11009,375,6.999041,0.849501,0.920692,2,384.211588,scenario_000,medium
11010,375,2.154794,0.202752,0.731337,0,382.690881,scenario_000,short
11011,375,26.091579,0.686864,0.851876,1,445.947172,scenario_000,medium
11012,375,2.175681,0.06287,0.296504,0,382.911357,scenario_000,short
11013,375,2.015839,0.496673,0.958315,2,378.219782,scenario_000,short
11014,375,1.688483,0.433734,0.479413,1,378.247281,scenario_000,short
11015,375,15.308036,0.138852,0.392103,0,441.275985,scenario_000,medium
11016,375,12.176891,0.612182,0.528596,2,395.488267,scenario_000,medium
11017,375,6.763277,0.784672,0.784928,2,386.684878,scenario_000,medium
11018,375,19.981507,0.416837,0.399796,2,411.232005,scenario_000,medium
11019,375,16.519742,0.538038,0.438522,2,401.24353,scenario_000,medium
11020,375,2.523049,0.581937,0.547679,2,378.886414,scenario_000,short
11021,375,2.570916,0.137955,0.541574,2,378.095938,scenario_000,short
11022,375,7.832458,0.519209,0.528392,2,388.225773,scenario_000,medium
11023,375,2.069917,0.361471,0.295143,2,378.834853,scenario_000,short
11024,375,1.72801,0.395178,0.71933,0,380.118933,scenario_000,short
11025,375,1.897604,0.463145,0.30635,2,378.699379,scenario_000,short
11026,375,2.875649,0.3575,0.469898,0,385.80913,scenario_000,short
11027,375,2.447803,0.429244,0.508051,1,382.575773,scenario_000,short
11028,375,13.862597,0.408259,0.489096,0,421.620451,scenario_000,medium
11029,375,1.387838,0.301404,0.499352,0,379.631807,scenario_000,short
11030,375,2.063297,0.401243,0.460734,1,379.253682,scenario_000,short
11031,375,11.538378,0.533001,0.924755,0,424.778826,scenario_000,medium
11032,375,1.785931,0.406888,0.398235,0,382.87099,scenario_000,short
11033,375,2.19479,0.075932,0.260767,1,379.947174,scenario_000,short
11034,375,11.2728,0.67016,0.698453,1,404.302867,scenario_000,medium
11035,376,1.694178,0.422178,0.458894,0,382.641812,scenario_000,short
11036,376,1.318021,0.254012,0.382656,0,381.665869,scenario_000,short
11037,376,1.725609,0.206943,0.514032,2,378.811919,scenario_000,short
11038,376,6.603883,0.860779,0.852286,0,399.576867,scenario_000,medium
11039,376,1.394814,0.311934,0.448285,2,378.454619,scenario_000,short
11040,376,2.201207,0.061396,0.188944,0,382.363254,scenario_000,short
11041,376,1.282334,0.709619,0.705782,2,378.49589,scenario_000,short
11042,376,2.323346,0.70456,0.69301,2,380.706271,scenario_000,short
11043,376,9.160594,0.657151,0.65544,1,397.389314,scenario_000,medium
11044,376,8.770996,0.489301,0.311723,2,394.002579,scenario_000,medium
11045,376,1.871672,0.658064,0.621428,2,379.54764,scenario_000,short
11046,376,2.016252,0.391404,0.596213,2,379.563962,scenario_000,short
11047,376,10.811291,0.848307,0.74134,1,405.991714,scenario_000,medium
11048,376,2.017407,0.396849,0.46586,1,379.817985,scenario_000,short
11049,376,1.097327,0.652813,0.76717,2,377.806569,scenario_000,short
11050,376,1.270274,0.739199,0.703297,2,378.623765,scenario_000,short
11051,376,5.22618,0.799545,0.720026,0,391.145385,scenario_000,medium
11052,376,1.104672,0.360716,0.522376,2,377.338492,scenario_000,short
11053,376,1.537623,0.345207,0.547639,0,382.100655,scenario_000,short
11054,376,2.439233,0.582229,0.646972,2,380.197782,scenario_000,short
11055,376,14.284216,0.68168,0.45047,2,395.68284,scenario_000,medium
11056,376,9.075271,0.483807,0.460094,0,405.606702,scenario_000,medium
11057,376,1.87651,0.267883,0.697382,2,379.681623,scenario_000,short
11058,376,10.360906,0.764185,0.694465,2,397.174086,scenario_000,medium
11059,376,1.455098,0.376258,0.51924,1,380.233175,scenario_000,short
11060,376,2.013553,0.154031,0.536219,1,380.082614,scenario_000,short
11061,376,2.479795,0.172048,0.388523,0,383.449593,scenario_000,short
11062,376,2.840042,0.413544,0.848649,0,386.623323,scenario_000,short
11063,376,1.706463,0.447621,0.472439,0,380.432933,scenario_000,short
11064,376,9.65211,0.504863,0.413023,2,393.659884,scenario_000,medium
11065,376,15.082983,0.549014,0.524203,0,439.901876,scenario_000,medium
11066,376,1.094371,0.739319,0.775761,0,380.066577,scenario_000,short
11067,376,1.742331,0.3364,0.390995,0,382.773597,scenario_000,short
11068,376,1.384811,0.444967,0.695212,0,379.677792,scenario_000,short
11069,376,12.167672,0.762803,1.0,0,413.131677,scenario_000,long
11070,376,9.050587,0.617666,0.912768,0,404.00503,scenario_000,medium
11071,376,28.159711,0.401515,0.970591,0,476.125404,scenario_000,long
11072,376,19.700662,0.453334,0.695934,0,443.75821,scenario_000,medium
11073,376,15.258544,0.321944,0.319369,1,415.342243,scenario_000,long
11074,376,1.789325,0.483479,0.492301,1,381.634009,scenario_000,short
11075,376,1.828997,0.279207,0.281212,0,380.682388,scenario_000,short
11076,376,12.853234,0.732756,1.0,0,429.636383,scenario_000,medium
11077,376,1.825004,0.126429,0.402328,0,381.448199,scenario_000,short
11078,376,23.624307,0.570042,0.665574,2,415.546839,scenario_000,medium
11079,376,1.915541,0.674667,0.594964,1,379.461915,scenario_000,short
11080,376,1.573763,0.828826,0.829553,0,380.300479,scenario_000,short
11081,376,20.388401,0.330216,0.567544,1,430.510261,scenario_000,long
11082,376,12.557386,0.936133,0.70214,2,392.98816,scenario_000,medium
11083,376,11.003899,0.4475,0.492356,0,417.016318,scenario_000,medium
11084,376,1.813299,0.237178,0.213299,2,379.344321,scenario_000,short
11085,376,13.866735,0.42317,0.265304,1,419.78464,scenario_000,medium
11086,376,1.490846,0.527989,0.737716,2,378.617845,scenario_000,short
11087,376,11.173383,0.262557,0.440353,0,415.590249,scenario_000,medium
11088,376,2.141803,0.501164,0.465201,1,382.698554,scenario_000,short
11089,376,2.499653,0.377716,0.461459,0,384.465571,scenario_000,short
11090,376,9.513975,0.640083,0.866364,0,400.604853,scenario_000,medium
11091,376,11.298491,0.380845,0.2823,0,404.802238,scenario_000,medium
11092,376,2.107199,0.17698,0.323176,0,383.971334,scenario_000,short
11093,376,2.016578,0.0955,0.587977,1,382.047158,scenario_000,short
11094,376,1.460818,0.502927,0.462307,2,378.705898,scenario_000,short
11095,376,10.897369,0.178088,0.202329,0,412.225737,scenario_000,medium
11096,376,2.041516,0.257065,0.518138,2,379.969317,scenario_000,short
11097,376,1.826758,0.107392,0.185188,1,379.500858,scenario_000,short
11098,376,17.266361,0.397069,0.4293,2,397.186243,scenario_000,long
11099,376,1.951324,0.212694,0.430483,2,378.926708,scenario_000,short
11100,376,2.847274,0.211986,0.245157,2,379.44311,scenario_000,short
11101,377,2.323525,0.764723,0.556008,0,387.355741,scenario_000,short
11102,377,1.72618,0.62126,0.383728,1,380.162145,scenario_000,short
11103,377,5.886169,0.93633,0.617683,2,386.510333,scenario_000,medium
11104,377,7.705932,0.694969,0.870142,0,400.715083,scenario_000,medium
11105,377,13.567177,0.455772,0.33332,2,396.408605,scenario_000,medium
11106,377,14.93753,0.4441,0.575882,2,407.566258,scenario_000,medium
11107,377,1.326471,0.615785,0.686408,2,378.857157,scenario_000,short
11108,377,1.502214,0.219235,0.462033,2,378.783589,scenario_000,short
11109,377,1.715809,0.376994,0.728939,1,380.44826,scenario_000,short
11110,377,15.165105,0.344288,0.858412,2,394.835717,scenario_000,medium
11111,377,19.036886,0.211983,0.278707,2,414.307034,scenario_000,medium
11112,377,12.862366,0.369328,0.420906,0,423.744514,scenario_000,medium
11113,377,1.492867,0.400294,0.193152,2,379.181128,scenario_000,short
11114,377,15.560223,0.518045,0.409589,1,422.151239,scenario_000,medium
11115,377,1.522554,0.14091,0.541134,2,380.141908,scenario_000,short
11116,377,1.983681,0.745445,0.781366,0,384.161879,scenario_000,short
11117,377,11.069307,0.869544,0.737747,0,417.552381,scenario_000,medium
11118,377,9.484081,0.801738,0.769064,0,417.555841,scenario_000,medium
11119,377,1.32429,0.432382,0.535686,1,380.329199,scenario_000,short
11120,377,10.292779,0.644559,0.699656,1,409.28271,scenario_000,medium
11121,377,2.024598,0.059304,0.230936,0,384.475178,scenario_000,short
11122,377,2.21813,0.360226,0.316099,0,383.206149,scenario_000,short
11123,377,8.819382,0.911683,1.0,2,394.313817,scenario_000,medium
11124,377,2.372066,0.338022,0.563907,0,383.695097,scenario_000,short
11125,377,2.038244,0.66323,0.695574,2,380.295076,scenario_000,short
11126,377,1.201308,0.428185,0.408294,0,382.300969,scenario_000,short
11127,377,2.332918,0.233469,0.32498,1,383.889295,scenario_000,short
11128,377,2.078807,0.082154,0.715024,0,382.498975,scenario_000,short
11129,377,15.249325,0.8934,0.739692,2,400.849492,scenario_000,medium
11130,377,1.280369,0.090838,0.300997,0,382.698761,scenario_000,short
11131,377,11.614152,0.563985,0.682093,0,418.314595,scenario_000,medium
11132,377,12.104044,0.627692,0.78586,2,391.447562,scenario_000,medium
11133,377,7.921839,0.71841,0.995408,0,401.992615,scenario_000,medium
11134,377,23.110993,1.0,1.0,1,431.426671,scenario_000,medium
11135,377,1.80209,0.623682,1.0,0,383.350193,scenario_000,short
11136,377,2.181392,0.289872,0.376083,0,383.384576,scenario_000,short
11137,377,1.908636,0.070352,0.083868,2,380.192388,scenario_000,short
11138,377,6.400868,0.314573,0.16361,0,393.841339,scenario_000,medium
11139,377,2.227601,0.463713,0.611903,0,386.849984,scenario_000,short
11140,377,1.924769,0.064242,0.05,0,384.187919,scenario_000,short
11141,377,2.40237,0.091638,0.094589,2,379.985743,scenario_000,short
11142,377,2.269605,0.199108,0.570438,0,383.094721,scenario_000,short
11143,377,1.705748,0.393494,0.411331,0,384.251775,scenario_000,short
11144,377,1.908869,0.349688,0.719831,0,383.032868,scenario_000,short
11145,377,1.258682,0.069279,0.057409,0,380.360593,scenario_000,short
11146,377,12.806214,0.642303,0.460861,0,421.976832,scenario_000,medium
11147,377,1.726049,0.75721,1.0,2,379.567948,scenario_000,short
11148,377,12.928709,0.98247,1.0,0,426.04288,scenario_000,long
11149,377,1.707002,0.136514,0.228926,0,382.140448,scenario_000,short
11150,377,2.16998,0.179886,0.415023,0,384.176272,scenario_000,short
11151,377,12.816882,0.623976,0.626306,2,403.392518,scenario_000,medium
11152,377,1.845062,0.338083,0.35491,2,380.538658,scenario_000,short
11153,377,1.614613,0.597631,1.0,0,381.918344,scenario_000,short
11154,377,1.463995,0.122047,0.125626,0,381.218764,scenario_000,short
11155,377,2.023777,0.13547,0.309925,2,379.777463,scenario_000,short
11156,377,9.299276,0.527191,0.688594,2,391.655464,scenario_000,medium
11157,377,3.040412,0.597867,0.793851,2,382.569433,scenario_000,short
11158,377,11.516708,0.519616,0.511389,1,412.92012,scenario_000,medium
11159,377,1.915062,0.195939,0.452774,2,379.74686,scenario_000,short
11160,377,2.045657,0.088005,0.123897,1,383.44959,scenario_000,short
11161,377,2.164974,0.751751,0.723698,0,384.204911,scenario_000,short
11162,377,1.319767,0.60292,0.624182,0,380.552696,scenario_000,short
11163,377,1.420405,0.217915,0.224782,0,382.329317,scenario_000,short
11164,377,2.506883,0.634291,0.756615,2,379.955758,scenario_000,short
11165,377,11.19446,0.545094,0.968203,1,411.845377,scenario_000,medium
11166,377,1.882772,0.113695,0.249365,1,382.285036,scenario_000,short
11167,377,7.215778,0.921284,0.770229,2,391.321489,scenario_000,medium
11168,377,2.073332,0.702327,0.686017,2,380.004552,scenario_000,short
11169,377,21.390323,0.3938,0.700702,0,453.972654,scenario_000,medium
11170,377,7.793077,0.940126,0.989967,0,399.970113,scenario_000,medium
11171,377,16.038084,0.413386,0.448136,0,448.191156,scenario_000,long
11172,377,11.39787,0.347355,0.579872,1,406.424845,scenario_000,medium
11173,377,10.46033,0.218323,0.658158,2,398.573586,scenario_000,medium
11174,377,1.433857,0.087164,0.191095,2,378.900266,scenario_000,short
11175,378,1.762055,0.739456,0.566484,0,385.000451,scenario_000,short
11176,378,19.249423,0.983051,0.850412,2,405.49984,scenario_000,medium
11177,378,1.951004,0.617945,0.657936,2,380.649425,scenario_000,short
11178,378,1.967666,0.73014,0.523219,2,380.629747,scenario_000,short
11179,378,1.78442,0.087204,0.21349,2,380.383711,scenario_000,short
11180,378,2.01892,0.647253,0.508094,1,382.993046,scenario_000,short
11181,378,2.083733,0.158511,0.26692,2,381.499237,scenario_000,short
11182,378,7.070887,0.364957,0.480736,2,389.043555,scenario_000,medium
11183,378,13.956345,0.212158,0.384796,2,394.545327,scenario_000,medium
11184,378,14.161729,0.718582,1.0,1,406.025244,scenario_000,medium
11185,378,1.649866,0.435171,0.759605,2,380.641191,scenario_000,short
11186,378,1.559574,0.812081,0.718454,1,382.653039,scenario_000,short
11187,378,1.529447,0.339565,0.470003,0,383.871437,scenario_000,short
11188,378,13.97958,0.809759,0.93233,1,409.742348,scenario_000,medium
11189,378,1.651225,0.463075,0.918534,0,382.898029,scenario_000,short
11190,378,1.118949,0.088088,0.267154,2,380.11969,scenario_000,short
11191,378,10.691663,0.669729,0.679146,0,408.869274,scenario_000,medium
11192,378,12.968161,0.745672,0.739408,0,410.906313,scenario_000,long
11193,378,11.763874,0.5567,0.685029,0,417.227772,scenario_000,medium
11194,378,2.058978,0.063294,0.33683,0,383.279437,scenario_000,short
11195,378,1.640158,0.778168,0.89155,1,382.752731,scenario_000,short
11196,378,1.040187,0.210657,0.330342,2,379.741864,scenario_000,short
11197,378,2.251147,0.4409,0.547212,0,384.232486,scenario_000,short
11198,378,16.772637,1.0,0.704769,1,424.188768,scenario_000,medium
11199,378,1.6279,0.267319,0.298563,2,380.653247,scenario_000,short
11200,378,2.614136,0.336718,0.753306,2,382.116658,scenario_000,short
11201,378,1.498557,0.860626,0.778362,0,383.208197,scenario_000,short
11202,378,16.143447,0.733788,0.784153,0,449.695221,scenario_000,medium
11203,378,11.672029,0.366444,0.350573,2,396.349649,scenario_000,medium
11204,378,2.193693,0.522883,0.884434,0,386.753486,scenario_000,short
11205,378,1.64874,0.515946,0.538039,1,381.104391,scenario_000,short
11206,378,11.651805,0.61646,0.385566,1,400.652533,scenario_000,medium
11207,378,17.523115,0.939501,1.0,0,448.76336,scenario_000,long
11208,378,11.286935,0.482865,0.847647,2,394.923468,scenario_000,medium
11209,378,1.847041,0.628558,0.681263,0,385.163388,scenario_000,short
11210,378,1.510429,0.324879,0.440229,0,383.916651,scenario_000,short
11211,378,1.370078,0.624877,0.489981,2,379.766732,scenario_000,short
11212,378,8.025479,0.693178,0.586915,2,388.17948,scenario_000,medium
11213,378,1.370798,0.053258,0.470719,1,380.837285,scenario_000,short
11214,378,19.378827,1.0,0.91877,0,437.470914,scenario_000,long
11215,378,2.015274,0.552074,0.517937,1,384.070231,scenario_000,short
11216,378,1.962231,0.519222,0.520619,2,380.852126,scenario_000,short
11217,378,1.678355,0.053655,0.234618,1,381.513435,scenario_000,short
11218,378,32.560504,0.502341,0.342666,0,501.171144,scenario_000,long
11219,378,1.350372,0.179531,0.195805,0,384.018143,scenario_000,short
11220,378,1.283625,0.279479,0.205194,0,382.872663,scenario_000,short
11221,378,2.128005,0.30996,0.151499,2,381.078373,scenario_000,short
11222,378,2.016959,0.587862,0.718113,2,380.925318,scenario_000,short
11223,378,2.173623,0.410949,0.441917,0,385.151259,scenario_000,short
11224,378,1.919145,0.695602,0.662035,0,386.235735,scenario_000,short
11225,378,1.562118,0.306977,0.441984,2,380.855895,scenario_000,short
11226,378,21.29012,0.506976,0.595937,2,413.096866,scenario_000,medium
11227,378,2.252251,0.293284,0.281201,2,382.041563,scenario_000,short
11228,378,1.934035,0.439926,0.244232,2,380.867252,scenario_000,short
11229,378,2.217319,0.322829,0.497602,0,386.103616,scenario_000,short
11230,378,2.052838,0.357395,0.359901,0,386.919342,scenario_000,short
11231,378,2.231849,0.397114,0.501505,0,385.835879,scenario_000,short
11232,378,1.832928,0.110983,0.374714,2,380.239407,scenario_000,short
11233,378,16.26015,0.149706,0.148853,0,449.275275,scenario_000,medium
11234,378,7.309713,0.639536,0.752149,0,410.91264,scenario_000,medium
11235,378,1.934825,0.605642,0.697236,1,382.210909,scenario_000,short
11236,378,25.448689,0.438044,0.260207,2,412.742808,scenario_000,medium
11237,378,2.199787,0.492165,0.621995,0,386.948422,scenario_000,short
11238,378,9.828028,0.452641,0.95829,0,419.261024,scenario_000,medium
11239,378,1.381621,0.258792,0.315775,2,380.547973,scenario_000,short
11240,378,7.635152,0.246791,0.680348,2,392.750626,scenario_000,medium
11241,378,2.870044,0.623423,0.426783,1,386.130212,scenario_000,short
11242,378,21.554834,0.72876,1.0,0,443.046284,scenario_000,long
11243,378,19.658492,0.321651,0.349964,2,401.322031,scenario_000,long
11244,378,2.825987,0.076198,0.25293,1,386.85472,scenario_000,short
11245,378,2.214116,0.713566,0.769719,0,385.308296,scenario_000,short
11246,378,9.215437,0.549326,0.632244,1,396.364463,scenario_000,medium
11247,378,1.470086,0.324112,0.575347,1,381.349729,scenario_000,short
11248,378,2.276408,0.450371,0.614003,2,381.495007,scenario_000,short
11249,378,15.294173,0.432704,0.471351,0,424.285586,scenario_000,medium
11250,379,2.269799,0.199501,0.337521,2,383.43309,scenario_000,short
11251,379,1.760644,0.073632,0.202793,1,383.40863,scenario_000,short
11252,379,2.074286,0.395888,0.453731,2,382.116529,scenario_000,short
11253,379,1.793243,0.267857,0.67365,2,382.503882,scenario_000,short
11254,379,1.734081,0.291093,0.698307,2,381.816549,scenario_000,short
11255,379,8.692907,0.484354,0.395091,0,413.211271,scenario_000,medium
11256,379,2.144034,0.582511,0.830442,0,386.709538,scenario_000,short
11257,379,1.446615,0.381844,0.543043,0,385.078899,scenario_000,short
11258,379,22.87036,0.547641,0.776034,2,414.321079,scenario_000,long
11259,379,1.430559,0.256781,0.673151,2,380.78386,scenario_000,short
11260,379,1.420526,0.277034,0.449818,2,380.949114,scenario_000,short
11261,379,16.513613,0.644051,0.929504,0,453.2207,scenario_000,medium
11262,379,1.988377,0.560227,0.680332,0,386.1402,scenario_000,short
11263,379,1.633258,0.538805,0.709685,1,382.370979,scenario_000,short
11264,379,10.466795,0.834245,0.981828,0,415.201754,scenario_000,medium
11265,379,2.048019,0.68639,0.584472,0,387.176429,scenario_000,short
11266,379,1.79479,0.370254,0.328195,0,386.788292,scenario_000,short
11267,379,1.44566,0.847237,0.887,0,383.486231,scenario_000,short
11268,379,6.897968,0.386315,0.361959,2,391.05047,scenario_000,medium
11269,379,16.55223,0.83256,0.615772,0,426.416246,scenario_000,medium
11270,379,1.370098,0.095709,0.22499,0,383.38377,scenario_000,short
11271,379,9.790394,0.373746,0.388444,2,390.991585,scenario_000,medium
11272,379,1.944949,0.38278,0.418393,2,382.756351,scenario_000,short
11273,379,1.605114,0.52081,0.576148,2,381.363838,scenario_000,short
11274,379,15.984452,0.555514,0.590504,0,439.646215,scenario_000,medium
11275,379,8.937494,0.590337,0.571526,2,392.637644,scenario_000,medium
11276,379,2.553127,0.380527,0.61854,1,385.723622,scenario_000,short
11277,379,11.086107,0.627511,0.757077,0,412.625483,scenario_000,medium
11278,379,2.435649,0.207374,0.430849,2,382.982131,scenario_000,short
11279,379,1.638826,0.750219,0.816425,2,381.111698,scenario_000,short
11280,379,11.804822,0.841248,0.650408,0,428.248886,scenario_000,medium
11281,379,1.727031,0.37828,0.912364,0,385.821112,scenario_000,short
11282,379,2.769443,0.168255,0.244173,2,383.702103,scenario_000,short
11283,379,15.154292,0.74343,0.764536,2,407.667856,scenario_000,medium
11284,379,1.579561,0.441764,0.384796,1,383.099622,scenario_000,short
11285,379,12.052025,0.70604,0.593456,2,398.036935,scenario_000,medium
11286,379,2.264791,0.204264,0.164679,0,387.494705,scenario_000,short
11287,379,2.258083,0.0697,0.406914,0,386.717558,scenario_000,short
11288,379,14.772815,0.781324,0.590757,0,442.986886,scenario_000,long
11289,379,2.584351,0.423189,0.565269,2,384.210361,scenario_000,short
11290,379,1.813114,0.295414,0.318067,0,384.541875,scenario_000,short
11291,379,2.228147,0.284791,0.730633,2,381.592144,scenario_000,short
11292,379,9.46414,0.19263,0.206858,0,416.289016,scenario_000,medium
11293,379,2.167131,0.171784,0.240594,0,386.188892,scenario_000,short
11294,379,10.204529,0.695167,0.851918,0,406.965982,scenario_000,medium
11295,379,1.30592,0.392872,0.306791,2,380.744497,scenario_000,short
11296,379,1.229088,0.312807,0.315535,0,382.48845,scenario_000,short
11297,379,11.940478,0.824075,0.939288,2,394.42024,scenario_000,medium
11298,379,1.508653,0.339764,0.44625,0,384.080947,scenario_000,short
11299,379,16.104161,0.501114,0.437559,2,406.344547,scenario_000,medium
11300,379,12.572335,0.482789,0.536932,1,413.033368,scenario_000,medium
11301,379,6.231962,0.805111,0.975109,1,390.108828,scenario_000,medium
11302,379,2.040372,0.165564,0.180545,0,387.799465,scenario_000,short
11303,379,1.949138,0.473803,0.36798,1,384.510285,scenario_000,short
11304,379,1.196799,0.321012,0.324231,2,380.649895,scenario_000,short
11305,379,13.235829,0.34007,0.370903,0,435.841098,scenario_000,long
11306,379,17.621417,0.145892,0.120726,1,420.820797,scenario_000,medium
11307,379,1.828888,0.072168,0.05,2,381.45264,scenario_000,short
11308,379,1.617568,0.626614,0.514699,0,386.093473,scenario_000,short
11309,379,1.83504,0.416115,0.527205,0,384.836395,scenario_000,short
11310,379,1.726196,0.313895,0.631538,0,386.037,scenario_000,short
11311,379,1.607727,0.121544,0.12369,2,382.277504,scenario_000,short
11312,379,2.145174,0.172033,0.515147,1,384.798711,scenario_000,short
11313,379,10.834395,0.704195,0.779873,0,420.349041,scenario_000,medium
11314,379,5.964933,0.953581,0.860005,0,396.894442,scenario_000,medium
11315,379,1.409716,0.150735,0.209656,0,383.115591,scenario_000,short
11316,380,1.729147,0.705384,0.691594,2,382.253505,scenario_000,short
11317,380,1.869061,0.069036,0.194775,2,382.209706,scenario_000,short
11318,380,1.278183,0.234844,0.545147,2,381.65401,scenario_000,short
11319,380,5.435661,0.802042,0.786214,2,389.778676,scenario_000,medium
11320,380,1.381808,0.850769,0.722719,0,384.760103,scenario_000,short
11321,380,1.64219,0.599905,0.994755,2,383.133758,scenario_000,short
11322,380,10.72516,0.536606,0.372424,1,399.936761,scenario_000,medium
11323,380,2.398868,0.632101,0.595787,2,383.195003,scenario_000,short
11324,380,1.571913,0.549159,0.715155,0,386.138592,scenario_000,short
11325,380,2.191633,0.644753,0.734157,1,383.98296,scenario_000,short
11326,380,16.259504,0.581644,0.426429,0,434.769549,scenario_000,long
11327,380,22.363524,0.203379,0.281416,1,435.059305,scenario_000,medium
11328,380,2.223621,0.541113,0.62074,1,385.23432,scenario_000,short
11329,380,10.244903,0.271571,0.381293,1,410.897552,scenario_000,medium
11330,380,10.485089,0.862905,0.688915,2,399.286502,scenario_000,medium
11331,380,17.947301,0.648075,0.528118,2,412.362107,scenario_000,medium
11332,380,1.201273,0.076723,0.404312,0,384.852672,scenario_000,short
11333,380,15.726615,0.255591,0.272489,2,400.849698,scenario_000,medium
11334,380,13.264367,1.0,1.0,1,410.444548,scenario_000,medium
11335,380,21.793105,0.742967,0.974767,1,446.337416,scenario_000,medium
11336,380,2.258294,0.372918,0.360727,0,390.054125,scenario_000,short
11337,380,1.168852,0.293752,0.501432,1,382.880769,scenario_000,short
11338,380,2.504939,0.660932,0.631027,1,385.098596,scenario_000,short
11339,380,22.612644,0.25961,0.830274,1,433.243947,scenario_000,medium
11340,380,15.988964,0.339947,0.234583,1,428.114613,scenario_000,medium
11341,380,1.362914,0.289358,0.360971,2,381.784754,scenario_000,short
11342,380,1.720843,0.129745,0.371548,1,384.929602,scenario_000,short
11343,380,1.205255,0.448999,0.428174,0,384.149531,scenario_000,short
11344,380,1.565125,0.152449,0.252544,0,385.231942,scenario_000,short
11345,380,7.564501,0.58542,0.558761,1,401.255867,scenario_000,medium
11346,380,3.318522,0.66865,0.894082,0,391.535485,scenario_000,short
11347,380,1.63074,0.173067,0.265082,0,386.657363,scenario_000,short
11348,380,9.064466,0.472054,0.882472,2,395.315684,scenario_000,medium
11349,380,2.441875,0.756843,1.0,0,386.650844,scenario_000,short
11350,380,10.768891,0.826333,0.729497,0,427.132773,scenario_000,medium
11351,380,5.710021,0.64575,0.901683,0,400.747936,scenario_000,medium
11352,380,14.732722,0.596553,0.66607,2,406.417941,scenario_000,medium
11353,380,10.966303,0.150543,0.179066,0,411.491271,scenario_000,medium
11354,380,13.732576,0.989465,0.943431,0,440.413246,scenario_000,medium
11355,380,5.480425,0.507114,0.534343,1,390.604347,scenario_000,medium
11356,380,1.743938,0.564992,0.697492,0,384.938715,scenario_000,short
11357,380,7.925848,0.825121,0.853972,2,390.494058,scenario_000,long
11358,380,1.353666,0.714803,0.579566,1,383.12122,scenario_000,short
11359,380,7.495972,0.710985,0.934544,1,399.117162,scenario_000,medium
11360,380,1.232893,0.319677,0.545066,1,383.074703,scenario_000,short
11361,380,1.698153,0.150832,0.239939,2,383.066184,scenario_000,short
11362,380,8.074307,0.595857,0.600019,1,400.007858,scenario_000,medium
11363,380,14.715584,0.635018,0.638268,1,412.793619,scenario_000,medium
11364,380,1.621936,0.239075,0.576374,2,382.345958,scenario_000,short
11365,380,2.160013,0.288219,0.472223,2,383.037309,scenario_000,short
11366,380,1.384052,0.317838,0.355631,2,382.482749,scenario_000,short
11367,380,1.790125,0.137367,0.096732,2,383.075817,scenario_000,short
11368,380,1.524319,0.119924,0.398773,1,384.413139,scenario_000,short
11369,380,2.585786,0.421667,0.637327,2,384.363798,scenario_000,short
11370,380,1.378915,0.218783,0.762353,2,381.639405,scenario_000,short
11371,380,3.026367,0.229403,0.33778,0,388.530415,scenario_000,short
11372,380,2.377612,0.190394,0.508644,2,383.055348,scenario_000,short
11373,381,7.479775,0.604467,0.694242,1,394.850531,scenario_000,medium
11374,381,13.611548,0.369196,0.428481,1,413.869494,scenario_000,medium
11375,381,1.857055,0.212121,0.215158,0,387.913473,scenario_000,short
11376,381,14.302349,0.46968,0.753485,0,436.087155,scenario_000,medium
11377,381,8.085842,0.262504,0.413902,0,401.857728,scenario_000,medium
11378,381,1.342724,0.6441,0.475305,2,382.959111,scenario_000,short
11379,381,9.146129,0.43716,0.470071,2,396.496379,scenario_000,medium
11380,381,1.941035,0.765109,0.645652,2,383.494792,scenario_000,short
11381,381,1.567476,0.355696,0.583562,1,384.401634,scenario_000,short
11382,381,11.744471,0.650341,0.563218,0,417.006497,scenario_000,medium
11383,381,2.736438,0.658062,0.759376,1,389.153353,scenario_000,short
11384,381,1.677696,0.699764,0.585103,1,385.304389,scenario_000,short
11385,381,1.906752,0.32216,0.215116,0,387.622799,scenario_000,short
11386,381,17.685441,1.0,0.672412,1,418.155309,scenario_000,medium
11387,381,1.482729,0.118475,0.119405,1,385.048824,scenario_000,short
11388,381,1.382324,0.405398,0.465391,2,383.580667,scenario_000,short
11389,381,15.026897,0.198874,0.168786,2,410.498164,scenario_000,medium
11390,381,1.259095,0.305455,0.472416,0,384.820179,scenario_000,short
11391,381,2.290184,0.068007,0.237221,1,385.838858,scenario_000,short
11392,381,1.524193,0.120631,0.421742,1,385.394242,scenario_000,short
11393,381,2.584837,0.174487,0.144853,0,391.751386,scenario_000,short
11394,381,2.066045,0.522464,0.690828,0,386.896084,scenario_000,short
11395,381,20.602827,0.522536,0.526614,1,441.860111,scenario_000,medium
11396,381,1.78175,0.422613,0.591039,1,385.989367,scenario_000,short
11397,381,1.708497,0.47042,0.51533,2,384.468027,scenario_000,short
11398,381,7.470455,0.423499,0.735091,0,409.974732,scenario_000,medium
11399,381,18.338587,0.692702,0.654492,0,438.771285,scenario_000,long
11400,381,1.742424,0.280228,0.56748,0,388.353265,scenario_000,short
11401,381,10.285771,0.783409,0.642441,2,394.859019,scenario_000,medium
11402,381,14.642236,0.911742,0.67533,2,398.56582,scenario_000,medium
11403,381,9.853252,0.424327,0.731243,0,418.188822,scenario_000,medium
11404,381,12.150247,0.221911,0.476976,1,415.995959,scenario_000,medium
11405,381,22.183604,0.452233,0.503815,1,437.401679,scenario_000,long
11406,381,14.434578,0.534673,0.953506,0,446.026868,scenario_000,long
11407,381,13.618729,0.478323,0.655439,2,408.153876,scenario_000,medium
11408,381,1.480156,0.401188,0.75289,0,386.84348,scenario_000,short
11409,381,1.906815,0.187208,0.650234,0,386.948261,scenario_000,short
11410,381,2.201146,0.178214,0.471072,0,388.757457,scenario_000,short
11411,381,12.189295,0.306834,0.393511,0,421.419727,scenario_000,medium
11412,381,2.243874,0.19019,0.386539,0,389.461708,scenario_000,short
11413,381,1.403368,0.860783,0.950011,0,385.137549,scenario_000,short
11414,381,1.945038,0.08905,0.238436,0,388.567935,scenario_000,short
11415,381,9.254657,0.484218,0.431903,0,412.874114,scenario_000,medium
11416,381,1.235452,0.668419,0.758318,1,383.777664,scenario_000,short
11417,381,2.940617,0.636818,0.835702,1,388.080742,scenario_000,short
11418,381,8.925355,0.546887,0.482391,1,401.551595,scenario_000,medium
11419,381,10.235715,0.236058,0.481035,0,426.114757,scenario_000,medium
11420,381,1.513164,0.550344,0.756704,1,385.505793,scenario_000,short
11421,381,10.493106,0.400566,0.426012,0,418.83524,scenario_000,medium
11422,381,1.852818,0.451823,0.495675,0,386.769576,scenario_000,short
11423,381,1.671891,0.252054,0.526606,2,383.64328,scenario_000,short
11424,381,10.7677,0.774565,0.59132,2,398.519231,scenario_000,medium
11425,381,1.4911,0.420063,0.597397,2,383.314901,scenario_000,short
11426,381,22.304663,0.421757,0.568484,2,425.581402,scenario_000,medium
11427,381,17.273288,0.300476,0.266134,0,441.103583,scenario_000,medium
11428,381,1.185249,0.20769,0.087374,0,384.034367,scenario_000,short
11429,381,1.945469,0.644143,0.453715,0,389.690909,scenario_000,short
11430,381,1.826731,0.066742,0.200992,1,385.437422,scenario_000,short
11431,381,2.371244,0.219852,0.213967,1,387.730127,scenario_000,short
11432,381,1.288637,0.318202,0.492601,0,385.695039,scenario_000,short
11433,381,11.262367,0.51411,0.37184,0,431.659664,scenario_000,medium
11434,381,2.042581,0.271473,0.312057,2,384.2982,scenario_000,short
11435,382,1.921556,0.154276,0.618154,0,388.755351,scenario_000,short
11436,382,2.318268,0.05741,0.659291,0,390.929758,scenario_000,short
11437,382,11.027151,0.326955,0.32782,1,405.664546,scenario_000,medium
11438,382,9.536446,0.651025,0.602874,1,408.358494,scenario_000,medium
11439,382,15.848237,0.198842,0.254345,0,443.100487,scenario_000,medium
11440,382,18.241329,0.722152,0.605085,2,408.833425,scenario_000,long
11441,382,10.193146,0.282969,0.411705,0,414.25228,scenario_000,medium
11442,382,1.625905,0.53157,0.518485,0,387.300425,scenario_000,short
11443,382,11.302292,0.425015,0.472415,1,416.027882,scenario_000,medium
11444,382,2.185756,0.221762,0.392593,2,386.337054,scenario_000,short
11445,382,2.487316,0.406651,0.41509,2,386.874389,scenario_000,short
11446,382,1.712394,0.206023,0.69351,1,387.333465,scenario_000,short
11447,382,1.440016,0.200497,0.327375,0,386.35503,scenario_000,short
11448,382,2.232698,0.082586,0.349184,0,387.694265,scenario_000,short
11449,382,1.807079,0.211222,0.209322,2,385.264289,scenario_000,short
11450,382,2.054804,0.070792,0.071937,2,385.223925,scenario_000,short
11451,382,9.007184,0.688648,0.50162,2,392.646259,scenario_000,medium
11452,382,2.381076,0.295458,0.296554,2,386.555281,scenario_000,short
11453,382,1.441424,0.55194,0.69969,0,386.34055,scenario_000,short
11454,382,24.845063,0.73451,0.501985,0,450.704546,scenario_000,long
11455,382,1.979184,0.393719,0.787522,1,385.799044,scenario_000,short
11456,382,2.174562,0.266177,0.463019,0,389.119883,scenario_000,short
11457,382,2.064849,0.480871,0.948515,1,386.98574,scenario_000,short
11458,382,1.308344,0.600742,0.668596,0,386.111416,scenario_000,short
11459,382,1.641799,0.132373,0.145166,0,386.422047,scenario_000,short
11460,382,1.572366,0.417259,0.353381,1,385.378025,scenario_000,short
11461,382,12.993848,0.371881,0.945561,0,428.484605,scenario_000,medium
11462,382,13.472706,0.598735,0.839392,2,401.118294,scenario_000,medium
11463,382,1.940644,0.418872,0.597238,1,386.489877,scenario_000,short
11464,382,10.724877,0.610025,0.487687,2,400.666585,scenario_000,medium
11465,382,2.205645,0.478206,0.503952,1,388.47979,scenario_000,short
11466,382,8.94739,0.928101,1.0,0,406.519309,scenario_000,medium
11467,382,2.19077,0.327526,0.353597,0,391.369581,scenario_000,short
11468,382,14.752018,0.2283,0.319749,2,407.707008,scenario_000,medium
11469,382,1.637165,0.747039,0.996238,2,384.68553,scenario_000,short
11470,382,18.611061,0.177629,0.267578,1,434.59849,scenario_000,medium
11471,382,16.100033,0.299678,0.31724,2,407.79816,scenario_000,medium
11472,382,1.341761,0.206526,0.402728,1,385.905707,scenario_000,short
11473,382,11.632705,0.971704,1.0,1,417.240556,scenario_000,long
11474,382,1.839688,0.260941,0.317561,1,385.3332,scenario_000,short
11475,382,1.749915,0.081901,0.147576,0,388.21476,scenario_000,short
11476,382,11.511916,0.355392,0.543503,2,403.222178,scenario_000,medium
11477,382,6.757296,0.643567,0.639126,0,405.765743,scenario_000,medium
11478,382,8.812745,0.843176,0.833675,2,399.611103,scenario_000,medium
11479,382,2.058072,0.215199,0.225989,1,387.335002,scenario_000,short
11480,382,10.519785,0.199519,0.327368,0,411.540264,scenario_000,medium
11481,382,1.592136,0.11972,0.316709,0,388.872534,scenario_000,short
11482,382,14.338284,0.264446,0.326048,2,411.029733,scenario_000,medium
11483,382,2.000729,0.258667,0.424055,0,390.084582,scenario_000,short
11484,382,1.548311,0.059037,0.168719,1,385.343746,scenario_000,short
11485,382,13.308314,1.0,1.0,2,407.982385,scenario_000,medium
11486,382,10.337799,0.667758,1.0,2,398.311894,scenario_000,medium
11487,382,11.850182,0.817867,1.0,0,428.863271,scenario_000,long
11488,382,1.889126,0.253028,0.433168,0,389.316253,scenario_000,short
11489,382,6.877398,0.303393,0.566409,2,392.290896,scenario_000,medium
11490,382,9.690328,0.602351,0.880712,1,402.995852,scenario_000,medium
11491,382,7.276371,0.896109,0.742507,2,392.813762,scenario_000,medium
11492,382,6.018741,0.641946,0.944624,2,394.100659,scenario_000,medium
11493,382,1.879647,0.204008,0.674361,2,384.973907,scenario_000,short
11494,382,2.275793,0.427035,0.384927,1,387.804491,scenario_000,short
11495,382,27.429305,0.720765,0.459361,2,437.408056,scenario_000,long
11496,382,1.495714,0.121616,0.538881,0,387.496535,scenario_000,short
11497,382,7.241373,0.527549,0.414131,0,412.198753,scenario_000,medium
11498,382,20.581855,0.404094,0.46825,2,412.704388,scenario_000,medium
11499,382,2.514419,0.559578,0.50511,2,387.144076,scenario_000,short
11500,382,2.482385,0.058475,0.12857,2,386.385052,scenario_000,short
11501,382,1.582032,0.257095,0.485276,1,385.025784,scenario_000,short
11502,382,2.281954,0.302818,0.510509,0,389.509513,scenario_000,short
11503,382,14.440321,0.467398,0.643114,0,431.031578,scenario_000,medium
11504,383,2.31695,0.398388,0.350807,0,392.715725,scenario_000,short
11505,383,2.835474,0.343833,0.469714,0,390.904343,scenario_000,short
11506,383,8.06714,0.663111,0.513439,2,398.306789,scenario_000,medium
11507,383,1.674938,0.519275,0.822307,1,386.396407,scenario_000,short
11508,383,7.446347,0.633456,0.908809,2,394.75075,scenario_000,medium
11509,383,1.554864,0.127378,0.492413,0,387.566265,scenario_000,short
11510,383,2.28124,0.155953,0.307876,2,386.667081,scenario_000,short
11511,383,7.251439,0.731546,0.59933,1,397.495094,scenario_000,medium
11512,383,15.842445,0.474322,0.732545,0,444.777584,scenario_000,medium
11513,383,9.43396,0.96682,0.984734,0,411.324894,scenario_000,medium
11514,383,2.713289,0.13849,0.398517,1,387.8627,scenario_000,short
11515,383,8.644514,0.5774,0.715233,1,408.61619,scenario_000,medium
11516,383,1.299858,0.191585,0.293472,2,385.408808,scenario_000,short
11517,383,2.06096,0.592115,0.581345,1,387.706662,scenario_000,short
11518,383,16.473817,0.959769,0.885578,0,435.392665,scenario_000,long
11519,383,2.033459,0.359169,0.194895,0,390.550312,scenario_000,short
11520,383,14.196558,0.315883,0.410322,0,432.579838,scenario_000,medium
11521,383,1.740947,0.42171,0.570871,2,386.345413,scenario_000,short
11522,383,11.658292,0.530178,1.0,0,433.420175,scenario_000,medium
11523,383,1.448287,0.746091,1.0,0,388.555911,scenario_000,short
11524,383,2.087031,0.394273,0.393728,0,391.561502,scenario_000,short
11525,383,5.952098,0.343922,0.484416,0,402.360791,scenario_000,medium
11526,383,1.191851,0.485622,0.717437,0,388.2868,scenario_000,short
11527,383,1.679054,0.418061,0.490941,2,385.848207,scenario_000,short
11528,383,1.92911,0.423195,0.406308,2,385.344748,scenario_000,short
11529,383,2.146319,0.819464,0.791819,0,389.607434,scenario_000,short
11530,383,1.44308,0.428689,0.852073,0,389.292413,scenario_000,short
11531,383,1.82018,0.341581,0.337157,1,386.563574,scenario_000,short
11532,383,2.195422,0.245898,0.345135,1,387.768221,scenario_000,short
11533,383,2.652314,0.266842,0.1738,2,386.268498,scenario_000,short
11534,383,1.423901,0.16904,0.625917,0,387.996419,scenario_000,short
11535,383,7.625172,0.536461,0.478285,0,409.075597,scenario_000,medium
11536,383,12.849007,0.582475,0.652072,1,411.456547,scenario_000,medium
11537,383,18.63857,0.19774,0.266854,0,453.744954,scenario_000,medium
11538,383,11.008331,0.484065,0.36092,2,401.113433,scenario_000,medium
11539,383,1.551815,0.594438,0.560391,1,386.295364,scenario_000,short
11540,383,1.461299,0.830133,0.705911,2,385.445714,scenario_000,short
11541,383,2.198139,0.673338,0.754824,2,385.987269,scenario_000,short
11542,383,1.786122,0.180224,0.777712,1,388.181257,scenario_000,short
11543,383,1.870173,0.399431,0.72654,1,388.303681,scenario_000,short
11544,383,2.097801,0.432847,0.420489,0,390.485952,scenario_000,short
11545,383,7.502913,0.234892,0.182853,1,404.385337,scenario_000,medium
11546,383,1.379823,0.370752,0.296683,1,387.274782,scenario_000,short
11547,383,17.67983,0.528553,0.520053,2,409.385791,scenario_000,medium
11548,383,12.856642,0.688543,0.876775,1,413.190073,scenario_000,medium
11549,383,10.068909,0.621845,0.741902,2,401.289949,scenario_000,medium
11550,383,1.611643,0.178992,0.112188,0,389.411821,scenario_000,short
11551,383,2.814295,0.305199,0.778073,0,390.924307,scenario_000,short
11552,383,1.822135,0.163442,0.426603,1,388.221384,scenario_000,short
11553,383,1.422248,0.171879,0.160346,0,387.936376,scenario_000,short
11554,383,15.505874,0.621056,0.769905,0,437.871406,scenario_000,medium
11555,383,13.455916,0.18812,0.424063,0,417.312263,scenario_000,medium
11556,383,2.146855,0.445592,0.391356,1,387.536333,scenario_000,short
11557,383,12.892163,0.644229,0.660795,0,435.211452,scenario_000,medium
11558,383,9.953608,0.865418,1.0,0,424.817621,scenario_000,medium
11559,383,14.537601,0.625712,0.550574,0,443.753142,scenario_000,long
11560,383,1.946839,0.569273,0.395295,2,385.376782,scenario_000,short
11561,383,1.774035,0.135623,0.20225,0,389.508704,scenario_000,short
11562,383,1.805338,0.297071,0.477231,2,385.235625,scenario_000,short
11563,383,15.389751,0.400783,0.423979,0,422.954549,scenario_000,medium
11564,383,2.200381,0.562345,0.739944,2,387.42783,scenario_000,short
11565,383,1.719933,0.114347,0.389332,0,389.264344,scenario_000,short
11566,383,2.057178,0.65492,0.760785,0,390.179278,scenario_000,short
11567,383,10.169327,0.607035,0.60327,0,412.273011,scenario_000,medium
11568,384,9.374997,0.618947,1.0,2,395.659305,scenario_000,medium
11569,384,24.52855,0.277786,0.394286,1,432.558834,scenario_000,medium
11570,384,22.460447,0.680191,0.764592,0,458.738998,scenario_000,medium
11571,384,2.18942,0.363145,0.545729,1,388.858721,scenario_000,short
11572,384,1.79576,0.225616,0.1611,2,387.566212,scenario_000,short
11573,384,1.554886,0.423914,0.34076,2,386.034721,scenario_000,short
11574,384,10.706811,0.441071,0.438183,0,428.415813,scenario_000,medium
11575,384,1.51551,0.560849,0.671884,1,387.132833,scenario_000,short
11576,384,1.36564,0.116556,0.588377,0,388.870297,scenario_000,short
11577,384,13.454708,0.679024,0.922286,0,439.596666,scenario_000,medium
11578,384,16.403217,0.625342,1.0,2,416.679817,scenario_000,medium
11579,384,1.566869,0.408724,0.304886,2,387.060104,scenario_000,short
11580,384,1.599357,0.20016,0.193259,2,387.071269,scenario_000,short
11581,384,2.313627,0.215037,0.529141,1,389.419672,scenario_000,short
11582,384,1.941236,0.405013,0.312516,2,386.994313,scenario_000,short
11583,384,2.268629,0.278968,0.406426,2,386.827379,scenario_000,short
11584,384,1.413696,0.747794,0.557307,0,389.100976,scenario_000,short
11585,384,1.838675,0.125611,0.235462,0,389.047912,scenario_000,short
11586,384,12.072679,0.762836,0.803235,0,426.016739,scenario_000,medium
11587,384,1.553432,0.518612,0.321278,1,388.80592,scenario_000,short
11588,384,15.01074,0.613495,0.487272,2,414.654143,scenario_000,medium
11589,384,14.231704,0.849938,0.868517,2,407.370732,scenario_000,medium
11590,384,1.582932,0.834714,0.624369,1,388.999775,scenario_000,short
11591,384,1.846447,0.660188,0.601174,1,387.613281,scenario_000,short
11592,384,1.845257,0.370304,0.433144,0,392.298836,scenario_000,short
11593,384,14.36575,1.0,0.895829,0,440.468601,scenario_000,long
11594,384,1.924622,0.35567,0.701364,0,390.274254,scenario_000,short
11595,384,15.132772,0.597999,0.769974,1,413.966383,scenario_000,medium
11596,384,19.256752,0.279518,0.259148,0,467.520172,scenario_000,medium
11597,384,2.316784,0.117866,0.339554,2,387.789308,scenario_000,short
11598,384,7.71053,0.668889,0.657549,0,411.245325,scenario_000,medium
11599,384,9.055888,0.225103,0.457322,0,423.360555,scenario_000,medium
11600,384,17.491413,0.671405,0.724202,2,408.772473,scenario_000,long
11601,384,1.855294,0.276609,0.302952,0,389.827085,scenario_000,short
11602,384,2.293032,0.315281,0.479,1,388.810645,scenario_000,short
11603,384,1.505327,0.372574,0.331367,2,386.019471,scenario_000,short
11604,384,1.384681,0.425763,0.436591,0,388.677106,scenario_000,short
11605,384,1.761675,0.199058,0.489956,0,389.274678,scenario_000,short
11606,384,7.605507,0.662029,0.445938,1,398.194943,scenario_000,medium
11607,384,1.564271,0.345003,0.499952,0,390.448822,scenario_000,short
11608,384,1.394223,0.74714,0.991604,1,387.01721,scenario_000,short
11609,384,1.522478,0.63466,0.601425,2,386.435244,scenario_000,short
11610,384,19.80606,0.551958,0.621297,0,460.220037,scenario_000,long
11611,384,2.130197,0.512035,0.626152,1,390.445825,scenario_000,short
11612,384,1.513436,0.344845,0.303763,0,389.081722,scenario_000,short
11613,384,1.385378,0.290556,0.390758,0,390.08489,scenario_000,short
11614,384,23.913393,1.0,0.784104,0,475.72385,scenario_000,long
11615,384,1.742845,0.245869,0.355741,0,390.262315,scenario_000,short
11616,384,2.074443,0.159096,0.427937,2,387.211698,scenario_000,short
11617,384,31.716892,0.345283,0.684718,1,446.696702,scenario_000,long
11618,384,2.258304,0.802898,0.602433,0,392.192422,scenario_000,short
11619,385,1.499191,0.231793,0.251559,0,388.875114,scenario_000,short
11620,385,2.12154,0.707212,0.625369,0,390.461762,scenario_000,short
11621,385,1.513011,0.55752,0.652745,1,388.007546,scenario_000,short
11622,385,1.878709,0.306813,0.363485,2,387.899355,scenario_000,short
11623,385,8.970991,0.471668,0.590502,0,418.287148,scenario_000,medium
11624,385,1.344936,0.193871,0.787284,1,388.847171,scenario_000,short
11625,385,1.983347,0.278788,0.385432,2,387.665317,scenario_000,short
11626,385,16.225508,0.23494,0.219337,1,431.173919,scenario_000,medium
11627,385,10.751688,0.867741,0.563899,1,406.266752,scenario_000,medium
11628,385,1.712313,0.376514,0.3417,1,389.055941,scenario_000,short
11629,385,2.658015,0.274834,0.663839,1,392.951589,scenario_000,short
11630,385,1.746184,0.819822,0.724201,0,390.251351,scenario_000,short
11631,385,5.657496,0.400427,0.482569,1,402.126341,scenario_000,medium
11632,385,15.189355,0.292167,0.431878,2,405.867069,scenario_000,medium
11633,385,1.48981,0.3715,0.338181,2,387.784036,scenario_000,short
11634,385,6.825664,0.219463,0.284063,2,396.334194,scenario_000,medium
11635,385,2.160044,0.510403,0.391902,0,391.71563,scenario_000,short
11636,385,1.624601,0.5358,0.379928,1,390.010481,scenario_000,short
11637,385,2.123708,0.222759,0.535051,0,390.986178,scenario_000,short
11638,385,2.907517,0.34583,0.534113,2,390.47043,scenario_000,short
11639,385,16.272583,0.197751,0.568486,2,405.489821,scenario_000,medium
11640,385,1.879762,0.655147,1.0,1,390.002936,scenario_000,short
11641,385,1.458261,0.407166,0.49172,2,387.608876,scenario_000,short
11642,385,23.686313,0.120831,0.161471,0,485.251746,scenario_000,medium
11643,385,1.113447,0.534046,0.591105,0,388.211219,scenario_000,short
11644,385,2.129053,0.286075,0.288704,0,392.469056,scenario_000,short
11645,385,11.100985,0.511602,0.604499,1,407.030816,scenario_000,medium
11646,385,15.274177,0.633485,0.708837,1,431.189578,scenario_000,medium
11647,385,1.472387,0.762945,0.892812,2,386.710744,scenario_000,short
11648,385,11.777407,0.669039,0.524319,1,412.759032,scenario_000,medium
11649,385,1.923336,0.117569,0.351372,0,392.62878,scenario_000,short
11650,385,9.772903,0.733645,0.772655,1,405.773218,scenario_000,medium
11651,385,1.453386,0.427698,0.552911,0,389.508394,scenario_000,short
11652,385,16.850361,0.641802,0.779568,0,430.077538,scenario_000,medium
11653,385,10.657875,0.30393,0.782882,1,412.577047,scenario_000,medium
11654,385,1.384439,0.676338,0.820061,2,386.769532,scenario_000,short
11655,385,1.801732,0.780858,0.955632,2,388.043177,scenario_000,short
11656,385,1.650269,0.390652,0.42991,1,388.179923,scenario_000,short
11657,385,1.943296,0.582117,0.487956,0,390.24711,scenario_000,short
11658,385,7.584553,0.192496,0.05,2,396.652274,scenario_000,medium
11659,385,1.611345,0.183926,0.283002,0,391.325418,scenario_000,short
11660,385,1.474135,0.117291,0.446514,1,388.033985,scenario_000,short
11661,385,1.838191,0.151554,0.176809,2,388.725532,scenario_000,short
11662,385,1.519096,0.229515,0.382422,2,388.136964,scenario_000,short
11663,385,2.410122,0.387876,0.308997,0,392.599905,scenario_000,short
11664,385,1.934405,0.543855,0.38359,1,389.792178,scenario_000,short
11665,385,1.939588,0.37209,0.376525,0,392.196293,scenario_000,short
11666,385,2.049316,0.344209,0.524074,0,393.569203,scenario_000,short
11667,385,8.105635,0.417742,0.477662,2,396.832987,scenario_000,medium
11668,385,17.140657,0.905344,0.747208,0,461.037059,scenario_000,long
11669,385,2.095589,0.099287,0.240102,0,393.875096,scenario_000,short
11670,385,12.781454,0.604717,0.400144,1,421.653064,scenario_000,medium
11671,385,8.505397,0.325819,0.340975,0,422.939811,scenario_000,medium
11672,385,10.809722,0.226132,0.355925,0,428.823877,scenario_000,medium
11673,385,17.941862,0.342994,0.48473,1,428.96502,scenario_000,medium
11674,385,8.478075,0.70245,0.498707,2,395.046477,scenario_000,medium
11675,385,1.794309,0.16667,0.796113,2,388.04309,scenario_000,short
11676,385,10.459769,0.202703,0.720515,2,398.534108,scenario_000,medium
11677,385,18.694246,1.0,0.861783,0,444.76391,scenario_000,long
11678,385,1.588932,0.348083,0.797739,1,387.903387,scenario_000,short
11679,385,2.02002,0.083839,0.092288,2,388.758738,scenario_000,short
11680,385,11.591446,0.792432,0.793911,2,404.3974,scenario_000,medium
11681,385,14.844331,0.326943,0.312731,2,405.181984,scenario_000,long
11682,385,2.096536,0.501014,0.684504,0,390.399621,scenario_000,short
11683,385,1.676388,0.62223,1.0,2,386.953523,scenario_000,short
11684,386,1.84247,0.326197,0.552498,1,391.477828,scenario_000,short
11685,386,2.149062,0.512326,0.684082,0,392.686718,scenario_000,short
11686,386,2.380812,0.281346,0.588896,0,393.308216,scenario_000,short
11687,386,1.603728,0.249571,0.292964,2,389.164212,scenario_000,short
11688,386,2.38543,0.208308,0.231842,2,390.09749,scenario_000,short
11689,386,29.638906,0.659824,0.618833,0,506.277021,scenario_000,long
11690,386,10.631898,0.270526,0.529059,0,430.315677,scenario_000,medium
11691,386,28.902853,0.222097,0.558494,0,482.627365,scenario_000,medium
11692,386,2.021029,0.068831,0.306975,2,389.579429,scenario_000,short
11693,386,7.287893,0.821909,0.722388,2,397.38089,scenario_000,medium
11694,386,1.318545,0.53896,0.660539,2,387.772392,scenario_000,short
11695,386,1.618013,0.296796,0.708607,0,392.719078,scenario_000,short
11696,386,1.913541,0.574367,0.537356,2,388.250028,scenario_000,short
11697,386,2.2213,0.091164,0.09781,1,392.777766,scenario_000,short
11698,386,5.956077,0.683219,0.531336,0,412.112005,scenario_000,medium
11699,386,1.65536,0.12435,0.645382,0,390.368095,scenario_000,short
11700,386,1.705341,0.420018,0.433286,2,388.095414,scenario_000,short
11701,386,1.765965,0.112407,0.267352,1,391.571894,scenario_000,short
11702,386,1.805127,0.153275,0.213162,2,388.693205,scenario_000,short
11703,386,9.328483,0.650165,0.9146,2,398.553422,scenario_000,medium
11704,386,12.155786,0.479677,0.543525,2,406.504467,scenario_000,medium
11705,386,1.164501,0.495496,0.672245,1,388.89546,scenario_000,short
11706,386,1.197142,0.281793,0.284971,2,388.316195,scenario_000,short
11707,386,1.590788,0.351603,0.38477,0,390.356747,scenario_000,short
11708,386,1.413995,0.097309,0.537987,1,388.606407,scenario_000,short
11709,386,1.12505,0.369055,0.543817,0,389.690163,scenario_000,short
11710,386,16.912899,0.952736,0.732049,0,457.990545,scenario_000,medium
11711,386,17.567195,0.559492,0.831057,0,435.967521,scenario_000,medium
11712,386,13.110197,0.43578,0.899777,2,407.01064,scenario_000,medium
11713,386,1.913015,0.411344,0.532317,0,392.834937,scenario_000,short
11714,386,5.200127,0.671146,0.611874,1,399.751571,scenario_000,medium
11715,386,1.867499,0.633423,0.465705,2,388.246224,scenario_000,short
11716,386,1.952286,0.141956,0.266864,2,389.917641,scenario_000,short
11717,386,1.625222,0.078661,0.379342,2,388.757945,scenario_000,short
11718,386,14.794353,0.507247,0.569306,2,409.527205,scenario_000,long
11719,386,1.498909,0.054766,0.293108,2,388.184688,scenario_000,short
11720,386,2.078582,0.59466,0.549266,2,388.558475,scenario_000,short
11721,386,1.467603,0.142047,0.358251,0,391.834293,scenario_000,short
11722,386,1.779101,0.837096,0.932745,2,388.485091,scenario_000,short
11723,386,14.754987,0.406181,0.283121,0,440.132038,scenario_000,medium
11724,386,14.791155,0.218735,0.356207,2,406.809645,scenario_000,medium
11725,386,1.786901,0.21998,0.391717,2,388.221746,scenario_000,short
11726,386,7.03058,0.410652,0.722191,0,414.77396,scenario_000,medium
11727,386,2.692336,0.364185,0.46649,2,389.261041,scenario_000,short
11728,386,1.630492,0.123646,0.294841,2,389.189266,scenario_000,short
11729,386,2.039769,0.508401,0.89947,2,388.764213,scenario_000,short
11730,386,2.414889,0.150252,0.535994,0,395.345103,scenario_000,short
11731,386,8.416653,0.338827,0.302712,0,422.962772,scenario_000,medium
11732,386,1.344129,0.154896,0.293025,0,389.923546,scenario_000,short
11733,386,1.547096,0.105262,0.188663,1,390.465785,scenario_000,short
11734,386,12.828,0.610805,0.606249,0,423.511887,scenario_000,medium
11735,386,10.129616,0.665291,0.564763,0,415.949557,scenario_000,medium
11736,386,12.998378,0.471194,0.532991,1,415.987815,scenario_000,medium
11737,386,2.191813,0.19346,0.212297,2,390.41374,scenario_000,short
11738,386,1.798308,0.179395,0.5405,2,389.043199,scenario_000,short
11739,386,1.454707,0.42161,0.726608,0,390.546959,scenario_000,short
11740,386,9.692607,0.76931,1.0,0,413.753717,scenario_000,medium
11741,386,9.559451,0.814844,0.921306,0,420.969374,scenario_000,medium
11742,386,2.695914,0.282911,0.417764,0,393.821457,scenario_000,short
11743,386,9.270202,0.160912,0.248018,2,404.335602,scenario_000,medium
11744,386,1.861573,0.109669,0.211821,1,390.089529,scenario_000,short
11745,386,1.578869,0.250956,0.698787,2,388.803078,scenario_000,short
11746,386,16.740242,0.253753,0.202728,1,433.942948,scenario_000,medium
11747,386,1.37607,0.3452,0.417267,0,392.019723,scenario_000,short
11748,386,1.864724,0.416697,0.548831,2,388.592236,scenario_000,short
11749,386,1.934284,0.056548,0.554781,0,391.491444,scenario_000,short
11750,386,1.90485,0.174739,0.404392,2,389.12539,scenario_000,short
11751,386,22.841514,1.0,0.816367,1,432.682913,scenario_000,long
11752,386,2.857315,0.122129,0.303112,0,397.848322,scenario_000,short
11753,386,12.441228,0.748908,0.678286,0,431.495735,scenario_000,long
11754,386,2.205326,0.5987,0.748038,2,389.889173,scenario_000,short
11755,386,1.745388,0.323918,0.242947,2,389.377858,scenario_000,short
11756,386,1.954247,0.580054,0.487381,0,393.443582,scenario_000,short
11757,387,2.072976,0.301381,0.704398,0,394.607195,scenario_000,short
11758,387,1.824549,0.093938,0.261424,2,390.344445,scenario_000,short
11759,387,2.121312,0.809643,0.636737,2,390.018557,scenario_000,short
11760,387,14.361567,0.467851,0.620085,2,416.541624,scenario_000,medium
11761,387,2.05587,0.101423,0.445898,0,395.145994,scenario_000,short
11762,387,2.083608,0.342201,0.396855,0,392.573528,scenario_000,short
11763,387,1.385037,0.708897,0.581549,1,391.064364,scenario_000,short
11764,387,12.970064,0.550298,0.498974,2,408.701585,scenario_000,medium
11765,387,16.495172,0.352275,0.462462,0,452.049395,scenario_000,medium
11766,387,9.045448,0.42025,0.375683,0,410.730252,scenario_000,medium
11767,387,1.637887,0.287626,0.706906,2,389.01896,scenario_000,short
11768,387,1.625188,0.164985,0.424366,0,392.253876,scenario_000,short
11769,387,1.594226,0.230359,0.232425,2,390.268006,scenario_000,short
11770,387,1.945789,0.091568,0.210069,2,390.735465,scenario_000,short
11771,387,2.240555,0.17727,0.286902,0,393.078872,scenario_000,short
11772,387,10.295084,0.193705,0.206983,0,416.367245,scenario_000,medium
11773,387,1.5114,0.658293,0.839888,1,391.022815,scenario_000,short
11774,387,1.753116,0.433249,0.343525,0,394.055015,scenario_000,short
11775,387,1.706157,0.665834,0.617435,2,389.112292,scenario_000,short
11776,387,6.95872,0.345265,0.433917,1,406.495221,scenario_000,medium
11777,387,11.972544,0.540361,0.599657,1,410.570936,scenario_000,medium
11778,387,1.943164,0.13848,0.17326,0,394.716886,scenario_000,short
11779,387,15.033811,1.0,0.944181,2,411.63869,scenario_000,medium
11780,387,1.565462,0.124098,0.494601,0,393.561138,scenario_000,short
11781,387,1.864189,0.382362,0.618307,2,389.447836,scenario_000,short
11782,387,14.669704,0.531541,0.775128,1,424.254273,scenario_000,long
11783,387,35.029365,0.494236,0.582695,1,467.331102,scenario_000,long
11784,387,1.417348,0.296337,0.484318,0,392.495313,scenario_000,short
11785,387,1.457344,0.079703,0.282976,2,388.87425,scenario_000,short
11786,387,2.272835,0.23147,0.350965,0,394.290804,scenario_000,short
11787,387,1.95491,0.400742,0.48039,0,395.642796,scenario_000,short
11788,387,14.476458,0.161927,0.32532,1,428.366531,scenario_000,medium
11789,387,10.366617,0.898231,0.750398,0,432.871493,scenario_000,long
11790,387,11.142737,0.864887,0.727071,0,418.813434,scenario_000,medium
11791,387,2.114087,0.514583,0.342298,2,390.641539,scenario_000,short
11792,388,11.43346,0.126276,0.29269,0,433.442717,scenario_000,medium
11793,388,1.747941,0.588251,0.78856,0,392.972534,scenario_000,short
11794,388,15.333908,0.261951,0.39032,2,413.449698,scenario_000,medium
11795,388,7.251625,0.863693,1.0,2,402.384125,scenario_000,medium
11796,388,2.007948,0.375147,0.474115,1,392.396377,scenario_000,short
11797,388,11.335244,0.221363,0.426773,2,402.09015,scenario_000,medium
11798,388,1.333708,0.079951,0.283671,1,391.222879,scenario_000,short
11799,388,1.575708,0.614385,0.885253,1,391.477826,scenario_000,short
11800,388,1.340533,0.237428,0.402551,0,391.578683,scenario_000,short
11801,388,7.647004,0.471051,0.481249,0,416.284687,scenario_000,medium
11802,388,7.075971,0.625822,0.548495,1,407.71657,scenario_000,medium
11803,388,2.09198,0.239548,0.424858,2,392.00373,scenario_000,short
11804,388,2.049077,0.213626,0.539886,1,394.158407,scenario_000,short
11805,388,1.076943,0.296183,0.595708,0,391.124774,scenario_000,short
11806,388,2.389465,0.545274,0.407592,2,392.180771,scenario_000,short
11807,388,4.623925,0.755326,0.826387,0,404.312579,scenario_000,medium
11808,388,1.548952,0.311998,0.560337,0,394.428697,scenario_000,short
11809,388,18.854991,0.60229,0.474632,0,467.448815,scenario_000,medium
11810,388,9.69969,0.674677,0.763796,1,412.344012,scenario_000,medium
11811,388,13.317226,0.207171,0.391573,2,408.957172,scenario_000,medium
11812,388,8.308611,0.995064,0.923193,2,397.803962,scenario_000,medium
11813,388,1.671698,0.757369,0.907442,2,390.55811,scenario_000,short
11814,388,2.286151,0.631369,0.945276,1,392.578312,scenario_000,short
11815,388,1.733605,0.177044,0.339503,2,391.422592,scenario_000,short
11816,388,13.082762,0.585591,0.632296,1,422.753756,scenario_000,medium
11817,389,24.89901,1.0,0.656626,0,492.676272,scenario_000,long
11818,389,2.043251,0.786918,0.717365,2,391.663822,scenario_000,short
11819,389,1.788237,0.34552,0.234496,2,391.686533,scenario_000,short
11820,389,1.561261,0.398157,0.34086,0,395.773442,scenario_000,short
11821,389,6.772768,1.0,0.952425,2,402.23446,scenario_000,medium
11822,389,1.298651,0.442299,0.548602,0,392.673289,scenario_000,short
11823,389,1.249506,0.387293,0.385088,0,393.038678,scenario_000,short
11824,389,7.305224,0.693581,1.0,0,416.936811,scenario_000,medium
11825,389,1.349166,0.258945,0.215569,2,390.749521,scenario_000,short
11826,389,8.390322,0.304688,0.437471,0,420.521324,scenario_000,medium
11827,389,1.850416,0.402949,0.726827,0,396.958,scenario_000,short
11828,389,1.62716,0.065969,0.324106,2,391.799212,scenario_000,short
11829,389,1.642364,0.331636,0.595702,0,395.873515,scenario_000,short
11830,389,11.78848,0.684509,0.518389,2,406.932843,scenario_000,medium
11831,389,8.058411,0.839028,0.769334,2,400.395336,scenario_000,medium
11832,389,1.427684,0.121636,0.466158,2,390.923969,scenario_000,short
11833,389,1.619231,0.077898,0.646289,1,392.430491,scenario_000,short
11834,389,15.258261,0.606589,0.905875,0,432.46684,scenario_000,medium
11835,389,2.169444,0.637331,0.472888,0,395.889067,scenario_000,short
11836,389,1.960713,0.712806,0.900338,1,393.031703,scenario_000,short
11837,389,1.450244,0.150725,0.477043,0,395.247128,scenario_000,short
11838,389,1.725529,0.534959,0.695967,0,395.161934,scenario_000,short
11839,389,9.796537,0.68378,1.0,0,424.219494,scenario_000,medium
11840,389,1.509989,0.714757,0.809613,0,393.092111,scenario_000,short
11841,389,10.054765,0.396209,0.666014,1,417.618341,scenario_000,medium
11842,389,12.162283,0.133969,0.130105,0,437.692757,scenario_000,medium
11843,389,14.583592,0.698575,0.659658,1,432.811507,scenario_000,medium
11844,389,15.201821,0.914736,1.0,0,450.172055,scenario_000,medium
11845,389,15.769132,0.414424,0.462848,0,444.974886,scenario_000,medium
11846,389,1.580512,0.234361,0.540004,0,393.094707,scenario_000,short
11847,389,2.206084,0.144116,0.505481,2,391.990619,scenario_000,short
11848,389,17.500236,0.583338,0.829136,1,423.168956,scenario_000,medium
11849,389,1.571197,0.369772,0.330291,2,391.569108,scenario_000,short
11850,389,2.002888,0.352947,0.515101,1,394.030569,scenario_000,short
11851,389,1.901965,0.453974,0.77577,0,394.365416,scenario_000,short
11852,389,1.707821,0.360819,0.450867,2,391.000965,scenario_000,short
11853,389,17.051313,0.286239,0.827112,0,440.139183,scenario_000,medium
11854,389,2.589156,0.411335,0.577877,0,398.000852,scenario_000,short
11855,389,1.403168,0.584592,0.611752,0,393.329333,scenario_000,short
11856,389,16.311792,0.146392,0.143755,0,431.602557,scenario_000,medium
11857,389,1.576645,0.626528,0.590026,2,392.131595,scenario_000,short
11858,389,1.89897,0.284443,0.346137,0,397.035128,scenario_000,short
11859,389,2.37874,0.167221,0.389145,0,396.165195,scenario_000,short
11860,389,1.304137,0.684141,0.872478,0,393.509953,scenario_000,short
11861,389,8.172129,0.7039,1.0,0,424.80577,scenario_000,medium
11862,389,19.99354,1.0,0.917609,2,427.160286,scenario_000,long
11863,389,19.795304,0.766417,0.644393,0,440.499568,scenario_000,long
11864,389,1.858918,0.130801,0.233674,2,391.366928,scenario_000,short
11865,389,22.564551,0.412538,0.565438,1,458.611011,scenario_000,medium
11866,389,2.273594,0.273042,0.375762,0,394.881545,scenario_000,short
11867,389,9.828942,0.561924,0.559414,0,419.484665,scenario_000,medium
11868,389,16.281422,0.46322,0.602667,0,455.531889,scenario_000,medium
11869,389,1.832786,0.38947,0.326116,0,396.140372,scenario_000,short
11870,389,1.424935,0.34598,0.450263,2,391.369169,scenario_000,short
11871,389,16.366136,0.163937,0.108806,2,420.444532,scenario_000,medium
11872,389,15.597412,0.384423,0.464577,2,415.600066,scenario_000,medium
11873,389,30.293018,0.977845,0.8012,2,447.363385,scenario_000,long
11874,389,22.133735,0.195813,0.232956,0,471.517408,scenario_000,medium
11875,390,1.377553,0.608067,0.457549,0,395.176448,scenario_000,short
11876,390,6.677752,0.259691,0.12782,2,400.417157,scenario_000,medium
11877,390,1.375633,0.679242,0.63601,0,394.673995,scenario_000,short
11878,390,1.430186,0.676989,0.838334,2,392.068637,scenario_000,short
11879,390,6.549481,0.439507,0.510829,1,409.865681,scenario_000,medium
11880,390,14.660021,0.827157,0.784562,1,417.801561,scenario_000,medium
11881,390,8.939463,0.181008,0.242896,0,420.690045,scenario_000,medium
11882,390,1.036142,0.384467,0.381326,1,391.943904,scenario_000,short
11883,390,8.758904,0.258701,0.428066,0,421.022843,scenario_000,medium
11884,390,1.917374,0.426762,0.66378,0,397.045253,scenario_000,short
11885,390,13.985135,1.0,0.806859,2,417.742177,scenario_000,medium
11886,390,1.438651,0.312052,0.347953,1,393.51196,scenario_000,short
11887,390,2.446222,0.575943,0.550202,2,394.269299,scenario_000,short
11888,390,13.030764,0.836387,0.7545,2,405.58656,scenario_000,medium
11889,390,10.593567,0.386614,0.592422,2,407.276919,scenario_000,medium
11890,390,1.136885,0.20586,0.401239,2,391.536465,scenario_000,short
11891,390,2.774778,0.153872,0.076671,0,401.483336,scenario_000,short
11892,390,2.612947,0.504156,0.423636,1,394.663957,scenario_000,short
11893,390,2.020604,0.271725,0.141264,0,396.70747,scenario_000,short
11894,390,12.755364,0.637607,0.970122,1,424.663762,scenario_000,long
11895,390,31.506436,0.56585,0.689191,1,458.920688,scenario_000,long
11896,390,1.452432,0.607555,0.637271,0,395.895152,scenario_000,short
11897,390,2.237501,0.217731,0.150984,2,393.668931,scenario_000,short
11898,390,11.301614,0.436104,0.313793,1,416.934111,scenario_000,medium
11899,390,2.183368,0.390839,0.416264,0,399.821536,scenario_000,short
11900,390,2.022396,0.43035,0.503452,0,398.773471,scenario_000,short
11901,390,1.785339,0.608362,0.492862,0,394.914312,scenario_000,short
11902,390,16.814458,0.558077,0.343653,0,449.109625,scenario_000,medium
11903,390,7.515537,0.675361,0.673121,1,412.536671,scenario_000,medium
11904,390,14.490799,0.622162,0.867442,0,430.181397,scenario_000,medium
11905,390,1.611046,0.142111,0.364081,0,397.191294,scenario_000,short
11906,390,1.505883,0.82997,0.52392,0,396.479402,scenario_000,short
11907,390,2.30382,0.180889,0.402187,2,393.161189,scenario_000,short
11908,390,1.521213,0.433124,0.351681,2,392.250769,scenario_000,short
11909,390,1.337309,0.106863,0.207033,1,394.212259,scenario_000,short
11910,390,1.513145,0.619892,0.897325,2,392.40544,scenario_000,short
11911,390,2.368097,0.262698,0.464639,0,397.365378,scenario_000,short
11912,390,1.671153,0.173083,0.589077,1,393.754904,scenario_000,short
11913,390,2.227989,0.328665,0.499452,0,396.261714,scenario_000,short
11914,390,1.161282,0.226038,0.366357,1,392.548763,scenario_000,short
11915,390,1.307139,0.104476,0.144979,0,394.599079,scenario_000,short
11916,390,17.418124,0.199995,0.112377,2,414.890863,scenario_000,medium
11917,390,27.976883,0.291065,0.419768,0,472.879173,scenario_000,medium
11918,390,1.411893,0.691001,0.613049,2,392.859794,scenario_000,short
11919,391,1.49796,0.077877,0.309852,1,394.397313,scenario_000,short
11920,391,1.678455,0.706677,0.541945,0,395.751844,scenario_000,short
11921,391,1.804919,0.341487,0.52651,1,394.750706,scenario_000,short
11922,391,2.128223,0.635267,0.749183,0,397.368273,scenario_000,short
11923,391,1.580385,0.337122,0.402129,0,396.818098,scenario_000,short
11924,391,2.638769,0.220799,0.432125,1,398.130738,scenario_000,short
11925,391,1.954818,0.47686,0.821033,0,399.624618,scenario_000,short
11926,391,1.451241,0.144567,0.24199,1,394.833489,scenario_000,short
11927,391,2.355342,0.17422,0.293391,2,395.647148,scenario_000,short
11928,391,2.742718,0.459271,0.566564,2,394.217432,scenario_000,short
11929,391,2.086449,0.217233,0.158605,0,397.096138,scenario_000,short
11930,391,1.077657,0.189223,0.351683,2,392.590527,scenario_000,short
11931,391,14.238007,0.81842,0.624321,2,416.179029,scenario_000,long
11932,391,9.031361,0.632309,0.769523,2,402.89092,scenario_000,medium
11933,391,2.103726,0.411043,0.640962,0,396.567575,scenario_000,short
11934,391,2.402905,0.195931,0.174734,0,400.59091,scenario_000,short
11935,391,1.888943,0.204267,0.146581,0,398.758142,scenario_000,short
11936,391,2.081981,0.144024,0.639263,0,396.444446,scenario_000,short
11937,391,2.378699,0.118015,0.173302,2,394.067993,scenario_000,short
11938,391,1.512326,0.752796,0.578798,0,394.92735,scenario_000,short
11939,391,1.522392,0.451109,0.507205,0,397.849784,scenario_000,short
11940,391,1.822874,0.406381,0.439431,1,395.440496,scenario_000,short
11941,391,12.548915,0.58108,0.531429,0,428.490283,scenario_000,medium
11942,391,1.299611,0.412749,0.737742,0,394.423527,scenario_000,short
11943,391,1.382552,0.300552,0.804673,0,395.19277,scenario_000,short
11944,391,1.233883,0.546049,0.567996,1,393.739323,scenario_000,short
11945,391,1.73353,0.697616,0.93814,0,398.025592,scenario_000,short
11946,391,1.519581,0.205248,0.318637,2,392.842771,scenario_000,short
11947,391,1.548868,0.100661,0.365477,0,397.853681,scenario_000,short
11948,391,9.958134,0.602289,0.589492,1,409.113087,scenario_000,medium
11949,391,19.938958,0.747443,0.687379,0,457.233505,scenario_000,long
11950,391,2.09797,0.449025,0.677247,0,397.46965,scenario_000,short
11951,391,1.585153,0.253739,0.431928,0,396.430417,scenario_000,short
11952,391,7.576746,0.636087,1.0,2,403.117682,scenario_000,medium
11953,391,1.44425,0.610676,0.931069,0,396.246074,scenario_000,short
11954,391,18.178184,0.141386,0.609745,2,417.441807,scenario_000,medium
11955,391,1.521234,0.627804,0.793674,2,393.491111,scenario_000,short
11956,392,1.705266,0.757402,1.0,1,396.633014,scenario_000,short
11957,392,1.775972,0.69207,0.731798,0,398.348285,scenario_000,short
11958,392,14.913768,0.873666,0.813679,0,430.788164,scenario_000,medium
11959,392,1.722084,0.216957,0.683678,0,398.665337,scenario_000,short
11960,392,2.141969,0.109145,0.730316,1,398.509181,scenario_000,short
11961,392,1.830845,0.300197,0.298597,0,396.938441,scenario_000,short
11962,392,1.695033,0.313753,0.331392,0,398.247575,scenario_000,short
11963,392,11.46353,0.617687,0.781672,0,429.038289,scenario_000,medium
11964,392,1.685771,0.739869,0.747733,2,394.076987,scenario_000,short
11965,392,1.968749,0.655997,0.830222,1,396.598047,scenario_000,short
11966,392,14.084047,1.0,1.0,0,443.694786,scenario_000,medium
11967,392,10.037144,0.255611,0.465539,2,409.393003,scenario_000,medium
11968,392,2.350214,0.490521,0.533408,2,394.794992,scenario_000,short
11969,392,1.789255,0.192852,0.317337,2,395.239325,scenario_000,short
11970,392,9.478193,0.29331,0.33543,1,409.891718,scenario_000,medium
11971,392,1.624923,0.553114,0.81575,2,395.174512,scenario_000,short
11972,392,2.305784,0.664156,0.980771,2,395.023815,scenario_000,short
11973,392,1.784452,0.162008,0.239814,2,395.198115,scenario_000,short
11974,392,2.064824,0.192488,0.339977,2,394.923277,scenario_000,short
11975,392,2.635268,0.445488,0.514122,0,399.68116,scenario_000,short
11976,392,1.838421,0.16939,0.274519,1,395.569677,scenario_000,short
11977,392,13.890595,0.782074,0.579675,0,440.429118,scenario_000,medium
11978,392,2.196562,0.403729,0.561081,0,401.867303,scenario_000,short
11979,392,1.802303,0.082071,0.303059,2,395.141757,scenario_000,short
11980,392,13.622689,0.341934,0.457853,2,416.010509,scenario_000,medium
11981,392,1.398864,0.354901,0.690182,0,395.616377,scenario_000,short
11982,392,15.347357,0.205413,0.303603,2,417.0957,scenario_000,medium
11983,392,10.05233,0.300046,0.322025,2,410.056012,scenario_000,medium
11984,392,11.351881,0.897736,1.0,2,409.270934,scenario_000,medium
11985,392,1.983997,0.287004,0.527773,0,399.338865,scenario_000,short
11986,392,12.28682,0.902499,0.683054,0,427.049969,scenario_000,medium
11987,392,6.854993,0.520614,0.671271,0,421.741443,scenario_000,medium
11988,392,2.157634,0.307571,0.721726,0,400.321573,scenario_000,short
11989,393,2.253412,0.418184,0.747622,1,398.241103,scenario_000,short
11990,393,11.656233,0.377616,0.365312,1,425.556842,scenario_000,medium
11991,393,1.782022,0.240592,0.410938,1,396.367515,scenario_000,short
11992,393,1.60497,0.279311,0.527076,0,397.873168,scenario_000,short
11993,393,1.339205,0.434088,0.638979,0,397.303742,scenario_000,short
11994,393,1.444413,0.124205,0.153583,0,397.46492,scenario_000,short
11995,393,1.419202,0.175503,0.1732,0,397.10019,scenario_000,short
11996,393,1.87122,0.717107,0.934394,2,395.339083,scenario_000,short
11997,393,1.273569,0.097066,0.303348,0,397.717848,scenario_000,short
11998,393,23.953975,0.656081,0.540947,1,454.301554,scenario_000,long
11999,393,1.416464,0.228665,0.272697,2,394.679239,scenario_000,short
