job_id,arrival_time,runtime,cpu_demand,mem_demand,priority,deadline_time,scenario_id
0,0.0,281.72999999991,0.932333333333,0.0957699125,2,450.767999999856,cloud_dataset_real
1,0.3,281.235,0.9305,0.105556625,2,450.27600000000007,cloud_dataset_real
2,0.6,270.70500000000004,0.8915000000000001,0.1398101,2,433.7280000000001,cloud_dataset_real
3,0.9,273.135,0.9005,0.2936012416671875,2,437.916,cloud_dataset_real
4,1.2,282.63000000009004,0.935666666667,0.1454025083328125,2,453.40800000014406,cloud_dataset_real
5,1.5,281.775,0.9325,0.0992651625,2,452.34,cloud_dataset_real
6,1.8,280.425,0.9275,0.0957699125,2,450.4800000000001,cloud_dataset_real
7,2.1,264.31499999991,0.8678333333330001,0.1523930041671875,2,425.0039999998561,cloud_dataset_real
8,2.4,271.69500000009,0.8951666666670001,0.3271556708328125,2,437.11200000014395,cloud_dataset_real
9,2.7,286.72499999991,0.950833333333,0.1579854208328125,2,461.459999999856,cloud_dataset_real
10,3.0,284.475,0.9425,0.0985661208328125,2,458.1600000000001,cloud_dataset_real
11,3.3,179.62500000008998,0.554166666667,0.1726655083328125,1,344.587500000171,cloud_dataset_real
12,3.6,31.97999999991,0.007333333332999999,0.161480675,0,73.955999999802,cloud_dataset_real
13,3.9,31.62,0.006,0.02306865,0,73.46400000000001,cloud_dataset_real
14,4.2,31.755,0.006500000000000001,0.0,0,74.061,cloud_dataset_real
15,4.5,31.57499999991,0.005833333333,0.0,0,73.964999999802,cloud_dataset_real
16,4.8,31.43999999991,0.005333333333,0.0,0,73.967999999802,cloud_dataset_real
17,5.1,31.66500000009,0.006166666667000001,0.0,0,74.763000000198,cloud_dataset_real
18,5.4,31.80000000009,0.006666666666999999,0.0,0,75.36000000019801,cloud_dataset_real
19,5.7,31.57499999991,0.005833333333,0.0,0,75.164999999802,cloud_dataset_real
20,6.0,31.57499999991,0.005833333333,0.0,0,75.464999999802,cloud_dataset_real
21,6.3,31.57499999991,0.005833333333,0.0,0,75.764999999802,cloud_dataset_real
22,6.6,31.755,0.006500000000000001,0.0,0,76.461,cloud_dataset_real
23,6.9,31.57499999991,0.005833333333,0.0,0,76.36499999980201,cloud_dataset_real
24,7.2,31.485,0.0055000000000000005,0.0,0,76.46700000000001,cloud_dataset_real
25,7.5,31.485,0.0055000000000000005,0.0,0,76.76700000000001,cloud_dataset_real
26,7.801,31.35,0.005,0.0,0,76.77100000000002,cloud_dataset_real
27,8.101,31.53000000009,0.005666666667,0.0,0,77.467000000198,cloud_dataset_real
28,8.401,31.485,0.0055000000000000005,0.0,0,77.668,cloud_dataset_real
29,8.701,31.35,0.005,0.0,0,77.67100000000002,cloud_dataset_real
30,9.001,31.43999999991,0.005333333333,0.0,0,78.16899999980201,cloud_dataset_real
31,9.301,31.53000000009,0.005666666667,0.0,0,78.667000000198,cloud_dataset_real
32,9.601,31.35,0.005,0.0,0,78.57100000000001,cloud_dataset_real
33,9.901,31.485,0.0055000000000000005,0.0,0,79.168,cloud_dataset_real
34,10.201,31.485,0.0055000000000000005,0.0,0,79.46800000000002,cloud_dataset_real
35,10.501,31.485,0.0055000000000000005,0.0,0,79.76800000000001,cloud_dataset_real
36,10.801,31.66500000009,0.006166666667000001,0.0,0,80.46400000019801,cloud_dataset_real
37,11.101,31.62,0.006,0.0,0,80.665,cloud_dataset_real
38,11.401,31.35,0.005,0.0,0,80.37100000000001,cloud_dataset_real
39,11.701,31.485,0.0055000000000000005,0.0,0,80.96800000000002,cloud_dataset_real
40,12.001,31.53000000009,0.005666666667,0.0,0,81.367000000198,cloud_dataset_real
41,12.301,31.39500000009,0.005166666667000001,0.0,0,81.370000000198,cloud_dataset_real
42,12.601,31.53000000009,0.005666666667,0.0,0,81.967000000198,cloud_dataset_real
43,12.901,31.70999999991,0.006333333333,0.0,0,82.662999999802,cloud_dataset_real
44,13.201,31.35,0.005,0.0,0,82.17100000000002,cloud_dataset_real
45,13.501,31.66500000009,0.006166666667000001,0.0,0,83.16400000019802,cloud_dataset_real
46,13.801,31.57499999991,0.005833333333,0.0,0,83.265999999802,cloud_dataset_real
47,14.101,31.43999999991,0.005333333333,0.0,0,83.268999999802,cloud_dataset_real
48,14.401,31.62,0.006,0.0,0,83.965,cloud_dataset_real
49,14.701,31.70999999991,0.006333333333,0.0,0,84.46299999980201,cloud_dataset_real
50,15.001,31.62,0.006,0.0,0,84.56500000000001,cloud_dataset_real
51,15.301,31.70999999991,0.006333333333,0.0,0,85.062999999802,cloud_dataset_real
52,15.601,31.93500000009,0.007166666667,0.0027962,0,85.858000000198,cloud_dataset_real
53,15.901,31.39500000009,0.005166666667000001,0.00209715,0,84.970000000198,cloud_dataset_real
54,16.201,31.485,0.0055000000000000005,0.0,0,85.46800000000002,cloud_dataset_real
55,16.501,31.62,0.006,0.0,0,86.06500000000001,cloud_dataset_real
56,16.801,31.62,0.006,0.0,0,86.36500000000001,cloud_dataset_real
57,17.101,31.43999999991,0.005333333333,0.0,0,86.268999999802,cloud_dataset_real
58,17.401,31.53000000009,0.005666666667,0.0,0,86.767000000198,cloud_dataset_real
59,17.701,31.62,0.006,0.0,0,87.26500000000001,cloud_dataset_real
60,18.001,31.57499999991,0.005833333333,0.0,0,87.46599999980201,cloud_dataset_real
61,18.301,31.755,0.006500000000000001,0.0,0,88.162,cloud_dataset_real
62,18.601,31.53000000009,0.005666666667,0.0,0,87.967000000198,cloud_dataset_real
63,18.901,31.35,0.005,0.0,0,87.87100000000001,cloud_dataset_real
64,19.201,31.62,0.006,0.0,0,88.76500000000001,cloud_dataset_real
65,19.501,31.485,0.0055000000000000005,0.0,0,88.76800000000001,cloud_dataset_real
66,19.801,31.485,0.0055000000000000005,0.0,0,89.06800000000001,cloud_dataset_real
67,20.101,31.66500000009,0.006166666667000001,0.0,0,89.76400000019801,cloud_dataset_real
68,20.401,32.74500000009,0.010166666667,0.0,0,92.44000000019801,cloud_dataset_real
69,20.701,31.62,0.006,0.0,0,90.26500000000001,cloud_dataset_real
70,21.001,31.66500000009,0.006166666667000001,0.0,0,90.66400000019802,cloud_dataset_real
71,21.301,31.755,0.006500000000000001,0.0,0,91.162,cloud_dataset_real
72,21.601,31.39500000009,0.005166666667000001,0.0,0,90.670000000198,cloud_dataset_real
73,21.901,31.70999999991,0.006333333333,0.0,0,91.662999999802,cloud_dataset_real
74,22.201,31.62,0.006,0.0,0,91.76500000000001,cloud_dataset_real
75,22.501,31.43999999991,0.005333333333,0.0,0,91.66899999980201,cloud_dataset_real
76,22.801,31.53000000009,0.005666666667,0.0,0,92.167000000198,cloud_dataset_real
77,23.101,31.53000000009,0.005666666667,0.0041943,0,92.467000000198,cloud_dataset_real
78,23.402,31.57499999991,0.005833333333,0.0013981,0,92.866999999802,cloud_dataset_real
79,23.702,31.62,0.006,0.0,0,93.266,cloud_dataset_real
80,24.002,31.57499999991,0.005833333333,0.0,0,93.466999999802,cloud_dataset_real
81,24.302,31.62,0.006,0.0,0,93.86600000000001,cloud_dataset_real
82,24.602,31.57499999991,0.005833333333,0.0,0,94.06699999980201,cloud_dataset_real
83,24.902,31.89,0.006999999999999999,0.0,0,95.06,cloud_dataset_real
84,25.202,31.485,0.0055000000000000005,0.0,0,94.46900000000001,cloud_dataset_real
85,25.502,31.84499999991,0.006833333333,0.0,0,95.56099999980201,cloud_dataset_real
86,25.802,31.84499999991,0.006833333333,0.0,0,95.860999999802,cloud_dataset_real
87,26.102,31.43999999991,0.005333333333,0.0,0,95.26999999980201,cloud_dataset_real
88,26.402,31.53000000009,0.005666666667,0.0,0,95.768000000198,cloud_dataset_real
89,26.702,31.80000000009,0.006666666666999999,0.0,0,96.662000000198,cloud_dataset_real
90,27.002,31.62,0.006,0.0,0,96.566,cloud_dataset_real
91,27.302,31.485,0.0055000000000000005,0.0,0,96.56900000000002,cloud_dataset_real
92,27.602,31.70999999991,0.006333333333,0.0,0,97.363999999802,cloud_dataset_real
93,27.902,31.39500000009,0.005166666667000001,0.0,0,96.971000000198,cloud_dataset_real
94,28.202,31.39500000009,0.005166666667000001,0.0,0,97.271000000198,cloud_dataset_real
95,28.502,31.485,0.0055000000000000005,0.0,0,97.769,cloud_dataset_real
96,28.802,31.485,0.0055000000000000005,0.0,0,98.06900000000002,cloud_dataset_real
97,29.102,31.66500000009,0.006166666667000001,0.0,0,98.76500000019801,cloud_dataset_real
98,29.402,31.43999999991,0.005333333333,0.0,0,98.56999999980201,cloud_dataset_real
99,29.702,31.43999999991,0.005333333333,0.0,0,98.869999999802,cloud_dataset_real
100,30.002,31.66500000009,0.006166666667000001,0.0,0,99.665000000198,cloud_dataset_real
101,30.302,31.755,0.006500000000000001,0.0,0,100.16300000000001,cloud_dataset_real
102,30.602,31.57499999991,0.005833333333,0.0,0,100.06699999980201,cloud_dataset_real
103,30.902,31.39500000009,0.005166666667000001,0.0,0,99.971000000198,cloud_dataset_real
104,31.202,31.80000000009,0.006666666666999999,0.0,0,101.162000000198,cloud_dataset_real
105,31.502,31.485,0.0055000000000000005,0.0,0,100.769,cloud_dataset_real
106,31.802,31.39500000009,0.005166666667000001,0.0,0,100.871000000198,cloud_dataset_real
107,32.102,31.62,0.006,0.0,0,101.666,cloud_dataset_real
108,32.402,31.57499999991,0.005833333333,0.0,0,101.866999999802,cloud_dataset_real
109,32.702,31.53000000009,0.005666666667,0.0,0,102.068000000198,cloud_dataset_real
110,33.002,31.53000000009,0.005666666667,0.0,0,102.36800000019801,cloud_dataset_real
111,33.302,31.53000000009,0.005666666667,0.0,0,102.66800000019799,cloud_dataset_real
112,33.602,31.43999999991,0.005333333333,0.0,0,102.769999999802,cloud_dataset_real
113,33.903,31.66500000009,0.006166666667000001,0.0,0,103.56600000019802,cloud_dataset_real
114,34.203,31.62,0.006,0.0,0,103.76700000000001,cloud_dataset_real
115,34.503,31.43999999991,0.005333333333,0.0,0,103.670999999802,cloud_dataset_real
116,34.803,31.57499999991,0.005833333333,0.0,0,104.267999999802,cloud_dataset_real
117,35.103,31.53000000009,0.005666666667,0.0,0,104.46900000019801,cloud_dataset_real
118,35.403,31.43999999991,0.005333333333,0.0,0,104.57099999980201,cloud_dataset_real
119,35.703,31.62,0.006,0.0,0,105.26700000000001,cloud_dataset_real
120,36.003,31.84499999991,0.006833333333,0.0,0,106.06199999980201,cloud_dataset_real
121,36.303,31.57499999991,0.005833333333,0.0,0,105.767999999802,cloud_dataset_real
122,36.603,31.485,0.0055000000000000005,0.0,0,105.87,cloud_dataset_real
123,36.903,31.62,0.006,0.0,0,106.46700000000001,cloud_dataset_real
124,37.203,31.39500000009,0.005166666667000001,0.00209715,0,106.272000000198,cloud_dataset_real
125,37.503,31.53000000009,0.005666666667,0.0027962,0,106.869000000198,cloud_dataset_real
126,37.803,31.66500000009,0.006166666667000001,0.0,0,107.46600000019801,cloud_dataset_real
127,38.103,31.35,0.005,0.0,0,107.07300000000001,cloud_dataset_real
128,38.403,31.53000000009,0.005666666667,0.0,0,107.76900000019799,cloud_dataset_real
129,38.703,31.485,0.0055000000000000005,0.0,0,107.97000000000001,cloud_dataset_real
130,39.003,31.53000000009,0.005666666667,0.0,0,108.369000000198,cloud_dataset_real
131,39.303,31.62,0.006,0.0,0,108.867,cloud_dataset_real
132,39.603,31.70999999991,0.006333333333,0.0,0,109.364999999802,cloud_dataset_real
133,39.903,31.43999999991,0.005333333333,0.0,0,109.07099999980201,cloud_dataset_real
134,40.203,31.43999999991,0.005333333333,0.0,0,109.37099999980201,cloud_dataset_real
135,40.503,31.57499999991,0.005833333333,0.0,0,109.967999999802,cloud_dataset_real
136,40.803,31.43999999991,0.005333333333,0.0,0,109.970999999802,cloud_dataset_real
137,41.103,31.62,0.006,0.0,0,110.667,cloud_dataset_real
138,41.403,31.70999999991,0.006333333333,0.0,0,111.164999999802,cloud_dataset_real
139,41.703,31.485,0.0055000000000000005,0.0,0,110.97000000000001,cloud_dataset_real
140,42.003,31.43999999991,0.005333333333,0.0,0,111.170999999802,cloud_dataset_real
141,42.303,31.485,0.0055000000000000005,0.0,0,111.57000000000001,cloud_dataset_real
142,42.603,31.485,0.0055000000000000005,0.0,0,111.87,cloud_dataset_real
143,42.903,31.39500000009,0.005166666667000001,0.0,0,111.972000000198,cloud_dataset_real
144,43.203,33.105,0.0115,0.0111848,0,116.034,cloud_dataset_real
145,43.503,31.755,0.006500000000000001,0.0209715,0,113.364,cloud_dataset_real
146,43.803,31.57499999991,0.005833333333,0.00349525,0,113.267999999802,cloud_dataset_real
147,44.103,31.66500000009,0.006166666667000001,0.0,0,113.766000000198,cloud_dataset_real
148,44.404,31.53000000009,0.005666666667,0.0,0,113.770000000198,cloud_dataset_real
149,44.704,31.53000000009,0.005666666667,0.0,0,114.07000000019801,cloud_dataset_real
150,45.004,31.70999999991,0.006333333333,0.0,0,114.765999999802,cloud_dataset_real
151,45.304,31.57499999991,0.005833333333,0.0,0,114.768999999802,cloud_dataset_real
152,45.604,31.39500000009,0.005166666667000001,0.0,0,114.673000000198,cloud_dataset_real
153,45.904,31.755,0.006500000000000001,0.0,0,115.76500000000001,cloud_dataset_real
154,46.204,31.80000000009,0.006666666666999999,0.0,0,116.164000000198,cloud_dataset_real
155,46.504,31.66500000009,0.006166666667000001,0.0,0,116.16700000019802,cloud_dataset_real
156,46.804,31.755,0.006500000000000001,0.0,0,116.665,cloud_dataset_real
157,47.104,31.70999999991,0.006333333333,0.0,0,116.865999999802,cloud_dataset_real
158,47.404,31.43999999991,0.005333333333,0.0,0,116.57199999980202,cloud_dataset_real
159,47.704,31.755,0.006500000000000001,0.0,0,117.565,cloud_dataset_real
160,48.003,31.62,0.006,0.0,0,117.56700000000001,cloud_dataset_real
161,48.303,31.57499999991,0.005833333333,0.0,0,117.767999999802,cloud_dataset_real
162,48.603,31.66500000009,0.006166666667000001,0.0,0,118.266000000198,cloud_dataset_real
163,48.903,31.57499999991,0.005833333333,0.0,0,118.36799999980201,cloud_dataset_real
164,49.203,31.43999999991,0.005333333333,0.0,0,118.37099999980201,cloud_dataset_real
165,49.503,31.485,0.0055000000000000005,0.0,0,118.77000000000001,cloud_dataset_real
166,49.804,31.66500000009,0.006166666667000001,0.00209715,0,119.46700000019801,cloud_dataset_real
167,50.104,31.39500000009,0.005166666667000001,0.00349525,0,119.173000000198,cloud_dataset_real
168,50.404,31.66500000009,0.006166666667000001,0.0,0,120.06700000019802,cloud_dataset_real
169,50.704,31.57499999991,0.005833333333,0.0,0,120.168999999802,cloud_dataset_real
170,51.004,31.43999999991,0.005333333333,0.00629145,0,120.17199999980201,cloud_dataset_real
171,51.304,31.66500000009,0.006166666667000001,0.0041943,0,120.96700000019801,cloud_dataset_real
172,51.604,31.66500000009,0.006166666667000001,0.0,0,121.26700000019801,cloud_dataset_real
173,51.904,31.57499999991,0.005833333333,0.0,0,121.36899999980201,cloud_dataset_real
174,52.204,31.66500000009,0.006166666667000001,0.0,0,121.867000000198,cloud_dataset_real
175,52.504,31.80000000009,0.006666666666999999,0.0,0,122.46400000019801,cloud_dataset_real
176,52.804,31.43999999991,0.005333333333,0.0,0,121.97199999980201,cloud_dataset_real
177,53.104,31.35,0.005,0.0,0,122.07400000000001,cloud_dataset_real
178,53.404,31.53000000009,0.005666666667,0.0027962,0,122.770000000198,cloud_dataset_real
179,53.704,31.43999999991,0.005333333333,0.0013981,0,122.871999999802,cloud_dataset_real
180,54.004,31.43999999991,0.005333333333,0.0,0,123.17199999980201,cloud_dataset_real
181,54.304,31.43999999991,0.005333333333,0.0,0,123.47199999980201,cloud_dataset_real
182,54.604,31.53000000009,0.005666666667,0.0,0,123.970000000198,cloud_dataset_real
183,54.904,31.35,0.005,0.0,0,123.87400000000002,cloud_dataset_real
184,55.204,31.485,0.0055000000000000005,0.0,0,124.471,cloud_dataset_real
185,55.504,31.43999999991,0.005333333333,0.0,0,124.67199999980201,cloud_dataset_real
186,55.804,31.43999999991,0.005333333333,0.0,0,124.97199999980201,cloud_dataset_real
187,56.104,31.70999999991,0.006333333333,0.0,0,125.865999999802,cloud_dataset_real
188,56.404,31.53000000009,0.005666666667,0.0,0,125.770000000198,cloud_dataset_real
189,56.704,31.35,0.005,0.0,0,125.674,cloud_dataset_real
190,57.004,31.53000000009,0.005666666667,0.0,0,126.37000000019799,cloud_dataset_real
191,57.304,31.57499999991,0.005833333333,0.0,0,126.768999999802,cloud_dataset_real
192,57.604,31.39500000009,0.005166666667000001,0.0,0,126.673000000198,cloud_dataset_real
193,57.904,31.485,0.0055000000000000005,0.0,0,127.17100000000002,cloud_dataset_real
194,58.204,31.57499999991,0.005833333333,0.0,0,127.668999999802,cloud_dataset_real
195,58.504,31.39500000009,0.005166666667000001,0.0,0,127.573000000198,cloud_dataset_real
196,58.805,31.57499999991,0.005833333333,0.0,0,128.269999999802,cloud_dataset_real
197,59.105,31.66500000009,0.006166666667000001,0.0,0,128.76800000019801,cloud_dataset_real
198,59.405,31.39500000009,0.005166666667000001,0.0,0,128.474000000198,cloud_dataset_real
199,59.705,31.53000000009,0.005666666667,0.0,0,129.071000000198,cloud_dataset_real
200,60.005,31.57499999991,0.005833333333,0.0,0,129.469999999802,cloud_dataset_real
201,60.305,31.485,0.0055000000000000005,0.0041943,0,129.572,cloud_dataset_real
202,60.605,31.66500000009,0.006166666667000001,0.0,0,130.26800000019801,cloud_dataset_real
203,60.905,31.66500000009,0.006166666667000001,0.0,0,130.56800000019803,cloud_dataset_real
204,61.205,31.89,0.006999999999999999,0.0041943,0,131.363,cloud_dataset_real
205,61.505,31.53000000009,0.005666666667,0.0,0,130.871000000198,cloud_dataset_real
206,61.805,31.66500000009,0.006166666667000001,0.0,0,131.468000000198,cloud_dataset_real
207,62.105,31.39500000009,0.005166666667000001,0.0,0,131.174000000198,cloud_dataset_real
208,62.405,31.755,0.006500000000000001,0.0,0,132.26600000000002,cloud_dataset_real
209,62.705,31.66500000009,0.006166666667000001,0.0,0,132.368000000198,cloud_dataset_real
210,63.005,31.43999999991,0.005333333333,0.0,0,132.17299999980202,cloud_dataset_real
211,63.305,31.485,0.0055000000000000005,0.0,0,132.572,cloud_dataset_real
212,63.605,31.39500000009,0.005166666667000001,0.00349525,0,132.674000000198,cloud_dataset_real
213,63.905,31.43999999991,0.005333333333,0.00209715,0,133.072999999802,cloud_dataset_real
214,64.205,31.43999999991,0.005333333333,0.0,0,133.372999999802,cloud_dataset_real
215,64.505,31.66500000009,0.006166666667000001,0.0,0,134.168000000198,cloud_dataset_real
216,64.805,31.485,0.0055000000000000005,0.0,0,134.072,cloud_dataset_real
217,65.105,31.43999999991,0.005333333333,0.0,0,134.272999999802,cloud_dataset_real
218,65.405,31.485,0.0055000000000000005,0.0,0,134.67200000000003,cloud_dataset_real
219,65.705,31.485,0.0055000000000000005,0.0,0,134.972,cloud_dataset_real
220,66.005,31.53000000009,0.005666666667,0.0,0,135.371000000198,cloud_dataset_real
221,66.305,31.62,0.006,0.0,0,135.86900000000003,cloud_dataset_real
222,66.605,31.53000000009,0.005666666667,0.0,0,135.971000000198,cloud_dataset_real
223,66.905,31.485,0.0055000000000000005,0.0,0,136.17200000000003,cloud_dataset_real
224,67.205,31.485,0.0055000000000000005,0.0,0,136.472,cloud_dataset_real
225,67.505,31.53000000009,0.005666666667,0.0,0,136.871000000198,cloud_dataset_real
226,67.805,31.485,0.0055000000000000005,0.00209715,0,137.072,cloud_dataset_real
227,68.105,31.70999999991,0.006333333333,0.0,0,137.866999999802,cloud_dataset_real
228,68.405,31.62,0.006,0.0,0,137.969,cloud_dataset_real
229,68.705,31.43999999991,0.005333333333,0.0,0,137.872999999802,cloud_dataset_real
230,69.005,31.66500000009,0.006166666667000001,0.0,0,138.668000000198,cloud_dataset_real
231,69.305,31.62,0.006,0.0,0,138.86900000000003,cloud_dataset_real
232,69.605,31.53000000009,0.005666666667,0.0,0,138.971000000198,cloud_dataset_real
233,69.906,31.93500000009,0.007166666667,0.0,0,140.163000000198,cloud_dataset_real
234,70.206,31.66500000009,0.006166666667000001,0.0,0,139.869000000198,cloud_dataset_real
235,70.506,31.39500000009,0.005166666667000001,0.0,0,139.575000000198,cloud_dataset_real
236,70.806,31.755,0.006500000000000001,0.0,0,140.667,cloud_dataset_real
237,71.106,31.53000000009,0.005666666667,0.0,0,140.472000000198,cloud_dataset_real
238,71.406,31.35,0.005,0.0,0,140.37600000000003,cloud_dataset_real
239,71.706,31.755,0.006500000000000001,0.0,0,141.567,cloud_dataset_real
240,72.006,31.53000000009,0.005666666667,0.00209715,0,141.372000000198,cloud_dataset_real
241,72.306,31.35,0.005,0.0041943,0,141.276,cloud_dataset_real
242,72.606,31.57499999991,0.005833333333,0.0,0,142.07099999980198,cloud_dataset_real
243,72.906,31.84499999991,0.006833333333,0.0,0,142.96499999980202,cloud_dataset_real
244,73.206,31.62,0.006,0.0,0,142.77,cloud_dataset_real
245,73.506,31.53000000009,0.005666666667,0.0,0,142.872000000198,cloud_dataset_real
246,73.806,31.53000000009,0.005666666667,0.0,0,143.172000000198,cloud_dataset_real
247,74.106,31.39500000009,0.005166666667000001,0.0,0,143.175000000198,cloud_dataset_real
248,74.406,31.43999999991,0.005333333333,0.0,0,143.57399999980203,cloud_dataset_real
249,74.706,31.53000000009,0.005666666667,0.0,0,144.072000000198,cloud_dataset_real
250,75.006,31.43999999991,0.005333333333,0.0,0,144.173999999802,cloud_dataset_real
251,75.306,61.09500000009,0.11516666666700001,0.0069905,0,209.71500000019802,cloud_dataset_real
252,75.606,112.80000000009,0.306666666667,0.02866105,0,323.766000000198,cloud_dataset_real
253,75.906,31.43999999991,0.005333333333,0.02167055,0,145.07399999980203,cloud_dataset_real
254,76.206,31.57499999991,0.005833333333,0.0,0,145.670999999802,cloud_dataset_real
255,76.506,31.70999999991,0.006333333333,0.0,0,146.267999999802,cloud_dataset_real
256,76.806,31.485,0.0055000000000000005,0.0,0,146.073,cloud_dataset_real
257,77.106,31.485,0.0055000000000000005,0.00209715,0,146.373,cloud_dataset_real
258,77.406,31.62,0.006,0.0,0,146.97000000000003,cloud_dataset_real
259,77.706,31.485,0.0055000000000000005,0.0,0,146.973,cloud_dataset_real
260,78.007,31.35,0.005,0.0,0,146.97700000000003,cloud_dataset_real
261,78.307,55.11,0.09300000000000001,0.0041943,0,199.549,cloud_dataset_real
262,78.607,181.15499999991,0.559833333333,0.03005915,1,422.80149999982905,cloud_dataset_real
263,78.907,53.40000000009,0.086666666667,0.03145725,0,196.38700000019801,cloud_dataset_real
264,79.207,31.53000000009,0.005666666667,0.00209715,0,148.573000000198,cloud_dataset_real
265,79.507,31.53000000009,0.005666666667,0.0,0,148.873000000198,cloud_dataset_real
266,79.807,31.43999999991,0.005333333333,0.0,0,148.974999999802,cloud_dataset_real
267,80.107,31.62,0.006,0.0,0,149.671,cloud_dataset_real
268,80.407,31.53000000009,0.005666666667,0.0,0,149.773000000198,cloud_dataset_real
269,80.706,31.485,0.0055000000000000005,0.0,0,149.973,cloud_dataset_real
270,81.006,31.57499999991,0.005833333333,0.0,0,150.47099999980202,cloud_dataset_real
271,81.306,31.485,0.0055000000000000005,0.0,0,150.573,cloud_dataset_real
272,81.606,31.57499999991,0.005833333333,0.0,0,151.07099999980198,cloud_dataset_real
273,81.906,31.62,0.006,0.0,0,151.47000000000003,cloud_dataset_real
274,82.206,31.66500000009,0.006166666667000001,0.0,0,151.869000000198,cloud_dataset_real
275,82.506,143.35499999991,0.41983333333300005,0.0342534666671875,1,354.880499999829,cloud_dataset_real
276,82.806,285.50999999990995,0.946333333333,0.1209357375,2,539.6219999998559,cloud_dataset_real
277,83.106,284.745,0.9434999999999999,0.0971680166671875,2,538.6980000000001,cloud_dataset_real
278,83.406,283.34999999991,0.9383333333330001,0.0922746625,2,536.7659999998559,cloud_dataset_real
279,83.706,275.51999999991,0.909333333333,0.1384120041671875,2,524.537999999856,cloud_dataset_real
280,84.007,272.95499999991,0.899833333333,0.3586129458328125,2,520.734999999856,cloud_dataset_real
281,84.307,285.06000000009,0.9446666666669999,0.2257933375,2,540.403000000144,cloud_dataset_real
282,84.607,284.42999999991,0.942333333333,0.1104499708328125,2,539.694999999856,cloud_dataset_real
283,84.907,281.37,0.9309999999999999,0.1279262375,2,535.099,cloud_dataset_real
284,85.207,263.68499999999995,0.8654999999999999,0.2285895333328125,2,507.10299999999995,cloud_dataset_real
285,85.507,284.745,0.9434999999999999,0.2922031416671875,2,541.099,cloud_dataset_real
286,85.807,284.42999999991,0.942333333333,0.14190725,2,540.894999999856,cloud_dataset_real
287,86.107,283.48499999991,0.938833333333,0.1048575625,2,539.682999999856,cloud_dataset_real
288,86.407,277.54499999991003,0.916833333333,0.1244310041671875,2,530.4789999998561,cloud_dataset_real
289,86.707,268.90499999991,0.884833333333,0.35581675,2,516.954999999856,cloud_dataset_real
290,87.007,285.46500000008996,0.946166666667,0.2390752916671875,2,543.7510000001439,cloud_dataset_real
291,87.307,284.745,0.9434999999999999,0.1125471208328125,2,542.899,cloud_dataset_real
292,87.607,282.49500000009,0.935166666667,0.1027604208328125,2,539.599000000144,cloud_dataset_real
293,87.907,265.16999999999996,0.871,0.2167056791671875,2,512.179,cloud_dataset_real
294,88.207,285.73500000008994,0.9471666666669999,0.3872740666671875,2,545.383000000144,cloud_dataset_real
295,88.507,285.19500000009,0.945166666667,0.1523930166671875,2,544.819000000144,cloud_dataset_real
296,88.807,283.61999999990996,0.939333333333,0.1307224416671875,2,542.598999999856,cloud_dataset_real
297,89.107,244.515,0.7945,0.1677721291671875,1,553.6855,cloud_dataset_real
298,89.407,133.815,0.3845,0.1495968083328125,0,383.8,cloud_dataset_real
299,89.707,31.93500000009,0.007166666667,0.0412439541671875,0,159.96400000019798,cloud_dataset_real
300,90.007,31.66500000009,0.006166666667000001,0.0027962,0,159.670000000198,cloud_dataset_real
301,90.307,31.755,0.006500000000000001,0.0,0,160.168,cloud_dataset_real
302,90.607,31.53000000009,0.005666666667,0.0,0,159.973000000198,cloud_dataset_real
303,90.907,31.57499999991,0.005833333333,0.0,0,160.371999999802,cloud_dataset_real
304,91.207,31.755,0.006500000000000001,0.0,0,161.06799999999998,cloud_dataset_real
305,91.507,31.66500000009,0.006166666667000001,0.0,0,161.170000000198,cloud_dataset_real
306,91.807,31.43999999991,0.005333333333,0.0,0,160.974999999802,cloud_dataset_real
307,92.108,31.43999999991,0.005333333333,0.0,0,161.27599999980202,cloud_dataset_real
308,92.408,31.62,0.006,0.0027962,0,161.972,cloud_dataset_real
309,92.708,31.485,0.0055000000000000005,0.0013981,0,161.97500000000002,cloud_dataset_real
310,93.008,31.66500000009,0.006166666667000001,0.0,0,162.671000000198,cloud_dataset_real
311,93.308,31.53000000009,0.005666666667,0.0,0,162.67400000019802,cloud_dataset_real
312,93.608,48.13500000009,0.067166666667,0.0027962,0,199.50500000019804,cloud_dataset_real
313,93.908,280.64999999991005,0.928333333333,0.0601183208328125,2,542.947999999856,cloud_dataset_real
314,94.208,285.33000000009,0.945666666667,0.0817889,2,550.736000000144,cloud_dataset_real
315,94.508,283.935,0.9405,0.0880803625,2,548.8040000000001,cloud_dataset_real
316,94.808,281.505,0.9315000000000001,0.0985661125,2,545.216,cloud_dataset_real
317,95.108,265.57500000000005,0.8725,0.2873097875,2,520.028,cloud_dataset_real
318,95.408,286.14000000008997,0.948666666667,0.3047860541671875,2,553.232000000144,cloud_dataset_real
319,95.708,285.555,0.9465,0.1537911166671875,2,552.596,cloud_dataset_real
320,96.008,283.88999999991006,0.9403333333330001,0.1139452125,2,550.2319999998562,cloud_dataset_real
321,96.308,278.89499999991,0.921833333333,0.1321205541671875,2,542.539999999856,cloud_dataset_real
322,96.608,270.48000000009,0.890666666667,0.3446319458328125,2,529.376000000144,cloud_dataset_real
323,96.908,286.72499999991,0.950833333333,0.2292885916671875,2,555.667999999856,cloud_dataset_real
324,97.208,284.88,0.9440000000000001,0.108352825,2,553.016,cloud_dataset_real
325,97.508,282.99,0.937,0.1027604208328125,2,550.292,cloud_dataset_real
326,97.808,268.81500000000005,0.8845000000000001,0.1957341583328125,2,527.9120000000001,cloud_dataset_real
327,98.108,280.15500000000003,0.9265000000000001,0.4292170916671875,2,546.356,cloud_dataset_real
328,98.409,286.09499999999997,0.9484999999999999,0.2041227625,2,556.161,cloud_dataset_real
329,98.709,285.37499999991,0.945833333333,0.1356157833328125,2,555.308999999856,cloud_dataset_real
330,99.009,282.63000000009004,0.935666666667,0.1307224375,2,551.217000000144,cloud_dataset_real
331,99.309,263.50499999990996,0.8648333333329999,0.2516582125,2,520.916999999856,cloud_dataset_real
332,99.609,286.41000000009,0.949666666667,0.3327480875,2,557.865000000144,cloud_dataset_real
333,99.909,285.96,0.948,0.1579854083328125,2,557.445,cloud_dataset_real
334,100.209,284.745,0.9434999999999999,0.0978670625,2,555.801,cloud_dataset_real
335,100.509,281.59499999991,0.931833333333,0.1020613666671875,2,551.060999999856,cloud_dataset_real
336,100.809,267.37500000009,0.8791666666669999,0.2929021958328125,2,528.609000000144,cloud_dataset_real
337,101.109,286.85999999991,0.951333333333,0.2607458708328125,2,560.084999999856,cloud_dataset_real
338,101.409,285.73500000008994,0.9471666666669999,0.1272271833328125,2,558.585000000144,cloud_dataset_real
339,101.709,284.29499999991003,0.941833333333,0.0950708625,2,556.5809999998561,cloud_dataset_real
340,102.009,278.13,0.919,0.1090518791671875,2,547.017,cloud_dataset_real
341,102.309,265.44,0.872,0.3411366875,2,527.013,cloud_dataset_real
342,102.609,286.72499999991,0.950833333333,0.2104142208328125,2,561.368999999856,cloud_dataset_real
343,102.909,285.46500000008996,0.946166666667,0.1167414166671875,2,559.653000000144,cloud_dataset_real
344,103.209,283.48499999991,0.938833333333,0.1181395125,2,556.7849999998559,cloud_dataset_real
345,103.509,263.86500000009005,0.866166666667,0.1943360375,2,525.6930000001441,cloud_dataset_real
346,103.809,281.59499999991,0.931833333333,0.3222623166671875,2,554.360999999856,cloud_dataset_real
347,104.109,286.68000000009,0.9506666666670001,0.1726654916671875,2,562.7970000001441,cloud_dataset_real
348,104.409,285.58392857139,0.946607142857,0.1145943303578125,2,561.3432857142241,cloud_dataset_real
349,104.709,283.26,0.938,0.0943718125,2,557.925,cloud_dataset_real
350,105.009,265.48500000008994,0.8721666666669999,0.1901417375,2,529.7850000001439,cloud_dataset_real
351,105.309,285.60000000008995,0.946666666667,0.2984946166671875,2,562.2690000001439,cloud_dataset_real
352,105.609,286.18499999991,0.948833333333,0.1321205416671875,2,563.5049999998561,cloud_dataset_real
353,105.909,284.83499999991,0.943833333333,0.1027604208328125,2,561.644999999856,cloud_dataset_real
354,106.209,282.04499999999996,0.9335,0.1041585208328125,2,557.481,cloud_dataset_real
355,106.509,259.905,0.8515,0.2635420666671875,2,522.357,cloud_dataset_real
356,106.809,282.94499999991,0.936833333333,0.2803192875,2,559.520999999856,cloud_dataset_real
357,107.109,282.58500000000004,0.9355,0.1454025,2,559.2450000000001,cloud_dataset_real
358,107.409,281.99999999991,0.9333333333330001,0.0929737125,2,558.6089999998561,cloud_dataset_real
359,107.709,280.29,0.927,0.100663275,2,556.173,cloud_dataset_real
360,108.01,263.32500000009,0.8641666666669999,0.1908407958328125,2,529.330000000144,cloud_dataset_real
361,108.31,280.55999999999995,0.9279999999999999,0.3767882833328125,2,557.2059999999999,cloud_dataset_real
362,108.61,281.99999999991,0.9333333333330001,0.1740635833328125,2,559.809999999856,cloud_dataset_real
363,108.91,282.40178571417005,0.934821428571,0.1048575625,2,560.752857142672,cloud_dataset_real
364,109.21,281.28000000009,0.930666666667,0.1083528125,2,559.2580000001441,cloud_dataset_real
365,109.51,263.36999999990996,0.864333333333,0.1474996541671875,2,530.901999999856,cloud_dataset_real
366,109.81,34.27499999991,0.015833333333,0.2998927125,0,185.21499999980202,cloud_dataset_real
367,110.11,31.6875,0.00625,0.0853840178578125,0,179.8225,cloud_dataset_real
368,110.41,31.63928571417,0.006071428571,0.0067408392859375,0,180.016428571174,cloud_dataset_real
369,110.71,31.84499999991,0.006833333333,0.0,0,180.76899999980202,cloud_dataset_real
370,111.01,31.43999999991,0.005333333333,0.0,0,180.177999999802,cloud_dataset_real
371,111.31,31.35,0.005,0.00349525,0,180.28000000000003,cloud_dataset_real
372,111.61,31.66500000009,0.006166666667000001,0.00209715,0,181.273000000198,cloud_dataset_real
373,111.91,31.49464285722,0.0055357142859999995,0.0,0,181.198214285884,cloud_dataset_real
374,112.21,31.49464285722,0.0055357142859999995,0.0,0,181.498214285884,cloud_dataset_real
375,112.51,31.6875,0.00625,0.0,0,182.22250000000003,cloud_dataset_real
376,112.81,31.57499999991,0.005833333333,0.0,0,182.274999999802,cloud_dataset_real
377,113.11,31.66500000009,0.006166666667000001,0.00209715,0,182.773000000198,cloud_dataset_real
378,113.41,31.57499999991,0.005833333333,0.0,0,182.87499999980201,cloud_dataset_real
379,113.71,31.6875,0.00625,0.0,0,183.4225,cloud_dataset_real
380,114.01,31.49464285722,0.0055357142859999995,0.0,0,183.298214285884,cloud_dataset_real
381,114.31,31.88035714278,0.006964285714,0.0,0,184.446785714116,cloud_dataset_real
382,114.61,31.54285714278,0.005714285714,0.0,0,184.004285714116,cloud_dataset_real
383,114.91,31.39821428583,0.0051785714289999995,0.0,0,183.986071428826,cloud_dataset_real
384,115.21,31.57499999991,0.005833333333,0.0,0,184.674999999802,cloud_dataset_real
385,115.51,31.70999999991,0.006333333333,0.0,0,185.271999999802,cloud_dataset_real
386,115.81,31.97999999991,0.007333333332999999,0.0,0,186.165999999802,cloud_dataset_real
387,116.11,31.70999999991,0.006333333333,0.0,0,185.871999999802,cloud_dataset_real
388,116.41,31.755,0.006500000000000001,0.0027962,0,186.27100000000002,cloud_dataset_real
389,116.71,31.43999999991,0.005333333333,0.00209715,0,185.877999999802,cloud_dataset_real
390,117.01,31.54285714278,0.005714285714,0.0,0,186.404285714116,cloud_dataset_real
391,117.31,31.83214285722,0.006785714286,0.0,0,187.34071428588402,cloud_dataset_real
392,117.61,31.53000000009,0.005666666667,0.0,0,186.97600000019798,cloud_dataset_real
393,117.91,31.88035714278,0.006964285714,0.0,0,188.046785714116,cloud_dataset_real
394,118.21,31.88035714278,0.006964285714,0.0,0,188.34678571411598,cloud_dataset_real
395,118.51,31.6875,0.00625,0.0,0,188.22250000000003,cloud_dataset_real
396,118.81,31.53000000009,0.005666666667,0.0,0,188.176000000198,cloud_dataset_real
397,119.11,31.755,0.006500000000000001,0.0,0,188.971,cloud_dataset_real
398,119.41,31.66500000009,0.006166666667000001,0.0,0,189.07300000019802,cloud_dataset_real
399,119.71,31.53000000009,0.005666666667,0.0,0,189.076000000198,cloud_dataset_real
400,120.01,31.66500000009,0.006166666667000001,0.0,0,189.67300000019802,cloud_dataset_real
401,120.31,31.43999999991,0.005333333333,0.0,0,189.47799999980202,cloud_dataset_real
402,120.61,31.485,0.0055000000000000005,0.0,0,189.877,cloud_dataset_real
403,120.91,31.66500000009,0.006166666667000001,0.0,0,190.57300000019802,cloud_dataset_real
404,121.21,31.43999999991,0.005333333333,0.0,0,190.377999999802,cloud_dataset_real
405,121.51,31.62,0.006,0.0,0,191.074,cloud_dataset_real
406,121.81,31.62,0.006,0.0,0,191.37400000000002,cloud_dataset_real
407,122.11,31.485,0.0055000000000000005,0.0,0,191.377,cloud_dataset_real
408,122.41,31.53000000009,0.005666666667,0.0,0,191.776000000198,cloud_dataset_real
409,122.71,31.755,0.006500000000000001,0.0,0,192.571,cloud_dataset_real
410,123.01,31.70999999991,0.006333333333,0.0,0,192.771999999802,cloud_dataset_real
411,123.31,31.43999999991,0.005333333333,0.0,0,192.47799999980202,cloud_dataset_real
412,123.61,31.755,0.006500000000000001,0.0,0,193.471,cloud_dataset_real
413,123.91,31.53000000009,0.005666666667,0.0,0,193.276000000198,cloud_dataset_real
414,124.21,31.43999999991,0.005333333333,0.0,0,193.377999999802,cloud_dataset_real
415,124.51,31.70999999991,0.006333333333,0.0,0,194.271999999802,cloud_dataset_real
416,124.81,31.57499999991,0.005833333333,0.0,0,194.274999999802,cloud_dataset_real
417,125.11,31.43999999991,0.005333333333,0.0,0,194.277999999802,cloud_dataset_real
418,125.41,31.485,0.0055000000000000005,0.0,0,194.67700000000002,cloud_dataset_real
419,125.711,31.485,0.0055000000000000005,0.0,0,194.978,cloud_dataset_real
420,126.011,31.485,0.0055000000000000005,0.0,0,195.27800000000002,cloud_dataset_real
421,126.311,31.80000000009,0.006666666666999999,0.0,0,196.271000000198,cloud_dataset_real
422,126.611,31.57499999991,0.005833333333,0.00069905,0,196.075999999802,cloud_dataset_real
423,126.911,31.35,0.005,0.00629145,0,195.88100000000003,cloud_dataset_real
424,127.211,31.66500000009,0.006166666667000001,0.00209715,0,196.874000000198,cloud_dataset_real
425,127.511,31.57499999991,0.005833333333,0.00209715,0,196.975999999802,cloud_dataset_real
426,127.811,31.39500000009,0.005166666667000001,0.0,0,196.880000000198,cloud_dataset_real
427,128.111,31.755,0.006500000000000001,0.0,0,197.97199999999998,cloud_dataset_real
428,128.411,31.70999999991,0.006333333333,0.0,0,198.17299999980202,cloud_dataset_real
429,128.711,31.35,0.005,0.0,0,197.68100000000004,cloud_dataset_real
430,129.011,31.66500000009,0.006166666667000001,0.0,0,198.67400000019802,cloud_dataset_real
431,129.311,31.485,0.0055000000000000005,0.0,0,198.57800000000003,cloud_dataset_real
432,129.611,31.35,0.005,0.0,0,198.58100000000002,cloud_dataset_real
433,129.911,31.57499999991,0.005833333333,0.0,0,199.375999999802,cloud_dataset_real
434,130.211,31.66500000009,0.006166666667000001,0.0,0,199.874000000198,cloud_dataset_real
435,130.511,31.485,0.0055000000000000005,0.0,0,199.77800000000002,cloud_dataset_real
436,130.811,31.57499999991,0.005833333333,0.0,0,200.27599999980202,cloud_dataset_real
437,131.111,31.53000000009,0.005666666667,0.00209715,0,200.477000000198,cloud_dataset_real
438,131.411,31.43999999991,0.005333333333,0.0,0,200.57899999980202,cloud_dataset_real
439,131.711,31.66500000009,0.006166666667000001,0.0,0,201.374000000198,cloud_dataset_real
440,132.011,31.70999999991,0.006333333333,0.0,0,201.77299999980198,cloud_dataset_real
441,132.311,31.43999999991,0.005333333333,0.0,0,201.478999999802,cloud_dataset_real
442,132.611,31.53000000009,0.005666666667,0.0,0,201.977000000198,cloud_dataset_real
443,132.911,31.57499999991,0.005833333333,0.0,0,202.375999999802,cloud_dataset_real
444,133.211,31.43999999991,0.005333333333,0.0,0,202.37899999980203,cloud_dataset_real
445,133.511,31.57499999991,0.005833333333,0.0,0,202.975999999802,cloud_dataset_real
446,133.811,31.70999999991,0.006333333333,0.0013981,0,203.572999999802,cloud_dataset_real
447,134.111,31.485,0.0055000000000000005,0.00489335,0,203.378,cloud_dataset_real
448,134.411,31.66500000009,0.006166666667000001,0.0,0,204.074000000198,cloud_dataset_real
449,134.712,31.80000000009,0.006666666666999999,0.0,0,204.672000000198,cloud_dataset_real
450,135.012,31.66500000009,0.006166666667000001,0.0,0,204.675000000198,cloud_dataset_real
451,135.312,31.70999999991,0.006333333333,0.0,0,205.07399999980203,cloud_dataset_real
452,135.612,31.89,0.006999999999999999,0.0,0,205.76999999999998,cloud_dataset_real
453,135.912,31.57499999991,0.005833333333,0.0,0,205.37699999980202,cloud_dataset_real
454,136.212,31.485,0.0055000000000000005,0.0,0,205.47899999999998,cloud_dataset_real
455,136.512,31.62,0.006,0.0,0,206.07600000000002,cloud_dataset_real
456,136.812,31.57499999991,0.005833333333,0.0,0,206.276999999802,cloud_dataset_real
457,137.112,31.755,0.006500000000000001,0.0,0,206.973,cloud_dataset_real
458,137.412,31.70999999991,0.006333333333,0.0,0,207.173999999802,cloud_dataset_real
459,137.712,31.53000000009,0.005666666667,0.0,0,207.078000000198,cloud_dataset_real
460,138.012,31.43999999991,0.005333333333,0.0,0,207.17999999980202,cloud_dataset_real
461,138.312,31.485,0.0055000000000000005,0.0,0,207.579,cloud_dataset_real
462,138.612,31.66500000009,0.006166666667000001,0.0,0,208.27500000019802,cloud_dataset_real
463,138.912,31.485,0.0055000000000000005,0.00209715,0,208.17900000000003,cloud_dataset_real
464,139.212,31.70999999991,0.006333333333,0.0,0,208.973999999802,cloud_dataset_real
465,139.512,31.53000000009,0.005666666667,0.0,0,208.878000000198,cloud_dataset_real
466,139.812,31.35,0.005,0.0,0,208.78200000000004,cloud_dataset_real
467,140.112,31.66500000009,0.006166666667000001,0.0,0,209.77500000019802,cloud_dataset_real
468,140.412,31.66500000009,0.006166666667000001,0.0,0,210.07500000019803,cloud_dataset_real
469,140.712,31.53000000009,0.005666666667,0.0,0,210.078000000198,cloud_dataset_real
470,141.012,31.70999999991,0.006333333333,0.0,0,210.77399999980202,cloud_dataset_real
471,141.312,31.755,0.006500000000000001,0.0,0,211.173,cloud_dataset_real
472,141.612,31.39500000009,0.005166666667000001,0.0,0,210.681000000198,cloud_dataset_real
473,141.912,31.57499999991,0.005833333333,0.0055924,0,211.37699999980202,cloud_dataset_real
474,142.212,31.84499999991,0.006833333333,0.0027962,0,212.270999999802,cloud_dataset_real
475,142.513,31.53000000009,0.005666666667,0.0,0,211.879000000198,cloud_dataset_real
476,142.813,31.62,0.006,0.0,0,212.377,cloud_dataset_real
477,143.113,31.62,0.006,0.00209715,0,212.67700000000002,cloud_dataset_real
478,143.413,31.485,0.0055000000000000005,0.0,0,212.68,cloud_dataset_real
479,143.713,34.455,0.0165,0.00069905,0,219.514,cloud_dataset_real
480,144.013,266.06999999991,0.874333333333,0.0503316166671875,2,569.7249999998561,cloud_dataset_real
481,144.313,285.825,0.9475,0.0810898625,2,601.633,cloud_dataset_real
482,144.613,284.79000000009,0.9436666666669999,0.0985661083328125,2,600.277000000144,cloud_dataset_real
483,144.913,282.45000000000005,0.935,0.1174404875,2,596.8330000000001,cloud_dataset_real
484,145.213,265.48500000008994,0.8721666666669999,0.2055208583328125,2,569.989000000144,cloud_dataset_real
485,145.513,284.745,0.9434999999999999,0.2845135958328125,2,601.105,cloud_dataset_real
486,145.813,284.29499999991003,0.941833333333,0.1377129458328125,2,600.684999999856,cloud_dataset_real
487,146.113,283.17000000009,0.937666666667,0.119537625,2,599.1850000001441,cloud_dataset_real
488,146.412,275.92499999991,0.9108333333330001,0.1188385833328125,2,587.8919999998561,cloud_dataset_real
489,146.712,271.42500000009,0.894166666667,0.3663025125,2,580.992000000144,cloud_dataset_real
490,147.012,284.69999999991,0.9433333333330001,0.2320847875,2,602.531999999856,cloud_dataset_real
491,147.312,284.29499999991003,0.941833333333,0.1265281333328125,2,602.183999999856,cloud_dataset_real
492,147.612,281.235,0.9305,0.1300233958328125,2,597.5880000000001,cloud_dataset_real
493,147.912,266.06999999991,0.874333333333,0.2516582125,2,573.6239999998561,cloud_dataset_real
494,148.213,285.50999999990995,0.946333333333,0.2873097958328125,2,605.028999999856,cloud_dataset_real
495,148.513,284.83499999991,0.943833333333,0.1454025,2,604.248999999856,cloud_dataset_real
496,148.813,283.30500000009,0.938166666667,0.0915756125,2,602.101000000144,cloud_dataset_real
497,149.113,273.04500000009,0.9001666666670001,0.1384120083328125,2,585.985000000144,cloud_dataset_real
498,149.413,276.375,0.9125,0.3110775125,2,591.613,cloud_dataset_real
499,149.713,285.41999999999996,0.946,0.1530920666671875,2,606.385,cloud_dataset_real
500,150.013,284.475,0.9425,0.1041585125,2,605.1730000000001,cloud_dataset_real
501,150.313,281.68500000009,0.9321666666669999,0.0936727625,2,601.0090000001439,cloud_dataset_real
502,150.613,266.33999999991,0.8753333333330001,0.2628430125,2,576.756999999856,cloud_dataset_real
503,150.913,286.00500000009,0.948166666667,0.3047860458328125,2,608.521000000144,cloud_dataset_real
504,151.213,284.42999999991,0.942333333333,0.1461015708328125,2,606.300999999856,cloud_dataset_real
505,151.513,283.34999999991,0.9383333333330001,0.1006632625,2,604.872999999856,cloud_dataset_real
506,151.813,273.49499999990996,0.901833333333,0.1488977583328125,2,589.4049999998559,cloud_dataset_real
507,152.113,275.74500000009004,0.9101666666670001,0.3327480791671875,2,593.3050000001441,cloud_dataset_real
508,152.413,285.10499999991,0.9448333333329999,0.160781625,2,608.580999999856,cloud_dataset_real
509,152.713,285.15,0.945,0.0978670625,2,608.953,cloud_dataset_real
510,153.013,282.63000000009004,0.935666666667,0.1614806708328125,2,605.221000000144,cloud_dataset_real
511,153.313,163.96500000009,0.496166666667,0.23837625,1,464.846500000171,cloud_dataset_real
512,153.613,32.025,0.0075,0.2243952375,0,224.06799999999998,cloud_dataset_real
513,153.913,31.53000000009,0.005666666667,0.0342534583328125,0,223.279000000198,cloud_dataset_real
514,154.213,31.84499999991,0.006833333333,0.0,0,224.271999999802,cloud_dataset_real
515,154.513,31.39500000009,0.005166666667000001,0.0,0,223.582000000198,cloud_dataset_real
516,154.813,31.62,0.006,0.0,0,224.377,cloud_dataset_real
517,155.113,31.66500000009,0.006166666667000001,0.0,0,224.776000000198,cloud_dataset_real
518,155.413,31.53000000009,0.005666666667,0.0,0,224.779000000198,cloud_dataset_real
519,155.713,31.53000000009,0.005666666667,0.0,0,225.079000000198,cloud_dataset_real
520,156.013,31.43999999991,0.005333333333,0.0,0,225.180999999802,cloud_dataset_real
521,156.313,31.57499999991,0.005833333333,0.0,0,225.77799999980198,cloud_dataset_real
522,156.613,31.66500000009,0.006166666667000001,0.0,0,226.276000000198,cloud_dataset_real
523,156.913,31.53000000009,0.005666666667,0.0,0,226.279000000198,cloud_dataset_real
524,157.213,31.485,0.0055000000000000005,0.0,0,226.48000000000002,cloud_dataset_real
525,157.513,31.39500000009,0.005166666667000001,0.0,0,226.582000000198,cloud_dataset_real
526,157.813,31.53000000009,0.005666666667,0.0,0,227.179000000198,cloud_dataset_real
527,158.113,31.485,0.0055000000000000005,0.0,0,227.38,cloud_dataset_real
528,158.414,31.78392857139,0.006607142857,0.0,0,228.338642857058,cloud_dataset_real
529,158.714,31.80000000009,0.006666666666999999,0.0,0,228.67400000019802,cloud_dataset_real
530,159.014,31.53000000009,0.005666666667,0.0,0,228.380000000198,cloud_dataset_real
531,159.314,31.43999999991,0.005333333333,0.00349525,0,228.48199999980199,cloud_dataset_real
532,159.614,31.53000000009,0.005666666667,0.0041943,0,228.980000000198,cloud_dataset_real
533,159.914,31.57499999991,0.005833333333,0.0,0,229.37899999980198,cloud_dataset_real
534,160.214,31.43999999991,0.005333333333,0.0,0,229.38199999980202,cloud_dataset_real
535,160.514,31.755,0.006500000000000001,0.0,0,230.375,cloud_dataset_real
536,160.814,31.80000000009,0.006666666666999999,0.0,0,230.774000000198,cloud_dataset_real
537,161.114,31.485,0.0055000000000000005,0.0,0,230.38100000000003,cloud_dataset_real
538,161.414,31.755,0.006500000000000001,0.0,0,231.27499999999998,cloud_dataset_real
539,161.714,31.53000000009,0.005666666667,0.0,0,231.080000000198,cloud_dataset_real
540,162.014,31.485,0.0055000000000000005,0.0,0,231.281,cloud_dataset_real
541,162.314,31.57499999991,0.005833333333,0.0,0,231.778999999802,cloud_dataset_real
542,162.614,31.70999999991,0.006333333333,0.0,0,232.375999999802,cloud_dataset_real
543,162.914,31.39500000009,0.005166666667000001,0.0,0,231.983000000198,cloud_dataset_real
544,163.214,31.43999999991,0.005333333333,0.0,0,232.38199999980202,cloud_dataset_real
545,163.514,31.62,0.006,0.0,0,233.07800000000003,cloud_dataset_real
546,163.814,31.35,0.005,0.0,0,232.784,cloud_dataset_real
547,164.114,31.93500000009,0.007166666667,0.0,0,234.37100000019802,cloud_dataset_real
548,164.414,31.57499999991,0.005833333333,0.0013981,0,233.87899999980198,cloud_dataset_real
549,164.714,31.35,0.005,0.0041943,0,233.68400000000003,cloud_dataset_real
550,165.014,31.485,0.0055000000000000005,0.0,0,234.281,cloud_dataset_real
551,165.314,31.62,0.006,0.0,0,234.878,cloud_dataset_real
552,165.614,31.485,0.0055000000000000005,0.0,0,234.88100000000003,cloud_dataset_real
553,165.914,31.57499999991,0.005833333333,0.0,0,235.37899999980198,cloud_dataset_real
554,166.214,31.62,0.006,0.0,0,235.77800000000002,cloud_dataset_real
555,166.514,31.39500000009,0.005166666667000001,0.0,0,235.583000000198,cloud_dataset_real
556,166.814,31.43999999991,0.005333333333,0.0,0,235.98199999980199,cloud_dataset_real
557,167.114,31.62,0.006,0.0,0,236.678,cloud_dataset_real
558,167.415,31.43999999991,0.005333333333,0.0,0,236.58299999980198,cloud_dataset_real
559,167.715,31.62,0.006,0.0,0,237.279,cloud_dataset_real
560,168.015,31.485,0.0055000000000000005,0.0,0,237.28199999999998,cloud_dataset_real
561,168.315,31.53000000009,0.005666666667,0.0,0,237.681000000198,cloud_dataset_real
562,168.615,31.43999999991,0.005333333333,0.0,0,237.78299999980203,cloud_dataset_real
563,168.915,31.57499999991,0.005833333333,0.0,0,238.379999999802,cloud_dataset_real
564,169.215,31.485,0.0055000000000000005,0.00349525,0,238.48200000000003,cloud_dataset_real
565,169.515,31.53000000009,0.005666666667,0.00209715,0,238.881000000198,cloud_dataset_real
566,169.815,31.93500000009,0.007166666667,0.0,0,240.072000000198,cloud_dataset_real
567,170.115,31.485,0.0055000000000000005,0.0,0,239.382,cloud_dataset_real
568,170.415,31.35,0.005,0.0,0,239.385,cloud_dataset_real
569,170.715,31.70999999991,0.006333333333,0.0,0,240.476999999802,cloud_dataset_real
570,171.015,31.57499999991,0.005833333333,0.0,0,240.47999999980198,cloud_dataset_real
571,171.315,31.53000000009,0.005666666667,0.0,0,240.681000000198,cloud_dataset_real
572,171.615,31.485,0.0055000000000000005,0.0,0,240.882,cloud_dataset_real
573,171.915,31.53000000009,0.005666666667,0.0,0,241.281000000198,cloud_dataset_real
574,172.215,31.39500000009,0.005166666667000001,0.0,0,241.284000000198,cloud_dataset_real
575,172.515,31.57499999991,0.005833333333,0.0,0,241.97999999980198,cloud_dataset_real
576,172.815,31.66500000009,0.006166666667000001,0.0,0,242.478000000198,cloud_dataset_real
577,173.115,31.485,0.0055000000000000005,0.0,0,242.382,cloud_dataset_real
578,173.415,31.84499999991,0.006833333333,0.0013981,0,243.473999999802,cloud_dataset_real
579,173.715,31.43999999991,0.005333333333,0.00069905,0,242.882999999802,cloud_dataset_real
580,174.015,31.43999999991,0.005333333333,0.0,0,243.182999999802,cloud_dataset_real
581,174.315,31.57499999991,0.005833333333,0.0,0,243.779999999802,cloud_dataset_real
582,174.615,31.62,0.006,0.0,0,244.17900000000003,cloud_dataset_real
583,174.915,31.485,0.0055000000000000005,0.0,0,244.18200000000002,cloud_dataset_real
584,175.215,31.62,0.006,0.0,0,244.779,cloud_dataset_real
585,175.516,31.66500000009,0.006166666667000001,0.0,0,245.17900000019802,cloud_dataset_real
586,175.816,31.35,0.005,0.0,0,244.786,cloud_dataset_real
587,176.116,31.755,0.006500000000000001,0.0,0,245.97700000000003,cloud_dataset_real
588,176.416,31.66500000009,0.006166666667000001,0.0,0,246.079000000198,cloud_dataset_real
589,176.716,31.39500000009,0.005166666667000001,0.0,0,245.785000000198,cloud_dataset_real
590,177.016,31.84499999991,0.006833333333,0.0,0,247.074999999802,cloud_dataset_real
591,177.316,31.57499999991,0.005833333333,0.0,0,246.78099999980202,cloud_dataset_real
592,177.616,31.62,0.006,0.0,0,247.18,cloud_dataset_real
593,177.916,31.62,0.006,0.0,0,247.48000000000002,cloud_dataset_real
594,178.216,31.93500000009,0.007166666667,0.0,0,248.473000000198,cloud_dataset_real
595,178.516,31.485,0.0055000000000000005,0.0,0,247.78300000000002,cloud_dataset_real
596,178.816,31.39500000009,0.005166666667000001,0.0,0,247.885000000198,cloud_dataset_real
597,179.116,31.485,0.0055000000000000005,0.00349525,0,248.38300000000004,cloud_dataset_real
598,179.415,31.43999999991,0.005333333333,0.00209715,0,248.58299999980198,cloud_dataset_real
599,179.715,31.43999999991,0.005333333333,0.0,0,248.882999999802,cloud_dataset_real
600,180.015,31.62,0.006,0.0,0,249.579,cloud_dataset_real
601,180.315,31.62,0.006,0.0,0,249.87900000000002,cloud_dataset_real
602,180.615,31.53000000009,0.005666666667,0.0,0,249.981000000198,cloud_dataset_real
603,180.915,31.43999999991,0.005333333333,0.0,0,250.08299999980198,cloud_dataset_real
604,181.215,31.485,0.0055000000000000005,0.0,0,250.48200000000003,cloud_dataset_real
605,181.516,31.485,0.0055000000000000005,0.0,0,250.78300000000002,cloud_dataset_real
606,181.816,31.80000000009,0.006666666666999999,0.0,0,251.776000000198,cloud_dataset_real
607,182.116,31.485,0.0055000000000000005,0.0,0,251.38300000000004,cloud_dataset_real
608,182.416,31.35,0.005,0.0,0,251.38600000000002,cloud_dataset_real
609,182.716,31.57499999991,0.005833333333,0.0,0,252.180999999802,cloud_dataset_real
610,183.016,31.485,0.0055000000000000005,0.0,0,252.28300000000002,cloud_dataset_real
611,183.316,31.57499999991,0.005833333333,0.0,0,252.78099999980202,cloud_dataset_real
612,183.616,31.66500000009,0.006166666667000001,0.0,0,253.27900000019804,cloud_dataset_real
613,183.916,31.53000000009,0.005666666667,0.0,0,253.282000000198,cloud_dataset_real
614,184.216,31.43999999991,0.005333333333,0.0,0,253.38399999980203,cloud_dataset_real
615,184.516,31.485,0.0055000000000000005,0.0,0,253.78300000000002,cloud_dataset_real
616,184.816,31.57499999991,0.005833333333,0.0,0,254.28099999980202,cloud_dataset_real
617,185.116,31.53000000009,0.005666666667,0.0,0,254.482000000198,cloud_dataset_real
618,185.416,31.755,0.006500000000000001,0.0,0,255.277,cloud_dataset_real
619,185.716,31.485,0.0055000000000000005,0.0,0,254.983,cloud_dataset_real
620,186.016,31.39500000009,0.005166666667000001,0.0,0,255.085000000198,cloud_dataset_real
621,186.316,31.485,0.0055000000000000005,0.0,0,255.58300000000003,cloud_dataset_real
622,186.616,31.62,0.006,0.0,0,256.18,cloud_dataset_real
623,186.916,31.43999999991,0.005333333333,0.0,0,256.083999999802,cloud_dataset_real
624,187.216,31.53000000009,0.005666666667,0.0,0,256.58200000019804,cloud_dataset_real
625,187.516,31.66500000009,0.006166666667000001,0.0,0,257.179000000198,cloud_dataset_real
626,187.816,31.39500000009,0.005166666667000001,0.0,0,256.88500000019803,cloud_dataset_real
627,188.116,31.485,0.0055000000000000005,0.0,0,257.38300000000004,cloud_dataset_real
628,188.417,31.70999999991,0.006333333333,0.0,0,258.178999999802,cloud_dataset_real
629,188.717,31.35,0.005,0.0,0,257.687,cloud_dataset_real
630,189.017,31.66500000009,0.006166666667000001,0.0,0,258.680000000198,cloud_dataset_real
631,189.317,31.53000000009,0.005666666667,0.0,0,258.68300000019804,cloud_dataset_real
632,189.617,31.53000000009,0.005666666667,0.00209715,0,258.983000000198,cloud_dataset_real
633,189.917,31.43999999991,0.005333333333,0.0,0,259.084999999802,cloud_dataset_real
634,190.217,31.66500000009,0.006166666667000001,0.0,0,259.88000000019804,cloud_dataset_real
635,190.517,31.43999999991,0.005333333333,0.0,0,259.684999999802,cloud_dataset_real
636,190.817,31.39500000009,0.005166666667000001,0.0,0,259.886000000198,cloud_dataset_real
637,191.117,31.66500000009,0.006166666667000001,0.0,0,260.780000000198,cloud_dataset_real
638,191.417,31.43999999991,0.005333333333,0.0,0,260.584999999802,cloud_dataset_real
639,191.717,31.35,0.005,0.0,0,260.687,cloud_dataset_real
640,192.017,31.485,0.0055000000000000005,0.0,0,261.284,cloud_dataset_real
641,192.317,31.43999999991,0.005333333333,0.0,0,261.484999999802,cloud_dataset_real
642,192.617,31.57499999991,0.005833333333,0.0,0,262.081999999802,cloud_dataset_real
643,192.917,31.43999999991,0.005333333333,0.0,0,262.084999999802,cloud_dataset_real
644,193.217,32.7,0.01,0.0013981,0,265.15700000000004,cloud_dataset_real
645,193.517,31.35,0.005,0.00908765,0,262.487,cloud_dataset_real
646,193.817,31.66500000009,0.006166666667000001,0.0,0,263.480000000198,cloud_dataset_real
647,194.117,31.755,0.006500000000000001,0.0,0,263.978,cloud_dataset_real
648,194.417,31.485,0.0055000000000000005,0.0,0,263.684,cloud_dataset_real
649,194.717,31.66500000009,0.006166666667000001,0.0,0,264.38000000019804,cloud_dataset_real
650,195.017,31.485,0.0055000000000000005,0.0,0,264.284,cloud_dataset_real
651,195.317,31.485,0.0055000000000000005,0.0013981,0,264.584,cloud_dataset_real
652,195.617,31.70999999991,0.006333333333,0.00349525,0,265.378999999802,cloud_dataset_real
653,195.917,31.57499999991,0.005833333333,0.0,0,265.381999999802,cloud_dataset_real
654,196.218,31.43999999991,0.005333333333,0.0,0,265.385999999802,cloud_dataset_real
655,196.518,31.485,0.0055000000000000005,0.0,0,265.785,cloud_dataset_real
656,196.818,31.485,0.0055000000000000005,0.0027962,0,266.08500000000004,cloud_dataset_real
657,197.118,31.35,0.005,0.00629145,0,266.088,cloud_dataset_real
658,197.418,31.70999999991,0.006333333333,0.00349525,0,267.179999999802,cloud_dataset_real
659,197.718,31.62,0.006,0.0,0,267.282,cloud_dataset_real
660,198.018,31.80000000009,0.006666666666999999,0.0,0,267.978000000198,cloud_dataset_real
661,198.318,31.93500000009,0.007166666667,0.0,0,268.57500000019803,cloud_dataset_real
662,198.618,31.57499999991,0.005833333333,0.0,0,268.082999999802,cloud_dataset_real
663,198.918,31.35,0.005,0.0097867,0,267.88800000000003,cloud_dataset_real
664,199.218,31.57499999991,0.005833333333,0.0,0,268.682999999802,cloud_dataset_real
665,199.518,31.80000000009,0.006666666666999999,0.0,0,269.478000000198,cloud_dataset_real
666,199.818,31.80000000009,0.006666666666999999,0.0,0,269.778000000198,cloud_dataset_real
667,200.118,31.62,0.006,0.0,0,269.682,cloud_dataset_real
668,200.418,31.89,0.006999999999999999,0.0,0,270.576,cloud_dataset_real
669,200.718,31.39500000009,0.005166666667000001,0.0,0,269.78700000019796,cloud_dataset_real
670,201.018,31.80000000009,0.006666666666999999,0.0,0,270.978000000198,cloud_dataset_real
671,201.318,31.93500000009,0.007166666667,0.0,0,271.57500000019803,cloud_dataset_real
672,201.618,31.70999999991,0.006333333333,0.0,0,271.379999999802,cloud_dataset_real
673,201.918,31.57499999991,0.005833333333,0.0,0,271.382999999802,cloud_dataset_real
674,202.218,31.66500000009,0.006166666667000001,0.0,0,271.881000000198,cloud_dataset_real
675,202.519,31.39500000009,0.005166666667000001,0.0,0,271.588000000198,cloud_dataset_real
676,202.819,31.66500000009,0.006166666667000001,0.0,0,272.482000000198,cloud_dataset_real
677,203.119,31.89,0.006999999999999999,0.0,0,273.277,cloud_dataset_real
678,203.419,31.485,0.0055000000000000005,0.0,0,272.68600000000004,cloud_dataset_real
679,203.719,31.43999999991,0.005333333333,0.0,0,272.886999999802,cloud_dataset_real
680,204.019,31.485,0.0055000000000000005,0.0,0,273.286,cloud_dataset_real
681,204.319,31.485,0.0055000000000000005,0.0,0,273.586,cloud_dataset_real
682,204.619,31.66500000009,0.006166666667000001,0.0,0,274.282000000198,cloud_dataset_real
683,204.919,31.70999999991,0.006333333333,0.0,0,274.680999999802,cloud_dataset_real
684,205.219,31.57499999991,0.005833333333,0.0,0,274.683999999802,cloud_dataset_real
685,205.519,31.53000000009,0.005666666667,0.0,0,274.88500000019803,cloud_dataset_real
686,205.819,31.57499999991,0.005833333333,0.0,0,275.283999999802,cloud_dataset_real
687,206.119,31.53000000009,0.005666666667,0.0,0,275.485000000198,cloud_dataset_real
688,206.419,31.53000000009,0.005666666667,0.0,0,275.785000000198,cloud_dataset_real
689,206.719,31.80000000009,0.006666666666999999,0.0,0,276.679000000198,cloud_dataset_real
690,207.019,31.57499999991,0.005833333333,0.0,0,276.483999999802,cloud_dataset_real
691,207.319,31.35,0.005,0.0,0,276.289,cloud_dataset_real
692,207.619,31.53000000009,0.005666666667,0.0,0,276.985000000198,cloud_dataset_real
693,207.919,31.53000000009,0.005666666667,0.0,0,277.285000000198,cloud_dataset_real
694,208.219,31.485,0.0055000000000000005,0.0,0,277.486,cloud_dataset_real
695,208.519,31.53000000009,0.005666666667,0.0,0,277.88500000019803,cloud_dataset_real
696,208.819,31.57499999991,0.005833333333,0.0,0,278.283999999802,cloud_dataset_real
697,209.119,31.53000000009,0.005666666667,0.0,0,278.485000000198,cloud_dataset_real
698,209.419,31.43999999991,0.005333333333,0.0,0,278.586999999802,cloud_dataset_real
699,209.719,31.70999999991,0.006333333333,0.0,0,279.480999999802,cloud_dataset_real
700,210.019,39.53999999991,0.035333333333,0.0335544,0,297.006999999802,cloud_dataset_real
701,210.319,31.70999999991,0.006333333333,0.013981,0,280.080999999802,cloud_dataset_real
702,210.619,32.24999999991,0.008333333333000001,0.00209715,0,281.56899999980203,cloud_dataset_real
703,210.919,31.35,0.005,0.0,0,279.889,cloud_dataset_real
704,211.219,31.57499999991,0.005833333333,0.0,0,280.683999999802,cloud_dataset_real
705,211.519,31.66500000009,0.006166666667000001,0.0,0,281.182000000198,cloud_dataset_real
706,211.819,31.57499999991,0.005833333333,0.0,0,281.283999999802,cloud_dataset_real
707,212.119,31.62,0.006,0.0,0,281.683,cloud_dataset_real
708,212.419,31.70999999991,0.006333333333,0.0,0,282.180999999802,cloud_dataset_real
709,212.719,31.39500000009,0.005166666667000001,0.0,0,281.788000000198,cloud_dataset_real
710,213.019,31.57499999991,0.005833333333,0.0,0,282.483999999802,cloud_dataset_real
711,213.319,31.84499999991,0.006833333333,0.0,0,283.377999999802,cloud_dataset_real
712,213.619,31.57499999991,0.005833333333,0.0,0,283.083999999802,cloud_dataset_real
713,213.919,31.84499999991,0.006833333333,0.0,0,283.977999999802,cloud_dataset_real
714,214.219,31.66500000009,0.006166666667000001,0.0,0,283.882000000198,cloud_dataset_real
715,214.519,31.62,0.006,0.0,0,284.083,cloud_dataset_real
716,214.82,31.485,0.0055000000000000005,0.0027962,0,284.087,cloud_dataset_real
717,215.12,31.80000000009,0.006666666666999999,0.00209715,0,285.080000000198,cloud_dataset_real
718,215.42,31.80000000009,0.006666666666999999,0.0,0,285.380000000198,cloud_dataset_real
719,215.72,31.57499999991,0.005833333333,0.0,0,285.184999999802,cloud_dataset_real
720,216.02,31.755,0.006500000000000001,0.0,0,285.88100000000003,cloud_dataset_real
721,216.32,31.485,0.0055000000000000005,0.0,0,285.587,cloud_dataset_real
722,216.62,31.35,0.005,0.0,0,285.59000000000003,cloud_dataset_real
723,216.92,31.66500000009,0.006166666667000001,0.0,0,286.583000000198,cloud_dataset_real
724,217.22,31.53000000009,0.005666666667,0.0,0,286.586000000198,cloud_dataset_real
725,217.52,31.57499999991,0.005833333333,0.0,0,286.984999999802,cloud_dataset_real
726,217.82,31.62,0.006,0.0,0,287.384,cloud_dataset_real
727,218.12,31.57499999991,0.005833333333,0.0,0,287.584999999802,cloud_dataset_real
728,218.42,31.485,0.0055000000000000005,0.0,0,287.687,cloud_dataset_real
729,218.72,31.89,0.006999999999999999,0.0,0,288.878,cloud_dataset_real
730,219.02,31.62,0.006,0.0,0,288.584,cloud_dataset_real
731,219.32,31.43999999991,0.005333333333,0.0,0,288.487999999802,cloud_dataset_real
732,219.62,31.66500000009,0.006166666667000001,0.0,0,289.283000000198,cloud_dataset_real
733,219.92,31.39500000009,0.005166666667000001,0.0,0,288.98900000019796,cloud_dataset_real
734,220.22,31.39500000009,0.005166666667000001,0.0,0,289.28900000019803,cloud_dataset_real
735,220.52,31.755,0.006500000000000001,0.0,0,290.38100000000003,cloud_dataset_real
736,220.82,31.62,0.006,0.0,0,290.384,cloud_dataset_real
737,221.12,31.43999999991,0.005333333333,0.0,0,290.287999999802,cloud_dataset_real
738,221.42,31.43999999991,0.005333333333,0.0,0,290.587999999802,cloud_dataset_real
739,221.72,31.66500000009,0.006166666667000001,0.0,0,291.383000000198,cloud_dataset_real
740,222.02,31.35,0.005,0.0,0,290.99,cloud_dataset_real
741,222.32,31.755,0.006500000000000001,0.0,0,292.181,cloud_dataset_real
742,222.62,31.93500000009,0.007166666667,0.0,0,292.877000000198,cloud_dataset_real
743,222.92,31.70999999991,0.006333333333,0.0,0,292.681999999802,cloud_dataset_real
744,223.22,31.97999999991,0.007333333332999999,0.0,0,293.575999999802,cloud_dataset_real
745,223.52,31.485,0.0055000000000000005,0.0,0,292.78700000000003,cloud_dataset_real
746,223.82,31.39500000009,0.005166666667000001,0.0,0,292.889000000198,cloud_dataset_real
747,224.121,31.66500000009,0.006166666667000001,0.0,0,293.78400000019803,cloud_dataset_real
748,224.421,31.84499999991,0.006833333333,0.0,0,294.479999999802,cloud_dataset_real
749,224.721,31.66500000009,0.006166666667000001,0.0,0,294.384000000198,cloud_dataset_real
750,225.021,31.53000000009,0.005666666667,0.0,0,294.387000000198,cloud_dataset_real
751,225.321,31.70999999991,0.006333333333,0.0,0,295.082999999802,cloud_dataset_real
752,225.62,31.39500000009,0.005166666667000001,0.0,0,294.689000000198,cloud_dataset_real
753,225.92,31.62,0.006,0.00209715,0,295.484,cloud_dataset_real
754,226.22,31.53000000009,0.005666666667,0.00349525,0,295.586000000198,cloud_dataset_real
755,226.52,31.66500000009,0.006166666667000001,0.0,0,296.18300000019804,cloud_dataset_real
756,226.82,31.755,0.006500000000000001,0.0,0,296.681,cloud_dataset_real
757,227.12,31.66500000009,0.006166666667000001,0.00629145,0,296.783000000198,cloud_dataset_real
758,227.421,31.66500000009,0.006166666667000001,0.00349525,0,297.084000000198,cloud_dataset_real
759,227.721,31.62,0.006,0.0,0,297.285,cloud_dataset_real
760,228.021,31.84499999991,0.006833333333,0.0,0,298.079999999802,cloud_dataset_real
761,228.321,31.53000000009,0.005666666667,0.0,0,297.687000000198,cloud_dataset_real
762,228.621,31.755,0.006500000000000001,0.0,0,298.482,cloud_dataset_real
763,228.921,31.57499999991,0.005833333333,0.0,0,298.385999999802,cloud_dataset_real
764,229.221,31.53000000009,0.005666666667,0.0,0,298.58700000019803,cloud_dataset_real
765,229.521,31.62,0.006,0.0,0,299.085,cloud_dataset_real
766,229.821,31.755,0.006500000000000001,0.0,0,299.682,cloud_dataset_real
767,230.121,31.62,0.006,0.0,0,299.685,cloud_dataset_real
768,230.421,31.485,0.0055000000000000005,0.0,0,299.688,cloud_dataset_real
769,230.721,31.43999999991,0.005333333333,0.0,0,299.888999999802,cloud_dataset_real
770,231.021,31.57499999991,0.005833333333,0.0,0,300.485999999802,cloud_dataset_real
771,231.321,31.485,0.0055000000000000005,0.00069905,0,300.588,cloud_dataset_real
772,231.621,31.80000000009,0.006666666666999999,0.0041943,0,301.581000000198,cloud_dataset_real
773,231.921,31.57499999991,0.005833333333,0.0,0,301.385999999802,cloud_dataset_real
774,232.221,31.39500000009,0.005166666667000001,0.0,0,301.290000000198,cloud_dataset_real
775,232.521,31.70999999991,0.006333333333,0.0,0,302.282999999802,cloud_dataset_real
776,232.821,31.62,0.006,0.0,0,302.385,cloud_dataset_real
777,233.121,31.485,0.0055000000000000005,0.0,0,302.38800000000003,cloud_dataset_real
778,233.421,31.66500000009,0.006166666667000001,0.0,0,303.084000000198,cloud_dataset_real
779,233.721,31.66500000009,0.006166666667000001,0.0,0,303.384000000198,cloud_dataset_real
780,234.021,31.485,0.0055000000000000005,0.0,0,303.288,cloud_dataset_real
781,234.321,31.53000000009,0.005666666667,0.0,0,303.687000000198,cloud_dataset_real
782,234.621,31.84499999991,0.006833333333,0.0,0,304.679999999802,cloud_dataset_real
783,234.921,31.39500000009,0.005166666667000001,0.0,0,303.990000000198,cloud_dataset_real
784,235.221,31.97999999991,0.007333333332999999,0.0,0,305.576999999802,cloud_dataset_real
785,235.521,31.66500000009,0.006166666667000001,0.0,0,305.184000000198,cloud_dataset_real
786,235.821,31.39500000009,0.005166666667000001,0.0,0,304.89000000019803,cloud_dataset_real
787,236.122,31.485,0.0055000000000000005,0.0,0,305.389,cloud_dataset_real
788,236.422,31.43999999991,0.005333333333,0.0,0,305.589999999802,cloud_dataset_real
789,236.722,31.43999999991,0.005333333333,0.0,0,305.889999999802,cloud_dataset_real
790,237.022,31.57499999991,0.005833333333,0.0,0,306.486999999802,cloud_dataset_real
791,237.322,31.62,0.006,0.0,0,306.886,cloud_dataset_real
792,237.622,31.43999999991,0.005333333333,0.0,0,306.78999999980203,cloud_dataset_real
793,237.922,31.35,0.005,0.0,0,306.892,cloud_dataset_real
794,238.222,31.57499999991,0.005833333333,0.0,0,307.686999999802,cloud_dataset_real
795,238.522,31.485,0.0055000000000000005,0.0,0,307.789,cloud_dataset_real
796,238.822,31.57499999991,0.005833333333,0.0,0,308.286999999802,cloud_dataset_real
797,239.122,31.53000000009,0.005666666667,0.0,0,308.488000000198,cloud_dataset_real
798,239.422,31.485,0.0055000000000000005,0.0,0,308.689,cloud_dataset_real
799,239.722,31.53000000009,0.005666666667,0.0,0,309.088000000198,cloud_dataset_real
800,240.022,31.57499999991,0.005833333333,0.0,0,309.486999999802,cloud_dataset_real
801,240.322,31.53000000009,0.005666666667,0.0,0,309.68800000019803,cloud_dataset_real
802,240.622,31.39500000009,0.005166666667000001,0.0,0,309.691000000198,cloud_dataset_real
803,240.922,31.66500000009,0.006166666667000001,0.0,0,310.585000000198,cloud_dataset_real
804,241.222,31.485,0.0055000000000000005,0.0,0,310.48900000000003,cloud_dataset_real
805,241.522,31.39500000009,0.005166666667000001,0.0,0,310.591000000198,cloud_dataset_real
806,241.822,31.66500000009,0.006166666667000001,0.0,0,311.485000000198,cloud_dataset_real
807,242.122,31.57499999991,0.005833333333,0.0,0,311.586999999802,cloud_dataset_real
808,242.422,31.755,0.006500000000000001,0.0,0,312.283,cloud_dataset_real
809,242.722,31.43999999991,0.005333333333,0.0,0,311.889999999802,cloud_dataset_real
810,243.022,31.62,0.006,0.0,0,312.586,cloud_dataset_real
811,243.322,31.485,0.0055000000000000005,0.0,0,312.589,cloud_dataset_real
812,243.622,31.84499999991,0.006833333333,0.0,0,313.680999999802,cloud_dataset_real
813,243.922,32.07000000009,0.007666666667,0.0,0,314.476000000198,cloud_dataset_real
814,244.222,31.57499999991,0.005833333333,0.0,0,313.686999999802,cloud_dataset_real
815,244.522,31.80000000009,0.006666666666999999,0.0,0,314.482000000198,cloud_dataset_real
816,244.822,31.485,0.0055000000000000005,0.0,0,314.089,cloud_dataset_real
817,245.122,31.35,0.005,0.00349525,0,314.09200000000004,cloud_dataset_real
818,245.422,31.62,0.006,0.00209715,0,314.986,cloud_dataset_real
819,245.722,31.70999999991,0.006333333333,0.0,0,315.483999999802,cloud_dataset_real
820,246.022,31.66500000009,0.006166666667000001,0.0,0,315.685000000198,cloud_dataset_real
821,246.322,31.57499999991,0.005833333333,0.0,0,315.786999999802,cloud_dataset_real
822,246.622,31.755,0.006500000000000001,0.0,0,316.483,cloud_dataset_real
823,246.922,31.39500000009,0.005166666667000001,0.0,0,315.991000000198,cloud_dataset_real
824,247.222,31.53000000009,0.005666666667,0.0,0,316.588000000198,cloud_dataset_real
825,247.522,31.89,0.006999999999999999,0.0,0,317.68,cloud_dataset_real
826,247.822,31.62,0.006,0.0,0,317.386,cloud_dataset_real
827,248.122,31.66500000009,0.006166666667000001,0.0,0,317.785000000198,cloud_dataset_real
828,248.423,31.66500000009,0.006166666667000001,0.0,0,318.086000000198,cloud_dataset_real
829,248.723,31.70999999991,0.006333333333,0.0,0,318.484999999802,cloud_dataset_real
830,249.023,31.62,0.006,0.0,0,318.587,cloud_dataset_real
831,249.323,31.80000000009,0.006666666666999999,0.0,0,319.283000000198,cloud_dataset_real
832,249.623,31.755,0.006500000000000001,0.0041943,0,319.484,cloud_dataset_real
833,249.923,31.43999999991,0.005333333333,0.0,0,319.090999999802,cloud_dataset_real
834,250.223,31.66500000009,0.006166666667000001,0.0,0,319.886000000198,cloud_dataset_real
835,250.523,31.62,0.006,0.0,0,320.087,cloud_dataset_real
836,250.823,31.89,0.006999999999999999,0.0,0,320.981,cloud_dataset_real
837,251.123,31.755,0.006500000000000001,0.0,0,320.984,cloud_dataset_real
838,251.423,31.66500000009,0.006166666667000001,0.0,0,321.086000000198,cloud_dataset_real
839,251.723,31.62,0.006,0.0,0,321.28700000000003,cloud_dataset_real
840,252.023,31.62,0.006,0.0083886,0,321.587,cloud_dataset_real
841,252.323,31.53000000009,0.005666666667,0.0,0,321.689000000198,cloud_dataset_real
842,252.623,31.485,0.0055000000000000005,0.0,0,321.89,cloud_dataset_real
843,252.923,31.80000000009,0.006666666666999999,0.0,0,322.883000000198,cloud_dataset_real
844,253.223,31.62,0.006,0.0,0,322.78700000000003,cloud_dataset_real
845,253.523,31.43999999991,0.005333333333,0.0013981,0,322.690999999802,cloud_dataset_real
846,253.823,31.53000000009,0.005666666667,0.0,0,323.189000000198,cloud_dataset_real
847,254.123,31.485,0.0055000000000000005,0.0,0,323.39,cloud_dataset_real
848,254.423,31.43999999991,0.005333333333,0.0,0,323.590999999802,cloud_dataset_real
849,254.723,31.485,0.0055000000000000005,0.0,0,323.99,cloud_dataset_real
850,255.023,31.66500000009,0.006166666667000001,0.0,0,324.686000000198,cloud_dataset_real
851,255.323,31.62,0.006,0.0,0,324.887,cloud_dataset_real
852,255.623,31.84499999991,0.006833333333,0.0,0,325.681999999802,cloud_dataset_real
853,255.923,31.84499999991,0.006833333333,0.0,0,325.98199999980204,cloud_dataset_real
854,256.223,31.485,0.0055000000000000005,0.0,0,325.49,cloud_dataset_real
855,256.523,31.755,0.006500000000000001,0.0,0,326.384,cloud_dataset_real
856,256.823,31.755,0.006500000000000001,0.0,0,326.68399999999997,cloud_dataset_real
857,257.123,31.35,0.005,0.0,0,326.093,cloud_dataset_real
858,257.423,31.53000000009,0.005666666667,0.0,0,326.78900000019803,cloud_dataset_real
859,257.723,31.62,0.006,0.0,0,327.28700000000003,cloud_dataset_real
860,258.023,31.39500000009,0.005166666667000001,0.00209715,0,327.092000000198,cloud_dataset_real
861,258.323,31.66500000009,0.006166666667000001,0.0,0,327.986000000198,cloud_dataset_real
862,258.623,31.93500000009,0.007166666667,0.0,0,328.880000000198,cloud_dataset_real
863,258.923,31.53000000009,0.005666666667,0.0,0,328.28900000019803,cloud_dataset_real
864,259.223,31.70999999991,0.006333333333,0.0,0,328.984999999802,cloud_dataset_real
865,259.523,31.84499999991,0.006833333333,0.0,0,329.58199999980206,cloud_dataset_real
866,259.823,31.485,0.0055000000000000005,0.0,0,329.09,cloud_dataset_real
867,260.123,31.84499999991,0.006833333333,0.0,0,330.181999999802,cloud_dataset_real
868,260.423,36.83999999991,0.025333333333,0.01048575,0,341.470999999802,cloud_dataset_real
869,260.723,31.80000000009,0.006666666666999999,0.00209715,0,330.68300000019804,cloud_dataset_real
870,261.023,31.62,0.006,0.0041943,0,330.58700000000005,cloud_dataset_real
871,261.323,31.755,0.006500000000000001,0.0,0,331.18399999999997,cloud_dataset_real
872,261.623,31.80000000009,0.006666666666999999,0.0,0,331.583000000198,cloud_dataset_real
873,261.923,31.66500000009,0.006166666667000001,0.0,0,331.586000000198,cloud_dataset_real
874,262.223,31.755,0.006500000000000001,0.0,0,332.084,cloud_dataset_real
875,262.523,31.53000000009,0.005666666667,0.0,0,331.88900000019805,cloud_dataset_real
876,262.823,31.43999999991,0.005333333333,0.0,0,331.990999999802,cloud_dataset_real
877,263.124,31.89,0.006999999999999999,0.0,0,333.28200000000004,cloud_dataset_real
878,263.424,31.80000000009,0.006666666666999999,0.0,0,333.384000000198,cloud_dataset_real
879,263.724,31.755,0.006500000000000001,0.0,0,333.585,cloud_dataset_real
880,264.024,31.755,0.006500000000000001,0.0,0,333.885,cloud_dataset_real
881,264.324,31.53000000009,0.005666666667,0.0,0,333.690000000198,cloud_dataset_real
882,264.624,31.53000000009,0.005666666667,0.0,0,333.99000000019805,cloud_dataset_real
883,264.924,31.62,0.006,0.00349525,0,334.488,cloud_dataset_real
884,265.224,31.66500000009,0.006166666667000001,0.00069905,0,334.887000000198,cloud_dataset_real
885,265.524,31.66500000009,0.006166666667000001,0.0,0,335.187000000198,cloud_dataset_real
886,265.824,31.755,0.006500000000000001,0.0,0,335.685,cloud_dataset_real
887,266.124,31.57499999991,0.005833333333,0.0,0,335.588999999802,cloud_dataset_real
888,266.424,31.39500000009,0.005166666667000001,0.0,0,335.493000000198,cloud_dataset_real
889,266.724,31.80000000009,0.006666666666999999,0.0,0,336.684000000198,cloud_dataset_real
890,267.024,31.62,0.006,0.0,0,336.588,cloud_dataset_real
891,267.324,31.53000000009,0.005666666667,0.0,0,336.690000000198,cloud_dataset_real
892,267.624,31.755,0.006500000000000001,0.0,0,337.485,cloud_dataset_real
893,267.924,31.66500000009,0.006166666667000001,0.0,0,337.587000000198,cloud_dataset_real
894,268.224,31.485,0.0055000000000000005,0.0,0,337.491,cloud_dataset_real
895,268.524,31.80000000009,0.006666666666999999,0.0,0,338.484000000198,cloud_dataset_real
896,268.824,31.84499999991,0.006833333333,0.0,0,338.882999999802,cloud_dataset_real
897,269.124,31.485,0.0055000000000000005,0.0027962,0,338.391,cloud_dataset_real
898,269.424,31.84499999991,0.006833333333,0.0041943,0,339.482999999802,cloud_dataset_real
899,269.724,31.80000000009,0.006666666666999999,0.0,0,339.684000000198,cloud_dataset_real
900,270.024,31.43999999991,0.005333333333,0.0,0,339.191999999802,cloud_dataset_real
901,270.324,31.84499999991,0.006833333333,0.0,0,340.382999999802,cloud_dataset_real
902,270.624,31.89,0.006999999999999999,0.0,0,340.78200000000004,cloud_dataset_real
903,270.924,31.70999999991,0.006333333333,0.0,0,340.685999999802,cloud_dataset_real
904,271.224,31.53000000009,0.005666666667,0.0,0,340.59000000019796,cloud_dataset_real
905,271.524,31.755,0.006500000000000001,0.0,0,341.385,cloud_dataset_real
906,271.824,31.53000000009,0.005666666667,0.0013981,0,341.190000000198,cloud_dataset_real
907,272.124,31.80000000009,0.006666666666999999,0.0027962,0,342.08400000019805,cloud_dataset_real
908,272.424,31.93500000009,0.007166666667,0.00209715,0,342.68100000019797,cloud_dataset_real
909,272.725,31.84499999991,0.006833333333,0.0,0,342.78399999980206,cloud_dataset_real
910,273.025,31.70999999991,0.006333333333,0.0,0,342.786999999802,cloud_dataset_real
911,273.325,31.70999999991,0.006333333333,0.0,0,343.086999999802,cloud_dataset_real
912,273.625,31.80000000009,0.006666666666999999,0.0,0,343.585000000198,cloud_dataset_real
913,273.925,31.39500000009,0.005166666667000001,0.0,0,342.994000000198,cloud_dataset_real
914,274.225,31.93500000009,0.007166666667,0.0,0,344.482000000198,cloud_dataset_real
915,274.525,31.89,0.006999999999999999,0.0,0,344.683,cloud_dataset_real
916,274.824,31.53000000009,0.005666666667,0.0,0,344.190000000198,cloud_dataset_real
917,275.124,31.57499999991,0.005833333333,0.0,0,344.588999999802,cloud_dataset_real
918,275.424,31.53000000009,0.005666666667,0.0,0,344.790000000198,cloud_dataset_real
919,275.724,31.35,0.005,0.0,0,344.694,cloud_dataset_real
920,276.024,31.57499999991,0.005833333333,0.0,0,345.488999999802,cloud_dataset_real
921,276.324,31.84499999991,0.006833333333,0.0,0,346.382999999802,cloud_dataset_real
922,276.624,31.53000000009,0.005666666667,0.0,0,345.99000000019805,cloud_dataset_real
923,276.925,31.43999999991,0.005333333333,0.0,0,346.09299999980203,cloud_dataset_real
924,277.225,31.84499999991,0.006833333333,0.0,0,347.28399999980206,cloud_dataset_real
925,277.525,31.755,0.006500000000000001,0.0,0,347.38599999999997,cloud_dataset_real
926,277.825,31.62,0.006,0.0,0,347.389,cloud_dataset_real
927,278.125,31.485,0.0055000000000000005,0.0,0,347.392,cloud_dataset_real
928,278.425,31.39500000009,0.005166666667000001,0.0,0,347.494000000198,cloud_dataset_real
929,278.725,31.485,0.0055000000000000005,0.0,0,347.992,cloud_dataset_real
930,279.025,31.485,0.0055000000000000005,0.0,0,348.292,cloud_dataset_real
931,279.325,31.485,0.0055000000000000005,0.0,0,348.592,cloud_dataset_real
932,279.625,32.78999999991,0.010333333333000001,0.0,0,351.762999999802,cloud_dataset_real
933,279.925,34.05,0.015,0.00209715,0,354.83500000000004,cloud_dataset_real
934,280.225,31.57499999991,0.005833333333,0.0,0,349.689999999802,cloud_dataset_real
935,280.525,31.66500000009,0.006166666667000001,0.0,0,350.188000000198,cloud_dataset_real
936,280.825,31.97999999991,0.007333333332999999,0.0,0,351.180999999802,cloud_dataset_real
937,281.125,31.62,0.006,0.0,0,350.689,cloud_dataset_real
938,281.425,31.53000000009,0.005666666667,0.0,0,350.791000000198,cloud_dataset_real
939,281.725,31.39500000009,0.005166666667000001,0.0,0,350.794000000198,cloud_dataset_real
940,282.025,31.43999999991,0.005333333333,0.0,0,351.192999999802,cloud_dataset_real
941,282.325,31.53000000009,0.005666666667,0.0,0,351.69100000019796,cloud_dataset_real
942,282.625,31.485,0.0055000000000000005,0.0,0,351.892,cloud_dataset_real
943,282.925,31.39500000009,0.005166666667000001,0.0,0,351.994000000198,cloud_dataset_real
944,283.225,31.70999999991,0.006333333333,0.0,0,352.98699999980204,cloud_dataset_real
945,283.525,31.70999999991,0.006333333333,0.0,0,353.286999999802,cloud_dataset_real
946,283.825,31.84499999991,0.006833333333,0.0,0,353.883999999802,cloud_dataset_real
947,284.125,31.62,0.006,0.0,0,353.689,cloud_dataset_real
948,284.425,31.755,0.006500000000000001,0.0,0,354.286,cloud_dataset_real
949,284.725,31.86923076921,0.006923076923,0.0080659615390625,0,354.837307692262,cloud_dataset_real
950,285.025,31.93500000009,0.007166666667,0.0027962,0,355.28200000019797,cloud_dataset_real
951,285.325,31.485,0.0055000000000000005,0.0,0,354.592,cloud_dataset_real
952,285.625,31.485,0.0055000000000000005,0.0,0,354.892,cloud_dataset_real
953,285.925,31.485,0.0055000000000000005,0.0,0,355.192,cloud_dataset_real
954,286.226,31.57499999991,0.005833333333,0.0,0,355.690999999802,cloud_dataset_real
955,286.526,31.62,0.006,0.0,0,356.09000000000003,cloud_dataset_real
956,286.826,31.485,0.0055000000000000005,0.0,0,356.093,cloud_dataset_real
957,287.126,31.80000000009,0.006666666666999999,0.0,0,357.086000000198,cloud_dataset_real
958,287.426,31.485,0.0055000000000000005,0.0,0,356.693,cloud_dataset_real
959,287.726,31.35,0.005,0.0,0,356.696,cloud_dataset_real
960,288.026,31.755,0.006500000000000001,0.0041943,0,357.887,cloud_dataset_real
961,288.326,31.57499999991,0.005833333333,0.00209715,0,357.790999999802,cloud_dataset_real
962,288.626,31.43999999991,0.005333333333,0.0,0,357.793999999802,cloud_dataset_real
963,288.926,31.66500000009,0.006166666667000001,0.0,0,358.589000000198,cloud_dataset_real
964,289.226,31.66500000009,0.006166666667000001,0.0,0,358.889000000198,cloud_dataset_real
965,289.526,31.84499999991,0.006833333333,0.0,0,359.584999999802,cloud_dataset_real
966,289.826,31.97999999991,0.007333333332999999,0.0,0,360.18199999980203,cloud_dataset_real
967,290.126,31.62,0.006,0.0,0,359.69,cloud_dataset_real
968,290.426,31.485,0.0055000000000000005,0.00209715,0,359.693,cloud_dataset_real
969,290.726,31.66500000009,0.006166666667000001,0.0,0,360.389000000198,cloud_dataset_real
970,291.026,31.57499999991,0.005833333333,0.0,0,360.490999999802,cloud_dataset_real
971,291.326,31.35,0.005,0.0,0,360.29600000000005,cloud_dataset_real
972,291.626,31.66500000009,0.006166666667000001,0.0,0,361.289000000198,cloud_dataset_real
973,291.926,31.62,0.006,0.0,0,361.49,cloud_dataset_real
974,292.226,31.39500000009,0.005166666667000001,0.0,0,361.295000000198,cloud_dataset_real
975,292.526,31.43999999991,0.005333333333,0.0,0,361.69399999980203,cloud_dataset_real
976,292.826,31.62,0.006,0.00349525,0,362.39000000000004,cloud_dataset_real
977,293.126,31.35,0.005,0.0083886,0,362.096,cloud_dataset_real
978,293.426,31.43999999991,0.005333333333,0.0,0,362.593999999802,cloud_dataset_real
979,293.726,31.89,0.006999999999999999,0.0,0,363.884,cloud_dataset_real
980,294.026,31.485,0.0055000000000000005,0.0,0,363.293,cloud_dataset_real
981,294.326,31.70999999991,0.006333333333,0.0,0,364.08799999980204,cloud_dataset_real
982,294.626,31.62,0.006,0.0,0,364.19,cloud_dataset_real
983,294.926,31.43999999991,0.005333333333,0.0,0,364.093999999802,cloud_dataset_real
984,295.226,31.43999999991,0.005333333333,0.0,0,364.393999999802,cloud_dataset_real
985,295.526,31.70999999991,0.006333333333,0.0,0,365.287999999802,cloud_dataset_real
986,295.826,31.62,0.006,0.0,0,365.39000000000004,cloud_dataset_real
987,296.126,31.485,0.0055000000000000005,0.0,0,365.393,cloud_dataset_real
988,296.426,31.70999999991,0.006333333333,0.0,0,366.187999999802,cloud_dataset_real
989,296.726,31.485,0.0055000000000000005,0.0,0,365.993,cloud_dataset_real
990,297.026,31.93500000009,0.007166666667,0.00069905,0,367.283000000198,cloud_dataset_real
991,297.326,31.84499999991,0.006833333333,0.0013981,0,367.38499999980206,cloud_dataset_real
992,297.626,31.485,0.0055000000000000005,0.0,0,366.893,cloud_dataset_real
993,297.926,31.62,0.006,0.0,0,367.49,cloud_dataset_real
994,298.226,31.70999999991,0.006333333333,0.0,0,367.987999999802,cloud_dataset_real
995,298.526,31.89,0.006999999999999999,0.0,0,368.684,cloud_dataset_real
996,298.826,31.485,0.0055000000000000005,0.0,0,368.093,cloud_dataset_real
997,299.126,31.755,0.006500000000000001,0.0,0,368.98699999999997,cloud_dataset_real
998,299.426,31.485,0.0055000000000000005,0.00629145,0,368.693,cloud_dataset_real
999,299.726,31.35,0.005,0.00069905,0,368.696,cloud_dataset_real
1000,300.026,31.755,0.006500000000000001,0.0013981,0,369.887,cloud_dataset_real
1001,300.326,31.57499999991,0.005833333333,0.00209715,0,369.790999999802,cloud_dataset_real
1002,300.626,31.70999999991,0.006333333333,0.0,0,370.387999999802,cloud_dataset_real
1003,300.926,31.70999999991,0.006333333333,0.0,0,370.687999999802,cloud_dataset_real
1004,301.226,31.80000000009,0.006666666666999999,0.0,0,371.186000000198,cloud_dataset_real
1005,301.526,31.66500000009,0.006166666667000001,0.0,0,371.189000000198,cloud_dataset_real
1006,301.826,31.485,0.0055000000000000005,0.0,0,371.093,cloud_dataset_real
1007,302.127,31.485,0.0055000000000000005,0.0,0,371.394,cloud_dataset_real
1008,302.427,31.43999999991,0.005333333333,0.0,0,371.59499999980204,cloud_dataset_real
1009,302.727,31.70999999991,0.006333333333,0.0,0,372.488999999802,cloud_dataset_real
1010,303.027,31.485,0.0055000000000000005,0.0,0,372.294,cloud_dataset_real
1011,303.327,31.39500000009,0.005166666667000001,0.0,0,372.396000000198,cloud_dataset_real
1012,303.627,31.66500000009,0.006166666667000001,0.0041943,0,373.290000000198,cloud_dataset_real
1013,303.927,31.755,0.006500000000000001,0.0,0,373.788,cloud_dataset_real
1014,304.227,31.57499999991,0.005833333333,0.0,0,373.69199999980196,cloud_dataset_real
1015,304.527,31.66500000009,0.006166666667000001,0.0,0,374.190000000198,cloud_dataset_real
1016,304.827,31.66500000009,0.006166666667000001,0.0,0,374.490000000198,cloud_dataset_real
1017,305.127,31.53000000009,0.005666666667,0.0,0,374.493000000198,cloud_dataset_real
1018,305.427,31.755,0.006500000000000001,0.0,0,375.288,cloud_dataset_real
1019,305.727,31.84499999991,0.006833333333,0.0,0,375.785999999802,cloud_dataset_real
1020,306.027,31.43999999991,0.005333333333,0.0,0,375.194999999802,cloud_dataset_real
1021,306.327,31.66500000009,0.006166666667000001,0.0,0,375.990000000198,cloud_dataset_real
1022,306.627,31.62,0.006,0.0,0,376.19100000000003,cloud_dataset_real
1023,306.927,31.39500000009,0.005166666667000001,0.0,0,375.996000000198,cloud_dataset_real
1024,307.227,31.485,0.0055000000000000005,0.0,0,376.49399999999997,cloud_dataset_real
1025,307.527,31.62,0.006,0.0,0,377.091,cloud_dataset_real
1026,307.827,31.755,0.006500000000000001,0.0,0,377.688,cloud_dataset_real
1027,308.127,31.755,0.006500000000000001,0.0,0,377.988,cloud_dataset_real
1028,308.427,31.93500000009,0.007166666667,0.0,0,378.684000000198,cloud_dataset_real
1029,308.727,31.57499999991,0.005833333333,0.0,0,378.19199999980196,cloud_dataset_real
1030,309.027,31.43999999991,0.005333333333,0.0,0,378.194999999802,cloud_dataset_real
1031,309.327,31.84499999991,0.006833333333,0.0,0,379.38599999980204,cloud_dataset_real
1032,309.627,31.70999999991,0.006333333333,0.0,0,379.388999999802,cloud_dataset_real
1033,309.927,31.89,0.006999999999999999,0.0041943,0,380.08500000000004,cloud_dataset_real
1034,310.227,31.70999999991,0.006333333333,0.0,0,379.988999999802,cloud_dataset_real
1035,310.527,31.70999999991,0.006333333333,0.0,0,380.288999999802,cloud_dataset_real
1036,310.827,31.53000000009,0.005666666667,0.0,0,380.193000000198,cloud_dataset_real
1037,311.127,31.70999999991,0.006333333333,0.0,0,380.888999999802,cloud_dataset_real
1038,311.427,31.70999999991,0.006333333333,0.0,0,381.18899999980204,cloud_dataset_real
1039,311.727,31.53000000009,0.005666666667,0.0,0,381.093000000198,cloud_dataset_real
1040,312.027,31.755,0.006500000000000001,0.0,0,381.888,cloud_dataset_real
1041,312.327,31.485,0.0055000000000000005,0.0,0,381.594,cloud_dataset_real
1042,312.627,31.43999999991,0.005333333333,0.0,0,381.79499999980203,cloud_dataset_real
1043,312.927,31.62,0.006,0.0,0,382.49100000000004,cloud_dataset_real
1044,313.227,31.62,0.006,0.0,0,382.791,cloud_dataset_real
1045,313.527,31.80000000009,0.006666666666999999,0.0,0,383.487000000198,cloud_dataset_real
1046,313.827,32.65499999991,0.009833333332999999,0.0013981,0,385.66799999980196,cloud_dataset_real
1047,314.127,32.34000000009,0.008666666667,0.0167772,0,385.275000000198,cloud_dataset_real
1048,314.427,31.70999999991,0.006333333333,0.0,0,384.18899999980204,cloud_dataset_real
1049,314.727,31.89,0.006999999999999999,0.0,0,384.885,cloud_dataset_real
1050,315.027,31.89,0.006999999999999999,0.0,0,385.185,cloud_dataset_real
1051,315.327,31.70999999991,0.006333333333,0.0,0,385.088999999802,cloud_dataset_real
1052,315.628,31.70999999991,0.006333333333,0.0,0,385.389999999802,cloud_dataset_real
1053,315.928,31.66500000009,0.006166666667000001,0.0,0,385.591000000198,cloud_dataset_real
1054,316.228,31.39500000009,0.005166666667000001,0.0,0,385.297000000198,cloud_dataset_real
1055,316.528,31.66500000009,0.006166666667000001,0.0,0,386.191000000198,cloud_dataset_real
1056,316.828,31.70999999991,0.006333333333,0.0,0,386.589999999802,cloud_dataset_real
1057,317.128,31.485,0.0055000000000000005,0.0,0,386.395,cloud_dataset_real
1058,317.428,31.53000000009,0.005666666667,0.0,0,386.794000000198,cloud_dataset_real
1059,317.728,31.70999999991,0.006333333333,0.0,0,387.489999999802,cloud_dataset_real
1060,318.028,31.43999999991,0.005333333333,0.0,0,387.19599999980204,cloud_dataset_real
1061,318.328,31.89,0.006999999999999999,0.0,0,388.486,cloud_dataset_real
1062,318.628,31.84499999991,0.006833333333,0.0,0,388.68699999980197,cloud_dataset_real
1063,318.928,31.485,0.0055000000000000005,0.0,0,388.195,cloud_dataset_real
1064,319.228,31.57499999991,0.005833333333,0.0,0,388.692999999802,cloud_dataset_real
1065,319.528,31.62,0.006,0.0,0,389.09200000000004,cloud_dataset_real
1066,319.828,31.485,0.0055000000000000005,0.0,0,389.09499999999997,cloud_dataset_real
1067,320.128,31.66500000009,0.006166666667000001,0.0,0,389.791000000198,cloud_dataset_real
1068,320.428,31.755,0.006500000000000001,0.0,0,390.289,cloud_dataset_real
1069,320.728,31.53000000009,0.005666666667,0.0,0,390.094000000198,cloud_dataset_real
1070,321.028,31.39500000009,0.005166666667000001,0.0,0,390.097000000198,cloud_dataset_real
1071,321.328,31.84499999991,0.006833333333,0.0,0,391.386999999802,cloud_dataset_real
1072,321.628,31.54285714278,0.005714285714,0.0,0,391.022285714116,cloud_dataset_real
1073,321.928,31.62,0.006,0.0,0,391.492,cloud_dataset_real
1074,322.228,31.66500000009,0.006166666667000001,0.0,0,391.891000000198,cloud_dataset_real
1075,322.528,31.62,0.006,0.0,0,392.09200000000004,cloud_dataset_real
1076,322.828,31.43999999991,0.005333333333,0.0,0,391.995999999802,cloud_dataset_real
1077,323.128,31.66500000009,0.006166666667000001,0.0,0,392.791000000198,cloud_dataset_real
1078,323.428,31.66500000009,0.006166666667000001,0.0,0,393.091000000198,cloud_dataset_real
1079,323.728,31.485,0.0055000000000000005,0.0,0,392.995,cloud_dataset_real
1080,324.028,31.66500000009,0.006166666667000001,0.0,0,393.691000000198,cloud_dataset_real
1081,324.328,31.53000000009,0.005666666667,0.0,0,393.694000000198,cloud_dataset_real
1082,324.628,31.43999999991,0.005333333333,0.0,0,393.795999999802,cloud_dataset_real
1083,324.928,31.70999999991,0.006333333333,0.0,0,394.689999999802,cloud_dataset_real
1084,325.228,31.62,0.006,0.0,0,394.79200000000003,cloud_dataset_real
1085,325.528,31.57499999991,0.005833333333,0.0,0,394.992999999802,cloud_dataset_real
1086,325.828,31.66500000009,0.006166666667000001,0.0,0,395.49100000019797,cloud_dataset_real
1087,326.128,31.70999999991,0.006333333333,0.0,0,395.889999999802,cloud_dataset_real
1088,326.429,31.485,0.0055000000000000005,0.0,0,395.69599999999997,cloud_dataset_real
1089,326.729,31.62,0.006,0.0,0,396.293,cloud_dataset_real
1090,327.029,31.53000000009,0.005666666667,0.0,0,396.395000000198,cloud_dataset_real
1091,327.329,31.35,0.005,0.0,0,396.29900000000004,cloud_dataset_real
1092,327.629,31.53000000009,0.005666666667,0.0,0,396.99500000019805,cloud_dataset_real
1093,327.929,31.485,0.0055000000000000005,0.0,0,397.19599999999997,cloud_dataset_real
1094,328.229,31.35,0.005,0.0,0,397.199,cloud_dataset_real
1095,328.529,31.485,0.0055000000000000005,0.0,0,397.796,cloud_dataset_real
1096,328.829,31.66500000009,0.006166666667000001,0.0,0,398.492000000198,cloud_dataset_real
1097,329.129,31.39821428583,0.0051785714289999995,0.0,0,398.20507142882605,cloud_dataset_real
1098,329.429,31.485,0.0055000000000000005,0.0,0,398.69599999999997,cloud_dataset_real
1099,329.729,31.57499999991,0.005833333333,0.0,0,399.193999999802,cloud_dataset_real
1100,330.029,31.43999999991,0.005333333333,0.0,0,399.196999999802,cloud_dataset_real
1101,330.329,31.485,0.0055000000000000005,0.0,0,399.596,cloud_dataset_real
1102,330.629,31.70999999991,0.006333333333,0.00209715,0,400.39099999980203,cloud_dataset_real
1103,330.929,31.44642857139,0.005357142857,0.002246946428125,0,400.111142857058,cloud_dataset_real
1104,331.229,31.43999999991,0.005333333333,0.0,0,400.396999999802,cloud_dataset_real
1105,331.529,31.485,0.0055000000000000005,0.0,0,400.796,cloud_dataset_real
1106,331.829,31.485,0.0055000000000000005,0.0,0,401.096,cloud_dataset_real
1107,332.129,31.39500000009,0.005166666667000001,0.0,0,401.198000000198,cloud_dataset_real
1108,332.429,31.63928571417,0.006071428571,0.0,0,402.03542857117395,cloud_dataset_real
1109,332.729,31.53000000009,0.005666666667,0.0,0,402.09500000019796,cloud_dataset_real
1110,333.029,31.35,0.005,0.0,0,401.999,cloud_dataset_real
1111,333.329,31.54285714278,0.005714285714,0.0,0,402.723285714116,cloud_dataset_real
1112,333.629,31.485,0.0055000000000000005,0.0,0,402.896,cloud_dataset_real
1113,333.929,31.35,0.005,0.0,0,402.899,cloud_dataset_real
1114,334.229,31.755,0.006500000000000001,0.0,0,404.09,cloud_dataset_real
1115,334.529,31.485,0.0055000000000000005,0.0,0,403.796,cloud_dataset_real
1116,334.829,31.57499999991,0.005833333333,0.0,0,404.293999999802,cloud_dataset_real
1117,335.129,31.57499999991,0.005833333333,0.0,0,404.593999999802,cloud_dataset_real
1118,335.43,31.93500000009,0.007166666667,0.0,0,405.687000000198,cloud_dataset_real
1119,335.73,31.35,0.005,0.0,0,404.70000000000005,cloud_dataset_real
1120,336.03,31.62,0.006,0.0,0,405.594,cloud_dataset_real
1121,336.33,31.66500000009,0.006166666667000001,0.0,0,405.993000000198,cloud_dataset_real
1122,336.63,31.39500000009,0.005166666667000001,0.0,0,405.699000000198,cloud_dataset_real
1123,336.93,31.59107142861,0.0058928571429999995,0.0,0,406.430357142942,cloud_dataset_real
1124,337.23,31.54285714278,0.005714285714,0.0,0,406.624285714116,cloud_dataset_real
1125,337.53,31.35,0.005,0.0,0,406.5,cloud_dataset_real
1126,337.83,31.53000000009,0.005666666667,0.0,0,407.19600000019796,cloud_dataset_real
1127,338.13,31.62,0.006,0.0,0,407.694,cloud_dataset_real
1128,338.43,31.755,0.006500000000000001,0.0,0,408.291,cloud_dataset_real
1129,338.73,31.53000000009,0.005666666667,0.0,0,408.09600000019805,cloud_dataset_real
1130,339.03,31.70999999991,0.006333333333,0.00209715,0,408.791999999802,cloud_dataset_real
1131,339.33,31.43999999991,0.005333333333,0.00489335,0,408.497999999802,cloud_dataset_real
1132,339.63,31.70999999991,0.006333333333,0.0,0,409.391999999802,cloud_dataset_real
1133,339.93,31.80000000009,0.006666666666999999,0.0,0,409.89000000019803,cloud_dataset_real
1134,340.23,31.44642857139,0.005357142857,0.0,0,409.41214285705803,cloud_dataset_real
1135,340.53,31.62,0.006,0.0,0,410.094,cloud_dataset_real
1136,340.83,31.43999999991,0.005333333333,0.0,0,409.997999999802,cloud_dataset_real
1137,341.13,31.485,0.0055000000000000005,0.0,0,410.397,cloud_dataset_real
1138,341.43,31.62,0.006,0.0,0,410.994,cloud_dataset_real
1139,341.73,31.755,0.006500000000000001,0.0,0,411.591,cloud_dataset_real
1140,342.03,31.43999999991,0.005333333333,0.0,0,411.197999999802,cloud_dataset_real
1141,342.33,31.53000000009,0.005666666667,0.0,0,411.69600000019796,cloud_dataset_real
1142,342.63,31.62,0.006,0.0,0,412.194,cloud_dataset_real
1143,342.93,31.57499999991,0.005833333333,0.0,0,412.394999999802,cloud_dataset_real
1144,343.23,31.57499999991,0.005833333333,0.0,0,412.694999999802,cloud_dataset_real
1145,343.53,31.70999999991,0.006333333333,0.0,0,413.291999999802,cloud_dataset_real
1146,343.83,31.70999999991,0.006333333333,0.0,0,413.591999999802,cloud_dataset_real
1147,344.13,31.755,0.006500000000000001,0.0,0,413.991,cloud_dataset_real
1148,344.43,31.62,0.006,0.0,0,413.994,cloud_dataset_real
1149,344.73,31.53000000009,0.005666666667,0.0,0,414.09600000019805,cloud_dataset_real
1150,345.03,31.57499999991,0.005833333333,0.0,0,414.49499999980196,cloud_dataset_real
1151,345.33,31.70999999991,0.006333333333,0.0,0,415.091999999802,cloud_dataset_real
1152,345.63,31.485,0.0055000000000000005,0.0,0,414.897,cloud_dataset_real
1153,345.93,31.39500000009,0.005166666667000001,0.0,0,414.999000000198,cloud_dataset_real
1154,346.23,31.70999999991,0.006333333333,0.0,0,415.99199999980203,cloud_dataset_real
1155,346.53,31.53000000009,0.005666666667,0.0,0,415.896000000198,cloud_dataset_real
1156,346.83,31.57499999991,0.005833333333,0.0,0,416.294999999802,cloud_dataset_real
1157,347.13,31.93500000009,0.007166666667,0.0,0,417.387000000198,cloud_dataset_real
1158,347.43,31.62,0.006,0.0,0,416.994,cloud_dataset_real
1159,347.73,31.43999999991,0.005333333333,0.0,0,416.89799999980204,cloud_dataset_real
1160,348.03,31.485,0.0055000000000000005,0.0,0,417.29699999999997,cloud_dataset_real
1161,348.33,31.53000000009,0.005666666667,0.0,0,417.69600000019796,cloud_dataset_real
1162,348.631,31.35,0.005,0.0,0,417.601,cloud_dataset_real
1163,348.931,31.57499999991,0.005833333333,0.0,0,418.395999999802,cloud_dataset_real
1164,349.231,31.62,0.006,0.00489335,0,418.795,cloud_dataset_real
1165,349.531,31.39500000009,0.005166666667000001,0.00209715,0,418.600000000198,cloud_dataset_real
1166,349.831,31.57499999991,0.005833333333,0.0083886,0,419.295999999802,cloud_dataset_real
1167,350.131,31.62,0.006,0.0,0,419.695,cloud_dataset_real
1168,350.431,31.57499999991,0.005833333333,0.0,0,419.895999999802,cloud_dataset_real
1169,350.731,31.66500000009,0.006166666667000001,0.0,0,420.394000000198,cloud_dataset_real
1170,351.031,31.66500000009,0.006166666667000001,0.0,0,420.694000000198,cloud_dataset_real
1171,351.331,31.39500000009,0.005166666667000001,0.0,0,420.400000000198,cloud_dataset_real
1172,351.631,31.53000000009,0.005666666667,0.0027962,0,420.997000000198,cloud_dataset_real
1173,351.931,31.66500000009,0.006166666667000001,0.00209715,0,421.594000000198,cloud_dataset_real
1174,352.231,31.53000000009,0.005666666667,0.0,0,421.597000000198,cloud_dataset_real
1175,352.531,31.70999999991,0.006333333333,0.0,0,422.292999999802,cloud_dataset_real
1176,352.831,31.53000000009,0.005666666667,0.0,0,422.19700000019805,cloud_dataset_real
1177,353.131,31.53000000009,0.005666666667,0.0,0,422.497000000198,cloud_dataset_real
1178,353.431,31.43999999991,0.005333333333,0.0,0,422.598999999802,cloud_dataset_real
1179,353.731,31.755,0.006500000000000001,0.0,0,423.592,cloud_dataset_real
1180,354.031,31.66500000009,0.006166666667000001,0.0,0,423.694000000198,cloud_dataset_real
1181,354.331,31.57499999991,0.005833333333,0.0013981,0,423.795999999802,cloud_dataset_real
1182,354.631,31.53000000009,0.005666666667,0.00069905,0,423.997000000198,cloud_dataset_real
1183,354.931,31.485,0.0055000000000000005,0.0,0,424.198,cloud_dataset_real
1184,355.231,31.43999999991,0.005333333333,0.0,0,424.398999999802,cloud_dataset_real
1185,355.531,31.80000000009,0.006666666666999999,0.0,0,425.491000000198,cloud_dataset_real
1186,355.831,31.63928571417,0.006071428571,0.0,0,425.437428571174,cloud_dataset_real
1187,356.131,31.57499999991,0.005833333333,0.0,0,425.59599999980196,cloud_dataset_real
1188,356.431,31.43999999991,0.005333333333,0.0,0,425.598999999802,cloud_dataset_real
1189,356.731,31.53000000009,0.005666666667,0.0,0,426.097000000198,cloud_dataset_real
1190,357.032,31.485,0.0055000000000000005,0.0,0,426.299,cloud_dataset_real
1191,357.332,31.66500000009,0.006166666667000001,0.0,0,426.995000000198,cloud_dataset_real
1192,357.632,31.62,0.006,0.0,0,427.196,cloud_dataset_real
1193,357.932,31.485,0.0055000000000000005,0.0,0,427.199,cloud_dataset_real
1194,358.232,31.70999999991,0.006333333333,0.0,0,427.99399999980204,cloud_dataset_real
1195,358.532,31.53000000009,0.005666666667,0.0,0,427.89800000019795,cloud_dataset_real
1196,358.832,31.43999999991,0.005333333333,0.0,0,427.999999999802,cloud_dataset_real
1197,359.132,31.70999999991,0.006333333333,0.0,0,428.893999999802,cloud_dataset_real
1198,359.432,31.53000000009,0.005666666667,0.0,0,428.79800000019804,cloud_dataset_real
1199,359.732,31.485,0.0055000000000000005,0.0,0,428.999,cloud_dataset_real
1200,360.032,31.485,0.0055000000000000005,0.0,0,429.299,cloud_dataset_real
1201,360.332,31.57499999991,0.005833333333,0.0,0,429.796999999802,cloud_dataset_real
1202,360.632,31.39500000009,0.005166666667000001,0.0,0,429.701000000198,cloud_dataset_real
1203,360.932,31.66500000009,0.006166666667000001,0.0,0,430.595000000198,cloud_dataset_real
1204,361.232,31.80000000009,0.006666666666999999,0.0,0,431.19200000019805,cloud_dataset_real
1205,361.532,31.485,0.0055000000000000005,0.0,0,430.799,cloud_dataset_real
1206,361.832,31.62,0.006,0.0,0,431.396,cloud_dataset_real
1207,362.132,31.62,0.006,0.0,0,431.696,cloud_dataset_real
1208,362.432,31.39500000009,0.005166666667000001,0.0,0,431.501000000198,cloud_dataset_real
1209,362.732,31.80000000009,0.006666666666999999,0.0,0,432.69200000019805,cloud_dataset_real
1210,363.032,31.755,0.006500000000000001,0.0055924,0,432.893,cloud_dataset_real
1211,363.332,31.57499999991,0.005833333333,0.0,0,432.796999999802,cloud_dataset_real
1212,363.632,31.43999999991,0.005333333333,0.0,0,432.799999999802,cloud_dataset_real
1213,363.932,31.66500000009,0.006166666667000001,0.0,0,433.595000000198,cloud_dataset_real
1214,364.232,31.485,0.0055000000000000005,0.0,0,433.499,cloud_dataset_real
1215,364.532,31.66500000009,0.006166666667000001,0.0,0,434.195000000198,cloud_dataset_real
1216,364.833,31.89,0.006999999999999999,0.0,0,434.99100000000004,cloud_dataset_real
1217,365.133,31.53000000009,0.005666666667,0.0,0,434.49900000019795,cloud_dataset_real
1218,365.433,31.53000000009,0.005666666667,0.0,0,434.799000000198,cloud_dataset_real
1219,365.733,31.53000000009,0.005666666667,0.0,0,435.099000000198,cloud_dataset_real
1220,366.033,31.89,0.006999999999999999,0.0,0,436.19100000000003,cloud_dataset_real
1221,366.333,32.38499999991,0.008833333333,0.0,0,437.57999999980206,cloud_dataset_real
1222,366.633,31.755,0.006500000000000001,0.00209715,0,436.49399999999997,cloud_dataset_real
1223,366.933,31.53000000009,0.005666666667,0.00209715,0,436.299000000198,cloud_dataset_real
1224,367.233,31.485,0.0055000000000000005,0.0,0,436.5,cloud_dataset_real
1225,367.533,31.53000000009,0.005666666667,0.0,0,436.89900000019804,cloud_dataset_real
1226,367.833,33.15000000009,0.011666666667000001,0.0041943,0,440.763000000198,cloud_dataset_real
1227,368.133,31.93500000009,0.007166666667,0.03285535,0,438.390000000198,cloud_dataset_real
1228,368.433,31.97999999991,0.007333333332999999,0.00069905,0,438.788999999802,cloud_dataset_real
1229,368.733,31.80000000009,0.006666666666999999,0.0,0,438.693000000198,cloud_dataset_real
1230,369.033,31.89,0.006999999999999999,0.0,0,439.19100000000003,cloud_dataset_real
1231,369.333,31.43999999991,0.005333333333,0.0,0,438.50099999980205,cloud_dataset_real
1232,369.633,31.57499999991,0.005833333333,0.0,0,439.09799999980197,cloud_dataset_real
1233,369.933,31.66500000009,0.006166666667000001,0.0,0,439.596000000198,cloud_dataset_real
1234,370.233,31.97999999991,0.007333333332999999,0.0,0,440.588999999802,cloud_dataset_real
1235,370.533,31.84499999991,0.006833333333,0.0,0,440.59199999980206,cloud_dataset_real
1236,370.833,31.53000000009,0.005666666667,0.0,0,440.199000000198,cloud_dataset_real
1237,371.133,31.66500000009,0.006166666667000001,0.0,0,440.796000000198,cloud_dataset_real
1238,371.433,31.66500000009,0.006166666667000001,0.0,0,441.096000000198,cloud_dataset_real
1239,371.733,31.57499999991,0.005833333333,0.0,0,441.197999999802,cloud_dataset_real
1240,372.033,31.70999999991,0.006333333333,0.0,0,441.79499999980203,cloud_dataset_real
1241,372.333,31.80000000009,0.006666666666999999,0.0,0,442.29300000019805,cloud_dataset_real
1242,372.633,31.35,0.005,0.0,0,441.603,cloud_dataset_real
1243,372.933,31.39500000009,0.005166666667000001,0.0,0,442.002000000198,cloud_dataset_real
1244,373.233,31.62,0.006,0.0,0,442.797,cloud_dataset_real
1245,373.533,31.43999999991,0.005333333333,0.0,0,442.70099999980204,cloud_dataset_real
1246,373.833,31.66500000009,0.006166666667000001,0.0,0,443.496000000198,cloud_dataset_real
1247,374.133,31.485,0.0055000000000000005,0.0,0,443.4,cloud_dataset_real
1248,374.433,31.485,0.0055000000000000005,0.0,0,443.7,cloud_dataset_real
1249,374.733,31.485,0.0055000000000000005,0.0,0,444.0,cloud_dataset_real
1250,375.033,31.57499999991,0.005833333333,0.0,0,444.497999999802,cloud_dataset_real
1251,375.333,31.62,0.006,0.0,0,444.89700000000005,cloud_dataset_real
1252,375.633,31.66500000009,0.006166666667000001,0.0,0,445.296000000198,cloud_dataset_real
1253,375.933,31.755,0.006500000000000001,0.0,0,445.794,cloud_dataset_real
1254,376.233,31.43999999991,0.005333333333,0.0,0,445.400999999802,cloud_dataset_real
1255,376.533,31.39500000009,0.005166666667000001,0.0,0,445.602000000198,cloud_dataset_real
1256,376.833,31.97999999991,0.007333333332999999,0.0,0,447.18899999980204,cloud_dataset_real
1257,377.133,31.755,0.006500000000000001,0.0,0,446.99399999999997,cloud_dataset_real
1258,377.433,31.89,0.006999999999999999,0.0,0,447.591,cloud_dataset_real
1259,377.733,31.62,0.006,0.0,0,447.297,cloud_dataset_real
1260,378.033,31.485,0.0055000000000000005,0.0,0,447.3,cloud_dataset_real
1261,378.333,31.39500000009,0.005166666667000001,0.0,0,447.40200000019803,cloud_dataset_real
1262,378.634,31.84499999991,0.006833333333,0.0,0,448.69299999980205,cloud_dataset_real
1263,378.934,31.66500000009,0.006166666667000001,0.0,0,448.597000000198,cloud_dataset_real
1264,379.234,31.35,0.005,0.0,0,448.204,cloud_dataset_real
1265,379.534,31.57499999991,0.005833333333,0.0,0,448.998999999802,cloud_dataset_real
1266,379.834,31.485,0.0055000000000000005,0.0,0,449.101,cloud_dataset_real
1267,380.134,31.485,0.0055000000000000005,0.0055924,0,449.401,cloud_dataset_real
1268,380.434,31.53000000009,0.005666666667,0.00069905,0,449.800000000198,cloud_dataset_real
1269,380.734,31.62,0.006,0.0,0,450.298,cloud_dataset_real
1270,381.034,31.97999999991,0.007333333332999999,0.0,0,451.389999999802,cloud_dataset_real
1271,381.334,31.57499999991,0.005833333333,0.0,0,450.798999999802,cloud_dataset_real
1272,381.634,31.62,0.006,0.0,0,451.19800000000004,cloud_dataset_real
1273,381.934,31.43999999991,0.005333333333,0.0,0,451.10199999980205,cloud_dataset_real
1274,382.234,31.80000000009,0.006666666666999999,0.0,0,452.194000000198,cloud_dataset_real
1275,382.534,31.62,0.006,0.0,0,452.098,cloud_dataset_real
1276,382.834,31.35,0.005,0.0,0,451.80400000000003,cloud_dataset_real
1277,383.134,31.57499999991,0.005833333333,0.0,0,452.598999999802,cloud_dataset_real
1278,383.434,31.43999999991,0.005333333333,0.0,0,452.60199999980205,cloud_dataset_real
1279,383.734,31.57499999991,0.005833333333,0.0,0,453.19899999980197,cloud_dataset_real
1280,384.034,31.84499999991,0.006833333333,0.0,0,454.09299999980203,cloud_dataset_real
1281,384.334,31.66500000009,0.006166666667000001,0.0,0,453.997000000198,cloud_dataset_real
1282,384.634,31.35,0.005,0.0,0,453.60400000000004,cloud_dataset_real
1283,384.934,31.66500000009,0.006166666667000001,0.0,0,454.597000000198,cloud_dataset_real
1284,385.234,31.755,0.006500000000000001,0.0,0,455.09499999999997,cloud_dataset_real
1285,385.534,31.35,0.005,0.0,0,454.504,cloud_dataset_real
1286,385.834,31.66500000009,0.006166666667000001,0.0,0,455.497000000198,cloud_dataset_real
1287,386.134,31.66500000009,0.006166666667000001,0.0,0,455.797000000198,cloud_dataset_real
1288,386.434,31.53000000009,0.005666666667,0.0,0,455.800000000198,cloud_dataset_real
1289,386.735,31.70999999991,0.006333333333,0.0,0,456.49699999980203,cloud_dataset_real
1290,387.035,31.485,0.0055000000000000005,0.0,0,456.302,cloud_dataset_real
1291,387.335,31.80000000009,0.006666666666999999,0.0,0,457.295000000198,cloud_dataset_real
1292,387.635,31.755,0.006500000000000001,0.0,0,457.496,cloud_dataset_real
1293,387.935,31.755,0.006500000000000001,0.0,0,457.796,cloud_dataset_real
1294,388.235,31.66500000009,0.006166666667000001,0.0,0,457.898000000198,cloud_dataset_real
1295,388.535,31.53000000009,0.005666666667,0.0,0,457.901000000198,cloud_dataset_real
1296,388.835,31.66500000009,0.006166666667000001,0.0,0,458.498000000198,cloud_dataset_real
1297,389.135,31.62,0.006,0.0,0,458.699,cloud_dataset_real
1298,389.435,31.84499999991,0.006833333333,0.0,0,459.493999999802,cloud_dataset_real
1299,389.735,32.025,0.0075,0.0,0,460.19,cloud_dataset_real
1300,390.035,31.755,0.006500000000000001,0.0,0,459.896,cloud_dataset_real
1301,390.335,31.35,0.005,0.0,0,459.305,cloud_dataset_real
1302,390.635,31.66500000009,0.006166666667000001,0.0,0,460.298000000198,cloud_dataset_real
1303,390.935,31.57499999991,0.005833333333,0.0,0,460.399999999802,cloud_dataset_real
1304,391.235,31.62,0.006,0.0,0,460.79900000000004,cloud_dataset_real
1305,391.535,31.80000000009,0.006666666666999999,0.0,0,461.49500000019805,cloud_dataset_real
1306,391.835,31.53000000009,0.005666666667,0.0,0,461.20100000019795,cloud_dataset_real
1307,392.135,31.35,0.005,0.0,0,461.105,cloud_dataset_real
1308,392.435,31.70999999991,0.006333333333,0.0,0,462.196999999802,cloud_dataset_real
1309,392.735,31.755,0.006500000000000001,0.0,0,462.596,cloud_dataset_real
1310,393.035,31.485,0.0055000000000000005,0.0,0,462.302,cloud_dataset_real
1311,393.335,31.80000000009,0.006666666666999999,0.0,0,463.295000000198,cloud_dataset_real
1312,393.635,31.62,0.006,0.0,0,463.199,cloud_dataset_real
1313,393.935,31.43999999991,0.005333333333,0.0,0,463.102999999802,cloud_dataset_real
1314,394.235,31.80000000009,0.006666666666999999,0.0,0,464.19500000019804,cloud_dataset_real
1315,394.535,31.755,0.006500000000000001,0.0041943,0,464.396,cloud_dataset_real
1316,394.835,31.43999999991,0.005333333333,0.0,0,464.002999999802,cloud_dataset_real
1317,395.135,31.66500000009,0.006166666667000001,0.0,0,464.798000000198,cloud_dataset_real
1318,395.435,31.755,0.006500000000000001,0.0,0,465.296,cloud_dataset_real
1319,395.735,31.35,0.005,0.0,0,464.70500000000004,cloud_dataset_real
1320,396.035,31.62,0.006,0.0,0,465.59900000000005,cloud_dataset_real
1321,396.335,31.84499999991,0.006833333333,0.0,0,466.39399999980196,cloud_dataset_real
1322,396.635,31.89,0.006999999999999999,0.0,0,466.793,cloud_dataset_real
1323,396.935,31.66500000009,0.006166666667000001,0.0,0,466.598000000198,cloud_dataset_real
1324,397.236,31.70999999991,0.006333333333,0.0,0,466.997999999802,cloud_dataset_real
1325,397.536,31.57499999991,0.005833333333,0.0,0,467.000999999802,cloud_dataset_real
1326,397.836,31.70999999991,0.006333333333,0.0,0,467.597999999802,cloud_dataset_real
1327,398.136,31.97999999991,0.007333333332999999,0.0,0,468.49199999980203,cloud_dataset_real
1328,398.436,31.39500000009,0.005166666667000001,0.0,0,467.505000000198,cloud_dataset_real
1329,398.736,31.57499999991,0.005833333333,0.0,0,468.200999999802,cloud_dataset_real
1330,399.036,31.57499999991,0.005833333333,0.0,0,468.500999999802,cloud_dataset_real
1331,399.336,31.43999999991,0.005333333333,0.0,0,468.50399999980203,cloud_dataset_real
1332,399.636,31.57499999991,0.005833333333,0.0,0,469.100999999802,cloud_dataset_real
1333,399.936,31.70999999991,0.006333333333,0.0,0,469.697999999802,cloud_dataset_real
1334,400.236,31.62,0.006,0.0,0,469.8,cloud_dataset_real
1335,400.536,31.57499999991,0.005833333333,0.0,0,470.000999999802,cloud_dataset_real
1336,400.836,31.755,0.006500000000000001,0.0,0,470.697,cloud_dataset_real
1337,401.136,31.485,0.0055000000000000005,0.0,0,470.403,cloud_dataset_real
1338,401.436,31.755,0.006500000000000001,0.0027962,0,471.29699999999997,cloud_dataset_real
1339,401.736,31.84499999991,0.006833333333,0.0013981,0,471.79499999980203,cloud_dataset_real
1340,402.036,31.57499999991,0.005833333333,0.0,0,471.500999999802,cloud_dataset_real
1341,402.336,31.485,0.0055000000000000005,0.0,0,471.603,cloud_dataset_real
1342,402.636,31.66500000009,0.006166666667000001,0.0,0,472.299000000198,cloud_dataset_real
1343,402.936,31.53000000009,0.005666666667,0.0,0,472.30200000019795,cloud_dataset_real
1344,403.236,31.43999999991,0.005333333333,0.0,0,472.403999999802,cloud_dataset_real
1345,403.536,31.84499999991,0.006833333333,0.0,0,473.594999999802,cloud_dataset_real
1346,403.836,31.62,0.006,0.0041943,0,473.40000000000003,cloud_dataset_real
1347,404.136,31.485,0.0055000000000000005,0.0013981,0,473.403,cloud_dataset_real
1348,404.436,31.53000000009,0.005666666667,0.0,0,473.80200000019795,cloud_dataset_real
1349,404.736,31.62,0.006,0.0,0,474.3,cloud_dataset_real
1350,405.036,31.66500000009,0.006166666667000001,0.0,0,474.699000000198,cloud_dataset_real
1351,405.336,31.93500000009,0.007166666667,0.0,0,475.593000000198,cloud_dataset_real
1352,405.636,31.80000000009,0.006666666666999999,0.0,0,475.59600000019805,cloud_dataset_real
1353,405.936,31.43999999991,0.005333333333,0.0,0,475.103999999802,cloud_dataset_real
1354,406.236,31.53000000009,0.005666666667,0.0,0,475.602000000198,cloud_dataset_real
1355,406.536,31.62,0.006,0.0,0,476.1,cloud_dataset_real
1356,406.836,31.43999999991,0.005333333333,0.0,0,476.00399999980203,cloud_dataset_real
1357,407.136,31.66500000009,0.006166666667000001,0.0,0,476.799000000198,cloud_dataset_real
1358,407.436,31.70999999991,0.006333333333,0.0,0,477.197999999802,cloud_dataset_real
1359,407.736,31.485,0.0055000000000000005,0.0,0,477.003,cloud_dataset_real
1360,408.036,31.485,0.0055000000000000005,0.0,0,477.303,cloud_dataset_real
1361,408.336,31.62,0.006,0.0,0,477.90000000000003,cloud_dataset_real
1362,408.636,31.66500000009,0.006166666667000001,0.0,0,478.299000000198,cloud_dataset_real
1363,408.936,31.62,0.006,0.0,0,478.5,cloud_dataset_real
1364,409.236,31.66500000009,0.006166666667000001,0.0,0,478.899000000198,cloud_dataset_real
1365,409.536,31.53000000009,0.005666666667,0.0,0,478.902000000198,cloud_dataset_real
1366,409.836,31.53000000009,0.005666666667,0.0,0,479.20200000019804,cloud_dataset_real
1367,410.136,31.84499999991,0.006833333333,0.0,0,480.194999999802,cloud_dataset_real
1368,410.436,31.57499999991,0.005833333333,0.0,0,479.90099999980197,cloud_dataset_real
1369,410.736,31.62,0.006,0.0,0,480.3,cloud_dataset_real
1370,411.036,31.70999999991,0.006333333333,0.0,0,480.797999999802,cloud_dataset_real
1371,411.336,31.53000000009,0.005666666667,0.0,0,480.70200000019804,cloud_dataset_real
1372,411.636,31.39500000009,0.005166666667000001,0.0,0,480.705000000198,cloud_dataset_real
1373,411.936,31.43999999991,0.005333333333,0.0,0,481.103999999802,cloud_dataset_real
1374,412.236,31.62,0.006,0.0,0,481.8,cloud_dataset_real
1375,412.536,31.62,0.006,0.0,0,482.1,cloud_dataset_real
1376,412.836,31.62,0.006,0.0,0,482.40000000000003,cloud_dataset_real
1377,413.136,31.485,0.0055000000000000005,0.0,0,482.403,cloud_dataset_real
1378,413.436,31.35,0.005,0.0,0,482.406,cloud_dataset_real
1379,413.737,31.62,0.006,0.0,0,483.30100000000004,cloud_dataset_real
1380,414.037,31.485,0.0055000000000000005,0.0,0,483.304,cloud_dataset_real
1381,414.337,33.46499999991,0.012833333333000001,0.0027962,0,487.959999999802,cloud_dataset_real
1382,414.637,31.89,0.006999999999999999,0.0181753,0,484.795,cloud_dataset_real
1383,414.937,31.755,0.006500000000000001,0.0041943,0,484.798,cloud_dataset_real
1384,415.237,31.485,0.0055000000000000005,0.0055924,0,484.504,cloud_dataset_real
1385,415.537,31.84499999991,0.006833333333,0.0,0,485.59599999980196,cloud_dataset_real
1386,415.837,31.66500000009,0.006166666667000001,0.0,0,485.500000000198,cloud_dataset_real
1387,416.137,31.43999999991,0.005333333333,0.0,0,485.304999999802,cloud_dataset_real
1388,416.437,31.93500000009,0.007166666667,0.0,0,486.694000000198,cloud_dataset_real
1389,416.737,31.755,0.006500000000000001,0.0,0,486.598,cloud_dataset_real
1390,417.037,31.57499999991,0.005833333333,0.0,0,486.50199999980197,cloud_dataset_real
1391,417.337,31.80000000009,0.006666666666999999,0.0,0,487.297000000198,cloud_dataset_real
1392,417.637,31.66500000009,0.006166666667000001,0.0,0,487.300000000198,cloud_dataset_real
1393,417.937,31.70999999991,0.006333333333,0.0,0,487.698999999802,cloud_dataset_real
1394,418.237,31.755,0.006500000000000001,0.0,0,488.098,cloud_dataset_real
1395,418.537,31.485,0.0055000000000000005,0.0,0,487.804,cloud_dataset_real
1396,418.837,31.35,0.005,0.0,0,487.807,cloud_dataset_real
1397,419.137,31.39500000009,0.005166666667000001,0.0,0,488.206000000198,cloud_dataset_real
1398,419.437,31.53000000009,0.005666666667,0.00349525,0,488.80300000019804,cloud_dataset_real
1399,419.737,31.35,0.005,0.0041943,0,488.70700000000005,cloud_dataset_real
1400,420.037,31.485,0.0055000000000000005,0.0,0,489.304,cloud_dataset_real
1401,420.338,31.39500000009,0.005166666667000001,0.0,0,489.407000000198,cloud_dataset_real
1402,420.638,31.39500000009,0.005166666667000001,0.0,0,489.707000000198,cloud_dataset_real
1403,420.938,31.43999999991,0.005333333333,0.0,0,490.105999999802,cloud_dataset_real
1404,421.238,31.485,0.0055000000000000005,0.0,0,490.505,cloud_dataset_real
1405,421.538,31.57499999991,0.005833333333,0.0,0,491.002999999802,cloud_dataset_real
1406,421.838,31.62,0.006,0.0,0,491.40200000000004,cloud_dataset_real
1407,422.138,31.66500000009,0.006166666667000001,0.0,0,491.801000000198,cloud_dataset_real
1408,422.438,31.39500000009,0.005166666667000001,0.0,0,491.507000000198,cloud_dataset_real
1409,422.738,31.39500000009,0.005166666667000001,0.0,0,491.807000000198,cloud_dataset_real
1410,423.038,31.66500000009,0.006166666667000001,0.0,0,492.701000000198,cloud_dataset_real
1411,423.338,31.43999999991,0.005333333333,0.0,0,492.50599999980204,cloud_dataset_real
1412,423.638,31.62,0.006,0.0,0,493.202,cloud_dataset_real
1413,423.938,31.485,0.0055000000000000005,0.0,0,493.205,cloud_dataset_real
1414,424.238,31.485,0.0055000000000000005,0.0,0,493.505,cloud_dataset_real
1415,424.538,31.39500000009,0.005166666667000001,0.0,0,493.607000000198,cloud_dataset_real
1416,424.838,31.66500000009,0.006166666667000001,0.0,0,494.501000000198,cloud_dataset_real
1417,425.138,31.62,0.006,0.0013981,0,494.702,cloud_dataset_real
1418,425.438,31.35,0.005,0.0041943,0,494.408,cloud_dataset_real
1419,425.738,31.485,0.0055000000000000005,0.0,0,495.005,cloud_dataset_real
1420,426.038,31.53000000009,0.005666666667,0.0,0,495.40400000019804,cloud_dataset_real
1421,426.338,31.43999999991,0.005333333333,0.0,0,495.50599999980204,cloud_dataset_real
1422,426.638,31.93500000009,0.007166666667,0.0,0,496.89500000019797,cloud_dataset_real
1423,426.938,31.93500000009,0.007166666667,0.0,0,497.195000000198,cloud_dataset_real
1424,427.238,31.43999999991,0.005333333333,0.0,0,496.405999999802,cloud_dataset_real
1425,427.538,31.53000000009,0.005666666667,0.0,0,496.90400000019804,cloud_dataset_real
1426,427.838,31.485,0.0055000000000000005,0.0,0,497.105,cloud_dataset_real
1427,428.138,31.35,0.005,0.0,0,497.108,cloud_dataset_real
1428,428.438,31.485,0.0055000000000000005,0.0,0,497.705,cloud_dataset_real
1429,428.738,31.66500000009,0.006166666667000001,0.0,0,498.401000000198,cloud_dataset_real
1430,429.039,31.53000000009,0.005666666667,0.0,0,498.405000000198,cloud_dataset_real
1431,429.339,31.53000000009,0.005666666667,0.0,0,498.70500000019797,cloud_dataset_real
1432,429.639,31.66500000009,0.006166666667000001,0.0,0,499.302000000198,cloud_dataset_real
1433,429.939,31.70999999991,0.006333333333,0.0,0,499.70099999980204,cloud_dataset_real
1434,430.239,31.53000000009,0.005666666667,0.0,0,499.60500000019795,cloud_dataset_real
1435,430.539,31.84499999991,0.006833333333,0.0,0,500.597999999802,cloud_dataset_real
1436,430.839,31.84499999991,0.006833333333,0.0,0,500.897999999802,cloud_dataset_real
1437,431.139,31.485,0.0055000000000000005,0.00629145,0,500.406,cloud_dataset_real
1438,431.439,31.80000000009,0.006666666666999999,0.0,0,501.39900000019804,cloud_dataset_real
1439,431.739,31.39500000009,0.005166666667000001,0.0,0,500.808000000198,cloud_dataset_real
1440,432.039,31.93500000009,0.007166666667,0.0,0,502.296000000198,cloud_dataset_real
1441,432.339,31.62,0.006,0.0,0,501.903,cloud_dataset_real
1442,432.639,31.43999999991,0.005333333333,0.0,0,501.80699999980203,cloud_dataset_real
1443,432.939,31.62,0.006,0.0,0,502.50300000000004,cloud_dataset_real
1444,433.239,31.62,0.006,0.0,0,502.803,cloud_dataset_real
1445,433.539,31.755,0.006500000000000001,0.0,0,503.4,cloud_dataset_real
1446,433.839,31.70999999991,0.006333333333,0.0,0,503.600999999802,cloud_dataset_real
1447,434.139,31.89,0.006999999999999999,0.0,0,504.297,cloud_dataset_real
1448,434.439,31.57499999991,0.005833333333,0.0,0,503.903999999802,cloud_dataset_real
1449,434.739,31.39500000009,0.005166666667000001,0.0,0,503.808000000198,cloud_dataset_real
1450,435.039,31.66500000009,0.006166666667000001,0.0,0,504.702000000198,cloud_dataset_real
1451,435.339,31.485,0.0055000000000000005,0.0,0,504.606,cloud_dataset_real
1452,435.639,31.84499999991,0.006833333333,0.0,0,505.69799999980205,cloud_dataset_real
1453,435.939,31.84499999991,0.006833333333,0.0,0,505.997999999802,cloud_dataset_real
1454,436.239,31.62,0.006,0.0,0,505.803,cloud_dataset_real
1455,436.539,31.35,0.005,0.0,0,505.509,cloud_dataset_real
1456,436.839,31.57499999991,0.005833333333,0.0,0,506.303999999802,cloud_dataset_real
1457,437.139,31.66500000009,0.006166666667000001,0.00209715,0,506.802000000198,cloud_dataset_real
1458,437.439,31.35,0.005,0.00629145,0,506.40900000000005,cloud_dataset_real
1459,437.74,31.89,0.006999999999999999,0.0,0,507.898,cloud_dataset_real
1460,438.04,31.53000000009,0.005666666667,0.0,0,507.406000000198,cloud_dataset_real
1461,438.34,31.39500000009,0.005166666667000001,0.0,0,507.409000000198,cloud_dataset_real
1462,438.639,31.70999999991,0.006333333333,0.0,0,508.400999999802,cloud_dataset_real
1463,438.939,31.66500000009,0.006166666667000001,0.0,0,508.602000000198,cloud_dataset_real
1464,439.239,31.755,0.006500000000000001,0.0,0,509.09999999999997,cloud_dataset_real
1465,439.539,31.62,0.006,0.0,0,509.103,cloud_dataset_real
1466,439.839,31.70999999991,0.006333333333,0.0,0,509.600999999802,cloud_dataset_real
1467,440.139,31.35,0.005,0.0,0,509.10900000000004,cloud_dataset_real
1468,440.439,31.43999999991,0.005333333333,0.0,0,509.60699999980204,cloud_dataset_real
1469,440.739,31.62,0.006,0.0,0,510.303,cloud_dataset_real
1470,441.039,31.57499999991,0.005833333333,0.0,0,510.503999999802,cloud_dataset_real
1471,441.339,31.70999999991,0.006333333333,0.0,0,511.100999999802,cloud_dataset_real
1472,441.639,31.57499999991,0.005833333333,0.0,0,511.103999999802,cloud_dataset_real
1473,441.939,31.35,0.005,0.0,0,510.90900000000005,cloud_dataset_real
1474,442.239,31.43999999991,0.005333333333,0.0,0,511.406999999802,cloud_dataset_real
1475,442.539,31.80000000009,0.006666666666999999,0.0,0,512.499000000198,cloud_dataset_real
1476,442.839,31.53000000009,0.005666666667,0.0,0,512.205000000198,cloud_dataset_real
1477,443.139,31.70999999991,0.006333333333,0.0,0,512.900999999802,cloud_dataset_real
1478,443.439,31.755,0.006500000000000001,0.0,0,513.3000000000001,cloud_dataset_real
1479,443.739,31.70999999991,0.006333333333,0.0,0,513.5009999998019,cloud_dataset_real
1480,444.039,31.485,0.0055000000000000005,0.00209715,0,513.306,cloud_dataset_real
1481,444.34,31.70999999991,0.006333333333,0.0,0,514.1019999998019,cloud_dataset_real
1482,444.64,31.57499999991,0.005833333333,0.0,0,514.104999999802,cloud_dataset_real
1483,444.94,31.97999999991,0.007333333332999999,0.0,0,515.295999999802,cloud_dataset_real
1484,445.24,31.80000000009,0.006666666666999999,0.0,0,515.200000000198,cloud_dataset_real
1485,445.54,31.485,0.0055000000000000005,0.00209715,0,514.807,cloud_dataset_real
1486,445.84,31.53000000009,0.005666666667,0.0,0,515.206000000198,cloud_dataset_real
1487,446.14,31.62,0.006,0.00209715,0,515.704,cloud_dataset_real
1488,446.44,31.53000000009,0.005666666667,0.0,0,515.806000000198,cloud_dataset_real
1489,446.74,31.70999999991,0.006333333333,0.0,0,516.501999999802,cloud_dataset_real
1490,447.04,31.84499999991,0.006833333333,0.0,0,517.098999999802,cloud_dataset_real
1491,447.34,31.62,0.006,0.0,0,516.904,cloud_dataset_real
1492,447.64,31.485,0.0055000000000000005,0.0,0,516.907,cloud_dataset_real
1493,447.94,31.80000000009,0.006666666666999999,0.0,0,517.900000000198,cloud_dataset_real
1494,448.24,31.53000000009,0.005666666667,0.0,0,517.606000000198,cloud_dataset_real
1495,448.54,31.53000000009,0.005666666667,0.0,0,517.906000000198,cloud_dataset_real
1496,448.84,31.43999999991,0.005333333333,0.0,0,518.007999999802,cloud_dataset_real
1497,449.14,31.485,0.0055000000000000005,0.0,0,518.407,cloud_dataset_real
1498,449.44,31.35,0.005,0.0,0,518.41,cloud_dataset_real
1499,449.74,31.57499999991,0.005833333333,0.0,0,519.204999999802,cloud_dataset_real
1500,450.04,31.62,0.006,0.0,0,519.604,cloud_dataset_real
1501,450.34,31.485,0.0055000000000000005,0.0,0,519.607,cloud_dataset_real
1502,450.64,31.84499999991,0.006833333333,0.0,0,520.698999999802,cloud_dataset_real
1503,450.94,31.57499999991,0.005833333333,0.0,0,520.404999999802,cloud_dataset_real
1504,451.24,31.57499999991,0.005833333333,0.0,0,520.704999999802,cloud_dataset_real
1505,451.54,31.755,0.006500000000000001,0.0,0,521.4010000000001,cloud_dataset_real
1506,451.84,31.66500000009,0.006166666667000001,0.0,0,521.503000000198,cloud_dataset_real
1507,452.14,31.62,0.006,0.00349525,0,521.704,cloud_dataset_real
1508,452.44,31.43999999991,0.005333333333,0.00629145,0,521.607999999802,cloud_dataset_real
1509,452.74,33.05999999991,0.011333333333,0.00629145,0,525.471999999802,cloud_dataset_real
1510,453.04,31.485,0.0055000000000000005,0.0,0,522.307,cloud_dataset_real
1511,453.341,31.93500000009,0.007166666667,0.0,0,523.598000000198,cloud_dataset_real
1512,453.641,31.70999999991,0.006333333333,0.0,0,523.402999999802,cloud_dataset_real
1513,453.941,31.39500000009,0.005166666667000001,0.0,0,523.010000000198,cloud_dataset_real
1514,454.241,31.66500000009,0.006166666667000001,0.0,0,523.904000000198,cloud_dataset_real
1515,454.541,31.62,0.006,0.0,0,524.105,cloud_dataset_real
1516,454.841,31.485,0.0055000000000000005,0.0,0,524.1080000000001,cloud_dataset_real
1517,455.141,31.84499999991,0.006833333333,0.0,0,525.199999999802,cloud_dataset_real
1518,455.441,31.80000000009,0.006666666666999999,0.0,0,525.401000000198,cloud_dataset_real
1519,455.741,31.53000000009,0.005666666667,0.0,0,525.107000000198,cloud_dataset_real
1520,456.041,31.70999999991,0.006333333333,0.0,0,525.802999999802,cloud_dataset_real
1521,456.341,31.84499999991,0.006833333333,0.0,0,526.399999999802,cloud_dataset_real
1522,456.641,31.35,0.005,0.0,0,525.611,cloud_dataset_real
1523,456.941,31.53000000009,0.005666666667,0.0,0,526.307000000198,cloud_dataset_real
1524,457.241,31.70999999991,0.006333333333,0.0013981,0,527.002999999802,cloud_dataset_real
1525,457.541,31.53000000009,0.005666666667,0.0,0,526.907000000198,cloud_dataset_real
1526,457.841,31.57499999991,0.005833333333,0.0,0,527.305999999802,cloud_dataset_real
1527,458.141,31.53000000009,0.005666666667,0.0,0,527.507000000198,cloud_dataset_real
1528,458.441,31.43999999991,0.005333333333,0.0,0,527.608999999802,cloud_dataset_real
1529,458.741,31.485,0.0055000000000000005,0.0,0,528.008,cloud_dataset_real
1530,459.041,31.70999999991,0.006333333333,0.00209715,0,528.802999999802,cloud_dataset_real
1531,459.341,31.53000000009,0.005666666667,0.0,0,528.707000000198,cloud_dataset_real
1532,459.641,31.53000000009,0.005666666667,0.0,0,529.007000000198,cloud_dataset_real
1533,459.941,31.80000000009,0.006666666666999999,0.0,0,529.901000000198,cloud_dataset_real
1534,460.241,31.89,0.006999999999999999,0.0,0,530.399,cloud_dataset_real
1535,460.541,31.97999999991,0.007333333332999999,0.0,0,530.896999999802,cloud_dataset_real
1536,460.841,31.84499999991,0.006833333333,0.0,0,530.899999999802,cloud_dataset_real
1537,461.142,31.755,0.006500000000000001,0.0,0,531.003,cloud_dataset_real
1538,461.442,31.84499999991,0.006833333333,0.0,0,531.500999999802,cloud_dataset_real
1539,461.742,31.70999999991,0.006333333333,0.0,0,531.503999999802,cloud_dataset_real
1540,462.045,31.57499999991,0.005833333333,0.0,0,531.5099999998021,cloud_dataset_real
1541,462.345,31.62,0.006,0.00209715,0,531.909,cloud_dataset_real
1542,462.645,31.84499999991,0.006833333333,0.0,0,532.703999999802,cloud_dataset_real
1543,462.945,31.62,0.006,0.0,0,532.509,cloud_dataset_real
1544,463.245,31.43999999991,0.005333333333,0.0,0,532.412999999802,cloud_dataset_real
1545,463.545,31.57499999991,0.005833333333,0.0,0,533.0099999998021,cloud_dataset_real
1546,463.845,31.89,0.006999999999999999,0.0,0,534.003,cloud_dataset_real
1547,464.145,31.39500000009,0.005166666667000001,0.0,0,533.214000000198,cloud_dataset_real
1548,464.445,31.485,0.0055000000000000005,0.0,0,533.712,cloud_dataset_real
1549,464.745,31.485,0.0055000000000000005,0.0,0,534.0120000000001,cloud_dataset_real
1550,465.045,31.35,0.005,0.0,0,534.015,cloud_dataset_real
1551,465.345,31.43999999991,0.005333333333,0.0,0,534.512999999802,cloud_dataset_real
1552,465.645,31.485,0.0055000000000000005,0.0,0,534.912,cloud_dataset_real
1553,465.945,31.35,0.005,0.0,0,534.915,cloud_dataset_real
1554,466.245,31.62,0.006,0.0,0,535.809,cloud_dataset_real
1555,466.545,31.53000000009,0.005666666667,0.0,0,535.911000000198,cloud_dataset_real
1556,466.845,31.39500000009,0.005166666667000001,0.0,0,535.914000000198,cloud_dataset_real
1557,467.145,31.57499999991,0.005833333333,0.0,0,536.609999999802,cloud_dataset_real
1558,467.445,31.62,0.006,0.0,0,537.009,cloud_dataset_real
1559,467.745,31.755,0.006500000000000001,0.0,0,537.606,cloud_dataset_real
1560,468.045,31.57499999991,0.005833333333,0.0,0,537.5099999998021,cloud_dataset_real
1561,468.345,31.66500000009,0.006166666667000001,0.0,0,538.0080000001981,cloud_dataset_real
1562,468.645,31.44642857139,0.005357142857,0.0,0,537.827142857058,cloud_dataset_real
1563,468.945,31.485,0.0055000000000000005,0.0,0,538.212,cloud_dataset_real
1564,469.245,31.66500000009,0.006166666667000001,0.0,0,538.9080000001981,cloud_dataset_real
1565,469.546,31.53000000009,0.005666666667,0.0,0,538.912000000198,cloud_dataset_real
1566,469.846,33.51,0.013000000000000001,0.01048575,0,543.568,cloud_dataset_real
1567,470.146,31.66500000009,0.006166666667000001,0.0041943,0,539.809000000198,cloud_dataset_real
1568,470.446,31.62,0.006,0.0,0,540.01,cloud_dataset_real
1569,470.746,31.57499999991,0.005833333333,0.0,0,540.210999999802,cloud_dataset_real
1570,471.046,31.755,0.006500000000000001,0.0,0,540.907,cloud_dataset_real
1571,471.345,31.70999999991,0.006333333333,0.0,0,541.106999999802,cloud_dataset_real
1572,471.645,31.39500000009,0.005166666667000001,0.0,0,540.714000000198,cloud_dataset_real
1573,471.945,31.70999999991,0.006333333333,0.0,0,541.706999999802,cloud_dataset_real
1574,472.245,31.485,0.0055000000000000005,0.0,0,541.5120000000001,cloud_dataset_real
1575,472.545,32.025,0.0075,0.0,0,543.0,cloud_dataset_real
1576,472.845,31.62,0.006,0.0,0,542.409,cloud_dataset_real
1577,473.145,31.57499999991,0.005833333333,0.0,0,542.609999999802,cloud_dataset_real
1578,473.445,31.39500000009,0.005166666667000001,0.0,0,542.5140000001979,cloud_dataset_real
1579,473.745,31.485,0.0055000000000000005,0.0,0,543.0120000000001,cloud_dataset_real
1580,474.045,31.53000000009,0.005666666667,0.0,0,543.411000000198,cloud_dataset_real
1581,474.345,31.485,0.0055000000000000005,0.0,0,543.6120000000001,cloud_dataset_real
1582,474.645,31.70999999991,0.006333333333,0.0,0,544.406999999802,cloud_dataset_real
1583,474.945,31.66500000009,0.006166666667000001,0.0,0,544.608000000198,cloud_dataset_real
1584,475.246,31.43999999991,0.005333333333,0.0,0,544.413999999802,cloud_dataset_real
1585,475.546,31.84499999991,0.006833333333,0.0,0,545.604999999802,cloud_dataset_real
1586,475.846,31.485,0.0055000000000000005,0.0,0,545.113,cloud_dataset_real
1587,476.146,31.43999999991,0.005333333333,0.0,0,545.313999999802,cloud_dataset_real
1588,476.446,31.755,0.006500000000000001,0.0,0,546.307,cloud_dataset_real
1589,476.746,31.93500000009,0.007166666667,0.0,0,547.003000000198,cloud_dataset_real
1590,477.046,31.485,0.0055000000000000005,0.0,0,546.313,cloud_dataset_real
1591,477.346,31.53000000009,0.005666666667,0.0,0,546.712000000198,cloud_dataset_real
1592,477.646,31.755,0.006500000000000001,0.0,0,547.5070000000001,cloud_dataset_real
1593,477.946,31.43999999991,0.005333333333,0.0,0,547.113999999802,cloud_dataset_real
1594,478.246,31.70999999991,0.006333333333,0.0,0,548.007999999802,cloud_dataset_real
1595,478.546,31.84499999991,0.006833333333,0.0,0,548.604999999802,cloud_dataset_real
1596,478.846,31.53000000009,0.005666666667,0.0,0,548.212000000198,cloud_dataset_real
1597,479.146,31.755,0.006500000000000001,0.0,0,549.0070000000001,cloud_dataset_real
1598,479.446,31.755,0.006500000000000001,0.0,0,549.307,cloud_dataset_real
1599,479.746,31.70999999991,0.006333333333,0.0,0,549.507999999802,cloud_dataset_real
1600,480.046,31.57499999991,0.005833333333,0.00629145,0,549.510999999802,cloud_dataset_real
1601,480.346,31.70999999991,0.006333333333,0.00069905,0,550.107999999802,cloud_dataset_real
1602,480.646,31.84499999991,0.006833333333,0.0,0,550.704999999802,cloud_dataset_real
1603,480.946,31.485,0.0055000000000000005,0.0,0,550.2130000000001,cloud_dataset_real
1604,481.246,31.80000000009,0.006666666666999999,0.0,0,551.206000000198,cloud_dataset_real
1605,481.546,31.70999999991,0.006333333333,0.0,0,551.307999999802,cloud_dataset_real
1606,481.846,31.755,0.006500000000000001,0.0,0,551.707,cloud_dataset_real
1607,482.146,31.62,0.006,0.0,0,551.71,cloud_dataset_real
1608,482.446,31.57499999991,0.005833333333,0.0041943,0,551.910999999802,cloud_dataset_real
1609,482.746,31.57499999991,0.005833333333,0.0041943,0,552.210999999802,cloud_dataset_real
1610,483.047,31.53000000009,0.005666666667,0.0,0,552.413000000198,cloud_dataset_real
1611,483.347,31.53000000009,0.005666666667,0.0,0,552.713000000198,cloud_dataset_real
1612,483.647,31.485,0.0055000000000000005,0.0,0,552.914,cloud_dataset_real
1613,483.947,31.66500000009,0.006166666667000001,0.0,0,553.610000000198,cloud_dataset_real
1614,484.247,31.66500000009,0.006166666667000001,0.0,0,553.910000000198,cloud_dataset_real
1615,484.547,31.53000000009,0.005666666667,0.0,0,553.913000000198,cloud_dataset_real
1616,484.847,31.755,0.006500000000000001,0.00209715,0,554.708,cloud_dataset_real
1617,485.147,31.53000000009,0.005666666667,0.0041943,0,554.513000000198,cloud_dataset_real
1618,485.447,31.62,0.006,0.0,0,555.011,cloud_dataset_real
1619,485.747,31.57499999991,0.005833333333,0.0,0,555.2119999998021,cloud_dataset_real
1620,486.047,31.62,0.006,0.0,0,555.611,cloud_dataset_real
1621,486.347,31.39500000009,0.005166666667000001,0.0,0,555.416000000198,cloud_dataset_real
1622,486.647,31.53000000009,0.005666666667,0.0,0,556.013000000198,cloud_dataset_real
1623,486.947,31.57499999991,0.005833333333,0.0,0,556.411999999802,cloud_dataset_real
1624,487.247,31.35,0.005,0.0,0,556.217,cloud_dataset_real
1625,487.547,31.70999999991,0.006333333333,0.0,0,557.308999999802,cloud_dataset_real
1626,487.847,31.66500000009,0.006166666667000001,0.0,0,557.510000000198,cloud_dataset_real
1627,488.147,31.39500000009,0.005166666667000001,0.0,0,557.2160000001979,cloud_dataset_real
1628,488.447,31.80000000009,0.006666666666999999,0.0,0,558.407000000198,cloud_dataset_real
1629,488.747,31.66500000009,0.006166666667000001,0.0027962,0,558.410000000198,cloud_dataset_real
1630,489.047,31.57499999991,0.005833333333,0.0027962,0,558.511999999802,cloud_dataset_real
1631,489.347,31.62,0.006,0.0,0,558.911,cloud_dataset_real
1632,489.647,31.62,0.006,0.0,0,559.211,cloud_dataset_real
1633,489.947,31.39500000009,0.005166666667000001,0.0,0,559.016000000198,cloud_dataset_real
1634,490.247,31.62,0.006,0.0,0,559.811,cloud_dataset_real
1635,490.547,31.70999999991,0.006333333333,0.0,0,560.308999999802,cloud_dataset_real
1636,490.847,31.39500000009,0.005166666667000001,0.00209715,0,559.916000000198,cloud_dataset_real
1637,491.147,31.70999999991,0.006333333333,0.00209715,0,560.908999999802,cloud_dataset_real
1638,491.447,31.62,0.006,0.0,0,561.011,cloud_dataset_real
1639,491.747,31.39821428583,0.0051785714289999995,0.0,0,560.823071428826,cloud_dataset_real
1640,492.047,31.70999999991,0.006333333333,0.0,0,561.808999999802,cloud_dataset_real
1641,492.347,31.755,0.006500000000000001,0.0,0,562.208,cloud_dataset_real
1642,492.647,31.53000000009,0.005666666667,0.0,0,562.013000000198,cloud_dataset_real
1643,492.947,31.70999999991,0.006333333333,0.0,0,562.708999999802,cloud_dataset_real
1644,493.247,31.89,0.006999999999999999,0.0,0,563.405,cloud_dataset_real
1645,493.547,31.43999999991,0.005333333333,0.0,0,562.714999999802,cloud_dataset_real
1646,493.847,31.57499999991,0.005833333333,0.0,0,563.311999999802,cloud_dataset_real
1647,494.147,31.80000000009,0.006666666666999999,0.0,0,564.107000000198,cloud_dataset_real
1648,494.447,31.485,0.0055000000000000005,0.0,0,563.714,cloud_dataset_real
1649,494.747,31.53000000009,0.005666666667,0.0,0,564.113000000198,cloud_dataset_real
1650,495.048,31.53000000009,0.005666666667,0.0,0,564.414000000198,cloud_dataset_real
1651,495.348,31.53000000009,0.005666666667,0.0,0,564.714000000198,cloud_dataset_real
1652,495.648,31.485,0.0055000000000000005,0.00069905,0,564.9150000000001,cloud_dataset_real
1653,495.948,31.66500000009,0.006166666667000001,0.0083886,0,565.611000000198,cloud_dataset_real
1654,496.248,31.70999999991,0.006333333333,0.0013981,0,566.009999999802,cloud_dataset_real
1655,496.548,31.39500000009,0.005166666667000001,0.0,0,565.617000000198,cloud_dataset_real
1656,496.848,31.97999999991,0.007333333332999999,0.0,0,567.203999999802,cloud_dataset_real
1657,497.148,31.70999999991,0.006333333333,0.0,0,566.909999999802,cloud_dataset_real
1658,497.448,31.485,0.0055000000000000005,0.0,0,566.715,cloud_dataset_real
1659,497.748,31.62,0.006,0.0,0,567.312,cloud_dataset_real
1660,498.048,31.59107142861,0.0058928571429999995,0.0,0,567.548357142942,cloud_dataset_real
1661,498.348,31.43999999991,0.005333333333,0.0,0,567.515999999802,cloud_dataset_real
1662,498.648,31.57499999991,0.005833333333,0.0,0,568.112999999802,cloud_dataset_real
1663,498.948,31.62,0.006,0.0,0,568.512,cloud_dataset_real
1664,499.248,31.39500000009,0.005166666667000001,0.0,0,568.317000000198,cloud_dataset_real
1665,499.548,31.70999999991,0.006333333333,0.00209715,0,569.309999999802,cloud_dataset_real
1666,499.848,31.62,0.006,0.0,0,569.412,cloud_dataset_real
1667,500.148,31.485,0.0055000000000000005,0.0,0,569.4150000000001,cloud_dataset_real
1668,500.448,31.59107142861,0.0058928571429999995,0.0,0,569.948357142942,cloud_dataset_real
1669,500.748,31.66500000009,0.006166666667000001,0.0,0,570.411000000198,cloud_dataset_real
1670,501.048,31.485,0.0055000000000000005,0.0,0,570.315,cloud_dataset_real
1671,501.348,31.63928571417,0.006071428571,0.0,0,570.954428571174,cloud_dataset_real
1672,501.648,31.66500000009,0.006166666667000001,0.0,0,571.3110000001981,cloud_dataset_real
1673,501.948,31.485,0.0055000000000000005,0.0,0,571.215,cloud_dataset_real
1674,502.248,31.485,0.0055000000000000005,0.0,0,571.515,cloud_dataset_real
1675,502.548,31.66500000009,0.006166666667000001,0.0,0,572.211000000198,cloud_dataset_real
1676,502.848,31.43999999991,0.005333333333,0.0055924,0,572.015999999802,cloud_dataset_real
1677,503.148,31.62,0.006,0.0,0,572.712,cloud_dataset_real
1678,503.448,31.755,0.006500000000000001,0.0,0,573.309,cloud_dataset_real
1679,503.748,31.53000000009,0.005666666667,0.0,0,573.114000000198,cloud_dataset_real
1680,504.048,31.62,0.006,0.0,0,573.612,cloud_dataset_real
1681,504.348,31.485,0.0055000000000000005,0.0,0,573.615,cloud_dataset_real
1682,504.648,31.485,0.0055000000000000005,0.0,0,573.9150000000001,cloud_dataset_real
1683,504.948,31.53000000009,0.005666666667,0.0,0,574.314000000198,cloud_dataset_real
1684,505.248,31.62,0.006,0.0,0,574.812,cloud_dataset_real
1685,505.548,31.53000000009,0.005666666667,0.0,0,574.914000000198,cloud_dataset_real
1686,505.848,31.485,0.0055000000000000005,0.0,0,575.115,cloud_dataset_real
1687,506.148,31.755,0.006500000000000001,0.0,0,576.009,cloud_dataset_real
1688,506.448,31.485,0.0055000000000000005,0.0,0,575.715,cloud_dataset_real
1689,506.748,31.35,0.005,0.0,0,575.718,cloud_dataset_real
1690,507.048,31.53000000009,0.005666666667,0.0,0,576.414000000198,cloud_dataset_real
1691,507.348,31.62,0.006,0.0,0,576.912,cloud_dataset_real
1692,507.648,31.35,0.005,0.0,0,576.618,cloud_dataset_real
1693,507.948,31.485,0.0055000000000000005,0.0,0,577.215,cloud_dataset_real
1694,508.248,31.53000000009,0.005666666667,0.0,0,577.614000000198,cloud_dataset_real
1695,508.548,31.485,0.0055000000000000005,0.0,0,577.815,cloud_dataset_real
1696,508.848,31.70999999991,0.006333333333,0.0,0,578.609999999802,cloud_dataset_real
1697,509.149,31.485,0.0055000000000000005,0.0027962,0,578.416,cloud_dataset_real
1698,509.449,31.53000000009,0.005666666667,0.00209715,0,578.815000000198,cloud_dataset_real
1699,509.749,31.66500000009,0.006166666667000001,0.0,0,579.4120000001981,cloud_dataset_real
1700,510.049,31.43999999991,0.005333333333,0.0,0,579.2169999998019,cloud_dataset_real
1701,510.349,31.39500000009,0.005166666667000001,0.0,0,579.4180000001979,cloud_dataset_real
1702,510.649,31.62,0.006,0.0,0,580.213,cloud_dataset_real
1703,510.949,31.485,0.0055000000000000005,0.0,0,580.216,cloud_dataset_real
1704,511.249,31.35,0.005,0.0,0,580.219,cloud_dataset_real
1705,511.549,31.485,0.0055000000000000005,0.00209715,0,580.816,cloud_dataset_real
1706,511.849,31.53000000009,0.005666666667,0.0,0,581.215000000198,cloud_dataset_real
1707,512.149,31.35,0.005,0.0,0,581.119,cloud_dataset_real
1708,512.449,31.66500000009,0.006166666667000001,0.0,0,582.112000000198,cloud_dataset_real
1709,512.749,31.485,0.0055000000000000005,0.0,0,582.0160000000001,cloud_dataset_real
1710,513.049,31.35,0.005,0.0,0,582.019,cloud_dataset_real
1711,513.349,31.53000000009,0.005666666667,0.0,0,582.7150000001981,cloud_dataset_real
1712,513.649,31.57499999991,0.005833333333,0.0,0,583.113999999802,cloud_dataset_real
1713,513.949,31.485,0.0055000000000000005,0.0,0,583.216,cloud_dataset_real
1714,514.249,31.62,0.006,0.0,0,583.813,cloud_dataset_real
1715,514.549,31.84499999991,0.006833333333,0.0,0,584.607999999802,cloud_dataset_real
1716,514.849,31.39500000009,0.005166666667000001,0.0,0,583.918000000198,cloud_dataset_real
1717,515.149,31.43999999991,0.005333333333,0.0,0,584.316999999802,cloud_dataset_real
1718,515.449,31.62,0.006,0.0,0,585.0129999999999,cloud_dataset_real
1719,515.749,31.39500000009,0.005166666667000001,0.0,0,584.818000000198,cloud_dataset_real
1720,516.049,31.53000000009,0.005666666667,0.0,0,585.415000000198,cloud_dataset_real
1721,516.349,31.43999999991,0.005333333333,0.0,0,585.516999999802,cloud_dataset_real
1722,516.649,31.485,0.0055000000000000005,0.0,0,585.916,cloud_dataset_real
1723,516.95,31.57499999991,0.005833333333,0.0,0,586.414999999802,cloud_dataset_real
1724,517.25,31.57499999991,0.005833333333,0.0027962,0,586.714999999802,cloud_dataset_real
1725,517.55,31.755,0.006500000000000001,0.00209715,0,587.411,cloud_dataset_real
1726,517.85,31.66500000009,0.006166666667000001,0.0,0,587.5130000001981,cloud_dataset_real
1727,518.15,32.025,0.0075,0.0,0,588.605,cloud_dataset_real
1728,518.45,31.66500000009,0.006166666667000001,0.0,0,588.1130000001981,cloud_dataset_real
1729,518.75,31.35,0.005,0.0,0,587.72,cloud_dataset_real
1730,519.05,31.57499999991,0.005833333333,0.0,0,588.514999999802,cloud_dataset_real
1731,519.35,31.57499999991,0.005833333333,0.0,0,588.814999999802,cloud_dataset_real
1732,519.649,31.53000000009,0.005666666667,0.0,0,589.015000000198,cloud_dataset_real
1733,519.949,31.57499999991,0.005833333333,0.0,0,589.413999999802,cloud_dataset_real
1734,520.249,31.485,0.0055000000000000005,0.0,0,589.5160000000001,cloud_dataset_real
1735,520.549,31.35,0.005,0.0,0,589.519,cloud_dataset_real
1736,520.849,31.62,0.006,0.0,0,590.413,cloud_dataset_real
1737,521.149,31.755,0.006500000000000001,0.0,0,591.01,cloud_dataset_real
1738,521.449,31.485,0.0055000000000000005,0.0,0,590.716,cloud_dataset_real
1739,521.749,31.53000000009,0.005666666667,0.0,0,591.115000000198,cloud_dataset_real
1740,522.049,31.53000000009,0.005666666667,0.0,0,591.415000000198,cloud_dataset_real
1741,522.349,31.62,0.006,0.0,0,591.913,cloud_dataset_real
1742,522.649,31.57499999991,0.005833333333,0.0,0,592.113999999802,cloud_dataset_real
1743,522.949,31.66500000009,0.006166666667000001,0.0,0,592.612000000198,cloud_dataset_real
1744,523.25,31.43999999991,0.005333333333,0.0,0,592.417999999802,cloud_dataset_real
1745,523.55,31.57499999991,0.005833333333,0.0,0,593.014999999802,cloud_dataset_real
1746,523.85,31.66500000009,0.006166666667000001,0.0,0,593.5130000001981,cloud_dataset_real
1747,524.15,31.39500000009,0.005166666667000001,0.0,0,593.219000000198,cloud_dataset_real
1748,524.45,33.375,0.0125,0.00209715,0,597.875,cloud_dataset_real
1749,524.75,31.97999999991,0.007333333332999999,0.0055924,0,595.105999999802,cloud_dataset_real
1750,525.05,31.70999999991,0.006333333333,0.0041943,0,594.811999999802,cloud_dataset_real
1751,525.35,31.62,0.006,0.00489335,0,594.914,cloud_dataset_real
1752,525.65,31.57499999991,0.005833333333,0.0013981,0,595.114999999802,cloud_dataset_real
1753,525.95,31.43999999991,0.005333333333,0.0,0,595.117999999802,cloud_dataset_real
1754,526.25,31.80000000009,0.006666666666999999,0.0,0,596.210000000198,cloud_dataset_real
1755,526.55,31.84499999991,0.006833333333,0.0,0,596.608999999802,cloud_dataset_real
1756,526.85,31.53000000009,0.005666666667,0.0,0,596.216000000198,cloud_dataset_real
1757,527.15,31.62,0.006,0.0,0,596.7139999999999,cloud_dataset_real
1758,527.45,31.53000000009,0.005666666667,0.0,0,596.8160000001981,cloud_dataset_real
1759,527.75,31.53000000009,0.005666666667,0.0,0,597.116000000198,cloud_dataset_real
1760,528.05,31.35,0.005,0.0,0,597.02,cloud_dataset_real
1761,528.35,31.57499999991,0.005833333333,0.0,0,597.814999999802,cloud_dataset_real
1762,528.65,31.66500000009,0.006166666667000001,0.0,0,598.313000000198,cloud_dataset_real
1763,528.95,31.53000000009,0.005666666667,0.00209715,0,598.3160000001981,cloud_dataset_real
1764,529.25,31.485,0.0055000000000000005,0.0,0,598.517,cloud_dataset_real
1765,529.55,31.485,0.0055000000000000005,0.0,0,598.817,cloud_dataset_real
1766,529.85,31.57499999991,0.005833333333,0.0,0,599.314999999802,cloud_dataset_real
1767,530.15,31.755,0.006500000000000001,0.0,0,600.011,cloud_dataset_real
1768,530.45,31.53000000009,0.005666666667,0.0,0,599.8160000001981,cloud_dataset_real
1769,530.75,31.35,0.005,0.0,0,599.72,cloud_dataset_real
1770,531.05,31.57499999991,0.005833333333,0.0,0,600.514999999802,cloud_dataset_real
1771,531.35,31.57499999991,0.005833333333,0.0,0,600.814999999802,cloud_dataset_real
1772,531.65,31.70999999991,0.006333333333,0.0,0,601.411999999802,cloud_dataset_real
1773,531.95,31.70999999991,0.006333333333,0.0,0,601.7119999998021,cloud_dataset_real
1774,532.25,31.62,0.006,0.0,0,601.814,cloud_dataset_real
1775,532.55,31.35,0.005,0.0,0,601.52,cloud_dataset_real
1776,532.85,31.62,0.006,0.0,0,602.414,cloud_dataset_real
1777,533.15,31.70999999991,0.006333333333,0.0,0,602.911999999802,cloud_dataset_real
1778,533.45,31.39500000009,0.005166666667000001,0.0,0,602.519000000198,cloud_dataset_real
1779,533.75,31.66500000009,0.006166666667000001,0.0,0,603.413000000198,cloud_dataset_real
1780,534.05,31.80000000009,0.006666666666999999,0.0,0,604.0100000001979,cloud_dataset_real
1781,534.35,31.39500000009,0.005166666667000001,0.0,0,603.419000000198,cloud_dataset_real
1782,534.65,31.66500000009,0.006166666667000001,0.0,0,604.313000000198,cloud_dataset_real
1783,534.95,31.70999999991,0.006333333333,0.0,0,604.7119999998021,cloud_dataset_real
1784,535.25,31.57499999991,0.005833333333,0.0,0,604.714999999802,cloud_dataset_real
1785,535.55,31.66500000009,0.006166666667000001,0.0,0,605.213000000198,cloud_dataset_real
1786,535.85,31.80000000009,0.006666666666999999,0.0,0,605.810000000198,cloud_dataset_real
1787,536.15,31.53000000009,0.005666666667,0.0,0,605.516000000198,cloud_dataset_real
1788,536.45,31.66500000009,0.006166666667000001,0.0,0,606.1130000001981,cloud_dataset_real
1789,536.75,31.755,0.006500000000000001,0.00069905,0,606.611,cloud_dataset_real
1790,537.05,31.485,0.0055000000000000005,0.0013981,0,606.317,cloud_dataset_real
1791,537.35,31.62,0.006,0.0,0,606.914,cloud_dataset_real
1792,537.65,31.66500000009,0.006166666667000001,0.0,0,607.313000000198,cloud_dataset_real
1793,537.95,31.43999999991,0.005333333333,0.0,0,607.117999999802,cloud_dataset_real
1794,538.25,31.57499999991,0.005833333333,0.0,0,607.714999999802,cloud_dataset_real
1795,538.55,31.80000000009,0.006666666666999999,0.0,0,608.5100000001979,cloud_dataset_real
1796,538.851,31.93500000009,0.007166666667,0.0,0,609.108000000198,cloud_dataset_real
1797,539.15,32.92499999991,0.010833333333,0.0125829,0,611.584999999802,cloud_dataset_real
1798,539.451,31.80000000009,0.006666666666999999,0.0,0,609.411000000198,cloud_dataset_real
1799,539.751,31.70999999991,0.006333333333,0.00349525,0,609.512999999802,cloud_dataset_real
1800,540.051,31.43999999991,0.005333333333,0.00209715,0,609.218999999802,cloud_dataset_real
1801,540.351,31.70999999991,0.006333333333,0.0,0,610.112999999802,cloud_dataset_real
1802,540.651,31.53000000009,0.005666666667,0.0,0,610.017000000198,cloud_dataset_real
1803,540.951,31.62,0.006,0.0,0,610.515,cloud_dataset_real
1804,541.251,31.57499999991,0.005833333333,0.0,0,610.715999999802,cloud_dataset_real
1805,541.551,31.53000000009,0.005666666667,0.0,0,610.9170000001981,cloud_dataset_real
1806,541.851,31.57499999991,0.005833333333,0.0,0,611.315999999802,cloud_dataset_real
1807,542.151,31.80000000009,0.006666666666999999,0.0,0,612.1110000001979,cloud_dataset_real
1808,542.451,31.755,0.006500000000000001,0.0,0,612.312,cloud_dataset_real
1809,542.751,31.57499999991,0.005833333333,0.0,0,612.215999999802,cloud_dataset_real
1810,543.051,31.755,0.006500000000000001,0.0,0,612.912,cloud_dataset_real
1811,543.351,31.57499999991,0.005833333333,0.0,0,612.815999999802,cloud_dataset_real
1812,543.651,31.43999999991,0.005333333333,0.00209715,0,612.8189999998019,cloud_dataset_real
1813,543.951,31.80000000009,0.006666666666999999,0.0,0,613.911000000198,cloud_dataset_real
1814,544.251,31.70999999991,0.006333333333,0.0,0,614.012999999802,cloud_dataset_real
1815,544.551,31.485,0.0055000000000000005,0.0,0,613.8180000000001,cloud_dataset_real
1816,544.851,31.53000000009,0.005666666667,0.0,0,614.217000000198,cloud_dataset_real
1817,545.151,31.53000000009,0.005666666667,0.0,0,614.517000000198,cloud_dataset_real
1818,545.451,31.485,0.0055000000000000005,0.0,0,614.7180000000001,cloud_dataset_real
1819,545.751,31.62,0.006,0.0041943,0,615.3149999999999,cloud_dataset_real
1820,546.051,31.70999999991,0.006333333333,0.0,0,615.8129999998021,cloud_dataset_real
1821,546.351,31.43999999991,0.005333333333,0.0,0,615.518999999802,cloud_dataset_real
1822,546.651,31.755,0.006500000000000001,0.0,0,616.512,cloud_dataset_real
1823,546.951,31.485,0.0055000000000000005,0.0,0,616.2180000000001,cloud_dataset_real
1824,547.251,31.53000000009,0.005666666667,0.0,0,616.617000000198,cloud_dataset_real
1825,547.551,31.66500000009,0.006166666667000001,0.0,0,617.2140000001981,cloud_dataset_real
1826,547.851,31.70999999991,0.006333333333,0.0,0,617.612999999802,cloud_dataset_real
1827,548.151,31.485,0.0055000000000000005,0.0,0,617.418,cloud_dataset_real
1828,548.452,31.70999999991,0.006333333333,0.00209715,0,618.213999999802,cloud_dataset_real
1829,548.752,31.80000000009,0.006666666666999999,0.00629145,0,618.7120000001979,cloud_dataset_real
1830,549.052,31.53000000009,0.005666666667,0.0,0,618.418000000198,cloud_dataset_real
1831,549.352,31.97999999991,0.007333333332999999,0.0,0,619.707999999802,cloud_dataset_real
1832,549.652,31.93500000009,0.007166666667,0.0,0,619.909000000198,cloud_dataset_real
1833,549.952,31.89,0.006999999999999999,0.0,0,620.11,cloud_dataset_real
1834,550.252,31.755,0.006500000000000001,0.0,0,620.1129999999999,cloud_dataset_real
1835,550.552,31.755,0.006500000000000001,0.0,0,620.413,cloud_dataset_real
1836,550.852,31.485,0.0055000000000000005,0.0,0,620.119,cloud_dataset_real
1837,551.152,31.66500000009,0.006166666667000001,0.0,0,620.8150000001981,cloud_dataset_real
1838,551.453,31.80000000009,0.006666666666999999,0.0,0,621.4130000001979,cloud_dataset_real
1839,551.753,31.84499999991,0.006833333333,0.0,0,621.8119999998021,cloud_dataset_real
1840,552.053,31.53000000009,0.005666666667,0.0,0,621.419000000198,cloud_dataset_real
1841,552.353,31.84499999991,0.006833333333,0.0,0,622.411999999802,cloud_dataset_real
1842,552.654,31.57499999991,0.005833333333,0.0,0,622.118999999802,cloud_dataset_real
1843,552.955,31.66500000009,0.006166666667000001,0.0,0,622.6180000001981,cloud_dataset_real
1844,553.255,31.89,0.006999999999999999,0.0,0,623.413,cloud_dataset_real
1845,553.555,31.62,0.006,0.0,0,623.1189999999999,cloud_dataset_real
1846,553.855,31.43999999991,0.005333333333,0.0,0,623.022999999802,cloud_dataset_real
1847,554.155,31.53000000009,0.005666666667,0.0,0,623.521000000198,cloud_dataset_real
1848,554.455,31.84499999991,0.006833333333,0.0,0,624.5139999998021,cloud_dataset_real
1849,554.755,31.66500000009,0.006166666667000001,0.0,0,624.418000000198,cloud_dataset_real
1850,555.055,31.93500000009,0.007166666667,0.0,0,625.3120000001979,cloud_dataset_real
1851,555.355,31.66500000009,0.006166666667000001,0.0,0,625.0180000001981,cloud_dataset_real
1852,555.655,31.35,0.005,0.0,0,624.625,cloud_dataset_real
1853,555.955,31.43999999991,0.005333333333,0.0,0,625.122999999802,cloud_dataset_real
1854,556.255,31.57499999991,0.005833333333,0.0,0,625.719999999802,cloud_dataset_real
1855,556.555,31.57499999991,0.005833333333,0.0,0,626.0199999998019,cloud_dataset_real
1856,556.855,31.57499999991,0.005833333333,0.0,0,626.319999999802,cloud_dataset_real
1857,557.155,31.57499999991,0.005833333333,0.0,0,626.619999999802,cloud_dataset_real
1858,557.455,31.39500000009,0.005166666667000001,0.0,0,626.524000000198,cloud_dataset_real
1859,557.755,31.43999999991,0.005333333333,0.0,0,626.922999999802,cloud_dataset_real
1860,558.055,31.485,0.0055000000000000005,0.00209715,0,627.322,cloud_dataset_real
1861,558.355,31.43999999991,0.005333333333,0.0,0,627.522999999802,cloud_dataset_real
1862,558.655,31.70999999991,0.006333333333,0.0,0,628.416999999802,cloud_dataset_real
1863,558.955,31.57499999991,0.005833333333,0.0,0,628.419999999802,cloud_dataset_real
1864,559.255,31.35,0.005,0.0,0,628.225,cloud_dataset_real
1865,559.555,31.485,0.0055000000000000005,0.0,0,628.822,cloud_dataset_real
1866,559.855,31.485,0.0055000000000000005,0.0,0,629.1220000000001,cloud_dataset_real
1867,560.155,31.43999999991,0.005333333333,0.0,0,629.3229999998019,cloud_dataset_real
1868,560.455,31.755,0.006500000000000001,0.0,0,630.316,cloud_dataset_real
1869,560.755,31.62,0.006,0.0,0,630.319,cloud_dataset_real
1870,561.055,31.43999999991,0.005333333333,0.0,0,630.2229999998019,cloud_dataset_real
1871,561.355,31.62,0.006,0.0,0,630.919,cloud_dataset_real
1872,561.655,31.89,0.006999999999999999,0.0,0,631.813,cloud_dataset_real
1873,561.955,31.53000000009,0.005666666667,0.0,0,631.3210000001981,cloud_dataset_real
1874,562.255,31.62,0.006,0.0,0,631.819,cloud_dataset_real
1875,562.555,31.57499999991,0.005833333333,0.0,0,632.0199999998019,cloud_dataset_real
1876,562.855,31.53000000009,0.005666666667,0.0,0,632.221000000198,cloud_dataset_real
1877,563.155,31.70999999991,0.006333333333,0.0,0,632.916999999802,cloud_dataset_real
1878,563.456,31.89,0.006999999999999999,0.0,0,633.614,cloud_dataset_real
1879,563.756,31.755,0.006500000000000001,0.0,0,633.617,cloud_dataset_real
1880,564.056,31.89,0.006999999999999999,0.0,0,634.214,cloud_dataset_real
1881,564.356,31.66500000009,0.006166666667000001,0.0,0,634.019000000198,cloud_dataset_real
1882,564.656,31.53000000009,0.005666666667,0.0,0,634.022000000198,cloud_dataset_real
1883,564.956,31.39500000009,0.005166666667000001,0.0,0,634.025000000198,cloud_dataset_real
1884,565.256,31.70999999991,0.006333333333,0.0,0,635.017999999802,cloud_dataset_real
1885,565.556,31.57499999991,0.005833333333,0.0,0,635.020999999802,cloud_dataset_real
1886,565.856,31.485,0.0055000000000000005,0.0,0,635.123,cloud_dataset_real
1887,566.156,31.62,0.006,0.0,0,635.7199999999999,cloud_dataset_real
1888,566.456,31.53000000009,0.005666666667,0.0,0,635.822000000198,cloud_dataset_real
1889,566.756,31.53000000009,0.005666666667,0.0,0,636.122000000198,cloud_dataset_real
1890,567.056,31.80000000009,0.006666666666999999,0.0,0,637.016000000198,cloud_dataset_real
1891,567.356,31.70999999991,0.006333333333,0.0,0,637.117999999802,cloud_dataset_real
1892,567.656,31.485,0.0055000000000000005,0.0,0,636.923,cloud_dataset_real
1893,567.956,31.80000000009,0.006666666666999999,0.0,0,637.916000000198,cloud_dataset_real
1894,568.256,31.66500000009,0.006166666667000001,0.0,0,637.919000000198,cloud_dataset_real
1895,568.556,31.35,0.005,0.0055924,0,637.5260000000001,cloud_dataset_real
1896,568.856,31.66500000009,0.006166666667000001,0.0,0,638.519000000198,cloud_dataset_real
1897,569.156,31.80000000009,0.006666666666999999,0.0,0,639.1160000001979,cloud_dataset_real
1898,569.456,31.57499999991,0.005833333333,0.0,0,638.920999999802,cloud_dataset_real
1899,569.756,31.62,0.006,0.0,0,639.3199999999999,cloud_dataset_real
1900,570.056,31.53000000009,0.005666666667,0.0,0,639.4220000001981,cloud_dataset_real
1901,570.356,31.485,0.0055000000000000005,0.0,0,639.623,cloud_dataset_real
1902,570.656,31.89,0.006999999999999999,0.0,0,640.814,cloud_dataset_real
1903,570.956,31.97999999991,0.007333333332999999,0.0,0,641.3119999998021,cloud_dataset_real
1904,571.256,31.57499999991,0.005833333333,0.0,0,640.720999999802,cloud_dataset_real
1905,571.556,31.62,0.006,0.0,0,641.12,cloud_dataset_real
1906,571.856,31.755,0.006500000000000001,0.0,0,641.717,cloud_dataset_real
1907,572.156,31.57499999991,0.005833333333,0.0041943,0,641.6209999998019,cloud_dataset_real
1908,572.456,31.53000000009,0.005666666667,0.00489335,0,641.822000000198,cloud_dataset_real
1909,572.756,31.93500000009,0.007166666667,0.0,0,643.013000000198,cloud_dataset_real
1910,573.056,31.53000000009,0.005666666667,0.0,0,642.4220000001981,cloud_dataset_real
1911,573.356,31.39500000009,0.005166666667000001,0.0,0,642.425000000198,cloud_dataset_real
1912,573.656,33.32999999991,0.012333333333000001,0.00349525,0,646.9819999998019,cloud_dataset_real
1913,573.956,31.755,0.006500000000000001,0.0041943,0,643.817,cloud_dataset_real
1914,574.256,31.80000000009,0.006666666666999999,0.0,0,644.2160000001979,cloud_dataset_real
1915,574.557,31.89,0.006999999999999999,0.0,0,644.715,cloud_dataset_real
1916,574.857,31.755,0.006500000000000001,0.0,0,644.718,cloud_dataset_real
1917,575.157,31.43999999991,0.005333333333,0.0,0,644.324999999802,cloud_dataset_real
1918,575.457,31.53000000009,0.005666666667,0.0,0,644.823000000198,cloud_dataset_real
1919,575.757,31.80000000009,0.006666666666999999,0.0,0,645.7170000001979,cloud_dataset_real
1920,576.057,31.485,0.0055000000000000005,0.0,0,645.3240000000001,cloud_dataset_real
1921,576.357,31.70999999991,0.006333333333,0.0,0,646.118999999802,cloud_dataset_real
1922,576.657,31.57499999991,0.005833333333,0.0,0,646.121999999802,cloud_dataset_real
1923,576.957,31.35,0.005,0.0,0,645.927,cloud_dataset_real
1924,577.257,31.485,0.0055000000000000005,0.0,0,646.524,cloud_dataset_real
1925,577.557,31.80000000009,0.006666666666999999,0.0,0,647.517000000198,cloud_dataset_real
1926,577.857,31.53000000009,0.005666666667,0.0,0,647.223000000198,cloud_dataset_real
1927,578.157,31.70999999991,0.006333333333,0.0,0,647.918999999802,cloud_dataset_real
1928,578.457,31.70999999991,0.006333333333,0.0,0,648.218999999802,cloud_dataset_real
1929,578.757,31.39500000009,0.005166666667000001,0.0,0,647.826000000198,cloud_dataset_real
1930,579.057,31.62,0.006,0.0,0,648.621,cloud_dataset_real
1931,579.357,31.84499999991,0.006833333333,0.0,0,649.415999999802,cloud_dataset_real
1932,579.657,31.62,0.006,0.0,0,649.221,cloud_dataset_real
1933,579.957,31.66500000009,0.006166666667000001,0.0,0,649.620000000198,cloud_dataset_real
1934,580.257,31.62,0.006,0.0,0,649.8209999999999,cloud_dataset_real
1935,580.557,31.39500000009,0.005166666667000001,0.0,0,649.626000000198,cloud_dataset_real
1936,580.857,31.70999999991,0.006333333333,0.0,0,650.618999999802,cloud_dataset_real
1937,581.157,31.62,0.006,0.00489335,0,650.721,cloud_dataset_real
1938,581.458,31.485,0.0055000000000000005,0.0027962,0,650.725,cloud_dataset_real
1939,581.758,31.755,0.006500000000000001,0.0,0,651.619,cloud_dataset_real
1940,582.058,31.755,0.006500000000000001,0.0,0,651.919,cloud_dataset_real
1941,582.358,31.57499999991,0.005833333333,0.0,0,651.8229999998019,cloud_dataset_real
1942,582.658,31.53000000009,0.005666666667,0.0,0,652.024000000198,cloud_dataset_real
1943,582.958,31.84499999991,0.006833333333,0.0,0,653.016999999802,cloud_dataset_real
1944,583.258,31.53000000009,0.005666666667,0.0,0,652.6240000001981,cloud_dataset_real
1945,583.558,31.62,0.006,0.0,0,653.122,cloud_dataset_real
1946,583.858,31.57499999991,0.005833333333,0.0,0,653.3229999998019,cloud_dataset_real
1947,584.158,31.43999999991,0.005333333333,0.0,0,653.325999999802,cloud_dataset_real
1948,584.458,31.84499999991,0.006833333333,0.0,0,654.516999999802,cloud_dataset_real
1949,584.758,31.62,0.006,0.0,0,654.322,cloud_dataset_real
1950,585.058,31.53000000009,0.005666666667,0.00489335,0,654.424000000198,cloud_dataset_real
1951,585.358,31.485,0.0055000000000000005,0.00069905,0,654.625,cloud_dataset_real
1952,585.658,31.62,0.006,0.0,0,655.222,cloud_dataset_real
1953,585.958,31.485,0.0055000000000000005,0.0,0,655.225,cloud_dataset_real
1954,586.258,31.43999999991,0.005333333333,0.0,0,655.425999999802,cloud_dataset_real
1955,586.558,31.755,0.006500000000000001,0.0,0,656.419,cloud_dataset_real
1956,586.858,31.57499999991,0.005833333333,0.0,0,656.3229999998019,cloud_dataset_real
1957,587.158,31.57499999991,0.005833333333,0.0,0,656.622999999802,cloud_dataset_real
1958,587.458,31.57499999991,0.005833333333,0.00349525,0,656.922999999802,cloud_dataset_real
1959,587.758,31.53000000009,0.005666666667,0.00209715,0,657.1240000001981,cloud_dataset_real
1960,588.058,31.35,0.005,0.0,0,657.028,cloud_dataset_real
1961,588.358,31.755,0.006500000000000001,0.0,0,658.2189999999999,cloud_dataset_real
1962,588.658,31.89,0.006999999999999999,0.0,0,658.816,cloud_dataset_real
1963,588.958,31.485,0.0055000000000000005,0.0,0,658.225,cloud_dataset_real
1964,589.258,31.62,0.006,0.0,0,658.822,cloud_dataset_real
1965,589.558,31.755,0.006500000000000001,0.0,0,659.419,cloud_dataset_real
1966,589.858,31.53000000009,0.005666666667,0.0,0,659.224000000198,cloud_dataset_real
1967,590.158,31.66500000009,0.006166666667000001,0.0,0,659.8210000001981,cloud_dataset_real
1968,590.458,31.57499999991,0.005833333333,0.0,0,659.922999999802,cloud_dataset_real
1969,590.758,31.53000000009,0.005666666667,0.0,0,660.1240000001981,cloud_dataset_real
1970,591.058,31.43999999991,0.005333333333,0.0,0,660.225999999802,cloud_dataset_real
1971,591.358,31.62,0.006,0.0,0,660.9219999999999,cloud_dataset_real
1972,591.658,31.35,0.005,0.0,0,660.628,cloud_dataset_real
1973,591.958,31.70999999991,0.006333333333,0.0,0,661.719999999802,cloud_dataset_real
1974,592.258,31.89,0.006999999999999999,0.0,0,662.416,cloud_dataset_real
1975,592.558,31.485,0.0055000000000000005,0.0,0,661.825,cloud_dataset_real
1976,592.858,31.62,0.006,0.0,0,662.4219999999999,cloud_dataset_real
1977,593.158,31.62,0.006,0.0,0,662.722,cloud_dataset_real
1978,593.458,31.39500000009,0.005166666667000001,0.0,0,662.527000000198,cloud_dataset_real
1979,593.758,31.66500000009,0.006166666667000001,0.0,0,663.4210000001981,cloud_dataset_real
1980,594.058,31.80000000009,0.006666666666999999,0.0,0,664.018000000198,cloud_dataset_real
1981,594.358,31.39500000009,0.005166666667000001,0.0,0,663.427000000198,cloud_dataset_real
1982,594.658,31.62,0.006,0.0,0,664.222,cloud_dataset_real
1983,594.958,31.66500000009,0.006166666667000001,0.0,0,664.621000000198,cloud_dataset_real
1984,595.258,31.39500000009,0.005166666667000001,0.0,0,664.327000000198,cloud_dataset_real
1985,595.558,31.93500000009,0.007166666667,0.0,0,665.815000000198,cloud_dataset_real
1986,595.859,31.89,0.006999999999999999,0.0,0,666.017,cloud_dataset_real
1987,596.159,31.66500000009,0.006166666667000001,0.0,0,665.822000000198,cloud_dataset_real
1988,596.459,31.62,0.006,0.0,0,666.0229999999999,cloud_dataset_real
1989,596.759,31.66500000009,0.006166666667000001,0.0,0,666.4220000001981,cloud_dataset_real
1990,597.059,31.70999999991,0.006333333333,0.0,0,666.820999999802,cloud_dataset_real
1991,597.359,31.84499999991,0.006833333333,0.0,0,667.4179999998021,cloud_dataset_real
1992,597.659,31.80000000009,0.006666666666999999,0.0,0,667.619000000198,cloud_dataset_real
1993,597.959,31.43999999991,0.005333333333,0.0,0,667.1269999998019,cloud_dataset_real
1994,598.259,31.35,0.005,0.0,0,667.229,cloud_dataset_real
1995,598.559,31.62,0.006,0.0,0,668.1229999999999,cloud_dataset_real
1996,598.859,31.53000000009,0.005666666667,0.0,0,668.2250000001981,cloud_dataset_real
1997,599.159,31.80000000009,0.006666666666999999,0.0,0,669.119000000198,cloud_dataset_real
1998,599.459,31.755,0.006500000000000001,0.0,0,669.3199999999999,cloud_dataset_real
1999,599.759,31.57499999991,0.005833333333,0.0,0,669.223999999802,cloud_dataset_real
2000,600.059,31.43999999991,0.005333333333,0.0,0,669.2269999998019,cloud_dataset_real
2001,600.359,31.485,0.0055000000000000005,0.0,0,669.6260000000001,cloud_dataset_real
2002,600.659,31.66500000009,0.006166666667000001,0.00209715,0,670.322000000198,cloud_dataset_real
2003,600.959,31.84499999991,0.006833333333,0.0,0,671.017999999802,cloud_dataset_real
2004,601.259,31.70999999991,0.006333333333,0.0,0,671.020999999802,cloud_dataset_real
2005,601.559,31.485,0.0055000000000000005,0.0,0,670.826,cloud_dataset_real
2006,601.859,31.35,0.005,0.0,0,670.8290000000001,cloud_dataset_real
2007,602.159,31.485,0.0055000000000000005,0.0,0,671.426,cloud_dataset_real
2008,602.459,31.53000000009,0.005666666667,0.0,0,671.825000000198,cloud_dataset_real
2009,602.759,31.43999999991,0.005333333333,0.0041943,0,671.926999999802,cloud_dataset_real
2010,603.059,31.66500000009,0.006166666667000001,0.0069905,0,672.722000000198,cloud_dataset_real
2011,603.359,31.62,0.006,0.0,0,672.923,cloud_dataset_real
2012,603.659,31.35,0.005,0.0,0,672.629,cloud_dataset_real
2013,603.959,31.43999999991,0.005333333333,0.0,0,673.1269999998019,cloud_dataset_real
2014,604.259,31.57499999991,0.005833333333,0.0,0,673.723999999802,cloud_dataset_real
2015,604.559,31.53000000009,0.005666666667,0.0,0,673.925000000198,cloud_dataset_real
2016,604.859,31.84499999991,0.006833333333,0.0,0,674.9179999998021,cloud_dataset_real
2017,605.159,31.43999999991,0.005333333333,0.0,0,674.326999999802,cloud_dataset_real
2018,605.46,31.35,0.005,0.0,0,674.4300000000001,cloud_dataset_real
2019,605.76,31.485,0.0055000000000000005,0.0,0,675.027,cloud_dataset_real
2020,606.06,31.74374999991,0.006458333333,0.005242875,0,675.896249999802,cloud_dataset_real
2021,606.36,31.66500000009,0.006166666667000001,0.00209715,0,676.0230000001981,cloud_dataset_real
2022,606.66,31.62,0.006,0.0,0,676.2239999999999,cloud_dataset_real
2023,606.96,31.66500000009,0.006166666667000001,0.0,0,676.6230000001981,cloud_dataset_real
2024,607.26,31.39500000009,0.005166666667000001,0.0,0,676.329000000198,cloud_dataset_real
2025,607.56,31.485,0.0055000000000000005,0.0,0,676.827,cloud_dataset_real
2026,607.86,31.53000000009,0.005666666667,0.00349525,0,677.226000000198,cloud_dataset_real
2027,608.16,31.485,0.0055000000000000005,0.00629145,0,677.427,cloud_dataset_real
2028,608.46,31.66500000009,0.006166666667000001,0.0,0,678.1230000001981,cloud_dataset_real
2029,608.76,31.62,0.006,0.0,0,678.324,cloud_dataset_real
2030,609.06,31.485,0.0055000000000000005,0.0,0,678.327,cloud_dataset_real
2031,609.36,31.62,0.006,0.0,0,678.924,cloud_dataset_real
2032,609.66,31.84499999991,0.006833333333,0.0,0,679.718999999802,cloud_dataset_real
2033,609.96,31.70999999991,0.006333333333,0.0,0,679.721999999802,cloud_dataset_real
2034,610.26,31.66500000009,0.006166666667000001,0.0,0,679.923000000198,cloud_dataset_real
2035,610.56,31.62,0.006,0.0,0,680.1239999999999,cloud_dataset_real
2036,610.86,31.485,0.0055000000000000005,0.0,0,680.1270000000001,cloud_dataset_real
2037,611.16,31.485,0.0055000000000000005,0.0,0,680.427,cloud_dataset_real
2038,611.46,31.755,0.006500000000000001,0.0,0,681.321,cloud_dataset_real
2039,611.76,31.53000000009,0.005666666667,0.0,0,681.126000000198,cloud_dataset_real
2040,612.06,31.53000000009,0.005666666667,0.0,0,681.426000000198,cloud_dataset_real
2041,612.36,31.485,0.0055000000000000005,0.0,0,681.6270000000001,cloud_dataset_real
2042,612.66,31.53000000009,0.005666666667,0.0,0,682.026000000198,cloud_dataset_real
2043,612.96,31.43999999991,0.005333333333,0.0,0,682.127999999802,cloud_dataset_real
2044,613.26,31.755,0.006500000000000001,0.0,0,683.121,cloud_dataset_real
2045,613.56,31.70999999991,0.006333333333,0.0,0,683.321999999802,cloud_dataset_real
2046,613.86,31.53000000009,0.005666666667,0.0,0,683.226000000198,cloud_dataset_real
2047,614.16,31.70999999991,0.006333333333,0.0,0,683.921999999802,cloud_dataset_real
2048,614.46,31.485,0.0055000000000000005,0.0,0,683.7270000000001,cloud_dataset_real
2049,614.76,31.35,0.005,0.0,0,683.73,cloud_dataset_real
2050,615.06,31.57499999991,0.005833333333,0.0,0,684.5249999998019,cloud_dataset_real
2051,615.361,31.66500000009,0.006166666667000001,0.0,0,685.024000000198,cloud_dataset_real
2052,615.661,31.53000000009,0.005666666667,0.0,0,685.027000000198,cloud_dataset_real
2053,615.961,31.53000000009,0.005666666667,0.0,0,685.327000000198,cloud_dataset_real
2054,616.261,31.755,0.006500000000000001,0.0,0,686.122,cloud_dataset_real
2055,616.561,31.43999999991,0.005333333333,0.0,0,685.728999999802,cloud_dataset_real
2056,616.861,31.80000000009,0.006666666666999999,0.0,0,686.821000000198,cloud_dataset_real
2057,617.161,31.70999999991,0.006333333333,0.0,0,686.922999999802,cloud_dataset_real
2058,617.461,31.485,0.0055000000000000005,0.0,0,686.7280000000001,cloud_dataset_real
2059,617.761,31.70999999991,0.006333333333,0.0,0,687.522999999802,cloud_dataset_real
2060,618.061,31.755,0.006500000000000001,0.0,0,687.922,cloud_dataset_real
2061,618.361,31.62,0.006,0.0,0,687.925,cloud_dataset_real
2062,618.661,31.755,0.006500000000000001,0.0,0,688.5219999999999,cloud_dataset_real
2063,618.961,31.84499999991,0.006833333333,0.0,0,689.019999999802,cloud_dataset_real
2064,619.261,31.43999999991,0.005333333333,0.0,0,688.4289999998019,cloud_dataset_real
2065,619.561,31.39500000009,0.005166666667000001,0.0,0,688.630000000198,cloud_dataset_real
2066,619.861,31.57499999991,0.005833333333,0.0,0,689.325999999802,cloud_dataset_real
2067,620.161,31.57499999991,0.005833333333,0.0,0,689.6259999998019,cloud_dataset_real
2068,620.461,31.62,0.006,0.0,0,690.025,cloud_dataset_real
2069,620.761,31.89,0.006999999999999999,0.0,0,690.919,cloud_dataset_real
2070,621.061,31.57499999991,0.005833333333,0.0,0,690.525999999802,cloud_dataset_real
2071,621.361,31.80000000009,0.006666666666999999,0.0,0,691.321000000198,cloud_dataset_real
2072,621.661,31.53000000009,0.005666666667,0.0,0,691.027000000198,cloud_dataset_real
2073,621.961,31.485,0.0055000000000000005,0.0,0,691.2280000000001,cloud_dataset_real
2074,622.261,31.39500000009,0.005166666667000001,0.0,0,691.330000000198,cloud_dataset_real
2075,622.561,31.70999999991,0.006333333333,0.0,0,692.322999999802,cloud_dataset_real
2076,622.861,31.485,0.0055000000000000005,0.0,0,692.128,cloud_dataset_real
2077,623.161,31.35,0.005,0.0,0,692.131,cloud_dataset_real
2078,623.461,31.485,0.0055000000000000005,0.0,0,692.7280000000001,cloud_dataset_real
2079,623.761,31.57499999991,0.005833333333,0.0,0,693.225999999802,cloud_dataset_real
2080,624.061,31.57499999991,0.005833333333,0.0,0,693.525999999802,cloud_dataset_real
2081,624.362,31.80000000009,0.006666666666999999,0.0,0,694.3220000001979,cloud_dataset_real
2082,624.662,31.66500000009,0.006166666667000001,0.0,0,694.3250000001981,cloud_dataset_real
2083,624.962,31.39500000009,0.005166666667000001,0.0,0,694.031000000198,cloud_dataset_real
2084,625.262,31.57499999991,0.005833333333,0.0,0,694.7269999998019,cloud_dataset_real
2085,625.562,33.15000000009,0.011666666667000001,0.0,0,698.492000000198,cloud_dataset_real
2086,625.862,31.93500000009,0.007166666667,0.00069905,0,696.119000000198,cloud_dataset_real
2087,626.162,32.61000000009,0.009666666667,0.0097867,0,697.904000000198,cloud_dataset_real
2088,626.462,31.93500000009,0.007166666667,0.0041943,0,696.719000000198,cloud_dataset_real
2089,626.762,31.485,0.0055000000000000005,0.0,0,696.029,cloud_dataset_real
2090,627.062,31.485,0.0055000000000000005,0.0,0,696.3290000000001,cloud_dataset_real
2091,627.362,31.66500000009,0.006166666667000001,0.0,0,697.025000000198,cloud_dataset_real
2092,627.662,31.755,0.006500000000000001,0.0,0,697.523,cloud_dataset_real
2093,627.962,31.89,0.006999999999999999,0.0,0,698.12,cloud_dataset_real
2094,628.262,31.84499999991,0.006833333333,0.0,0,698.320999999802,cloud_dataset_real
2095,628.562,31.35,0.005,0.0,0,697.532,cloud_dataset_real
2096,628.862,31.57499999991,0.005833333333,0.0,0,698.326999999802,cloud_dataset_real
2097,629.162,31.755,0.006500000000000001,0.0,0,699.023,cloud_dataset_real
2098,629.462,31.66500000009,0.006166666667000001,0.0,0,699.125000000198,cloud_dataset_real
2099,629.762,31.89,0.006999999999999999,0.0,0,699.92,cloud_dataset_real
2100,630.062,31.97999999991,0.007333333332999999,0.0,0,700.4179999998021,cloud_dataset_real
2101,630.362,31.62,0.006,0.0,0,699.9259999999999,cloud_dataset_real
2102,630.662,31.43999999991,0.005333333333,0.0,0,699.829999999802,cloud_dataset_real
2103,630.962,31.70999999991,0.006333333333,0.0,0,700.723999999802,cloud_dataset_real
2104,631.262,31.43999999991,0.005333333333,0.0,0,700.4299999998019,cloud_dataset_real
2105,631.562,31.755,0.006500000000000001,0.0,0,701.423,cloud_dataset_real
2106,631.862,31.62,0.006,0.0041943,0,701.4259999999999,cloud_dataset_real
2107,632.162,31.35,0.005,0.00209715,0,701.1320000000001,cloud_dataset_real
2108,632.463,31.66500000009,0.006166666667000001,0.0,0,702.126000000198,cloud_dataset_real
2109,632.763,31.66500000009,0.006166666667000001,0.0,0,702.4260000001981,cloud_dataset_real
2110,633.063,31.57499999991,0.005833333333,0.0,0,702.527999999802,cloud_dataset_real
2111,633.363,31.70999999991,0.006333333333,0.0,0,703.1249999998021,cloud_dataset_real
2112,633.663,31.53000000009,0.005666666667,0.0,0,703.029000000198,cloud_dataset_real
2113,633.963,31.53000000009,0.005666666667,0.0,0,703.329000000198,cloud_dataset_real
2114,634.263,31.485,0.0055000000000000005,0.0,0,703.5300000000001,cloud_dataset_real
2115,634.562,31.70999999991,0.006333333333,0.0,0,704.323999999802,cloud_dataset_real
2116,634.863,31.66500000009,0.006166666667000001,0.0,0,704.5260000001981,cloud_dataset_real
2117,635.163,31.62,0.006,0.0,0,704.727,cloud_dataset_real
2118,635.463,31.70999999991,0.006333333333,0.0,0,705.224999999802,cloud_dataset_real
2119,635.763,31.485,0.0055000000000000005,0.0,0,705.0300000000001,cloud_dataset_real
2120,636.063,31.43999999991,0.005333333333,0.0,0,705.230999999802,cloud_dataset_real
2121,636.363,31.80000000009,0.006666666666999999,0.0,0,706.323000000198,cloud_dataset_real
2122,636.663,31.80000000009,0.006666666666999999,0.0,0,706.623000000198,cloud_dataset_real
2123,636.963,31.755,0.006500000000000001,0.0,0,706.824,cloud_dataset_real
2124,637.263,31.57499999991,0.005833333333,0.0,0,706.727999999802,cloud_dataset_real
2125,637.563,31.62,0.006,0.0,0,707.127,cloud_dataset_real
2126,637.863,31.43999999991,0.005333333333,0.0,0,707.030999999802,cloud_dataset_real
2127,638.163,31.755,0.006500000000000001,0.0,0,708.024,cloud_dataset_real
2128,638.463,31.755,0.006500000000000001,0.0,0,708.324,cloud_dataset_real
2129,638.764,31.43999999991,0.005333333333,0.0,0,707.931999999802,cloud_dataset_real
2130,639.064,31.66500000009,0.006166666667000001,0.0,0,708.727000000198,cloud_dataset_real
2131,639.364,31.485,0.0055000000000000005,0.0,0,708.6310000000001,cloud_dataset_real
2132,639.664,31.53000000009,0.005666666667,0.0,0,709.030000000198,cloud_dataset_real
2133,639.964,31.62,0.006,0.0,0,709.528,cloud_dataset_real
2134,640.264,31.755,0.006500000000000001,0.0,0,710.125,cloud_dataset_real
2135,640.564,31.35,0.005,0.0,0,709.534,cloud_dataset_real
2136,640.864,31.485,0.0055000000000000005,0.0,0,710.1310000000001,cloud_dataset_real
2137,641.164,31.53000000009,0.005666666667,0.0,0,710.530000000198,cloud_dataset_real
2138,641.464,31.39500000009,0.005166666667000001,0.0,0,710.5330000001981,cloud_dataset_real
2139,641.764,31.84499999991,0.006833333333,0.0041943,0,711.822999999802,cloud_dataset_real
2140,642.064,31.70999999991,0.006333333333,0.00209715,0,711.825999999802,cloud_dataset_real
2141,642.364,31.53000000009,0.005666666667,0.0,0,711.7300000001981,cloud_dataset_real
2142,642.664,31.84499999991,0.006833333333,0.0,0,712.722999999802,cloud_dataset_real
2143,642.964,31.66500000009,0.006166666667000001,0.0,0,712.6270000001981,cloud_dataset_real
2144,643.264,31.43999999991,0.005333333333,0.0,0,712.431999999802,cloud_dataset_real
2145,643.564,31.53000000009,0.005666666667,0.00209715,0,712.930000000198,cloud_dataset_real
2146,643.864,31.755,0.006500000000000001,0.0,0,713.725,cloud_dataset_real
2147,644.164,31.485,0.0055000000000000005,0.0,0,713.431,cloud_dataset_real
2148,644.464,31.43999999991,0.005333333333,0.0,0,713.631999999802,cloud_dataset_real
2149,644.764,31.70999999991,0.006333333333,0.0,0,714.525999999802,cloud_dataset_real
2150,645.064,31.53000000009,0.005666666667,0.0,0,714.430000000198,cloud_dataset_real
2151,645.364,31.57499999991,0.005833333333,0.0,0,714.828999999802,cloud_dataset_real
2152,645.664,31.70999999991,0.006333333333,0.0,0,715.425999999802,cloud_dataset_real
2153,645.964,31.53000000009,0.005666666667,0.0041943,0,715.3300000001981,cloud_dataset_real
2154,646.264,31.485,0.0055000000000000005,0.0041943,0,715.5310000000001,cloud_dataset_real
2155,646.564,31.755,0.006500000000000001,0.0,0,716.425,cloud_dataset_real
2156,646.864,31.57499999991,0.005833333333,0.0,0,716.328999999802,cloud_dataset_real
2157,647.164,31.35,0.005,0.0,0,716.134,cloud_dataset_real
2158,647.465,31.485,0.0055000000000000005,0.0,0,716.7320000000001,cloud_dataset_real
2159,647.765,31.485,0.0055000000000000005,0.0,0,717.032,cloud_dataset_real
2160,648.065,31.39500000009,0.005166666667000001,0.0,0,717.1340000001981,cloud_dataset_real
2161,648.365,31.57499999991,0.005833333333,0.0,0,717.829999999802,cloud_dataset_real
2162,648.665,31.43999999991,0.005333333333,0.0,0,717.8329999998019,cloud_dataset_real
2163,648.965,31.485,0.0055000000000000005,0.0,0,718.2320000000001,cloud_dataset_real
2164,649.265,31.755,0.006500000000000001,0.0,0,719.126,cloud_dataset_real
2165,649.565,31.62,0.006,0.0041943,0,719.129,cloud_dataset_real
2166,649.865,31.39500000009,0.005166666667000001,0.00209715,0,718.934000000198,cloud_dataset_real
2167,650.165,31.43999999991,0.005333333333,0.0,0,719.3329999998019,cloud_dataset_real
2168,650.465,31.57499999991,0.005833333333,0.0,0,719.929999999802,cloud_dataset_real
2169,650.765,31.39500000009,0.005166666667000001,0.0,0,719.834000000198,cloud_dataset_real
2170,651.065,31.70999999991,0.006333333333,0.0,0,720.8269999998021,cloud_dataset_real
2171,651.365,31.53000000009,0.005666666667,0.0,0,720.731000000198,cloud_dataset_real
2172,651.665,31.39500000009,0.005166666667000001,0.0,0,720.734000000198,cloud_dataset_real
2173,651.965,31.485,0.0055000000000000005,0.0,0,721.2320000000001,cloud_dataset_real
2174,652.265,31.485,0.0055000000000000005,0.0,0,721.532,cloud_dataset_real
2175,652.565,31.62,0.006,0.0,0,722.129,cloud_dataset_real
2176,652.865,31.755,0.006500000000000001,0.0,0,722.726,cloud_dataset_real
2177,653.165,31.755,0.006500000000000001,0.0,0,723.026,cloud_dataset_real
2178,653.465,31.39500000009,0.005166666667000001,0.0,0,722.534000000198,cloud_dataset_real
2179,653.765,31.39500000009,0.005166666667000001,0.0,0,722.834000000198,cloud_dataset_real
2180,654.065,31.485,0.0055000000000000005,0.0,0,723.3320000000001,cloud_dataset_real
2181,654.365,31.39500000009,0.005166666667000001,0.0,0,723.434000000198,cloud_dataset_real
2182,654.665,31.80000000009,0.006666666666999999,0.0,0,724.6250000001979,cloud_dataset_real
2183,654.965,31.84499999991,0.006833333333,0.0,0,725.0239999998021,cloud_dataset_real
2184,655.265,31.66500000009,0.006166666667000001,0.0,0,724.928000000198,cloud_dataset_real
2185,655.565,31.62,0.006,0.0,0,725.129,cloud_dataset_real
2186,655.865,31.57499999991,0.005833333333,0.0,0,725.329999999802,cloud_dataset_real
2187,656.165,31.57499999991,0.005833333333,0.0,0,725.629999999802,cloud_dataset_real
2188,656.465,31.485,0.0055000000000000005,0.0,0,725.7320000000001,cloud_dataset_real
2189,656.765,31.70999999991,0.006333333333,0.0,0,726.526999999802,cloud_dataset_real
2190,657.065,31.485,0.0055000000000000005,0.0,0,726.3320000000001,cloud_dataset_real
2191,657.365,31.39500000009,0.005166666667000001,0.0,0,726.434000000198,cloud_dataset_real
2192,657.666,31.66500000009,0.006166666667000001,0.0,0,727.3290000001981,cloud_dataset_real
2193,657.966,31.53000000009,0.005666666667,0.0,0,727.332000000198,cloud_dataset_real
2194,658.266,31.62,0.006,0.0,0,727.8299999999999,cloud_dataset_real
2195,658.566,31.62,0.006,0.0,0,728.13,cloud_dataset_real
2196,658.866,31.57499999991,0.005833333333,0.0,0,728.330999999802,cloud_dataset_real
2197,659.166,31.43999999991,0.005333333333,0.0,0,728.333999999802,cloud_dataset_real
2198,659.466,31.84499999991,0.006833333333,0.0,0,729.524999999802,cloud_dataset_real
2199,659.766,31.66500000009,0.006166666667000001,0.0,0,729.429000000198,cloud_dataset_real
2200,660.066,31.485,0.0055000000000000005,0.0,0,729.3330000000001,cloud_dataset_real
2201,660.366,31.755,0.006500000000000001,0.0,0,730.227,cloud_dataset_real
2202,660.666,31.485,0.0055000000000000005,0.0,0,729.9330000000001,cloud_dataset_real
2203,660.966,31.53000000009,0.005666666667,0.0,0,730.332000000198,cloud_dataset_real
2204,661.266,31.755,0.006500000000000001,0.0,0,731.127,cloud_dataset_real
2205,661.566,31.62,0.006,0.00349525,0,731.13,cloud_dataset_real
2206,661.866,31.62,0.006,0.00209715,0,731.43,cloud_dataset_real
2207,662.166,31.485,0.0055000000000000005,0.0,0,731.4330000000001,cloud_dataset_real
2208,662.466,31.66500000009,0.006166666667000001,0.0,0,732.1290000001981,cloud_dataset_real
2209,662.766,31.39500000009,0.005166666667000001,0.0,0,731.835000000198,cloud_dataset_real
2210,663.066,31.66500000009,0.006166666667000001,0.0,0,732.7290000001981,cloud_dataset_real
2211,663.366,31.70999999991,0.006333333333,0.0,0,733.127999999802,cloud_dataset_real
2212,663.666,31.80000000009,0.006666666666999999,0.0,0,733.626000000198,cloud_dataset_real
2213,663.966,31.70999999991,0.006333333333,0.0,0,733.727999999802,cloud_dataset_real
2214,664.266,32.24999999991,0.008333333333000001,0.0,0,735.215999999802,cloud_dataset_real
2215,664.566,31.80000000009,0.006666666666999999,0.0,0,734.526000000198,cloud_dataset_real
2216,664.866,31.66500000009,0.006166666667000001,0.0,0,734.529000000198,cloud_dataset_real
2217,665.166,31.70999999991,0.006333333333,0.0,0,734.9279999998021,cloud_dataset_real
2218,665.466,31.43999999991,0.005333333333,0.0,0,734.633999999802,cloud_dataset_real
2219,665.766,31.70999999991,0.006333333333,0.0,0,735.527999999802,cloud_dataset_real
2220,666.066,31.70999999991,0.006333333333,0.0,0,735.827999999802,cloud_dataset_real
2221,666.366,31.485,0.0055000000000000005,0.0,0,735.633,cloud_dataset_real
2222,666.666,31.66500000009,0.006166666667000001,0.0,0,736.3290000001981,cloud_dataset_real
2223,666.966,31.89,0.006999999999999999,0.0,0,737.124,cloud_dataset_real
2224,667.266,31.66500000009,0.006166666667000001,0.0,0,736.929000000198,cloud_dataset_real
2225,667.566,212.65500000000003,0.6765000000000001,0.0293601,1,1071.6105000000002,cloud_dataset_real
2226,667.866,285.73500000008994,0.9471666666669999,0.0559240125,2,1125.0420000001438,cloud_dataset_real
2227,668.166,284.52000000009,0.942666666667,0.0761964958328125,2,1123.398000000144,cloud_dataset_real
2228,668.466,249.19499999991,0.811833333333,0.1349167375,2,1067.1779999998562,cloud_dataset_real
2229,668.766,32.025,0.0075,0.199229425,0,739.221,cloud_dataset_real
2230,669.066,31.89,0.006999999999999999,0.0482344625,0,739.224,cloud_dataset_real
2231,669.366,31.485,0.0055000000000000005,0.00209715,0,738.633,cloud_dataset_real
2232,669.666,31.66500000009,0.006166666667000001,0.0,0,739.3290000001981,cloud_dataset_real
2233,669.966,31.53000000009,0.005666666667,0.0,0,739.332000000198,cloud_dataset_real
2234,670.266,31.66500000009,0.006166666667000001,0.0,0,739.929000000198,cloud_dataset_real
2235,670.566,31.84499999991,0.006833333333,0.0,0,740.6249999998021,cloud_dataset_real
2236,670.866,31.755,0.006500000000000001,0.0,0,740.727,cloud_dataset_real
2237,671.166,31.485,0.0055000000000000005,0.0,0,740.4330000000001,cloud_dataset_real
2238,671.466,31.62,0.006,0.0,0,741.03,cloud_dataset_real
2239,671.766,261.16500000009,0.856166666667,0.0405449,2,1089.630000000144,cloud_dataset_real
2240,672.066,284.42999999991,0.942333333333,0.07130315,2,1127.153999999856,cloud_dataset_real
2241,672.666,157.575,0.4725,0.1880445916671875,1,972.0585000000001,cloud_dataset_real
2242,672.966,31.57499999991,0.005833333333,0.1607816333328125,0,742.430999999802,cloud_dataset_real
2243,673.266,31.66500000009,0.006166666667000001,0.02167055,0,742.929000000198,cloud_dataset_real
2244,673.566,31.70999999991,0.006333333333,0.0041943,0,743.327999999802,cloud_dataset_real
2245,673.866,31.755,0.006500000000000001,0.0,0,743.727,cloud_dataset_real
2246,674.166,31.70999999991,0.006333333333,0.0,0,743.9279999998021,cloud_dataset_real
2247,674.466,31.89,0.006999999999999999,0.0,0,744.624,cloud_dataset_real
2248,674.766,31.43999999991,0.005333333333,0.0,0,743.9339999998019,cloud_dataset_real
2249,675.066,31.57499999991,0.005833333333,0.0,0,744.530999999802,cloud_dataset_real
2250,675.366,31.57499999991,0.005833333333,0.0,0,744.830999999802,cloud_dataset_real
2251,675.666,31.66500000009,0.006166666667000001,0.0,0,745.3290000001981,cloud_dataset_real
2252,675.966,31.66500000009,0.006166666667000001,0.0,0,745.6290000001981,cloud_dataset_real
2253,676.266,31.755,0.006500000000000001,0.0,0,746.127,cloud_dataset_real
2254,676.566,31.57499999991,0.005833333333,0.0,0,746.030999999802,cloud_dataset_real
2255,676.866,31.57499999991,0.005833333333,0.0,0,746.330999999802,cloud_dataset_real
2256,677.166,31.66500000009,0.006166666667000001,0.0,0,746.8290000001981,cloud_dataset_real
2257,677.466,31.62,0.006,0.0,0,747.03,cloud_dataset_real
2258,677.766,31.70999999991,0.006333333333,0.0,0,747.527999999802,cloud_dataset_real
2259,678.067,31.66500000009,0.006166666667000001,0.0,0,747.7300000001981,cloud_dataset_real
2260,678.367,31.53000000009,0.005666666667,0.0,0,747.733000000198,cloud_dataset_real
2261,678.667,31.89,0.006999999999999999,0.0,0,748.825,cloud_dataset_real
2262,678.967,31.93500000009,0.007166666667,0.0,0,749.224000000198,cloud_dataset_real
2263,679.277,31.70999999991,0.006333333333,0.0,0,749.0389999998021,cloud_dataset_real
2264,679.577,31.57499999991,0.005833333333,0.0,0,749.041999999802,cloud_dataset_real
2265,679.878,31.80000000009,0.006666666666999999,0.0,0,749.838000000198,cloud_dataset_real
2266,680.178,31.53000000009,0.005666666667,0.0,0,749.544000000198,cloud_dataset_real
2267,680.478,31.57499999991,0.005833333333,0.0,0,749.9429999998019,cloud_dataset_real
2268,680.778,31.755,0.006500000000000001,0.0013981,0,750.639,cloud_dataset_real
2269,681.078,31.755,0.006500000000000001,0.00489335,0,750.939,cloud_dataset_real
2270,681.378,31.70999999991,0.006333333333,0.0,0,751.1399999998021,cloud_dataset_real
2271,681.678,31.66500000009,0.006166666667000001,0.0,0,751.341000000198,cloud_dataset_real
2272,681.978,32.61000000009,0.009666666667,0.00209715,0,753.720000000198,cloud_dataset_real
2273,682.278,32.07000000009,0.007666666667,0.02306865,0,752.832000000198,cloud_dataset_real
2274,682.578,31.97999999991,0.007333333332999999,0.0,0,752.9339999998019,cloud_dataset_real
2275,682.878,31.80000000009,0.006666666666999999,0.0,0,752.838000000198,cloud_dataset_real
2276,683.178,31.39500000009,0.005166666667000001,0.0,0,752.247000000198,cloud_dataset_real
2277,683.478,31.66500000009,0.006166666667000001,0.0,0,753.141000000198,cloud_dataset_real
2278,683.778,31.62,0.006,0.0,0,753.342,cloud_dataset_real
2279,684.078,31.39500000009,0.005166666667000001,0.0,0,753.147000000198,cloud_dataset_real
2280,684.378,31.70999999991,0.006333333333,0.0,0,754.1399999998021,cloud_dataset_real
2281,684.678,31.89,0.006999999999999999,0.0,0,754.836,cloud_dataset_real
2282,684.978,31.62,0.006,0.0,0,754.5419999999999,cloud_dataset_real
2283,685.278,31.57499999991,0.005833333333,0.0,0,754.742999999802,cloud_dataset_real
2284,685.578,31.57499999991,0.005833333333,0.0,0,755.042999999802,cloud_dataset_real
2285,685.878,31.62,0.006,0.0,0,755.442,cloud_dataset_real
2286,686.178,31.70999999991,0.006333333333,0.0,0,755.939999999802,cloud_dataset_real
2287,686.478,31.66500000009,0.006166666667000001,0.0,0,756.141000000198,cloud_dataset_real
2288,686.778,31.485,0.0055000000000000005,0.0,0,756.0450000000001,cloud_dataset_real
2289,687.078,31.53000000009,0.005666666667,0.0,0,756.444000000198,cloud_dataset_real
2290,687.378,31.66500000009,0.006166666667000001,0.0,0,757.0410000001981,cloud_dataset_real
2291,687.678,31.57499999991,0.005833333333,0.0,0,757.142999999802,cloud_dataset_real
2292,687.978,31.80000000009,0.006666666666999999,0.0,0,757.9380000001979,cloud_dataset_real
2293,688.279,31.93500000009,0.007166666667,0.0,0,758.536000000198,cloud_dataset_real
2294,688.579,31.70999999991,0.006333333333,0.0,0,758.340999999802,cloud_dataset_real
2295,688.879,31.53000000009,0.005666666667,0.0,0,758.245000000198,cloud_dataset_real
2296,689.179,31.62,0.006,0.0,0,758.7429999999999,cloud_dataset_real
2297,689.479,31.70999999991,0.006333333333,0.0,0,759.240999999802,cloud_dataset_real
2298,689.779,31.62,0.006,0.0,0,759.343,cloud_dataset_real
2299,690.079,31.66500000009,0.006166666667000001,0.0,0,759.742000000198,cloud_dataset_real
2300,690.379,31.485,0.0055000000000000005,0.0,0,759.6460000000001,cloud_dataset_real
2301,690.679,31.35,0.005,0.0,0,759.649,cloud_dataset_real
2302,690.979,31.70999999991,0.006333333333,0.0,0,760.740999999802,cloud_dataset_real
2303,691.279,31.57499999991,0.005833333333,0.0041943,0,760.743999999802,cloud_dataset_real
2304,691.579,31.70999999991,0.006333333333,0.0,0,761.340999999802,cloud_dataset_real
2305,691.879,31.97999999991,0.007333333332999999,0.0,0,762.2349999998021,cloud_dataset_real
2306,692.179,31.57499999991,0.005833333333,0.0,0,761.643999999802,cloud_dataset_real
2307,692.479,31.53000000009,0.005666666667,0.0,0,761.8450000001981,cloud_dataset_real
2308,692.779,31.62,0.006,0.0,0,762.343,cloud_dataset_real
2309,693.079,31.755,0.006500000000000001,0.00349525,0,762.9399999999999,cloud_dataset_real
2310,693.379,31.97999999991,0.007333333332999999,0.00209715,0,763.7349999998021,cloud_dataset_real
2311,693.679,31.66500000009,0.006166666667000001,0.0,0,763.342000000198,cloud_dataset_real
2312,693.979,31.53000000009,0.005666666667,0.0,0,763.3450000001981,cloud_dataset_real
2313,694.279,31.35,0.005,0.0,0,763.249,cloud_dataset_real
2314,694.579,31.53000000009,0.005666666667,0.0,0,763.945000000198,cloud_dataset_real
2315,694.879,31.62,0.006,0.0,0,764.443,cloud_dataset_real
2316,695.179,31.53000000009,0.005666666667,0.0,0,764.545000000198,cloud_dataset_real
2317,695.479,31.66500000009,0.006166666667000001,0.0041943,0,765.1420000001981,cloud_dataset_real
2318,695.779,31.89,0.006999999999999999,0.0,0,765.937,cloud_dataset_real
2319,696.079,31.35,0.005,0.0,0,765.049,cloud_dataset_real
2320,696.38,31.755,0.006500000000000001,0.0,0,766.241,cloud_dataset_real
2321,696.68,31.70999999991,0.006333333333,0.0,0,766.441999999802,cloud_dataset_real
2322,696.98,31.485,0.0055000000000000005,0.0,0,766.2470000000001,cloud_dataset_real
2323,697.28,31.66500000009,0.006166666667000001,0.0,0,766.943000000198,cloud_dataset_real
2324,697.58,31.66500000009,0.006166666667000001,0.00209715,0,767.2430000001981,cloud_dataset_real
2325,697.88,31.39500000009,0.005166666667000001,0.0027962,0,766.949000000198,cloud_dataset_real
2326,698.18,31.53000000009,0.005666666667,0.0,0,767.546000000198,cloud_dataset_real
2327,698.48,31.66500000009,0.006166666667000001,0.0,0,768.1430000001981,cloud_dataset_real
2328,698.78,31.53000000009,0.005666666667,0.0,0,768.146000000198,cloud_dataset_real
2329,699.08,31.57499999991,0.005833333333,0.0,0,768.544999999802,cloud_dataset_real
2330,699.38,31.53000000009,0.005666666667,0.0,0,768.746000000198,cloud_dataset_real
2331,699.68,31.43999999991,0.005333333333,0.0,0,768.8479999998019,cloud_dataset_real
2332,700.279,31.70999999991,0.006333333333,0.0,0,770.040999999802,cloud_dataset_real
2333,700.579,31.66500000009,0.006166666667000001,0.0,0,770.242000000198,cloud_dataset_real
2334,700.879,31.66500000009,0.006166666667000001,0.0,0,770.5420000001981,cloud_dataset_real
2335,701.179,31.84499999991,0.006833333333,0.0,0,771.237999999802,cloud_dataset_real
2336,701.479,31.53000000009,0.005666666667,0.0,0,770.8450000001981,cloud_dataset_real
2337,701.779,31.43999999991,0.005333333333,0.00209715,0,770.946999999802,cloud_dataset_real
2338,702.079,31.755,0.006500000000000001,0.0027962,0,771.9399999999999,cloud_dataset_real
2339,702.379,31.755,0.006500000000000001,0.0,0,772.24,cloud_dataset_real
2340,702.68,31.35,0.005,0.00209715,0,771.65,cloud_dataset_real
2341,702.98,31.485,0.0055000000000000005,0.0,0,772.2470000000001,cloud_dataset_real
2342,703.28,31.62,0.006,0.0,0,772.8439999999999,cloud_dataset_real
2343,703.58,31.39500000009,0.005166666667000001,0.0,0,772.649000000198,cloud_dataset_real
2344,703.88,31.62,0.006,0.0,0,773.444,cloud_dataset_real
2345,704.18,31.755,0.006500000000000001,0.0,0,774.0409999999999,cloud_dataset_real
2346,704.48,31.485,0.0055000000000000005,0.0,0,773.7470000000001,cloud_dataset_real
2347,704.78,31.57499999991,0.005833333333,0.0,0,774.244999999802,cloud_dataset_real
2348,705.08,31.70999999991,0.006333333333,0.0,0,774.841999999802,cloud_dataset_real
2349,705.38,31.43999999991,0.005333333333,0.0,0,774.547999999802,cloud_dataset_real
2350,705.68,31.485,0.0055000000000000005,0.0,0,774.947,cloud_dataset_real
2351,705.98,31.80000000009,0.006666666666999999,0.0041943,0,775.940000000198,cloud_dataset_real
2352,706.28,31.62,0.006,0.00209715,0,775.8439999999999,cloud_dataset_real
2353,706.58,31.53000000009,0.005666666667,0.0,0,775.9460000001981,cloud_dataset_real
2354,706.88,31.485,0.0055000000000000005,0.0,0,776.147,cloud_dataset_real
2355,707.18,31.35,0.005,0.0,0,776.15,cloud_dataset_real
2356,707.48,31.62,0.006,0.0,0,777.044,cloud_dataset_real
2357,707.78,31.70999999991,0.006333333333,0.0,0,777.541999999802,cloud_dataset_real
2358,708.08,31.43999999991,0.005333333333,0.0,0,777.247999999802,cloud_dataset_real
2359,708.38,31.485,0.0055000000000000005,0.0,0,777.647,cloud_dataset_real
2360,708.68,31.57499999991,0.005833333333,0.0,0,778.1449999998019,cloud_dataset_real
2361,708.98,31.39500000009,0.005166666667000001,0.0,0,778.049000000198,cloud_dataset_real
2362,709.28,31.97999999991,0.007333333332999999,0.0,0,779.6359999998019,cloud_dataset_real
2363,709.58,31.93500000009,0.007166666667,0.0,0,779.837000000198,cloud_dataset_real
2364,709.88,31.80000000009,0.006666666666999999,0.0,0,779.840000000198,cloud_dataset_real
2365,710.18,31.62,0.006,0.0,0,779.7439999999999,cloud_dataset_real
2366,710.48,31.35,0.005,0.0,0,779.45,cloud_dataset_real
2367,710.781,31.57499999991,0.005833333333,0.0,0,780.2459999998019,cloud_dataset_real
2368,711.081,31.84499999991,0.006833333333,0.0,0,781.1399999998021,cloud_dataset_real
2369,711.381,31.97999999991,0.007333333332999999,0.0,0,781.736999999802,cloud_dataset_real
2370,711.681,31.84499999991,0.006833333333,0.0,0,781.7399999998021,cloud_dataset_real
2371,711.981,33.05999999991,0.011333333333,0.0069905,0,784.712999999802,cloud_dataset_real
2372,712.281,31.57499999991,0.005833333333,0.0013981,0,781.7459999998019,cloud_dataset_real
2373,712.581,31.57499999991,0.005833333333,0.0,0,782.045999999802,cloud_dataset_real
2374,712.881,32.025,0.0075,0.0,0,783.336,cloud_dataset_real
2375,713.181,31.93500000009,0.007166666667,0.0,0,783.438000000198,cloud_dataset_real
2376,713.481,31.84499999991,0.006833333333,0.0,0,783.539999999802,cloud_dataset_real
2377,713.781,31.70999999991,0.006333333333,0.0,0,783.542999999802,cloud_dataset_real
2378,714.081,31.62,0.006,0.0,0,783.645,cloud_dataset_real
2379,714.381,31.66500000009,0.006166666667000001,0.0,0,784.044000000198,cloud_dataset_real
2380,714.681,31.43999999991,0.005333333333,0.0,0,783.848999999802,cloud_dataset_real
2381,714.981,31.66500000009,0.006166666667000001,0.0,0,784.644000000198,cloud_dataset_real
2382,715.281,31.53000000009,0.005666666667,0.0,0,784.647000000198,cloud_dataset_real
2383,715.581,31.39500000009,0.005166666667000001,0.0,0,784.650000000198,cloud_dataset_real
2384,715.881,31.57499999991,0.005833333333,0.0,0,785.345999999802,cloud_dataset_real
2385,716.181,31.66500000009,0.006166666667000001,0.0,0,785.8440000001981,cloud_dataset_real
2386,716.481,31.80000000009,0.006666666666999999,0.0,0,786.441000000198,cloud_dataset_real
2387,716.781,31.89,0.006999999999999999,0.0,0,786.939,cloud_dataset_real
2388,717.081,31.755,0.006500000000000001,0.0,0,786.942,cloud_dataset_real
2389,717.381,31.485,0.0055000000000000005,0.0,0,786.648,cloud_dataset_real
2390,717.681,31.485,0.0055000000000000005,0.0,0,786.9480000000001,cloud_dataset_real
2391,717.981,31.66500000009,0.006166666667000001,0.0,0,787.644000000198,cloud_dataset_real
2392,718.281,31.39500000009,0.005166666667000001,0.0,0,787.350000000198,cloud_dataset_real
2393,718.581,31.80000000009,0.006666666666999999,0.0,0,788.541000000198,cloud_dataset_real
2394,718.881,31.66500000009,0.006166666667000001,0.0,0,788.544000000198,cloud_dataset_real
2395,719.181,31.43999999991,0.005333333333,0.0,0,788.348999999802,cloud_dataset_real
2396,719.481,31.62,0.006,0.0013981,0,789.045,cloud_dataset_real
2397,719.781,31.66500000009,0.006166666667000001,0.00349525,0,789.444000000198,cloud_dataset_real
2398,720.082,31.57499999991,0.005833333333,0.0,0,789.546999999802,cloud_dataset_real
2399,720.382,31.84499999991,0.006833333333,0.0,0,790.440999999802,cloud_dataset_real
2400,720.682,31.84499999991,0.006833333333,0.0,0,790.740999999802,cloud_dataset_real
2401,720.982,31.39500000009,0.005166666667000001,0.0,0,790.051000000198,cloud_dataset_real
2402,721.282,31.755,0.006500000000000001,0.0,0,791.143,cloud_dataset_real
2403,721.582,32.025,0.0075,0.0,0,792.037,cloud_dataset_real
2404,721.882,31.53000000009,0.005666666667,0.0,0,791.248000000198,cloud_dataset_real
2405,722.182,31.66500000009,0.006166666667000001,0.0,0,791.8450000001981,cloud_dataset_real
2406,722.482,31.62,0.006,0.0,0,792.0459999999999,cloud_dataset_real
2407,722.782,31.66500000009,0.006166666667000001,0.0,0,792.4450000001981,cloud_dataset_real
2408,723.082,31.755,0.006500000000000001,0.0,0,792.943,cloud_dataset_real
2409,723.383,31.89,0.006999999999999999,0.0,0,793.541,cloud_dataset_real
2410,723.683,31.80000000009,0.006666666666999999,0.0,0,793.643000000198,cloud_dataset_real
2411,723.983,31.485,0.0055000000000000005,0.0,0,793.25,cloud_dataset_real
2412,724.283,31.93500000009,0.007166666667,0.0,0,794.540000000198,cloud_dataset_real
2413,724.583,31.53000000009,0.005666666667,0.0,0,793.949000000198,cloud_dataset_real
2414,724.883,31.755,0.006500000000000001,0.0,0,794.744,cloud_dataset_real
2415,725.183,31.80000000009,0.006666666666999999,0.0,0,795.143000000198,cloud_dataset_real
2416,725.483,31.70999999991,0.006333333333,0.0,0,795.244999999802,cloud_dataset_real
2417,725.783,31.57499999991,0.005833333333,0.0,0,795.247999999802,cloud_dataset_real
2418,726.083,31.57499999991,0.005833333333,0.0,0,795.547999999802,cloud_dataset_real
2419,726.383,31.53000000009,0.005666666667,0.0,0,795.7490000001981,cloud_dataset_real
2420,726.683,31.35,0.005,0.0,0,795.653,cloud_dataset_real
2421,726.983,31.70999999991,0.006333333333,0.0,0,796.744999999802,cloud_dataset_real
2422,727.283,31.70999999991,0.006333333333,0.0,0,797.044999999802,cloud_dataset_real
2423,727.583,31.70999999991,0.006333333333,0.0,0,797.344999999802,cloud_dataset_real
2424,727.883,31.80000000009,0.006666666666999999,0.0,0,797.843000000198,cloud_dataset_real
2425,728.183,31.53000000009,0.005666666667,0.0,0,797.549000000198,cloud_dataset_real
2426,728.483,31.44642857139,0.005357142857,0.0,0,797.665142857058,cloud_dataset_real
2427,728.783,31.62,0.006,0.0,0,798.347,cloud_dataset_real
2428,729.083,31.62,0.006,0.0,0,798.6469999999999,cloud_dataset_real
2429,729.383,31.39500000009,0.005166666667000001,0.0,0,798.452000000198,cloud_dataset_real
2430,729.683,31.43999999991,0.005333333333,0.0041943,0,798.850999999802,cloud_dataset_real
2431,729.983,31.84499999991,0.006833333333,0.0013981,0,800.041999999802,cloud_dataset_real
2432,730.283,31.62,0.006,0.0,0,799.847,cloud_dataset_real
2433,730.583,31.84499999991,0.006833333333,0.0,0,800.641999999802,cloud_dataset_real
2434,730.883,31.80000000009,0.006666666666999999,0.0,0,800.843000000198,cloud_dataset_real
2435,731.183,31.43999999991,0.005333333333,0.0,0,800.350999999802,cloud_dataset_real
2436,731.483,31.57499999991,0.005833333333,0.0,0,800.9479999998019,cloud_dataset_real
2437,731.783,31.57499999991,0.005833333333,0.0,0,801.247999999802,cloud_dataset_real
2438,732.083,31.43999999991,0.005333333333,0.0,0,801.2509999998019,cloud_dataset_real
2439,732.384,31.485,0.0055000000000000005,0.0,0,801.6510000000001,cloud_dataset_real
2440,732.683,31.70999999991,0.006333333333,0.0,0,802.444999999802,cloud_dataset_real
2441,732.983,31.57499999991,0.005833333333,0.0,0,802.4479999998019,cloud_dataset_real
2442,733.283,31.57499999991,0.005833333333,0.0,0,802.747999999802,cloud_dataset_real
2443,733.583,31.66500000009,0.006166666667000001,0.0,0,803.246000000198,cloud_dataset_real
2444,733.883,31.39500000009,0.005166666667000001,0.0,0,802.952000000198,cloud_dataset_real
2445,734.183,31.62,0.006,0.0,0,803.747,cloud_dataset_real
2446,734.483,31.93500000009,0.007166666667,0.0,0,804.7400000001979,cloud_dataset_real
2447,734.783,31.66500000009,0.006166666667000001,0.0,0,804.4460000001981,cloud_dataset_real
2448,735.083,31.53000000009,0.005666666667,0.0,0,804.449000000198,cloud_dataset_real
2449,735.383,31.485,0.0055000000000000005,0.0,0,804.6500000000001,cloud_dataset_real
2450,735.683,31.57499999991,0.005833333333,0.0,0,805.147999999802,cloud_dataset_real
2451,735.983,31.62,0.006,0.0,0,805.5469999999999,cloud_dataset_real
2452,736.283,31.70999999991,0.006333333333,0.0,0,806.044999999802,cloud_dataset_real
2453,736.583,31.66500000009,0.006166666667000001,0.0,0,806.246000000198,cloud_dataset_real
2454,736.883,31.43999999991,0.005333333333,0.0,0,806.050999999802,cloud_dataset_real
2455,737.183,31.62,0.006,0.0,0,806.747,cloud_dataset_real
2456,737.483,31.62,0.006,0.0,0,807.0469999999999,cloud_dataset_real
2457,737.783,31.89,0.006999999999999999,0.0,0,807.941,cloud_dataset_real
2458,738.083,31.89,0.006999999999999999,0.0,0,808.241,cloud_dataset_real
2459,738.383,33.28500000009,0.012166666666999998,0.01607815,0,811.610000000198,cloud_dataset_real
2460,738.683,31.53000000009,0.005666666667,0.00629145,0,808.049000000198,cloud_dataset_real
2461,738.984,31.485,0.0055000000000000005,0.0041943,0,808.2510000000001,cloud_dataset_real
2462,739.284,31.53000000009,0.005666666667,0.0,0,808.650000000198,cloud_dataset_real
2463,739.584,31.485,0.0055000000000000005,0.0,0,808.851,cloud_dataset_real
2464,739.884,31.62,0.006,0.0,0,809.448,cloud_dataset_real
2465,740.184,31.43999999991,0.005333333333,0.0,0,809.3519999998019,cloud_dataset_real
2466,740.484,31.35,0.005,0.0,0,809.4540000000001,cloud_dataset_real
2467,740.784,31.485,0.0055000000000000005,0.0,0,810.051,cloud_dataset_real
2468,741.084,31.62,0.006,0.0,0,810.6479999999999,cloud_dataset_real
2469,741.384,31.53000000009,0.005666666667,0.0,0,810.750000000198,cloud_dataset_real
2470,741.684,32.025,0.0075,0.0,0,812.139,cloud_dataset_real
2471,741.984,31.89,0.006999999999999999,0.0041943,0,812.142,cloud_dataset_real
2472,742.284,31.53000000009,0.005666666667,0.00209715,0,811.650000000198,cloud_dataset_real
2473,742.584,31.57499999991,0.005833333333,0.0,0,812.0489999998019,cloud_dataset_real
2474,742.884,31.93500000009,0.007166666667,0.0,0,813.141000000198,cloud_dataset_real
2475,743.184,31.89,0.006999999999999999,0.0,0,813.342,cloud_dataset_real
2476,743.484,31.84499999991,0.006833333333,0.0,0,813.5429999998021,cloud_dataset_real
2477,743.784,31.70999999991,0.006333333333,0.0,0,813.545999999802,cloud_dataset_real
2478,744.084,31.43999999991,0.005333333333,0.0,0,813.2519999998019,cloud_dataset_real
2479,744.384,31.66500000009,0.006166666667000001,0.0,0,814.0470000001981,cloud_dataset_real
2480,744.684,31.66500000009,0.006166666667000001,0.0,0,814.347000000198,cloud_dataset_real
2481,744.984,31.70999999991,0.006333333333,0.0,0,814.745999999802,cloud_dataset_real
2482,745.284,31.62,0.006,0.0,0,814.848,cloud_dataset_real
2483,745.584,31.66500000009,0.006166666667000001,0.0,0,815.247000000198,cloud_dataset_real
2484,745.884,31.39500000009,0.005166666667000001,0.0,0,814.953000000198,cloud_dataset_real
2485,746.184,31.485,0.0055000000000000005,0.0,0,815.451,cloud_dataset_real
2486,746.484,31.93500000009,0.007166666667,0.0,0,816.741000000198,cloud_dataset_real
2487,746.785,31.89,0.006999999999999999,0.0,0,816.943,cloud_dataset_real
2488,747.085,31.66500000009,0.006166666667000001,0.0,0,816.7480000001981,cloud_dataset_real
2489,747.385,31.62,0.006,0.0,0,816.949,cloud_dataset_real
2490,747.685,31.43999999991,0.005333333333,0.0,0,816.8529999998019,cloud_dataset_real
2491,747.985,31.43999999991,0.005333333333,0.0,0,817.152999999802,cloud_dataset_real
2492,748.285,31.62,0.006,0.0,0,817.8489999999999,cloud_dataset_real
2493,748.585,31.66500000009,0.006166666667000001,0.0,0,818.2480000001981,cloud_dataset_real
2494,748.885,31.485,0.0055000000000000005,0.0,0,818.152,cloud_dataset_real
2495,749.185,31.755,0.006500000000000001,0.0,0,819.0459999999999,cloud_dataset_real
2496,749.485,31.485,0.0055000000000000005,0.0,0,818.7520000000001,cloud_dataset_real
2497,749.785,31.43999999991,0.005333333333,0.0,0,818.9529999998019,cloud_dataset_real
2498,750.085,31.70999999991,0.006333333333,0.0,0,819.846999999802,cloud_dataset_real
2499,750.385,31.84499999991,0.006833333333,0.0,0,820.443999999802,cloud_dataset_real
2500,750.685,31.53000000009,0.005666666667,0.0,0,820.051000000198,cloud_dataset_real
2501,750.985,31.66500000009,0.006166666667000001,0.0,0,820.6480000001981,cloud_dataset_real
2502,751.285,31.62,0.006,0.0,0,820.8489999999999,cloud_dataset_real
2503,751.585,31.485,0.0055000000000000005,0.0,0,820.8520000000001,cloud_dataset_real
2504,751.885,31.70999999991,0.006333333333,0.0,0,821.646999999802,cloud_dataset_real
2505,752.185,31.66500000009,0.006166666667000001,0.00209715,0,821.848000000198,cloud_dataset_real
2506,752.485,31.485,0.0055000000000000005,0.0,0,821.7520000000001,cloud_dataset_real
2507,752.785,31.57499999991,0.005833333333,0.0,0,822.249999999802,cloud_dataset_real
2508,753.085,31.43999999991,0.005333333333,0.0,0,822.252999999802,cloud_dataset_real
2509,753.385,31.35,0.005,0.0,0,822.355,cloud_dataset_real
2510,753.685,31.755,0.006500000000000001,0.0,0,823.5459999999999,cloud_dataset_real
2511,753.985,31.70999999991,0.006333333333,0.0,0,823.746999999802,cloud_dataset_real
2512,754.285,31.43999999991,0.005333333333,0.0,0,823.4529999998019,cloud_dataset_real
2513,754.586,31.485,0.0055000000000000005,0.0,0,823.8530000000001,cloud_dataset_real
2514,754.886,31.53000000009,0.005666666667,0.0,0,824.252000000198,cloud_dataset_real
2515,755.186,31.35,0.005,0.0,0,824.1560000000001,cloud_dataset_real
2516,755.486,31.84499999991,0.006833333333,0.0,0,825.544999999802,cloud_dataset_real
2517,755.786,31.97999999991,0.007333333332999999,0.0,0,826.141999999802,cloud_dataset_real
2518,756.086,31.62,0.006,0.0,0,825.65,cloud_dataset_real
2519,756.386,31.53000000009,0.005666666667,0.0,0,825.752000000198,cloud_dataset_real
2520,756.686,31.43999999991,0.005333333333,0.0,0,825.853999999802,cloud_dataset_real
2521,756.986,31.57499999991,0.005833333333,0.0,0,826.450999999802,cloud_dataset_real
2522,757.286,31.66500000009,0.006166666667000001,0.0,0,826.949000000198,cloud_dataset_real
2523,757.586,31.66500000009,0.006166666667000001,0.0,0,827.2490000001981,cloud_dataset_real
2524,757.886,31.43999999991,0.005333333333,0.0,0,827.0539999998019,cloud_dataset_real
2525,758.186,31.39500000009,0.005166666667000001,0.0,0,827.255000000198,cloud_dataset_real
2526,758.486,31.80000000009,0.006666666666999999,0.0,0,828.446000000198,cloud_dataset_real
2527,758.786,31.53000000009,0.005666666667,0.0,0,828.152000000198,cloud_dataset_real
2528,759.086,31.66500000009,0.006166666667000001,0.0,0,828.7490000001981,cloud_dataset_real
2529,759.386,31.89,0.006999999999999999,0.0013981,0,829.544,cloud_dataset_real
2530,759.686,31.62,0.006,0.00069905,0,829.25,cloud_dataset_real
2531,759.986,31.39500000009,0.005166666667000001,0.0,0,829.055000000198,cloud_dataset_real
2532,760.286,147.04500000000002,0.4335,0.01747625,1,1039.6715,cloud_dataset_real
2533,760.586,138.58500000009002,0.402166666667,0.0538268666671875,1,1023.897500000171,cloud_dataset_real
2534,760.886,31.62,0.006,0.0356515625,0,830.4499999999999,cloud_dataset_real
2535,761.186,31.755,0.006500000000000001,0.0,0,831.047,cloud_dataset_real
2536,761.486,31.62,0.006,0.0,0,831.05,cloud_dataset_real
2537,761.786,31.485,0.0055000000000000005,0.0,0,831.053,cloud_dataset_real
2538,762.086,31.62,0.006,0.0,0,831.65,cloud_dataset_real
2539,762.386,31.57499999991,0.005833333333,0.0,0,831.850999999802,cloud_dataset_real
2540,762.686,31.89,0.006999999999999999,0.0,0,832.844,cloud_dataset_real
2541,762.986,31.89,0.006999999999999999,0.0,0,833.144,cloud_dataset_real
2542,763.286,31.53000000009,0.005666666667,0.0,0,832.652000000198,cloud_dataset_real
2543,763.586,31.39500000009,0.005166666667000001,0.0,0,832.655000000198,cloud_dataset_real
2544,763.886,31.62,0.006,0.0,0,833.4499999999999,cloud_dataset_real
2545,764.186,31.755,0.006500000000000001,0.0,0,834.047,cloud_dataset_real
2546,764.486,31.57499999991,0.005833333333,0.0,0,833.950999999802,cloud_dataset_real
2547,764.786,31.70999999991,0.006333333333,0.0,0,834.547999999802,cloud_dataset_real
2548,765.086,31.53000000009,0.005666666667,0.0,0,834.452000000198,cloud_dataset_real
2549,765.386,31.43999999991,0.005333333333,0.0,0,834.5539999998019,cloud_dataset_real
2550,765.686,31.70999999991,0.006333333333,0.0,0,835.447999999802,cloud_dataset_real
2551,765.986,31.70999999991,0.006333333333,0.0,0,835.747999999802,cloud_dataset_real
2552,766.286,31.53000000009,0.005666666667,0.0,0,835.652000000198,cloud_dataset_real
2553,766.586,31.84499999991,0.006833333333,0.0,0,836.644999999802,cloud_dataset_real
2554,766.886,31.70999999991,0.006333333333,0.0,0,836.647999999802,cloud_dataset_real
2555,767.186,31.43999999991,0.005333333333,0.0,0,836.353999999802,cloud_dataset_real
2556,767.486,31.485,0.0055000000000000005,0.0,0,836.753,cloud_dataset_real
2557,767.786,31.66500000009,0.006166666667000001,0.0,0,837.449000000198,cloud_dataset_real
2558,768.086,31.43999999991,0.005333333333,0.0,0,837.253999999802,cloud_dataset_real
2559,768.386,31.66500000009,0.006166666667000001,0.0,0,838.049000000198,cloud_dataset_real
2560,768.686,31.53000000009,0.005666666667,0.0,0,838.0520000001981,cloud_dataset_real
2561,768.986,31.43999999991,0.005333333333,0.0,0,838.153999999802,cloud_dataset_real
2562,769.286,31.485,0.0055000000000000005,0.0013981,0,838.553,cloud_dataset_real
2563,769.586,31.66500000009,0.006166666667000001,0.00069905,0,839.2490000001981,cloud_dataset_real
2564,769.886,31.66500000009,0.006166666667000001,0.0,0,839.549000000198,cloud_dataset_real
2565,770.186,31.57499999991,0.005833333333,0.0,0,839.650999999802,cloud_dataset_real
2566,770.486,31.755,0.006500000000000001,0.0,0,840.347,cloud_dataset_real
2567,770.786,31.485,0.0055000000000000005,0.0,0,840.053,cloud_dataset_real
2568,771.086,31.57499999991,0.005833333333,0.0,0,840.550999999802,cloud_dataset_real
2569,771.386,31.62,0.006,0.0,0,840.9499999999999,cloud_dataset_real
2570,771.686,31.59107142861,0.0058928571429999995,0.0,0,841.186357142942,cloud_dataset_real
2571,771.986,31.62,0.006,0.0,0,841.55,cloud_dataset_real
2572,772.286,31.66500000009,0.006166666667000001,0.0,0,841.949000000198,cloud_dataset_real
2573,772.586,31.70999999991,0.006333333333,0.0,0,842.347999999802,cloud_dataset_real
2574,772.886,31.43999999991,0.005333333333,0.0,0,842.0539999998019,cloud_dataset_real
2575,773.186,31.84499999991,0.006833333333,0.0,0,843.2449999998021,cloud_dataset_real
2576,773.486,31.755,0.006500000000000001,0.0,0,843.347,cloud_dataset_real
2577,773.787,31.70999999991,0.006333333333,0.00349525,0,843.548999999802,cloud_dataset_real
2578,774.087,31.485,0.0055000000000000005,0.00209715,0,843.354,cloud_dataset_real
2579,774.387,31.485,0.0055000000000000005,0.0,0,843.654,cloud_dataset_real
2580,774.687,31.43999999991,0.005333333333,0.0,0,843.854999999802,cloud_dataset_real
2581,774.987,31.70999999991,0.006333333333,0.0,0,844.748999999802,cloud_dataset_real
2582,775.287,31.80000000009,0.006666666666999999,0.0,0,845.247000000198,cloud_dataset_real
2583,775.587,31.57499999991,0.005833333333,0.0,0,845.051999999802,cloud_dataset_real
2584,775.887,31.62,0.006,0.0,0,845.4509999999999,cloud_dataset_real
2585,776.187,31.755,0.006500000000000001,0.0,0,846.048,cloud_dataset_real
2586,776.487,31.39500000009,0.005166666667000001,0.0,0,845.556000000198,cloud_dataset_real
2587,776.787,31.57499999991,0.005833333333,0.0,0,846.251999999802,cloud_dataset_real
2588,777.087,31.70999999991,0.006333333333,0.0,0,846.848999999802,cloud_dataset_real
2589,777.387,31.43999999991,0.005333333333,0.0,0,846.5549999998019,cloud_dataset_real
2590,777.687,31.70999999991,0.006333333333,0.0,0,847.448999999802,cloud_dataset_real
2591,777.987,31.93500000009,0.007166666667,0.0,0,848.244000000198,cloud_dataset_real
2592,778.287,31.485,0.0055000000000000005,0.0,0,847.5540000000001,cloud_dataset_real
2593,778.587,31.6875,0.00625,0.0,0,848.2995,cloud_dataset_real
2594,778.887,31.755,0.006500000000000001,0.0,0,848.7479999999999,cloud_dataset_real
2595,779.187,31.485,0.0055000000000000005,0.0027962,0,848.4540000000001,cloud_dataset_real
2596,779.487,31.485,0.0055000000000000005,0.00489335,0,848.754,cloud_dataset_real
2597,779.787,31.755,0.006500000000000001,0.0,0,849.648,cloud_dataset_real
2598,780.087,31.43999999991,0.005333333333,0.0,0,849.254999999802,cloud_dataset_real
2599,780.387,31.80000000009,0.006666666666999999,0.0,0,850.3470000001979,cloud_dataset_real
2600,780.687,31.84499999991,0.006833333333,0.0,0,850.745999999802,cloud_dataset_real
2601,780.987,31.485,0.0055000000000000005,0.0,0,850.254,cloud_dataset_real
2602,781.287,31.53000000009,0.005666666667,0.0,0,850.6530000001981,cloud_dataset_real
2603,781.587,31.53000000009,0.005666666667,0.0,0,850.953000000198,cloud_dataset_real
2604,781.887,31.485,0.0055000000000000005,0.0,0,851.154,cloud_dataset_real
2605,782.187,31.62,0.006,0.0,0,851.751,cloud_dataset_real
2606,782.487,31.755,0.006500000000000001,0.0,0,852.348,cloud_dataset_real
2607,782.787,31.57499999991,0.005833333333,0.0,0,852.251999999802,cloud_dataset_real
2608,783.087,31.39500000009,0.005166666667000001,0.0,0,852.156000000198,cloud_dataset_real
2609,783.388,31.66500000009,0.006166666667000001,0.0,0,853.0510000001981,cloud_dataset_real
2610,783.688,31.66500000009,0.006166666667000001,0.0,0,853.351000000198,cloud_dataset_real
2611,783.988,31.755,0.006500000000000001,0.0,0,853.849,cloud_dataset_real
2612,784.288,31.62,0.006,0.0,0,853.852,cloud_dataset_real
2613,784.588,31.53000000009,0.005666666667,0.0,0,853.954000000198,cloud_dataset_real
2614,784.888,31.35,0.005,0.0,0,853.8580000000001,cloud_dataset_real
2615,785.188,31.43999999991,0.005333333333,0.0,0,854.355999999802,cloud_dataset_real
2616,785.488,31.485,0.0055000000000000005,0.0,0,854.7550000000001,cloud_dataset_real
2617,785.788,31.43999999991,0.005333333333,0.0,0,854.955999999802,cloud_dataset_real
2618,786.088,31.80000000009,0.006666666666999999,0.0,0,856.0480000001979,cloud_dataset_real
2619,786.388,31.485,0.0055000000000000005,0.0,0,855.6550000000001,cloud_dataset_real
2620,786.688,31.35,0.005,0.0,0,855.658,cloud_dataset_real
2621,786.988,31.62,0.006,0.0,0,856.552,cloud_dataset_real
2622,787.288,31.62,0.006,0.0,0,856.852,cloud_dataset_real
2623,787.588,32.34000000009,0.008666666667,0.0013981,0,858.7360000001979,cloud_dataset_real
2624,787.888,32.78999999991,0.010333333333000001,0.0111848,0,860.025999999802,cloud_dataset_real
2625,788.188,31.73571428583,0.006428571429,0.0,0,858.006571428826,cloud_dataset_real
2626,788.488,31.43999999991,0.005333333333,0.0041943,0,857.655999999802,cloud_dataset_real
2627,788.788,31.53000000009,0.005666666667,0.0,0,858.154000000198,cloud_dataset_real
2628,789.088,31.73571428583,0.006428571429,0.0,0,858.9065714288259,cloud_dataset_real
2629,789.388,31.62,0.006,0.0,0,858.952,cloud_dataset_real
2630,789.688,31.70999999991,0.006333333333,0.0,0,859.449999999802,cloud_dataset_real
2631,789.988,31.70999999991,0.006333333333,0.0,0,859.7499999998021,cloud_dataset_real
2632,790.288,31.35,0.005,0.0013981,0,859.258,cloud_dataset_real
2633,790.588,31.57499999991,0.005833333333,0.00209715,0,860.052999999802,cloud_dataset_real
2634,790.889,31.70999999991,0.006333333333,0.0,0,860.650999999802,cloud_dataset_real
2635,791.189,31.57499999991,0.005833333333,0.0,0,860.653999999802,cloud_dataset_real
2636,791.489,31.62,0.006,0.0013981,0,861.053,cloud_dataset_real
2637,791.789,31.70999999991,0.006333333333,0.00069905,0,861.550999999802,cloud_dataset_real
2638,792.089,31.39500000009,0.005166666667000001,0.0,0,861.1580000001981,cloud_dataset_real
2639,792.389,31.70999999991,0.006333333333,0.0,0,862.150999999802,cloud_dataset_real
2640,792.689,31.97999999991,0.007333333332999999,0.0,0,863.044999999802,cloud_dataset_real
2641,792.989,31.57499999991,0.005833333333,0.0,0,862.453999999802,cloud_dataset_real
2642,793.289,31.62,0.006,0.0,0,862.853,cloud_dataset_real
2643,793.589,31.485,0.0055000000000000005,0.0,0,862.8560000000001,cloud_dataset_real
2644,793.889,31.485,0.0055000000000000005,0.0,0,863.1560000000001,cloud_dataset_real
2645,794.189,31.485,0.0055000000000000005,0.0,0,863.456,cloud_dataset_real
2646,794.489,31.70999999991,0.006333333333,0.0,0,864.250999999802,cloud_dataset_real
2647,794.789,31.73571428583,0.006428571429,0.0,0,864.607571428826,cloud_dataset_real
2648,795.089,31.57499999991,0.005833333333,0.0,0,864.553999999802,cloud_dataset_real
2649,795.389,31.66500000009,0.006166666667000001,0.0,0,865.0520000001981,cloud_dataset_real
2650,795.689,31.485,0.0055000000000000005,0.0,0,864.956,cloud_dataset_real
2651,795.989,31.485,0.0055000000000000005,0.0,0,865.2560000000001,cloud_dataset_real
2652,796.289,31.70999999991,0.006333333333,0.0,0,866.050999999802,cloud_dataset_real
2653,796.589,31.70999999991,0.006333333333,0.0,0,866.3509999998021,cloud_dataset_real
2654,796.89,31.66500000009,0.006166666667000001,0.0,0,866.553000000198,cloud_dataset_real
2655,797.19,31.63928571417,0.006071428571,0.0,0,866.796428571174,cloud_dataset_real
2656,797.49,31.53000000009,0.005666666667,0.0,0,866.856000000198,cloud_dataset_real
2657,797.79,31.39500000009,0.005166666667000001,0.0,0,866.859000000198,cloud_dataset_real
2658,798.089,31.62,0.006,0.0,0,867.653,cloud_dataset_real
2659,798.389,32.88000000009,0.010666666667,0.00209715,0,870.7250000001981,cloud_dataset_real
2660,798.689,31.54285714278,0.005714285714,0.0089877857140625,0,868.083285714116,cloud_dataset_real
2661,798.989,31.80000000009,0.006666666666999999,0.0041943,0,868.949000000198,cloud_dataset_real
2662,799.289,31.53000000009,0.005666666667,0.0,0,868.655000000198,cloud_dataset_real
2663,799.589,31.43999999991,0.005333333333,0.0,0,868.756999999802,cloud_dataset_real
2664,799.889,31.62,0.006,0.0041943,0,869.453,cloud_dataset_real
2665,800.189,31.755,0.006500000000000001,0.00069905,0,870.05,cloud_dataset_real
2666,800.489,31.57499999991,0.005833333333,0.0,0,869.953999999802,cloud_dataset_real
2667,800.789,31.66500000009,0.006166666667000001,0.0,0,870.452000000198,cloud_dataset_real
2668,801.089,31.84499999991,0.006833333333,0.0,0,871.1479999998021,cloud_dataset_real
2669,801.389,31.84499999991,0.006833333333,0.0,0,871.447999999802,cloud_dataset_real
2670,801.689,31.89,0.006999999999999999,0.0,0,871.847,cloud_dataset_real
2671,801.989,31.80000000009,0.006666666666999999,0.0,0,871.949000000198,cloud_dataset_real
2672,802.289,31.53000000009,0.005666666667,0.0,0,871.655000000198,cloud_dataset_real
2673,802.589,31.62,0.006,0.0,0,872.153,cloud_dataset_real
2674,802.889,31.57499999991,0.005833333333,0.0,0,872.353999999802,cloud_dataset_real
2675,803.19,31.70999999991,0.006333333333,0.0,0,872.9519999998021,cloud_dataset_real
2676,803.49,31.84499999991,0.006833333333,0.0,0,873.548999999802,cloud_dataset_real
2677,803.79,31.97999999991,0.007333333332999999,0.0,0,874.1459999998019,cloud_dataset_real
2678,804.09,31.93500000009,0.007166666667,0.0,0,874.347000000198,cloud_dataset_real
2679,804.39,31.59107142861,0.0058928571429999995,0.0,0,873.890357142942,cloud_dataset_real
2680,804.69,31.755,0.006500000000000001,0.0,0,874.551,cloud_dataset_real
2681,804.99,31.57499999991,0.005833333333,0.0,0,874.454999999802,cloud_dataset_real
2682,805.29,31.66500000009,0.006166666667000001,0.00069905,0,874.953000000198,cloud_dataset_real
2683,805.59,31.73571428583,0.006428571429,0.005242875,0,875.408571428826,cloud_dataset_real
2684,805.89,31.80000000009,0.006666666666999999,0.0,0,875.850000000198,cloud_dataset_real
2685,806.19,31.49464285722,0.0055357142859999995,0.0,0,875.4782142858841,cloud_dataset_real
2686,806.49,31.53000000009,0.005666666667,0.0013981,0,875.856000000198,cloud_dataset_real
2687,806.79,31.755,0.006500000000000001,0.00069905,0,876.651,cloud_dataset_real
2688,807.09,31.57499999991,0.005833333333,0.0,0,876.554999999802,cloud_dataset_real
2689,807.39,31.84499999991,0.006833333333,0.0,0,877.448999999802,cloud_dataset_real
2690,807.691,31.80000000009,0.006666666666999999,0.0,0,877.651000000198,cloud_dataset_real
2691,807.991,31.57499999991,0.005833333333,0.0013981,0,877.455999999802,cloud_dataset_real
2692,808.291,31.66500000009,0.006166666667000001,0.00069905,0,877.9540000001981,cloud_dataset_real
2693,808.591,31.70999999991,0.006333333333,0.0,0,878.352999999802,cloud_dataset_real
2694,808.891,31.89,0.006999999999999999,0.00069905,0,879.049,cloud_dataset_real
2695,809.191,31.755,0.006500000000000001,0.00489335,0,879.052,cloud_dataset_real
2696,809.491,31.755,0.006500000000000001,0.0027962,0,879.352,cloud_dataset_real
2697,809.791,31.39500000009,0.005166666667000001,0.0027962,0,878.860000000198,cloud_dataset_real
2698,810.091,31.53000000009,0.005666666667,0.0,0,879.457000000198,cloud_dataset_real
2699,810.391,34.77000000009,0.017666666666999998,0.0,0,886.885000000198,cloud_dataset_real
2700,810.691,31.84499999991,0.006833333333,0.0,0,880.7499999998021,cloud_dataset_real
2701,810.991,31.80000000009,0.006666666666999999,0.0,0,880.951000000198,cloud_dataset_real
2702,811.291,31.485,0.0055000000000000005,0.0,0,880.5580000000001,cloud_dataset_real
2703,811.591,31.485,0.0055000000000000005,0.0,0,880.8580000000001,cloud_dataset_real
2704,811.891,31.62,0.006,0.0,0,881.4549999999999,cloud_dataset_real
2705,812.191,31.70999999991,0.006333333333,0.00209715,0,881.952999999802,cloud_dataset_real
2706,812.491,31.66500000009,0.006166666667000001,0.0,0,882.154000000198,cloud_dataset_real
2707,812.791,31.755,0.006500000000000001,0.0,0,882.652,cloud_dataset_real
2708,813.091,31.89,0.006999999999999999,0.0,0,883.249,cloud_dataset_real
2709,813.391,31.35,0.005,0.0,0,882.361,cloud_dataset_real
2710,813.691,31.53000000009,0.005666666667,0.0,0,883.0570000001981,cloud_dataset_real
2711,813.991,31.66500000009,0.006166666667000001,0.0,0,883.654000000198,cloud_dataset_real
2712,814.291,31.39500000009,0.005166666667000001,0.0,0,883.360000000198,cloud_dataset_real
2713,814.591,31.62,0.006,0.0,0,884.155,cloud_dataset_real
2714,814.891,31.485,0.0055000000000000005,0.0,0,884.158,cloud_dataset_real
2715,815.191,31.43999999991,0.005333333333,0.0,0,884.358999999802,cloud_dataset_real
2716,815.491,31.53000000009,0.005666666667,0.0,0,884.857000000198,cloud_dataset_real
2717,815.791,31.66500000009,0.006166666667000001,0.0,0,885.4540000001981,cloud_dataset_real
2718,816.091,31.62,0.006,0.0027962,0,885.655,cloud_dataset_real
2719,816.391,31.53000000009,0.005666666667,0.00768955,0,885.757000000198,cloud_dataset_real
2720,816.691,31.66500000009,0.006166666667000001,0.0,0,886.3540000001981,cloud_dataset_real
2721,816.991,31.485,0.0055000000000000005,0.0,0,886.258,cloud_dataset_real
2722,817.292,31.485,0.0055000000000000005,0.0,0,886.5590000000001,cloud_dataset_real
2723,817.592,31.755,0.006500000000000001,0.0,0,887.453,cloud_dataset_real
2724,817.892,31.53000000009,0.005666666667,0.0,0,887.2580000001981,cloud_dataset_real
2725,818.192,31.53000000009,0.005666666667,0.0,0,887.558000000198,cloud_dataset_real
2726,818.492,31.53000000009,0.005666666667,0.0,0,887.858000000198,cloud_dataset_real
2727,818.792,31.755,0.006500000000000001,0.0,0,888.653,cloud_dataset_real
2728,819.092,31.485,0.0055000000000000005,0.0,0,888.359,cloud_dataset_real
2729,819.392,31.62,0.006,0.0,0,888.956,cloud_dataset_real
2730,819.692,31.66500000009,0.006166666667000001,0.0,0,889.3550000001981,cloud_dataset_real
2731,819.992,31.485,0.0055000000000000005,0.0,0,889.259,cloud_dataset_real
2732,820.292,31.755,0.006500000000000001,0.0,0,890.153,cloud_dataset_real
2733,820.592,31.53000000009,0.005666666667,0.0,0,889.958000000198,cloud_dataset_real
2734,820.892,31.43999999991,0.005333333333,0.0,0,890.059999999802,cloud_dataset_real
2735,821.192,31.755,0.006500000000000001,0.0,0,891.053,cloud_dataset_real
2736,821.492,31.755,0.006500000000000001,0.0,0,891.353,cloud_dataset_real
2737,821.792,31.84499999991,0.006833333333,0.0,0,891.8509999998021,cloud_dataset_real
2738,822.092,31.66500000009,0.006166666667000001,0.0,0,891.755000000198,cloud_dataset_real
2739,822.392,31.485,0.0055000000000000005,0.0,0,891.6590000000001,cloud_dataset_real
2740,822.692,31.35,0.005,0.0,0,891.662,cloud_dataset_real
2741,822.992,31.80000000009,0.006666666666999999,0.0,0,892.9520000001979,cloud_dataset_real
2742,823.292,31.80000000009,0.006666666666999999,0.0,0,893.252000000198,cloud_dataset_real
2743,823.592,31.485,0.0055000000000000005,0.0,0,892.859,cloud_dataset_real
2744,823.892,31.62,0.006,0.0,0,893.456,cloud_dataset_real
2745,824.192,31.70999999991,0.006333333333,0.0,0,893.953999999802,cloud_dataset_real
2746,824.492,31.53000000009,0.005666666667,0.0,0,893.858000000198,cloud_dataset_real
2747,824.792,31.93500000009,0.007166666667,0.0,0,895.049000000198,cloud_dataset_real
2748,825.092,31.66500000009,0.006166666667000001,0.0,0,894.755000000198,cloud_dataset_real
2749,825.392,31.485,0.0055000000000000005,0.00209715,0,894.6590000000001,cloud_dataset_real
2750,825.692,31.62,0.006,0.0,0,895.256,cloud_dataset_real
2751,825.992,31.70999999991,0.006333333333,0.0,0,895.753999999802,cloud_dataset_real
2752,826.292,31.39500000009,0.005166666667000001,0.0,0,895.361000000198,cloud_dataset_real
2753,826.592,31.70999999991,0.006333333333,0.0,0,896.353999999802,cloud_dataset_real
2754,826.892,31.84499999991,0.006833333333,0.0,0,896.9509999998021,cloud_dataset_real
2755,827.192,31.57499999991,0.005833333333,0.0,0,896.656999999802,cloud_dataset_real
2756,827.492,31.62,0.006,0.0,0,897.0559999999999,cloud_dataset_real
2757,827.792,31.755,0.006500000000000001,0.0,0,897.653,cloud_dataset_real
2758,828.092,31.66500000009,0.006166666667000001,0.0,0,897.755000000198,cloud_dataset_real
2759,828.392,31.57499999991,0.005833333333,0.0,0,897.856999999802,cloud_dataset_real
2760,828.692,31.66500000009,0.006166666667000001,0.0,0,898.3550000001981,cloud_dataset_real
2761,828.992,31.57499999991,0.005833333333,0.0,0,898.456999999802,cloud_dataset_real
2762,829.292,31.485,0.0055000000000000005,0.0,0,898.5590000000001,cloud_dataset_real
2763,829.592,31.84499999991,0.006833333333,0.0,0,899.650999999802,cloud_dataset_real
2764,829.892,31.53000000009,0.005666666667,0.0,0,899.2580000001981,cloud_dataset_real
2765,830.193,31.39500000009,0.005166666667000001,0.0,0,899.262000000198,cloud_dataset_real
2766,830.493,31.62,0.006,0.0,0,900.057,cloud_dataset_real
2767,830.792,31.485,0.0055000000000000005,0.0,0,900.0590000000001,cloud_dataset_real
2768,831.092,31.35,0.005,0.0,0,900.062,cloud_dataset_real
2769,831.392,31.43999999991,0.005333333333,0.0,0,900.559999999802,cloud_dataset_real
2770,831.692,31.62,0.006,0.0,0,901.256,cloud_dataset_real
2771,831.992,31.43999999991,0.005333333333,0.0,0,901.1599999998019,cloud_dataset_real
2772,832.292,31.53000000009,0.005666666667,0.00069905,0,901.6580000001981,cloud_dataset_real
2773,832.592,31.53000000009,0.005666666667,0.0013981,0,901.958000000198,cloud_dataset_real
2774,832.892,31.35,0.005,0.0,0,901.8620000000001,cloud_dataset_real
2775,833.192,31.485,0.0055000000000000005,0.0,0,902.4590000000001,cloud_dataset_real
2776,833.492,31.66500000009,0.006166666667000001,0.0,0,903.155000000198,cloud_dataset_real
2777,833.792,31.39500000009,0.005166666667000001,0.00349525,0,902.861000000198,cloud_dataset_real
2778,834.092,31.70999999991,0.006333333333,0.00209715,0,903.853999999802,cloud_dataset_real
2779,834.392,31.57499999991,0.005833333333,0.0,0,903.856999999802,cloud_dataset_real
2780,834.692,31.43999999991,0.005333333333,0.0,0,903.859999999802,cloud_dataset_real
2781,834.993,31.485,0.0055000000000000005,0.0,0,904.2600000000001,cloud_dataset_real
2782,835.293,31.755,0.006500000000000001,0.0,0,905.154,cloud_dataset_real
2783,835.593,31.39500000009,0.005166666667000001,0.0,0,904.662000000198,cloud_dataset_real
2784,835.893,31.66500000009,0.006166666667000001,0.0,0,905.5560000001981,cloud_dataset_real
2785,836.193,31.57499999991,0.005833333333,0.0,0,905.657999999802,cloud_dataset_real
2786,836.493,31.43999999991,0.005333333333,0.0,0,905.660999999802,cloud_dataset_real
2787,836.793,31.485,0.0055000000000000005,0.0,0,906.0600000000001,cloud_dataset_real
2788,837.093,33.55500000009,0.013166666666999999,0.00629145,0,910.9140000001979,cloud_dataset_real
2789,837.393,31.97999999991,0.007333333332999999,0.01188385,0,907.748999999802,cloud_dataset_real
2790,837.693,31.755,0.006500000000000001,0.0,0,907.554,cloud_dataset_real
2791,837.993,31.755,0.006500000000000001,0.0,0,907.854,cloud_dataset_real
2792,838.293,31.93500000009,0.007166666667,0.0,0,908.550000000198,cloud_dataset_real
2793,838.593,31.35,0.005,0.0,0,907.563,cloud_dataset_real
2794,838.893,31.70999999991,0.006333333333,0.0,0,908.654999999802,cloud_dataset_real
2795,839.193,31.53000000009,0.005666666667,0.0,0,908.559000000198,cloud_dataset_real
2796,839.493,31.66500000009,0.006166666667000001,0.0,0,909.1560000001981,cloud_dataset_real
2797,839.793,31.62,0.006,0.0,0,909.357,cloud_dataset_real
2798,840.093,31.57499999991,0.005833333333,0.0,0,909.557999999802,cloud_dataset_real
2799,840.393,31.43999999991,0.005333333333,0.0,0,909.560999999802,cloud_dataset_real
2800,840.693,31.66500000009,0.006166666667000001,0.0,0,910.356000000198,cloud_dataset_real
2801,840.993,31.62,0.006,0.0,0,910.557,cloud_dataset_real
2802,841.293,31.57499999991,0.005833333333,0.00349525,0,910.757999999802,cloud_dataset_real
2803,841.593,31.57499999991,0.005833333333,0.00209715,0,911.057999999802,cloud_dataset_real
2804,841.893,31.57499999991,0.005833333333,0.00209715,0,911.357999999802,cloud_dataset_real
2805,842.193,31.66500000009,0.006166666667000001,0.0,0,911.856000000198,cloud_dataset_real
2806,842.493,31.80000000009,0.006666666666999999,0.0,0,912.453000000198,cloud_dataset_real
2807,842.793,31.62,0.006,0.0,0,912.357,cloud_dataset_real
2808,843.093,31.62,0.006,0.0,0,912.6569999999999,cloud_dataset_real
2809,843.393,31.485,0.0055000000000000005,0.0,0,912.6600000000001,cloud_dataset_real
2810,843.693,31.62,0.006,0.0,0,913.257,cloud_dataset_real
2811,843.994,31.39500000009,0.005166666667000001,0.00069905,0,913.063000000198,cloud_dataset_real
2812,844.294,31.57499999991,0.005833333333,0.0013981,0,913.758999999802,cloud_dataset_real
2813,844.594,31.93500000009,0.007166666667,0.0,0,914.851000000198,cloud_dataset_real
2814,844.894,31.62,0.006,0.0,0,914.458,cloud_dataset_real
2815,845.194,31.755,0.006500000000000001,0.0,0,915.055,cloud_dataset_real
2816,845.494,31.57499999991,0.005833333333,0.0,0,914.958999999802,cloud_dataset_real
2817,845.794,31.43999999991,0.005333333333,0.00069905,0,914.961999999802,cloud_dataset_real
2818,846.094,31.84499999991,0.006833333333,0.00349525,0,916.1529999998021,cloud_dataset_real
2819,846.394,31.755,0.006500000000000001,0.0,0,916.255,cloud_dataset_real
2820,846.694,31.43999999991,0.005333333333,0.0,0,915.8619999998019,cloud_dataset_real
2821,846.994,31.89,0.006999999999999999,0.0,0,917.152,cloud_dataset_real
2822,847.294,31.62,0.006,0.0,0,916.858,cloud_dataset_real
2823,847.593,31.39500000009,0.005166666667000001,0.0,0,916.662000000198,cloud_dataset_real
2824,847.893,31.70999999991,0.006333333333,0.0,0,917.654999999802,cloud_dataset_real
2825,848.193,31.80000000009,0.006666666666999999,0.0,0,918.153000000198,cloud_dataset_real
2826,848.493,31.53000000009,0.005666666667,0.0,0,917.8590000001981,cloud_dataset_real
2827,848.793,31.57499999991,0.005833333333,0.0,0,918.257999999802,cloud_dataset_real
2828,849.093,31.62,0.006,0.00209715,0,918.6569999999999,cloud_dataset_real
2829,849.393,31.53000000009,0.005666666667,0.0041943,0,918.7590000001981,cloud_dataset_real
2830,849.694,31.57499999991,0.005833333333,0.0,0,919.158999999802,cloud_dataset_real
2831,849.994,31.84499999991,0.006833333333,0.0,0,920.0529999998021,cloud_dataset_real
2832,850.294,31.57499999991,0.005833333333,0.0,0,919.758999999802,cloud_dataset_real
2833,850.594,31.39500000009,0.005166666667000001,0.0,0,919.663000000198,cloud_dataset_real
2834,850.894,31.66500000009,0.006166666667000001,0.0,0,920.5570000001981,cloud_dataset_real
2835,851.194,31.57499999991,0.005833333333,0.0,0,920.658999999802,cloud_dataset_real
2836,851.494,31.66500000009,0.006166666667000001,0.0,0,921.1570000001981,cloud_dataset_real
2837,851.794,31.84499999991,0.006833333333,0.0,0,921.852999999802,cloud_dataset_real
2838,852.094,31.70999999991,0.006333333333,0.0,0,921.8559999998021,cloud_dataset_real
2839,852.394,31.53000000009,0.005666666667,0.0,0,921.760000000198,cloud_dataset_real
2840,852.694,31.62,0.006,0.0,0,922.2579999999999,cloud_dataset_real
2841,852.994,31.755,0.006500000000000001,0.0,0,922.855,cloud_dataset_real
2842,853.294,31.93500000009,0.007166666667,0.0,0,923.551000000198,cloud_dataset_real
2843,853.594,31.84499999991,0.006833333333,0.0,0,923.6529999998021,cloud_dataset_real
2844,853.894,31.62,0.006,0.0,0,923.458,cloud_dataset_real
2845,854.194,31.57499999991,0.005833333333,0.0,0,923.658999999802,cloud_dataset_real
2846,854.494,31.66500000009,0.006166666667000001,0.0,0,924.1570000001981,cloud_dataset_real
2847,854.794,31.485,0.0055000000000000005,0.0,0,924.061,cloud_dataset_real
2848,855.094,31.89,0.006999999999999999,0.0,0,925.2520000000001,cloud_dataset_real
2849,855.394,31.66500000009,0.006166666667000001,0.0,0,925.0570000001981,cloud_dataset_real
2850,855.694,31.80000000009,0.006666666666999999,0.0,0,925.6540000001979,cloud_dataset_real
2851,855.994,31.53000000009,0.005666666667,0.0,0,925.360000000198,cloud_dataset_real
2852,856.294,31.66500000009,0.006166666667000001,0.0,0,925.957000000198,cloud_dataset_real
2853,856.594,31.70999999991,0.006333333333,0.0,0,926.3559999998021,cloud_dataset_real
2854,856.894,31.39500000009,0.005166666667000001,0.0,0,925.963000000198,cloud_dataset_real
2855,857.195,31.755,0.006500000000000001,0.0,0,927.056,cloud_dataset_real
2856,857.495,31.57499999991,0.005833333333,0.0,0,926.959999999802,cloud_dataset_real
2857,857.795,31.35,0.005,0.0,0,926.765,cloud_dataset_real
2858,858.095,31.80000000009,0.006666666666999999,0.0,0,928.055000000198,cloud_dataset_real
2859,858.395,31.62,0.006,0.0,0,927.959,cloud_dataset_real
2860,858.695,31.70999999991,0.006333333333,0.0,0,928.4569999998021,cloud_dataset_real
2861,858.995,31.62,0.006,0.0,0,928.559,cloud_dataset_real
2862,859.295,31.62,0.006,0.0,0,928.8589999999999,cloud_dataset_real
2863,859.595,31.39500000009,0.005166666667000001,0.0,0,928.664000000198,cloud_dataset_real
2864,859.895,31.53000000009,0.005666666667,0.0,0,929.261000000198,cloud_dataset_real
2865,860.195,31.70999999991,0.006333333333,0.0,0,929.9569999998021,cloud_dataset_real
2866,860.495,31.57499999991,0.005833333333,0.0,0,929.959999999802,cloud_dataset_real
2867,860.795,31.66500000009,0.006166666667000001,0.0,0,930.458000000198,cloud_dataset_real
2868,861.095,31.485,0.0055000000000000005,0.0,0,930.3620000000001,cloud_dataset_real
2869,861.395,31.57499999991,0.005833333333,0.0,0,930.859999999802,cloud_dataset_real
2870,861.695,31.57499999991,0.005833333333,0.0,0,931.159999999802,cloud_dataset_real
2871,861.995,31.89,0.006999999999999999,0.0,0,932.153,cloud_dataset_real
2872,862.295,31.62,0.006,0.0,0,931.8589999999999,cloud_dataset_real
2873,862.595,31.53000000009,0.005666666667,0.0,0,931.961000000198,cloud_dataset_real
2874,862.895,31.80000000009,0.006666666666999999,0.0,0,932.855000000198,cloud_dataset_real
2875,863.195,31.70999999991,0.006333333333,0.0,0,932.9569999998021,cloud_dataset_real
2876,863.495,31.70999999991,0.006333333333,0.0,0,933.256999999802,cloud_dataset_real
2877,863.795,31.80000000009,0.006666666666999999,0.0,0,933.7550000001979,cloud_dataset_real
2878,864.095,31.53000000009,0.005666666667,0.00209715,0,933.461000000198,cloud_dataset_real
2879,864.395,31.57499999991,0.005833333333,0.0,0,933.859999999802,cloud_dataset_real
2880,864.695,31.53000000009,0.005666666667,0.0,0,934.0610000001981,cloud_dataset_real
2881,864.995,31.485,0.0055000000000000005,0.0,0,934.2620000000001,cloud_dataset_real
2882,865.295,31.66500000009,0.006166666667000001,0.0,0,934.958000000198,cloud_dataset_real
2883,865.595,31.93500000009,0.007166666667,0.0,0,935.852000000198,cloud_dataset_real
2884,865.895,31.66500000009,0.006166666667000001,0.0,0,935.558000000198,cloud_dataset_real
2885,866.195,31.485,0.0055000000000000005,0.0,0,935.4620000000001,cloud_dataset_real
2886,866.495,31.755,0.006500000000000001,0.0,0,936.356,cloud_dataset_real
2887,866.795,31.62,0.006,0.0,0,936.3589999999999,cloud_dataset_real
2888,867.095,31.39500000009,0.005166666667000001,0.0,0,936.164000000198,cloud_dataset_real
2889,867.395,31.93500000009,0.007166666667,0.0,0,937.652000000198,cloud_dataset_real
2890,867.696,31.66500000009,0.006166666667000001,0.0,0,937.3590000001981,cloud_dataset_real
2891,867.996,31.43999999991,0.005333333333,0.0,0,937.163999999802,cloud_dataset_real
2892,868.296,31.66500000009,0.006166666667000001,0.0,0,937.9590000001981,cloud_dataset_real
2893,868.596,31.485,0.0055000000000000005,0.0,0,937.863,cloud_dataset_real
2894,868.896,31.485,0.0055000000000000005,0.0,0,938.163,cloud_dataset_real
2895,869.196,31.80000000009,0.006666666666999999,0.0,0,939.156000000198,cloud_dataset_real
2896,869.496,31.80000000009,0.006666666666999999,0.0,0,939.456000000198,cloud_dataset_real
2897,869.796,31.39500000009,0.005166666667000001,0.0,0,938.865000000198,cloud_dataset_real
2898,870.096,31.62,0.006,0.0,0,939.66,cloud_dataset_real
2899,870.396,31.57499999991,0.005833333333,0.0,0,939.860999999802,cloud_dataset_real
2900,870.696,31.62,0.006,0.0,0,940.26,cloud_dataset_real
2901,870.996,31.66500000009,0.006166666667000001,0.0,0,940.659000000198,cloud_dataset_real
2902,871.296,31.70999999991,0.006333333333,0.0,0,941.0579999998021,cloud_dataset_real
2903,871.596,31.43999999991,0.005333333333,0.0027962,0,940.763999999802,cloud_dataset_real
2904,871.896,31.43999999991,0.005333333333,0.00209715,0,941.0639999998019,cloud_dataset_real
2905,872.196,31.53000000009,0.005666666667,0.0,0,941.562000000198,cloud_dataset_real
2906,872.496,31.485,0.0055000000000000005,0.0,0,941.763,cloud_dataset_real
2907,872.796,31.70999999991,0.006333333333,0.0,0,942.5579999998021,cloud_dataset_real
2908,873.096,31.89,0.006999999999999999,0.00349525,0,943.254,cloud_dataset_real
2909,873.396,31.485,0.0055000000000000005,0.0027962,0,942.663,cloud_dataset_real
2910,873.696,31.57499999991,0.005833333333,0.0,0,943.160999999802,cloud_dataset_real
2911,873.996,31.43999999991,0.005333333333,0.0,0,943.163999999802,cloud_dataset_real
2912,874.296,31.53000000009,0.005666666667,0.0,0,943.6620000001981,cloud_dataset_real
2913,874.596,31.53000000009,0.005666666667,0.0,0,943.962000000198,cloud_dataset_real
2914,874.896,31.80000000009,0.006666666666999999,0.0,0,944.8560000001979,cloud_dataset_real
2915,875.196,31.84499999991,0.006833333333,0.0,0,945.2549999998021,cloud_dataset_real
2916,875.496,31.39500000009,0.005166666667000001,0.0,0,944.565000000198,cloud_dataset_real
2917,875.797,31.53000000009,0.005666666667,0.0,0,945.163000000198,cloud_dataset_real
2918,876.097,31.43999999991,0.005333333333,0.0,0,945.264999999802,cloud_dataset_real
2919,876.397,31.53000000009,0.005666666667,0.0,0,945.7630000001981,cloud_dataset_real
2920,876.697,31.84499999991,0.006833333333,0.0,0,946.755999999802,cloud_dataset_real
2921,876.997,31.755,0.006500000000000001,0.0,0,946.858,cloud_dataset_real
2922,877.297,31.53000000009,0.005666666667,0.0,0,946.663000000198,cloud_dataset_real
2923,877.597,31.53000000009,0.005666666667,0.0,0,946.963000000198,cloud_dataset_real
2924,877.897,31.84499999991,0.006833333333,0.0,0,947.9559999998021,cloud_dataset_real
2925,878.197,31.62,0.006,0.0,0,947.761,cloud_dataset_real
2926,878.497,31.93500000009,0.007166666667,0.0,0,948.754000000198,cloud_dataset_real
2927,878.797,31.70999999991,0.006333333333,0.0,0,948.558999999802,cloud_dataset_real
2928,879.097,31.66500000009,0.006166666667000001,0.0,0,948.760000000198,cloud_dataset_real
2929,879.397,31.70999999991,0.006333333333,0.0,0,949.1589999998021,cloud_dataset_real
2930,879.697,31.66500000009,0.006166666667000001,0.0,0,949.360000000198,cloud_dataset_real
2931,879.997,31.485,0.0055000000000000005,0.0,0,949.264,cloud_dataset_real
2932,880.297,31.62,0.006,0.0,0,949.861,cloud_dataset_real
2933,880.597,31.57499999991,0.005833333333,0.0041943,0,950.061999999802,cloud_dataset_real
2934,880.897,31.39500000009,0.005166666667000001,0.00069905,0,949.966000000198,cloud_dataset_real
2935,881.197,31.57499999991,0.005833333333,0.0,0,950.661999999802,cloud_dataset_real
2936,881.497,31.755,0.006500000000000001,0.0,0,951.358,cloud_dataset_real
2937,881.797,31.53000000009,0.005666666667,0.0,0,951.163000000198,cloud_dataset_real
2938,882.097,31.66500000009,0.006166666667000001,0.0,0,951.760000000198,cloud_dataset_real
2939,882.397,31.53000000009,0.005666666667,0.0,0,951.7630000001981,cloud_dataset_real
2940,882.697,31.53000000009,0.005666666667,0.00209715,0,952.063000000198,cloud_dataset_real
2941,882.997,31.53000000009,0.005666666667,0.0,0,952.363000000198,cloud_dataset_real
2942,883.297,31.80000000009,0.006666666666999999,0.0,0,953.257000000198,cloud_dataset_real
2943,883.597,31.57499999991,0.005833333333,0.0,0,953.061999999802,cloud_dataset_real
2944,883.897,32.025,0.0075,0.0,0,954.3520000000001,cloud_dataset_real
2945,884.197,33.42000000009,0.012666666666999999,0.0097867,0,957.721000000198,cloud_dataset_real
2946,884.497,31.57499999991,0.005833333333,0.01328195,0,953.961999999802,cloud_dataset_real
2947,884.797,32.565,0.0095,0.0,0,956.44,cloud_dataset_real
2948,885.097,31.89,0.006999999999999999,0.0,0,955.255,cloud_dataset_real
2949,885.397,31.62,0.006,0.0,0,954.961,cloud_dataset_real
2950,885.697,31.57499999991,0.005833333333,0.0,0,955.161999999802,cloud_dataset_real
2951,885.997,31.53000000009,0.005666666667,0.0,0,955.363000000198,cloud_dataset_real
2952,886.297,31.53000000009,0.005666666667,0.0,0,955.663000000198,cloud_dataset_real
2953,886.597,31.57499999991,0.005833333333,0.0,0,956.061999999802,cloud_dataset_real
2954,886.897,31.84499999991,0.006833333333,0.0,0,956.9559999998021,cloud_dataset_real
2955,887.197,31.66500000009,0.006166666667000001,0.0,0,956.860000000198,cloud_dataset_real
2956,887.497,31.53000000009,0.005666666667,0.0,0,956.863000000198,cloud_dataset_real
2957,887.797,32.025,0.0075,0.0,0,958.2520000000001,cloud_dataset_real
2958,888.097,31.93500000009,0.007166666667,0.0,0,958.354000000198,cloud_dataset_real
2959,888.397,31.62,0.006,0.0,0,957.961,cloud_dataset_real
2960,888.697,31.70999999991,0.006333333333,0.0,0,958.458999999802,cloud_dataset_real
2961,888.998,31.53000000009,0.005666666667,0.0,0,958.3640000001981,cloud_dataset_real
2962,889.298,31.62,0.006,0.0,0,958.862,cloud_dataset_real
2963,889.598,31.485,0.0055000000000000005,0.0,0,958.865,cloud_dataset_real
2964,889.898,31.57499999991,0.005833333333,0.0,0,959.362999999802,cloud_dataset_real
2965,890.198,31.485,0.0055000000000000005,0.0,0,959.465,cloud_dataset_real
2966,890.498,31.89,0.006999999999999999,0.0,0,960.6560000000001,cloud_dataset_real
2967,890.798,31.97999999991,0.007333333332999999,0.0,0,961.153999999802,cloud_dataset_real
2968,891.098,31.755,0.006500000000000001,0.0,0,960.959,cloud_dataset_real
2969,891.398,31.89,0.006999999999999999,0.0,0,961.556,cloud_dataset_real
2970,891.698,31.57499999991,0.005833333333,0.0,0,961.162999999802,cloud_dataset_real
2971,891.998,31.485,0.0055000000000000005,0.0,0,961.2650000000001,cloud_dataset_real
2972,892.298,31.755,0.006500000000000001,0.0,0,962.159,cloud_dataset_real
2973,892.598,31.66500000009,0.006166666667000001,0.0,0,962.261000000198,cloud_dataset_real
2974,892.898,31.43999999991,0.005333333333,0.0,0,962.065999999802,cloud_dataset_real
2975,893.198,31.53000000009,0.005666666667,0.00209715,0,962.564000000198,cloud_dataset_real
2976,893.498,31.70999999991,0.006333333333,0.0027962,0,963.2599999998021,cloud_dataset_real
2977,893.798,31.43999999991,0.005333333333,0.0,0,962.965999999802,cloud_dataset_real
2978,894.098,31.80000000009,0.006666666666999999,0.0,0,964.0580000001979,cloud_dataset_real
2979,894.399,31.97999999991,0.007333333332999999,0.0,0,964.7549999998021,cloud_dataset_real
2980,894.699,31.53000000009,0.005666666667,0.0,0,964.065000000198,cloud_dataset_real
2981,894.999,31.70999999991,0.006333333333,0.0,0,964.760999999802,cloud_dataset_real
2982,895.299,31.62,0.006,0.0,0,964.8629999999999,cloud_dataset_real
2983,895.599,31.66500000009,0.006166666667000001,0.0,0,965.2620000001981,cloud_dataset_real
2984,895.899,31.70999999991,0.006333333333,0.00489335,0,965.660999999802,cloud_dataset_real
2985,896.199,31.755,0.006500000000000001,0.0,0,966.06,cloud_dataset_real
2986,896.499,31.485,0.0055000000000000005,0.0,0,965.7660000000001,cloud_dataset_real
2987,896.799,31.43999999991,0.005333333333,0.0,0,965.9669999998019,cloud_dataset_real
2988,897.099,31.66500000009,0.006166666667000001,0.0,0,966.7620000001981,cloud_dataset_real
2989,897.399,31.485,0.0055000000000000005,0.0,0,966.666,cloud_dataset_real
2990,897.699,31.62,0.006,0.0,0,967.2629999999999,cloud_dataset_real
2991,897.999,31.66500000009,0.006166666667000001,0.0,0,967.6620000001981,cloud_dataset_real
2992,898.299,31.485,0.0055000000000000005,0.0,0,967.566,cloud_dataset_real
2993,898.599,31.62,0.006,0.0,0,968.163,cloud_dataset_real
2994,898.899,31.53000000009,0.005666666667,0.0,0,968.265000000198,cloud_dataset_real
2995,899.199,31.53000000009,0.005666666667,0.0,0,968.565000000198,cloud_dataset_real
2996,899.499,31.53000000009,0.005666666667,0.0,0,968.865000000198,cloud_dataset_real
2997,899.799,31.70999999991,0.006333333333,0.0,0,969.560999999802,cloud_dataset_real
2998,900.099,31.57499999991,0.005833333333,0.0,0,969.563999999802,cloud_dataset_real
2999,900.399,31.485,0.0055000000000000005,0.0,0,969.666,cloud_dataset_real
3000,900.699,31.70999999991,0.006333333333,0.0,0,970.460999999802,cloud_dataset_real
3001,900.999,31.755,0.006500000000000001,0.0,0,970.86,cloud_dataset_real
3002,901.299,31.89,0.006999999999999999,0.0,0,971.457,cloud_dataset_real
3003,901.599,31.80000000009,0.006666666666999999,0.0,0,971.559000000198,cloud_dataset_real
3004,901.899,31.66500000009,0.006166666667000001,0.0,0,971.562000000198,cloud_dataset_real
3005,902.199,31.39500000009,0.005166666667000001,0.0,0,971.268000000198,cloud_dataset_real
3006,902.499,31.62,0.006,0.0,0,972.063,cloud_dataset_real
3007,902.799,31.62,0.006,0.0,0,972.3629999999999,cloud_dataset_real
3008,903.099,31.43999999991,0.005333333333,0.0,0,972.266999999802,cloud_dataset_real
3009,903.399,31.755,0.006500000000000001,0.0,0,973.26,cloud_dataset_real
3010,903.699,31.62,0.006,0.0,0,973.2629999999999,cloud_dataset_real
3011,903.999,31.43999999991,0.005333333333,0.0,0,973.166999999802,cloud_dataset_real
3012,904.299,31.97999999991,0.007333333332999999,0.0,0,974.6549999998019,cloud_dataset_real
3013,904.599,31.66500000009,0.006166666667000001,0.0,0,974.2620000001981,cloud_dataset_real
3014,904.899,31.485,0.0055000000000000005,0.0,0,974.166,cloud_dataset_real
3015,905.199,31.62,0.006,0.0,0,974.7629999999999,cloud_dataset_real
3016,905.499,31.70999999991,0.006333333333,0.0,0,975.260999999802,cloud_dataset_real
3017,905.8,31.35,0.005,0.0,0,974.77,cloud_dataset_real
3018,906.1,31.57499999991,0.005833333333,0.0,0,975.564999999802,cloud_dataset_real
3019,906.4,31.66500000009,0.006166666667000001,0.0,0,976.063000000198,cloud_dataset_real
3020,906.7,31.39500000009,0.005166666667000001,0.0,0,975.769000000198,cloud_dataset_real
3021,907.0,31.57499999991,0.005833333333,0.0,0,976.464999999802,cloud_dataset_real
3022,907.3,31.53000000009,0.005666666667,0.0,0,976.666000000198,cloud_dataset_real
3023,907.6,31.43999999991,0.005333333333,0.0,0,976.767999999802,cloud_dataset_real
3024,907.9,31.70999999991,0.006333333333,0.0,0,977.661999999802,cloud_dataset_real
3025,908.2,31.80000000009,0.006666666666999999,0.0,0,978.160000000198,cloud_dataset_real
3026,908.5,31.80000000009,0.006666666666999999,0.0,0,978.460000000198,cloud_dataset_real
3027,908.8,31.53000000009,0.005666666667,0.0,0,978.166000000198,cloud_dataset_real
3028,909.1,31.70999999991,0.006333333333,0.0,0,978.861999999802,cloud_dataset_real
3029,909.4,31.43999999991,0.005333333333,0.0,0,978.5679999998019,cloud_dataset_real
3030,909.7,31.70999999991,0.006333333333,0.0,0,979.4619999998021,cloud_dataset_real
3031,910.0,31.84499999991,0.006833333333,0.0,0,980.058999999802,cloud_dataset_real
3032,910.3,31.57499999991,0.005833333333,0.0,0,979.764999999802,cloud_dataset_real
3033,910.6,31.57499999991,0.005833333333,0.0,0,980.064999999802,cloud_dataset_real
3034,910.9,31.62,0.006,0.00489335,0,980.4639999999999,cloud_dataset_real
3035,911.2,31.53000000009,0.005666666667,0.0041943,0,980.5660000001981,cloud_dataset_real
3036,911.5,31.485,0.0055000000000000005,0.0,0,980.767,cloud_dataset_real
3037,911.8,31.62,0.006,0.00209715,0,981.3639999999999,cloud_dataset_real
3038,912.1,31.62,0.006,0.00209715,0,981.664,cloud_dataset_real
3039,912.4,31.485,0.0055000000000000005,0.0,0,981.667,cloud_dataset_real
3040,912.7,31.80000000009,0.006666666666999999,0.0,0,982.660000000198,cloud_dataset_real
3041,913.0,31.485,0.0055000000000000005,0.0,0,982.267,cloud_dataset_real
3042,913.3,31.43999999991,0.005333333333,0.0,0,982.4679999998019,cloud_dataset_real
3043,913.6,31.755,0.006500000000000001,0.0,0,983.461,cloud_dataset_real
3044,913.9,31.62,0.006,0.0041943,0,983.4639999999999,cloud_dataset_real
3045,914.2,31.53000000009,0.005666666667,0.0,0,983.5660000001981,cloud_dataset_real
3046,914.5,31.53000000009,0.005666666667,0.0,0,983.866000000198,cloud_dataset_real
3047,914.8,31.62,0.006,0.0,0,984.3639999999999,cloud_dataset_real
3048,915.1,31.43999999991,0.005333333333,0.0,0,984.267999999802,cloud_dataset_real
3049,915.4,31.755,0.006500000000000001,0.0,0,985.261,cloud_dataset_real
3050,915.7,31.80000000009,0.006666666666999999,0.0,0,985.660000000198,cloud_dataset_real
3051,916.0,31.66500000009,0.006166666667000001,0.0,0,985.663000000198,cloud_dataset_real
3052,916.3,31.62,0.006,0.0,0,985.8639999999999,cloud_dataset_real
3053,916.6,31.57499999991,0.005833333333,0.0,0,986.064999999802,cloud_dataset_real
3054,916.9,31.755,0.006500000000000001,0.0,0,986.761,cloud_dataset_real
3055,917.2,31.70999999991,0.006333333333,0.0,0,986.9619999998021,cloud_dataset_real
3056,917.5,31.66500000009,0.006166666667000001,0.0,0,987.163000000198,cloud_dataset_real
3057,917.8,31.57499999991,0.005833333333,0.0,0,987.264999999802,cloud_dataset_real
3058,918.1,31.485,0.0055000000000000005,0.0,0,987.3670000000001,cloud_dataset_real
3059,918.401,31.70999999991,0.006333333333,0.0,0,988.162999999802,cloud_dataset_real
3060,918.701,31.39500000009,0.005166666667000001,0.0041943,0,987.770000000198,cloud_dataset_real
3061,919.001,31.62,0.006,0.00209715,0,988.5649999999999,cloud_dataset_real
3062,919.301,31.755,0.006500000000000001,0.0,0,989.162,cloud_dataset_real
3063,919.601,31.53000000009,0.005666666667,0.0,0,988.967000000198,cloud_dataset_real
3064,919.901,31.57499999991,0.005833333333,0.0,0,989.3659999998019,cloud_dataset_real
3065,920.201,31.89,0.006999999999999999,0.0,0,990.359,cloud_dataset_real
3066,920.501,31.70999999991,0.006333333333,0.0,0,990.262999999802,cloud_dataset_real
3067,920.801,31.84499999991,0.006833333333,0.0,0,990.8599999998021,cloud_dataset_real
3068,921.101,31.80000000009,0.006666666666999999,0.0,0,991.061000000198,cloud_dataset_real
3069,921.401,31.43999999991,0.005333333333,0.0,0,990.5689999998019,cloud_dataset_real
3070,921.701,31.35,0.005,0.0,0,990.671,cloud_dataset_real
3071,922.001,31.62,0.006,0.0,0,991.5649999999999,cloud_dataset_real
3072,922.301,31.43999999991,0.005333333333,0.0,0,991.468999999802,cloud_dataset_real
3073,922.601,31.35,0.005,0.0,0,991.571,cloud_dataset_real
3074,922.901,31.70999999991,0.006333333333,0.0,0,992.662999999802,cloud_dataset_real
3075,923.201,31.66500000009,0.006166666667000001,0.0,0,992.8640000001981,cloud_dataset_real
3076,923.501,31.35,0.005,0.0,0,992.471,cloud_dataset_real
3077,923.801,31.485,0.0055000000000000005,0.0,0,993.0680000000001,cloud_dataset_real
3078,924.101,31.53000000009,0.005666666667,0.0,0,993.467000000198,cloud_dataset_real
3079,924.401,31.35,0.005,0.0,0,993.371,cloud_dataset_real
3080,924.701,31.66500000009,0.006166666667000001,0.0,0,994.3640000001981,cloud_dataset_real
3081,925.001,31.70999999991,0.006333333333,0.0,0,994.762999999802,cloud_dataset_real
3082,925.301,31.35,0.005,0.0,0,994.2710000000001,cloud_dataset_real
3083,925.601,31.62,0.006,0.0,0,995.165,cloud_dataset_real
3084,925.901,31.57499999991,0.005833333333,0.0,0,995.3659999998019,cloud_dataset_real
3085,926.201,31.43999999991,0.005333333333,0.0,0,995.368999999802,cloud_dataset_real
3086,926.501,31.70999999991,0.006333333333,0.0,0,996.262999999802,cloud_dataset_real
3087,926.801,31.755,0.006500000000000001,0.0,0,996.662,cloud_dataset_real
3088,927.101,31.39500000009,0.005166666667000001,0.0,0,996.170000000198,cloud_dataset_real
3089,927.401,31.485,0.0055000000000000005,0.0,0,996.668,cloud_dataset_real
3090,927.701,31.84499999991,0.006833333333,0.0,0,997.7599999998021,cloud_dataset_real
3091,928.002,31.39500000009,0.005166666667000001,0.0,0,997.071000000198,cloud_dataset_real
3092,928.302,31.70999999991,0.006333333333,0.0,0,998.063999999802,cloud_dataset_real
3093,928.602,31.43999999991,0.005333333333,0.00209715,0,997.7699999998019,cloud_dataset_real
3094,928.902,31.485,0.0055000000000000005,0.0,0,998.1690000000001,cloud_dataset_real
3095,929.202,31.70999999991,0.006333333333,0.0,0,998.963999999802,cloud_dataset_real
3096,929.501,31.70999999991,0.006333333333,0.0,0,999.262999999802,cloud_dataset_real
3097,929.801,31.89,0.006999999999999999,0.0,0,999.9590000000001,cloud_dataset_real
3098,930.101,31.57499999991,0.005833333333,0.0,0,999.565999999802,cloud_dataset_real
3099,930.401,31.755,0.006500000000000001,0.0,0,1000.262,cloud_dataset_real
3100,930.701,31.43999999991,0.005333333333,0.0,0,999.868999999802,cloud_dataset_real
3101,931.001,33.375,0.0125,0.00629145,0,1004.4259999999999,cloud_dataset_real
3102,931.301,31.93500000009,0.007166666667,0.0055924,0,1001.558000000198,cloud_dataset_real
3103,931.601,31.70999999991,0.006333333333,0.0,0,1001.362999999802,cloud_dataset_real
3104,931.902,31.53000000009,0.005666666667,0.0,0,1001.2680000001981,cloud_dataset_real
3105,932.202,31.53000000009,0.005666666667,0.0,0,1001.568000000198,cloud_dataset_real
3106,932.502,31.57499999991,0.005833333333,0.0,0,1001.9669999998019,cloud_dataset_real
3107,932.802,31.57499999991,0.005833333333,0.0,0,1002.266999999802,cloud_dataset_real
3108,933.102,31.755,0.006500000000000001,0.0,0,1002.963,cloud_dataset_real
3109,933.402,31.66500000009,0.006166666667000001,0.0,0,1003.0650000001981,cloud_dataset_real
3110,933.702,31.66500000009,0.006166666667000001,0.0,0,1003.365000000198,cloud_dataset_real
3111,934.002,31.66500000009,0.006166666667000001,0.0,0,1003.665000000198,cloud_dataset_real
3112,934.302,31.53000000009,0.005666666667,0.0,0,1003.668000000198,cloud_dataset_real
3113,934.602,31.39500000009,0.005166666667000001,0.0,0,1003.671000000198,cloud_dataset_real
3114,934.902,31.755,0.006500000000000001,0.0,0,1004.763,cloud_dataset_real
3115,935.202,31.485,0.0055000000000000005,0.0,0,1004.469,cloud_dataset_real
3116,935.502,31.53000000009,0.005666666667,0.0,0,1004.868000000198,cloud_dataset_real
3117,935.802,31.62,0.006,0.0,0,1005.366,cloud_dataset_real
3118,936.102,31.53000000009,0.005666666667,0.0,0,1005.468000000198,cloud_dataset_real
3119,936.402,31.43999999991,0.005333333333,0.0,0,1005.569999999802,cloud_dataset_real
3120,936.702,31.84499999991,0.006833333333,0.0,0,1006.760999999802,cloud_dataset_real
3121,937.002,31.93500000009,0.007166666667,0.0,0,1007.259000000198,cloud_dataset_real
3122,937.302,31.70999999991,0.006333333333,0.0,0,1007.063999999802,cloud_dataset_real
3123,937.602,31.70999999991,0.006333333333,0.0,0,1007.363999999802,cloud_dataset_real
3124,937.902,31.70999999991,0.006333333333,0.0,0,1007.6639999998021,cloud_dataset_real
3125,938.202,31.57499999991,0.005833333333,0.0,0,1007.666999999802,cloud_dataset_real
3126,938.502,31.97999999991,0.007333333332999999,0.0,0,1008.8579999998019,cloud_dataset_real
3127,938.802,31.70999999991,0.006333333333,0.0,0,1008.563999999802,cloud_dataset_real
3128,939.102,31.53000000009,0.005666666667,0.00629145,0,1008.468000000198,cloud_dataset_real
3129,939.402,31.53000000009,0.005666666667,0.0041943,0,1008.7680000001981,cloud_dataset_real
3130,939.702,31.53000000009,0.005666666667,0.0041943,0,1009.068000000198,cloud_dataset_real
3131,940.002,31.35,0.005,0.00209715,0,1008.972,cloud_dataset_real
3132,940.302,31.62,0.006,0.0,0,1009.866,cloud_dataset_real
3133,940.602,31.84499999991,0.006833333333,0.0,0,1010.660999999802,cloud_dataset_real
3134,940.902,31.485,0.0055000000000000005,0.0,0,1010.1690000000001,cloud_dataset_real
3135,941.202,31.57499999991,0.005833333333,0.0,0,1010.666999999802,cloud_dataset_real
3136,941.502,31.62,0.006,0.0,0,1011.0659999999999,cloud_dataset_real
3137,941.802,31.39500000009,0.005166666667000001,0.0,0,1010.871000000198,cloud_dataset_real
3138,942.102,31.485,0.0055000000000000005,0.0,0,1011.369,cloud_dataset_real
3139,942.403,31.66500000009,0.006166666667000001,0.0,0,1012.0660000001981,cloud_dataset_real
3140,942.703,31.43999999991,0.005333333333,0.0,0,1011.8709999998019,cloud_dataset_real
3141,943.003,31.39500000009,0.005166666667000001,0.0,0,1012.072000000198,cloud_dataset_real
3142,943.303,31.485,0.0055000000000000005,0.0,0,1012.57,cloud_dataset_real
3143,943.603,31.43999999991,0.005333333333,0.0,0,1012.7709999998019,cloud_dataset_real
3144,943.903,31.80000000009,0.006666666666999999,0.0,0,1013.863000000198,cloud_dataset_real
3145,944.203,31.80000000009,0.006666666666999999,0.0,0,1014.1630000001979,cloud_dataset_real
3146,944.503,31.485,0.0055000000000000005,0.0,0,1013.7700000000001,cloud_dataset_real
3147,944.803,31.53000000009,0.005666666667,0.00209715,0,1014.169000000198,cloud_dataset_real
3148,945.103,31.66500000009,0.006166666667000001,0.0027962,0,1014.766000000198,cloud_dataset_real
3149,945.403,31.70999999991,0.006333333333,0.00209715,0,1015.164999999802,cloud_dataset_real
3150,945.703,31.70999999991,0.006333333333,0.0,0,1015.464999999802,cloud_dataset_real
3151,946.003,31.84499999991,0.006833333333,0.0,0,1016.0619999998021,cloud_dataset_real
3152,946.303,31.57499999991,0.005833333333,0.0,0,1015.767999999802,cloud_dataset_real
3153,946.603,31.43999999991,0.005333333333,0.0,0,1015.7709999998019,cloud_dataset_real
3154,946.903,31.53000000009,0.005666666667,0.0,0,1016.269000000198,cloud_dataset_real
3155,947.203,31.57499999991,0.005833333333,0.00209715,0,1016.667999999802,cloud_dataset_real
3156,947.503,31.80000000009,0.006666666666999999,0.0,0,1017.463000000198,cloud_dataset_real
3157,947.803,31.70999999991,0.006333333333,0.0,0,1017.564999999802,cloud_dataset_real
3158,948.103,31.70999999991,0.006333333333,0.0,0,1017.864999999802,cloud_dataset_real
3159,948.403,31.43999999991,0.005333333333,0.0,0,1017.570999999802,cloud_dataset_real
3160,948.703,31.43999999991,0.005333333333,0.0,0,1017.8709999998019,cloud_dataset_real
3161,949.003,31.62,0.006,0.0,0,1018.567,cloud_dataset_real
3162,949.303,31.43999999991,0.005333333333,0.00209715,0,1018.470999999802,cloud_dataset_real
3163,949.603,31.80000000009,0.006666666666999999,0.0041943,0,1019.5630000001979,cloud_dataset_real
3164,949.903,31.62,0.006,0.0,0,1019.467,cloud_dataset_real
3165,950.203,31.66500000009,0.006166666667000001,0.0,0,1019.866000000198,cloud_dataset_real
3166,950.503,31.66500000009,0.006166666667000001,0.0,0,1020.1660000001981,cloud_dataset_real
3167,950.803,31.57499999991,0.005833333333,0.0,0,1020.267999999802,cloud_dataset_real
3168,951.103,31.43999999991,0.005333333333,0.0,0,1020.2709999998019,cloud_dataset_real
3169,951.403,31.66500000009,0.006166666667000001,0.0,0,1021.0660000001981,cloud_dataset_real
3170,951.703,31.80000000009,0.006666666666999999,0.0,0,1021.6630000001979,cloud_dataset_real
3171,952.003,31.43999999991,0.005333333333,0.0,0,1021.170999999802,cloud_dataset_real
3172,952.303,31.62,0.006,0.00349525,0,1021.867,cloud_dataset_real
3173,952.603,31.70999999991,0.006333333333,0.00209715,0,1022.364999999802,cloud_dataset_real
3174,952.903,31.39500000009,0.005166666667000001,0.0,0,1021.972000000198,cloud_dataset_real
3175,953.203,31.62,0.006,0.0,0,1022.7669999999999,cloud_dataset_real
3176,953.503,31.62,0.006,0.0,0,1023.067,cloud_dataset_real
3177,953.803,31.39500000009,0.005166666667000001,0.0,0,1022.872000000198,cloud_dataset_real
3178,954.103,31.66500000009,0.006166666667000001,0.0,0,1023.766000000198,cloud_dataset_real
3179,954.403,31.66500000009,0.006166666667000001,0.0,0,1024.066000000198,cloud_dataset_real
3180,954.703,31.755,0.006500000000000001,0.0,0,1024.564,cloud_dataset_real
3181,955.003,31.62,0.006,0.0,0,1024.567,cloud_dataset_real
3182,955.303,31.70999999991,0.006333333333,0.0,0,1025.064999999802,cloud_dataset_real
3183,955.603,31.43999999991,0.005333333333,0.0,0,1024.770999999802,cloud_dataset_real
3184,955.903,31.43999999991,0.005333333333,0.0,0,1025.070999999802,cloud_dataset_real
3185,956.203,31.80000000009,0.006666666666999999,0.0,0,1026.163000000198,cloud_dataset_real
3186,956.503,31.66500000009,0.006166666667000001,0.0,0,1026.166000000198,cloud_dataset_real
3187,956.803,31.62,0.006,0.0,0,1026.367,cloud_dataset_real
3188,957.104,31.755,0.006500000000000001,0.0,0,1026.9650000000001,cloud_dataset_real
3189,957.404,31.53000000009,0.005666666667,0.0,0,1026.770000000198,cloud_dataset_real
3190,957.704,31.43999999991,0.005333333333,0.0,0,1026.871999999802,cloud_dataset_real
3191,958.004,31.755,0.006500000000000001,0.0,0,1027.865,cloud_dataset_real
3192,958.304,31.89,0.006999999999999999,0.0,0,1028.462,cloud_dataset_real
3193,958.604,31.43999999991,0.005333333333,0.0,0,1027.7719999998021,cloud_dataset_real
3194,958.904,31.70999999991,0.006333333333,0.0,0,1028.665999999802,cloud_dataset_real
3195,959.204,31.62,0.006,0.0,0,1028.768,cloud_dataset_real
3196,959.504,31.43999999991,0.005333333333,0.0,0,1028.671999999802,cloud_dataset_real
3197,959.804,31.66500000009,0.006166666667000001,0.0,0,1029.467000000198,cloud_dataset_real
3198,960.104,31.62,0.006,0.0,0,1029.6680000000001,cloud_dataset_real
3199,960.404,31.43999999991,0.005333333333,0.0,0,1029.571999999802,cloud_dataset_real
3200,960.704,31.62,0.006,0.0,0,1030.268,cloud_dataset_real
3201,961.004,31.53000000009,0.005666666667,0.0,0,1030.370000000198,cloud_dataset_real
3202,961.304,31.43999999991,0.005333333333,0.0,0,1030.471999999802,cloud_dataset_real
3203,961.604,31.70999999991,0.006333333333,0.0,0,1031.365999999802,cloud_dataset_real
3204,961.904,31.84499999991,0.006833333333,0.0,0,1031.962999999802,cloud_dataset_real
3205,962.204,31.43999999991,0.005333333333,0.0,0,1031.371999999802,cloud_dataset_real
3206,962.504,31.53000000009,0.005666666667,0.0,0,1031.870000000198,cloud_dataset_real
3207,962.804,31.80000000009,0.006666666666999999,0.0,0,1032.764000000198,cloud_dataset_real
3208,963.104,31.53000000009,0.005666666667,0.0,0,1032.470000000198,cloud_dataset_real
3209,963.404,31.70999999991,0.006333333333,0.0,0,1033.165999999802,cloud_dataset_real
3210,963.704,31.755,0.006500000000000001,0.0,0,1033.565,cloud_dataset_real
3211,964.004,31.39500000009,0.005166666667000001,0.0,0,1033.0730000001981,cloud_dataset_real
3212,964.304,31.53000000009,0.005666666667,0.0,0,1033.670000000198,cloud_dataset_real
3213,964.604,31.62,0.006,0.0,0,1034.1680000000001,cloud_dataset_real
3214,964.904,31.39500000009,0.005166666667000001,0.0,0,1033.973000000198,cloud_dataset_real
3215,965.204,31.89,0.006999999999999999,0.0,0,1035.3619999999999,cloud_dataset_real
3216,965.504,31.84499999991,0.006833333333,0.0,0,1035.562999999802,cloud_dataset_real
3217,965.804,31.53000000009,0.005666666667,0.0,0,1035.170000000198,cloud_dataset_real
3218,966.104,31.62,0.006,0.0,0,1035.6680000000001,cloud_dataset_real
3219,966.404,31.485,0.0055000000000000005,0.0,0,1035.671,cloud_dataset_real
3220,966.705,31.93500000009,0.007166666667,0.0,0,1036.962000000198,cloud_dataset_real
3221,967.005,31.57499999991,0.005833333333,0.0,0,1036.469999999802,cloud_dataset_real
3222,967.305,31.43999999991,0.005333333333,0.0,0,1036.472999999802,cloud_dataset_real
3223,967.605,31.53000000009,0.005666666667,0.0,0,1036.971000000198,cloud_dataset_real
3224,967.905,31.43999999991,0.005333333333,0.0,0,1037.072999999802,cloud_dataset_real
3225,968.205,31.485,0.0055000000000000005,0.0,0,1037.472,cloud_dataset_real
3226,968.505,31.485,0.0055000000000000005,0.0,0,1037.772,cloud_dataset_real
3227,968.805,31.35,0.005,0.0,0,1037.7749999999999,cloud_dataset_real
3228,969.105,31.53000000009,0.005666666667,0.0,0,1038.471000000198,cloud_dataset_real
3229,969.405,31.43999999991,0.005333333333,0.0,0,1038.572999999802,cloud_dataset_real
3230,969.705,31.43999999991,0.005333333333,0.0,0,1038.872999999802,cloud_dataset_real
3231,970.005,31.53000000009,0.005666666667,0.0,0,1039.371000000198,cloud_dataset_real
3232,970.305,31.53000000009,0.005666666667,0.0,0,1039.6710000001979,cloud_dataset_real
3233,970.605,31.53000000009,0.005666666667,0.0,0,1039.971000000198,cloud_dataset_real
3234,970.905,31.66500000009,0.006166666667000001,0.0,0,1040.568000000198,cloud_dataset_real
3235,971.205,32.835,0.0105,0.01048575,0,1043.442,cloud_dataset_real
3236,971.505,31.53000000009,0.005666666667,0.00349525,0,1040.871000000198,cloud_dataset_real
3237,971.805,31.70999999991,0.006333333333,0.0,0,1041.566999999802,cloud_dataset_real
3238,972.105,31.57499999991,0.005833333333,0.0,0,1041.5699999998021,cloud_dataset_real
3239,972.405,31.66500000009,0.006166666667000001,0.0,0,1042.068000000198,cloud_dataset_real
3240,972.705,31.62,0.006,0.0,0,1042.269,cloud_dataset_real
3241,973.005,31.53000000009,0.005666666667,0.0,0,1042.371000000198,cloud_dataset_real
3242,973.305,31.39500000009,0.005166666667000001,0.0,0,1042.374000000198,cloud_dataset_real
3243,973.605,31.84499999991,0.006833333333,0.00349525,0,1043.663999999802,cloud_dataset_real
3244,973.905,31.66500000009,0.006166666667000001,0.00209715,0,1043.568000000198,cloud_dataset_real
3245,974.205,31.39500000009,0.005166666667000001,0.0,0,1043.2740000001982,cloud_dataset_real
3246,974.505,31.755,0.006500000000000001,0.0041943,0,1044.366,cloud_dataset_real
3247,974.805,31.66500000009,0.006166666667000001,0.00209715,0,1044.468000000198,cloud_dataset_real
3248,975.105,31.39500000009,0.005166666667000001,0.0,0,1044.174000000198,cloud_dataset_real
3249,975.405,31.89,0.006999999999999999,0.0,0,1045.5629999999999,cloud_dataset_real
3250,975.705,31.57499999991,0.005833333333,0.0,0,1045.169999999802,cloud_dataset_real
3251,976.006,31.49464285722,0.0055357142859999995,0.0,0,1045.294214285884,cloud_dataset_real
3252,976.306,31.57499999991,0.005833333333,0.0,0,1045.7709999998021,cloud_dataset_real
3253,976.606,31.80000000009,0.006666666666999999,0.0,0,1046.566000000198,cloud_dataset_real
3254,976.906,31.43999999991,0.005333333333,0.0,0,1046.073999999802,cloud_dataset_real
3255,977.206,31.43999999991,0.005333333333,0.0,0,1046.373999999802,cloud_dataset_real
3256,977.506,33.55500000009,0.013166666666999999,0.01607815,0,1051.327000000198,cloud_dataset_real
3257,977.806,31.84499999991,0.006833333333,0.0153791,0,1047.864999999802,cloud_dataset_real
3258,978.106,31.93500000009,0.007166666667,0.0041943,0,1048.363000000198,cloud_dataset_real
3259,978.406,31.97999999991,0.007333333332999999,0.0,0,1048.761999999802,cloud_dataset_real
3260,978.705,31.84499999991,0.006833333333,0.0,0,1048.763999999802,cloud_dataset_real
3261,979.005,31.70999999991,0.006333333333,0.0,0,1048.766999999802,cloud_dataset_real
3262,979.305,31.93500000009,0.007166666667,0.0,0,1049.562000000198,cloud_dataset_real
3263,979.605,31.89,0.006999999999999999,0.0,0,1049.763,cloud_dataset_real
3264,979.905,31.485,0.0055000000000000005,0.0,0,1049.172,cloud_dataset_real
3265,980.205,31.66500000009,0.006166666667000001,0.0,0,1049.868000000198,cloud_dataset_real
3266,980.506,31.62,0.006,0.0,0,1050.07,cloud_dataset_real
3267,980.806,31.43999999991,0.005333333333,0.0,0,1049.9739999998021,cloud_dataset_real
3268,981.106,31.70999999991,0.006333333333,0.0,0,1050.867999999802,cloud_dataset_real
3269,981.406,31.70999999991,0.006333333333,0.00209715,0,1051.1679999998019,cloud_dataset_real
3270,981.706,31.66500000009,0.006166666667000001,0.0,0,1051.369000000198,cloud_dataset_real
3271,982.006,31.485,0.0055000000000000005,0.0,0,1051.273,cloud_dataset_real
3272,982.306,31.62,0.006,0.0,0,1051.8700000000001,cloud_dataset_real
3273,982.606,31.53000000009,0.005666666667,0.0,0,1051.972000000198,cloud_dataset_real
3274,982.906,31.84499999991,0.006833333333,0.0,0,1052.9649999998019,cloud_dataset_real
3275,983.206,31.755,0.006500000000000001,0.0,0,1053.067,cloud_dataset_real
3276,983.506,31.485,0.0055000000000000005,0.0,0,1052.773,cloud_dataset_real
3277,983.806,31.57499999991,0.005833333333,0.0,0,1053.2709999998021,cloud_dataset_real
3278,984.106,31.53000000009,0.005666666667,0.00069905,0,1053.472000000198,cloud_dataset_real
3279,984.406,31.43999999991,0.005333333333,0.00489335,0,1053.573999999802,cloud_dataset_real
3280,984.706,31.62,0.006,0.0,0,1054.27,cloud_dataset_real
3281,985.006,31.62,0.006,0.0,0,1054.57,cloud_dataset_real
3282,985.306,31.62,0.006,0.0,0,1054.8700000000001,cloud_dataset_real
3283,985.606,31.53000000009,0.005666666667,0.00349525,0,1054.972000000198,cloud_dataset_real
3284,985.906,31.53000000009,0.005666666667,0.00209715,0,1055.272000000198,cloud_dataset_real
3285,986.206,31.53000000009,0.005666666667,0.0,0,1055.572000000198,cloud_dataset_real
3286,986.506,31.66500000009,0.006166666667000001,0.0,0,1056.169000000198,cloud_dataset_real
3287,986.806,31.89,0.006999999999999999,0.0,0,1056.964,cloud_dataset_real
3288,987.106,31.70999999991,0.006333333333,0.0,0,1056.867999999802,cloud_dataset_real
3289,987.406,31.53000000009,0.005666666667,0.0,0,1056.772000000198,cloud_dataset_real
3290,987.706,31.755,0.006500000000000001,0.0,0,1057.567,cloud_dataset_real
3291,988.006,31.53000000009,0.005666666667,0.0,0,1057.3720000001979,cloud_dataset_real
3292,988.306,31.73571428583,0.006428571429,0.0,0,1058.1245714288261,cloud_dataset_real
3293,988.606,31.57499999991,0.005833333333,0.0,0,1058.070999999802,cloud_dataset_real
3294,988.906,31.39500000009,0.005166666667000001,0.0,0,1057.975000000198,cloud_dataset_real
3295,989.206,31.43999999991,0.005333333333,0.0,0,1058.373999999802,cloud_dataset_real
3296,989.506,31.62,0.006,0.0,0,1059.07,cloud_dataset_real
3297,989.806,31.485,0.0055000000000000005,0.0,0,1059.073,cloud_dataset_real
3298,990.107,31.70999999991,0.006333333333,0.0,0,1059.8689999998019,cloud_dataset_real
3299,990.407,31.80000000009,0.006666666666999999,0.0,0,1060.367000000198,cloud_dataset_real
3300,990.707,31.62,0.006,0.0,0,1060.271,cloud_dataset_real
3301,991.007,31.53000000009,0.005666666667,0.0,0,1060.3730000001979,cloud_dataset_real
3302,991.307,31.70999999991,0.006333333333,0.0,0,1061.068999999802,cloud_dataset_real
3303,991.607,31.53000000009,0.005666666667,0.0,0,1060.973000000198,cloud_dataset_real
3304,991.907,31.57499999991,0.005833333333,0.0,0,1061.371999999802,cloud_dataset_real
3305,992.207,31.80000000009,0.006666666666999999,0.0,0,1062.167000000198,cloud_dataset_real
3306,992.507,31.62,0.006,0.0,0,1062.071,cloud_dataset_real
3307,992.807,31.39500000009,0.005166666667000001,0.0,0,1061.876000000198,cloud_dataset_real
3308,993.107,31.93500000009,0.007166666667,0.0,0,1063.364000000198,cloud_dataset_real
3309,993.407,31.57499999991,0.005833333333,0.0,0,1062.871999999802,cloud_dataset_real
3310,993.707,31.755,0.006500000000000001,0.00349525,0,1063.568,cloud_dataset_real
3311,994.007,31.755,0.006500000000000001,0.00209715,0,1063.868,cloud_dataset_real
3312,994.307,31.62,0.006,0.0,0,1063.871,cloud_dataset_real
3313,994.607,31.39500000009,0.005166666667000001,0.0,0,1063.676000000198,cloud_dataset_real
3314,994.907,31.93500000009,0.007166666667,0.0,0,1065.164000000198,cloud_dataset_real
3315,995.207,31.70999999991,0.006333333333,0.0,0,1064.968999999802,cloud_dataset_real
3316,995.507,31.57499999991,0.005833333333,0.0,0,1064.971999999802,cloud_dataset_real
3317,995.807,31.88035714278,0.006964285714,0.0,0,1065.943785714116,cloud_dataset_real
3318,996.107,31.70999999991,0.006333333333,0.0,0,1065.8689999998019,cloud_dataset_real
3319,996.407,31.39500000009,0.005166666667000001,0.0,0,1065.476000000198,cloud_dataset_real
3320,996.707,31.53000000009,0.005666666667,0.0,0,1066.073000000198,cloud_dataset_real
3321,997.007,31.70999999991,0.006333333333,0.0,0,1066.768999999802,cloud_dataset_real
3322,997.307,31.62,0.006,0.00209715,0,1066.871,cloud_dataset_real
3323,997.607,31.70999999991,0.006333333333,0.0,0,1067.3689999998019,cloud_dataset_real
3324,997.907,31.66500000009,0.006166666667000001,0.0,0,1067.570000000198,cloud_dataset_real
3325,998.207,31.485,0.0055000000000000005,0.0,0,1067.474,cloud_dataset_real
3326,998.507,31.57499999991,0.005833333333,0.0,0,1067.971999999802,cloud_dataset_real
3327,998.807,31.755,0.006500000000000001,0.0,0,1068.6680000000001,cloud_dataset_real
3328,999.107,31.62,0.006,0.0,0,1068.671,cloud_dataset_real
3329,999.407,31.62,0.006,0.0,0,1068.971,cloud_dataset_real
3330,999.707,31.70999999991,0.006333333333,0.0,0,1069.468999999802,cloud_dataset_real
3331,1000.007,31.39500000009,0.005166666667000001,0.0,0,1069.0760000001978,cloud_dataset_real
3332,1000.308,31.70999999991,0.006333333333,0.0,0,1070.069999999802,cloud_dataset_real
3333,1000.608,31.66500000009,0.006166666667000001,0.0,0,1070.271000000198,cloud_dataset_real
3334,1000.908,31.62,0.006,0.0,0,1070.472,cloud_dataset_real
3335,1001.208,31.57499999991,0.005833333333,0.0,0,1070.672999999802,cloud_dataset_real
3336,1001.508,31.66500000009,0.006166666667000001,0.0,0,1071.171000000198,cloud_dataset_real
3337,1001.808,31.43999999991,0.005333333333,0.0,0,1070.975999999802,cloud_dataset_real
3338,1002.108,31.485,0.0055000000000000005,0.0,0,1071.375,cloud_dataset_real
3339,1002.408,31.70999999991,0.006333333333,0.0,0,1072.169999999802,cloud_dataset_real
3340,1002.708,31.57499999991,0.005833333333,0.0,0,1072.172999999802,cloud_dataset_real
3341,1003.008,31.485,0.0055000000000000005,0.0,0,1072.275,cloud_dataset_real
3342,1003.308,31.62,0.006,0.0,0,1072.872,cloud_dataset_real
3343,1003.608,31.53000000009,0.005666666667,0.0,0,1072.974000000198,cloud_dataset_real
3344,1003.908,31.39500000009,0.005166666667000001,0.0,0,1072.9770000001981,cloud_dataset_real
3345,1004.208,31.80000000009,0.006666666666999999,0.0,0,1074.168000000198,cloud_dataset_real
3346,1004.508,31.89,0.006999999999999999,0.0041943,0,1074.666,cloud_dataset_real
3347,1004.808,31.57499999991,0.005833333333,0.0,0,1074.272999999802,cloud_dataset_real
3348,1005.108,31.66500000009,0.006166666667000001,0.0,0,1074.771000000198,cloud_dataset_real
3349,1005.408,31.485,0.0055000000000000005,0.0,0,1074.675,cloud_dataset_real
3350,1005.708,31.53000000009,0.005666666667,0.0,0,1075.0740000001979,cloud_dataset_real
3351,1006.008,31.80000000009,0.006666666666999999,0.0,0,1075.9680000001981,cloud_dataset_real
3352,1006.308,31.66500000009,0.006166666667000001,0.0,0,1075.971000000198,cloud_dataset_real
3353,1006.608,31.54285714278,0.005714285714,0.0,0,1076.002285714116,cloud_dataset_real
3354,1006.908,31.485,0.0055000000000000005,0.0,0,1076.175,cloud_dataset_real
3355,1007.208,31.66500000009,0.006166666667000001,0.0,0,1076.871000000198,cloud_dataset_real
3356,1007.508,31.53000000009,0.005666666667,0.0,0,1076.874000000198,cloud_dataset_real
3357,1007.809,31.89,0.006999999999999999,0.0,0,1077.9669999999999,cloud_dataset_real
3358,1008.109,31.89,0.006999999999999999,0.0,0,1078.267,cloud_dataset_real
3359,1008.409,31.63928571417,0.006071428571,0.0,0,1078.015428571174,cloud_dataset_real
3360,1008.709,31.84499999991,0.006833333333,0.0,0,1078.767999999802,cloud_dataset_real
3361,1009.009,31.53000000009,0.005666666667,0.0,0,1078.375000000198,cloud_dataset_real
3362,1009.309,31.66500000009,0.006166666667000001,0.0,0,1078.972000000198,cloud_dataset_real
3363,1009.609,31.70999999991,0.006333333333,0.00209715,0,1079.370999999802,cloud_dataset_real
3364,1009.909,31.80000000009,0.006666666666999999,0.00209715,0,1079.869000000198,cloud_dataset_real
3365,1010.209,31.57499999991,0.005833333333,0.0,0,1079.673999999802,cloud_dataset_real
3366,1010.509,31.43999999991,0.005333333333,0.0,0,1079.676999999802,cloud_dataset_real
3367,1010.809,31.70999999991,0.006333333333,0.0,0,1080.5709999998019,cloud_dataset_real
3368,1011.109,31.44642857139,0.005357142857,0.0,0,1080.291142857058,cloud_dataset_real
3369,1011.409,31.84499999991,0.006833333333,0.0,0,1081.467999999802,cloud_dataset_real
3370,1011.708,31.84499999991,0.006833333333,0.0,0,1081.766999999802,cloud_dataset_real
3371,1012.008,31.59107142861,0.0058928571429999995,0.0,0,1081.508357142942,cloud_dataset_real
3372,1012.308,31.93500000009,0.007166666667,0.0,0,1082.565000000198,cloud_dataset_real
3373,1012.608,31.53000000009,0.005666666667,0.0,0,1081.974000000198,cloud_dataset_real
3374,1012.909,31.53000000009,0.005666666667,0.0,0,1082.275000000198,cloud_dataset_real
3375,1013.209,31.39500000009,0.005166666667000001,0.0,0,1082.278000000198,cloud_dataset_real
3376,1013.509,31.78392857139,0.006607142857,0.0,0,1083.433642857058,cloud_dataset_real
3377,1013.809,31.485,0.0055000000000000005,0.0,0,1083.076,cloud_dataset_real
3378,1014.109,31.35,0.005,0.0,0,1083.079,cloud_dataset_real
3379,1014.409,31.485,0.0055000000000000005,0.0,0,1083.676,cloud_dataset_real
3380,1014.709,31.485,0.0055000000000000005,0.0,0,1083.9759999999999,cloud_dataset_real
3381,1015.009,31.485,0.0055000000000000005,0.0,0,1084.276,cloud_dataset_real
3382,1015.309,31.59107142861,0.0058928571429999995,0.0,0,1084.809357142942,cloud_dataset_real
3383,1015.609,31.57499999991,0.005833333333,0.0,0,1085.073999999802,cloud_dataset_real
3384,1015.909,31.39821428583,0.0051785714289999995,0.002246946428125,0,1084.985071428826,cloud_dataset_real
3385,1016.209,31.6875,0.00625,0.0,0,1085.9215,cloud_dataset_real
3386,1016.509,31.62,0.006,0.0,0,1086.073,cloud_dataset_real
3387,1016.809,31.35,0.005,0.0,0,1085.779,cloud_dataset_real
3388,1017.109,31.80000000009,0.006666666666999999,0.0,0,1087.069000000198,cloud_dataset_real
3389,1017.409,31.57499999991,0.005833333333,0.0,0,1086.873999999802,cloud_dataset_real
3390,1017.709,31.43999999991,0.005333333333,0.0,0,1086.876999999802,cloud_dataset_real
3391,1018.009,31.66500000009,0.006166666667000001,0.0,0,1087.672000000198,cloud_dataset_real
3392,1018.309,31.62,0.006,0.0,0,1087.873,cloud_dataset_real
3393,1018.609,31.57499999991,0.005833333333,0.0,0,1088.073999999802,cloud_dataset_real
3394,1018.909,31.78392857139,0.006607142857,0.0,0,1088.833642857058,cloud_dataset_real
3395,1019.209,31.57499999991,0.005833333333,0.00908765,0,1088.673999999802,cloud_dataset_real
3396,1019.509,31.35,0.005,0.005242875,0,1088.479,cloud_dataset_real
3397,1019.809,31.43999999991,0.005333333333,0.0,0,1088.976999999802,cloud_dataset_real
3398,1020.109,31.66500000009,0.006166666667000001,0.0,0,1089.772000000198,cloud_dataset_real
3399,1020.409,31.70999999991,0.006333333333,0.0,0,1090.170999999802,cloud_dataset_real
3400,1020.709,31.97999999991,0.007333333332999999,0.0,0,1091.064999999802,cloud_dataset_real
3401,1021.009,31.89,0.006999999999999999,0.0,0,1091.167,cloud_dataset_real
3402,1021.309,31.57499999991,0.005833333333,0.0,0,1090.773999999802,cloud_dataset_real
3403,1021.609,31.485,0.0055000000000000005,0.0,0,1090.876,cloud_dataset_real
3404,1021.909,31.53000000009,0.005666666667,0.0,0,1091.275000000198,cloud_dataset_real
3405,1022.209,31.44642857139,0.005357142857,0.0,0,1091.391142857058,cloud_dataset_real
3406,1022.509,31.59107142861,0.0058928571429999995,0.0,0,1092.009357142942,cloud_dataset_real
3407,1022.809,31.83214285722,0.006785714286,0.0014979642859375,0,1092.839714285884,cloud_dataset_real
3408,1023.109,31.43999999991,0.005333333333,0.0,0,1092.276999999802,cloud_dataset_real
3409,1023.409,31.39821428583,0.0051785714289999995,0.0,0,1092.485071428826,cloud_dataset_real
3410,1023.709,31.54285714278,0.005714285714,0.0,0,1093.103285714116,cloud_dataset_real
3411,1024.009,31.53000000009,0.005666666667,0.0,0,1093.375000000198,cloud_dataset_real
3412,1024.31,31.57499999991,0.005833333333,0.0,0,1093.774999999802,cloud_dataset_real
3413,1024.61,31.485,0.0055000000000000005,0.0,0,1093.877,cloud_dataset_real
3414,1024.91,31.54285714278,0.005714285714,0.0,0,1094.304285714116,cloud_dataset_real
3415,1025.21,31.54285714278,0.005714285714,0.0,0,1094.604285714116,cloud_dataset_real
3416,1025.51,31.755,0.006500000000000001,0.0,0,1095.371,cloud_dataset_real
3417,1025.81,31.62,0.006,0.0,0,1095.374,cloud_dataset_real
3418,1026.11,31.43999999991,0.005333333333,0.0,0,1095.277999999802,cloud_dataset_real
3419,1026.41,31.63928571417,0.006071428571,0.0,0,1096.0164285711742,cloud_dataset_real
3420,1026.71,31.57499999991,0.005833333333,0.0,0,1096.1749999998021,cloud_dataset_real
3421,1027.01,31.70999999991,0.006333333333,0.0,0,1096.771999999802,cloud_dataset_real
3422,1027.31,31.97678571417,0.007321428571,0.002246946428125,0,1097.6589285711739,cloud_dataset_real
3423,1027.61,31.70999999991,0.006333333333,0.00209715,0,1097.3719999998018,cloud_dataset_real
3424,1027.91,31.78392857139,0.006607142857,0.0,0,1097.834642857058,cloud_dataset_real
3425,1028.21,31.93500000009,0.007166666667,0.0,0,1098.4670000001981,cloud_dataset_real
3426,1028.51,31.66500000009,0.006166666667000001,0.0,0,1098.173000000198,cloud_dataset_real
3427,1028.81,31.57499999991,0.005833333333,0.00209715,0,1098.274999999802,cloud_dataset_real
3428,1029.11,31.97999999991,0.007333333332999999,0.0055924,0,1099.4659999998019,cloud_dataset_real
3429,1029.41,31.84499999991,0.006833333333,0.0,0,1099.468999999802,cloud_dataset_real
3430,1029.71,33.46499999991,0.012833333333000001,0.02167055,0,1103.332999999802,cloud_dataset_real
3431,1030.01,31.755,0.006500000000000001,0.0,0,1099.871,cloud_dataset_real
3432,1030.31,31.66500000009,0.006166666667000001,0.0041943,0,1099.973000000198,cloud_dataset_real
3433,1030.61,31.35,0.005,0.0,0,1099.58,cloud_dataset_real
3434,1030.91,31.70999999991,0.006333333333,0.00209715,0,1100.671999999802,cloud_dataset_real
3435,1031.21,31.66500000009,0.006166666667000001,0.00209715,0,1100.873000000198,cloud_dataset_real
3436,1031.51,31.57499999991,0.005833333333,0.00489335,0,1100.974999999802,cloud_dataset_real
3437,1031.81,31.485,0.0055000000000000005,0.0013981,0,1101.077,cloud_dataset_real
3438,1032.11,31.62,0.006,0.0,0,1101.674,cloud_dataset_real
3439,1032.41,31.35,0.005,0.0,0,1101.38,cloud_dataset_real
3440,1032.71,31.97999999991,0.007333333332999999,0.0,0,1103.065999999802,cloud_dataset_real
3441,1033.01,31.89,0.006999999999999999,0.0027962,0,1103.168,cloud_dataset_real
3442,1033.31,31.485,0.0055000000000000005,0.00349525,0,1102.577,cloud_dataset_real
3443,1033.61,31.66500000009,0.006166666667000001,0.0,0,1103.273000000198,cloud_dataset_real
3444,1033.911,31.53000000009,0.005666666667,0.0,0,1103.277000000198,cloud_dataset_real
3445,1034.211,31.43999999991,0.005333333333,0.0,0,1103.378999999802,cloud_dataset_real
3446,1034.511,31.53000000009,0.005666666667,0.0,0,1103.877000000198,cloud_dataset_real
3447,1034.811,31.70999999991,0.006333333333,0.0,0,1104.5729999998018,cloud_dataset_real
3448,1035.111,31.66500000009,0.006166666667000001,0.0,0,1104.7740000001982,cloud_dataset_real
3449,1035.411,31.39500000009,0.005166666667000001,0.0,0,1104.480000000198,cloud_dataset_real
3450,1035.711,31.66500000009,0.006166666667000001,0.0,0,1105.374000000198,cloud_dataset_real
3451,1036.011,31.485,0.0055000000000000005,0.0,0,1105.278,cloud_dataset_real
3452,1036.311,31.89,0.006999999999999999,0.0,0,1106.4689999999998,cloud_dataset_real
3453,1036.611,31.84499999991,0.006833333333,0.0,0,1106.669999999802,cloud_dataset_real
3454,1036.911,31.62,0.006,0.0,0,1106.4750000000001,cloud_dataset_real
3455,1037.211,31.485,0.0055000000000000005,0.0,0,1106.478,cloud_dataset_real
3456,1037.511,31.70999999991,0.006333333333,0.0,0,1107.2729999998019,cloud_dataset_real
3457,1037.811,31.84499999991,0.006833333333,0.0,0,1107.8699999998018,cloud_dataset_real
3458,1038.111,31.57499999991,0.005833333333,0.0,0,1107.5759999998022,cloud_dataset_real
3459,1038.411,31.93500000009,0.007166666667,0.0,0,1108.6680000001982,cloud_dataset_real
3460,1038.711,31.755,0.006500000000000001,0.0,0,1108.5720000000001,cloud_dataset_real
3461,1039.011,31.485,0.0055000000000000005,0.0,0,1108.278,cloud_dataset_real
3462,1039.311,31.66500000009,0.006166666667000001,0.0,0,1108.974000000198,cloud_dataset_real
3463,1039.611,31.53000000009,0.005666666667,0.0,0,1108.9770000001981,cloud_dataset_real
3464,1039.911,31.80000000009,0.006666666666999999,0.0,0,1109.8710000001981,cloud_dataset_real
3465,1040.211,31.755,0.006500000000000001,0.0,0,1110.0720000000001,cloud_dataset_real
3466,1040.511,31.755,0.006500000000000001,0.0,0,1110.372,cloud_dataset_real
3467,1040.811,31.62,0.006,0.0,0,1110.375,cloud_dataset_real
3468,1041.111,31.485,0.0055000000000000005,0.0,0,1110.3780000000002,cloud_dataset_real
3469,1041.411,31.66500000009,0.006166666667000001,0.0,0,1111.074000000198,cloud_dataset_real
3470,1041.711,31.80000000009,0.006666666666999999,0.0083886,0,1111.671000000198,cloud_dataset_real
3471,1042.011,31.755,0.006500000000000001,0.00209715,0,1111.872,cloud_dataset_real
3472,1042.311,31.57499999991,0.005833333333,0.0,0,1111.775999999802,cloud_dataset_real
3473,1042.611,31.39500000009,0.005166666667000001,0.0,0,1111.680000000198,cloud_dataset_real
3474,1042.911,31.57499999991,0.005833333333,0.0,0,1112.3759999998022,cloud_dataset_real
3475,1043.211,31.57499999991,0.005833333333,0.00069905,0,1112.6759999998021,cloud_dataset_real
3476,1043.511,31.84499999991,0.006833333333,0.0013981,0,1113.569999999802,cloud_dataset_real
3477,1043.812,31.62,0.006,0.0,0,1113.376,cloud_dataset_real
3478,1044.111,31.755,0.006500000000000001,0.0,0,1113.9720000000002,cloud_dataset_real
3479,1044.411,31.39500000009,0.005166666667000001,0.0,0,1113.480000000198,cloud_dataset_real
3480,1044.711,31.70999999991,0.006333333333,0.0,0,1114.472999999802,cloud_dataset_real
3481,1045.011,31.755,0.006500000000000001,0.0,0,1114.872,cloud_dataset_real
3482,1045.311,31.43999999991,0.005333333333,0.0,0,1114.478999999802,cloud_dataset_real
3483,1045.611,31.84499999991,0.006833333333,0.0,0,1115.669999999802,cloud_dataset_real
3484,1045.911,31.485,0.0055000000000000005,0.0,0,1115.178,cloud_dataset_real
3485,1046.211,31.43999999991,0.005333333333,0.0,0,1115.378999999802,cloud_dataset_real
3486,1046.511,31.53000000009,0.005666666667,0.0,0,1115.877000000198,cloud_dataset_real
3487,1046.811,31.70999999991,0.006333333333,0.0,0,1116.5729999998018,cloud_dataset_real
3488,1047.111,31.62,0.006,0.0,0,1116.6750000000002,cloud_dataset_real
3489,1047.411,31.53000000009,0.005666666667,0.0,0,1116.777000000198,cloud_dataset_real
3490,1047.711,31.66500000009,0.006166666667000001,0.0,0,1117.374000000198,cloud_dataset_real
3491,1048.011,31.485,0.0055000000000000005,0.0,0,1117.278,cloud_dataset_real
3492,1048.311,31.35,0.005,0.0,0,1117.281,cloud_dataset_real
3493,1048.611,31.66500000009,0.006166666667000001,0.0,0,1118.2740000001982,cloud_dataset_real
3494,1048.911,31.53000000009,0.005666666667,0.0,0,1118.277000000198,cloud_dataset_real
3495,1049.211,31.62,0.006,0.0,0,1118.775,cloud_dataset_real
3496,1049.511,31.53000000009,0.005666666667,0.00069905,0,1118.877000000198,cloud_dataset_real
3497,1049.811,31.53000000009,0.005666666667,0.0013981,0,1119.177000000198,cloud_dataset_real
3498,1050.111,31.53000000009,0.005666666667,0.0,0,1119.4770000001981,cloud_dataset_real
3499,1050.411,32.025,0.0075,0.0,0,1120.866,cloud_dataset_real
3500,1050.712,31.66500000009,0.006166666667000001,0.0,0,1120.375000000198,cloud_dataset_real
3501,1051.012,31.485,0.0055000000000000005,0.0,0,1120.279,cloud_dataset_real
3502,1051.312,31.66500000009,0.006166666667000001,0.0,0,1120.975000000198,cloud_dataset_real
3503,1051.612,31.53000000009,0.005666666667,0.0,0,1120.978000000198,cloud_dataset_real
3504,1051.912,31.66500000009,0.006166666667000001,0.0,0,1121.575000000198,cloud_dataset_real
3505,1052.212,31.80000000009,0.006666666666999999,0.0,0,1122.172000000198,cloud_dataset_real
3506,1052.512,31.93500000009,0.007166666667,0.0,0,1122.769000000198,cloud_dataset_real
3507,1052.812,31.755,0.006500000000000001,0.0,0,1122.673,cloud_dataset_real
3508,1053.112,31.49464285722,0.0055357142859999995,0.0,0,1122.400214285884,cloud_dataset_real
3509,1053.412,31.62,0.006,0.00209715,0,1122.976,cloud_dataset_real
3510,1053.712,31.39500000009,0.005166666667000001,0.0,0,1122.781000000198,cloud_dataset_real
3511,1054.012,31.80000000009,0.006666666666999999,0.0,0,1123.972000000198,cloud_dataset_real
3512,1054.312,31.93500000009,0.007166666667,0.0,0,1124.569000000198,cloud_dataset_real
3513,1054.612,31.43999999991,0.005333333333,0.0,0,1123.7799999998022,cloud_dataset_real
3514,1054.912,31.62,0.006,0.0,0,1124.476,cloud_dataset_real
3515,1055.212,31.43999999991,0.005333333333,0.0,0,1124.379999999802,cloud_dataset_real
3516,1055.512,31.39500000009,0.005166666667000001,0.0,0,1124.581000000198,cloud_dataset_real
3517,1055.812,31.66500000009,0.006166666667000001,0.0,0,1125.475000000198,cloud_dataset_real
3518,1056.112,31.66500000009,0.006166666667000001,0.0,0,1125.7750000001981,cloud_dataset_real
3519,1056.412,31.35,0.005,0.0,0,1125.382,cloud_dataset_real
3520,1056.712,31.43999999991,0.005333333333,0.0,0,1125.879999999802,cloud_dataset_real
3521,1057.012,31.66500000009,0.006166666667000001,0.0,0,1126.675000000198,cloud_dataset_real
3522,1057.312,31.39500000009,0.005166666667000001,0.0,0,1126.381000000198,cloud_dataset_real
3523,1057.612,33.105,0.0115,0.0,0,1130.443,cloud_dataset_real
3524,1057.912,31.89,0.006999999999999999,0.0,0,1128.07,cloud_dataset_real
3525,1058.212,31.62,0.006,0.0,0,1127.776,cloud_dataset_real
3526,1058.512,31.39500000009,0.005166666667000001,0.0,0,1127.581000000198,cloud_dataset_real
3527,1058.812,31.53000000009,0.005666666667,0.0,0,1128.178000000198,cloud_dataset_real
3528,1059.112,31.57499999991,0.005833333333,0.0,0,1128.5769999998022,cloud_dataset_real
3529,1059.413,31.39500000009,0.005166666667000001,0.0,0,1128.482000000198,cloud_dataset_real
3530,1059.713,31.53000000009,0.005666666667,0.0,0,1129.079000000198,cloud_dataset_real
3531,1060.013,31.43999999991,0.005333333333,0.0,0,1129.180999999802,cloud_dataset_real
3532,1060.313,31.35,0.005,0.0,0,1129.2830000000001,cloud_dataset_real
3533,1060.613,31.62,0.006,0.0,0,1130.1770000000001,cloud_dataset_real
3534,1060.913,31.485,0.0055000000000000005,0.0,0,1130.18,cloud_dataset_real
3535,1061.213,31.485,0.0055000000000000005,0.0,0,1130.48,cloud_dataset_real
3536,1061.513,31.53000000009,0.005666666667,0.0,0,1130.879000000198,cloud_dataset_real
3537,1061.813,31.53000000009,0.005666666667,0.0,0,1131.1790000001981,cloud_dataset_real
3538,1062.113,31.53000000009,0.005666666667,0.0,0,1131.479000000198,cloud_dataset_real
3539,1062.413,31.53000000009,0.005666666667,0.0,0,1131.779000000198,cloud_dataset_real
3540,1062.713,31.53000000009,0.005666666667,0.0,0,1132.079000000198,cloud_dataset_real
3541,1063.013,31.39500000009,0.005166666667000001,0.0027962,0,1132.082000000198,cloud_dataset_real
3542,1063.313,31.755,0.006500000000000001,0.00209715,0,1133.1740000000002,cloud_dataset_real
3543,1063.613,31.57499999991,0.005833333333,0.0,0,1133.0779999998022,cloud_dataset_real
3544,1063.913,31.39500000009,0.005166666667000001,0.0,0,1132.982000000198,cloud_dataset_real
3545,1064.213,31.62,0.006,0.0,0,1133.777,cloud_dataset_real
3546,1064.513,31.53000000009,0.005666666667,0.0,0,1133.879000000198,cloud_dataset_real
3547,1064.813,31.53000000009,0.005666666667,0.0,0,1134.1790000001981,cloud_dataset_real
3548,1065.113,31.66500000009,0.006166666667000001,0.0,0,1134.776000000198,cloud_dataset_real
3549,1065.413,31.66500000009,0.006166666667000001,0.00209715,0,1135.076000000198,cloud_dataset_real
3550,1065.713,31.53000000009,0.005666666667,0.00209715,0,1135.079000000198,cloud_dataset_real
3551,1066.013,31.755,0.006500000000000001,0.00209715,0,1135.874,cloud_dataset_real
3552,1066.313,31.97999999991,0.007333333332999999,0.0,0,1136.668999999802,cloud_dataset_real
3553,1066.613,31.53000000009,0.005666666667,0.0,0,1135.979000000198,cloud_dataset_real
3554,1066.913,31.93500000009,0.007166666667,0.0,0,1137.1700000001981,cloud_dataset_real
3555,1067.213,31.57499999991,0.005833333333,0.0,0,1136.677999999802,cloud_dataset_real
3556,1067.513,31.39500000009,0.005166666667000001,0.0,0,1136.582000000198,cloud_dataset_real
3557,1067.813,32.025,0.0075,0.0,0,1138.268,cloud_dataset_real
3558,1068.113,31.70999999991,0.006333333333,0.0,0,1137.874999999802,cloud_dataset_real
3559,1068.413,31.84499999991,0.006833333333,0.0,0,1138.471999999802,cloud_dataset_real
3560,1068.713,31.80000000009,0.006666666666999999,0.0,0,1138.673000000198,cloud_dataset_real
3561,1069.013,31.97999999991,0.007333333332999999,0.0,0,1139.3689999998019,cloud_dataset_real
3562,1069.313,31.43999999991,0.005333333333,0.0,0,1138.4809999998022,cloud_dataset_real
3563,1069.613,31.93500000009,0.007166666667,0.0,0,1139.8700000001982,cloud_dataset_real
3564,1069.913,31.89,0.006999999999999999,0.0,0,1140.071,cloud_dataset_real
3565,1070.214,31.66500000009,0.006166666667000001,0.00489335,0,1139.877000000198,cloud_dataset_real
3566,1070.514,31.70999999991,0.006333333333,0.0,0,1140.2759999998018,cloud_dataset_real
3567,1070.814,31.62,0.006,0.0,0,1140.3780000000002,cloud_dataset_real
3568,1071.114,31.53000000009,0.005666666667,0.0,0,1140.480000000198,cloud_dataset_real
3569,1071.414,31.53000000009,0.005666666667,0.0,0,1140.780000000198,cloud_dataset_real
3570,1071.714,31.70999999991,0.006333333333,0.0,0,1141.4759999998018,cloud_dataset_real
3571,1072.014,31.70999999991,0.006333333333,0.0,0,1141.7759999998018,cloud_dataset_real
3572,1072.314,31.57499999991,0.005833333333,0.0,0,1141.7789999998022,cloud_dataset_real
3573,1072.614,31.70999999991,0.006333333333,0.0,0,1142.375999999802,cloud_dataset_real
3574,1072.914,31.53000000009,0.005666666667,0.0,0,1142.280000000198,cloud_dataset_real
3575,1073.214,31.62,0.006,0.0,0,1142.778,cloud_dataset_real
3576,1073.514,31.755,0.006500000000000001,0.0,0,1143.375,cloud_dataset_real
3577,1074.414,31.62,0.006,0.0,0,1143.978,cloud_dataset_real
3578,1074.714,31.62,0.006,0.0,0,1144.278,cloud_dataset_real
3579,1075.014,31.485,0.0055000000000000005,0.0,0,1144.281,cloud_dataset_real
3580,1075.314,31.66500000009,0.006166666667000001,0.0,0,1144.9770000001981,cloud_dataset_real
3581,1075.614,31.89,0.006999999999999999,0.0,0,1145.772,cloud_dataset_real
3582,1075.914,31.70999999991,0.006333333333,0.0,0,1145.675999999802,cloud_dataset_real
3583,1076.214,31.66500000009,0.006166666667000001,0.0,0,1145.877000000198,cloud_dataset_real
3584,1076.514,31.53000000009,0.005666666667,0.0,0,1145.880000000198,cloud_dataset_real
3585,1076.814,31.39500000009,0.005166666667000001,0.0,0,1145.883000000198,cloud_dataset_real
3586,1077.115,31.66500000009,0.006166666667000001,0.0,0,1146.778000000198,cloud_dataset_real
3587,1077.415,31.53000000009,0.005666666667,0.0,0,1146.781000000198,cloud_dataset_real
3588,1077.715,31.39500000009,0.005166666667000001,0.00209715,0,1146.784000000198,cloud_dataset_real
3589,1078.015,31.485,0.0055000000000000005,0.00489335,0,1147.2820000000002,cloud_dataset_real
3590,1078.315,31.57499999991,0.005833333333,0.0,0,1147.7799999998022,cloud_dataset_real
3591,1078.615,31.70999999991,0.006333333333,0.0,0,1148.376999999802,cloud_dataset_real
3592,1078.915,31.89,0.006999999999999999,0.0,0,1149.0729999999999,cloud_dataset_real
3593,1079.215,31.80000000009,0.006666666666999999,0.00209715,0,1149.175000000198,cloud_dataset_real
3594,1079.515,31.485,0.0055000000000000005,0.0027962,0,1148.7820000000002,cloud_dataset_real
3595,1079.815,33.15000000009,0.011666666667000001,0.0153791,0,1152.7450000001982,cloud_dataset_real
3596,1080.115,31.62,0.006,0.01468005,0,1149.679,cloud_dataset_real
3597,1080.415,31.57499999991,0.005833333333,0.00209715,0,1149.879999999802,cloud_dataset_real
3598,1080.715,31.62,0.006,0.0,0,1150.279,cloud_dataset_real
3599,1081.015,31.89,0.006999999999999999,0.0,0,1151.173,cloud_dataset_real
3600,1081.315,31.53000000009,0.005666666667,0.0,0,1150.681000000198,cloud_dataset_real
3601,1081.615,31.57499999991,0.005833333333,0.0,0,1151.079999999802,cloud_dataset_real
3602,1081.915,31.80000000009,0.006666666666999999,0.0,0,1151.875000000198,cloud_dataset_real
3603,1082.215,31.43999999991,0.005333333333,0.0,0,1151.382999999802,cloud_dataset_real
3604,1082.515,31.70999999991,0.006333333333,0.0,0,1152.276999999802,cloud_dataset_real
3605,1082.815,31.84499999991,0.006833333333,0.0,0,1152.873999999802,cloud_dataset_real
3606,1083.115,31.66500000009,0.006166666667000001,0.0,0,1152.778000000198,cloud_dataset_real
3607,1083.415,31.485,0.0055000000000000005,0.0,0,1152.682,cloud_dataset_real
3608,1083.715,31.53000000009,0.005666666667,0.0,0,1153.081000000198,cloud_dataset_real
3609,1084.015,31.62,0.006,0.0,0,1153.5790000000002,cloud_dataset_real
3610,1084.315,31.57499999991,0.005833333333,0.0,0,1153.7799999998022,cloud_dataset_real
3611,1084.615,31.84499999991,0.006833333333,0.0,0,1154.673999999802,cloud_dataset_real
3612,1084.915,31.53000000009,0.005666666667,0.0,0,1154.281000000198,cloud_dataset_real
3613,1085.215,31.35,0.005,0.0,0,1154.185,cloud_dataset_real
3614,1085.516,31.66500000009,0.006166666667000001,0.0,0,1155.1790000001981,cloud_dataset_real
3615,1085.816,31.62,0.006,0.0,0,1155.38,cloud_dataset_real
3616,1086.116,31.755,0.006500000000000001,0.0,0,1155.977,cloud_dataset_real
3617,1086.416,31.89,0.006999999999999999,0.0,0,1156.5739999999998,cloud_dataset_real
3618,1086.716,31.66500000009,0.006166666667000001,0.0,0,1156.379000000198,cloud_dataset_real
3619,1087.016,31.485,0.0055000000000000005,0.0,0,1156.2830000000001,cloud_dataset_real
3620,1087.316,31.93500000009,0.007166666667,0.0,0,1157.5730000001981,cloud_dataset_real
3621,1087.616,31.89,0.006999999999999999,0.0,0,1157.774,cloud_dataset_real
3622,1087.916,31.485,0.0055000000000000005,0.0,0,1157.183,cloud_dataset_real
3623,1088.216,31.62,0.006,0.0,0,1157.78,cloud_dataset_real
3624,1088.516,31.57499999991,0.005833333333,0.0,0,1157.9809999998022,cloud_dataset_real
3625,1088.816,31.39500000009,0.005166666667000001,0.0,0,1157.885000000198,cloud_dataset_real
3626,1089.116,31.53000000009,0.005666666667,0.0,0,1158.482000000198,cloud_dataset_real
3627,1089.416,31.485,0.0055000000000000005,0.0,0,1158.683,cloud_dataset_real
3628,1089.716,31.66500000009,0.006166666667000001,0.0,0,1159.379000000198,cloud_dataset_real
3629,1090.016,31.755,0.006500000000000001,0.00209715,0,1159.8770000000002,cloud_dataset_real
3630,1090.316,31.755,0.006500000000000001,0.0,0,1160.1770000000001,cloud_dataset_real
3631,1090.616,31.485,0.0055000000000000005,0.0,0,1159.883,cloud_dataset_real
3632,1090.916,31.62,0.006,0.0,0,1160.48,cloud_dataset_real
3633,1091.216,31.62,0.006,0.0,0,1160.78,cloud_dataset_real
3634,1091.516,31.35,0.005,0.0,0,1160.486,cloud_dataset_real
3635,1091.816,31.84499999991,0.006833333333,0.0,0,1161.874999999802,cloud_dataset_real
3636,1092.116,31.62,0.006,0.0,0,1161.68,cloud_dataset_real
3637,1092.416,31.485,0.0055000000000000005,0.0,0,1161.683,cloud_dataset_real
3638,1092.716,31.53000000009,0.005666666667,0.0,0,1162.082000000198,cloud_dataset_real
3639,1093.016,31.70999999991,0.006333333333,0.0,0,1162.777999999802,cloud_dataset_real
3640,1093.316,31.57499999991,0.005833333333,0.0,0,1162.7809999998021,cloud_dataset_real
3641,1093.616,31.57499999991,0.005833333333,0.0,0,1163.080999999802,cloud_dataset_real
3642,1093.916,31.62,0.006,0.0,0,1163.48,cloud_dataset_real
3643,1094.216,31.43999999991,0.005333333333,0.0,0,1163.383999999802,cloud_dataset_real
3644,1094.516,31.53000000009,0.005666666667,0.0,0,1163.882000000198,cloud_dataset_real
3645,1094.816,31.755,0.006500000000000001,0.0,0,1164.6770000000001,cloud_dataset_real
3646,1095.116,31.57499999991,0.005833333333,0.0,0,1164.580999999802,cloud_dataset_real
3647,1095.416,31.485,0.0055000000000000005,0.0,0,1164.683,cloud_dataset_real
3648,1095.716,31.57499999991,0.005833333333,0.0,0,1165.180999999802,cloud_dataset_real
3649,1096.016,31.57499999991,0.005833333333,0.0,0,1165.4809999998022,cloud_dataset_real
3650,1096.316,31.43999999991,0.005333333333,0.0,0,1165.483999999802,cloud_dataset_real
3651,1096.617,31.66500000009,0.006166666667000001,0.0,0,1166.280000000198,cloud_dataset_real
3652,1096.917,31.66500000009,0.006166666667000001,0.0,0,1166.580000000198,cloud_dataset_real
3653,1097.217,31.53000000009,0.005666666667,0.0,0,1166.5830000001981,cloud_dataset_real
3654,1097.517,31.80000000009,0.006666666666999999,0.0,0,1167.4770000001981,cloud_dataset_real
3655,1097.817,31.53000000009,0.005666666667,0.0,0,1167.183000000198,cloud_dataset_real
3656,1098.117,31.43999999991,0.005333333333,0.0,0,1167.284999999802,cloud_dataset_real
3657,1098.417,31.84499999991,0.006833333333,0.0,0,1168.4759999998018,cloud_dataset_real
3658,1098.717,31.70999999991,0.006333333333,0.0,0,1168.478999999802,cloud_dataset_real
3659,1099.017,31.755,0.006500000000000001,0.0,0,1168.8780000000002,cloud_dataset_real
3660,1099.317,31.57499999991,0.005833333333,0.0,0,1168.781999999802,cloud_dataset_real
3661,1099.617,31.62,0.006,0.0,0,1169.181,cloud_dataset_real
3662,1099.917,31.39500000009,0.005166666667000001,0.0,0,1168.986000000198,cloud_dataset_real
3663,1100.217,31.755,0.006500000000000001,0.0,0,1170.0780000000002,cloud_dataset_real
3664,1100.517,31.84499999991,0.006833333333,0.0,0,1170.575999999802,cloud_dataset_real
3665,1100.817,31.485,0.0055000000000000005,0.0,0,1170.084,cloud_dataset_real
3666,1101.117,31.66500000009,0.006166666667000001,0.0,0,1170.780000000198,cloud_dataset_real
3667,1101.417,31.57499999991,0.005833333333,0.00209715,0,1170.881999999802,cloud_dataset_real
3668,1101.717,31.53000000009,0.005666666667,0.0,0,1171.0830000001981,cloud_dataset_real
3669,1102.017,31.80000000009,0.006666666666999999,0.0,0,1171.9770000001981,cloud_dataset_real
3670,1102.317,31.80000000009,0.006666666666999999,0.0,0,1172.277000000198,cloud_dataset_real
3671,1102.617,31.53000000009,0.005666666667,0.0,0,1171.983000000198,cloud_dataset_real
3672,1102.917,31.57499999991,0.005833333333,0.0,0,1172.381999999802,cloud_dataset_real
3673,1103.217,31.755,0.006500000000000001,0.0,0,1173.0780000000002,cloud_dataset_real
3674,1103.517,31.57499999991,0.005833333333,0.0,0,1172.9819999998022,cloud_dataset_real
3675,1103.817,31.89,0.006999999999999999,0.0,0,1173.975,cloud_dataset_real
3676,1104.117,32.025,0.0075,0.0,0,1174.572,cloud_dataset_real
3677,1104.417,31.66500000009,0.006166666667000001,0.0,0,1174.080000000198,cloud_dataset_real
3678,1104.718,31.70999999991,0.006333333333,0.0,0,1174.479999999802,cloud_dataset_real
3679,1105.018,31.53000000009,0.005666666667,0.0,0,1174.384000000198,cloud_dataset_real
3680,1105.318,31.485,0.0055000000000000005,0.0,0,1174.585,cloud_dataset_real
3681,1105.618,31.485,0.0055000000000000005,0.0,0,1174.885,cloud_dataset_real
3682,1105.918,31.66500000009,0.006166666667000001,0.00209715,0,1175.581000000198,cloud_dataset_real
3683,1106.218,31.57499999991,0.005833333333,0.0,0,1175.6829999998022,cloud_dataset_real
3684,1106.518,31.35,0.005,0.0,0,1175.488,cloud_dataset_real
3685,1106.818,31.62,0.006,0.0,0,1176.382,cloud_dataset_real
3686,1107.118,31.485,0.0055000000000000005,0.0,0,1176.385,cloud_dataset_real
3687,1107.418,31.43999999991,0.005333333333,0.0,0,1176.585999999802,cloud_dataset_real
3688,1107.718,31.80000000009,0.006666666666999999,0.0,0,1177.6780000001982,cloud_dataset_real
3689,1108.018,31.62,0.006,0.0,0,1177.582,cloud_dataset_real
3690,1108.318,31.39500000009,0.005166666667000001,0.0,0,1177.387000000198,cloud_dataset_real
3691,1108.618,31.53000000009,0.005666666667,0.0,0,1177.984000000198,cloud_dataset_real
3692,1108.918,31.66500000009,0.006166666667000001,0.0,0,1178.581000000198,cloud_dataset_real
3693,1109.218,31.35,0.005,0.0,0,1178.188,cloud_dataset_real
3694,1109.518,31.62,0.006,0.0,0,1179.082,cloud_dataset_real
3695,1109.817,31.755,0.006500000000000001,0.0,0,1179.678,cloud_dataset_real
3696,1110.117,31.39500000009,0.005166666667000001,0.00069905,0,1179.186000000198,cloud_dataset_real
3697,1110.417,31.39500000009,0.005166666667000001,0.00768955,0,1179.486000000198,cloud_dataset_real
3698,1110.717,31.53000000009,0.005666666667,0.0027962,0,1180.0830000001981,cloud_dataset_real
3699,1111.017,31.62,0.006,0.0,0,1180.5810000000001,cloud_dataset_real
3700,1111.317,31.66500000009,0.006166666667000001,0.0,0,1180.980000000198,cloud_dataset_real
3701,1111.617,31.80000000009,0.006666666666999999,0.0,0,1181.577000000198,cloud_dataset_real
3702,1111.917,31.43999999991,0.005333333333,0.0,0,1181.084999999802,cloud_dataset_real
3703,1112.217,31.57499999991,0.005833333333,0.0,0,1181.6819999998022,cloud_dataset_real
3704,1112.517,31.93500000009,0.007166666667,0.0,0,1182.7740000001982,cloud_dataset_real
3705,1112.817,31.485,0.0055000000000000005,0.0,0,1182.084,cloud_dataset_real
3706,1113.117,31.755,0.006500000000000001,0.0,0,1182.978,cloud_dataset_real
3707,1113.417,31.57499999991,0.005833333333,0.0,0,1182.881999999802,cloud_dataset_real
3708,1113.717,31.53000000009,0.005666666667,0.0,0,1183.0830000001981,cloud_dataset_real
3709,1114.017,31.53000000009,0.005666666667,0.0,0,1183.383000000198,cloud_dataset_real
3710,1114.317,31.43999999991,0.005333333333,0.0,0,1183.484999999802,cloud_dataset_real
3711,1114.617,31.755,0.006500000000000001,0.0,0,1184.478,cloud_dataset_real
3712,1114.917,31.57499999991,0.005833333333,0.0,0,1184.381999999802,cloud_dataset_real
3713,1115.217,31.70999999991,0.006333333333,0.0,0,1184.978999999802,cloud_dataset_real
3714,1115.517,31.57499999991,0.005833333333,0.0,0,1184.9819999998022,cloud_dataset_real
3715,1115.818,31.66500000009,0.006166666667000001,0.0,0,1185.481000000198,cloud_dataset_real
3716,1116.118,31.89,0.006999999999999999,0.0,0,1186.2759999999998,cloud_dataset_real
3717,1116.418,31.62,0.006,0.0,0,1185.982,cloud_dataset_real
3718,1116.718,31.66500000009,0.006166666667000001,0.0,0,1186.3810000001981,cloud_dataset_real
3719,1117.018,31.485,0.0055000000000000005,0.0,0,1186.285,cloud_dataset_real
3720,1117.318,31.485,0.0055000000000000005,0.0,0,1186.585,cloud_dataset_real
3721,1117.618,31.62,0.006,0.00349525,0,1187.182,cloud_dataset_real
3722,1117.918,31.62,0.006,0.00209715,0,1187.482,cloud_dataset_real
3723,1118.218,31.53000000009,0.005666666667,0.0,0,1187.584000000198,cloud_dataset_real
3724,1118.518,31.84499999991,0.006833333333,0.0,0,1188.576999999802,cloud_dataset_real
3725,1118.818,31.70999999991,0.006333333333,0.0,0,1188.5799999998019,cloud_dataset_real
3726,1119.118,31.43999999991,0.005333333333,0.0,0,1188.285999999802,cloud_dataset_real
3727,1119.418,31.70999999991,0.006333333333,0.0,0,1189.1799999998018,cloud_dataset_real
3728,1119.718,31.80000000009,0.006666666666999999,0.0,0,1189.6780000001982,cloud_dataset_real
3729,1120.018,31.53000000009,0.005666666667,0.0,0,1189.384000000198,cloud_dataset_real
3730,1120.318,31.62,0.006,0.0,0,1189.882,cloud_dataset_real
3731,1120.618,31.70999999991,0.006333333333,0.0,0,1190.3799999998018,cloud_dataset_real
3732,1120.918,31.53000000009,0.005666666667,0.0,0,1190.284000000198,cloud_dataset_real
3733,1121.218,31.66500000009,0.006166666667000001,0.0,0,1190.8810000001981,cloud_dataset_real
3734,1121.518,31.84499999991,0.006833333333,0.0,0,1191.576999999802,cloud_dataset_real
3735,1121.818,31.97999999991,0.007333333332999999,0.0,0,1192.173999999802,cloud_dataset_real
3736,1122.118,31.53000000009,0.005666666667,0.0,0,1191.484000000198,cloud_dataset_real
3737,1122.418,31.66500000009,0.006166666667000001,0.0,0,1192.081000000198,cloud_dataset_real
3738,1122.718,31.62,0.006,0.0027962,0,1192.2820000000002,cloud_dataset_real
3739,1123.018,31.43999999991,0.005333333333,0.0013981,0,1192.185999999802,cloud_dataset_real
3740,1123.318,31.89,0.006999999999999999,0.0,0,1193.4759999999999,cloud_dataset_real
3741,1123.618,31.66500000009,0.006166666667000001,0.0,0,1193.281000000198,cloud_dataset_real
3742,1123.918,31.57499999991,0.005833333333,0.0,0,1193.382999999802,cloud_dataset_real
3743,1124.218,31.66500000009,0.006166666667000001,0.0,0,1193.8810000001981,cloud_dataset_real
3744,1124.518,31.62,0.006,0.00209715,0,1194.082,cloud_dataset_real
3745,1124.818,31.43999999991,0.005333333333,0.0,0,1193.985999999802,cloud_dataset_real
3746,1125.118,31.62,0.006,0.0,0,1194.682,cloud_dataset_real
3747,1125.418,31.755,0.006500000000000001,0.0,0,1195.279,cloud_dataset_real
3748,1125.718,31.57499999991,0.005833333333,0.0,0,1195.1829999998022,cloud_dataset_real
3749,1126.018,31.53000000009,0.005666666667,0.0,0,1195.384000000198,cloud_dataset_real
3750,1126.318,31.485,0.0055000000000000005,0.0,0,1195.585,cloud_dataset_real
3751,1126.618,31.485,0.0055000000000000005,0.0,0,1195.885,cloud_dataset_real
3752,1126.918,31.62,0.006,0.0,0,1196.482,cloud_dataset_real
3753,1127.218,31.80000000009,0.006666666666999999,0.0,0,1197.1780000001982,cloud_dataset_real
3754,1127.518,31.57499999991,0.005833333333,0.0,0,1196.9829999998021,cloud_dataset_real
3755,1127.819,31.485,0.0055000000000000005,0.0,0,1197.086,cloud_dataset_real
3756,1128.119,31.66500000009,0.006166666667000001,0.0,0,1197.782000000198,cloud_dataset_real
3757,1128.419,31.43999999991,0.005333333333,0.0,0,1197.5869999998022,cloud_dataset_real
3758,1128.719,31.80000000009,0.006666666666999999,0.0,0,1198.6790000001981,cloud_dataset_real
3759,1129.019,31.89,0.006999999999999999,0.0,0,1199.177,cloud_dataset_real
3760,1129.319,31.485,0.0055000000000000005,0.0,0,1198.586,cloud_dataset_real
3761,1129.619,31.43999999991,0.005333333333,0.0,0,1198.786999999802,cloud_dataset_real
3762,1129.919,31.66500000009,0.006166666667000001,0.0,0,1199.5820000001981,cloud_dataset_real
3763,1130.219,31.66500000009,0.006166666667000001,0.0,0,1199.882000000198,cloud_dataset_real
3764,1130.519,31.62,0.006,0.0,0,1200.083,cloud_dataset_real
3765,1130.819,31.84499999991,0.006833333333,0.0,0,1200.877999999802,cloud_dataset_real
3766,1131.119,31.485,0.0055000000000000005,0.0,0,1200.386,cloud_dataset_real
3767,1131.419,31.35,0.005,0.0,0,1200.3890000000001,cloud_dataset_real
3768,1131.719,31.66500000009,0.006166666667000001,0.0,0,1201.382000000198,cloud_dataset_real
3769,1132.019,31.57499999991,0.005833333333,0.0,0,1201.483999999802,cloud_dataset_real
3770,1132.319,31.62,0.006,0.0,0,1201.883,cloud_dataset_real
3771,1132.619,31.93500000009,0.007166666667,0.0,0,1202.876000000198,cloud_dataset_real
3772,1132.919,31.84499999991,0.006833333333,0.0,0,1202.977999999802,cloud_dataset_real
3773,1133.219,31.485,0.0055000000000000005,0.0,0,1202.486,cloud_dataset_real
3774,1133.519,31.62,0.006,0.0,0,1203.083,cloud_dataset_real
3775,1133.819,31.62,0.006,0.0,0,1203.383,cloud_dataset_real
3776,1134.119,31.62,0.006,0.0,0,1203.683,cloud_dataset_real
3777,1134.419,31.66500000009,0.006166666667000001,0.0,0,1204.0820000001981,cloud_dataset_real
3778,1134.719,31.57499999991,0.005833333333,0.0,0,1204.1839999998022,cloud_dataset_real
3779,1135.019,31.39500000009,0.005166666667000001,0.0,0,1204.088000000198,cloud_dataset_real
3780,1135.319,31.62,0.006,0.0,0,1204.883,cloud_dataset_real
3781,1135.619,33.42000000009,0.012666666666999999,0.0125829,0,1209.1430000001978,cloud_dataset_real
3782,1135.919,31.93500000009,0.007166666667,0.0,0,1206.1760000001982,cloud_dataset_real
3783,1136.219,31.755,0.006500000000000001,0.0,0,1206.0800000000002,cloud_dataset_real
3784,1136.519,31.89,0.006999999999999999,0.0,0,1206.677,cloud_dataset_real
3785,1136.819,31.39500000009,0.005166666667000001,0.0,0,1205.888000000198,cloud_dataset_real
3786,1137.119,31.57499999991,0.005833333333,0.0,0,1206.583999999802,cloud_dataset_real
3787,1137.42,31.84499999991,0.006833333333,0.0,0,1207.478999999802,cloud_dataset_real
3788,1137.72,31.39500000009,0.005166666667000001,0.0,0,1206.789000000198,cloud_dataset_real
3789,1138.02,31.755,0.006500000000000001,0.0,0,1207.881,cloud_dataset_real
3790,1138.32,31.62,0.006,0.0,0,1207.884,cloud_dataset_real
3791,1138.62,31.43999999991,0.005333333333,0.0,0,1207.787999999802,cloud_dataset_real
3792,1138.92,31.485,0.0055000000000000005,0.0,0,1208.1870000000001,cloud_dataset_real
3793,1139.22,31.53000000009,0.005666666667,0.00209715,0,1208.586000000198,cloud_dataset_real
3794,1139.52,31.70999999991,0.006333333333,0.00209715,0,1209.2819999998019,cloud_dataset_real
3795,1139.82,31.57499999991,0.005833333333,0.0,0,1209.284999999802,cloud_dataset_real
3796,1140.12,31.70999999991,0.006333333333,0.0,0,1209.8819999998018,cloud_dataset_real
3797,1140.42,31.53000000009,0.005666666667,0.0,0,1209.786000000198,cloud_dataset_real
3798,1140.72,31.485,0.0055000000000000005,0.0,0,1209.987,cloud_dataset_real
3799,1141.02,31.93500000009,0.007166666667,0.00349525,0,1211.277000000198,cloud_dataset_real
3800,1141.32,31.84499999991,0.006833333333,0.0013981,0,1211.3789999998019,cloud_dataset_real
3801,1141.62,31.80000000009,0.006666666666999999,0.0,0,1211.580000000198,cloud_dataset_real
3802,1141.92,31.66500000009,0.006166666667000001,0.0,0,1211.5830000001981,cloud_dataset_real
3803,1142.22,31.62,0.006,0.0,0,1211.784,cloud_dataset_real
3804,1142.52,31.35,0.005,0.0,0,1211.49,cloud_dataset_real
3805,1142.82,31.70999999991,0.006333333333,0.0,0,1212.5819999998018,cloud_dataset_real
3806,1143.12,31.66500000009,0.006166666667000001,0.0,0,1212.783000000198,cloud_dataset_real
3807,1143.42,31.43999999991,0.005333333333,0.0,0,1212.5879999998022,cloud_dataset_real
3808,1143.72,31.755,0.006500000000000001,0.0,0,1213.5810000000001,cloud_dataset_real
3809,1144.02,32.7,0.01,0.0041943,0,1215.96,cloud_dataset_real
3810,1144.32,31.485,0.0055000000000000005,0.0,0,1213.587,cloud_dataset_real
3811,1144.62,31.89,0.006999999999999999,0.0,0,1214.7779999999998,cloud_dataset_real
3812,1144.92,31.66500000009,0.006166666667000001,0.0,0,1214.5830000001981,cloud_dataset_real
3813,1145.22,31.755,0.006500000000000001,0.0,0,1215.0810000000001,cloud_dataset_real
3814,1145.52,31.53000000009,0.005666666667,0.0,0,1214.886000000198,cloud_dataset_real
3815,1145.82,31.57499999991,0.005833333333,0.0,0,1215.284999999802,cloud_dataset_real
3816,1146.12,31.35,0.005,0.0,0,1215.09,cloud_dataset_real
3817,1146.42,31.80000000009,0.006666666666999999,0.0,0,1216.3800000001982,cloud_dataset_real
3818,1146.72,31.84499999991,0.006833333333,0.0,0,1216.778999999802,cloud_dataset_real
3819,1147.02,31.57499999991,0.005833333333,0.0,0,1216.484999999802,cloud_dataset_real
3820,1147.32,31.66500000009,0.006166666667000001,0.0,0,1216.983000000198,cloud_dataset_real
3821,1147.62,31.66500000009,0.006166666667000001,0.0,0,1217.283000000198,cloud_dataset_real
3822,1147.92,31.35,0.005,0.0,0,1216.89,cloud_dataset_real
3823,1148.22,31.70999999991,0.006333333333,0.0,0,1217.981999999802,cloud_dataset_real
3824,1148.52,31.62,0.006,0.0,0,1218.084,cloud_dataset_real
3825,1148.82,31.43999999991,0.005333333333,0.0,0,1217.987999999802,cloud_dataset_real
3826,1149.12,31.53000000009,0.005666666667,0.0,0,1218.486000000198,cloud_dataset_real
3827,1149.42,31.84499999991,0.006833333333,0.0,0,1219.478999999802,cloud_dataset_real
3828,1149.72,31.35,0.005,0.0,0,1218.69,cloud_dataset_real
3829,1150.02,31.53000000009,0.005666666667,0.0,0,1219.386000000198,cloud_dataset_real
3830,1150.321,31.53000000009,0.005666666667,0.0,0,1219.687000000198,cloud_dataset_real
3831,1150.621,31.39500000009,0.005166666667000001,0.0,0,1219.690000000198,cloud_dataset_real
3832,1150.921,31.62,0.006,0.0,0,1220.4850000000001,cloud_dataset_real
3833,1151.221,31.62,0.006,0.0,0,1220.785,cloud_dataset_real
3834,1151.521,31.39500000009,0.005166666667000001,0.0,0,1220.590000000198,cloud_dataset_real
3835,1151.821,31.53000000009,0.005666666667,0.0,0,1221.187000000198,cloud_dataset_real
3836,1152.121,31.66500000009,0.006166666667000001,0.00209715,0,1221.7840000001981,cloud_dataset_real
3837,1152.421,31.62,0.006,0.0,0,1221.9850000000001,cloud_dataset_real
3838,1152.721,31.39500000009,0.005166666667000001,0.0,0,1221.790000000198,cloud_dataset_real
3839,1153.021,31.66500000009,0.006166666667000001,0.0,0,1222.684000000198,cloud_dataset_real
3840,1153.321,31.53000000009,0.005666666667,0.0,0,1222.687000000198,cloud_dataset_real
3841,1153.621,31.53000000009,0.005666666667,0.0,0,1222.9870000001981,cloud_dataset_real
3842,1153.921,31.66500000009,0.006166666667000001,0.0,0,1223.584000000198,cloud_dataset_real
3843,1154.221,31.53000000009,0.005666666667,0.0,0,1223.587000000198,cloud_dataset_real
3844,1154.521,31.39500000009,0.005166666667000001,0.0,0,1223.590000000198,cloud_dataset_real
3845,1154.821,31.66500000009,0.006166666667000001,0.0,0,1224.484000000198,cloud_dataset_real
3846,1155.121,31.53000000009,0.005666666667,0.0,0,1224.4870000001981,cloud_dataset_real
3847,1155.421,31.485,0.0055000000000000005,0.0,0,1224.688,cloud_dataset_real
3848,1155.721,31.80000000009,0.006666666666999999,0.0,0,1225.681000000198,cloud_dataset_real
3849,1156.021,31.70999999991,0.006333333333,0.0,0,1225.7829999998019,cloud_dataset_real
3850,1156.321,31.70999999991,0.006333333333,0.0,0,1226.0829999998018,cloud_dataset_real
3851,1156.621,31.80000000009,0.006666666666999999,0.0,0,1226.5810000001982,cloud_dataset_real
3852,1156.921,31.70999999991,0.006333333333,0.0,0,1226.682999999802,cloud_dataset_real
3853,1157.221,31.93500000009,0.007166666667,0.0,0,1227.478000000198,cloud_dataset_real
3854,1157.521,31.89,0.006999999999999999,0.0,0,1227.6789999999999,cloud_dataset_real
3855,1157.821,31.84499999991,0.006833333333,0.0,0,1227.8799999998018,cloud_dataset_real
3856,1158.121,31.97999999991,0.007333333332999999,0.0,0,1228.476999999802,cloud_dataset_real
3857,1158.421,31.70999999991,0.006333333333,0.0,0,1228.182999999802,cloud_dataset_real
3858,1158.721,31.755,0.006500000000000001,0.0,0,1228.582,cloud_dataset_real
3859,1159.021,31.53000000009,0.005666666667,0.0,0,1228.387000000198,cloud_dataset_real
3860,1159.321,31.755,0.006500000000000001,0.0,0,1229.182,cloud_dataset_real
3861,1159.621,31.80000000009,0.006666666666999999,0.0,0,1229.5810000001982,cloud_dataset_real
3862,1159.921,31.35,0.005,0.0,0,1228.891,cloud_dataset_real
3863,1160.221,31.57499999991,0.005833333333,0.0,0,1229.685999999802,cloud_dataset_real
3864,1160.521,31.53000000009,0.005666666667,0.0,0,1229.887000000198,cloud_dataset_real
3865,1160.821,31.43999999991,0.005333333333,0.0,0,1229.988999999802,cloud_dataset_real
3866,1161.121,31.66500000009,0.006166666667000001,0.00209715,0,1230.7840000001981,cloud_dataset_real
3867,1161.421,31.84499999991,0.006833333333,0.00209715,0,1231.479999999802,cloud_dataset_real
3868,1161.721,31.39500000009,0.005166666667000001,0.0,0,1230.790000000198,cloud_dataset_real
3869,1162.021,31.485,0.0055000000000000005,0.0,0,1231.288,cloud_dataset_real
3870,1162.322,31.80000000009,0.006666666666999999,0.0,0,1232.282000000198,cloud_dataset_real
3871,1162.622,31.43999999991,0.005333333333,0.0,0,1231.7899999998021,cloud_dataset_real
3872,1162.922,31.62,0.006,0.0,0,1232.486,cloud_dataset_real
3873,1163.222,31.53000000009,0.005666666667,0.0,0,1232.588000000198,cloud_dataset_real
3874,1163.522,31.57499999991,0.005833333333,0.0,0,1232.986999999802,cloud_dataset_real
3875,1163.822,31.57499999991,0.005833333333,0.0055924,0,1233.286999999802,cloud_dataset_real
3876,1164.122,31.80000000009,0.006666666666999999,0.0,0,1234.0820000001981,cloud_dataset_real
3877,1164.422,31.57499999991,0.005833333333,0.00209715,0,1233.8869999998021,cloud_dataset_real
3878,1164.722,31.53000000009,0.005666666667,0.0,0,1234.088000000198,cloud_dataset_real
3879,1165.022,31.70999999991,0.006333333333,0.0,0,1234.7839999998018,cloud_dataset_real
3880,1165.322,31.485,0.0055000000000000005,0.0,0,1234.589,cloud_dataset_real
3881,1165.622,31.485,0.0055000000000000005,0.0,0,1234.8890000000001,cloud_dataset_real
3882,1165.922,31.80000000009,0.006666666666999999,0.0,0,1235.882000000198,cloud_dataset_real
3883,1166.222,31.70999999991,0.006333333333,0.0,0,1235.9839999998019,cloud_dataset_real
3884,1166.522,31.66500000009,0.006166666667000001,0.0,0,1236.185000000198,cloud_dataset_real
3885,1166.822,31.755,0.006500000000000001,0.0,0,1236.683,cloud_dataset_real
3886,1167.122,31.755,0.006500000000000001,0.0,0,1236.9830000000002,cloud_dataset_real
3887,1167.422,31.43999999991,0.005333333333,0.0,0,1236.589999999802,cloud_dataset_real
3888,1167.722,31.62,0.006,0.0,0,1237.286,cloud_dataset_real
3889,1168.022,31.80000000009,0.006666666666999999,0.00209715,0,1237.982000000198,cloud_dataset_real
3890,1168.322,31.66500000009,0.006166666667000001,0.0,0,1237.985000000198,cloud_dataset_real
3891,1168.622,31.66500000009,0.006166666667000001,0.0,0,1238.2850000001981,cloud_dataset_real
3892,1168.922,31.53000000009,0.005666666667,0.0,0,1238.288000000198,cloud_dataset_real
3893,1169.222,31.43999999991,0.005333333333,0.0,0,1238.389999999802,cloud_dataset_real
3894,1169.522,31.57499999991,0.005833333333,0.0,0,1238.986999999802,cloud_dataset_real
3895,1169.822,31.62,0.006,0.0,0,1239.386,cloud_dataset_real
3896,1170.122,31.62,0.006,0.00209715,0,1239.6860000000001,cloud_dataset_real
3897,1170.422,31.62,0.006,0.0,0,1239.986,cloud_dataset_real
3898,1170.722,31.57499999991,0.005833333333,0.0,0,1240.186999999802,cloud_dataset_real
3899,1171.022,31.35,0.005,0.0,0,1239.992,cloud_dataset_real
3900,1171.322,31.70999999991,0.006333333333,0.0,0,1241.0839999998018,cloud_dataset_real
3901,1171.622,31.485,0.0055000000000000005,0.0,0,1240.8890000000001,cloud_dataset_real
3902,1171.922,31.39500000009,0.005166666667000001,0.0,0,1240.991000000198,cloud_dataset_real
3903,1172.222,31.66500000009,0.006166666667000001,0.0,0,1241.885000000198,cloud_dataset_real
3904,1172.522,31.485,0.0055000000000000005,0.0,0,1241.789,cloud_dataset_real
3905,1172.822,31.485,0.0055000000000000005,0.0,0,1242.089,cloud_dataset_real
3906,1173.122,31.62,0.006,0.0,0,1242.6860000000001,cloud_dataset_real
3907,1173.423,31.84499999991,0.006833333333,0.0,0,1243.481999999802,cloud_dataset_real
3908,1173.723,31.485,0.0055000000000000005,0.0,0,1242.99,cloud_dataset_real
3909,1174.023,31.53000000009,0.005666666667,0.0,0,1243.389000000198,cloud_dataset_real
3910,1174.323,31.57499999991,0.005833333333,0.0,0,1243.7879999998022,cloud_dataset_real
3911,1174.623,31.39500000009,0.005166666667000001,0.0,0,1243.692000000198,cloud_dataset_real
3912,1174.923,31.70999999991,0.006333333333,0.0,0,1244.684999999802,cloud_dataset_real
3913,1175.222,31.80000000009,0.006666666666999999,0.0,0,1245.182000000198,cloud_dataset_real
3914,1175.522,31.485,0.0055000000000000005,0.0,0,1244.789,cloud_dataset_real
3915,1175.822,31.66500000009,0.006166666667000001,0.0,0,1245.485000000198,cloud_dataset_real
3916,1176.122,31.485,0.0055000000000000005,0.0,0,1245.3890000000001,cloud_dataset_real
3917,1176.422,31.485,0.0055000000000000005,0.0,0,1245.689,cloud_dataset_real
3918,1176.722,31.39500000009,0.005166666667000001,0.0,0,1245.791000000198,cloud_dataset_real
3919,1177.022,31.57499999991,0.005833333333,0.0,0,1246.486999999802,cloud_dataset_real
3920,1177.322,31.62,0.006,0.0,0,1246.886,cloud_dataset_real
3921,1177.622,31.35,0.005,0.0,0,1246.592,cloud_dataset_real
3922,1177.922,31.62,0.006,0.0,0,1247.486,cloud_dataset_real
3923,1178.222,31.53000000009,0.005666666667,0.0,0,1247.588000000198,cloud_dataset_real
3924,1178.522,31.89,0.006999999999999999,0.0,0,1248.6799999999998,cloud_dataset_real
3925,1178.822,31.755,0.006500000000000001,0.0,0,1248.683,cloud_dataset_real
3926,1179.122,31.66500000009,0.006166666667000001,0.0,0,1248.7850000001981,cloud_dataset_real
3927,1179.422,31.485,0.0055000000000000005,0.0,0,1248.689,cloud_dataset_real
3928,1179.723,31.53000000009,0.005666666667,0.0,0,1249.089000000198,cloud_dataset_real
3929,1180.023,31.66500000009,0.006166666667000001,0.0,0,1249.686000000198,cloud_dataset_real
3930,1180.323,31.43999999991,0.005333333333,0.0,0,1249.4909999998022,cloud_dataset_real
3931,1180.623,31.84499999991,0.006833333333,0.0,0,1250.681999999802,cloud_dataset_real
3932,1180.923,31.485,0.0055000000000000005,0.0,0,1250.19,cloud_dataset_real
3933,1181.223,31.35,0.005,0.0,0,1250.193,cloud_dataset_real
3934,1181.523,31.66500000009,0.006166666667000001,0.0,0,1251.186000000198,cloud_dataset_real
3935,1181.823,31.62,0.006,0.0,0,1251.3870000000002,cloud_dataset_real
3936,1182.123,31.755,0.006500000000000001,0.0055924,0,1251.9840000000002,cloud_dataset_real
3937,1182.423,31.66500000009,0.006166666667000001,0.00489335,0,1252.086000000198,cloud_dataset_real
3938,1182.723,31.84499999991,0.006833333333,0.0,0,1252.7819999998019,cloud_dataset_real
3939,1183.023,31.39500000009,0.005166666667000001,0.0,0,1252.092000000198,cloud_dataset_real
3940,1183.323,31.53000000009,0.005666666667,0.0,0,1252.6890000001981,cloud_dataset_real
3941,1183.623,31.66500000009,0.006166666667000001,0.0,0,1253.286000000198,cloud_dataset_real
3942,1183.923,31.57499999991,0.005833333333,0.0,0,1253.387999999802,cloud_dataset_real
3943,1184.223,31.66500000009,0.006166666667000001,0.0,0,1253.886000000198,cloud_dataset_real
3944,1184.523,31.485,0.0055000000000000005,0.0,0,1253.79,cloud_dataset_real
3945,1184.823,31.485,0.0055000000000000005,0.0,0,1254.0900000000001,cloud_dataset_real
3946,1185.123,31.62,0.006,0.0,0,1254.6870000000001,cloud_dataset_real
3947,1185.423,31.53000000009,0.005666666667,0.0,0,1254.789000000198,cloud_dataset_real
3948,1185.723,31.485,0.0055000000000000005,0.0,0,1254.99,cloud_dataset_real
3949,1186.023,31.485,0.0055000000000000005,0.0,0,1255.29,cloud_dataset_real
3950,1186.323,31.70999999991,0.006333333333,0.0013981,0,1256.084999999802,cloud_dataset_real
3951,1186.624,31.43999999991,0.005333333333,0.00069905,0,1255.791999999802,cloud_dataset_real
3952,1186.924,31.43999999991,0.005333333333,0.0,0,1256.091999999802,cloud_dataset_real
3953,1187.224,31.80000000009,0.006666666666999999,0.0,0,1257.184000000198,cloud_dataset_real
3954,1187.524,31.755,0.006500000000000001,0.0,0,1257.385,cloud_dataset_real
3955,1187.824,31.66500000009,0.006166666667000001,0.0,0,1257.4870000001981,cloud_dataset_real
3956,1188.124,31.53000000009,0.005666666667,0.0,0,1257.490000000198,cloud_dataset_real
3957,1188.424,31.485,0.0055000000000000005,0.0,0,1257.691,cloud_dataset_real
3958,1188.724,31.43999999991,0.005333333333,0.0,0,1257.891999999802,cloud_dataset_real
3959,1189.024,31.66500000009,0.006166666667000001,0.0,0,1258.687000000198,cloud_dataset_real
3960,1189.324,31.84499999991,0.006833333333,0.0,0,1259.382999999802,cloud_dataset_real
3961,1189.624,33.05999999991,0.011333333333,0.0013981,0,1262.355999999802,cloud_dataset_real
3962,1189.924,31.93500000009,0.007166666667,0.00069905,0,1260.181000000198,cloud_dataset_real
3963,1190.224,31.70999999991,0.006333333333,0.0,0,1259.9859999998018,cloud_dataset_real
3964,1190.524,31.62,0.006,0.0,0,1260.088,cloud_dataset_real
3965,1190.824,31.62,0.006,0.0,0,1260.3880000000001,cloud_dataset_real
3966,1191.124,31.62,0.006,0.0,0,1260.688,cloud_dataset_real
3967,1191.424,31.70999999991,0.006333333333,0.0,0,1261.1859999998019,cloud_dataset_real
3968,1191.724,31.66500000009,0.006166666667000001,0.0,0,1261.387000000198,cloud_dataset_real
3969,1192.024,31.66500000009,0.006166666667000001,0.0,0,1261.687000000198,cloud_dataset_real
3970,1192.324,31.43999999991,0.005333333333,0.0,0,1261.4919999998021,cloud_dataset_real
3971,1192.624,31.62,0.006,0.0,0,1262.188,cloud_dataset_real
3972,1192.924,31.89,0.006999999999999999,0.0,0,1263.0819999999999,cloud_dataset_real
3973,1193.224,31.485,0.0055000000000000005,0.0,0,1262.491,cloud_dataset_real
3974,1193.524,31.70999999991,0.006333333333,0.0,0,1263.2859999998018,cloud_dataset_real
3975,1193.824,31.57499999991,0.005833333333,0.0,0,1263.2889999998022,cloud_dataset_real
3976,1194.124,31.70999999991,0.006333333333,0.0,0,1263.885999999802,cloud_dataset_real
3977,1194.424,31.70999999991,0.006333333333,0.0,0,1264.1859999998019,cloud_dataset_real
3978,1194.724,31.755,0.006500000000000001,0.0,0,1264.585,cloud_dataset_real
3979,1195.024,31.53000000009,0.005666666667,0.00489335,0,1264.390000000198,cloud_dataset_real
3980,1195.324,31.62,0.006,0.00069905,0,1264.8880000000001,cloud_dataset_real
3981,1195.625,31.485,0.0055000000000000005,0.0,0,1264.892,cloud_dataset_real
3982,1195.925,31.35,0.005,0.0,0,1264.895,cloud_dataset_real
3983,1196.225,31.53000000009,0.005666666667,0.0,0,1265.591000000198,cloud_dataset_real
3984,1196.525,31.53000000009,0.005666666667,0.0,0,1265.8910000001981,cloud_dataset_real
3985,1196.825,31.39500000009,0.005166666667000001,0.0,0,1265.894000000198,cloud_dataset_real
3986,1197.125,31.62,0.006,0.0,0,1266.689,cloud_dataset_real
3987,1197.425,31.485,0.0055000000000000005,0.0,0,1266.692,cloud_dataset_real
3988,1197.725,31.43999999991,0.005333333333,0.0,0,1266.892999999802,cloud_dataset_real
3989,1198.025,31.485,0.0055000000000000005,0.0,0,1267.2920000000001,cloud_dataset_real
3990,1198.325,31.70999999991,0.006333333333,0.0,0,1268.086999999802,cloud_dataset_real
3991,1198.625,31.485,0.0055000000000000005,0.0,0,1267.892,cloud_dataset_real
3992,1198.925,31.39500000009,0.005166666667000001,0.0,0,1267.994000000198,cloud_dataset_real
3993,1199.225,31.62,0.006,0.0,0,1268.789,cloud_dataset_real
3994,1199.525,31.43999999991,0.005333333333,0.0,0,1268.6929999998022,cloud_dataset_real
3995,1199.825,31.485,0.0055000000000000005,0.0,0,1269.092,cloud_dataset_real
3996,1200.125,31.80000000009,0.006666666666999999,0.0,0,1270.085000000198,cloud_dataset_real
3997,1200.425,31.53000000009,0.005666666667,0.0,0,1269.791000000198,cloud_dataset_real
3998,1200.725,31.43999999991,0.005333333333,0.0,0,1269.892999999802,cloud_dataset_real
3999,1201.025,31.57499999991,0.005833333333,0.0,0,1270.4899999998022,cloud_dataset_real
